sgy_file,split_name,split_ch_start,split_ch_end,folder,segment_index,png_relpath,sample_start,sample_end,start_sec,end_sec,axis_top,axis_bottom,axis_name
RAW_20230719_014658.140.sgy,split_01_ch4000_4405,4000,4405,0000_RAW_20230719_014658.140,0,split_01_ch4000_4405/0000_RAW_20230719_014658.140/seg_000.png,0,2000,0.0,2.0,-1024.2,-610.4,Depth (m)
RAW_20230719_014658.140.sgy,split_01_ch4000_4405,4000,4405,0000_RAW_20230719_014658.140,1,split_01_ch4000_4405/0000_RAW_20230719_014658.140/seg_001.png,1000,3000,1.0,3.0,-1024.2,-610.4,Depth (m)
RAW_20230719_014658.140.sgy,split_01_ch4000_4405,4000,4405,0000_RAW_20230719_014658.140,2,split_01_ch4000_4405/0000_RAW_20230719_014658.140/seg_002.png,2000,4000,2.0,4.0,-1024.2,-610.4,Depth (m)
RAW_20230719_014658.140.sgy,split_01_ch4000_4405,4000,4405,0000_RAW_20230719_014658.140,3,split_01_ch4000_4405/0000_RAW_20230719_014658.140/seg_003.png,3000,5000,3.0,5.0,-1024.2,-610.4,Depth (m)
RAW_20230719_015052.760.sgy,split_01_ch4000_4405,4000,4405,0001_RAW_20230719_015052.760,0,split_01_ch4000_4405/0001_RAW_20230719_015052.760/seg_000.png,0,2000,0.0,2.0,-1024.2,-610.4,Depth (m)
RAW_20230719_015052.760.sgy,split_01_ch4000_4405,4000,4405,0001_RAW_20230719_015052.760,1,split_01_ch4000_4405/0001_RAW_20230719_015052.760/seg_001.png,1000,3000,1.0,3.0,-1024.2,-610.4,Depth (m)
RAW_20230719_015052.760.sgy,split_01_ch4000_4405,4000,4405,0001_RAW_20230719_015052.760,2,split_01_ch4000_4405/0001_RAW_20230719_015052.760/seg_002.png,2000,4000,2.0,4.0,-1024.2,-610.4,Depth (m)
RAW_20230719_015052.760.sgy,split_01_ch4000_4405,4000,4405,0001_RAW_20230719_015052.760,3,split_01_ch4000_4405/0001_RAW_20230719_015052.760/seg_003.png,3000,5000,3.0,5.0,-1024.2,-610.4,Depth (m)
RAW_20230719_015140.420.sgy,split_01_ch4000_4405,4000,4405,0002_RAW_20230719_015140.420,0,split_01_ch4000_4405/0002_RAW_20230719_015140.420/seg_000.png,0,2000,0.0,2.0,-1024.2,-610.4,Depth (m)
RAW_20230719_015140.420.sgy,split_01_ch4000_4405,4000,4405,0002_RAW_20230719_015140.420,1,split_01_ch4000_4405/0002_RAW_20230719_015140.420/seg_001.png,1000,3000,1.0,3.0,-1024.2,-610.4,Depth (m)
RAW_20230719_015140.420.sgy,split_01_ch4000_4405,4000,4405,0002_RAW_20230719_015140.420,2,split_01_ch4000_4405/0002_RAW_20230719_015140.420/seg_002.png,2000,4000,2.0,4.0,-1024.2,-610.4,Depth (m)
RAW_20230719_015140.420.sgy,split_01_ch4000_4405,4000,4405,0002_RAW_20230719_015140.420,3,split_01_ch4000_4405/0002_RAW_20230719_015140.420/seg_003.png,3000,5000,3.0,5.0,-1024.2,-610.4,Depth (m)
RAW_20230719_021049.840.sgy,split_01_ch4000_4405,4000,4405,0003_RAW_20230719_021049.840,0,split_01_ch4000_4405/0003_RAW_20230719_021049.840/seg_000.png,0,2000,0.0,2.0,-1024.2,-610.4,Depth (m)
RAW_20230719_021049.840.sgy,split_01_ch4000_4405,4000,4405,0003_RAW_20230719_021049.840,1,split_01_ch4000_4405/0003_RAW_20230719_021049.840/seg_001.png,1000,3000,1.0,3.0,-1024.2,-610.4,Depth (m)
RAW_20230719_021049.840.sgy,split_01_ch4000_4405,4000,4405,0003_RAW_20230719_021049.840,2,split_01_ch4000_4405/0003_RAW_20230719_021049.840/seg_002.png,2000,4000,2.0,4.0,-1024.2,-610.4,Depth (m)
RAW_20230719_021049.840.sgy,split_01_ch4000_4405,4000,4405,0003_RAW_20230719_021049.840,3,split_01_ch4000_4405/0003_RAW_20230719_021049.840/seg_003.png,3000,5000,3.0,5.0,-1024.2,-610.4,Depth (m)
RAW_20230719_021757.860.sgy,split_01_ch4000_4405,4000,4405,0004_RAW_20230719_021757.860,0,split_01_ch4000_4405/0004_RAW_20230719_021757.860/seg_000.png,0,2000,0.0,2.0,-1024.2,-610.4,Depth (m)
RAW_20230719_021757.860.sgy,split_01_ch4000_4405,4000,4405,0004_RAW_20230719_021757.860,1,split_01_ch4000_4405/0004_RAW_20230719_021757.860/seg_001.png,1000,3000,1.0,3.0,-1024.2,-610.4,Depth (m)
RAW_20230719_021757.860.sgy,split_01_ch4000_4405,4000,4405,0004_RAW_20230719_021757.860,2,split_01_ch4000_4405/0004_RAW_20230719_021757.860/seg_002.png,2000,4000,2.0,4.0,-1024.2,-610.4,Depth (m)
RAW_20230719_021757.860.sgy,split_01_ch4000_4405,4000,4405,0004_RAW_20230719_021757.860,3,split_01_ch4000_4405/0004_RAW_20230719_021757.860/seg_003.png,3000,5000,3.0,5.0,-1024.2,-610.4,Depth (m)
RAW_20230719_022127.800.sgy,split_01_ch4000_4405,4000,4405,0005_RAW_20230719_022127.800,0,split_01_ch4000_4405/0005_RAW_20230719_022127.800/seg_000.png,0,2000,0.0,2.0,-1024.2,-610.4,Depth (m)
RAW_20230719_022127.800.sgy,split_01_ch4000_4405,4000,4405,0005_RAW_20230719_022127.800,1,split_01_ch4000_4405/0005_RAW_20230719_022127.800/seg_001.png,1000,3000,1.0,3.0,-1024.2,-610.4,Depth (m)
RAW_20230719_022127.800.sgy,split_01_ch4000_4405,4000,4405,0005_RAW_20230719_022127.800,2,split_01_ch4000_4405/0005_RAW_20230719_022127.800/seg_002.png,2000,4000,2.0,4.0,-1024.2,-610.4,Depth (m)
RAW_20230719_022127.800.sgy,split_01_ch4000_4405,4000,4405,0005_RAW_20230719_022127.800,3,split_01_ch4000_4405/0005_RAW_20230719_022127.800/seg_003.png,3000,5000,3.0,5.0,-1024.2,-610.4,Depth (m)
RAW_20230719_022252.220.sgy,split_01_ch4000_4405,4000,4405,0006_RAW_20230719_022252.220,0,split_01_ch4000_4405/0006_RAW_20230719_022252.220/seg_000.png,0,2000,0.0,2.0,-1024.2,-610.4,Depth (m)
RAW_20230719_022252.220.sgy,split_01_ch4000_4405,4000,4405,0006_RAW_20230719_022252.220,1,split_01_ch4000_4405/0006_RAW_20230719_022252.220/seg_001.png,1000,3000,1.0,3.0,-1024.2,-610.4,Depth (m)
RAW_20230719_022252.220.sgy,split_01_ch4000_4405,4000,4405,0006_RAW_20230719_022252.220,2,split_01_ch4000_4405/0006_RAW_20230719_022252.220/seg_002.png,2000,4000,2.0,4.0,-1024.2,-610.4,Depth (m)
RAW_20230719_022252.220.sgy,split_01_ch4000_4405,4000,4405,0006_RAW_20230719_022252.220,3,split_01_ch4000_4405/0006_RAW_20230719_022252.220/seg_003.png,3000,5000,3.0,5.0,-1024.2,-610.4,Depth (m)
RAW_20230719_023754.260.sgy,split_01_ch4000_4405,4000,4405,0007_RAW_20230719_023754.260,0,split_01_ch4000_4405/0007_RAW_20230719_023754.260/seg_000.png,0,2000,0.0,2.0,-1024.2,-610.4,Depth (m)
RAW_20230719_023754.260.sgy,split_01_ch4000_4405,4000,4405,0007_RAW_20230719_023754.260,1,split_01_ch4000_4405/0007_RAW_20230719_023754.260/seg_001.png,1000,3000,1.0,3.0,-1024.2,-610.4,Depth (m)
RAW_20230719_023754.260.sgy,split_01_ch4000_4405,4000,4405,0007_RAW_20230719_023754.260,2,split_01_ch4000_4405/0007_RAW_20230719_023754.260/seg_002.png,2000,4000,2.0,4.0,-1024.2,-610.4,Depth (m)
RAW_20230719_023754.260.sgy,split_01_ch4000_4405,4000,4405,0007_RAW_20230719_023754.260,3,split_01_ch4000_4405/0007_RAW_20230719_023754.260/seg_003.png,3000,5000,3.0,5.0,-1024.2,-610.4,Depth (m)
RAW_20230719_025343.140.sgy,split_01_ch4000_4405,4000,4405,0008_RAW_20230719_025343.140,0,split_01_ch4000_4405/0008_RAW_20230719_025343.140/seg_000.png,0,2000,0.0,2.0,-1024.2,-610.4,Depth (m)
RAW_20230719_025343.140.sgy,split_01_ch4000_4405,4000,4405,0008_RAW_20230719_025343.140,1,split_01_ch4000_4405/0008_RAW_20230719_025343.140/seg_001.png,1000,3000,1.0,3.0,-1024.2,-610.4,Depth (m)
RAW_20230719_025343.140.sgy,split_01_ch4000_4405,4000,4405,0008_RAW_20230719_025343.140,2,split_01_ch4000_4405/0008_RAW_20230719_025343.140/seg_002.png,2000,4000,2.0,4.0,-1024.2,-610.4,Depth (m)
RAW_20230719_025343.140.sgy,split_01_ch4000_4405,4000,4405,0008_RAW_20230719_025343.140,3,split_01_ch4000_4405/0008_RAW_20230719_025343.140/seg_003.png,3000,5000,3.0,5.0,-1024.2,-610.4,Depth (m)
RAW_20230719_025648.380.sgy,split_01_ch4000_4405,4000,4405,0009_RAW_20230719_025648.380,0,split_01_ch4000_4405/0009_RAW_20230719_025648.380/seg_000.png,0,2000,0.0,2.0,-1024.2,-610.4,Depth (m)
RAW_20230719_025648.380.sgy,split_01_ch4000_4405,4000,4405,0009_RAW_20230719_025648.380,1,split_01_ch4000_4405/0009_RAW_20230719_025648.380/seg_001.png,1000,3000,1.0,3.0,-1024.2,-610.4,Depth (m)
RAW_20230719_025648.380.sgy,split_01_ch4000_4405,4000,4405,0009_RAW_20230719_025648.380,2,split_01_ch4000_4405/0009_RAW_20230719_025648.380/seg_002.png,2000,4000,2.0,4.0,-1024.2,-610.4,Depth (m)
RAW_20230719_025648.380.sgy,split_01_ch4000_4405,4000,4405,0009_RAW_20230719_025648.380,3,split_01_ch4000_4405/0009_RAW_20230719_025648.380/seg_003.png,3000,5000,3.0,5.0,-1024.2,-610.4,Depth (m)
RAW_20230719_025836.060.sgy,split_01_ch4000_4405,4000,4405,0010_RAW_20230719_025836.060,0,split_01_ch4000_4405/0010_RAW_20230719_025836.060/seg_000.png,0,2000,0.0,2.0,-1024.2,-610.4,Depth (m)
RAW_20230719_025836.060.sgy,split_01_ch4000_4405,4000,4405,0010_RAW_20230719_025836.060,1,split_01_ch4000_4405/0010_RAW_20230719_025836.060/seg_001.png,1000,3000,1.0,3.0,-1024.2,-610.4,Depth (m)
RAW_20230719_025836.060.sgy,split_01_ch4000_4405,4000,4405,0010_RAW_20230719_025836.060,2,split_01_ch4000_4405/0010_RAW_20230719_025836.060/seg_002.png,2000,4000,2.0,4.0,-1024.2,-610.4,Depth (m)
RAW_20230719_025836.060.sgy,split_01_ch4000_4405,4000,4405,0010_RAW_20230719_025836.060,3,split_01_ch4000_4405/0010_RAW_20230719_025836.060/seg_003.png,3000,5000,3.0,5.0,-1024.2,-610.4,Depth (m)
RAW_20230719_025842.080.sgy,split_01_ch4000_4405,4000,4405,0011_RAW_20230719_025842.080,0,split_01_ch4000_4405/0011_RAW_20230719_025842.080/seg_000.png,0,2000,0.0,2.0,-1024.2,-610.4,Depth (m)
RAW_20230719_025842.080.sgy,split_01_ch4000_4405,4000,4405,0011_RAW_20230719_025842.080,1,split_01_ch4000_4405/0011_RAW_20230719_025842.080/seg_001.png,1000,3000,1.0,3.0,-1024.2,-610.4,Depth (m)
RAW_20230719_025842.080.sgy,split_01_ch4000_4405,4000,4405,0011_RAW_20230719_025842.080,2,split_01_ch4000_4405/0011_RAW_20230719_025842.080/seg_002.png,2000,4000,2.0,4.0,-1024.2,-610.4,Depth (m)
RAW_20230719_025842.080.sgy,split_01_ch4000_4405,4000,4405,0011_RAW_20230719_025842.080,3,split_01_ch4000_4405/0011_RAW_20230719_025842.080/seg_003.png,3000,5000,3.0,5.0,-1024.2,-610.4,Depth (m)
RAW_20230719_030249.180.sgy,split_01_ch4000_4405,4000,4405,0012_RAW_20230719_030249.180,0,split_01_ch4000_4405/0012_RAW_20230719_030249.180/seg_000.png,0,2000,0.0,2.0,-1024.2,-610.4,Depth (m)
RAW_20230719_030249.180.sgy,split_01_ch4000_4405,4000,4405,0012_RAW_20230719_030249.180,1,split_01_ch4000_4405/0012_RAW_20230719_030249.180/seg_001.png,1000,3000,1.0,3.0,-1024.2,-610.4,Depth (m)
RAW_20230719_030249.180.sgy,split_01_ch4000_4405,4000,4405,0012_RAW_20230719_030249.180,2,split_01_ch4000_4405/0012_RAW_20230719_030249.180/seg_002.png,2000,4000,2.0,4.0,-1024.2,-610.4,Depth (m)
RAW_20230719_030249.180.sgy,split_01_ch4000_4405,4000,4405,0012_RAW_20230719_030249.180,3,split_01_ch4000_4405/0012_RAW_20230719_030249.180/seg_003.png,3000,5000,3.0,5.0,-1024.2,-610.4,Depth (m)
RAW_20230719_030929.320.sgy,split_01_ch4000_4405,4000,4405,0013_RAW_20230719_030929.320,0,split_01_ch4000_4405/0013_RAW_20230719_030929.320/seg_000.png,0,2000,0.0,2.0,-1024.2,-610.4,Depth (m)
RAW_20230719_030929.320.sgy,split_01_ch4000_4405,4000,4405,0013_RAW_20230719_030929.320,1,split_01_ch4000_4405/0013_RAW_20230719_030929.320/seg_001.png,1000,3000,1.0,3.0,-1024.2,-610.4,Depth (m)
RAW_20230719_030929.320.sgy,split_01_ch4000_4405,4000,4405,0013_RAW_20230719_030929.320,2,split_01_ch4000_4405/0013_RAW_20230719_030929.320/seg_002.png,2000,4000,2.0,4.0,-1024.2,-610.4,Depth (m)
RAW_20230719_030929.320.sgy,split_01_ch4000_4405,4000,4405,0013_RAW_20230719_030929.320,3,split_01_ch4000_4405/0013_RAW_20230719_030929.320/seg_003.png,3000,5000,3.0,5.0,-1024.2,-610.4,Depth (m)
RAW_20230719_030953.040.sgy,split_01_ch4000_4405,4000,4405,0014_RAW_20230719_030953.040,0,split_01_ch4000_4405/0014_RAW_20230719_030953.040/seg_000.png,0,2000,0.0,2.0,-1024.2,-610.4,Depth (m)
RAW_20230719_030953.040.sgy,split_01_ch4000_4405,4000,4405,0014_RAW_20230719_030953.040,1,split_01_ch4000_4405/0014_RAW_20230719_030953.040/seg_001.png,1000,3000,1.0,3.0,-1024.2,-610.4,Depth (m)
RAW_20230719_030953.040.sgy,split_01_ch4000_4405,4000,4405,0014_RAW_20230719_030953.040,2,split_01_ch4000_4405/0014_RAW_20230719_030953.040/seg_002.png,2000,4000,2.0,4.0,-1024.2,-610.4,Depth (m)
RAW_20230719_030953.040.sgy,split_01_ch4000_4405,4000,4405,0014_RAW_20230719_030953.040,3,split_01_ch4000_4405/0014_RAW_20230719_030953.040/seg_003.png,3000,5000,3.0,5.0,-1024.2,-610.4,Depth (m)
RAW_20230719_031236.560.sgy,split_01_ch4000_4405,4000,4405,0015_RAW_20230719_031236.560,0,split_01_ch4000_4405/0015_RAW_20230719_031236.560/seg_000.png,0,2000,0.0,2.0,-1024.2,-610.4,Depth (m)
RAW_20230719_031236.560.sgy,split_01_ch4000_4405,4000,4405,0015_RAW_20230719_031236.560,1,split_01_ch4000_4405/0015_RAW_20230719_031236.560/seg_001.png,1000,3000,1.0,3.0,-1024.2,-610.4,Depth (m)
RAW_20230719_031236.560.sgy,split_01_ch4000_4405,4000,4405,0015_RAW_20230719_031236.560,2,split_01_ch4000_4405/0015_RAW_20230719_031236.560/seg_002.png,2000,4000,2.0,4.0,-1024.2,-610.4,Depth (m)
RAW_20230719_031236.560.sgy,split_01_ch4000_4405,4000,4405,0015_RAW_20230719_031236.560,3,split_01_ch4000_4405/0015_RAW_20230719_031236.560/seg_003.png,3000,5000,3.0,5.0,-1024.2,-610.4,Depth (m)
RAW_20230719_031715.160.sgy,split_01_ch4000_4405,4000,4405,0016_RAW_20230719_031715.160,0,split_01_ch4000_4405/0016_RAW_20230719_031715.160/seg_000.png,0,2000,0.0,2.0,-1024.2,-610.4,Depth (m)
RAW_20230719_031715.160.sgy,split_01_ch4000_4405,4000,4405,0016_RAW_20230719_031715.160,1,split_01_ch4000_4405/0016_RAW_20230719_031715.160/seg_001.png,1000,3000,1.0,3.0,-1024.2,-610.4,Depth (m)
RAW_20230719_031715.160.sgy,split_01_ch4000_4405,4000,4405,0016_RAW_20230719_031715.160,2,split_01_ch4000_4405/0016_RAW_20230719_031715.160/seg_002.png,2000,4000,2.0,4.0,-1024.2,-610.4,Depth (m)
RAW_20230719_031715.160.sgy,split_01_ch4000_4405,4000,4405,0016_RAW_20230719_031715.160,3,split_01_ch4000_4405/0016_RAW_20230719_031715.160/seg_003.png,3000,5000,3.0,5.0,-1024.2,-610.4,Depth (m)
RAW_20230719_031752.460.sgy,split_01_ch4000_4405,4000,4405,0017_RAW_20230719_031752.460,0,split_01_ch4000_4405/0017_RAW_20230719_031752.460/seg_000.png,0,2000,0.0,2.0,-1024.2,-610.4,Depth (m)
RAW_20230719_031752.460.sgy,split_01_ch4000_4405,4000,4405,0017_RAW_20230719_031752.460,1,split_01_ch4000_4405/0017_RAW_20230719_031752.460/seg_001.png,1000,3000,1.0,3.0,-1024.2,-610.4,Depth (m)
RAW_20230719_031752.460.sgy,split_01_ch4000_4405,4000,4405,0017_RAW_20230719_031752.460,2,split_01_ch4000_4405/0017_RAW_20230719_031752.460/seg_002.png,2000,4000,2.0,4.0,-1024.2,-610.4,Depth (m)
RAW_20230719_031752.460.sgy,split_01_ch4000_4405,4000,4405,0017_RAW_20230719_031752.460,3,split_01_ch4000_4405/0017_RAW_20230719_031752.460/seg_003.png,3000,5000,3.0,5.0,-1024.2,-610.4,Depth (m)
RAW_20230719_032930.400.sgy,split_01_ch4000_4405,4000,4405,0018_RAW_20230719_032930.400,0,split_01_ch4000_4405/0018_RAW_20230719_032930.400/seg_000.png,0,2000,0.0,2.0,-1024.2,-610.4,Depth (m)
RAW_20230719_032930.400.sgy,split_01_ch4000_4405,4000,4405,0018_RAW_20230719_032930.400,1,split_01_ch4000_4405/0018_RAW_20230719_032930.400/seg_001.png,1000,3000,1.0,3.0,-1024.2,-610.4,Depth (m)
RAW_20230719_032930.400.sgy,split_01_ch4000_4405,4000,4405,0018_RAW_20230719_032930.400,2,split_01_ch4000_4405/0018_RAW_20230719_032930.400/seg_002.png,2000,4000,2.0,4.0,-1024.2,-610.4,Depth (m)
RAW_20230719_032930.400.sgy,split_01_ch4000_4405,4000,4405,0018_RAW_20230719_032930.400,3,split_01_ch4000_4405/0018_RAW_20230719_032930.400/seg_003.png,3000,5000,3.0,5.0,-1024.2,-610.4,Depth (m)
RAW_20230719_032951.960.sgy,split_01_ch4000_4405,4000,4405,0019_RAW_20230719_032951.960,0,split_01_ch4000_4405/0019_RAW_20230719_032951.960/seg_000.png,0,2000,0.0,2.0,-1024.2,-610.4,Depth (m)
RAW_20230719_032951.960.sgy,split_01_ch4000_4405,4000,4405,0019_RAW_20230719_032951.960,1,split_01_ch4000_4405/0019_RAW_20230719_032951.960/seg_001.png,1000,3000,1.0,3.0,-1024.2,-610.4,Depth (m)
RAW_20230719_032951.960.sgy,split_01_ch4000_4405,4000,4405,0019_RAW_20230719_032951.960,2,split_01_ch4000_4405/0019_RAW_20230719_032951.960/seg_002.png,2000,4000,2.0,4.0,-1024.2,-610.4,Depth (m)
RAW_20230719_032951.960.sgy,split_01_ch4000_4405,4000,4405,0019_RAW_20230719_032951.960,3,split_01_ch4000_4405/0019_RAW_20230719_032951.960/seg_003.png,3000,5000,3.0,5.0,-1024.2,-610.4,Depth (m)
RAW_20230719_034045.220.sgy,split_01_ch4000_4405,4000,4405,0020_RAW_20230719_034045.220,0,split_01_ch4000_4405/0020_RAW_20230719_034045.220/seg_000.png,0,2000,0.0,2.0,-1024.2,-610.4,Depth (m)
RAW_20230719_034045.220.sgy,split_01_ch4000_4405,4000,4405,0020_RAW_20230719_034045.220,1,split_01_ch4000_4405/0020_RAW_20230719_034045.220/seg_001.png,1000,3000,1.0,3.0,-1024.2,-610.4,Depth (m)
RAW_20230719_034045.220.sgy,split_01_ch4000_4405,4000,4405,0020_RAW_20230719_034045.220,2,split_01_ch4000_4405/0020_RAW_20230719_034045.220/seg_002.png,2000,4000,2.0,4.0,-1024.2,-610.4,Depth (m)
RAW_20230719_034045.220.sgy,split_01_ch4000_4405,4000,4405,0020_RAW_20230719_034045.220,3,split_01_ch4000_4405/0020_RAW_20230719_034045.220/seg_003.png,3000,5000,3.0,5.0,-1024.2,-610.4,Depth (m)
RAW_20230719_034908.440.sgy,split_01_ch4000_4405,4000,4405,0021_RAW_20230719_034908.440,0,split_01_ch4000_4405/0021_RAW_20230719_034908.440/seg_000.png,0,2000,0.0,2.0,-1024.2,-610.4,Depth (m)
RAW_20230719_034908.440.sgy,split_01_ch4000_4405,4000,4405,0021_RAW_20230719_034908.440,1,split_01_ch4000_4405/0021_RAW_20230719_034908.440/seg_001.png,1000,3000,1.0,3.0,-1024.2,-610.4,Depth (m)
RAW_20230719_034908.440.sgy,split_01_ch4000_4405,4000,4405,0021_RAW_20230719_034908.440,2,split_01_ch4000_4405/0021_RAW_20230719_034908.440/seg_002.png,2000,4000,2.0,4.0,-1024.2,-610.4,Depth (m)
RAW_20230719_034908.440.sgy,split_01_ch4000_4405,4000,4405,0021_RAW_20230719_034908.440,3,split_01_ch4000_4405/0021_RAW_20230719_034908.440/seg_003.png,3000,5000,3.0,5.0,-1024.2,-610.4,Depth (m)
RAW_20230719_034956.660.sgy,split_01_ch4000_4405,4000,4405,0022_RAW_20230719_034956.660,0,split_01_ch4000_4405/0022_RAW_20230719_034956.660/seg_000.png,0,2000,0.0,2.0,-1024.2,-610.4,Depth (m)
RAW_20230719_034956.660.sgy,split_01_ch4000_4405,4000,4405,0022_RAW_20230719_034956.660,1,split_01_ch4000_4405/0022_RAW_20230719_034956.660/seg_001.png,1000,3000,1.0,3.0,-1024.2,-610.4,Depth (m)
RAW_20230719_034956.660.sgy,split_01_ch4000_4405,4000,4405,0022_RAW_20230719_034956.660,2,split_01_ch4000_4405/0022_RAW_20230719_034956.660/seg_002.png,2000,4000,2.0,4.0,-1024.2,-610.4,Depth (m)
RAW_20230719_034956.660.sgy,split_01_ch4000_4405,4000,4405,0022_RAW_20230719_034956.660,3,split_01_ch4000_4405/0022_RAW_20230719_034956.660/seg_003.png,3000,5000,3.0,5.0,-1024.2,-610.4,Depth (m)
RAW_20230719_035325.460.sgy,split_01_ch4000_4405,4000,4405,0023_RAW_20230719_035325.460,0,split_01_ch4000_4405/0023_RAW_20230719_035325.460/seg_000.png,0,2000,0.0,2.0,-1024.2,-610.4,Depth (m)
RAW_20230719_035325.460.sgy,split_01_ch4000_4405,4000,4405,0023_RAW_20230719_035325.460,1,split_01_ch4000_4405/0023_RAW_20230719_035325.460/seg_001.png,1000,3000,1.0,3.0,-1024.2,-610.4,Depth (m)
RAW_20230719_035325.460.sgy,split_01_ch4000_4405,4000,4405,0023_RAW_20230719_035325.460,2,split_01_ch4000_4405/0023_RAW_20230719_035325.460/seg_002.png,2000,4000,2.0,4.0,-1024.2,-610.4,Depth (m)
RAW_20230719_035325.460.sgy,split_01_ch4000_4405,4000,4405,0023_RAW_20230719_035325.460,3,split_01_ch4000_4405/0023_RAW_20230719_035325.460/seg_003.png,3000,5000,3.0,5.0,-1024.2,-610.4,Depth (m)
RAW_20230719_035436.600.sgy,split_01_ch4000_4405,4000,4405,0024_RAW_20230719_035436.600,0,split_01_ch4000_4405/0024_RAW_20230719_035436.600/seg_000.png,0,2000,0.0,2.0,-1024.2,-610.4,Depth (m)
RAW_20230719_035436.600.sgy,split_01_ch4000_4405,4000,4405,0024_RAW_20230719_035436.600,1,split_01_ch4000_4405/0024_RAW_20230719_035436.600/seg_001.png,1000,3000,1.0,3.0,-1024.2,-610.4,Depth (m)
RAW_20230719_035436.600.sgy,split_01_ch4000_4405,4000,4405,0024_RAW_20230719_035436.600,2,split_01_ch4000_4405/0024_RAW_20230719_035436.600/seg_002.png,2000,4000,2.0,4.0,-1024.2,-610.4,Depth (m)
RAW_20230719_035436.600.sgy,split_01_ch4000_4405,4000,4405,0024_RAW_20230719_035436.600,3,split_01_ch4000_4405/0024_RAW_20230719_035436.600/seg_003.png,3000,5000,3.0,5.0,-1024.2,-610.4,Depth (m)
RAW_20230719_035957.680.sgy,split_01_ch4000_4405,4000,4405,0025_RAW_20230719_035957.680,0,split_01_ch4000_4405/0025_RAW_20230719_035957.680/seg_000.png,0,2000,0.0,2.0,-1024.2,-610.4,Depth (m)
RAW_20230719_035957.680.sgy,split_01_ch4000_4405,4000,4405,0025_RAW_20230719_035957.680,1,split_01_ch4000_4405/0025_RAW_20230719_035957.680/seg_001.png,1000,3000,1.0,3.0,-1024.2,-610.4,Depth (m)
RAW_20230719_035957.680.sgy,split_01_ch4000_4405,4000,4405,0025_RAW_20230719_035957.680,2,split_01_ch4000_4405/0025_RAW_20230719_035957.680/seg_002.png,2000,4000,2.0,4.0,-1024.2,-610.4,Depth (m)
RAW_20230719_035957.680.sgy,split_01_ch4000_4405,4000,4405,0025_RAW_20230719_035957.680,3,split_01_ch4000_4405/0025_RAW_20230719_035957.680/seg_003.png,3000,5000,3.0,5.0,-1024.2,-610.4,Depth (m)
RAW_20230719_040051.760.sgy,split_01_ch4000_4405,4000,4405,0026_RAW_20230719_040051.760,0,split_01_ch4000_4405/0026_RAW_20230719_040051.760/seg_000.png,0,2000,0.0,2.0,-1024.2,-610.4,Depth (m)
RAW_20230719_040051.760.sgy,split_01_ch4000_4405,4000,4405,0026_RAW_20230719_040051.760,1,split_01_ch4000_4405/0026_RAW_20230719_040051.760/seg_001.png,1000,3000,1.0,3.0,-1024.2,-610.4,Depth (m)
RAW_20230719_040051.760.sgy,split_01_ch4000_4405,4000,4405,0026_RAW_20230719_040051.760,2,split_01_ch4000_4405/0026_RAW_20230719_040051.760/seg_002.png,2000,4000,2.0,4.0,-1024.2,-610.4,Depth (m)
RAW_20230719_040051.760.sgy,split_01_ch4000_4405,4000,4405,0026_RAW_20230719_040051.760,3,split_01_ch4000_4405/0026_RAW_20230719_040051.760/seg_003.png,3000,5000,3.0,5.0,-1024.2,-610.4,Depth (m)
RAW_20230719_040055.300.sgy,split_01_ch4000_4405,4000,4405,0027_RAW_20230719_040055.300,0,split_01_ch4000_4405/0027_RAW_20230719_040055.300/seg_000.png,0,2000,0.0,2.0,-1024.2,-610.4,Depth (m)
RAW_20230719_040055.300.sgy,split_01_ch4000_4405,4000,4405,0027_RAW_20230719_040055.300,1,split_01_ch4000_4405/0027_RAW_20230719_040055.300/seg_001.png,1000,3000,1.0,3.0,-1024.2,-610.4,Depth (m)
RAW_20230719_040055.300.sgy,split_01_ch4000_4405,4000,4405,0027_RAW_20230719_040055.300,2,split_01_ch4000_4405/0027_RAW_20230719_040055.300/seg_002.png,2000,4000,2.0,4.0,-1024.2,-610.4,Depth (m)
RAW_20230719_040055.300.sgy,split_01_ch4000_4405,4000,4405,0027_RAW_20230719_040055.300,3,split_01_ch4000_4405/0027_RAW_20230719_040055.300/seg_003.png,3000,5000,3.0,5.0,-1024.2,-610.4,Depth (m)
RAW_20230719_040116.080.sgy,split_01_ch4000_4405,4000,4405,0028_RAW_20230719_040116.080,0,split_01_ch4000_4405/0028_RAW_20230719_040116.080/seg_000.png,0,2000,0.0,2.0,-1024.2,-610.4,Depth (m)
RAW_20230719_040116.080.sgy,split_01_ch4000_4405,4000,4405,0028_RAW_20230719_040116.080,1,split_01_ch4000_4405/0028_RAW_20230719_040116.080/seg_001.png,1000,3000,1.0,3.0,-1024.2,-610.4,Depth (m)
RAW_20230719_040116.080.sgy,split_01_ch4000_4405,4000,4405,0028_RAW_20230719_040116.080,2,split_01_ch4000_4405/0028_RAW_20230719_040116.080/seg_002.png,2000,4000,2.0,4.0,-1024.2,-610.4,Depth (m)
RAW_20230719_040116.080.sgy,split_01_ch4000_4405,4000,4405,0028_RAW_20230719_040116.080,3,split_01_ch4000_4405/0028_RAW_20230719_040116.080/seg_003.png,3000,5000,3.0,5.0,-1024.2,-610.4,Depth (m)
RAW_20230719_040132.780.sgy,split_01_ch4000_4405,4000,4405,0029_RAW_20230719_040132.780,0,split_01_ch4000_4405/0029_RAW_20230719_040132.780/seg_000.png,0,2000,0.0,2.0,-1024.2,-610.4,Depth (m)
RAW_20230719_040132.780.sgy,split_01_ch4000_4405,4000,4405,0029_RAW_20230719_040132.780,1,split_01_ch4000_4405/0029_RAW_20230719_040132.780/seg_001.png,1000,3000,1.0,3.0,-1024.2,-610.4,Depth (m)
RAW_20230719_040132.780.sgy,split_01_ch4000_4405,4000,4405,0029_RAW_20230719_040132.780,2,split_01_ch4000_4405/0029_RAW_20230719_040132.780/seg_002.png,2000,4000,2.0,4.0,-1024.2,-610.4,Depth (m)
RAW_20230719_040132.780.sgy,split_01_ch4000_4405,4000,4405,0029_RAW_20230719_040132.780,3,split_01_ch4000_4405/0029_RAW_20230719_040132.780/seg_003.png,3000,5000,3.0,5.0,-1024.2,-610.4,Depth (m)
RAW_20230719_040153.740.sgy,split_01_ch4000_4405,4000,4405,0030_RAW_20230719_040153.740,0,split_01_ch4000_4405/0030_RAW_20230719_040153.740/seg_000.png,0,2000,0.0,2.0,-1024.2,-610.4,Depth (m)
RAW_20230719_040153.740.sgy,split_01_ch4000_4405,4000,4405,0030_RAW_20230719_040153.740,1,split_01_ch4000_4405/0030_RAW_20230719_040153.740/seg_001.png,1000,3000,1.0,3.0,-1024.2,-610.4,Depth (m)
RAW_20230719_040153.740.sgy,split_01_ch4000_4405,4000,4405,0030_RAW_20230719_040153.740,2,split_01_ch4000_4405/0030_RAW_20230719_040153.740/seg_002.png,2000,4000,2.0,4.0,-1024.2,-610.4,Depth (m)
RAW_20230719_040153.740.sgy,split_01_ch4000_4405,4000,4405,0030_RAW_20230719_040153.740,3,split_01_ch4000_4405/0030_RAW_20230719_040153.740/seg_003.png,3000,5000,3.0,5.0,-1024.2,-610.4,Depth (m)
RAW_20230719_040253.400.sgy,split_01_ch4000_4405,4000,4405,0031_RAW_20230719_040253.400,0,split_01_ch4000_4405/0031_RAW_20230719_040253.400/seg_000.png,0,2000,0.0,2.0,-1024.2,-610.4,Depth (m)
RAW_20230719_040253.400.sgy,split_01_ch4000_4405,4000,4405,0031_RAW_20230719_040253.400,1,split_01_ch4000_4405/0031_RAW_20230719_040253.400/seg_001.png,1000,3000,1.0,3.0,-1024.2,-610.4,Depth (m)
RAW_20230719_040253.400.sgy,split_01_ch4000_4405,4000,4405,0031_RAW_20230719_040253.400,2,split_01_ch4000_4405/0031_RAW_20230719_040253.400/seg_002.png,2000,4000,2.0,4.0,-1024.2,-610.4,Depth (m)
RAW_20230719_040253.400.sgy,split_01_ch4000_4405,4000,4405,0031_RAW_20230719_040253.400,3,split_01_ch4000_4405/0031_RAW_20230719_040253.400/seg_003.png,3000,5000,3.0,5.0,-1024.2,-610.4,Depth (m)
RAW_20230719_040433.560.sgy,split_01_ch4000_4405,4000,4405,0032_RAW_20230719_040433.560,0,split_01_ch4000_4405/0032_RAW_20230719_040433.560/seg_000.png,0,2000,0.0,2.0,-1024.2,-610.4,Depth (m)
RAW_20230719_040433.560.sgy,split_01_ch4000_4405,4000,4405,0032_RAW_20230719_040433.560,1,split_01_ch4000_4405/0032_RAW_20230719_040433.560/seg_001.png,1000,3000,1.0,3.0,-1024.2,-610.4,Depth (m)
RAW_20230719_040433.560.sgy,split_01_ch4000_4405,4000,4405,0032_RAW_20230719_040433.560,2,split_01_ch4000_4405/0032_RAW_20230719_040433.560/seg_002.png,2000,4000,2.0,4.0,-1024.2,-610.4,Depth (m)
RAW_20230719_040433.560.sgy,split_01_ch4000_4405,4000,4405,0032_RAW_20230719_040433.560,3,split_01_ch4000_4405/0032_RAW_20230719_040433.560/seg_003.png,3000,5000,3.0,5.0,-1024.2,-610.4,Depth (m)
RAW_20230719_041155.580.sgy,split_01_ch4000_4405,4000,4405,0033_RAW_20230719_041155.580,0,split_01_ch4000_4405/0033_RAW_20230719_041155.580/seg_000.png,0,2000,0.0,2.0,-1024.2,-610.4,Depth (m)
RAW_20230719_041155.580.sgy,split_01_ch4000_4405,4000,4405,0033_RAW_20230719_041155.580,1,split_01_ch4000_4405/0033_RAW_20230719_041155.580/seg_001.png,1000,3000,1.0,3.0,-1024.2,-610.4,Depth (m)
RAW_20230719_041155.580.sgy,split_01_ch4000_4405,4000,4405,0033_RAW_20230719_041155.580,2,split_01_ch4000_4405/0033_RAW_20230719_041155.580/seg_002.png,2000,4000,2.0,4.0,-1024.2,-610.4,Depth (m)
RAW_20230719_041155.580.sgy,split_01_ch4000_4405,4000,4405,0033_RAW_20230719_041155.580,3,split_01_ch4000_4405/0033_RAW_20230719_041155.580/seg_003.png,3000,5000,3.0,5.0,-1024.2,-610.4,Depth (m)
RAW_20230719_041343.440.sgy,split_01_ch4000_4405,4000,4405,0034_RAW_20230719_041343.440,0,split_01_ch4000_4405/0034_RAW_20230719_041343.440/seg_000.png,0,2000,0.0,2.0,-1024.2,-610.4,Depth (m)
RAW_20230719_041343.440.sgy,split_01_ch4000_4405,4000,4405,0034_RAW_20230719_041343.440,1,split_01_ch4000_4405/0034_RAW_20230719_041343.440/seg_001.png,1000,3000,1.0,3.0,-1024.2,-610.4,Depth (m)
RAW_20230719_041343.440.sgy,split_01_ch4000_4405,4000,4405,0034_RAW_20230719_041343.440,2,split_01_ch4000_4405/0034_RAW_20230719_041343.440/seg_002.png,2000,4000,2.0,4.0,-1024.2,-610.4,Depth (m)
RAW_20230719_041343.440.sgy,split_01_ch4000_4405,4000,4405,0034_RAW_20230719_041343.440,3,split_01_ch4000_4405/0034_RAW_20230719_041343.440/seg_003.png,3000,5000,3.0,5.0,-1024.2,-610.4,Depth (m)
RAW_20230719_041710.280.sgy,split_01_ch4000_4405,4000,4405,0035_RAW_20230719_041710.280,0,split_01_ch4000_4405/0035_RAW_20230719_041710.280/seg_000.png,0,2000,0.0,2.0,-1024.2,-610.4,Depth (m)
RAW_20230719_041710.280.sgy,split_01_ch4000_4405,4000,4405,0035_RAW_20230719_041710.280,1,split_01_ch4000_4405/0035_RAW_20230719_041710.280/seg_001.png,1000,3000,1.0,3.0,-1024.2,-610.4,Depth (m)
RAW_20230719_041710.280.sgy,split_01_ch4000_4405,4000,4405,0035_RAW_20230719_041710.280,2,split_01_ch4000_4405/0035_RAW_20230719_041710.280/seg_002.png,2000,4000,2.0,4.0,-1024.2,-610.4,Depth (m)
RAW_20230719_041710.280.sgy,split_01_ch4000_4405,4000,4405,0035_RAW_20230719_041710.280,3,split_01_ch4000_4405/0035_RAW_20230719_041710.280/seg_003.png,3000,5000,3.0,5.0,-1024.2,-610.4,Depth (m)
RAW_20230719_042002.020.sgy,split_01_ch4000_4405,4000,4405,0036_RAW_20230719_042002.020,0,split_01_ch4000_4405/0036_RAW_20230719_042002.020/seg_000.png,0,2000,0.0,2.0,-1024.2,-610.4,Depth (m)
RAW_20230719_042002.020.sgy,split_01_ch4000_4405,4000,4405,0036_RAW_20230719_042002.020,1,split_01_ch4000_4405/0036_RAW_20230719_042002.020/seg_001.png,1000,3000,1.0,3.0,-1024.2,-610.4,Depth (m)
RAW_20230719_042002.020.sgy,split_01_ch4000_4405,4000,4405,0036_RAW_20230719_042002.020,2,split_01_ch4000_4405/0036_RAW_20230719_042002.020/seg_002.png,2000,4000,2.0,4.0,-1024.2,-610.4,Depth (m)
RAW_20230719_042002.020.sgy,split_01_ch4000_4405,4000,4405,0036_RAW_20230719_042002.020,3,split_01_ch4000_4405/0036_RAW_20230719_042002.020/seg_003.png,3000,5000,3.0,5.0,-1024.2,-610.4,Depth (m)
RAW_20230719_042006.560.sgy,split_01_ch4000_4405,4000,4405,0037_RAW_20230719_042006.560,0,split_01_ch4000_4405/0037_RAW_20230719_042006.560/seg_000.png,0,2000,0.0,2.0,-1024.2,-610.4,Depth (m)
RAW_20230719_042006.560.sgy,split_01_ch4000_4405,4000,4405,0037_RAW_20230719_042006.560,1,split_01_ch4000_4405/0037_RAW_20230719_042006.560/seg_001.png,1000,3000,1.0,3.0,-1024.2,-610.4,Depth (m)
RAW_20230719_042006.560.sgy,split_01_ch4000_4405,4000,4405,0037_RAW_20230719_042006.560,2,split_01_ch4000_4405/0037_RAW_20230719_042006.560/seg_002.png,2000,4000,2.0,4.0,-1024.2,-610.4,Depth (m)
RAW_20230719_042006.560.sgy,split_01_ch4000_4405,4000,4405,0037_RAW_20230719_042006.560,3,split_01_ch4000_4405/0037_RAW_20230719_042006.560/seg_003.png,3000,5000,3.0,5.0,-1024.2,-610.4,Depth (m)
RAW_20230719_043103.860.sgy,split_01_ch4000_4405,4000,4405,0038_RAW_20230719_043103.860,0,split_01_ch4000_4405/0038_RAW_20230719_043103.860/seg_000.png,0,2000,0.0,2.0,-1024.2,-610.4,Depth (m)
RAW_20230719_043103.860.sgy,split_01_ch4000_4405,4000,4405,0038_RAW_20230719_043103.860,1,split_01_ch4000_4405/0038_RAW_20230719_043103.860/seg_001.png,1000,3000,1.0,3.0,-1024.2,-610.4,Depth (m)
RAW_20230719_043103.860.sgy,split_01_ch4000_4405,4000,4405,0038_RAW_20230719_043103.860,2,split_01_ch4000_4405/0038_RAW_20230719_043103.860/seg_002.png,2000,4000,2.0,4.0,-1024.2,-610.4,Depth (m)
RAW_20230719_043103.860.sgy,split_01_ch4000_4405,4000,4405,0038_RAW_20230719_043103.860,3,split_01_ch4000_4405/0038_RAW_20230719_043103.860/seg_003.png,3000,5000,3.0,5.0,-1024.2,-610.4,Depth (m)
RAW_20230719_043105.320.sgy,split_01_ch4000_4405,4000,4405,0039_RAW_20230719_043105.320,0,split_01_ch4000_4405/0039_RAW_20230719_043105.320/seg_000.png,0,2000,0.0,2.0,-1024.2,-610.4,Depth (m)
RAW_20230719_043105.320.sgy,split_01_ch4000_4405,4000,4405,0039_RAW_20230719_043105.320,1,split_01_ch4000_4405/0039_RAW_20230719_043105.320/seg_001.png,1000,3000,1.0,3.0,-1024.2,-610.4,Depth (m)
RAW_20230719_043105.320.sgy,split_01_ch4000_4405,4000,4405,0039_RAW_20230719_043105.320,2,split_01_ch4000_4405/0039_RAW_20230719_043105.320/seg_002.png,2000,4000,2.0,4.0,-1024.2,-610.4,Depth (m)
RAW_20230719_043105.320.sgy,split_01_ch4000_4405,4000,4405,0039_RAW_20230719_043105.320,3,split_01_ch4000_4405/0039_RAW_20230719_043105.320/seg_003.png,3000,5000,3.0,5.0,-1024.2,-610.4,Depth (m)
RAW_20230719_043406.020.sgy,split_01_ch4000_4405,4000,4405,0040_RAW_20230719_043406.020,0,split_01_ch4000_4405/0040_RAW_20230719_043406.020/seg_000.png,0,2000,0.0,2.0,-1024.2,-610.4,Depth (m)
RAW_20230719_043406.020.sgy,split_01_ch4000_4405,4000,4405,0040_RAW_20230719_043406.020,1,split_01_ch4000_4405/0040_RAW_20230719_043406.020/seg_001.png,1000,3000,1.0,3.0,-1024.2,-610.4,Depth (m)
RAW_20230719_043406.020.sgy,split_01_ch4000_4405,4000,4405,0040_RAW_20230719_043406.020,2,split_01_ch4000_4405/0040_RAW_20230719_043406.020/seg_002.png,2000,4000,2.0,4.0,-1024.2,-610.4,Depth (m)
RAW_20230719_043406.020.sgy,split_01_ch4000_4405,4000,4405,0040_RAW_20230719_043406.020,3,split_01_ch4000_4405/0040_RAW_20230719_043406.020/seg_003.png,3000,5000,3.0,5.0,-1024.2,-610.4,Depth (m)
RAW_20230719_044426.140.sgy,split_01_ch4000_4405,4000,4405,0041_RAW_20230719_044426.140,0,split_01_ch4000_4405/0041_RAW_20230719_044426.140/seg_000.png,0,2000,0.0,2.0,-1024.2,-610.4,Depth (m)
RAW_20230719_044426.140.sgy,split_01_ch4000_4405,4000,4405,0041_RAW_20230719_044426.140,1,split_01_ch4000_4405/0041_RAW_20230719_044426.140/seg_001.png,1000,3000,1.0,3.0,-1024.2,-610.4,Depth (m)
RAW_20230719_044426.140.sgy,split_01_ch4000_4405,4000,4405,0041_RAW_20230719_044426.140,2,split_01_ch4000_4405/0041_RAW_20230719_044426.140/seg_002.png,2000,4000,2.0,4.0,-1024.2,-610.4,Depth (m)
RAW_20230719_044426.140.sgy,split_01_ch4000_4405,4000,4405,0041_RAW_20230719_044426.140,3,split_01_ch4000_4405/0041_RAW_20230719_044426.140/seg_003.png,3000,5000,3.0,5.0,-1024.2,-610.4,Depth (m)
RAW_20230719_044547.400.sgy,split_01_ch4000_4405,4000,4405,0042_RAW_20230719_044547.400,0,split_01_ch4000_4405/0042_RAW_20230719_044547.400/seg_000.png,0,2000,0.0,2.0,-1024.2,-610.4,Depth (m)
RAW_20230719_044547.400.sgy,split_01_ch4000_4405,4000,4405,0042_RAW_20230719_044547.400,1,split_01_ch4000_4405/0042_RAW_20230719_044547.400/seg_001.png,1000,3000,1.0,3.0,-1024.2,-610.4,Depth (m)
RAW_20230719_044547.400.sgy,split_01_ch4000_4405,4000,4405,0042_RAW_20230719_044547.400,2,split_01_ch4000_4405/0042_RAW_20230719_044547.400/seg_002.png,2000,4000,2.0,4.0,-1024.2,-610.4,Depth (m)
RAW_20230719_044547.400.sgy,split_01_ch4000_4405,4000,4405,0042_RAW_20230719_044547.400,3,split_01_ch4000_4405/0042_RAW_20230719_044547.400/seg_003.png,3000,5000,3.0,5.0,-1024.2,-610.4,Depth (m)
RAW_20230719_050147.540.sgy,split_01_ch4000_4405,4000,4405,0043_RAW_20230719_050147.540,0,split_01_ch4000_4405/0043_RAW_20230719_050147.540/seg_000.png,0,2000,0.0,2.0,-1024.2,-610.4,Depth (m)
RAW_20230719_050147.540.sgy,split_01_ch4000_4405,4000,4405,0043_RAW_20230719_050147.540,1,split_01_ch4000_4405/0043_RAW_20230719_050147.540/seg_001.png,1000,3000,1.0,3.0,-1024.2,-610.4,Depth (m)
RAW_20230719_050147.540.sgy,split_01_ch4000_4405,4000,4405,0043_RAW_20230719_050147.540,2,split_01_ch4000_4405/0043_RAW_20230719_050147.540/seg_002.png,2000,4000,2.0,4.0,-1024.2,-610.4,Depth (m)
RAW_20230719_050147.540.sgy,split_01_ch4000_4405,4000,4405,0043_RAW_20230719_050147.540,3,split_01_ch4000_4405/0043_RAW_20230719_050147.540/seg_003.png,3000,5000,3.0,5.0,-1024.2,-610.4,Depth (m)
RAW_20230719_051004.980.sgy,split_01_ch4000_4405,4000,4405,0044_RAW_20230719_051004.980,0,split_01_ch4000_4405/0044_RAW_20230719_051004.980/seg_000.png,0,2000,0.0,2.0,-1024.2,-610.4,Depth (m)
RAW_20230719_051004.980.sgy,split_01_ch4000_4405,4000,4405,0044_RAW_20230719_051004.980,1,split_01_ch4000_4405/0044_RAW_20230719_051004.980/seg_001.png,1000,3000,1.0,3.0,-1024.2,-610.4,Depth (m)
RAW_20230719_051004.980.sgy,split_01_ch4000_4405,4000,4405,0044_RAW_20230719_051004.980,2,split_01_ch4000_4405/0044_RAW_20230719_051004.980/seg_002.png,2000,4000,2.0,4.0,-1024.2,-610.4,Depth (m)
RAW_20230719_051004.980.sgy,split_01_ch4000_4405,4000,4405,0044_RAW_20230719_051004.980,3,split_01_ch4000_4405/0044_RAW_20230719_051004.980/seg_003.png,3000,5000,3.0,5.0,-1024.2,-610.4,Depth (m)
RAW_20230719_051543.780.sgy,split_01_ch4000_4405,4000,4405,0045_RAW_20230719_051543.780,0,split_01_ch4000_4405/0045_RAW_20230719_051543.780/seg_000.png,0,2000,0.0,2.0,-1024.2,-610.4,Depth (m)
RAW_20230719_051543.780.sgy,split_01_ch4000_4405,4000,4405,0045_RAW_20230719_051543.780,1,split_01_ch4000_4405/0045_RAW_20230719_051543.780/seg_001.png,1000,3000,1.0,3.0,-1024.2,-610.4,Depth (m)
RAW_20230719_051543.780.sgy,split_01_ch4000_4405,4000,4405,0045_RAW_20230719_051543.780,2,split_01_ch4000_4405/0045_RAW_20230719_051543.780/seg_002.png,2000,4000,2.0,4.0,-1024.2,-610.4,Depth (m)
RAW_20230719_051543.780.sgy,split_01_ch4000_4405,4000,4405,0045_RAW_20230719_051543.780,3,split_01_ch4000_4405/0045_RAW_20230719_051543.780/seg_003.png,3000,5000,3.0,5.0,-1024.2,-610.4,Depth (m)
RAW_20230719_051730.040.sgy,split_01_ch4000_4405,4000,4405,0046_RAW_20230719_051730.040,0,split_01_ch4000_4405/0046_RAW_20230719_051730.040/seg_000.png,0,2000,0.0,2.0,-1024.2,-610.4,Depth (m)
RAW_20230719_051730.040.sgy,split_01_ch4000_4405,4000,4405,0046_RAW_20230719_051730.040,1,split_01_ch4000_4405/0046_RAW_20230719_051730.040/seg_001.png,1000,3000,1.0,3.0,-1024.2,-610.4,Depth (m)
RAW_20230719_051730.040.sgy,split_01_ch4000_4405,4000,4405,0046_RAW_20230719_051730.040,2,split_01_ch4000_4405/0046_RAW_20230719_051730.040/seg_002.png,2000,4000,2.0,4.0,-1024.2,-610.4,Depth (m)
RAW_20230719_051730.040.sgy,split_01_ch4000_4405,4000,4405,0046_RAW_20230719_051730.040,3,split_01_ch4000_4405/0046_RAW_20230719_051730.040/seg_003.png,3000,5000,3.0,5.0,-1024.2,-610.4,Depth (m)
RAW_20230719_052359.820.sgy,split_01_ch4000_4405,4000,4405,0047_RAW_20230719_052359.820,0,split_01_ch4000_4405/0047_RAW_20230719_052359.820/seg_000.png,0,2000,0.0,2.0,-1024.2,-610.4,Depth (m)
RAW_20230719_052359.820.sgy,split_01_ch4000_4405,4000,4405,0047_RAW_20230719_052359.820,1,split_01_ch4000_4405/0047_RAW_20230719_052359.820/seg_001.png,1000,3000,1.0,3.0,-1024.2,-610.4,Depth (m)
RAW_20230719_052359.820.sgy,split_01_ch4000_4405,4000,4405,0047_RAW_20230719_052359.820,2,split_01_ch4000_4405/0047_RAW_20230719_052359.820/seg_002.png,2000,4000,2.0,4.0,-1024.2,-610.4,Depth (m)
RAW_20230719_052359.820.sgy,split_01_ch4000_4405,4000,4405,0047_RAW_20230719_052359.820,3,split_01_ch4000_4405/0047_RAW_20230719_052359.820/seg_003.png,3000,5000,3.0,5.0,-1024.2,-610.4,Depth (m)
RAW_20230719_054509.880.sgy,split_01_ch4000_4405,4000,4405,0048_RAW_20230719_054509.880,0,split_01_ch4000_4405/0048_RAW_20230719_054509.880/seg_000.png,0,2000,0.0,2.0,-1024.2,-610.4,Depth (m)
RAW_20230719_054509.880.sgy,split_01_ch4000_4405,4000,4405,0048_RAW_20230719_054509.880,1,split_01_ch4000_4405/0048_RAW_20230719_054509.880/seg_001.png,1000,3000,1.0,3.0,-1024.2,-610.4,Depth (m)
RAW_20230719_054509.880.sgy,split_01_ch4000_4405,4000,4405,0048_RAW_20230719_054509.880,2,split_01_ch4000_4405/0048_RAW_20230719_054509.880/seg_002.png,2000,4000,2.0,4.0,-1024.2,-610.4,Depth (m)
RAW_20230719_054509.880.sgy,split_01_ch4000_4405,4000,4405,0048_RAW_20230719_054509.880,3,split_01_ch4000_4405/0048_RAW_20230719_054509.880/seg_003.png,3000,5000,3.0,5.0,-1024.2,-610.4,Depth (m)
RAW_20230719_055455.600.sgy,split_01_ch4000_4405,4000,4405,0049_RAW_20230719_055455.600,0,split_01_ch4000_4405/0049_RAW_20230719_055455.600/seg_000.png,0,2000,0.0,2.0,-1024.2,-610.4,Depth (m)
RAW_20230719_055455.600.sgy,split_01_ch4000_4405,4000,4405,0049_RAW_20230719_055455.600,1,split_01_ch4000_4405/0049_RAW_20230719_055455.600/seg_001.png,1000,3000,1.0,3.0,-1024.2,-610.4,Depth (m)
RAW_20230719_055455.600.sgy,split_01_ch4000_4405,4000,4405,0049_RAW_20230719_055455.600,2,split_01_ch4000_4405/0049_RAW_20230719_055455.600/seg_002.png,2000,4000,2.0,4.0,-1024.2,-610.4,Depth (m)
RAW_20230719_055455.600.sgy,split_01_ch4000_4405,4000,4405,0049_RAW_20230719_055455.600,3,split_01_ch4000_4405/0049_RAW_20230719_055455.600/seg_003.png,3000,5000,3.0,5.0,-1024.2,-610.4,Depth (m)
RAW_20230719_055501.740.sgy,split_01_ch4000_4405,4000,4405,0050_RAW_20230719_055501.740,0,split_01_ch4000_4405/0050_RAW_20230719_055501.740/seg_000.png,0,2000,0.0,2.0,-1024.2,-610.4,Depth (m)
RAW_20230719_055501.740.sgy,split_01_ch4000_4405,4000,4405,0050_RAW_20230719_055501.740,1,split_01_ch4000_4405/0050_RAW_20230719_055501.740/seg_001.png,1000,3000,1.0,3.0,-1024.2,-610.4,Depth (m)
RAW_20230719_055501.740.sgy,split_01_ch4000_4405,4000,4405,0050_RAW_20230719_055501.740,2,split_01_ch4000_4405/0050_RAW_20230719_055501.740/seg_002.png,2000,4000,2.0,4.0,-1024.2,-610.4,Depth (m)
RAW_20230719_055501.740.sgy,split_01_ch4000_4405,4000,4405,0050_RAW_20230719_055501.740,3,split_01_ch4000_4405/0050_RAW_20230719_055501.740/seg_003.png,3000,5000,3.0,5.0,-1024.2,-610.4,Depth (m)
RAW_20230719_055911.380.sgy,split_01_ch4000_4405,4000,4405,0051_RAW_20230719_055911.380,0,split_01_ch4000_4405/0051_RAW_20230719_055911.380/seg_000.png,0,2000,0.0,2.0,-1024.2,-610.4,Depth (m)
RAW_20230719_055911.380.sgy,split_01_ch4000_4405,4000,4405,0051_RAW_20230719_055911.380,1,split_01_ch4000_4405/0051_RAW_20230719_055911.380/seg_001.png,1000,3000,1.0,3.0,-1024.2,-610.4,Depth (m)
RAW_20230719_055911.380.sgy,split_01_ch4000_4405,4000,4405,0051_RAW_20230719_055911.380,2,split_01_ch4000_4405/0051_RAW_20230719_055911.380/seg_002.png,2000,4000,2.0,4.0,-1024.2,-610.4,Depth (m)
RAW_20230719_055911.380.sgy,split_01_ch4000_4405,4000,4405,0051_RAW_20230719_055911.380,3,split_01_ch4000_4405/0051_RAW_20230719_055911.380/seg_003.png,3000,5000,3.0,5.0,-1024.2,-610.4,Depth (m)
RAW_20230719_060005.780.sgy,split_01_ch4000_4405,4000,4405,0052_RAW_20230719_060005.780,0,split_01_ch4000_4405/0052_RAW_20230719_060005.780/seg_000.png,0,2000,0.0,2.0,-1024.2,-610.4,Depth (m)
RAW_20230719_060005.780.sgy,split_01_ch4000_4405,4000,4405,0052_RAW_20230719_060005.780,1,split_01_ch4000_4405/0052_RAW_20230719_060005.780/seg_001.png,1000,3000,1.0,3.0,-1024.2,-610.4,Depth (m)
RAW_20230719_060005.780.sgy,split_01_ch4000_4405,4000,4405,0052_RAW_20230719_060005.780,2,split_01_ch4000_4405/0052_RAW_20230719_060005.780/seg_002.png,2000,4000,2.0,4.0,-1024.2,-610.4,Depth (m)
RAW_20230719_060005.780.sgy,split_01_ch4000_4405,4000,4405,0052_RAW_20230719_060005.780,3,split_01_ch4000_4405/0052_RAW_20230719_060005.780/seg_003.png,3000,5000,3.0,5.0,-1024.2,-610.4,Depth (m)
RAW_20230719_060022.840.sgy,split_01_ch4000_4405,4000,4405,0053_RAW_20230719_060022.840,0,split_01_ch4000_4405/0053_RAW_20230719_060022.840/seg_000.png,0,2000,0.0,2.0,-1024.2,-610.4,Depth (m)
RAW_20230719_060022.840.sgy,split_01_ch4000_4405,4000,4405,0053_RAW_20230719_060022.840,1,split_01_ch4000_4405/0053_RAW_20230719_060022.840/seg_001.png,1000,3000,1.0,3.0,-1024.2,-610.4,Depth (m)
RAW_20230719_060022.840.sgy,split_01_ch4000_4405,4000,4405,0053_RAW_20230719_060022.840,2,split_01_ch4000_4405/0053_RAW_20230719_060022.840/seg_002.png,2000,4000,2.0,4.0,-1024.2,-610.4,Depth (m)
RAW_20230719_060022.840.sgy,split_01_ch4000_4405,4000,4405,0053_RAW_20230719_060022.840,3,split_01_ch4000_4405/0053_RAW_20230719_060022.840/seg_003.png,3000,5000,3.0,5.0,-1024.2,-610.4,Depth (m)
RAW_20230719_060125.060.sgy,split_01_ch4000_4405,4000,4405,0054_RAW_20230719_060125.060,0,split_01_ch4000_4405/0054_RAW_20230719_060125.060/seg_000.png,0,2000,0.0,2.0,-1024.2,-610.4,Depth (m)
RAW_20230719_060125.060.sgy,split_01_ch4000_4405,4000,4405,0054_RAW_20230719_060125.060,1,split_01_ch4000_4405/0054_RAW_20230719_060125.060/seg_001.png,1000,3000,1.0,3.0,-1024.2,-610.4,Depth (m)
RAW_20230719_060125.060.sgy,split_01_ch4000_4405,4000,4405,0054_RAW_20230719_060125.060,2,split_01_ch4000_4405/0054_RAW_20230719_060125.060/seg_002.png,2000,4000,2.0,4.0,-1024.2,-610.4,Depth (m)
RAW_20230719_060125.060.sgy,split_01_ch4000_4405,4000,4405,0054_RAW_20230719_060125.060,3,split_01_ch4000_4405/0054_RAW_20230719_060125.060/seg_003.png,3000,5000,3.0,5.0,-1024.2,-610.4,Depth (m)
RAW_20230719_061531.020.sgy,split_01_ch4000_4405,4000,4405,0055_RAW_20230719_061531.020,0,split_01_ch4000_4405/0055_RAW_20230719_061531.020/seg_000.png,0,2000,0.0,2.0,-1024.2,-610.4,Depth (m)
RAW_20230719_061531.020.sgy,split_01_ch4000_4405,4000,4405,0055_RAW_20230719_061531.020,1,split_01_ch4000_4405/0055_RAW_20230719_061531.020/seg_001.png,1000,3000,1.0,3.0,-1024.2,-610.4,Depth (m)
RAW_20230719_061531.020.sgy,split_01_ch4000_4405,4000,4405,0055_RAW_20230719_061531.020,2,split_01_ch4000_4405/0055_RAW_20230719_061531.020/seg_002.png,2000,4000,2.0,4.0,-1024.2,-610.4,Depth (m)
RAW_20230719_061531.020.sgy,split_01_ch4000_4405,4000,4405,0055_RAW_20230719_061531.020,3,split_01_ch4000_4405/0055_RAW_20230719_061531.020/seg_003.png,3000,5000,3.0,5.0,-1024.2,-610.4,Depth (m)
RAW_20230719_062035.920.sgy,split_01_ch4000_4405,4000,4405,0056_RAW_20230719_062035.920,0,split_01_ch4000_4405/0056_RAW_20230719_062035.920/seg_000.png,0,2000,0.0,2.0,-1024.2,-610.4,Depth (m)
RAW_20230719_062035.920.sgy,split_01_ch4000_4405,4000,4405,0056_RAW_20230719_062035.920,1,split_01_ch4000_4405/0056_RAW_20230719_062035.920/seg_001.png,1000,3000,1.0,3.0,-1024.2,-610.4,Depth (m)
RAW_20230719_062035.920.sgy,split_01_ch4000_4405,4000,4405,0056_RAW_20230719_062035.920,2,split_01_ch4000_4405/0056_RAW_20230719_062035.920/seg_002.png,2000,4000,2.0,4.0,-1024.2,-610.4,Depth (m)
RAW_20230719_062035.920.sgy,split_01_ch4000_4405,4000,4405,0056_RAW_20230719_062035.920,3,split_01_ch4000_4405/0056_RAW_20230719_062035.920/seg_003.png,3000,5000,3.0,5.0,-1024.2,-610.4,Depth (m)
RAW_20230719_062247.120.sgy,split_01_ch4000_4405,4000,4405,0057_RAW_20230719_062247.120,0,split_01_ch4000_4405/0057_RAW_20230719_062247.120/seg_000.png,0,2000,0.0,2.0,-1024.2,-610.4,Depth (m)
RAW_20230719_062247.120.sgy,split_01_ch4000_4405,4000,4405,0057_RAW_20230719_062247.120,1,split_01_ch4000_4405/0057_RAW_20230719_062247.120/seg_001.png,1000,3000,1.0,3.0,-1024.2,-610.4,Depth (m)
RAW_20230719_062247.120.sgy,split_01_ch4000_4405,4000,4405,0057_RAW_20230719_062247.120,2,split_01_ch4000_4405/0057_RAW_20230719_062247.120/seg_002.png,2000,4000,2.0,4.0,-1024.2,-610.4,Depth (m)
RAW_20230719_062247.120.sgy,split_01_ch4000_4405,4000,4405,0057_RAW_20230719_062247.120,3,split_01_ch4000_4405/0057_RAW_20230719_062247.120/seg_003.png,3000,5000,3.0,5.0,-1024.2,-610.4,Depth (m)
RAW_20230719_064141.680.sgy,split_01_ch4000_4405,4000,4405,0058_RAW_20230719_064141.680,0,split_01_ch4000_4405/0058_RAW_20230719_064141.680/seg_000.png,0,2000,0.0,2.0,-1024.2,-610.4,Depth (m)
RAW_20230719_064141.680.sgy,split_01_ch4000_4405,4000,4405,0058_RAW_20230719_064141.680,1,split_01_ch4000_4405/0058_RAW_20230719_064141.680/seg_001.png,1000,3000,1.0,3.0,-1024.2,-610.4,Depth (m)
RAW_20230719_064141.680.sgy,split_01_ch4000_4405,4000,4405,0058_RAW_20230719_064141.680,2,split_01_ch4000_4405/0058_RAW_20230719_064141.680/seg_002.png,2000,4000,2.0,4.0,-1024.2,-610.4,Depth (m)
RAW_20230719_064141.680.sgy,split_01_ch4000_4405,4000,4405,0058_RAW_20230719_064141.680,3,split_01_ch4000_4405/0058_RAW_20230719_064141.680/seg_003.png,3000,5000,3.0,5.0,-1024.2,-610.4,Depth (m)
RAW_20230719_064205.660.sgy,split_01_ch4000_4405,4000,4405,0059_RAW_20230719_064205.660,0,split_01_ch4000_4405/0059_RAW_20230719_064205.660/seg_000.png,0,2000,0.0,2.0,-1024.2,-610.4,Depth (m)
RAW_20230719_064205.660.sgy,split_01_ch4000_4405,4000,4405,0059_RAW_20230719_064205.660,1,split_01_ch4000_4405/0059_RAW_20230719_064205.660/seg_001.png,1000,3000,1.0,3.0,-1024.2,-610.4,Depth (m)
RAW_20230719_064205.660.sgy,split_01_ch4000_4405,4000,4405,0059_RAW_20230719_064205.660,2,split_01_ch4000_4405/0059_RAW_20230719_064205.660/seg_002.png,2000,4000,2.0,4.0,-1024.2,-610.4,Depth (m)
RAW_20230719_064205.660.sgy,split_01_ch4000_4405,4000,4405,0059_RAW_20230719_064205.660,3,split_01_ch4000_4405/0059_RAW_20230719_064205.660/seg_003.png,3000,5000,3.0,5.0,-1024.2,-610.4,Depth (m)
RAW_20230719_064501.860.sgy,split_01_ch4000_4405,4000,4405,0060_RAW_20230719_064501.860,0,split_01_ch4000_4405/0060_RAW_20230719_064501.860/seg_000.png,0,2000,0.0,2.0,-1024.2,-610.4,Depth (m)
RAW_20230719_064501.860.sgy,split_01_ch4000_4405,4000,4405,0060_RAW_20230719_064501.860,1,split_01_ch4000_4405/0060_RAW_20230719_064501.860/seg_001.png,1000,3000,1.0,3.0,-1024.2,-610.4,Depth (m)
RAW_20230719_064501.860.sgy,split_01_ch4000_4405,4000,4405,0060_RAW_20230719_064501.860,2,split_01_ch4000_4405/0060_RAW_20230719_064501.860/seg_002.png,2000,4000,2.0,4.0,-1024.2,-610.4,Depth (m)
RAW_20230719_064501.860.sgy,split_01_ch4000_4405,4000,4405,0060_RAW_20230719_064501.860,3,split_01_ch4000_4405/0060_RAW_20230719_064501.860/seg_003.png,3000,5000,3.0,5.0,-1024.2,-610.4,Depth (m)
RAW_20230719_064853.660.sgy,split_01_ch4000_4405,4000,4405,0061_RAW_20230719_064853.660,0,split_01_ch4000_4405/0061_RAW_20230719_064853.660/seg_000.png,0,2000,0.0,2.0,-1024.2,-610.4,Depth (m)
RAW_20230719_064853.660.sgy,split_01_ch4000_4405,4000,4405,0061_RAW_20230719_064853.660,1,split_01_ch4000_4405/0061_RAW_20230719_064853.660/seg_001.png,1000,3000,1.0,3.0,-1024.2,-610.4,Depth (m)
RAW_20230719_064853.660.sgy,split_01_ch4000_4405,4000,4405,0061_RAW_20230719_064853.660,2,split_01_ch4000_4405/0061_RAW_20230719_064853.660/seg_002.png,2000,4000,2.0,4.0,-1024.2,-610.4,Depth (m)
RAW_20230719_064853.660.sgy,split_01_ch4000_4405,4000,4405,0061_RAW_20230719_064853.660,3,split_01_ch4000_4405/0061_RAW_20230719_064853.660/seg_003.png,3000,5000,3.0,5.0,-1024.2,-610.4,Depth (m)
RAW_20230719_065306.860.sgy,split_01_ch4000_4405,4000,4405,0062_RAW_20230719_065306.860,0,split_01_ch4000_4405/0062_RAW_20230719_065306.860/seg_000.png,0,2000,0.0,2.0,-1024.2,-610.4,Depth (m)
RAW_20230719_065306.860.sgy,split_01_ch4000_4405,4000,4405,0062_RAW_20230719_065306.860,1,split_01_ch4000_4405/0062_RAW_20230719_065306.860/seg_001.png,1000,3000,1.0,3.0,-1024.2,-610.4,Depth (m)
RAW_20230719_065306.860.sgy,split_01_ch4000_4405,4000,4405,0062_RAW_20230719_065306.860,2,split_01_ch4000_4405/0062_RAW_20230719_065306.860/seg_002.png,2000,4000,2.0,4.0,-1024.2,-610.4,Depth (m)
RAW_20230719_065306.860.sgy,split_01_ch4000_4405,4000,4405,0062_RAW_20230719_065306.860,3,split_01_ch4000_4405/0062_RAW_20230719_065306.860/seg_003.png,3000,5000,3.0,5.0,-1024.2,-610.4,Depth (m)
RAW_20230719_065523.560.sgy,split_01_ch4000_4405,4000,4405,0063_RAW_20230719_065523.560,0,split_01_ch4000_4405/0063_RAW_20230719_065523.560/seg_000.png,0,2000,0.0,2.0,-1024.2,-610.4,Depth (m)
RAW_20230719_065523.560.sgy,split_01_ch4000_4405,4000,4405,0063_RAW_20230719_065523.560,1,split_01_ch4000_4405/0063_RAW_20230719_065523.560/seg_001.png,1000,3000,1.0,3.0,-1024.2,-610.4,Depth (m)
RAW_20230719_065523.560.sgy,split_01_ch4000_4405,4000,4405,0063_RAW_20230719_065523.560,2,split_01_ch4000_4405/0063_RAW_20230719_065523.560/seg_002.png,2000,4000,2.0,4.0,-1024.2,-610.4,Depth (m)
RAW_20230719_065523.560.sgy,split_01_ch4000_4405,4000,4405,0063_RAW_20230719_065523.560,3,split_01_ch4000_4405/0063_RAW_20230719_065523.560/seg_003.png,3000,5000,3.0,5.0,-1024.2,-610.4,Depth (m)
RAW_20230719_065900.780.sgy,split_01_ch4000_4405,4000,4405,0064_RAW_20230719_065900.780,0,split_01_ch4000_4405/0064_RAW_20230719_065900.780/seg_000.png,0,2000,0.0,2.0,-1024.2,-610.4,Depth (m)
RAW_20230719_065900.780.sgy,split_01_ch4000_4405,4000,4405,0064_RAW_20230719_065900.780,1,split_01_ch4000_4405/0064_RAW_20230719_065900.780/seg_001.png,1000,3000,1.0,3.0,-1024.2,-610.4,Depth (m)
RAW_20230719_065900.780.sgy,split_01_ch4000_4405,4000,4405,0064_RAW_20230719_065900.780,2,split_01_ch4000_4405/0064_RAW_20230719_065900.780/seg_002.png,2000,4000,2.0,4.0,-1024.2,-610.4,Depth (m)
RAW_20230719_065900.780.sgy,split_01_ch4000_4405,4000,4405,0064_RAW_20230719_065900.780,3,split_01_ch4000_4405/0064_RAW_20230719_065900.780/seg_003.png,3000,5000,3.0,5.0,-1024.2,-610.4,Depth (m)
RAW_20230719_070140.740.sgy,split_01_ch4000_4405,4000,4405,0065_RAW_20230719_070140.740,0,split_01_ch4000_4405/0065_RAW_20230719_070140.740/seg_000.png,0,2000,0.0,2.0,-1024.2,-610.4,Depth (m)
RAW_20230719_070140.740.sgy,split_01_ch4000_4405,4000,4405,0065_RAW_20230719_070140.740,1,split_01_ch4000_4405/0065_RAW_20230719_070140.740/seg_001.png,1000,3000,1.0,3.0,-1024.2,-610.4,Depth (m)
RAW_20230719_070140.740.sgy,split_01_ch4000_4405,4000,4405,0065_RAW_20230719_070140.740,2,split_01_ch4000_4405/0065_RAW_20230719_070140.740/seg_002.png,2000,4000,2.0,4.0,-1024.2,-610.4,Depth (m)
RAW_20230719_070140.740.sgy,split_01_ch4000_4405,4000,4405,0065_RAW_20230719_070140.740,3,split_01_ch4000_4405/0065_RAW_20230719_070140.740/seg_003.png,3000,5000,3.0,5.0,-1024.2,-610.4,Depth (m)
RAW_20230719_070535.980.sgy,split_01_ch4000_4405,4000,4405,0066_RAW_20230719_070535.980,0,split_01_ch4000_4405/0066_RAW_20230719_070535.980/seg_000.png,0,2000,0.0,2.0,-1024.2,-610.4,Depth (m)
RAW_20230719_070535.980.sgy,split_01_ch4000_4405,4000,4405,0066_RAW_20230719_070535.980,1,split_01_ch4000_4405/0066_RAW_20230719_070535.980/seg_001.png,1000,3000,1.0,3.0,-1024.2,-610.4,Depth (m)
RAW_20230719_070535.980.sgy,split_01_ch4000_4405,4000,4405,0066_RAW_20230719_070535.980,2,split_01_ch4000_4405/0066_RAW_20230719_070535.980/seg_002.png,2000,4000,2.0,4.0,-1024.2,-610.4,Depth (m)
RAW_20230719_070535.980.sgy,split_01_ch4000_4405,4000,4405,0066_RAW_20230719_070535.980,3,split_01_ch4000_4405/0066_RAW_20230719_070535.980/seg_003.png,3000,5000,3.0,5.0,-1024.2,-610.4,Depth (m)
RAW_20230719_071705.740.sgy,split_01_ch4000_4405,4000,4405,0067_RAW_20230719_071705.740,0,split_01_ch4000_4405/0067_RAW_20230719_071705.740/seg_000.png,0,2000,0.0,2.0,-1024.2,-610.4,Depth (m)
RAW_20230719_071705.740.sgy,split_01_ch4000_4405,4000,4405,0067_RAW_20230719_071705.740,1,split_01_ch4000_4405/0067_RAW_20230719_071705.740/seg_001.png,1000,3000,1.0,3.0,-1024.2,-610.4,Depth (m)
RAW_20230719_071705.740.sgy,split_01_ch4000_4405,4000,4405,0067_RAW_20230719_071705.740,2,split_01_ch4000_4405/0067_RAW_20230719_071705.740/seg_002.png,2000,4000,2.0,4.0,-1024.2,-610.4,Depth (m)
RAW_20230719_071705.740.sgy,split_01_ch4000_4405,4000,4405,0067_RAW_20230719_071705.740,3,split_01_ch4000_4405/0067_RAW_20230719_071705.740/seg_003.png,3000,5000,3.0,5.0,-1024.2,-610.4,Depth (m)
RAW_20230719_071903.640.sgy,split_01_ch4000_4405,4000,4405,0068_RAW_20230719_071903.640,0,split_01_ch4000_4405/0068_RAW_20230719_071903.640/seg_000.png,0,2000,0.0,2.0,-1024.2,-610.4,Depth (m)
RAW_20230719_071903.640.sgy,split_01_ch4000_4405,4000,4405,0068_RAW_20230719_071903.640,1,split_01_ch4000_4405/0068_RAW_20230719_071903.640/seg_001.png,1000,3000,1.0,3.0,-1024.2,-610.4,Depth (m)
RAW_20230719_071903.640.sgy,split_01_ch4000_4405,4000,4405,0068_RAW_20230719_071903.640,2,split_01_ch4000_4405/0068_RAW_20230719_071903.640/seg_002.png,2000,4000,2.0,4.0,-1024.2,-610.4,Depth (m)
RAW_20230719_071903.640.sgy,split_01_ch4000_4405,4000,4405,0068_RAW_20230719_071903.640,3,split_01_ch4000_4405/0068_RAW_20230719_071903.640/seg_003.png,3000,5000,3.0,5.0,-1024.2,-610.4,Depth (m)
RAW_20230719_071905.740.sgy,split_01_ch4000_4405,4000,4405,0069_RAW_20230719_071905.740,0,split_01_ch4000_4405/0069_RAW_20230719_071905.740/seg_000.png,0,2000,0.0,2.0,-1024.2,-610.4,Depth (m)
RAW_20230719_071905.740.sgy,split_01_ch4000_4405,4000,4405,0069_RAW_20230719_071905.740,1,split_01_ch4000_4405/0069_RAW_20230719_071905.740/seg_001.png,1000,3000,1.0,3.0,-1024.2,-610.4,Depth (m)
RAW_20230719_071905.740.sgy,split_01_ch4000_4405,4000,4405,0069_RAW_20230719_071905.740,2,split_01_ch4000_4405/0069_RAW_20230719_071905.740/seg_002.png,2000,4000,2.0,4.0,-1024.2,-610.4,Depth (m)
RAW_20230719_071905.740.sgy,split_01_ch4000_4405,4000,4405,0069_RAW_20230719_071905.740,3,split_01_ch4000_4405/0069_RAW_20230719_071905.740/seg_003.png,3000,5000,3.0,5.0,-1024.2,-610.4,Depth (m)
RAW_20230719_072348.880.sgy,split_01_ch4000_4405,4000,4405,0070_RAW_20230719_072348.880,0,split_01_ch4000_4405/0070_RAW_20230719_072348.880/seg_000.png,0,2000,0.0,2.0,-1024.2,-610.4,Depth (m)
RAW_20230719_072348.880.sgy,split_01_ch4000_4405,4000,4405,0070_RAW_20230719_072348.880,1,split_01_ch4000_4405/0070_RAW_20230719_072348.880/seg_001.png,1000,3000,1.0,3.0,-1024.2,-610.4,Depth (m)
RAW_20230719_072348.880.sgy,split_01_ch4000_4405,4000,4405,0070_RAW_20230719_072348.880,2,split_01_ch4000_4405/0070_RAW_20230719_072348.880/seg_002.png,2000,4000,2.0,4.0,-1024.2,-610.4,Depth (m)
RAW_20230719_072348.880.sgy,split_01_ch4000_4405,4000,4405,0070_RAW_20230719_072348.880,3,split_01_ch4000_4405/0070_RAW_20230719_072348.880/seg_003.png,3000,5000,3.0,5.0,-1024.2,-610.4,Depth (m)
RAW_20230719_073441.500.sgy,split_01_ch4000_4405,4000,4405,0071_RAW_20230719_073441.500,0,split_01_ch4000_4405/0071_RAW_20230719_073441.500/seg_000.png,0,2000,0.0,2.0,-1024.2,-610.4,Depth (m)
RAW_20230719_073441.500.sgy,split_01_ch4000_4405,4000,4405,0071_RAW_20230719_073441.500,1,split_01_ch4000_4405/0071_RAW_20230719_073441.500/seg_001.png,1000,3000,1.0,3.0,-1024.2,-610.4,Depth (m)
RAW_20230719_073441.500.sgy,split_01_ch4000_4405,4000,4405,0071_RAW_20230719_073441.500,2,split_01_ch4000_4405/0071_RAW_20230719_073441.500/seg_002.png,2000,4000,2.0,4.0,-1024.2,-610.4,Depth (m)
RAW_20230719_073441.500.sgy,split_01_ch4000_4405,4000,4405,0071_RAW_20230719_073441.500,3,split_01_ch4000_4405/0071_RAW_20230719_073441.500/seg_003.png,3000,5000,3.0,5.0,-1024.2,-610.4,Depth (m)
RAW_20230719_073610.580.sgy,split_01_ch4000_4405,4000,4405,0072_RAW_20230719_073610.580,0,split_01_ch4000_4405/0072_RAW_20230719_073610.580/seg_000.png,0,2000,0.0,2.0,-1024.2,-610.4,Depth (m)
RAW_20230719_073610.580.sgy,split_01_ch4000_4405,4000,4405,0072_RAW_20230719_073610.580,1,split_01_ch4000_4405/0072_RAW_20230719_073610.580/seg_001.png,1000,3000,1.0,3.0,-1024.2,-610.4,Depth (m)
RAW_20230719_073610.580.sgy,split_01_ch4000_4405,4000,4405,0072_RAW_20230719_073610.580,2,split_01_ch4000_4405/0072_RAW_20230719_073610.580/seg_002.png,2000,4000,2.0,4.0,-1024.2,-610.4,Depth (m)
RAW_20230719_073610.580.sgy,split_01_ch4000_4405,4000,4405,0072_RAW_20230719_073610.580,3,split_01_ch4000_4405/0072_RAW_20230719_073610.580/seg_003.png,3000,5000,3.0,5.0,-1024.2,-610.4,Depth (m)
RAW_20230719_073748.660.sgy,split_01_ch4000_4405,4000,4405,0073_RAW_20230719_073748.660,0,split_01_ch4000_4405/0073_RAW_20230719_073748.660/seg_000.png,0,2000,0.0,2.0,-1024.2,-610.4,Depth (m)
RAW_20230719_073748.660.sgy,split_01_ch4000_4405,4000,4405,0073_RAW_20230719_073748.660,1,split_01_ch4000_4405/0073_RAW_20230719_073748.660/seg_001.png,1000,3000,1.0,3.0,-1024.2,-610.4,Depth (m)
RAW_20230719_073748.660.sgy,split_01_ch4000_4405,4000,4405,0073_RAW_20230719_073748.660,2,split_01_ch4000_4405/0073_RAW_20230719_073748.660/seg_002.png,2000,4000,2.0,4.0,-1024.2,-610.4,Depth (m)
RAW_20230719_073748.660.sgy,split_01_ch4000_4405,4000,4405,0073_RAW_20230719_073748.660,3,split_01_ch4000_4405/0073_RAW_20230719_073748.660/seg_003.png,3000,5000,3.0,5.0,-1024.2,-610.4,Depth (m)
RAW_20230719_074647.820.sgy,split_01_ch4000_4405,4000,4405,0074_RAW_20230719_074647.820,0,split_01_ch4000_4405/0074_RAW_20230719_074647.820/seg_000.png,0,2000,0.0,2.0,-1024.2,-610.4,Depth (m)
RAW_20230719_074647.820.sgy,split_01_ch4000_4405,4000,4405,0074_RAW_20230719_074647.820,1,split_01_ch4000_4405/0074_RAW_20230719_074647.820/seg_001.png,1000,3000,1.0,3.0,-1024.2,-610.4,Depth (m)
RAW_20230719_074647.820.sgy,split_01_ch4000_4405,4000,4405,0074_RAW_20230719_074647.820,2,split_01_ch4000_4405/0074_RAW_20230719_074647.820/seg_002.png,2000,4000,2.0,4.0,-1024.2,-610.4,Depth (m)
RAW_20230719_074647.820.sgy,split_01_ch4000_4405,4000,4405,0074_RAW_20230719_074647.820,3,split_01_ch4000_4405/0074_RAW_20230719_074647.820/seg_003.png,3000,5000,3.0,5.0,-1024.2,-610.4,Depth (m)
RAW_20230719_074724.340.sgy,split_01_ch4000_4405,4000,4405,0075_RAW_20230719_074724.340,0,split_01_ch4000_4405/0075_RAW_20230719_074724.340/seg_000.png,0,2000,0.0,2.0,-1024.2,-610.4,Depth (m)
RAW_20230719_074724.340.sgy,split_01_ch4000_4405,4000,4405,0075_RAW_20230719_074724.340,1,split_01_ch4000_4405/0075_RAW_20230719_074724.340/seg_001.png,1000,3000,1.0,3.0,-1024.2,-610.4,Depth (m)
RAW_20230719_074724.340.sgy,split_01_ch4000_4405,4000,4405,0075_RAW_20230719_074724.340,2,split_01_ch4000_4405/0075_RAW_20230719_074724.340/seg_002.png,2000,4000,2.0,4.0,-1024.2,-610.4,Depth (m)
RAW_20230719_074724.340.sgy,split_01_ch4000_4405,4000,4405,0075_RAW_20230719_074724.340,3,split_01_ch4000_4405/0075_RAW_20230719_074724.340/seg_003.png,3000,5000,3.0,5.0,-1024.2,-610.4,Depth (m)
RAW_20230719_074924.900.sgy,split_01_ch4000_4405,4000,4405,0076_RAW_20230719_074924.900,0,split_01_ch4000_4405/0076_RAW_20230719_074924.900/seg_000.png,0,2000,0.0,2.0,-1024.2,-610.4,Depth (m)
RAW_20230719_074924.900.sgy,split_01_ch4000_4405,4000,4405,0076_RAW_20230719_074924.900,1,split_01_ch4000_4405/0076_RAW_20230719_074924.900/seg_001.png,1000,3000,1.0,3.0,-1024.2,-610.4,Depth (m)
RAW_20230719_074924.900.sgy,split_01_ch4000_4405,4000,4405,0076_RAW_20230719_074924.900,2,split_01_ch4000_4405/0076_RAW_20230719_074924.900/seg_002.png,2000,4000,2.0,4.0,-1024.2,-610.4,Depth (m)
RAW_20230719_074924.900.sgy,split_01_ch4000_4405,4000,4405,0076_RAW_20230719_074924.900,3,split_01_ch4000_4405/0076_RAW_20230719_074924.900/seg_003.png,3000,5000,3.0,5.0,-1024.2,-610.4,Depth (m)
RAW_20230719_075003.440.sgy,split_01_ch4000_4405,4000,4405,0077_RAW_20230719_075003.440,0,split_01_ch4000_4405/0077_RAW_20230719_075003.440/seg_000.png,0,2000,0.0,2.0,-1024.2,-610.4,Depth (m)
RAW_20230719_075003.440.sgy,split_01_ch4000_4405,4000,4405,0077_RAW_20230719_075003.440,1,split_01_ch4000_4405/0077_RAW_20230719_075003.440/seg_001.png,1000,3000,1.0,3.0,-1024.2,-610.4,Depth (m)
RAW_20230719_075003.440.sgy,split_01_ch4000_4405,4000,4405,0077_RAW_20230719_075003.440,2,split_01_ch4000_4405/0077_RAW_20230719_075003.440/seg_002.png,2000,4000,2.0,4.0,-1024.2,-610.4,Depth (m)
RAW_20230719_075003.440.sgy,split_01_ch4000_4405,4000,4405,0077_RAW_20230719_075003.440,3,split_01_ch4000_4405/0077_RAW_20230719_075003.440/seg_003.png,3000,5000,3.0,5.0,-1024.2,-610.4,Depth (m)
RAW_20230719_075010.100.sgy,split_01_ch4000_4405,4000,4405,0078_RAW_20230719_075010.100,0,split_01_ch4000_4405/0078_RAW_20230719_075010.100/seg_000.png,0,2000,0.0,2.0,-1024.2,-610.4,Depth (m)
RAW_20230719_075010.100.sgy,split_01_ch4000_4405,4000,4405,0078_RAW_20230719_075010.100,1,split_01_ch4000_4405/0078_RAW_20230719_075010.100/seg_001.png,1000,3000,1.0,3.0,-1024.2,-610.4,Depth (m)
RAW_20230719_075010.100.sgy,split_01_ch4000_4405,4000,4405,0078_RAW_20230719_075010.100,2,split_01_ch4000_4405/0078_RAW_20230719_075010.100/seg_002.png,2000,4000,2.0,4.0,-1024.2,-610.4,Depth (m)
RAW_20230719_075010.100.sgy,split_01_ch4000_4405,4000,4405,0078_RAW_20230719_075010.100,3,split_01_ch4000_4405/0078_RAW_20230719_075010.100/seg_003.png,3000,5000,3.0,5.0,-1024.2,-610.4,Depth (m)
RAW_20230719_075130.920.sgy,split_01_ch4000_4405,4000,4405,0079_RAW_20230719_075130.920,0,split_01_ch4000_4405/0079_RAW_20230719_075130.920/seg_000.png,0,2000,0.0,2.0,-1024.2,-610.4,Depth (m)
RAW_20230719_075130.920.sgy,split_01_ch4000_4405,4000,4405,0079_RAW_20230719_075130.920,1,split_01_ch4000_4405/0079_RAW_20230719_075130.920/seg_001.png,1000,3000,1.0,3.0,-1024.2,-610.4,Depth (m)
RAW_20230719_075130.920.sgy,split_01_ch4000_4405,4000,4405,0079_RAW_20230719_075130.920,2,split_01_ch4000_4405/0079_RAW_20230719_075130.920/seg_002.png,2000,4000,2.0,4.0,-1024.2,-610.4,Depth (m)
RAW_20230719_075130.920.sgy,split_01_ch4000_4405,4000,4405,0079_RAW_20230719_075130.920,3,split_01_ch4000_4405/0079_RAW_20230719_075130.920/seg_003.png,3000,5000,3.0,5.0,-1024.2,-610.4,Depth (m)
RAW_20230719_080627.020.sgy,split_01_ch4000_4405,4000,4405,0080_RAW_20230719_080627.020,0,split_01_ch4000_4405/0080_RAW_20230719_080627.020/seg_000.png,0,2000,0.0,2.0,-1024.2,-610.4,Depth (m)
RAW_20230719_080627.020.sgy,split_01_ch4000_4405,4000,4405,0080_RAW_20230719_080627.020,1,split_01_ch4000_4405/0080_RAW_20230719_080627.020/seg_001.png,1000,3000,1.0,3.0,-1024.2,-610.4,Depth (m)
RAW_20230719_080627.020.sgy,split_01_ch4000_4405,4000,4405,0080_RAW_20230719_080627.020,2,split_01_ch4000_4405/0080_RAW_20230719_080627.020/seg_002.png,2000,4000,2.0,4.0,-1024.2,-610.4,Depth (m)
RAW_20230719_080627.020.sgy,split_01_ch4000_4405,4000,4405,0080_RAW_20230719_080627.020,3,split_01_ch4000_4405/0080_RAW_20230719_080627.020/seg_003.png,3000,5000,3.0,5.0,-1024.2,-610.4,Depth (m)
RAW_20230719_080821.520.sgy,split_01_ch4000_4405,4000,4405,0081_RAW_20230719_080821.520,0,split_01_ch4000_4405/0081_RAW_20230719_080821.520/seg_000.png,0,2000,0.0,2.0,-1024.2,-610.4,Depth (m)
RAW_20230719_080821.520.sgy,split_01_ch4000_4405,4000,4405,0081_RAW_20230719_080821.520,1,split_01_ch4000_4405/0081_RAW_20230719_080821.520/seg_001.png,1000,3000,1.0,3.0,-1024.2,-610.4,Depth (m)
RAW_20230719_080821.520.sgy,split_01_ch4000_4405,4000,4405,0081_RAW_20230719_080821.520,2,split_01_ch4000_4405/0081_RAW_20230719_080821.520/seg_002.png,2000,4000,2.0,4.0,-1024.2,-610.4,Depth (m)
RAW_20230719_080821.520.sgy,split_01_ch4000_4405,4000,4405,0081_RAW_20230719_080821.520,3,split_01_ch4000_4405/0081_RAW_20230719_080821.520/seg_003.png,3000,5000,3.0,5.0,-1024.2,-610.4,Depth (m)
RAW_20230719_080827.020.sgy,split_01_ch4000_4405,4000,4405,0082_RAW_20230719_080827.020,0,split_01_ch4000_4405/0082_RAW_20230719_080827.020/seg_000.png,0,2000,0.0,2.0,-1024.2,-610.4,Depth (m)
RAW_20230719_080827.020.sgy,split_01_ch4000_4405,4000,4405,0082_RAW_20230719_080827.020,1,split_01_ch4000_4405/0082_RAW_20230719_080827.020/seg_001.png,1000,3000,1.0,3.0,-1024.2,-610.4,Depth (m)
RAW_20230719_080827.020.sgy,split_01_ch4000_4405,4000,4405,0082_RAW_20230719_080827.020,2,split_01_ch4000_4405/0082_RAW_20230719_080827.020/seg_002.png,2000,4000,2.0,4.0,-1024.2,-610.4,Depth (m)
RAW_20230719_080827.020.sgy,split_01_ch4000_4405,4000,4405,0082_RAW_20230719_080827.020,3,split_01_ch4000_4405/0082_RAW_20230719_080827.020/seg_003.png,3000,5000,3.0,5.0,-1024.2,-610.4,Depth (m)
RAW_20230719_081128.000.sgy,split_01_ch4000_4405,4000,4405,0083_RAW_20230719_081128.000,0,split_01_ch4000_4405/0083_RAW_20230719_081128.000/seg_000.png,0,2000,0.0,2.0,-1024.2,-610.4,Depth (m)
RAW_20230719_081128.000.sgy,split_01_ch4000_4405,4000,4405,0083_RAW_20230719_081128.000,1,split_01_ch4000_4405/0083_RAW_20230719_081128.000/seg_001.png,1000,3000,1.0,3.0,-1024.2,-610.4,Depth (m)
RAW_20230719_081128.000.sgy,split_01_ch4000_4405,4000,4405,0083_RAW_20230719_081128.000,2,split_01_ch4000_4405/0083_RAW_20230719_081128.000/seg_002.png,2000,4000,2.0,4.0,-1024.2,-610.4,Depth (m)
RAW_20230719_081128.000.sgy,split_01_ch4000_4405,4000,4405,0083_RAW_20230719_081128.000,3,split_01_ch4000_4405/0083_RAW_20230719_081128.000/seg_003.png,3000,5000,3.0,5.0,-1024.2,-610.4,Depth (m)
RAW_20230719_081400.440.sgy,split_01_ch4000_4405,4000,4405,0084_RAW_20230719_081400.440,0,split_01_ch4000_4405/0084_RAW_20230719_081400.440/seg_000.png,0,2000,0.0,2.0,-1024.2,-610.4,Depth (m)
RAW_20230719_081400.440.sgy,split_01_ch4000_4405,4000,4405,0084_RAW_20230719_081400.440,1,split_01_ch4000_4405/0084_RAW_20230719_081400.440/seg_001.png,1000,3000,1.0,3.0,-1024.2,-610.4,Depth (m)
RAW_20230719_081400.440.sgy,split_01_ch4000_4405,4000,4405,0084_RAW_20230719_081400.440,2,split_01_ch4000_4405/0084_RAW_20230719_081400.440/seg_002.png,2000,4000,2.0,4.0,-1024.2,-610.4,Depth (m)
RAW_20230719_081400.440.sgy,split_01_ch4000_4405,4000,4405,0084_RAW_20230719_081400.440,3,split_01_ch4000_4405/0084_RAW_20230719_081400.440/seg_003.png,3000,5000,3.0,5.0,-1024.2,-610.4,Depth (m)
RAW_20230719_082102.600.sgy,split_01_ch4000_4405,4000,4405,0085_RAW_20230719_082102.600,0,split_01_ch4000_4405/0085_RAW_20230719_082102.600/seg_000.png,0,2000,0.0,2.0,-1024.2,-610.4,Depth (m)
RAW_20230719_082102.600.sgy,split_01_ch4000_4405,4000,4405,0085_RAW_20230719_082102.600,1,split_01_ch4000_4405/0085_RAW_20230719_082102.600/seg_001.png,1000,3000,1.0,3.0,-1024.2,-610.4,Depth (m)
RAW_20230719_082102.600.sgy,split_01_ch4000_4405,4000,4405,0085_RAW_20230719_082102.600,2,split_01_ch4000_4405/0085_RAW_20230719_082102.600/seg_002.png,2000,4000,2.0,4.0,-1024.2,-610.4,Depth (m)
RAW_20230719_082102.600.sgy,split_01_ch4000_4405,4000,4405,0085_RAW_20230719_082102.600,3,split_01_ch4000_4405/0085_RAW_20230719_082102.600/seg_003.png,3000,5000,3.0,5.0,-1024.2,-610.4,Depth (m)
RAW_20230719_082154.000.sgy,split_01_ch4000_4405,4000,4405,0086_RAW_20230719_082154.000,0,split_01_ch4000_4405/0086_RAW_20230719_082154.000/seg_000.png,0,2000,0.0,2.0,-1024.2,-610.4,Depth (m)
RAW_20230719_082154.000.sgy,split_01_ch4000_4405,4000,4405,0086_RAW_20230719_082154.000,1,split_01_ch4000_4405/0086_RAW_20230719_082154.000/seg_001.png,1000,3000,1.0,3.0,-1024.2,-610.4,Depth (m)
RAW_20230719_082154.000.sgy,split_01_ch4000_4405,4000,4405,0086_RAW_20230719_082154.000,2,split_01_ch4000_4405/0086_RAW_20230719_082154.000/seg_002.png,2000,4000,2.0,4.0,-1024.2,-610.4,Depth (m)
RAW_20230719_082154.000.sgy,split_01_ch4000_4405,4000,4405,0086_RAW_20230719_082154.000,3,split_01_ch4000_4405/0086_RAW_20230719_082154.000/seg_003.png,3000,5000,3.0,5.0,-1024.2,-610.4,Depth (m)
RAW_20230719_083006.100.sgy,split_01_ch4000_4405,4000,4405,0087_RAW_20230719_083006.100,0,split_01_ch4000_4405/0087_RAW_20230719_083006.100/seg_000.png,0,2000,0.0,2.0,-1024.2,-610.4,Depth (m)
RAW_20230719_083006.100.sgy,split_01_ch4000_4405,4000,4405,0087_RAW_20230719_083006.100,1,split_01_ch4000_4405/0087_RAW_20230719_083006.100/seg_001.png,1000,3000,1.0,3.0,-1024.2,-610.4,Depth (m)
RAW_20230719_083006.100.sgy,split_01_ch4000_4405,4000,4405,0087_RAW_20230719_083006.100,2,split_01_ch4000_4405/0087_RAW_20230719_083006.100/seg_002.png,2000,4000,2.0,4.0,-1024.2,-610.4,Depth (m)
RAW_20230719_083006.100.sgy,split_01_ch4000_4405,4000,4405,0087_RAW_20230719_083006.100,3,split_01_ch4000_4405/0087_RAW_20230719_083006.100/seg_003.png,3000,5000,3.0,5.0,-1024.2,-610.4,Depth (m)
RAW_20230719_083234.520.sgy,split_01_ch4000_4405,4000,4405,0088_RAW_20230719_083234.520,0,split_01_ch4000_4405/0088_RAW_20230719_083234.520/seg_000.png,0,2000,0.0,2.0,-1024.2,-610.4,Depth (m)
RAW_20230719_083234.520.sgy,split_01_ch4000_4405,4000,4405,0088_RAW_20230719_083234.520,1,split_01_ch4000_4405/0088_RAW_20230719_083234.520/seg_001.png,1000,3000,1.0,3.0,-1024.2,-610.4,Depth (m)
RAW_20230719_083234.520.sgy,split_01_ch4000_4405,4000,4405,0088_RAW_20230719_083234.520,2,split_01_ch4000_4405/0088_RAW_20230719_083234.520/seg_002.png,2000,4000,2.0,4.0,-1024.2,-610.4,Depth (m)
RAW_20230719_083234.520.sgy,split_01_ch4000_4405,4000,4405,0088_RAW_20230719_083234.520,3,split_01_ch4000_4405/0088_RAW_20230719_083234.520/seg_003.png,3000,5000,3.0,5.0,-1024.2,-610.4,Depth (m)
RAW_20230719_083622.280.sgy,split_01_ch4000_4405,4000,4405,0089_RAW_20230719_083622.280,0,split_01_ch4000_4405/0089_RAW_20230719_083622.280/seg_000.png,0,2000,0.0,2.0,-1024.2,-610.4,Depth (m)
RAW_20230719_083622.280.sgy,split_01_ch4000_4405,4000,4405,0089_RAW_20230719_083622.280,1,split_01_ch4000_4405/0089_RAW_20230719_083622.280/seg_001.png,1000,3000,1.0,3.0,-1024.2,-610.4,Depth (m)
RAW_20230719_083622.280.sgy,split_01_ch4000_4405,4000,4405,0089_RAW_20230719_083622.280,2,split_01_ch4000_4405/0089_RAW_20230719_083622.280/seg_002.png,2000,4000,2.0,4.0,-1024.2,-610.4,Depth (m)
RAW_20230719_083622.280.sgy,split_01_ch4000_4405,4000,4405,0089_RAW_20230719_083622.280,3,split_01_ch4000_4405/0089_RAW_20230719_083622.280/seg_003.png,3000,5000,3.0,5.0,-1024.2,-610.4,Depth (m)
RAW_20230719_083648.200.sgy,split_01_ch4000_4405,4000,4405,0090_RAW_20230719_083648.200,0,split_01_ch4000_4405/0090_RAW_20230719_083648.200/seg_000.png,0,2000,0.0,2.0,-1024.2,-610.4,Depth (m)
RAW_20230719_083648.200.sgy,split_01_ch4000_4405,4000,4405,0090_RAW_20230719_083648.200,1,split_01_ch4000_4405/0090_RAW_20230719_083648.200/seg_001.png,1000,3000,1.0,3.0,-1024.2,-610.4,Depth (m)
RAW_20230719_083648.200.sgy,split_01_ch4000_4405,4000,4405,0090_RAW_20230719_083648.200,2,split_01_ch4000_4405/0090_RAW_20230719_083648.200/seg_002.png,2000,4000,2.0,4.0,-1024.2,-610.4,Depth (m)
RAW_20230719_083648.200.sgy,split_01_ch4000_4405,4000,4405,0090_RAW_20230719_083648.200,3,split_01_ch4000_4405/0090_RAW_20230719_083648.200/seg_003.png,3000,5000,3.0,5.0,-1024.2,-610.4,Depth (m)
RAW_20230719_083701.100.sgy,split_01_ch4000_4405,4000,4405,0091_RAW_20230719_083701.100,0,split_01_ch4000_4405/0091_RAW_20230719_083701.100/seg_000.png,0,2000,0.0,2.0,-1024.2,-610.4,Depth (m)
RAW_20230719_083701.100.sgy,split_01_ch4000_4405,4000,4405,0091_RAW_20230719_083701.100,1,split_01_ch4000_4405/0091_RAW_20230719_083701.100/seg_001.png,1000,3000,1.0,3.0,-1024.2,-610.4,Depth (m)
RAW_20230719_083701.100.sgy,split_01_ch4000_4405,4000,4405,0091_RAW_20230719_083701.100,2,split_01_ch4000_4405/0091_RAW_20230719_083701.100/seg_002.png,2000,4000,2.0,4.0,-1024.2,-610.4,Depth (m)
RAW_20230719_083701.100.sgy,split_01_ch4000_4405,4000,4405,0091_RAW_20230719_083701.100,3,split_01_ch4000_4405/0091_RAW_20230719_083701.100/seg_003.png,3000,5000,3.0,5.0,-1024.2,-610.4,Depth (m)
RAW_20230719_083850.320.sgy,split_01_ch4000_4405,4000,4405,0092_RAW_20230719_083850.320,0,split_01_ch4000_4405/0092_RAW_20230719_083850.320/seg_000.png,0,2000,0.0,2.0,-1024.2,-610.4,Depth (m)
RAW_20230719_083850.320.sgy,split_01_ch4000_4405,4000,4405,0092_RAW_20230719_083850.320,1,split_01_ch4000_4405/0092_RAW_20230719_083850.320/seg_001.png,1000,3000,1.0,3.0,-1024.2,-610.4,Depth (m)
RAW_20230719_083850.320.sgy,split_01_ch4000_4405,4000,4405,0092_RAW_20230719_083850.320,2,split_01_ch4000_4405/0092_RAW_20230719_083850.320/seg_002.png,2000,4000,2.0,4.0,-1024.2,-610.4,Depth (m)
RAW_20230719_083850.320.sgy,split_01_ch4000_4405,4000,4405,0092_RAW_20230719_083850.320,3,split_01_ch4000_4405/0092_RAW_20230719_083850.320/seg_003.png,3000,5000,3.0,5.0,-1024.2,-610.4,Depth (m)
RAW_20230719_084920.980.sgy,split_01_ch4000_4405,4000,4405,0093_RAW_20230719_084920.980,0,split_01_ch4000_4405/0093_RAW_20230719_084920.980/seg_000.png,0,2000,0.0,2.0,-1024.2,-610.4,Depth (m)
RAW_20230719_084920.980.sgy,split_01_ch4000_4405,4000,4405,0093_RAW_20230719_084920.980,1,split_01_ch4000_4405/0093_RAW_20230719_084920.980/seg_001.png,1000,3000,1.0,3.0,-1024.2,-610.4,Depth (m)
RAW_20230719_084920.980.sgy,split_01_ch4000_4405,4000,4405,0093_RAW_20230719_084920.980,2,split_01_ch4000_4405/0093_RAW_20230719_084920.980/seg_002.png,2000,4000,2.0,4.0,-1024.2,-610.4,Depth (m)
RAW_20230719_084920.980.sgy,split_01_ch4000_4405,4000,4405,0093_RAW_20230719_084920.980,3,split_01_ch4000_4405/0093_RAW_20230719_084920.980/seg_003.png,3000,5000,3.0,5.0,-1024.2,-610.4,Depth (m)
RAW_20230719_085832.340.sgy,split_01_ch4000_4405,4000,4405,0094_RAW_20230719_085832.340,0,split_01_ch4000_4405/0094_RAW_20230719_085832.340/seg_000.png,0,2000,0.0,2.0,-1024.2,-610.4,Depth (m)
RAW_20230719_085832.340.sgy,split_01_ch4000_4405,4000,4405,0094_RAW_20230719_085832.340,1,split_01_ch4000_4405/0094_RAW_20230719_085832.340/seg_001.png,1000,3000,1.0,3.0,-1024.2,-610.4,Depth (m)
RAW_20230719_085832.340.sgy,split_01_ch4000_4405,4000,4405,0094_RAW_20230719_085832.340,2,split_01_ch4000_4405/0094_RAW_20230719_085832.340/seg_002.png,2000,4000,2.0,4.0,-1024.2,-610.4,Depth (m)
RAW_20230719_085832.340.sgy,split_01_ch4000_4405,4000,4405,0094_RAW_20230719_085832.340,3,split_01_ch4000_4405/0094_RAW_20230719_085832.340/seg_003.png,3000,5000,3.0,5.0,-1024.2,-610.4,Depth (m)
RAW_20230719_090023.100.sgy,split_01_ch4000_4405,4000,4405,0095_RAW_20230719_090023.100,0,split_01_ch4000_4405/0095_RAW_20230719_090023.100/seg_000.png,0,2000,0.0,2.0,-1024.2,-610.4,Depth (m)
RAW_20230719_090023.100.sgy,split_01_ch4000_4405,4000,4405,0095_RAW_20230719_090023.100,1,split_01_ch4000_4405/0095_RAW_20230719_090023.100/seg_001.png,1000,3000,1.0,3.0,-1024.2,-610.4,Depth (m)
RAW_20230719_090023.100.sgy,split_01_ch4000_4405,4000,4405,0095_RAW_20230719_090023.100,2,split_01_ch4000_4405/0095_RAW_20230719_090023.100/seg_002.png,2000,4000,2.0,4.0,-1024.2,-610.4,Depth (m)
RAW_20230719_090023.100.sgy,split_01_ch4000_4405,4000,4405,0095_RAW_20230719_090023.100,3,split_01_ch4000_4405/0095_RAW_20230719_090023.100/seg_003.png,3000,5000,3.0,5.0,-1024.2,-610.4,Depth (m)
RAW_20230719_090650.840.sgy,split_01_ch4000_4405,4000,4405,0096_RAW_20230719_090650.840,0,split_01_ch4000_4405/0096_RAW_20230719_090650.840/seg_000.png,0,2000,0.0,2.0,-1024.2,-610.4,Depth (m)
RAW_20230719_090650.840.sgy,split_01_ch4000_4405,4000,4405,0096_RAW_20230719_090650.840,1,split_01_ch4000_4405/0096_RAW_20230719_090650.840/seg_001.png,1000,3000,1.0,3.0,-1024.2,-610.4,Depth (m)
RAW_20230719_090650.840.sgy,split_01_ch4000_4405,4000,4405,0096_RAW_20230719_090650.840,2,split_01_ch4000_4405/0096_RAW_20230719_090650.840/seg_002.png,2000,4000,2.0,4.0,-1024.2,-610.4,Depth (m)
RAW_20230719_090650.840.sgy,split_01_ch4000_4405,4000,4405,0096_RAW_20230719_090650.840,3,split_01_ch4000_4405/0096_RAW_20230719_090650.840/seg_003.png,3000,5000,3.0,5.0,-1024.2,-610.4,Depth (m)
RAW_20230719_091031.360.sgy,split_01_ch4000_4405,4000,4405,0097_RAW_20230719_091031.360,0,split_01_ch4000_4405/0097_RAW_20230719_091031.360/seg_000.png,0,2000,0.0,2.0,-1024.2,-610.4,Depth (m)
RAW_20230719_091031.360.sgy,split_01_ch4000_4405,4000,4405,0097_RAW_20230719_091031.360,1,split_01_ch4000_4405/0097_RAW_20230719_091031.360/seg_001.png,1000,3000,1.0,3.0,-1024.2,-610.4,Depth (m)
RAW_20230719_091031.360.sgy,split_01_ch4000_4405,4000,4405,0097_RAW_20230719_091031.360,2,split_01_ch4000_4405/0097_RAW_20230719_091031.360/seg_002.png,2000,4000,2.0,4.0,-1024.2,-610.4,Depth (m)
RAW_20230719_091031.360.sgy,split_01_ch4000_4405,4000,4405,0097_RAW_20230719_091031.360,3,split_01_ch4000_4405/0097_RAW_20230719_091031.360/seg_003.png,3000,5000,3.0,5.0,-1024.2,-610.4,Depth (m)
RAW_20230719_091100.420.sgy,split_01_ch4000_4405,4000,4405,0098_RAW_20230719_091100.420,0,split_01_ch4000_4405/0098_RAW_20230719_091100.420/seg_000.png,0,2000,0.0,2.0,-1024.2,-610.4,Depth (m)
RAW_20230719_091100.420.sgy,split_01_ch4000_4405,4000,4405,0098_RAW_20230719_091100.420,1,split_01_ch4000_4405/0098_RAW_20230719_091100.420/seg_001.png,1000,3000,1.0,3.0,-1024.2,-610.4,Depth (m)
RAW_20230719_091100.420.sgy,split_01_ch4000_4405,4000,4405,0098_RAW_20230719_091100.420,2,split_01_ch4000_4405/0098_RAW_20230719_091100.420/seg_002.png,2000,4000,2.0,4.0,-1024.2,-610.4,Depth (m)
RAW_20230719_091100.420.sgy,split_01_ch4000_4405,4000,4405,0098_RAW_20230719_091100.420,3,split_01_ch4000_4405/0098_RAW_20230719_091100.420/seg_003.png,3000,5000,3.0,5.0,-1024.2,-610.4,Depth (m)
RAW_20230719_091918.440.sgy,split_01_ch4000_4405,4000,4405,0099_RAW_20230719_091918.440,0,split_01_ch4000_4405/0099_RAW_20230719_091918.440/seg_000.png,0,2000,0.0,2.0,-1024.2,-610.4,Depth (m)
RAW_20230719_091918.440.sgy,split_01_ch4000_4405,4000,4405,0099_RAW_20230719_091918.440,1,split_01_ch4000_4405/0099_RAW_20230719_091918.440/seg_001.png,1000,3000,1.0,3.0,-1024.2,-610.4,Depth (m)
RAW_20230719_091918.440.sgy,split_01_ch4000_4405,4000,4405,0099_RAW_20230719_091918.440,2,split_01_ch4000_4405/0099_RAW_20230719_091918.440/seg_002.png,2000,4000,2.0,4.0,-1024.2,-610.4,Depth (m)
RAW_20230719_091918.440.sgy,split_01_ch4000_4405,4000,4405,0099_RAW_20230719_091918.440,3,split_01_ch4000_4405/0099_RAW_20230719_091918.440/seg_003.png,3000,5000,3.0,5.0,-1024.2,-610.4,Depth (m)
RAW_20230719_093452.880.sgy,split_01_ch4000_4405,4000,4405,0100_RAW_20230719_093452.880,0,split_01_ch4000_4405/0100_RAW_20230719_093452.880/seg_000.png,0,2000,0.0,2.0,-1024.2,-610.4,Depth (m)
RAW_20230719_093452.880.sgy,split_01_ch4000_4405,4000,4405,0100_RAW_20230719_093452.880,1,split_01_ch4000_4405/0100_RAW_20230719_093452.880/seg_001.png,1000,3000,1.0,3.0,-1024.2,-610.4,Depth (m)
RAW_20230719_093452.880.sgy,split_01_ch4000_4405,4000,4405,0100_RAW_20230719_093452.880,2,split_01_ch4000_4405/0100_RAW_20230719_093452.880/seg_002.png,2000,4000,2.0,4.0,-1024.2,-610.4,Depth (m)
RAW_20230719_093452.880.sgy,split_01_ch4000_4405,4000,4405,0100_RAW_20230719_093452.880,3,split_01_ch4000_4405/0100_RAW_20230719_093452.880/seg_003.png,3000,5000,3.0,5.0,-1024.2,-610.4,Depth (m)
RAW_20230719_093502.800.sgy,split_01_ch4000_4405,4000,4405,0101_RAW_20230719_093502.800,0,split_01_ch4000_4405/0101_RAW_20230719_093502.800/seg_000.png,0,2000,0.0,2.0,-1024.2,-610.4,Depth (m)
RAW_20230719_093502.800.sgy,split_01_ch4000_4405,4000,4405,0101_RAW_20230719_093502.800,1,split_01_ch4000_4405/0101_RAW_20230719_093502.800/seg_001.png,1000,3000,1.0,3.0,-1024.2,-610.4,Depth (m)
RAW_20230719_093502.800.sgy,split_01_ch4000_4405,4000,4405,0101_RAW_20230719_093502.800,2,split_01_ch4000_4405/0101_RAW_20230719_093502.800/seg_002.png,2000,4000,2.0,4.0,-1024.2,-610.4,Depth (m)
RAW_20230719_093502.800.sgy,split_01_ch4000_4405,4000,4405,0101_RAW_20230719_093502.800,3,split_01_ch4000_4405/0101_RAW_20230719_093502.800/seg_003.png,3000,5000,3.0,5.0,-1024.2,-610.4,Depth (m)
RAW_20230719_093708.280.sgy,split_01_ch4000_4405,4000,4405,0102_RAW_20230719_093708.280,0,split_01_ch4000_4405/0102_RAW_20230719_093708.280/seg_000.png,0,2000,0.0,2.0,-1024.2,-610.4,Depth (m)
RAW_20230719_093708.280.sgy,split_01_ch4000_4405,4000,4405,0102_RAW_20230719_093708.280,1,split_01_ch4000_4405/0102_RAW_20230719_093708.280/seg_001.png,1000,3000,1.0,3.0,-1024.2,-610.4,Depth (m)
RAW_20230719_093708.280.sgy,split_01_ch4000_4405,4000,4405,0102_RAW_20230719_093708.280,2,split_01_ch4000_4405/0102_RAW_20230719_093708.280/seg_002.png,2000,4000,2.0,4.0,-1024.2,-610.4,Depth (m)
RAW_20230719_093708.280.sgy,split_01_ch4000_4405,4000,4405,0102_RAW_20230719_093708.280,3,split_01_ch4000_4405/0102_RAW_20230719_093708.280/seg_003.png,3000,5000,3.0,5.0,-1024.2,-610.4,Depth (m)
RAW_20230719_094210.020.sgy,split_01_ch4000_4405,4000,4405,0103_RAW_20230719_094210.020,0,split_01_ch4000_4405/0103_RAW_20230719_094210.020/seg_000.png,0,2000,0.0,2.0,-1024.2,-610.4,Depth (m)
RAW_20230719_094210.020.sgy,split_01_ch4000_4405,4000,4405,0103_RAW_20230719_094210.020,1,split_01_ch4000_4405/0103_RAW_20230719_094210.020/seg_001.png,1000,3000,1.0,3.0,-1024.2,-610.4,Depth (m)
RAW_20230719_094210.020.sgy,split_01_ch4000_4405,4000,4405,0103_RAW_20230719_094210.020,2,split_01_ch4000_4405/0103_RAW_20230719_094210.020/seg_002.png,2000,4000,2.0,4.0,-1024.2,-610.4,Depth (m)
RAW_20230719_094210.020.sgy,split_01_ch4000_4405,4000,4405,0103_RAW_20230719_094210.020,3,split_01_ch4000_4405/0103_RAW_20230719_094210.020/seg_003.png,3000,5000,3.0,5.0,-1024.2,-610.4,Depth (m)
RAW_20230719_094846.140.sgy,split_01_ch4000_4405,4000,4405,0104_RAW_20230719_094846.140,0,split_01_ch4000_4405/0104_RAW_20230719_094846.140/seg_000.png,0,2000,0.0,2.0,-1024.2,-610.4,Depth (m)
RAW_20230719_094846.140.sgy,split_01_ch4000_4405,4000,4405,0104_RAW_20230719_094846.140,1,split_01_ch4000_4405/0104_RAW_20230719_094846.140/seg_001.png,1000,3000,1.0,3.0,-1024.2,-610.4,Depth (m)
RAW_20230719_094846.140.sgy,split_01_ch4000_4405,4000,4405,0104_RAW_20230719_094846.140,2,split_01_ch4000_4405/0104_RAW_20230719_094846.140/seg_002.png,2000,4000,2.0,4.0,-1024.2,-610.4,Depth (m)
RAW_20230719_094846.140.sgy,split_01_ch4000_4405,4000,4405,0104_RAW_20230719_094846.140,3,split_01_ch4000_4405/0104_RAW_20230719_094846.140/seg_003.png,3000,5000,3.0,5.0,-1024.2,-610.4,Depth (m)
RAW_20230719_095255.020.sgy,split_01_ch4000_4405,4000,4405,0105_RAW_20230719_095255.020,0,split_01_ch4000_4405/0105_RAW_20230719_095255.020/seg_000.png,0,2000,0.0,2.0,-1024.2,-610.4,Depth (m)
RAW_20230719_095255.020.sgy,split_01_ch4000_4405,4000,4405,0105_RAW_20230719_095255.020,1,split_01_ch4000_4405/0105_RAW_20230719_095255.020/seg_001.png,1000,3000,1.0,3.0,-1024.2,-610.4,Depth (m)
RAW_20230719_095255.020.sgy,split_01_ch4000_4405,4000,4405,0105_RAW_20230719_095255.020,2,split_01_ch4000_4405/0105_RAW_20230719_095255.020/seg_002.png,2000,4000,2.0,4.0,-1024.2,-610.4,Depth (m)
RAW_20230719_095255.020.sgy,split_01_ch4000_4405,4000,4405,0105_RAW_20230719_095255.020,3,split_01_ch4000_4405/0105_RAW_20230719_095255.020/seg_003.png,3000,5000,3.0,5.0,-1024.2,-610.4,Depth (m)
RAW_20230719_095701.700.sgy,split_01_ch4000_4405,4000,4405,0106_RAW_20230719_095701.700,0,split_01_ch4000_4405/0106_RAW_20230719_095701.700/seg_000.png,0,2000,0.0,2.0,-1024.2,-610.4,Depth (m)
RAW_20230719_095701.700.sgy,split_01_ch4000_4405,4000,4405,0106_RAW_20230719_095701.700,1,split_01_ch4000_4405/0106_RAW_20230719_095701.700/seg_001.png,1000,3000,1.0,3.0,-1024.2,-610.4,Depth (m)
RAW_20230719_095701.700.sgy,split_01_ch4000_4405,4000,4405,0106_RAW_20230719_095701.700,2,split_01_ch4000_4405/0106_RAW_20230719_095701.700/seg_002.png,2000,4000,2.0,4.0,-1024.2,-610.4,Depth (m)
RAW_20230719_095701.700.sgy,split_01_ch4000_4405,4000,4405,0106_RAW_20230719_095701.700,3,split_01_ch4000_4405/0106_RAW_20230719_095701.700/seg_003.png,3000,5000,3.0,5.0,-1024.2,-610.4,Depth (m)
RAW_20230719_101049.560.sgy,split_01_ch4000_4405,4000,4405,0107_RAW_20230719_101049.560,0,split_01_ch4000_4405/0107_RAW_20230719_101049.560/seg_000.png,0,2000,0.0,2.0,-1024.2,-610.4,Depth (m)
RAW_20230719_101049.560.sgy,split_01_ch4000_4405,4000,4405,0107_RAW_20230719_101049.560,1,split_01_ch4000_4405/0107_RAW_20230719_101049.560/seg_001.png,1000,3000,1.0,3.0,-1024.2,-610.4,Depth (m)
RAW_20230719_101049.560.sgy,split_01_ch4000_4405,4000,4405,0107_RAW_20230719_101049.560,2,split_01_ch4000_4405/0107_RAW_20230719_101049.560/seg_002.png,2000,4000,2.0,4.0,-1024.2,-610.4,Depth (m)
RAW_20230719_101049.560.sgy,split_01_ch4000_4405,4000,4405,0107_RAW_20230719_101049.560,3,split_01_ch4000_4405/0107_RAW_20230719_101049.560/seg_003.png,3000,5000,3.0,5.0,-1024.2,-610.4,Depth (m)
RAW_20230719_101052.740.sgy,split_01_ch4000_4405,4000,4405,0108_RAW_20230719_101052.740,0,split_01_ch4000_4405/0108_RAW_20230719_101052.740/seg_000.png,0,2000,0.0,2.0,-1024.2,-610.4,Depth (m)
RAW_20230719_101052.740.sgy,split_01_ch4000_4405,4000,4405,0108_RAW_20230719_101052.740,1,split_01_ch4000_4405/0108_RAW_20230719_101052.740/seg_001.png,1000,3000,1.0,3.0,-1024.2,-610.4,Depth (m)
RAW_20230719_101052.740.sgy,split_01_ch4000_4405,4000,4405,0108_RAW_20230719_101052.740,2,split_01_ch4000_4405/0108_RAW_20230719_101052.740/seg_002.png,2000,4000,2.0,4.0,-1024.2,-610.4,Depth (m)
RAW_20230719_101052.740.sgy,split_01_ch4000_4405,4000,4405,0108_RAW_20230719_101052.740,3,split_01_ch4000_4405/0108_RAW_20230719_101052.740/seg_003.png,3000,5000,3.0,5.0,-1024.2,-610.4,Depth (m)
RAW_20230719_102845.060.sgy,split_01_ch4000_4405,4000,4405,0109_RAW_20230719_102845.060,0,split_01_ch4000_4405/0109_RAW_20230719_102845.060/seg_000.png,0,2000,0.0,2.0,-1024.2,-610.4,Depth (m)
RAW_20230719_102845.060.sgy,split_01_ch4000_4405,4000,4405,0109_RAW_20230719_102845.060,1,split_01_ch4000_4405/0109_RAW_20230719_102845.060/seg_001.png,1000,3000,1.0,3.0,-1024.2,-610.4,Depth (m)
RAW_20230719_102845.060.sgy,split_01_ch4000_4405,4000,4405,0109_RAW_20230719_102845.060,2,split_01_ch4000_4405/0109_RAW_20230719_102845.060/seg_002.png,2000,4000,2.0,4.0,-1024.2,-610.4,Depth (m)
RAW_20230719_102845.060.sgy,split_01_ch4000_4405,4000,4405,0109_RAW_20230719_102845.060,3,split_01_ch4000_4405/0109_RAW_20230719_102845.060/seg_003.png,3000,5000,3.0,5.0,-1024.2,-610.4,Depth (m)
RAW_20230719_103547.160.sgy,split_01_ch4000_4405,4000,4405,0110_RAW_20230719_103547.160,0,split_01_ch4000_4405/0110_RAW_20230719_103547.160/seg_000.png,0,2000,0.0,2.0,-1024.2,-610.4,Depth (m)
RAW_20230719_103547.160.sgy,split_01_ch4000_4405,4000,4405,0110_RAW_20230719_103547.160,1,split_01_ch4000_4405/0110_RAW_20230719_103547.160/seg_001.png,1000,3000,1.0,3.0,-1024.2,-610.4,Depth (m)
RAW_20230719_103547.160.sgy,split_01_ch4000_4405,4000,4405,0110_RAW_20230719_103547.160,2,split_01_ch4000_4405/0110_RAW_20230719_103547.160/seg_002.png,2000,4000,2.0,4.0,-1024.2,-610.4,Depth (m)
RAW_20230719_103547.160.sgy,split_01_ch4000_4405,4000,4405,0110_RAW_20230719_103547.160,3,split_01_ch4000_4405/0110_RAW_20230719_103547.160/seg_003.png,3000,5000,3.0,5.0,-1024.2,-610.4,Depth (m)
RAW_20230719_103618.440.sgy,split_01_ch4000_4405,4000,4405,0111_RAW_20230719_103618.440,0,split_01_ch4000_4405/0111_RAW_20230719_103618.440/seg_000.png,0,2000,0.0,2.0,-1024.2,-610.4,Depth (m)
RAW_20230719_103618.440.sgy,split_01_ch4000_4405,4000,4405,0111_RAW_20230719_103618.440,1,split_01_ch4000_4405/0111_RAW_20230719_103618.440/seg_001.png,1000,3000,1.0,3.0,-1024.2,-610.4,Depth (m)
RAW_20230719_103618.440.sgy,split_01_ch4000_4405,4000,4405,0111_RAW_20230719_103618.440,2,split_01_ch4000_4405/0111_RAW_20230719_103618.440/seg_002.png,2000,4000,2.0,4.0,-1024.2,-610.4,Depth (m)
RAW_20230719_103618.440.sgy,split_01_ch4000_4405,4000,4405,0111_RAW_20230719_103618.440,3,split_01_ch4000_4405/0111_RAW_20230719_103618.440/seg_003.png,3000,5000,3.0,5.0,-1024.2,-610.4,Depth (m)
RAW_20230719_104045.740.sgy,split_01_ch4000_4405,4000,4405,0112_RAW_20230719_104045.740,0,split_01_ch4000_4405/0112_RAW_20230719_104045.740/seg_000.png,0,2000,0.0,2.0,-1024.2,-610.4,Depth (m)
RAW_20230719_104045.740.sgy,split_01_ch4000_4405,4000,4405,0112_RAW_20230719_104045.740,1,split_01_ch4000_4405/0112_RAW_20230719_104045.740/seg_001.png,1000,3000,1.0,3.0,-1024.2,-610.4,Depth (m)
RAW_20230719_104045.740.sgy,split_01_ch4000_4405,4000,4405,0112_RAW_20230719_104045.740,2,split_01_ch4000_4405/0112_RAW_20230719_104045.740/seg_002.png,2000,4000,2.0,4.0,-1024.2,-610.4,Depth (m)
RAW_20230719_104045.740.sgy,split_01_ch4000_4405,4000,4405,0112_RAW_20230719_104045.740,3,split_01_ch4000_4405/0112_RAW_20230719_104045.740/seg_003.png,3000,5000,3.0,5.0,-1024.2,-610.4,Depth (m)
RAW_20230719_105054.260.sgy,split_01_ch4000_4405,4000,4405,0113_RAW_20230719_105054.260,0,split_01_ch4000_4405/0113_RAW_20230719_105054.260/seg_000.png,0,2000,0.0,2.0,-1024.2,-610.4,Depth (m)
RAW_20230719_105054.260.sgy,split_01_ch4000_4405,4000,4405,0113_RAW_20230719_105054.260,1,split_01_ch4000_4405/0113_RAW_20230719_105054.260/seg_001.png,1000,3000,1.0,3.0,-1024.2,-610.4,Depth (m)
RAW_20230719_105054.260.sgy,split_01_ch4000_4405,4000,4405,0113_RAW_20230719_105054.260,2,split_01_ch4000_4405/0113_RAW_20230719_105054.260/seg_002.png,2000,4000,2.0,4.0,-1024.2,-610.4,Depth (m)
RAW_20230719_105054.260.sgy,split_01_ch4000_4405,4000,4405,0113_RAW_20230719_105054.260,3,split_01_ch4000_4405/0113_RAW_20230719_105054.260/seg_003.png,3000,5000,3.0,5.0,-1024.2,-610.4,Depth (m)
RAW_20230719_105130.800.sgy,split_01_ch4000_4405,4000,4405,0114_RAW_20230719_105130.800,0,split_01_ch4000_4405/0114_RAW_20230719_105130.800/seg_000.png,0,2000,0.0,2.0,-1024.2,-610.4,Depth (m)
RAW_20230719_105130.800.sgy,split_01_ch4000_4405,4000,4405,0114_RAW_20230719_105130.800,1,split_01_ch4000_4405/0114_RAW_20230719_105130.800/seg_001.png,1000,3000,1.0,3.0,-1024.2,-610.4,Depth (m)
RAW_20230719_105130.800.sgy,split_01_ch4000_4405,4000,4405,0114_RAW_20230719_105130.800,2,split_01_ch4000_4405/0114_RAW_20230719_105130.800/seg_002.png,2000,4000,2.0,4.0,-1024.2,-610.4,Depth (m)
RAW_20230719_105130.800.sgy,split_01_ch4000_4405,4000,4405,0114_RAW_20230719_105130.800,3,split_01_ch4000_4405/0114_RAW_20230719_105130.800/seg_003.png,3000,5000,3.0,5.0,-1024.2,-610.4,Depth (m)
RAW_20230719_105433.420.sgy,split_01_ch4000_4405,4000,4405,0115_RAW_20230719_105433.420,0,split_01_ch4000_4405/0115_RAW_20230719_105433.420/seg_000.png,0,2000,0.0,2.0,-1024.2,-610.4,Depth (m)
RAW_20230719_105433.420.sgy,split_01_ch4000_4405,4000,4405,0115_RAW_20230719_105433.420,1,split_01_ch4000_4405/0115_RAW_20230719_105433.420/seg_001.png,1000,3000,1.0,3.0,-1024.2,-610.4,Depth (m)
RAW_20230719_105433.420.sgy,split_01_ch4000_4405,4000,4405,0115_RAW_20230719_105433.420,2,split_01_ch4000_4405/0115_RAW_20230719_105433.420/seg_002.png,2000,4000,2.0,4.0,-1024.2,-610.4,Depth (m)
RAW_20230719_105433.420.sgy,split_01_ch4000_4405,4000,4405,0115_RAW_20230719_105433.420,3,split_01_ch4000_4405/0115_RAW_20230719_105433.420/seg_003.png,3000,5000,3.0,5.0,-1024.2,-610.4,Depth (m)
RAW_20230719_105917.020.sgy,split_01_ch4000_4405,4000,4405,0116_RAW_20230719_105917.020,0,split_01_ch4000_4405/0116_RAW_20230719_105917.020/seg_000.png,0,2000,0.0,2.0,-1024.2,-610.4,Depth (m)
RAW_20230719_105917.020.sgy,split_01_ch4000_4405,4000,4405,0116_RAW_20230719_105917.020,1,split_01_ch4000_4405/0116_RAW_20230719_105917.020/seg_001.png,1000,3000,1.0,3.0,-1024.2,-610.4,Depth (m)
RAW_20230719_105917.020.sgy,split_01_ch4000_4405,4000,4405,0116_RAW_20230719_105917.020,2,split_01_ch4000_4405/0116_RAW_20230719_105917.020/seg_002.png,2000,4000,2.0,4.0,-1024.2,-610.4,Depth (m)
RAW_20230719_105917.020.sgy,split_01_ch4000_4405,4000,4405,0116_RAW_20230719_105917.020,3,split_01_ch4000_4405/0116_RAW_20230719_105917.020/seg_003.png,3000,5000,3.0,5.0,-1024.2,-610.4,Depth (m)
RAW_20230719_111856.500.sgy,split_01_ch4000_4405,4000,4405,0117_RAW_20230719_111856.500,0,split_01_ch4000_4405/0117_RAW_20230719_111856.500/seg_000.png,0,2000,0.0,2.0,-1024.2,-610.4,Depth (m)
RAW_20230719_111856.500.sgy,split_01_ch4000_4405,4000,4405,0117_RAW_20230719_111856.500,1,split_01_ch4000_4405/0117_RAW_20230719_111856.500/seg_001.png,1000,3000,1.0,3.0,-1024.2,-610.4,Depth (m)
RAW_20230719_111856.500.sgy,split_01_ch4000_4405,4000,4405,0117_RAW_20230719_111856.500,2,split_01_ch4000_4405/0117_RAW_20230719_111856.500/seg_002.png,2000,4000,2.0,4.0,-1024.2,-610.4,Depth (m)
RAW_20230719_111856.500.sgy,split_01_ch4000_4405,4000,4405,0117_RAW_20230719_111856.500,3,split_01_ch4000_4405/0117_RAW_20230719_111856.500/seg_003.png,3000,5000,3.0,5.0,-1024.2,-610.4,Depth (m)
RAW_20230719_112045.660.sgy,split_01_ch4000_4405,4000,4405,0118_RAW_20230719_112045.660,0,split_01_ch4000_4405/0118_RAW_20230719_112045.660/seg_000.png,0,2000,0.0,2.0,-1024.2,-610.4,Depth (m)
RAW_20230719_112045.660.sgy,split_01_ch4000_4405,4000,4405,0118_RAW_20230719_112045.660,1,split_01_ch4000_4405/0118_RAW_20230719_112045.660/seg_001.png,1000,3000,1.0,3.0,-1024.2,-610.4,Depth (m)
RAW_20230719_112045.660.sgy,split_01_ch4000_4405,4000,4405,0118_RAW_20230719_112045.660,2,split_01_ch4000_4405/0118_RAW_20230719_112045.660/seg_002.png,2000,4000,2.0,4.0,-1024.2,-610.4,Depth (m)
RAW_20230719_112045.660.sgy,split_01_ch4000_4405,4000,4405,0118_RAW_20230719_112045.660,3,split_01_ch4000_4405/0118_RAW_20230719_112045.660/seg_003.png,3000,5000,3.0,5.0,-1024.2,-610.4,Depth (m)
RAW_20230719_112244.740.sgy,split_01_ch4000_4405,4000,4405,0119_RAW_20230719_112244.740,0,split_01_ch4000_4405/0119_RAW_20230719_112244.740/seg_000.png,0,2000,0.0,2.0,-1024.2,-610.4,Depth (m)
RAW_20230719_112244.740.sgy,split_01_ch4000_4405,4000,4405,0119_RAW_20230719_112244.740,1,split_01_ch4000_4405/0119_RAW_20230719_112244.740/seg_001.png,1000,3000,1.0,3.0,-1024.2,-610.4,Depth (m)
RAW_20230719_112244.740.sgy,split_01_ch4000_4405,4000,4405,0119_RAW_20230719_112244.740,2,split_01_ch4000_4405/0119_RAW_20230719_112244.740/seg_002.png,2000,4000,2.0,4.0,-1024.2,-610.4,Depth (m)
RAW_20230719_112244.740.sgy,split_01_ch4000_4405,4000,4405,0119_RAW_20230719_112244.740,3,split_01_ch4000_4405/0119_RAW_20230719_112244.740/seg_003.png,3000,5000,3.0,5.0,-1024.2,-610.4,Depth (m)
RAW_20230719_113029.220.sgy,split_01_ch4000_4405,4000,4405,0120_RAW_20230719_113029.220,0,split_01_ch4000_4405/0120_RAW_20230719_113029.220/seg_000.png,0,2000,0.0,2.0,-1024.2,-610.4,Depth (m)
RAW_20230719_113029.220.sgy,split_01_ch4000_4405,4000,4405,0120_RAW_20230719_113029.220,1,split_01_ch4000_4405/0120_RAW_20230719_113029.220/seg_001.png,1000,3000,1.0,3.0,-1024.2,-610.4,Depth (m)
RAW_20230719_113029.220.sgy,split_01_ch4000_4405,4000,4405,0120_RAW_20230719_113029.220,2,split_01_ch4000_4405/0120_RAW_20230719_113029.220/seg_002.png,2000,4000,2.0,4.0,-1024.2,-610.4,Depth (m)
RAW_20230719_113029.220.sgy,split_01_ch4000_4405,4000,4405,0120_RAW_20230719_113029.220,3,split_01_ch4000_4405/0120_RAW_20230719_113029.220/seg_003.png,3000,5000,3.0,5.0,-1024.2,-610.4,Depth (m)
RAW_20230719_113839.760.sgy,split_01_ch4000_4405,4000,4405,0121_RAW_20230719_113839.760,0,split_01_ch4000_4405/0121_RAW_20230719_113839.760/seg_000.png,0,2000,0.0,2.0,-1024.2,-610.4,Depth (m)
RAW_20230719_113839.760.sgy,split_01_ch4000_4405,4000,4405,0121_RAW_20230719_113839.760,1,split_01_ch4000_4405/0121_RAW_20230719_113839.760/seg_001.png,1000,3000,1.0,3.0,-1024.2,-610.4,Depth (m)
RAW_20230719_113839.760.sgy,split_01_ch4000_4405,4000,4405,0121_RAW_20230719_113839.760,2,split_01_ch4000_4405/0121_RAW_20230719_113839.760/seg_002.png,2000,4000,2.0,4.0,-1024.2,-610.4,Depth (m)
RAW_20230719_113839.760.sgy,split_01_ch4000_4405,4000,4405,0121_RAW_20230719_113839.760,3,split_01_ch4000_4405/0121_RAW_20230719_113839.760/seg_003.png,3000,5000,3.0,5.0,-1024.2,-610.4,Depth (m)
RAW_20230719_114141.700.sgy,split_01_ch4000_4405,4000,4405,0122_RAW_20230719_114141.700,0,split_01_ch4000_4405/0122_RAW_20230719_114141.700/seg_000.png,0,2000,0.0,2.0,-1024.2,-610.4,Depth (m)
RAW_20230719_114141.700.sgy,split_01_ch4000_4405,4000,4405,0122_RAW_20230719_114141.700,1,split_01_ch4000_4405/0122_RAW_20230719_114141.700/seg_001.png,1000,3000,1.0,3.0,-1024.2,-610.4,Depth (m)
RAW_20230719_114141.700.sgy,split_01_ch4000_4405,4000,4405,0122_RAW_20230719_114141.700,2,split_01_ch4000_4405/0122_RAW_20230719_114141.700/seg_002.png,2000,4000,2.0,4.0,-1024.2,-610.4,Depth (m)
RAW_20230719_114141.700.sgy,split_01_ch4000_4405,4000,4405,0122_RAW_20230719_114141.700,3,split_01_ch4000_4405/0122_RAW_20230719_114141.700/seg_003.png,3000,5000,3.0,5.0,-1024.2,-610.4,Depth (m)
RAW_20230719_114459.940.sgy,split_01_ch4000_4405,4000,4405,0123_RAW_20230719_114459.940,0,split_01_ch4000_4405/0123_RAW_20230719_114459.940/seg_000.png,0,2000,0.0,2.0,-1024.2,-610.4,Depth (m)
RAW_20230719_114459.940.sgy,split_01_ch4000_4405,4000,4405,0123_RAW_20230719_114459.940,1,split_01_ch4000_4405/0123_RAW_20230719_114459.940/seg_001.png,1000,3000,1.0,3.0,-1024.2,-610.4,Depth (m)
RAW_20230719_114459.940.sgy,split_01_ch4000_4405,4000,4405,0123_RAW_20230719_114459.940,2,split_01_ch4000_4405/0123_RAW_20230719_114459.940/seg_002.png,2000,4000,2.0,4.0,-1024.2,-610.4,Depth (m)
RAW_20230719_114459.940.sgy,split_01_ch4000_4405,4000,4405,0123_RAW_20230719_114459.940,3,split_01_ch4000_4405/0123_RAW_20230719_114459.940/seg_003.png,3000,5000,3.0,5.0,-1024.2,-610.4,Depth (m)
RAW_20230719_114539.400.sgy,split_01_ch4000_4405,4000,4405,0124_RAW_20230719_114539.400,0,split_01_ch4000_4405/0124_RAW_20230719_114539.400/seg_000.png,0,2000,0.0,2.0,-1024.2,-610.4,Depth (m)
RAW_20230719_114539.400.sgy,split_01_ch4000_4405,4000,4405,0124_RAW_20230719_114539.400,1,split_01_ch4000_4405/0124_RAW_20230719_114539.400/seg_001.png,1000,3000,1.0,3.0,-1024.2,-610.4,Depth (m)
RAW_20230719_114539.400.sgy,split_01_ch4000_4405,4000,4405,0124_RAW_20230719_114539.400,2,split_01_ch4000_4405/0124_RAW_20230719_114539.400/seg_002.png,2000,4000,2.0,4.0,-1024.2,-610.4,Depth (m)
RAW_20230719_114539.400.sgy,split_01_ch4000_4405,4000,4405,0124_RAW_20230719_114539.400,3,split_01_ch4000_4405/0124_RAW_20230719_114539.400/seg_003.png,3000,5000,3.0,5.0,-1024.2,-610.4,Depth (m)
RAW_20230719_114645.440.sgy,split_01_ch4000_4405,4000,4405,0125_RAW_20230719_114645.440,0,split_01_ch4000_4405/0125_RAW_20230719_114645.440/seg_000.png,0,2000,0.0,2.0,-1024.2,-610.4,Depth (m)
RAW_20230719_114645.440.sgy,split_01_ch4000_4405,4000,4405,0125_RAW_20230719_114645.440,1,split_01_ch4000_4405/0125_RAW_20230719_114645.440/seg_001.png,1000,3000,1.0,3.0,-1024.2,-610.4,Depth (m)
RAW_20230719_114645.440.sgy,split_01_ch4000_4405,4000,4405,0125_RAW_20230719_114645.440,2,split_01_ch4000_4405/0125_RAW_20230719_114645.440/seg_002.png,2000,4000,2.0,4.0,-1024.2,-610.4,Depth (m)
RAW_20230719_114645.440.sgy,split_01_ch4000_4405,4000,4405,0125_RAW_20230719_114645.440,3,split_01_ch4000_4405/0125_RAW_20230719_114645.440/seg_003.png,3000,5000,3.0,5.0,-1024.2,-610.4,Depth (m)
RAW_20230719_114858.180.sgy,split_01_ch4000_4405,4000,4405,0126_RAW_20230719_114858.180,0,split_01_ch4000_4405/0126_RAW_20230719_114858.180/seg_000.png,0,2000,0.0,2.0,-1024.2,-610.4,Depth (m)
RAW_20230719_114858.180.sgy,split_01_ch4000_4405,4000,4405,0126_RAW_20230719_114858.180,1,split_01_ch4000_4405/0126_RAW_20230719_114858.180/seg_001.png,1000,3000,1.0,3.0,-1024.2,-610.4,Depth (m)
RAW_20230719_114858.180.sgy,split_01_ch4000_4405,4000,4405,0126_RAW_20230719_114858.180,2,split_01_ch4000_4405/0126_RAW_20230719_114858.180/seg_002.png,2000,4000,2.0,4.0,-1024.2,-610.4,Depth (m)
RAW_20230719_114858.180.sgy,split_01_ch4000_4405,4000,4405,0126_RAW_20230719_114858.180,3,split_01_ch4000_4405/0126_RAW_20230719_114858.180/seg_003.png,3000,5000,3.0,5.0,-1024.2,-610.4,Depth (m)
RAW_20230719_120910.060.sgy,split_01_ch4000_4405,4000,4405,0127_RAW_20230719_120910.060,0,split_01_ch4000_4405/0127_RAW_20230719_120910.060/seg_000.png,0,2000,0.0,2.0,-1024.2,-610.4,Depth (m)
RAW_20230719_120910.060.sgy,split_01_ch4000_4405,4000,4405,0127_RAW_20230719_120910.060,1,split_01_ch4000_4405/0127_RAW_20230719_120910.060/seg_001.png,1000,3000,1.0,3.0,-1024.2,-610.4,Depth (m)
RAW_20230719_120910.060.sgy,split_01_ch4000_4405,4000,4405,0127_RAW_20230719_120910.060,2,split_01_ch4000_4405/0127_RAW_20230719_120910.060/seg_002.png,2000,4000,2.0,4.0,-1024.2,-610.4,Depth (m)
RAW_20230719_120910.060.sgy,split_01_ch4000_4405,4000,4405,0127_RAW_20230719_120910.060,3,split_01_ch4000_4405/0127_RAW_20230719_120910.060/seg_003.png,3000,5000,3.0,5.0,-1024.2,-610.4,Depth (m)
RAW_20230719_121356.380.sgy,split_01_ch4000_4405,4000,4405,0128_RAW_20230719_121356.380,0,split_01_ch4000_4405/0128_RAW_20230719_121356.380/seg_000.png,0,2000,0.0,2.0,-1024.2,-610.4,Depth (m)
RAW_20230719_121356.380.sgy,split_01_ch4000_4405,4000,4405,0128_RAW_20230719_121356.380,1,split_01_ch4000_4405/0128_RAW_20230719_121356.380/seg_001.png,1000,3000,1.0,3.0,-1024.2,-610.4,Depth (m)
RAW_20230719_121356.380.sgy,split_01_ch4000_4405,4000,4405,0128_RAW_20230719_121356.380,2,split_01_ch4000_4405/0128_RAW_20230719_121356.380/seg_002.png,2000,4000,2.0,4.0,-1024.2,-610.4,Depth (m)
RAW_20230719_121356.380.sgy,split_01_ch4000_4405,4000,4405,0128_RAW_20230719_121356.380,3,split_01_ch4000_4405/0128_RAW_20230719_121356.380/seg_003.png,3000,5000,3.0,5.0,-1024.2,-610.4,Depth (m)
RAW_20230719_124327.820.sgy,split_01_ch4000_4405,4000,4405,0129_RAW_20230719_124327.820,0,split_01_ch4000_4405/0129_RAW_20230719_124327.820/seg_000.png,0,2000,0.0,2.0,-1024.2,-610.4,Depth (m)
RAW_20230719_124327.820.sgy,split_01_ch4000_4405,4000,4405,0129_RAW_20230719_124327.820,1,split_01_ch4000_4405/0129_RAW_20230719_124327.820/seg_001.png,1000,3000,1.0,3.0,-1024.2,-610.4,Depth (m)
RAW_20230719_124327.820.sgy,split_01_ch4000_4405,4000,4405,0129_RAW_20230719_124327.820,2,split_01_ch4000_4405/0129_RAW_20230719_124327.820/seg_002.png,2000,4000,2.0,4.0,-1024.2,-610.4,Depth (m)
RAW_20230719_124327.820.sgy,split_01_ch4000_4405,4000,4405,0129_RAW_20230719_124327.820,3,split_01_ch4000_4405/0129_RAW_20230719_124327.820/seg_003.png,3000,5000,3.0,5.0,-1024.2,-610.4,Depth (m)
RAW_20230719_124657.380.sgy,split_01_ch4000_4405,4000,4405,0130_RAW_20230719_124657.380,0,split_01_ch4000_4405/0130_RAW_20230719_124657.380/seg_000.png,0,2000,0.0,2.0,-1024.2,-610.4,Depth (m)
RAW_20230719_124657.380.sgy,split_01_ch4000_4405,4000,4405,0130_RAW_20230719_124657.380,1,split_01_ch4000_4405/0130_RAW_20230719_124657.380/seg_001.png,1000,3000,1.0,3.0,-1024.2,-610.4,Depth (m)
RAW_20230719_124657.380.sgy,split_01_ch4000_4405,4000,4405,0130_RAW_20230719_124657.380,2,split_01_ch4000_4405/0130_RAW_20230719_124657.380/seg_002.png,2000,4000,2.0,4.0,-1024.2,-610.4,Depth (m)
RAW_20230719_124657.380.sgy,split_01_ch4000_4405,4000,4405,0130_RAW_20230719_124657.380,3,split_01_ch4000_4405/0130_RAW_20230719_124657.380/seg_003.png,3000,5000,3.0,5.0,-1024.2,-610.4,Depth (m)
RAW_20230719_124910.540.sgy,split_01_ch4000_4405,4000,4405,0131_RAW_20230719_124910.540,0,split_01_ch4000_4405/0131_RAW_20230719_124910.540/seg_000.png,0,2000,0.0,2.0,-1024.2,-610.4,Depth (m)
RAW_20230719_124910.540.sgy,split_01_ch4000_4405,4000,4405,0131_RAW_20230719_124910.540,1,split_01_ch4000_4405/0131_RAW_20230719_124910.540/seg_001.png,1000,3000,1.0,3.0,-1024.2,-610.4,Depth (m)
RAW_20230719_124910.540.sgy,split_01_ch4000_4405,4000,4405,0131_RAW_20230719_124910.540,2,split_01_ch4000_4405/0131_RAW_20230719_124910.540/seg_002.png,2000,4000,2.0,4.0,-1024.2,-610.4,Depth (m)
RAW_20230719_124910.540.sgy,split_01_ch4000_4405,4000,4405,0131_RAW_20230719_124910.540,3,split_01_ch4000_4405/0131_RAW_20230719_124910.540/seg_003.png,3000,5000,3.0,5.0,-1024.2,-610.4,Depth (m)
RAW_20230719_125617.420.sgy,split_01_ch4000_4405,4000,4405,0132_RAW_20230719_125617.420,0,split_01_ch4000_4405/0132_RAW_20230719_125617.420/seg_000.png,0,2000,0.0,2.0,-1024.2,-610.4,Depth (m)
RAW_20230719_125617.420.sgy,split_01_ch4000_4405,4000,4405,0132_RAW_20230719_125617.420,1,split_01_ch4000_4405/0132_RAW_20230719_125617.420/seg_001.png,1000,3000,1.0,3.0,-1024.2,-610.4,Depth (m)
RAW_20230719_125617.420.sgy,split_01_ch4000_4405,4000,4405,0132_RAW_20230719_125617.420,2,split_01_ch4000_4405/0132_RAW_20230719_125617.420/seg_002.png,2000,4000,2.0,4.0,-1024.2,-610.4,Depth (m)
RAW_20230719_125617.420.sgy,split_01_ch4000_4405,4000,4405,0132_RAW_20230719_125617.420,3,split_01_ch4000_4405/0132_RAW_20230719_125617.420/seg_003.png,3000,5000,3.0,5.0,-1024.2,-610.4,Depth (m)
RAW_20230719_125643.720.sgy,split_01_ch4000_4405,4000,4405,0133_RAW_20230719_125643.720,0,split_01_ch4000_4405/0133_RAW_20230719_125643.720/seg_000.png,0,2000,0.0,2.0,-1024.2,-610.4,Depth (m)
RAW_20230719_125643.720.sgy,split_01_ch4000_4405,4000,4405,0133_RAW_20230719_125643.720,1,split_01_ch4000_4405/0133_RAW_20230719_125643.720/seg_001.png,1000,3000,1.0,3.0,-1024.2,-610.4,Depth (m)
RAW_20230719_125643.720.sgy,split_01_ch4000_4405,4000,4405,0133_RAW_20230719_125643.720,2,split_01_ch4000_4405/0133_RAW_20230719_125643.720/seg_002.png,2000,4000,2.0,4.0,-1024.2,-610.4,Depth (m)
RAW_20230719_125643.720.sgy,split_01_ch4000_4405,4000,4405,0133_RAW_20230719_125643.720,3,split_01_ch4000_4405/0133_RAW_20230719_125643.720/seg_003.png,3000,5000,3.0,5.0,-1024.2,-610.4,Depth (m)
RAW_20230719_130548.860.sgy,split_01_ch4000_4405,4000,4405,0134_RAW_20230719_130548.860,0,split_01_ch4000_4405/0134_RAW_20230719_130548.860/seg_000.png,0,2000,0.0,2.0,-1024.2,-610.4,Depth (m)
RAW_20230719_130548.860.sgy,split_01_ch4000_4405,4000,4405,0134_RAW_20230719_130548.860,1,split_01_ch4000_4405/0134_RAW_20230719_130548.860/seg_001.png,1000,3000,1.0,3.0,-1024.2,-610.4,Depth (m)
RAW_20230719_130548.860.sgy,split_01_ch4000_4405,4000,4405,0134_RAW_20230719_130548.860,2,split_01_ch4000_4405/0134_RAW_20230719_130548.860/seg_002.png,2000,4000,2.0,4.0,-1024.2,-610.4,Depth (m)
RAW_20230719_130548.860.sgy,split_01_ch4000_4405,4000,4405,0134_RAW_20230719_130548.860,3,split_01_ch4000_4405/0134_RAW_20230719_130548.860/seg_003.png,3000,5000,3.0,5.0,-1024.2,-610.4,Depth (m)
RAW_20230719_131651.700.sgy,split_01_ch4000_4405,4000,4405,0135_RAW_20230719_131651.700,0,split_01_ch4000_4405/0135_RAW_20230719_131651.700/seg_000.png,0,2000,0.0,2.0,-1024.2,-610.4,Depth (m)
RAW_20230719_131651.700.sgy,split_01_ch4000_4405,4000,4405,0135_RAW_20230719_131651.700,1,split_01_ch4000_4405/0135_RAW_20230719_131651.700/seg_001.png,1000,3000,1.0,3.0,-1024.2,-610.4,Depth (m)
RAW_20230719_131651.700.sgy,split_01_ch4000_4405,4000,4405,0135_RAW_20230719_131651.700,2,split_01_ch4000_4405/0135_RAW_20230719_131651.700/seg_002.png,2000,4000,2.0,4.0,-1024.2,-610.4,Depth (m)
RAW_20230719_131651.700.sgy,split_01_ch4000_4405,4000,4405,0135_RAW_20230719_131651.700,3,split_01_ch4000_4405/0135_RAW_20230719_131651.700/seg_003.png,3000,5000,3.0,5.0,-1024.2,-610.4,Depth (m)
RAW_20230719_131653.920.sgy,split_01_ch4000_4405,4000,4405,0136_RAW_20230719_131653.920,0,split_01_ch4000_4405/0136_RAW_20230719_131653.920/seg_000.png,0,2000,0.0,2.0,-1024.2,-610.4,Depth (m)
RAW_20230719_131653.920.sgy,split_01_ch4000_4405,4000,4405,0136_RAW_20230719_131653.920,1,split_01_ch4000_4405/0136_RAW_20230719_131653.920/seg_001.png,1000,3000,1.0,3.0,-1024.2,-610.4,Depth (m)
RAW_20230719_131653.920.sgy,split_01_ch4000_4405,4000,4405,0136_RAW_20230719_131653.920,2,split_01_ch4000_4405/0136_RAW_20230719_131653.920/seg_002.png,2000,4000,2.0,4.0,-1024.2,-610.4,Depth (m)
RAW_20230719_131653.920.sgy,split_01_ch4000_4405,4000,4405,0136_RAW_20230719_131653.920,3,split_01_ch4000_4405/0136_RAW_20230719_131653.920/seg_003.png,3000,5000,3.0,5.0,-1024.2,-610.4,Depth (m)
RAW_20230719_133952.740.sgy,split_01_ch4000_4405,4000,4405,0137_RAW_20230719_133952.740,0,split_01_ch4000_4405/0137_RAW_20230719_133952.740/seg_000.png,0,2000,0.0,2.0,-1024.2,-610.4,Depth (m)
RAW_20230719_133952.740.sgy,split_01_ch4000_4405,4000,4405,0137_RAW_20230719_133952.740,1,split_01_ch4000_4405/0137_RAW_20230719_133952.740/seg_001.png,1000,3000,1.0,3.0,-1024.2,-610.4,Depth (m)
RAW_20230719_133952.740.sgy,split_01_ch4000_4405,4000,4405,0137_RAW_20230719_133952.740,2,split_01_ch4000_4405/0137_RAW_20230719_133952.740/seg_002.png,2000,4000,2.0,4.0,-1024.2,-610.4,Depth (m)
RAW_20230719_133952.740.sgy,split_01_ch4000_4405,4000,4405,0137_RAW_20230719_133952.740,3,split_01_ch4000_4405/0137_RAW_20230719_133952.740/seg_003.png,3000,5000,3.0,5.0,-1024.2,-610.4,Depth (m)
RAW_20230719_134203.960.sgy,split_01_ch4000_4405,4000,4405,0138_RAW_20230719_134203.960,0,split_01_ch4000_4405/0138_RAW_20230719_134203.960/seg_000.png,0,2000,0.0,2.0,-1024.2,-610.4,Depth (m)
RAW_20230719_134203.960.sgy,split_01_ch4000_4405,4000,4405,0138_RAW_20230719_134203.960,1,split_01_ch4000_4405/0138_RAW_20230719_134203.960/seg_001.png,1000,3000,1.0,3.0,-1024.2,-610.4,Depth (m)
RAW_20230719_134203.960.sgy,split_01_ch4000_4405,4000,4405,0138_RAW_20230719_134203.960,2,split_01_ch4000_4405/0138_RAW_20230719_134203.960/seg_002.png,2000,4000,2.0,4.0,-1024.2,-610.4,Depth (m)
RAW_20230719_134203.960.sgy,split_01_ch4000_4405,4000,4405,0138_RAW_20230719_134203.960,3,split_01_ch4000_4405/0138_RAW_20230719_134203.960/seg_003.png,3000,5000,3.0,5.0,-1024.2,-610.4,Depth (m)
RAW_20230719_135423.660.sgy,split_01_ch4000_4405,4000,4405,0139_RAW_20230719_135423.660,0,split_01_ch4000_4405/0139_RAW_20230719_135423.660/seg_000.png,0,2000,0.0,2.0,-1024.2,-610.4,Depth (m)
RAW_20230719_135423.660.sgy,split_01_ch4000_4405,4000,4405,0139_RAW_20230719_135423.660,1,split_01_ch4000_4405/0139_RAW_20230719_135423.660/seg_001.png,1000,3000,1.0,3.0,-1024.2,-610.4,Depth (m)
RAW_20230719_135423.660.sgy,split_01_ch4000_4405,4000,4405,0139_RAW_20230719_135423.660,2,split_01_ch4000_4405/0139_RAW_20230719_135423.660/seg_002.png,2000,4000,2.0,4.0,-1024.2,-610.4,Depth (m)
RAW_20230719_135423.660.sgy,split_01_ch4000_4405,4000,4405,0139_RAW_20230719_135423.660,3,split_01_ch4000_4405/0139_RAW_20230719_135423.660/seg_003.png,3000,5000,3.0,5.0,-1024.2,-610.4,Depth (m)
RAW_20230719_135957.880.sgy,split_01_ch4000_4405,4000,4405,0140_RAW_20230719_135957.880,0,split_01_ch4000_4405/0140_RAW_20230719_135957.880/seg_000.png,0,2000,0.0,2.0,-1024.2,-610.4,Depth (m)
RAW_20230719_135957.880.sgy,split_01_ch4000_4405,4000,4405,0140_RAW_20230719_135957.880,1,split_01_ch4000_4405/0140_RAW_20230719_135957.880/seg_001.png,1000,3000,1.0,3.0,-1024.2,-610.4,Depth (m)
RAW_20230719_135957.880.sgy,split_01_ch4000_4405,4000,4405,0140_RAW_20230719_135957.880,2,split_01_ch4000_4405/0140_RAW_20230719_135957.880/seg_002.png,2000,4000,2.0,4.0,-1024.2,-610.4,Depth (m)
RAW_20230719_135957.880.sgy,split_01_ch4000_4405,4000,4405,0140_RAW_20230719_135957.880,3,split_01_ch4000_4405/0140_RAW_20230719_135957.880/seg_003.png,3000,5000,3.0,5.0,-1024.2,-610.4,Depth (m)
RAW_20230719_140753.600.sgy,split_01_ch4000_4405,4000,4405,0141_RAW_20230719_140753.600,0,split_01_ch4000_4405/0141_RAW_20230719_140753.600/seg_000.png,0,2000,0.0,2.0,-1024.2,-610.4,Depth (m)
RAW_20230719_140753.600.sgy,split_01_ch4000_4405,4000,4405,0141_RAW_20230719_140753.600,1,split_01_ch4000_4405/0141_RAW_20230719_140753.600/seg_001.png,1000,3000,1.0,3.0,-1024.2,-610.4,Depth (m)
RAW_20230719_140753.600.sgy,split_01_ch4000_4405,4000,4405,0141_RAW_20230719_140753.600,2,split_01_ch4000_4405/0141_RAW_20230719_140753.600/seg_002.png,2000,4000,2.0,4.0,-1024.2,-610.4,Depth (m)
RAW_20230719_140753.600.sgy,split_01_ch4000_4405,4000,4405,0141_RAW_20230719_140753.600,3,split_01_ch4000_4405/0141_RAW_20230719_140753.600/seg_003.png,3000,5000,3.0,5.0,-1024.2,-610.4,Depth (m)
RAW_20230719_141257.260.sgy,split_01_ch4000_4405,4000,4405,0142_RAW_20230719_141257.260,0,split_01_ch4000_4405/0142_RAW_20230719_141257.260/seg_000.png,0,2000,0.0,2.0,-1024.2,-610.4,Depth (m)
RAW_20230719_141257.260.sgy,split_01_ch4000_4405,4000,4405,0142_RAW_20230719_141257.260,1,split_01_ch4000_4405/0142_RAW_20230719_141257.260/seg_001.png,1000,3000,1.0,3.0,-1024.2,-610.4,Depth (m)
RAW_20230719_141257.260.sgy,split_01_ch4000_4405,4000,4405,0142_RAW_20230719_141257.260,2,split_01_ch4000_4405/0142_RAW_20230719_141257.260/seg_002.png,2000,4000,2.0,4.0,-1024.2,-610.4,Depth (m)
RAW_20230719_141257.260.sgy,split_01_ch4000_4405,4000,4405,0142_RAW_20230719_141257.260,3,split_01_ch4000_4405/0142_RAW_20230719_141257.260/seg_003.png,3000,5000,3.0,5.0,-1024.2,-610.4,Depth (m)
RAW_20230719_142106.840.sgy,split_01_ch4000_4405,4000,4405,0143_RAW_20230719_142106.840,0,split_01_ch4000_4405/0143_RAW_20230719_142106.840/seg_000.png,0,2000,0.0,2.0,-1024.2,-610.4,Depth (m)
RAW_20230719_142106.840.sgy,split_01_ch4000_4405,4000,4405,0143_RAW_20230719_142106.840,1,split_01_ch4000_4405/0143_RAW_20230719_142106.840/seg_001.png,1000,3000,1.0,3.0,-1024.2,-610.4,Depth (m)
RAW_20230719_142106.840.sgy,split_01_ch4000_4405,4000,4405,0143_RAW_20230719_142106.840,2,split_01_ch4000_4405/0143_RAW_20230719_142106.840/seg_002.png,2000,4000,2.0,4.0,-1024.2,-610.4,Depth (m)
RAW_20230719_142106.840.sgy,split_01_ch4000_4405,4000,4405,0143_RAW_20230719_142106.840,3,split_01_ch4000_4405/0143_RAW_20230719_142106.840/seg_003.png,3000,5000,3.0,5.0,-1024.2,-610.4,Depth (m)
RAW_20230719_144729.880.sgy,split_01_ch4000_4405,4000,4405,0144_RAW_20230719_144729.880,0,split_01_ch4000_4405/0144_RAW_20230719_144729.880/seg_000.png,0,2000,0.0,2.0,-1024.2,-610.4,Depth (m)
RAW_20230719_144729.880.sgy,split_01_ch4000_4405,4000,4405,0144_RAW_20230719_144729.880,1,split_01_ch4000_4405/0144_RAW_20230719_144729.880/seg_001.png,1000,3000,1.0,3.0,-1024.2,-610.4,Depth (m)
RAW_20230719_144729.880.sgy,split_01_ch4000_4405,4000,4405,0144_RAW_20230719_144729.880,2,split_01_ch4000_4405/0144_RAW_20230719_144729.880/seg_002.png,2000,4000,2.0,4.0,-1024.2,-610.4,Depth (m)
RAW_20230719_144729.880.sgy,split_01_ch4000_4405,4000,4405,0144_RAW_20230719_144729.880,3,split_01_ch4000_4405/0144_RAW_20230719_144729.880/seg_003.png,3000,5000,3.0,5.0,-1024.2,-610.4,Depth (m)
RAW_20230719_145559.460.sgy,split_01_ch4000_4405,4000,4405,0145_RAW_20230719_145559.460,0,split_01_ch4000_4405/0145_RAW_20230719_145559.460/seg_000.png,0,2000,0.0,2.0,-1024.2,-610.4,Depth (m)
RAW_20230719_145559.460.sgy,split_01_ch4000_4405,4000,4405,0145_RAW_20230719_145559.460,1,split_01_ch4000_4405/0145_RAW_20230719_145559.460/seg_001.png,1000,3000,1.0,3.0,-1024.2,-610.4,Depth (m)
RAW_20230719_145559.460.sgy,split_01_ch4000_4405,4000,4405,0145_RAW_20230719_145559.460,2,split_01_ch4000_4405/0145_RAW_20230719_145559.460/seg_002.png,2000,4000,2.0,4.0,-1024.2,-610.4,Depth (m)
RAW_20230719_145559.460.sgy,split_01_ch4000_4405,4000,4405,0145_RAW_20230719_145559.460,3,split_01_ch4000_4405/0145_RAW_20230719_145559.460/seg_003.png,3000,5000,3.0,5.0,-1024.2,-610.4,Depth (m)
RAW_20230719_152521.700.sgy,split_01_ch4000_4405,4000,4405,0146_RAW_20230719_152521.700,0,split_01_ch4000_4405/0146_RAW_20230719_152521.700/seg_000.png,0,2000,0.0,2.0,-1024.2,-610.4,Depth (m)
RAW_20230719_152521.700.sgy,split_01_ch4000_4405,4000,4405,0146_RAW_20230719_152521.700,1,split_01_ch4000_4405/0146_RAW_20230719_152521.700/seg_001.png,1000,3000,1.0,3.0,-1024.2,-610.4,Depth (m)
RAW_20230719_152521.700.sgy,split_01_ch4000_4405,4000,4405,0146_RAW_20230719_152521.700,2,split_01_ch4000_4405/0146_RAW_20230719_152521.700/seg_002.png,2000,4000,2.0,4.0,-1024.2,-610.4,Depth (m)
RAW_20230719_152521.700.sgy,split_01_ch4000_4405,4000,4405,0146_RAW_20230719_152521.700,3,split_01_ch4000_4405/0146_RAW_20230719_152521.700/seg_003.png,3000,5000,3.0,5.0,-1024.2,-610.4,Depth (m)
RAW_20230719_154038.400.sgy,split_01_ch4000_4405,4000,4405,0147_RAW_20230719_154038.400,0,split_01_ch4000_4405/0147_RAW_20230719_154038.400/seg_000.png,0,2000,0.0,2.0,-1024.2,-610.4,Depth (m)
RAW_20230719_154038.400.sgy,split_01_ch4000_4405,4000,4405,0147_RAW_20230719_154038.400,1,split_01_ch4000_4405/0147_RAW_20230719_154038.400/seg_001.png,1000,3000,1.0,3.0,-1024.2,-610.4,Depth (m)
RAW_20230719_154038.400.sgy,split_01_ch4000_4405,4000,4405,0147_RAW_20230719_154038.400,2,split_01_ch4000_4405/0147_RAW_20230719_154038.400/seg_002.png,2000,4000,2.0,4.0,-1024.2,-610.4,Depth (m)
RAW_20230719_154038.400.sgy,split_01_ch4000_4405,4000,4405,0147_RAW_20230719_154038.400,3,split_01_ch4000_4405/0147_RAW_20230719_154038.400/seg_003.png,3000,5000,3.0,5.0,-1024.2,-610.4,Depth (m)
RAW_20230719_154546.400.sgy,split_01_ch4000_4405,4000,4405,0148_RAW_20230719_154546.400,0,split_01_ch4000_4405/0148_RAW_20230719_154546.400/seg_000.png,0,2000,0.0,2.0,-1024.2,-610.4,Depth (m)
RAW_20230719_154546.400.sgy,split_01_ch4000_4405,4000,4405,0148_RAW_20230719_154546.400,1,split_01_ch4000_4405/0148_RAW_20230719_154546.400/seg_001.png,1000,3000,1.0,3.0,-1024.2,-610.4,Depth (m)
RAW_20230719_154546.400.sgy,split_01_ch4000_4405,4000,4405,0148_RAW_20230719_154546.400,2,split_01_ch4000_4405/0148_RAW_20230719_154546.400/seg_002.png,2000,4000,2.0,4.0,-1024.2,-610.4,Depth (m)
RAW_20230719_154546.400.sgy,split_01_ch4000_4405,4000,4405,0148_RAW_20230719_154546.400,3,split_01_ch4000_4405/0148_RAW_20230719_154546.400/seg_003.png,3000,5000,3.0,5.0,-1024.2,-610.4,Depth (m)
RAW_20230719_155048.700.sgy,split_01_ch4000_4405,4000,4405,0149_RAW_20230719_155048.700,0,split_01_ch4000_4405/0149_RAW_20230719_155048.700/seg_000.png,0,2000,0.0,2.0,-1024.2,-610.4,Depth (m)
RAW_20230719_155048.700.sgy,split_01_ch4000_4405,4000,4405,0149_RAW_20230719_155048.700,1,split_01_ch4000_4405/0149_RAW_20230719_155048.700/seg_001.png,1000,3000,1.0,3.0,-1024.2,-610.4,Depth (m)
RAW_20230719_155048.700.sgy,split_01_ch4000_4405,4000,4405,0149_RAW_20230719_155048.700,2,split_01_ch4000_4405/0149_RAW_20230719_155048.700/seg_002.png,2000,4000,2.0,4.0,-1024.2,-610.4,Depth (m)
RAW_20230719_155048.700.sgy,split_01_ch4000_4405,4000,4405,0149_RAW_20230719_155048.700,3,split_01_ch4000_4405/0149_RAW_20230719_155048.700/seg_003.png,3000,5000,3.0,5.0,-1024.2,-610.4,Depth (m)
RAW_20230719_155614.680.sgy,split_01_ch4000_4405,4000,4405,0150_RAW_20230719_155614.680,0,split_01_ch4000_4405/0150_RAW_20230719_155614.680/seg_000.png,0,2000,0.0,2.0,-1024.2,-610.4,Depth (m)
RAW_20230719_155614.680.sgy,split_01_ch4000_4405,4000,4405,0150_RAW_20230719_155614.680,1,split_01_ch4000_4405/0150_RAW_20230719_155614.680/seg_001.png,1000,3000,1.0,3.0,-1024.2,-610.4,Depth (m)
RAW_20230719_155614.680.sgy,split_01_ch4000_4405,4000,4405,0150_RAW_20230719_155614.680,2,split_01_ch4000_4405/0150_RAW_20230719_155614.680/seg_002.png,2000,4000,2.0,4.0,-1024.2,-610.4,Depth (m)
RAW_20230719_155614.680.sgy,split_01_ch4000_4405,4000,4405,0150_RAW_20230719_155614.680,3,split_01_ch4000_4405/0150_RAW_20230719_155614.680/seg_003.png,3000,5000,3.0,5.0,-1024.2,-610.4,Depth (m)
RAW_20230719_155920.240.sgy,split_01_ch4000_4405,4000,4405,0151_RAW_20230719_155920.240,0,split_01_ch4000_4405/0151_RAW_20230719_155920.240/seg_000.png,0,2000,0.0,2.0,-1024.2,-610.4,Depth (m)
RAW_20230719_155920.240.sgy,split_01_ch4000_4405,4000,4405,0151_RAW_20230719_155920.240,1,split_01_ch4000_4405/0151_RAW_20230719_155920.240/seg_001.png,1000,3000,1.0,3.0,-1024.2,-610.4,Depth (m)
RAW_20230719_155920.240.sgy,split_01_ch4000_4405,4000,4405,0151_RAW_20230719_155920.240,2,split_01_ch4000_4405/0151_RAW_20230719_155920.240/seg_002.png,2000,4000,2.0,4.0,-1024.2,-610.4,Depth (m)
RAW_20230719_155920.240.sgy,split_01_ch4000_4405,4000,4405,0151_RAW_20230719_155920.240,3,split_01_ch4000_4405/0151_RAW_20230719_155920.240/seg_003.png,3000,5000,3.0,5.0,-1024.2,-610.4,Depth (m)
RAW_20230719_160406.840.sgy,split_01_ch4000_4405,4000,4405,0152_RAW_20230719_160406.840,0,split_01_ch4000_4405/0152_RAW_20230719_160406.840/seg_000.png,0,2000,0.0,2.0,-1024.2,-610.4,Depth (m)
RAW_20230719_160406.840.sgy,split_01_ch4000_4405,4000,4405,0152_RAW_20230719_160406.840,1,split_01_ch4000_4405/0152_RAW_20230719_160406.840/seg_001.png,1000,3000,1.0,3.0,-1024.2,-610.4,Depth (m)
RAW_20230719_160406.840.sgy,split_01_ch4000_4405,4000,4405,0152_RAW_20230719_160406.840,2,split_01_ch4000_4405/0152_RAW_20230719_160406.840/seg_002.png,2000,4000,2.0,4.0,-1024.2,-610.4,Depth (m)
RAW_20230719_160406.840.sgy,split_01_ch4000_4405,4000,4405,0152_RAW_20230719_160406.840,3,split_01_ch4000_4405/0152_RAW_20230719_160406.840/seg_003.png,3000,5000,3.0,5.0,-1024.2,-610.4,Depth (m)
RAW_20230719_160545.080.sgy,split_01_ch4000_4405,4000,4405,0153_RAW_20230719_160545.080,0,split_01_ch4000_4405/0153_RAW_20230719_160545.080/seg_000.png,0,2000,0.0,2.0,-1024.2,-610.4,Depth (m)
RAW_20230719_160545.080.sgy,split_01_ch4000_4405,4000,4405,0153_RAW_20230719_160545.080,1,split_01_ch4000_4405/0153_RAW_20230719_160545.080/seg_001.png,1000,3000,1.0,3.0,-1024.2,-610.4,Depth (m)
RAW_20230719_160545.080.sgy,split_01_ch4000_4405,4000,4405,0153_RAW_20230719_160545.080,2,split_01_ch4000_4405/0153_RAW_20230719_160545.080/seg_002.png,2000,4000,2.0,4.0,-1024.2,-610.4,Depth (m)
RAW_20230719_160545.080.sgy,split_01_ch4000_4405,4000,4405,0153_RAW_20230719_160545.080,3,split_01_ch4000_4405/0153_RAW_20230719_160545.080/seg_003.png,3000,5000,3.0,5.0,-1024.2,-610.4,Depth (m)
RAW_20230719_160610.400.sgy,split_01_ch4000_4405,4000,4405,0154_RAW_20230719_160610.400,0,split_01_ch4000_4405/0154_RAW_20230719_160610.400/seg_000.png,0,2000,0.0,2.0,-1024.2,-610.4,Depth (m)
RAW_20230719_160610.400.sgy,split_01_ch4000_4405,4000,4405,0154_RAW_20230719_160610.400,1,split_01_ch4000_4405/0154_RAW_20230719_160610.400/seg_001.png,1000,3000,1.0,3.0,-1024.2,-610.4,Depth (m)
RAW_20230719_160610.400.sgy,split_01_ch4000_4405,4000,4405,0154_RAW_20230719_160610.400,2,split_01_ch4000_4405/0154_RAW_20230719_160610.400/seg_002.png,2000,4000,2.0,4.0,-1024.2,-610.4,Depth (m)
RAW_20230719_160610.400.sgy,split_01_ch4000_4405,4000,4405,0154_RAW_20230719_160610.400,3,split_01_ch4000_4405/0154_RAW_20230719_160610.400/seg_003.png,3000,5000,3.0,5.0,-1024.2,-610.4,Depth (m)
RAW_20230719_160728.180.sgy,split_01_ch4000_4405,4000,4405,0155_RAW_20230719_160728.180,0,split_01_ch4000_4405/0155_RAW_20230719_160728.180/seg_000.png,0,2000,0.0,2.0,-1024.2,-610.4,Depth (m)
RAW_20230719_160728.180.sgy,split_01_ch4000_4405,4000,4405,0155_RAW_20230719_160728.180,1,split_01_ch4000_4405/0155_RAW_20230719_160728.180/seg_001.png,1000,3000,1.0,3.0,-1024.2,-610.4,Depth (m)
RAW_20230719_160728.180.sgy,split_01_ch4000_4405,4000,4405,0155_RAW_20230719_160728.180,2,split_01_ch4000_4405/0155_RAW_20230719_160728.180/seg_002.png,2000,4000,2.0,4.0,-1024.2,-610.4,Depth (m)
RAW_20230719_160728.180.sgy,split_01_ch4000_4405,4000,4405,0155_RAW_20230719_160728.180,3,split_01_ch4000_4405/0155_RAW_20230719_160728.180/seg_003.png,3000,5000,3.0,5.0,-1024.2,-610.4,Depth (m)
RAW_20230719_164452.140.sgy,split_01_ch4000_4405,4000,4405,0156_RAW_20230719_164452.140,0,split_01_ch4000_4405/0156_RAW_20230719_164452.140/seg_000.png,0,2000,0.0,2.0,-1024.2,-610.4,Depth (m)
RAW_20230719_164452.140.sgy,split_01_ch4000_4405,4000,4405,0156_RAW_20230719_164452.140,1,split_01_ch4000_4405/0156_RAW_20230719_164452.140/seg_001.png,1000,3000,1.0,3.0,-1024.2,-610.4,Depth (m)
RAW_20230719_164452.140.sgy,split_01_ch4000_4405,4000,4405,0156_RAW_20230719_164452.140,2,split_01_ch4000_4405/0156_RAW_20230719_164452.140/seg_002.png,2000,4000,2.0,4.0,-1024.2,-610.4,Depth (m)
RAW_20230719_164452.140.sgy,split_01_ch4000_4405,4000,4405,0156_RAW_20230719_164452.140,3,split_01_ch4000_4405/0156_RAW_20230719_164452.140/seg_003.png,3000,5000,3.0,5.0,-1024.2,-610.4,Depth (m)
RAW_20230719_165322.460.sgy,split_01_ch4000_4405,4000,4405,0157_RAW_20230719_165322.460,0,split_01_ch4000_4405/0157_RAW_20230719_165322.460/seg_000.png,0,2000,0.0,2.0,-1024.2,-610.4,Depth (m)
RAW_20230719_165322.460.sgy,split_01_ch4000_4405,4000,4405,0157_RAW_20230719_165322.460,1,split_01_ch4000_4405/0157_RAW_20230719_165322.460/seg_001.png,1000,3000,1.0,3.0,-1024.2,-610.4,Depth (m)
RAW_20230719_165322.460.sgy,split_01_ch4000_4405,4000,4405,0157_RAW_20230719_165322.460,2,split_01_ch4000_4405/0157_RAW_20230719_165322.460/seg_002.png,2000,4000,2.0,4.0,-1024.2,-610.4,Depth (m)
RAW_20230719_165322.460.sgy,split_01_ch4000_4405,4000,4405,0157_RAW_20230719_165322.460,3,split_01_ch4000_4405/0157_RAW_20230719_165322.460/seg_003.png,3000,5000,3.0,5.0,-1024.2,-610.4,Depth (m)
RAW_20230719_165449.380.sgy,split_01_ch4000_4405,4000,4405,0158_RAW_20230719_165449.380,0,split_01_ch4000_4405/0158_RAW_20230719_165449.380/seg_000.png,0,2000,0.0,2.0,-1024.2,-610.4,Depth (m)
RAW_20230719_165449.380.sgy,split_01_ch4000_4405,4000,4405,0158_RAW_20230719_165449.380,1,split_01_ch4000_4405/0158_RAW_20230719_165449.380/seg_001.png,1000,3000,1.0,3.0,-1024.2,-610.4,Depth (m)
RAW_20230719_165449.380.sgy,split_01_ch4000_4405,4000,4405,0158_RAW_20230719_165449.380,2,split_01_ch4000_4405/0158_RAW_20230719_165449.380/seg_002.png,2000,4000,2.0,4.0,-1024.2,-610.4,Depth (m)
RAW_20230719_165449.380.sgy,split_01_ch4000_4405,4000,4405,0158_RAW_20230719_165449.380,3,split_01_ch4000_4405/0158_RAW_20230719_165449.380/seg_003.png,3000,5000,3.0,5.0,-1024.2,-610.4,Depth (m)
RAW_20230719_165622.080.sgy,split_01_ch4000_4405,4000,4405,0159_RAW_20230719_165622.080,0,split_01_ch4000_4405/0159_RAW_20230719_165622.080/seg_000.png,0,2000,0.0,2.0,-1024.2,-610.4,Depth (m)
RAW_20230719_165622.080.sgy,split_01_ch4000_4405,4000,4405,0159_RAW_20230719_165622.080,1,split_01_ch4000_4405/0159_RAW_20230719_165622.080/seg_001.png,1000,3000,1.0,3.0,-1024.2,-610.4,Depth (m)
RAW_20230719_165622.080.sgy,split_01_ch4000_4405,4000,4405,0159_RAW_20230719_165622.080,2,split_01_ch4000_4405/0159_RAW_20230719_165622.080/seg_002.png,2000,4000,2.0,4.0,-1024.2,-610.4,Depth (m)
RAW_20230719_165622.080.sgy,split_01_ch4000_4405,4000,4405,0159_RAW_20230719_165622.080,3,split_01_ch4000_4405/0159_RAW_20230719_165622.080/seg_003.png,3000,5000,3.0,5.0,-1024.2,-610.4,Depth (m)
RAW_20230719_165628.340.sgy,split_01_ch4000_4405,4000,4405,0160_RAW_20230719_165628.340,0,split_01_ch4000_4405/0160_RAW_20230719_165628.340/seg_000.png,0,2000,0.0,2.0,-1024.2,-610.4,Depth (m)
RAW_20230719_165628.340.sgy,split_01_ch4000_4405,4000,4405,0160_RAW_20230719_165628.340,1,split_01_ch4000_4405/0160_RAW_20230719_165628.340/seg_001.png,1000,3000,1.0,3.0,-1024.2,-610.4,Depth (m)
RAW_20230719_165628.340.sgy,split_01_ch4000_4405,4000,4405,0160_RAW_20230719_165628.340,2,split_01_ch4000_4405/0160_RAW_20230719_165628.340/seg_002.png,2000,4000,2.0,4.0,-1024.2,-610.4,Depth (m)
RAW_20230719_165628.340.sgy,split_01_ch4000_4405,4000,4405,0160_RAW_20230719_165628.340,3,split_01_ch4000_4405/0160_RAW_20230719_165628.340/seg_003.png,3000,5000,3.0,5.0,-1024.2,-610.4,Depth (m)
RAW_20230719_165933.780.sgy,split_01_ch4000_4405,4000,4405,0161_RAW_20230719_165933.780,0,split_01_ch4000_4405/0161_RAW_20230719_165933.780/seg_000.png,0,2000,0.0,2.0,-1024.2,-610.4,Depth (m)
RAW_20230719_165933.780.sgy,split_01_ch4000_4405,4000,4405,0161_RAW_20230719_165933.780,1,split_01_ch4000_4405/0161_RAW_20230719_165933.780/seg_001.png,1000,3000,1.0,3.0,-1024.2,-610.4,Depth (m)
RAW_20230719_165933.780.sgy,split_01_ch4000_4405,4000,4405,0161_RAW_20230719_165933.780,2,split_01_ch4000_4405/0161_RAW_20230719_165933.780/seg_002.png,2000,4000,2.0,4.0,-1024.2,-610.4,Depth (m)
RAW_20230719_165933.780.sgy,split_01_ch4000_4405,4000,4405,0161_RAW_20230719_165933.780,3,split_01_ch4000_4405/0161_RAW_20230719_165933.780/seg_003.png,3000,5000,3.0,5.0,-1024.2,-610.4,Depth (m)
RAW_20230719_170725.580.sgy,split_01_ch4000_4405,4000,4405,0162_RAW_20230719_170725.580,0,split_01_ch4000_4405/0162_RAW_20230719_170725.580/seg_000.png,0,2000,0.0,2.0,-1024.2,-610.4,Depth (m)
RAW_20230719_170725.580.sgy,split_01_ch4000_4405,4000,4405,0162_RAW_20230719_170725.580,1,split_01_ch4000_4405/0162_RAW_20230719_170725.580/seg_001.png,1000,3000,1.0,3.0,-1024.2,-610.4,Depth (m)
RAW_20230719_170725.580.sgy,split_01_ch4000_4405,4000,4405,0162_RAW_20230719_170725.580,2,split_01_ch4000_4405/0162_RAW_20230719_170725.580/seg_002.png,2000,4000,2.0,4.0,-1024.2,-610.4,Depth (m)
RAW_20230719_170725.580.sgy,split_01_ch4000_4405,4000,4405,0162_RAW_20230719_170725.580,3,split_01_ch4000_4405/0162_RAW_20230719_170725.580/seg_003.png,3000,5000,3.0,5.0,-1024.2,-610.4,Depth (m)
RAW_20230719_172342.680.sgy,split_01_ch4000_4405,4000,4405,0163_RAW_20230719_172342.680,0,split_01_ch4000_4405/0163_RAW_20230719_172342.680/seg_000.png,0,2000,0.0,2.0,-1024.2,-610.4,Depth (m)
RAW_20230719_172342.680.sgy,split_01_ch4000_4405,4000,4405,0163_RAW_20230719_172342.680,1,split_01_ch4000_4405/0163_RAW_20230719_172342.680/seg_001.png,1000,3000,1.0,3.0,-1024.2,-610.4,Depth (m)
RAW_20230719_172342.680.sgy,split_01_ch4000_4405,4000,4405,0163_RAW_20230719_172342.680,2,split_01_ch4000_4405/0163_RAW_20230719_172342.680/seg_002.png,2000,4000,2.0,4.0,-1024.2,-610.4,Depth (m)
RAW_20230719_172342.680.sgy,split_01_ch4000_4405,4000,4405,0163_RAW_20230719_172342.680,3,split_01_ch4000_4405/0163_RAW_20230719_172342.680/seg_003.png,3000,5000,3.0,5.0,-1024.2,-610.4,Depth (m)
RAW_20230719_172520.440.sgy,split_01_ch4000_4405,4000,4405,0164_RAW_20230719_172520.440,0,split_01_ch4000_4405/0164_RAW_20230719_172520.440/seg_000.png,0,2000,0.0,2.0,-1024.2,-610.4,Depth (m)
RAW_20230719_172520.440.sgy,split_01_ch4000_4405,4000,4405,0164_RAW_20230719_172520.440,1,split_01_ch4000_4405/0164_RAW_20230719_172520.440/seg_001.png,1000,3000,1.0,3.0,-1024.2,-610.4,Depth (m)
RAW_20230719_172520.440.sgy,split_01_ch4000_4405,4000,4405,0164_RAW_20230719_172520.440,2,split_01_ch4000_4405/0164_RAW_20230719_172520.440/seg_002.png,2000,4000,2.0,4.0,-1024.2,-610.4,Depth (m)
RAW_20230719_172520.440.sgy,split_01_ch4000_4405,4000,4405,0164_RAW_20230719_172520.440,3,split_01_ch4000_4405/0164_RAW_20230719_172520.440/seg_003.png,3000,5000,3.0,5.0,-1024.2,-610.4,Depth (m)
RAW_20230719_172543.760.sgy,split_01_ch4000_4405,4000,4405,0165_RAW_20230719_172543.760,0,split_01_ch4000_4405/0165_RAW_20230719_172543.760/seg_000.png,0,2000,0.0,2.0,-1024.2,-610.4,Depth (m)
RAW_20230719_172543.760.sgy,split_01_ch4000_4405,4000,4405,0165_RAW_20230719_172543.760,1,split_01_ch4000_4405/0165_RAW_20230719_172543.760/seg_001.png,1000,3000,1.0,3.0,-1024.2,-610.4,Depth (m)
RAW_20230719_172543.760.sgy,split_01_ch4000_4405,4000,4405,0165_RAW_20230719_172543.760,2,split_01_ch4000_4405/0165_RAW_20230719_172543.760/seg_002.png,2000,4000,2.0,4.0,-1024.2,-610.4,Depth (m)
RAW_20230719_172543.760.sgy,split_01_ch4000_4405,4000,4405,0165_RAW_20230719_172543.760,3,split_01_ch4000_4405/0165_RAW_20230719_172543.760/seg_003.png,3000,5000,3.0,5.0,-1024.2,-610.4,Depth (m)
RAW_20230719_172727.460.sgy,split_01_ch4000_4405,4000,4405,0166_RAW_20230719_172727.460,0,split_01_ch4000_4405/0166_RAW_20230719_172727.460/seg_000.png,0,2000,0.0,2.0,-1024.2,-610.4,Depth (m)
RAW_20230719_172727.460.sgy,split_01_ch4000_4405,4000,4405,0166_RAW_20230719_172727.460,1,split_01_ch4000_4405/0166_RAW_20230719_172727.460/seg_001.png,1000,3000,1.0,3.0,-1024.2,-610.4,Depth (m)
RAW_20230719_172727.460.sgy,split_01_ch4000_4405,4000,4405,0166_RAW_20230719_172727.460,2,split_01_ch4000_4405/0166_RAW_20230719_172727.460/seg_002.png,2000,4000,2.0,4.0,-1024.2,-610.4,Depth (m)
RAW_20230719_172727.460.sgy,split_01_ch4000_4405,4000,4405,0166_RAW_20230719_172727.460,3,split_01_ch4000_4405/0166_RAW_20230719_172727.460/seg_003.png,3000,5000,3.0,5.0,-1024.2,-610.4,Depth (m)
RAW_20230719_175813.300.sgy,split_01_ch4000_4405,4000,4405,0167_RAW_20230719_175813.300,0,split_01_ch4000_4405/0167_RAW_20230719_175813.300/seg_000.png,0,2000,0.0,2.0,-1024.2,-610.4,Depth (m)
RAW_20230719_175813.300.sgy,split_01_ch4000_4405,4000,4405,0167_RAW_20230719_175813.300,1,split_01_ch4000_4405/0167_RAW_20230719_175813.300/seg_001.png,1000,3000,1.0,3.0,-1024.2,-610.4,Depth (m)
RAW_20230719_175813.300.sgy,split_01_ch4000_4405,4000,4405,0167_RAW_20230719_175813.300,2,split_01_ch4000_4405/0167_RAW_20230719_175813.300/seg_002.png,2000,4000,2.0,4.0,-1024.2,-610.4,Depth (m)
RAW_20230719_175813.300.sgy,split_01_ch4000_4405,4000,4405,0167_RAW_20230719_175813.300,3,split_01_ch4000_4405/0167_RAW_20230719_175813.300/seg_003.png,3000,5000,3.0,5.0,-1024.2,-610.4,Depth (m)
RAW_20230719_175832.800.sgy,split_01_ch4000_4405,4000,4405,0168_RAW_20230719_175832.800,0,split_01_ch4000_4405/0168_RAW_20230719_175832.800/seg_000.png,0,2000,0.0,2.0,-1024.2,-610.4,Depth (m)
RAW_20230719_175832.800.sgy,split_01_ch4000_4405,4000,4405,0168_RAW_20230719_175832.800,1,split_01_ch4000_4405/0168_RAW_20230719_175832.800/seg_001.png,1000,3000,1.0,3.0,-1024.2,-610.4,Depth (m)
RAW_20230719_175832.800.sgy,split_01_ch4000_4405,4000,4405,0168_RAW_20230719_175832.800,2,split_01_ch4000_4405/0168_RAW_20230719_175832.800/seg_002.png,2000,4000,2.0,4.0,-1024.2,-610.4,Depth (m)
RAW_20230719_175832.800.sgy,split_01_ch4000_4405,4000,4405,0168_RAW_20230719_175832.800,3,split_01_ch4000_4405/0168_RAW_20230719_175832.800/seg_003.png,3000,5000,3.0,5.0,-1024.2,-610.4,Depth (m)
RAW_20230719_180055.120.sgy,split_01_ch4000_4405,4000,4405,0169_RAW_20230719_180055.120,0,split_01_ch4000_4405/0169_RAW_20230719_180055.120/seg_000.png,0,2000,0.0,2.0,-1024.2,-610.4,Depth (m)
RAW_20230719_180055.120.sgy,split_01_ch4000_4405,4000,4405,0169_RAW_20230719_180055.120,1,split_01_ch4000_4405/0169_RAW_20230719_180055.120/seg_001.png,1000,3000,1.0,3.0,-1024.2,-610.4,Depth (m)
RAW_20230719_180055.120.sgy,split_01_ch4000_4405,4000,4405,0169_RAW_20230719_180055.120,2,split_01_ch4000_4405/0169_RAW_20230719_180055.120/seg_002.png,2000,4000,2.0,4.0,-1024.2,-610.4,Depth (m)
RAW_20230719_180055.120.sgy,split_01_ch4000_4405,4000,4405,0169_RAW_20230719_180055.120,3,split_01_ch4000_4405/0169_RAW_20230719_180055.120/seg_003.png,3000,5000,3.0,5.0,-1024.2,-610.4,Depth (m)
RAW_20230719_182040.280.sgy,split_01_ch4000_4405,4000,4405,0170_RAW_20230719_182040.280,0,split_01_ch4000_4405/0170_RAW_20230719_182040.280/seg_000.png,0,2000,0.0,2.0,-1024.2,-610.4,Depth (m)
RAW_20230719_182040.280.sgy,split_01_ch4000_4405,4000,4405,0170_RAW_20230719_182040.280,1,split_01_ch4000_4405/0170_RAW_20230719_182040.280/seg_001.png,1000,3000,1.0,3.0,-1024.2,-610.4,Depth (m)
RAW_20230719_182040.280.sgy,split_01_ch4000_4405,4000,4405,0170_RAW_20230719_182040.280,2,split_01_ch4000_4405/0170_RAW_20230719_182040.280/seg_002.png,2000,4000,2.0,4.0,-1024.2,-610.4,Depth (m)
RAW_20230719_182040.280.sgy,split_01_ch4000_4405,4000,4405,0170_RAW_20230719_182040.280,3,split_01_ch4000_4405/0170_RAW_20230719_182040.280/seg_003.png,3000,5000,3.0,5.0,-1024.2,-610.4,Depth (m)
RAW_20230719_183600.700.sgy,split_01_ch4000_4405,4000,4405,0171_RAW_20230719_183600.700,0,split_01_ch4000_4405/0171_RAW_20230719_183600.700/seg_000.png,0,2000,0.0,2.0,-1024.2,-610.4,Depth (m)
RAW_20230719_183600.700.sgy,split_01_ch4000_4405,4000,4405,0171_RAW_20230719_183600.700,1,split_01_ch4000_4405/0171_RAW_20230719_183600.700/seg_001.png,1000,3000,1.0,3.0,-1024.2,-610.4,Depth (m)
RAW_20230719_183600.700.sgy,split_01_ch4000_4405,4000,4405,0171_RAW_20230719_183600.700,2,split_01_ch4000_4405/0171_RAW_20230719_183600.700/seg_002.png,2000,4000,2.0,4.0,-1024.2,-610.4,Depth (m)
RAW_20230719_183600.700.sgy,split_01_ch4000_4405,4000,4405,0171_RAW_20230719_183600.700,3,split_01_ch4000_4405/0171_RAW_20230719_183600.700/seg_003.png,3000,5000,3.0,5.0,-1024.2,-610.4,Depth (m)
RAW_20230719_183623.100.sgy,split_01_ch4000_4405,4000,4405,0172_RAW_20230719_183623.100,0,split_01_ch4000_4405/0172_RAW_20230719_183623.100/seg_000.png,0,2000,0.0,2.0,-1024.2,-610.4,Depth (m)
RAW_20230719_183623.100.sgy,split_01_ch4000_4405,4000,4405,0172_RAW_20230719_183623.100,1,split_01_ch4000_4405/0172_RAW_20230719_183623.100/seg_001.png,1000,3000,1.0,3.0,-1024.2,-610.4,Depth (m)
RAW_20230719_183623.100.sgy,split_01_ch4000_4405,4000,4405,0172_RAW_20230719_183623.100,2,split_01_ch4000_4405/0172_RAW_20230719_183623.100/seg_002.png,2000,4000,2.0,4.0,-1024.2,-610.4,Depth (m)
RAW_20230719_183623.100.sgy,split_01_ch4000_4405,4000,4405,0172_RAW_20230719_183623.100,3,split_01_ch4000_4405/0172_RAW_20230719_183623.100/seg_003.png,3000,5000,3.0,5.0,-1024.2,-610.4,Depth (m)
RAW_20230719_183924.280.sgy,split_01_ch4000_4405,4000,4405,0173_RAW_20230719_183924.280,0,split_01_ch4000_4405/0173_RAW_20230719_183924.280/seg_000.png,0,2000,0.0,2.0,-1024.2,-610.4,Depth (m)
RAW_20230719_183924.280.sgy,split_01_ch4000_4405,4000,4405,0173_RAW_20230719_183924.280,1,split_01_ch4000_4405/0173_RAW_20230719_183924.280/seg_001.png,1000,3000,1.0,3.0,-1024.2,-610.4,Depth (m)
RAW_20230719_183924.280.sgy,split_01_ch4000_4405,4000,4405,0173_RAW_20230719_183924.280,2,split_01_ch4000_4405/0173_RAW_20230719_183924.280/seg_002.png,2000,4000,2.0,4.0,-1024.2,-610.4,Depth (m)
RAW_20230719_183924.280.sgy,split_01_ch4000_4405,4000,4405,0173_RAW_20230719_183924.280,3,split_01_ch4000_4405/0173_RAW_20230719_183924.280/seg_003.png,3000,5000,3.0,5.0,-1024.2,-610.4,Depth (m)
RAW_20230719_184810.040.sgy,split_01_ch4000_4405,4000,4405,0174_RAW_20230719_184810.040,0,split_01_ch4000_4405/0174_RAW_20230719_184810.040/seg_000.png,0,2000,0.0,2.0,-1024.2,-610.4,Depth (m)
RAW_20230719_184810.040.sgy,split_01_ch4000_4405,4000,4405,0174_RAW_20230719_184810.040,1,split_01_ch4000_4405/0174_RAW_20230719_184810.040/seg_001.png,1000,3000,1.0,3.0,-1024.2,-610.4,Depth (m)
RAW_20230719_184810.040.sgy,split_01_ch4000_4405,4000,4405,0174_RAW_20230719_184810.040,2,split_01_ch4000_4405/0174_RAW_20230719_184810.040/seg_002.png,2000,4000,2.0,4.0,-1024.2,-610.4,Depth (m)
RAW_20230719_184810.040.sgy,split_01_ch4000_4405,4000,4405,0174_RAW_20230719_184810.040,3,split_01_ch4000_4405/0174_RAW_20230719_184810.040/seg_003.png,3000,5000,3.0,5.0,-1024.2,-610.4,Depth (m)
RAW_20230719_190923.700.sgy,split_01_ch4000_4405,4000,4405,0175_RAW_20230719_190923.700,0,split_01_ch4000_4405/0175_RAW_20230719_190923.700/seg_000.png,0,2000,0.0,2.0,-1024.2,-610.4,Depth (m)
RAW_20230719_190923.700.sgy,split_01_ch4000_4405,4000,4405,0175_RAW_20230719_190923.700,1,split_01_ch4000_4405/0175_RAW_20230719_190923.700/seg_001.png,1000,3000,1.0,3.0,-1024.2,-610.4,Depth (m)
RAW_20230719_190923.700.sgy,split_01_ch4000_4405,4000,4405,0175_RAW_20230719_190923.700,2,split_01_ch4000_4405/0175_RAW_20230719_190923.700/seg_002.png,2000,4000,2.0,4.0,-1024.2,-610.4,Depth (m)
RAW_20230719_190923.700.sgy,split_01_ch4000_4405,4000,4405,0175_RAW_20230719_190923.700,3,split_01_ch4000_4405/0175_RAW_20230719_190923.700/seg_003.png,3000,5000,3.0,5.0,-1024.2,-610.4,Depth (m)
RAW_20230719_191730.240.sgy,split_01_ch4000_4405,4000,4405,0176_RAW_20230719_191730.240,0,split_01_ch4000_4405/0176_RAW_20230719_191730.240/seg_000.png,0,2000,0.0,2.0,-1024.2,-610.4,Depth (m)
RAW_20230719_191730.240.sgy,split_01_ch4000_4405,4000,4405,0176_RAW_20230719_191730.240,1,split_01_ch4000_4405/0176_RAW_20230719_191730.240/seg_001.png,1000,3000,1.0,3.0,-1024.2,-610.4,Depth (m)
RAW_20230719_191730.240.sgy,split_01_ch4000_4405,4000,4405,0176_RAW_20230719_191730.240,2,split_01_ch4000_4405/0176_RAW_20230719_191730.240/seg_002.png,2000,4000,2.0,4.0,-1024.2,-610.4,Depth (m)
RAW_20230719_191730.240.sgy,split_01_ch4000_4405,4000,4405,0176_RAW_20230719_191730.240,3,split_01_ch4000_4405/0176_RAW_20230719_191730.240/seg_003.png,3000,5000,3.0,5.0,-1024.2,-610.4,Depth (m)
RAW_20230719_192119.580.sgy,split_01_ch4000_4405,4000,4405,0177_RAW_20230719_192119.580,0,split_01_ch4000_4405/0177_RAW_20230719_192119.580/seg_000.png,0,2000,0.0,2.0,-1024.2,-610.4,Depth (m)
RAW_20230719_192119.580.sgy,split_01_ch4000_4405,4000,4405,0177_RAW_20230719_192119.580,1,split_01_ch4000_4405/0177_RAW_20230719_192119.580/seg_001.png,1000,3000,1.0,3.0,-1024.2,-610.4,Depth (m)
RAW_20230719_192119.580.sgy,split_01_ch4000_4405,4000,4405,0177_RAW_20230719_192119.580,2,split_01_ch4000_4405/0177_RAW_20230719_192119.580/seg_002.png,2000,4000,2.0,4.0,-1024.2,-610.4,Depth (m)
RAW_20230719_192119.580.sgy,split_01_ch4000_4405,4000,4405,0177_RAW_20230719_192119.580,3,split_01_ch4000_4405/0177_RAW_20230719_192119.580/seg_003.png,3000,5000,3.0,5.0,-1024.2,-610.4,Depth (m)
RAW_20230719_192324.520.sgy,split_01_ch4000_4405,4000,4405,0178_RAW_20230719_192324.520,0,split_01_ch4000_4405/0178_RAW_20230719_192324.520/seg_000.png,0,2000,0.0,2.0,-1024.2,-610.4,Depth (m)
RAW_20230719_192324.520.sgy,split_01_ch4000_4405,4000,4405,0178_RAW_20230719_192324.520,1,split_01_ch4000_4405/0178_RAW_20230719_192324.520/seg_001.png,1000,3000,1.0,3.0,-1024.2,-610.4,Depth (m)
RAW_20230719_192324.520.sgy,split_01_ch4000_4405,4000,4405,0178_RAW_20230719_192324.520,2,split_01_ch4000_4405/0178_RAW_20230719_192324.520/seg_002.png,2000,4000,2.0,4.0,-1024.2,-610.4,Depth (m)
RAW_20230719_192324.520.sgy,split_01_ch4000_4405,4000,4405,0178_RAW_20230719_192324.520,3,split_01_ch4000_4405/0178_RAW_20230719_192324.520/seg_003.png,3000,5000,3.0,5.0,-1024.2,-610.4,Depth (m)
RAW_20230719_195243.480.sgy,split_01_ch4000_4405,4000,4405,0179_RAW_20230719_195243.480,0,split_01_ch4000_4405/0179_RAW_20230719_195243.480/seg_000.png,0,2000,0.0,2.0,-1024.2,-610.4,Depth (m)
RAW_20230719_195243.480.sgy,split_01_ch4000_4405,4000,4405,0179_RAW_20230719_195243.480,1,split_01_ch4000_4405/0179_RAW_20230719_195243.480/seg_001.png,1000,3000,1.0,3.0,-1024.2,-610.4,Depth (m)
RAW_20230719_195243.480.sgy,split_01_ch4000_4405,4000,4405,0179_RAW_20230719_195243.480,2,split_01_ch4000_4405/0179_RAW_20230719_195243.480/seg_002.png,2000,4000,2.0,4.0,-1024.2,-610.4,Depth (m)
RAW_20230719_195243.480.sgy,split_01_ch4000_4405,4000,4405,0179_RAW_20230719_195243.480,3,split_01_ch4000_4405/0179_RAW_20230719_195243.480/seg_003.png,3000,5000,3.0,5.0,-1024.2,-610.4,Depth (m)
RAW_20230719_200016.600.sgy,split_01_ch4000_4405,4000,4405,0180_RAW_20230719_200016.600,0,split_01_ch4000_4405/0180_RAW_20230719_200016.600/seg_000.png,0,2000,0.0,2.0,-1024.2,-610.4,Depth (m)
RAW_20230719_200016.600.sgy,split_01_ch4000_4405,4000,4405,0180_RAW_20230719_200016.600,1,split_01_ch4000_4405/0180_RAW_20230719_200016.600/seg_001.png,1000,3000,1.0,3.0,-1024.2,-610.4,Depth (m)
RAW_20230719_200016.600.sgy,split_01_ch4000_4405,4000,4405,0180_RAW_20230719_200016.600,2,split_01_ch4000_4405/0180_RAW_20230719_200016.600/seg_002.png,2000,4000,2.0,4.0,-1024.2,-610.4,Depth (m)
RAW_20230719_200016.600.sgy,split_01_ch4000_4405,4000,4405,0180_RAW_20230719_200016.600,3,split_01_ch4000_4405/0180_RAW_20230719_200016.600/seg_003.png,3000,5000,3.0,5.0,-1024.2,-610.4,Depth (m)
RAW_20230719_202520.200.sgy,split_01_ch4000_4405,4000,4405,0181_RAW_20230719_202520.200,0,split_01_ch4000_4405/0181_RAW_20230719_202520.200/seg_000.png,0,2000,0.0,2.0,-1024.2,-610.4,Depth (m)
RAW_20230719_202520.200.sgy,split_01_ch4000_4405,4000,4405,0181_RAW_20230719_202520.200,1,split_01_ch4000_4405/0181_RAW_20230719_202520.200/seg_001.png,1000,3000,1.0,3.0,-1024.2,-610.4,Depth (m)
RAW_20230719_202520.200.sgy,split_01_ch4000_4405,4000,4405,0181_RAW_20230719_202520.200,2,split_01_ch4000_4405/0181_RAW_20230719_202520.200/seg_002.png,2000,4000,2.0,4.0,-1024.2,-610.4,Depth (m)
RAW_20230719_202520.200.sgy,split_01_ch4000_4405,4000,4405,0181_RAW_20230719_202520.200,3,split_01_ch4000_4405/0181_RAW_20230719_202520.200/seg_003.png,3000,5000,3.0,5.0,-1024.2,-610.4,Depth (m)
RAW_20230719_203619.360.sgy,split_01_ch4000_4405,4000,4405,0182_RAW_20230719_203619.360,0,split_01_ch4000_4405/0182_RAW_20230719_203619.360/seg_000.png,0,2000,0.0,2.0,-1024.2,-610.4,Depth (m)
RAW_20230719_203619.360.sgy,split_01_ch4000_4405,4000,4405,0182_RAW_20230719_203619.360,1,split_01_ch4000_4405/0182_RAW_20230719_203619.360/seg_001.png,1000,3000,1.0,3.0,-1024.2,-610.4,Depth (m)
RAW_20230719_203619.360.sgy,split_01_ch4000_4405,4000,4405,0182_RAW_20230719_203619.360,2,split_01_ch4000_4405/0182_RAW_20230719_203619.360/seg_002.png,2000,4000,2.0,4.0,-1024.2,-610.4,Depth (m)
RAW_20230719_203619.360.sgy,split_01_ch4000_4405,4000,4405,0182_RAW_20230719_203619.360,3,split_01_ch4000_4405/0182_RAW_20230719_203619.360/seg_003.png,3000,5000,3.0,5.0,-1024.2,-610.4,Depth (m)
RAW_20230719_205922.900.sgy,split_01_ch4000_4405,4000,4405,0183_RAW_20230719_205922.900,0,split_01_ch4000_4405/0183_RAW_20230719_205922.900/seg_000.png,0,2000,0.0,2.0,-1024.2,-610.4,Depth (m)
RAW_20230719_205922.900.sgy,split_01_ch4000_4405,4000,4405,0183_RAW_20230719_205922.900,1,split_01_ch4000_4405/0183_RAW_20230719_205922.900/seg_001.png,1000,3000,1.0,3.0,-1024.2,-610.4,Depth (m)
RAW_20230719_205922.900.sgy,split_01_ch4000_4405,4000,4405,0183_RAW_20230719_205922.900,2,split_01_ch4000_4405/0183_RAW_20230719_205922.900/seg_002.png,2000,4000,2.0,4.0,-1024.2,-610.4,Depth (m)
RAW_20230719_205922.900.sgy,split_01_ch4000_4405,4000,4405,0183_RAW_20230719_205922.900,3,split_01_ch4000_4405/0183_RAW_20230719_205922.900/seg_003.png,3000,5000,3.0,5.0,-1024.2,-610.4,Depth (m)
RAW_20230719_210647.360.sgy,split_01_ch4000_4405,4000,4405,0184_RAW_20230719_210647.360,0,split_01_ch4000_4405/0184_RAW_20230719_210647.360/seg_000.png,0,2000,0.0,2.0,-1024.2,-610.4,Depth (m)
RAW_20230719_210647.360.sgy,split_01_ch4000_4405,4000,4405,0184_RAW_20230719_210647.360,1,split_01_ch4000_4405/0184_RAW_20230719_210647.360/seg_001.png,1000,3000,1.0,3.0,-1024.2,-610.4,Depth (m)
RAW_20230719_210647.360.sgy,split_01_ch4000_4405,4000,4405,0184_RAW_20230719_210647.360,2,split_01_ch4000_4405/0184_RAW_20230719_210647.360/seg_002.png,2000,4000,2.0,4.0,-1024.2,-610.4,Depth (m)
RAW_20230719_210647.360.sgy,split_01_ch4000_4405,4000,4405,0184_RAW_20230719_210647.360,3,split_01_ch4000_4405/0184_RAW_20230719_210647.360/seg_003.png,3000,5000,3.0,5.0,-1024.2,-610.4,Depth (m)
RAW_20230719_212938.900.sgy,split_01_ch4000_4405,4000,4405,0185_RAW_20230719_212938.900,0,split_01_ch4000_4405/0185_RAW_20230719_212938.900/seg_000.png,0,2000,0.0,2.0,-1024.2,-610.4,Depth (m)
RAW_20230719_212938.900.sgy,split_01_ch4000_4405,4000,4405,0185_RAW_20230719_212938.900,1,split_01_ch4000_4405/0185_RAW_20230719_212938.900/seg_001.png,1000,3000,1.0,3.0,-1024.2,-610.4,Depth (m)
RAW_20230719_212938.900.sgy,split_01_ch4000_4405,4000,4405,0185_RAW_20230719_212938.900,2,split_01_ch4000_4405/0185_RAW_20230719_212938.900/seg_002.png,2000,4000,2.0,4.0,-1024.2,-610.4,Depth (m)
RAW_20230719_212938.900.sgy,split_01_ch4000_4405,4000,4405,0185_RAW_20230719_212938.900,3,split_01_ch4000_4405/0185_RAW_20230719_212938.900/seg_003.png,3000,5000,3.0,5.0,-1024.2,-610.4,Depth (m)
RAW_20230719_214758.140.sgy,split_01_ch4000_4405,4000,4405,0186_RAW_20230719_214758.140,0,split_01_ch4000_4405/0186_RAW_20230719_214758.140/seg_000.png,0,2000,0.0,2.0,-1024.2,-610.4,Depth (m)
RAW_20230719_214758.140.sgy,split_01_ch4000_4405,4000,4405,0186_RAW_20230719_214758.140,1,split_01_ch4000_4405/0186_RAW_20230719_214758.140/seg_001.png,1000,3000,1.0,3.0,-1024.2,-610.4,Depth (m)
RAW_20230719_214758.140.sgy,split_01_ch4000_4405,4000,4405,0186_RAW_20230719_214758.140,2,split_01_ch4000_4405/0186_RAW_20230719_214758.140/seg_002.png,2000,4000,2.0,4.0,-1024.2,-610.4,Depth (m)
RAW_20230719_214758.140.sgy,split_01_ch4000_4405,4000,4405,0186_RAW_20230719_214758.140,3,split_01_ch4000_4405/0186_RAW_20230719_214758.140/seg_003.png,3000,5000,3.0,5.0,-1024.2,-610.4,Depth (m)
RAW_20230719_221324.580.sgy,split_01_ch4000_4405,4000,4405,0187_RAW_20230719_221324.580,0,split_01_ch4000_4405/0187_RAW_20230719_221324.580/seg_000.png,0,2000,0.0,2.0,-1024.2,-610.4,Depth (m)
RAW_20230719_221324.580.sgy,split_01_ch4000_4405,4000,4405,0187_RAW_20230719_221324.580,1,split_01_ch4000_4405/0187_RAW_20230719_221324.580/seg_001.png,1000,3000,1.0,3.0,-1024.2,-610.4,Depth (m)
RAW_20230719_221324.580.sgy,split_01_ch4000_4405,4000,4405,0187_RAW_20230719_221324.580,2,split_01_ch4000_4405/0187_RAW_20230719_221324.580/seg_002.png,2000,4000,2.0,4.0,-1024.2,-610.4,Depth (m)
RAW_20230719_221324.580.sgy,split_01_ch4000_4405,4000,4405,0187_RAW_20230719_221324.580,3,split_01_ch4000_4405/0187_RAW_20230719_221324.580/seg_003.png,3000,5000,3.0,5.0,-1024.2,-610.4,Depth (m)
RAW_20230719_223221.820.sgy,split_01_ch4000_4405,4000,4405,0188_RAW_20230719_223221.820,0,split_01_ch4000_4405/0188_RAW_20230719_223221.820/seg_000.png,0,2000,0.0,2.0,-1024.2,-610.4,Depth (m)
RAW_20230719_223221.820.sgy,split_01_ch4000_4405,4000,4405,0188_RAW_20230719_223221.820,1,split_01_ch4000_4405/0188_RAW_20230719_223221.820/seg_001.png,1000,3000,1.0,3.0,-1024.2,-610.4,Depth (m)
RAW_20230719_223221.820.sgy,split_01_ch4000_4405,4000,4405,0188_RAW_20230719_223221.820,2,split_01_ch4000_4405/0188_RAW_20230719_223221.820/seg_002.png,2000,4000,2.0,4.0,-1024.2,-610.4,Depth (m)
RAW_20230719_223221.820.sgy,split_01_ch4000_4405,4000,4405,0188_RAW_20230719_223221.820,3,split_01_ch4000_4405/0188_RAW_20230719_223221.820/seg_003.png,3000,5000,3.0,5.0,-1024.2,-610.4,Depth (m)
RAW_20230719_223604.600.sgy,split_01_ch4000_4405,4000,4405,0189_RAW_20230719_223604.600,0,split_01_ch4000_4405/0189_RAW_20230719_223604.600/seg_000.png,0,2000,0.0,2.0,-1024.2,-610.4,Depth (m)
RAW_20230719_223604.600.sgy,split_01_ch4000_4405,4000,4405,0189_RAW_20230719_223604.600,1,split_01_ch4000_4405/0189_RAW_20230719_223604.600/seg_001.png,1000,3000,1.0,3.0,-1024.2,-610.4,Depth (m)
RAW_20230719_223604.600.sgy,split_01_ch4000_4405,4000,4405,0189_RAW_20230719_223604.600,2,split_01_ch4000_4405/0189_RAW_20230719_223604.600/seg_002.png,2000,4000,2.0,4.0,-1024.2,-610.4,Depth (m)
RAW_20230719_223604.600.sgy,split_01_ch4000_4405,4000,4405,0189_RAW_20230719_223604.600,3,split_01_ch4000_4405/0189_RAW_20230719_223604.600/seg_003.png,3000,5000,3.0,5.0,-1024.2,-610.4,Depth (m)
RAW_20230719_231149.120.sgy,split_01_ch4000_4405,4000,4405,0190_RAW_20230719_231149.120,0,split_01_ch4000_4405/0190_RAW_20230719_231149.120/seg_000.png,0,2000,0.0,2.0,-1024.2,-610.4,Depth (m)
RAW_20230719_231149.120.sgy,split_01_ch4000_4405,4000,4405,0190_RAW_20230719_231149.120,1,split_01_ch4000_4405/0190_RAW_20230719_231149.120/seg_001.png,1000,3000,1.0,3.0,-1024.2,-610.4,Depth (m)
RAW_20230719_231149.120.sgy,split_01_ch4000_4405,4000,4405,0190_RAW_20230719_231149.120,2,split_01_ch4000_4405/0190_RAW_20230719_231149.120/seg_002.png,2000,4000,2.0,4.0,-1024.2,-610.4,Depth (m)
RAW_20230719_231149.120.sgy,split_01_ch4000_4405,4000,4405,0190_RAW_20230719_231149.120,3,split_01_ch4000_4405/0190_RAW_20230719_231149.120/seg_003.png,3000,5000,3.0,5.0,-1024.2,-610.4,Depth (m)
RAW_20230719_234254.620.sgy,split_01_ch4000_4405,4000,4405,0191_RAW_20230719_234254.620,0,split_01_ch4000_4405/0191_RAW_20230719_234254.620/seg_000.png,0,2000,0.0,2.0,-1024.2,-610.4,Depth (m)
RAW_20230719_234254.620.sgy,split_01_ch4000_4405,4000,4405,0191_RAW_20230719_234254.620,1,split_01_ch4000_4405/0191_RAW_20230719_234254.620/seg_001.png,1000,3000,1.0,3.0,-1024.2,-610.4,Depth (m)
RAW_20230719_234254.620.sgy,split_01_ch4000_4405,4000,4405,0191_RAW_20230719_234254.620,2,split_01_ch4000_4405/0191_RAW_20230719_234254.620/seg_002.png,2000,4000,2.0,4.0,-1024.2,-610.4,Depth (m)
RAW_20230719_234254.620.sgy,split_01_ch4000_4405,4000,4405,0191_RAW_20230719_234254.620,3,split_01_ch4000_4405/0191_RAW_20230719_234254.620/seg_003.png,3000,5000,3.0,5.0,-1024.2,-610.4,Depth (m)
RAW_20230720_000643.220.sgy,split_01_ch4000_4405,4000,4405,0192_RAW_20230720_000643.220,0,split_01_ch4000_4405/0192_RAW_20230720_000643.220/seg_000.png,0,2000,0.0,2.0,-1024.2,-610.4,Depth (m)
RAW_20230720_000643.220.sgy,split_01_ch4000_4405,4000,4405,0192_RAW_20230720_000643.220,1,split_01_ch4000_4405/0192_RAW_20230720_000643.220/seg_001.png,1000,3000,1.0,3.0,-1024.2,-610.4,Depth (m)
RAW_20230720_000643.220.sgy,split_01_ch4000_4405,4000,4405,0192_RAW_20230720_000643.220,2,split_01_ch4000_4405/0192_RAW_20230720_000643.220/seg_002.png,2000,4000,2.0,4.0,-1024.2,-610.4,Depth (m)
RAW_20230720_000643.220.sgy,split_01_ch4000_4405,4000,4405,0192_RAW_20230720_000643.220,3,split_01_ch4000_4405/0192_RAW_20230720_000643.220/seg_003.png,3000,5000,3.0,5.0,-1024.2,-610.4,Depth (m)
RAW_20230720_023811.180.sgy,split_01_ch4000_4405,4000,4405,0193_RAW_20230720_023811.180,0,split_01_ch4000_4405/0193_RAW_20230720_023811.180/seg_000.png,0,2000,0.0,2.0,-1024.2,-610.4,Depth (m)
RAW_20230720_023811.180.sgy,split_01_ch4000_4405,4000,4405,0193_RAW_20230720_023811.180,1,split_01_ch4000_4405/0193_RAW_20230720_023811.180/seg_001.png,1000,3000,1.0,3.0,-1024.2,-610.4,Depth (m)
RAW_20230720_023811.180.sgy,split_01_ch4000_4405,4000,4405,0193_RAW_20230720_023811.180,2,split_01_ch4000_4405/0193_RAW_20230720_023811.180/seg_002.png,2000,4000,2.0,4.0,-1024.2,-610.4,Depth (m)
RAW_20230720_023811.180.sgy,split_01_ch4000_4405,4000,4405,0193_RAW_20230720_023811.180,3,split_01_ch4000_4405/0193_RAW_20230720_023811.180/seg_003.png,3000,5000,3.0,5.0,-1024.2,-610.4,Depth (m)
RAW_20230720_044440.060.sgy,split_01_ch4000_4405,4000,4405,0194_RAW_20230720_044440.060,0,split_01_ch4000_4405/0194_RAW_20230720_044440.060/seg_000.png,0,2000,0.0,2.0,-1024.2,-610.4,Depth (m)
RAW_20230720_044440.060.sgy,split_01_ch4000_4405,4000,4405,0194_RAW_20230720_044440.060,1,split_01_ch4000_4405/0194_RAW_20230720_044440.060/seg_001.png,1000,3000,1.0,3.0,-1024.2,-610.4,Depth (m)
RAW_20230720_044440.060.sgy,split_01_ch4000_4405,4000,4405,0194_RAW_20230720_044440.060,2,split_01_ch4000_4405/0194_RAW_20230720_044440.060/seg_002.png,2000,4000,2.0,4.0,-1024.2,-610.4,Depth (m)
RAW_20230720_044440.060.sgy,split_01_ch4000_4405,4000,4405,0194_RAW_20230720_044440.060,3,split_01_ch4000_4405/0194_RAW_20230720_044440.060/seg_003.png,3000,5000,3.0,5.0,-1024.2,-610.4,Depth (m)
RAW_20230720_060050.400.sgy,split_01_ch4000_4405,4000,4405,0195_RAW_20230720_060050.400,0,split_01_ch4000_4405/0195_RAW_20230720_060050.400/seg_000.png,0,2000,0.0,2.0,-1024.2,-610.4,Depth (m)
RAW_20230720_060050.400.sgy,split_01_ch4000_4405,4000,4405,0195_RAW_20230720_060050.400,1,split_01_ch4000_4405/0195_RAW_20230720_060050.400/seg_001.png,1000,3000,1.0,3.0,-1024.2,-610.4,Depth (m)
RAW_20230720_060050.400.sgy,split_01_ch4000_4405,4000,4405,0195_RAW_20230720_060050.400,2,split_01_ch4000_4405/0195_RAW_20230720_060050.400/seg_002.png,2000,4000,2.0,4.0,-1024.2,-610.4,Depth (m)
RAW_20230720_060050.400.sgy,split_01_ch4000_4405,4000,4405,0195_RAW_20230720_060050.400,3,split_01_ch4000_4405/0195_RAW_20230720_060050.400/seg_003.png,3000,5000,3.0,5.0,-1024.2,-610.4,Depth (m)
RAW_20230720_073607.100.sgy,split_01_ch4000_4405,4000,4405,0196_RAW_20230720_073607.100,0,split_01_ch4000_4405/0196_RAW_20230720_073607.100/seg_000.png,0,2000,0.0,2.0,-1024.2,-610.4,Depth (m)
RAW_20230720_073607.100.sgy,split_01_ch4000_4405,4000,4405,0196_RAW_20230720_073607.100,1,split_01_ch4000_4405/0196_RAW_20230720_073607.100/seg_001.png,1000,3000,1.0,3.0,-1024.2,-610.4,Depth (m)
RAW_20230720_073607.100.sgy,split_01_ch4000_4405,4000,4405,0196_RAW_20230720_073607.100,2,split_01_ch4000_4405/0196_RAW_20230720_073607.100/seg_002.png,2000,4000,2.0,4.0,-1024.2,-610.4,Depth (m)
RAW_20230720_073607.100.sgy,split_01_ch4000_4405,4000,4405,0196_RAW_20230720_073607.100,3,split_01_ch4000_4405/0196_RAW_20230720_073607.100/seg_003.png,3000,5000,3.0,5.0,-1024.2,-610.4,Depth (m)
RAW_20230720_073746.420.sgy,split_01_ch4000_4405,4000,4405,0197_RAW_20230720_073746.420,0,split_01_ch4000_4405/0197_RAW_20230720_073746.420/seg_000.png,0,2000,0.0,2.0,-1024.2,-610.4,Depth (m)
RAW_20230720_073746.420.sgy,split_01_ch4000_4405,4000,4405,0197_RAW_20230720_073746.420,1,split_01_ch4000_4405/0197_RAW_20230720_073746.420/seg_001.png,1000,3000,1.0,3.0,-1024.2,-610.4,Depth (m)
RAW_20230720_073746.420.sgy,split_01_ch4000_4405,4000,4405,0197_RAW_20230720_073746.420,2,split_01_ch4000_4405/0197_RAW_20230720_073746.420/seg_002.png,2000,4000,2.0,4.0,-1024.2,-610.4,Depth (m)
RAW_20230720_073746.420.sgy,split_01_ch4000_4405,4000,4405,0197_RAW_20230720_073746.420,3,split_01_ch4000_4405/0197_RAW_20230720_073746.420/seg_003.png,3000,5000,3.0,5.0,-1024.2,-610.4,Depth (m)
RAW_20230720_074335.220.sgy,split_01_ch4000_4405,4000,4405,0198_RAW_20230720_074335.220,0,split_01_ch4000_4405/0198_RAW_20230720_074335.220/seg_000.png,0,2000,0.0,2.0,-1024.2,-610.4,Depth (m)
RAW_20230720_074335.220.sgy,split_01_ch4000_4405,4000,4405,0198_RAW_20230720_074335.220,1,split_01_ch4000_4405/0198_RAW_20230720_074335.220/seg_001.png,1000,3000,1.0,3.0,-1024.2,-610.4,Depth (m)
RAW_20230720_074335.220.sgy,split_01_ch4000_4405,4000,4405,0198_RAW_20230720_074335.220,2,split_01_ch4000_4405/0198_RAW_20230720_074335.220/seg_002.png,2000,4000,2.0,4.0,-1024.2,-610.4,Depth (m)
RAW_20230720_074335.220.sgy,split_01_ch4000_4405,4000,4405,0198_RAW_20230720_074335.220,3,split_01_ch4000_4405/0198_RAW_20230720_074335.220/seg_003.png,3000,5000,3.0,5.0,-1024.2,-610.4,Depth (m)
RAW_20230720_074747.500.sgy,split_01_ch4000_4405,4000,4405,0199_RAW_20230720_074747.500,0,split_01_ch4000_4405/0199_RAW_20230720_074747.500/seg_000.png,0,2000,0.0,2.0,-1024.2,-610.4,Depth (m)
RAW_20230720_074747.500.sgy,split_01_ch4000_4405,4000,4405,0199_RAW_20230720_074747.500,1,split_01_ch4000_4405/0199_RAW_20230720_074747.500/seg_001.png,1000,3000,1.0,3.0,-1024.2,-610.4,Depth (m)
RAW_20230720_074747.500.sgy,split_01_ch4000_4405,4000,4405,0199_RAW_20230720_074747.500,2,split_01_ch4000_4405/0199_RAW_20230720_074747.500/seg_002.png,2000,4000,2.0,4.0,-1024.2,-610.4,Depth (m)
RAW_20230720_074747.500.sgy,split_01_ch4000_4405,4000,4405,0199_RAW_20230720_074747.500,3,split_01_ch4000_4405/0199_RAW_20230720_074747.500/seg_003.png,3000,5000,3.0,5.0,-1024.2,-610.4,Depth (m)
RAW_20230720_075606.580.sgy,split_01_ch4000_4405,4000,4405,0200_RAW_20230720_075606.580,0,split_01_ch4000_4405/0200_RAW_20230720_075606.580/seg_000.png,0,2000,0.0,2.0,-1024.2,-610.4,Depth (m)
RAW_20230720_075606.580.sgy,split_01_ch4000_4405,4000,4405,0200_RAW_20230720_075606.580,1,split_01_ch4000_4405/0200_RAW_20230720_075606.580/seg_001.png,1000,3000,1.0,3.0,-1024.2,-610.4,Depth (m)
RAW_20230720_075606.580.sgy,split_01_ch4000_4405,4000,4405,0200_RAW_20230720_075606.580,2,split_01_ch4000_4405/0200_RAW_20230720_075606.580/seg_002.png,2000,4000,2.0,4.0,-1024.2,-610.4,Depth (m)
RAW_20230720_075606.580.sgy,split_01_ch4000_4405,4000,4405,0200_RAW_20230720_075606.580,3,split_01_ch4000_4405/0200_RAW_20230720_075606.580/seg_003.png,3000,5000,3.0,5.0,-1024.2,-610.4,Depth (m)
RAW_20230720_080229.500.sgy,split_01_ch4000_4405,4000,4405,0201_RAW_20230720_080229.500,0,split_01_ch4000_4405/0201_RAW_20230720_080229.500/seg_000.png,0,2000,0.0,2.0,-1024.2,-610.4,Depth (m)
RAW_20230720_080229.500.sgy,split_01_ch4000_4405,4000,4405,0201_RAW_20230720_080229.500,1,split_01_ch4000_4405/0201_RAW_20230720_080229.500/seg_001.png,1000,3000,1.0,3.0,-1024.2,-610.4,Depth (m)
RAW_20230720_080229.500.sgy,split_01_ch4000_4405,4000,4405,0201_RAW_20230720_080229.500,2,split_01_ch4000_4405/0201_RAW_20230720_080229.500/seg_002.png,2000,4000,2.0,4.0,-1024.2,-610.4,Depth (m)
RAW_20230720_080229.500.sgy,split_01_ch4000_4405,4000,4405,0201_RAW_20230720_080229.500,3,split_01_ch4000_4405/0201_RAW_20230720_080229.500/seg_003.png,3000,5000,3.0,5.0,-1024.2,-610.4,Depth (m)
RAW_20230720_080748.780.sgy,split_01_ch4000_4405,4000,4405,0202_RAW_20230720_080748.780,0,split_01_ch4000_4405/0202_RAW_20230720_080748.780/seg_000.png,0,2000,0.0,2.0,-1024.2,-610.4,Depth (m)
RAW_20230720_080748.780.sgy,split_01_ch4000_4405,4000,4405,0202_RAW_20230720_080748.780,1,split_01_ch4000_4405/0202_RAW_20230720_080748.780/seg_001.png,1000,3000,1.0,3.0,-1024.2,-610.4,Depth (m)
RAW_20230720_080748.780.sgy,split_01_ch4000_4405,4000,4405,0202_RAW_20230720_080748.780,2,split_01_ch4000_4405/0202_RAW_20230720_080748.780/seg_002.png,2000,4000,2.0,4.0,-1024.2,-610.4,Depth (m)
RAW_20230720_080748.780.sgy,split_01_ch4000_4405,4000,4405,0202_RAW_20230720_080748.780,3,split_01_ch4000_4405/0202_RAW_20230720_080748.780/seg_003.png,3000,5000,3.0,5.0,-1024.2,-610.4,Depth (m)
RAW_20230720_081010.300.sgy,split_01_ch4000_4405,4000,4405,0203_RAW_20230720_081010.300,0,split_01_ch4000_4405/0203_RAW_20230720_081010.300/seg_000.png,0,2000,0.0,2.0,-1024.2,-610.4,Depth (m)
RAW_20230720_081010.300.sgy,split_01_ch4000_4405,4000,4405,0203_RAW_20230720_081010.300,1,split_01_ch4000_4405/0203_RAW_20230720_081010.300/seg_001.png,1000,3000,1.0,3.0,-1024.2,-610.4,Depth (m)
RAW_20230720_081010.300.sgy,split_01_ch4000_4405,4000,4405,0203_RAW_20230720_081010.300,2,split_01_ch4000_4405/0203_RAW_20230720_081010.300/seg_002.png,2000,4000,2.0,4.0,-1024.2,-610.4,Depth (m)
RAW_20230720_081010.300.sgy,split_01_ch4000_4405,4000,4405,0203_RAW_20230720_081010.300,3,split_01_ch4000_4405/0203_RAW_20230720_081010.300/seg_003.png,3000,5000,3.0,5.0,-1024.2,-610.4,Depth (m)
RAW_20230720_081226.360.sgy,split_01_ch4000_4405,4000,4405,0204_RAW_20230720_081226.360,0,split_01_ch4000_4405/0204_RAW_20230720_081226.360/seg_000.png,0,2000,0.0,2.0,-1024.2,-610.4,Depth (m)
RAW_20230720_081226.360.sgy,split_01_ch4000_4405,4000,4405,0204_RAW_20230720_081226.360,1,split_01_ch4000_4405/0204_RAW_20230720_081226.360/seg_001.png,1000,3000,1.0,3.0,-1024.2,-610.4,Depth (m)
RAW_20230720_081226.360.sgy,split_01_ch4000_4405,4000,4405,0204_RAW_20230720_081226.360,2,split_01_ch4000_4405/0204_RAW_20230720_081226.360/seg_002.png,2000,4000,2.0,4.0,-1024.2,-610.4,Depth (m)
RAW_20230720_081226.360.sgy,split_01_ch4000_4405,4000,4405,0204_RAW_20230720_081226.360,3,split_01_ch4000_4405/0204_RAW_20230720_081226.360/seg_003.png,3000,5000,3.0,5.0,-1024.2,-610.4,Depth (m)
RAW_20230720_081302.320.sgy,split_01_ch4000_4405,4000,4405,0205_RAW_20230720_081302.320,0,split_01_ch4000_4405/0205_RAW_20230720_081302.320/seg_000.png,0,2000,0.0,2.0,-1024.2,-610.4,Depth (m)
RAW_20230720_081302.320.sgy,split_01_ch4000_4405,4000,4405,0205_RAW_20230720_081302.320,1,split_01_ch4000_4405/0205_RAW_20230720_081302.320/seg_001.png,1000,3000,1.0,3.0,-1024.2,-610.4,Depth (m)
RAW_20230720_081302.320.sgy,split_01_ch4000_4405,4000,4405,0205_RAW_20230720_081302.320,2,split_01_ch4000_4405/0205_RAW_20230720_081302.320/seg_002.png,2000,4000,2.0,4.0,-1024.2,-610.4,Depth (m)
RAW_20230720_081302.320.sgy,split_01_ch4000_4405,4000,4405,0205_RAW_20230720_081302.320,3,split_01_ch4000_4405/0205_RAW_20230720_081302.320/seg_003.png,3000,5000,3.0,5.0,-1024.2,-610.4,Depth (m)
RAW_20230720_082148.080.sgy,split_01_ch4000_4405,4000,4405,0206_RAW_20230720_082148.080,0,split_01_ch4000_4405/0206_RAW_20230720_082148.080/seg_000.png,0,2000,0.0,2.0,-1024.2,-610.4,Depth (m)
RAW_20230720_082148.080.sgy,split_01_ch4000_4405,4000,4405,0206_RAW_20230720_082148.080,1,split_01_ch4000_4405/0206_RAW_20230720_082148.080/seg_001.png,1000,3000,1.0,3.0,-1024.2,-610.4,Depth (m)
RAW_20230720_082148.080.sgy,split_01_ch4000_4405,4000,4405,0206_RAW_20230720_082148.080,2,split_01_ch4000_4405/0206_RAW_20230720_082148.080/seg_002.png,2000,4000,2.0,4.0,-1024.2,-610.4,Depth (m)
RAW_20230720_082148.080.sgy,split_01_ch4000_4405,4000,4405,0206_RAW_20230720_082148.080,3,split_01_ch4000_4405/0206_RAW_20230720_082148.080/seg_003.png,3000,5000,3.0,5.0,-1024.2,-610.4,Depth (m)
RAW_20230720_082210.760.sgy,split_01_ch4000_4405,4000,4405,0207_RAW_20230720_082210.760,0,split_01_ch4000_4405/0207_RAW_20230720_082210.760/seg_000.png,0,2000,0.0,2.0,-1024.2,-610.4,Depth (m)
RAW_20230720_082210.760.sgy,split_01_ch4000_4405,4000,4405,0207_RAW_20230720_082210.760,1,split_01_ch4000_4405/0207_RAW_20230720_082210.760/seg_001.png,1000,3000,1.0,3.0,-1024.2,-610.4,Depth (m)
RAW_20230720_082210.760.sgy,split_01_ch4000_4405,4000,4405,0207_RAW_20230720_082210.760,2,split_01_ch4000_4405/0207_RAW_20230720_082210.760/seg_002.png,2000,4000,2.0,4.0,-1024.2,-610.4,Depth (m)
RAW_20230720_082210.760.sgy,split_01_ch4000_4405,4000,4405,0207_RAW_20230720_082210.760,3,split_01_ch4000_4405/0207_RAW_20230720_082210.760/seg_003.png,3000,5000,3.0,5.0,-1024.2,-610.4,Depth (m)
RAW_20230720_082338.880.sgy,split_01_ch4000_4405,4000,4405,0208_RAW_20230720_082338.880,0,split_01_ch4000_4405/0208_RAW_20230720_082338.880/seg_000.png,0,2000,0.0,2.0,-1024.2,-610.4,Depth (m)
RAW_20230720_082338.880.sgy,split_01_ch4000_4405,4000,4405,0208_RAW_20230720_082338.880,1,split_01_ch4000_4405/0208_RAW_20230720_082338.880/seg_001.png,1000,3000,1.0,3.0,-1024.2,-610.4,Depth (m)
RAW_20230720_082338.880.sgy,split_01_ch4000_4405,4000,4405,0208_RAW_20230720_082338.880,2,split_01_ch4000_4405/0208_RAW_20230720_082338.880/seg_002.png,2000,4000,2.0,4.0,-1024.2,-610.4,Depth (m)
RAW_20230720_082338.880.sgy,split_01_ch4000_4405,4000,4405,0208_RAW_20230720_082338.880,3,split_01_ch4000_4405/0208_RAW_20230720_082338.880/seg_003.png,3000,5000,3.0,5.0,-1024.2,-610.4,Depth (m)
RAW_20230720_082913.020.sgy,split_01_ch4000_4405,4000,4405,0209_RAW_20230720_082913.020,0,split_01_ch4000_4405/0209_RAW_20230720_082913.020/seg_000.png,0,2000,0.0,2.0,-1024.2,-610.4,Depth (m)
RAW_20230720_082913.020.sgy,split_01_ch4000_4405,4000,4405,0209_RAW_20230720_082913.020,1,split_01_ch4000_4405/0209_RAW_20230720_082913.020/seg_001.png,1000,3000,1.0,3.0,-1024.2,-610.4,Depth (m)
RAW_20230720_082913.020.sgy,split_01_ch4000_4405,4000,4405,0209_RAW_20230720_082913.020,2,split_01_ch4000_4405/0209_RAW_20230720_082913.020/seg_002.png,2000,4000,2.0,4.0,-1024.2,-610.4,Depth (m)
RAW_20230720_082913.020.sgy,split_01_ch4000_4405,4000,4405,0209_RAW_20230720_082913.020,3,split_01_ch4000_4405/0209_RAW_20230720_082913.020/seg_003.png,3000,5000,3.0,5.0,-1024.2,-610.4,Depth (m)
RAW_20230720_084459.700.sgy,split_01_ch4000_4405,4000,4405,0210_RAW_20230720_084459.700,0,split_01_ch4000_4405/0210_RAW_20230720_084459.700/seg_000.png,0,2000,0.0,2.0,-1024.2,-610.4,Depth (m)
RAW_20230720_084459.700.sgy,split_01_ch4000_4405,4000,4405,0210_RAW_20230720_084459.700,1,split_01_ch4000_4405/0210_RAW_20230720_084459.700/seg_001.png,1000,3000,1.0,3.0,-1024.2,-610.4,Depth (m)
RAW_20230720_084459.700.sgy,split_01_ch4000_4405,4000,4405,0210_RAW_20230720_084459.700,2,split_01_ch4000_4405/0210_RAW_20230720_084459.700/seg_002.png,2000,4000,2.0,4.0,-1024.2,-610.4,Depth (m)
RAW_20230720_084459.700.sgy,split_01_ch4000_4405,4000,4405,0210_RAW_20230720_084459.700,3,split_01_ch4000_4405/0210_RAW_20230720_084459.700/seg_003.png,3000,5000,3.0,5.0,-1024.2,-610.4,Depth (m)
RAW_20230720_084636.400.sgy,split_01_ch4000_4405,4000,4405,0211_RAW_20230720_084636.400,0,split_01_ch4000_4405/0211_RAW_20230720_084636.400/seg_000.png,0,2000,0.0,2.0,-1024.2,-610.4,Depth (m)
RAW_20230720_084636.400.sgy,split_01_ch4000_4405,4000,4405,0211_RAW_20230720_084636.400,1,split_01_ch4000_4405/0211_RAW_20230720_084636.400/seg_001.png,1000,3000,1.0,3.0,-1024.2,-610.4,Depth (m)
RAW_20230720_084636.400.sgy,split_01_ch4000_4405,4000,4405,0211_RAW_20230720_084636.400,2,split_01_ch4000_4405/0211_RAW_20230720_084636.400/seg_002.png,2000,4000,2.0,4.0,-1024.2,-610.4,Depth (m)
RAW_20230720_084636.400.sgy,split_01_ch4000_4405,4000,4405,0211_RAW_20230720_084636.400,3,split_01_ch4000_4405/0211_RAW_20230720_084636.400/seg_003.png,3000,5000,3.0,5.0,-1024.2,-610.4,Depth (m)
RAW_20230720_085240.640.sgy,split_01_ch4000_4405,4000,4405,0212_RAW_20230720_085240.640,0,split_01_ch4000_4405/0212_RAW_20230720_085240.640/seg_000.png,0,2000,0.0,2.0,-1024.2,-610.4,Depth (m)
RAW_20230720_085240.640.sgy,split_01_ch4000_4405,4000,4405,0212_RAW_20230720_085240.640,1,split_01_ch4000_4405/0212_RAW_20230720_085240.640/seg_001.png,1000,3000,1.0,3.0,-1024.2,-610.4,Depth (m)
RAW_20230720_085240.640.sgy,split_01_ch4000_4405,4000,4405,0212_RAW_20230720_085240.640,2,split_01_ch4000_4405/0212_RAW_20230720_085240.640/seg_002.png,2000,4000,2.0,4.0,-1024.2,-610.4,Depth (m)
RAW_20230720_085240.640.sgy,split_01_ch4000_4405,4000,4405,0212_RAW_20230720_085240.640,3,split_01_ch4000_4405/0212_RAW_20230720_085240.640/seg_003.png,3000,5000,3.0,5.0,-1024.2,-610.4,Depth (m)
RAW_20230720_085518.820.sgy,split_01_ch4000_4405,4000,4405,0213_RAW_20230720_085518.820,0,split_01_ch4000_4405/0213_RAW_20230720_085518.820/seg_000.png,0,2000,0.0,2.0,-1024.2,-610.4,Depth (m)
RAW_20230720_085518.820.sgy,split_01_ch4000_4405,4000,4405,0213_RAW_20230720_085518.820,1,split_01_ch4000_4405/0213_RAW_20230720_085518.820/seg_001.png,1000,3000,1.0,3.0,-1024.2,-610.4,Depth (m)
RAW_20230720_085518.820.sgy,split_01_ch4000_4405,4000,4405,0213_RAW_20230720_085518.820,2,split_01_ch4000_4405/0213_RAW_20230720_085518.820/seg_002.png,2000,4000,2.0,4.0,-1024.2,-610.4,Depth (m)
RAW_20230720_085518.820.sgy,split_01_ch4000_4405,4000,4405,0213_RAW_20230720_085518.820,3,split_01_ch4000_4405/0213_RAW_20230720_085518.820/seg_003.png,3000,5000,3.0,5.0,-1024.2,-610.4,Depth (m)
RAW_20230720_085822.540.sgy,split_01_ch4000_4405,4000,4405,0214_RAW_20230720_085822.540,0,split_01_ch4000_4405/0214_RAW_20230720_085822.540/seg_000.png,0,2000,0.0,2.0,-1024.2,-610.4,Depth (m)
RAW_20230720_085822.540.sgy,split_01_ch4000_4405,4000,4405,0214_RAW_20230720_085822.540,1,split_01_ch4000_4405/0214_RAW_20230720_085822.540/seg_001.png,1000,3000,1.0,3.0,-1024.2,-610.4,Depth (m)
RAW_20230720_085822.540.sgy,split_01_ch4000_4405,4000,4405,0214_RAW_20230720_085822.540,2,split_01_ch4000_4405/0214_RAW_20230720_085822.540/seg_002.png,2000,4000,2.0,4.0,-1024.2,-610.4,Depth (m)
RAW_20230720_085822.540.sgy,split_01_ch4000_4405,4000,4405,0214_RAW_20230720_085822.540,3,split_01_ch4000_4405/0214_RAW_20230720_085822.540/seg_003.png,3000,5000,3.0,5.0,-1024.2,-610.4,Depth (m)
RAW_20230720_090113.160.sgy,split_01_ch4000_4405,4000,4405,0215_RAW_20230720_090113.160,0,split_01_ch4000_4405/0215_RAW_20230720_090113.160/seg_000.png,0,2000,0.0,2.0,-1024.2,-610.4,Depth (m)
RAW_20230720_090113.160.sgy,split_01_ch4000_4405,4000,4405,0215_RAW_20230720_090113.160,1,split_01_ch4000_4405/0215_RAW_20230720_090113.160/seg_001.png,1000,3000,1.0,3.0,-1024.2,-610.4,Depth (m)
RAW_20230720_090113.160.sgy,split_01_ch4000_4405,4000,4405,0215_RAW_20230720_090113.160,2,split_01_ch4000_4405/0215_RAW_20230720_090113.160/seg_002.png,2000,4000,2.0,4.0,-1024.2,-610.4,Depth (m)
RAW_20230720_090113.160.sgy,split_01_ch4000_4405,4000,4405,0215_RAW_20230720_090113.160,3,split_01_ch4000_4405/0215_RAW_20230720_090113.160/seg_003.png,3000,5000,3.0,5.0,-1024.2,-610.4,Depth (m)
RAW_20230720_090602.640.sgy,split_01_ch4000_4405,4000,4405,0216_RAW_20230720_090602.640,0,split_01_ch4000_4405/0216_RAW_20230720_090602.640/seg_000.png,0,2000,0.0,2.0,-1024.2,-610.4,Depth (m)
RAW_20230720_090602.640.sgy,split_01_ch4000_4405,4000,4405,0216_RAW_20230720_090602.640,1,split_01_ch4000_4405/0216_RAW_20230720_090602.640/seg_001.png,1000,3000,1.0,3.0,-1024.2,-610.4,Depth (m)
RAW_20230720_090602.640.sgy,split_01_ch4000_4405,4000,4405,0216_RAW_20230720_090602.640,2,split_01_ch4000_4405/0216_RAW_20230720_090602.640/seg_002.png,2000,4000,2.0,4.0,-1024.2,-610.4,Depth (m)
RAW_20230720_090602.640.sgy,split_01_ch4000_4405,4000,4405,0216_RAW_20230720_090602.640,3,split_01_ch4000_4405/0216_RAW_20230720_090602.640/seg_003.png,3000,5000,3.0,5.0,-1024.2,-610.4,Depth (m)
RAW_20230720_091146.460.sgy,split_01_ch4000_4405,4000,4405,0217_RAW_20230720_091146.460,0,split_01_ch4000_4405/0217_RAW_20230720_091146.460/seg_000.png,0,2000,0.0,2.0,-1024.2,-610.4,Depth (m)
RAW_20230720_091146.460.sgy,split_01_ch4000_4405,4000,4405,0217_RAW_20230720_091146.460,1,split_01_ch4000_4405/0217_RAW_20230720_091146.460/seg_001.png,1000,3000,1.0,3.0,-1024.2,-610.4,Depth (m)
RAW_20230720_091146.460.sgy,split_01_ch4000_4405,4000,4405,0217_RAW_20230720_091146.460,2,split_01_ch4000_4405/0217_RAW_20230720_091146.460/seg_002.png,2000,4000,2.0,4.0,-1024.2,-610.4,Depth (m)
RAW_20230720_091146.460.sgy,split_01_ch4000_4405,4000,4405,0217_RAW_20230720_091146.460,3,split_01_ch4000_4405/0217_RAW_20230720_091146.460/seg_003.png,3000,5000,3.0,5.0,-1024.2,-610.4,Depth (m)
RAW_20230720_091213.760.sgy,split_01_ch4000_4405,4000,4405,0218_RAW_20230720_091213.760,0,split_01_ch4000_4405/0218_RAW_20230720_091213.760/seg_000.png,0,2000,0.0,2.0,-1024.2,-610.4,Depth (m)
RAW_20230720_091213.760.sgy,split_01_ch4000_4405,4000,4405,0218_RAW_20230720_091213.760,1,split_01_ch4000_4405/0218_RAW_20230720_091213.760/seg_001.png,1000,3000,1.0,3.0,-1024.2,-610.4,Depth (m)
RAW_20230720_091213.760.sgy,split_01_ch4000_4405,4000,4405,0218_RAW_20230720_091213.760,2,split_01_ch4000_4405/0218_RAW_20230720_091213.760/seg_002.png,2000,4000,2.0,4.0,-1024.2,-610.4,Depth (m)
RAW_20230720_091213.760.sgy,split_01_ch4000_4405,4000,4405,0218_RAW_20230720_091213.760,3,split_01_ch4000_4405/0218_RAW_20230720_091213.760/seg_003.png,3000,5000,3.0,5.0,-1024.2,-610.4,Depth (m)
RAW_20230720_091251.500.sgy,split_01_ch4000_4405,4000,4405,0219_RAW_20230720_091251.500,0,split_01_ch4000_4405/0219_RAW_20230720_091251.500/seg_000.png,0,2000,0.0,2.0,-1024.2,-610.4,Depth (m)
RAW_20230720_091251.500.sgy,split_01_ch4000_4405,4000,4405,0219_RAW_20230720_091251.500,1,split_01_ch4000_4405/0219_RAW_20230720_091251.500/seg_001.png,1000,3000,1.0,3.0,-1024.2,-610.4,Depth (m)
RAW_20230720_091251.500.sgy,split_01_ch4000_4405,4000,4405,0219_RAW_20230720_091251.500,2,split_01_ch4000_4405/0219_RAW_20230720_091251.500/seg_002.png,2000,4000,2.0,4.0,-1024.2,-610.4,Depth (m)
RAW_20230720_091251.500.sgy,split_01_ch4000_4405,4000,4405,0219_RAW_20230720_091251.500,3,split_01_ch4000_4405/0219_RAW_20230720_091251.500/seg_003.png,3000,5000,3.0,5.0,-1024.2,-610.4,Depth (m)
RAW_20230720_091336.660.sgy,split_01_ch4000_4405,4000,4405,0220_RAW_20230720_091336.660,0,split_01_ch4000_4405/0220_RAW_20230720_091336.660/seg_000.png,0,2000,0.0,2.0,-1024.2,-610.4,Depth (m)
RAW_20230720_091336.660.sgy,split_01_ch4000_4405,4000,4405,0220_RAW_20230720_091336.660,1,split_01_ch4000_4405/0220_RAW_20230720_091336.660/seg_001.png,1000,3000,1.0,3.0,-1024.2,-610.4,Depth (m)
RAW_20230720_091336.660.sgy,split_01_ch4000_4405,4000,4405,0220_RAW_20230720_091336.660,2,split_01_ch4000_4405/0220_RAW_20230720_091336.660/seg_002.png,2000,4000,2.0,4.0,-1024.2,-610.4,Depth (m)
RAW_20230720_091336.660.sgy,split_01_ch4000_4405,4000,4405,0220_RAW_20230720_091336.660,3,split_01_ch4000_4405/0220_RAW_20230720_091336.660/seg_003.png,3000,5000,3.0,5.0,-1024.2,-610.4,Depth (m)
RAW_20230720_091628.360.sgy,split_01_ch4000_4405,4000,4405,0221_RAW_20230720_091628.360,0,split_01_ch4000_4405/0221_RAW_20230720_091628.360/seg_000.png,0,2000,0.0,2.0,-1024.2,-610.4,Depth (m)
RAW_20230720_091628.360.sgy,split_01_ch4000_4405,4000,4405,0221_RAW_20230720_091628.360,1,split_01_ch4000_4405/0221_RAW_20230720_091628.360/seg_001.png,1000,3000,1.0,3.0,-1024.2,-610.4,Depth (m)
RAW_20230720_091628.360.sgy,split_01_ch4000_4405,4000,4405,0221_RAW_20230720_091628.360,2,split_01_ch4000_4405/0221_RAW_20230720_091628.360/seg_002.png,2000,4000,2.0,4.0,-1024.2,-610.4,Depth (m)
RAW_20230720_091628.360.sgy,split_01_ch4000_4405,4000,4405,0221_RAW_20230720_091628.360,3,split_01_ch4000_4405/0221_RAW_20230720_091628.360/seg_003.png,3000,5000,3.0,5.0,-1024.2,-610.4,Depth (m)
RAW_20230720_092029.360.sgy,split_01_ch4000_4405,4000,4405,0222_RAW_20230720_092029.360,0,split_01_ch4000_4405/0222_RAW_20230720_092029.360/seg_000.png,0,2000,0.0,2.0,-1024.2,-610.4,Depth (m)
RAW_20230720_092029.360.sgy,split_01_ch4000_4405,4000,4405,0222_RAW_20230720_092029.360,1,split_01_ch4000_4405/0222_RAW_20230720_092029.360/seg_001.png,1000,3000,1.0,3.0,-1024.2,-610.4,Depth (m)
RAW_20230720_092029.360.sgy,split_01_ch4000_4405,4000,4405,0222_RAW_20230720_092029.360,2,split_01_ch4000_4405/0222_RAW_20230720_092029.360/seg_002.png,2000,4000,2.0,4.0,-1024.2,-610.4,Depth (m)
RAW_20230720_092029.360.sgy,split_01_ch4000_4405,4000,4405,0222_RAW_20230720_092029.360,3,split_01_ch4000_4405/0222_RAW_20230720_092029.360/seg_003.png,3000,5000,3.0,5.0,-1024.2,-610.4,Depth (m)
RAW_20230720_092650.140.sgy,split_01_ch4000_4405,4000,4405,0223_RAW_20230720_092650.140,0,split_01_ch4000_4405/0223_RAW_20230720_092650.140/seg_000.png,0,2000,0.0,2.0,-1024.2,-610.4,Depth (m)
RAW_20230720_092650.140.sgy,split_01_ch4000_4405,4000,4405,0223_RAW_20230720_092650.140,1,split_01_ch4000_4405/0223_RAW_20230720_092650.140/seg_001.png,1000,3000,1.0,3.0,-1024.2,-610.4,Depth (m)
RAW_20230720_092650.140.sgy,split_01_ch4000_4405,4000,4405,0223_RAW_20230720_092650.140,2,split_01_ch4000_4405/0223_RAW_20230720_092650.140/seg_002.png,2000,4000,2.0,4.0,-1024.2,-610.4,Depth (m)
RAW_20230720_092650.140.sgy,split_01_ch4000_4405,4000,4405,0223_RAW_20230720_092650.140,3,split_01_ch4000_4405/0223_RAW_20230720_092650.140/seg_003.png,3000,5000,3.0,5.0,-1024.2,-610.4,Depth (m)
RAW_20230720_093708.020.sgy,split_01_ch4000_4405,4000,4405,0224_RAW_20230720_093708.020,0,split_01_ch4000_4405/0224_RAW_20230720_093708.020/seg_000.png,0,2000,0.0,2.0,-1024.2,-610.4,Depth (m)
RAW_20230720_093708.020.sgy,split_01_ch4000_4405,4000,4405,0224_RAW_20230720_093708.020,1,split_01_ch4000_4405/0224_RAW_20230720_093708.020/seg_001.png,1000,3000,1.0,3.0,-1024.2,-610.4,Depth (m)
RAW_20230720_093708.020.sgy,split_01_ch4000_4405,4000,4405,0224_RAW_20230720_093708.020,2,split_01_ch4000_4405/0224_RAW_20230720_093708.020/seg_002.png,2000,4000,2.0,4.0,-1024.2,-610.4,Depth (m)
RAW_20230720_093708.020.sgy,split_01_ch4000_4405,4000,4405,0224_RAW_20230720_093708.020,3,split_01_ch4000_4405/0224_RAW_20230720_093708.020/seg_003.png,3000,5000,3.0,5.0,-1024.2,-610.4,Depth (m)
RAW_20230720_093718.140.sgy,split_01_ch4000_4405,4000,4405,0225_RAW_20230720_093718.140,0,split_01_ch4000_4405/0225_RAW_20230720_093718.140/seg_000.png,0,2000,0.0,2.0,-1024.2,-610.4,Depth (m)
RAW_20230720_093718.140.sgy,split_01_ch4000_4405,4000,4405,0225_RAW_20230720_093718.140,1,split_01_ch4000_4405/0225_RAW_20230720_093718.140/seg_001.png,1000,3000,1.0,3.0,-1024.2,-610.4,Depth (m)
RAW_20230720_093718.140.sgy,split_01_ch4000_4405,4000,4405,0225_RAW_20230720_093718.140,2,split_01_ch4000_4405/0225_RAW_20230720_093718.140/seg_002.png,2000,4000,2.0,4.0,-1024.2,-610.4,Depth (m)
RAW_20230720_093718.140.sgy,split_01_ch4000_4405,4000,4405,0225_RAW_20230720_093718.140,3,split_01_ch4000_4405/0225_RAW_20230720_093718.140/seg_003.png,3000,5000,3.0,5.0,-1024.2,-610.4,Depth (m)
RAW_20230720_093747.780.sgy,split_01_ch4000_4405,4000,4405,0226_RAW_20230720_093747.780,0,split_01_ch4000_4405/0226_RAW_20230720_093747.780/seg_000.png,0,2000,0.0,2.0,-1024.2,-610.4,Depth (m)
RAW_20230720_093747.780.sgy,split_01_ch4000_4405,4000,4405,0226_RAW_20230720_093747.780,1,split_01_ch4000_4405/0226_RAW_20230720_093747.780/seg_001.png,1000,3000,1.0,3.0,-1024.2,-610.4,Depth (m)
RAW_20230720_093747.780.sgy,split_01_ch4000_4405,4000,4405,0226_RAW_20230720_093747.780,2,split_01_ch4000_4405/0226_RAW_20230720_093747.780/seg_002.png,2000,4000,2.0,4.0,-1024.2,-610.4,Depth (m)
RAW_20230720_093747.780.sgy,split_01_ch4000_4405,4000,4405,0226_RAW_20230720_093747.780,3,split_01_ch4000_4405/0226_RAW_20230720_093747.780/seg_003.png,3000,5000,3.0,5.0,-1024.2,-610.4,Depth (m)
RAW_20230720_093949.540.sgy,split_01_ch4000_4405,4000,4405,0227_RAW_20230720_093949.540,0,split_01_ch4000_4405/0227_RAW_20230720_093949.540/seg_000.png,0,2000,0.0,2.0,-1024.2,-610.4,Depth (m)
RAW_20230720_093949.540.sgy,split_01_ch4000_4405,4000,4405,0227_RAW_20230720_093949.540,1,split_01_ch4000_4405/0227_RAW_20230720_093949.540/seg_001.png,1000,3000,1.0,3.0,-1024.2,-610.4,Depth (m)
RAW_20230720_093949.540.sgy,split_01_ch4000_4405,4000,4405,0227_RAW_20230720_093949.540,2,split_01_ch4000_4405/0227_RAW_20230720_093949.540/seg_002.png,2000,4000,2.0,4.0,-1024.2,-610.4,Depth (m)
RAW_20230720_093949.540.sgy,split_01_ch4000_4405,4000,4405,0227_RAW_20230720_093949.540,3,split_01_ch4000_4405/0227_RAW_20230720_093949.540/seg_003.png,3000,5000,3.0,5.0,-1024.2,-610.4,Depth (m)
RAW_20230720_094558.960.sgy,split_01_ch4000_4405,4000,4405,0228_RAW_20230720_094558.960,0,split_01_ch4000_4405/0228_RAW_20230720_094558.960/seg_000.png,0,2000,0.0,2.0,-1024.2,-610.4,Depth (m)
RAW_20230720_094558.960.sgy,split_01_ch4000_4405,4000,4405,0228_RAW_20230720_094558.960,1,split_01_ch4000_4405/0228_RAW_20230720_094558.960/seg_001.png,1000,3000,1.0,3.0,-1024.2,-610.4,Depth (m)
RAW_20230720_094558.960.sgy,split_01_ch4000_4405,4000,4405,0228_RAW_20230720_094558.960,2,split_01_ch4000_4405/0228_RAW_20230720_094558.960/seg_002.png,2000,4000,2.0,4.0,-1024.2,-610.4,Depth (m)
RAW_20230720_094558.960.sgy,split_01_ch4000_4405,4000,4405,0228_RAW_20230720_094558.960,3,split_01_ch4000_4405/0228_RAW_20230720_094558.960/seg_003.png,3000,5000,3.0,5.0,-1024.2,-610.4,Depth (m)
RAW_20230720_100612.340.sgy,split_01_ch4000_4405,4000,4405,0229_RAW_20230720_100612.340,0,split_01_ch4000_4405/0229_RAW_20230720_100612.340/seg_000.png,0,2000,0.0,2.0,-1024.2,-610.4,Depth (m)
RAW_20230720_100612.340.sgy,split_01_ch4000_4405,4000,4405,0229_RAW_20230720_100612.340,1,split_01_ch4000_4405/0229_RAW_20230720_100612.340/seg_001.png,1000,3000,1.0,3.0,-1024.2,-610.4,Depth (m)
RAW_20230720_100612.340.sgy,split_01_ch4000_4405,4000,4405,0229_RAW_20230720_100612.340,2,split_01_ch4000_4405/0229_RAW_20230720_100612.340/seg_002.png,2000,4000,2.0,4.0,-1024.2,-610.4,Depth (m)
RAW_20230720_100612.340.sgy,split_01_ch4000_4405,4000,4405,0229_RAW_20230720_100612.340,3,split_01_ch4000_4405/0229_RAW_20230720_100612.340/seg_003.png,3000,5000,3.0,5.0,-1024.2,-610.4,Depth (m)
RAW_20230720_101540.600.sgy,split_01_ch4000_4405,4000,4405,0230_RAW_20230720_101540.600,0,split_01_ch4000_4405/0230_RAW_20230720_101540.600/seg_000.png,0,2000,0.0,2.0,-1024.2,-610.4,Depth (m)
RAW_20230720_101540.600.sgy,split_01_ch4000_4405,4000,4405,0230_RAW_20230720_101540.600,1,split_01_ch4000_4405/0230_RAW_20230720_101540.600/seg_001.png,1000,3000,1.0,3.0,-1024.2,-610.4,Depth (m)
RAW_20230720_101540.600.sgy,split_01_ch4000_4405,4000,4405,0230_RAW_20230720_101540.600,2,split_01_ch4000_4405/0230_RAW_20230720_101540.600/seg_002.png,2000,4000,2.0,4.0,-1024.2,-610.4,Depth (m)
RAW_20230720_101540.600.sgy,split_01_ch4000_4405,4000,4405,0230_RAW_20230720_101540.600,3,split_01_ch4000_4405/0230_RAW_20230720_101540.600/seg_003.png,3000,5000,3.0,5.0,-1024.2,-610.4,Depth (m)
RAW_20230720_102640.800.sgy,split_01_ch4000_4405,4000,4405,0231_RAW_20230720_102640.800,0,split_01_ch4000_4405/0231_RAW_20230720_102640.800/seg_000.png,0,2000,0.0,2.0,-1024.2,-610.4,Depth (m)
RAW_20230720_102640.800.sgy,split_01_ch4000_4405,4000,4405,0231_RAW_20230720_102640.800,1,split_01_ch4000_4405/0231_RAW_20230720_102640.800/seg_001.png,1000,3000,1.0,3.0,-1024.2,-610.4,Depth (m)
RAW_20230720_102640.800.sgy,split_01_ch4000_4405,4000,4405,0231_RAW_20230720_102640.800,2,split_01_ch4000_4405/0231_RAW_20230720_102640.800/seg_002.png,2000,4000,2.0,4.0,-1024.2,-610.4,Depth (m)
RAW_20230720_102640.800.sgy,split_01_ch4000_4405,4000,4405,0231_RAW_20230720_102640.800,3,split_01_ch4000_4405/0231_RAW_20230720_102640.800/seg_003.png,3000,5000,3.0,5.0,-1024.2,-610.4,Depth (m)
RAW_20230720_102741.860.sgy,split_01_ch4000_4405,4000,4405,0232_RAW_20230720_102741.860,0,split_01_ch4000_4405/0232_RAW_20230720_102741.860/seg_000.png,0,2000,0.0,2.0,-1024.2,-610.4,Depth (m)
RAW_20230720_102741.860.sgy,split_01_ch4000_4405,4000,4405,0232_RAW_20230720_102741.860,1,split_01_ch4000_4405/0232_RAW_20230720_102741.860/seg_001.png,1000,3000,1.0,3.0,-1024.2,-610.4,Depth (m)
RAW_20230720_102741.860.sgy,split_01_ch4000_4405,4000,4405,0232_RAW_20230720_102741.860,2,split_01_ch4000_4405/0232_RAW_20230720_102741.860/seg_002.png,2000,4000,2.0,4.0,-1024.2,-610.4,Depth (m)
RAW_20230720_102741.860.sgy,split_01_ch4000_4405,4000,4405,0232_RAW_20230720_102741.860,3,split_01_ch4000_4405/0232_RAW_20230720_102741.860/seg_003.png,3000,5000,3.0,5.0,-1024.2,-610.4,Depth (m)
RAW_20230720_102829.840.sgy,split_01_ch4000_4405,4000,4405,0233_RAW_20230720_102829.840,0,split_01_ch4000_4405/0233_RAW_20230720_102829.840/seg_000.png,0,2000,0.0,2.0,-1024.2,-610.4,Depth (m)
RAW_20230720_102829.840.sgy,split_01_ch4000_4405,4000,4405,0233_RAW_20230720_102829.840,1,split_01_ch4000_4405/0233_RAW_20230720_102829.840/seg_001.png,1000,3000,1.0,3.0,-1024.2,-610.4,Depth (m)
RAW_20230720_102829.840.sgy,split_01_ch4000_4405,4000,4405,0233_RAW_20230720_102829.840,2,split_01_ch4000_4405/0233_RAW_20230720_102829.840/seg_002.png,2000,4000,2.0,4.0,-1024.2,-610.4,Depth (m)
RAW_20230720_102829.840.sgy,split_01_ch4000_4405,4000,4405,0233_RAW_20230720_102829.840,3,split_01_ch4000_4405/0233_RAW_20230720_102829.840/seg_003.png,3000,5000,3.0,5.0,-1024.2,-610.4,Depth (m)
RAW_20230720_102910.380.sgy,split_01_ch4000_4405,4000,4405,0234_RAW_20230720_102910.380,0,split_01_ch4000_4405/0234_RAW_20230720_102910.380/seg_000.png,0,2000,0.0,2.0,-1024.2,-610.4,Depth (m)
RAW_20230720_102910.380.sgy,split_01_ch4000_4405,4000,4405,0234_RAW_20230720_102910.380,1,split_01_ch4000_4405/0234_RAW_20230720_102910.380/seg_001.png,1000,3000,1.0,3.0,-1024.2,-610.4,Depth (m)
RAW_20230720_102910.380.sgy,split_01_ch4000_4405,4000,4405,0234_RAW_20230720_102910.380,2,split_01_ch4000_4405/0234_RAW_20230720_102910.380/seg_002.png,2000,4000,2.0,4.0,-1024.2,-610.4,Depth (m)
RAW_20230720_102910.380.sgy,split_01_ch4000_4405,4000,4405,0234_RAW_20230720_102910.380,3,split_01_ch4000_4405/0234_RAW_20230720_102910.380/seg_003.png,3000,5000,3.0,5.0,-1024.2,-610.4,Depth (m)
RAW_20230720_103428.100.sgy,split_01_ch4000_4405,4000,4405,0235_RAW_20230720_103428.100,0,split_01_ch4000_4405/0235_RAW_20230720_103428.100/seg_000.png,0,2000,0.0,2.0,-1024.2,-610.4,Depth (m)
RAW_20230720_103428.100.sgy,split_01_ch4000_4405,4000,4405,0235_RAW_20230720_103428.100,1,split_01_ch4000_4405/0235_RAW_20230720_103428.100/seg_001.png,1000,3000,1.0,3.0,-1024.2,-610.4,Depth (m)
RAW_20230720_103428.100.sgy,split_01_ch4000_4405,4000,4405,0235_RAW_20230720_103428.100,2,split_01_ch4000_4405/0235_RAW_20230720_103428.100/seg_002.png,2000,4000,2.0,4.0,-1024.2,-610.4,Depth (m)
RAW_20230720_103428.100.sgy,split_01_ch4000_4405,4000,4405,0235_RAW_20230720_103428.100,3,split_01_ch4000_4405/0235_RAW_20230720_103428.100/seg_003.png,3000,5000,3.0,5.0,-1024.2,-610.4,Depth (m)
RAW_20230720_110328.540.sgy,split_01_ch4000_4405,4000,4405,0236_RAW_20230720_110328.540,0,split_01_ch4000_4405/0236_RAW_20230720_110328.540/seg_000.png,0,2000,0.0,2.0,-1024.2,-610.4,Depth (m)
RAW_20230720_110328.540.sgy,split_01_ch4000_4405,4000,4405,0236_RAW_20230720_110328.540,1,split_01_ch4000_4405/0236_RAW_20230720_110328.540/seg_001.png,1000,3000,1.0,3.0,-1024.2,-610.4,Depth (m)
RAW_20230720_110328.540.sgy,split_01_ch4000_4405,4000,4405,0236_RAW_20230720_110328.540,2,split_01_ch4000_4405/0236_RAW_20230720_110328.540/seg_002.png,2000,4000,2.0,4.0,-1024.2,-610.4,Depth (m)
RAW_20230720_110328.540.sgy,split_01_ch4000_4405,4000,4405,0236_RAW_20230720_110328.540,3,split_01_ch4000_4405/0236_RAW_20230720_110328.540/seg_003.png,3000,5000,3.0,5.0,-1024.2,-610.4,Depth (m)
RAW_20230720_110747.940.sgy,split_01_ch4000_4405,4000,4405,0237_RAW_20230720_110747.940,0,split_01_ch4000_4405/0237_RAW_20230720_110747.940/seg_000.png,0,2000,0.0,2.0,-1024.2,-610.4,Depth (m)
RAW_20230720_110747.940.sgy,split_01_ch4000_4405,4000,4405,0237_RAW_20230720_110747.940,1,split_01_ch4000_4405/0237_RAW_20230720_110747.940/seg_001.png,1000,3000,1.0,3.0,-1024.2,-610.4,Depth (m)
RAW_20230720_110747.940.sgy,split_01_ch4000_4405,4000,4405,0237_RAW_20230720_110747.940,2,split_01_ch4000_4405/0237_RAW_20230720_110747.940/seg_002.png,2000,4000,2.0,4.0,-1024.2,-610.4,Depth (m)
RAW_20230720_110747.940.sgy,split_01_ch4000_4405,4000,4405,0237_RAW_20230720_110747.940,3,split_01_ch4000_4405/0237_RAW_20230720_110747.940/seg_003.png,3000,5000,3.0,5.0,-1024.2,-610.4,Depth (m)
RAW_20230720_111005.680.sgy,split_01_ch4000_4405,4000,4405,0238_RAW_20230720_111005.680,0,split_01_ch4000_4405/0238_RAW_20230720_111005.680/seg_000.png,0,2000,0.0,2.0,-1024.2,-610.4,Depth (m)
RAW_20230720_111005.680.sgy,split_01_ch4000_4405,4000,4405,0238_RAW_20230720_111005.680,1,split_01_ch4000_4405/0238_RAW_20230720_111005.680/seg_001.png,1000,3000,1.0,3.0,-1024.2,-610.4,Depth (m)
RAW_20230720_111005.680.sgy,split_01_ch4000_4405,4000,4405,0238_RAW_20230720_111005.680,2,split_01_ch4000_4405/0238_RAW_20230720_111005.680/seg_002.png,2000,4000,2.0,4.0,-1024.2,-610.4,Depth (m)
RAW_20230720_111005.680.sgy,split_01_ch4000_4405,4000,4405,0238_RAW_20230720_111005.680,3,split_01_ch4000_4405/0238_RAW_20230720_111005.680/seg_003.png,3000,5000,3.0,5.0,-1024.2,-610.4,Depth (m)
RAW_20230720_113700.260.sgy,split_01_ch4000_4405,4000,4405,0239_RAW_20230720_113700.260,0,split_01_ch4000_4405/0239_RAW_20230720_113700.260/seg_000.png,0,2000,0.0,2.0,-1024.2,-610.4,Depth (m)
RAW_20230720_113700.260.sgy,split_01_ch4000_4405,4000,4405,0239_RAW_20230720_113700.260,1,split_01_ch4000_4405/0239_RAW_20230720_113700.260/seg_001.png,1000,3000,1.0,3.0,-1024.2,-610.4,Depth (m)
RAW_20230720_113700.260.sgy,split_01_ch4000_4405,4000,4405,0239_RAW_20230720_113700.260,2,split_01_ch4000_4405/0239_RAW_20230720_113700.260/seg_002.png,2000,4000,2.0,4.0,-1024.2,-610.4,Depth (m)
RAW_20230720_113700.260.sgy,split_01_ch4000_4405,4000,4405,0239_RAW_20230720_113700.260,3,split_01_ch4000_4405/0239_RAW_20230720_113700.260/seg_003.png,3000,5000,3.0,5.0,-1024.2,-610.4,Depth (m)
RAW_20230720_115655.360.sgy,split_01_ch4000_4405,4000,4405,0240_RAW_20230720_115655.360,0,split_01_ch4000_4405/0240_RAW_20230720_115655.360/seg_000.png,0,2000,0.0,2.0,-1024.2,-610.4,Depth (m)
RAW_20230720_115655.360.sgy,split_01_ch4000_4405,4000,4405,0240_RAW_20230720_115655.360,1,split_01_ch4000_4405/0240_RAW_20230720_115655.360/seg_001.png,1000,3000,1.0,3.0,-1024.2,-610.4,Depth (m)
RAW_20230720_115655.360.sgy,split_01_ch4000_4405,4000,4405,0240_RAW_20230720_115655.360,2,split_01_ch4000_4405/0240_RAW_20230720_115655.360/seg_002.png,2000,4000,2.0,4.0,-1024.2,-610.4,Depth (m)
RAW_20230720_115655.360.sgy,split_01_ch4000_4405,4000,4405,0240_RAW_20230720_115655.360,3,split_01_ch4000_4405/0240_RAW_20230720_115655.360/seg_003.png,3000,5000,3.0,5.0,-1024.2,-610.4,Depth (m)
RAW_20230720_123042.460.sgy,split_01_ch4000_4405,4000,4405,0241_RAW_20230720_123042.460,0,split_01_ch4000_4405/0241_RAW_20230720_123042.460/seg_000.png,0,2000,0.0,2.0,-1024.2,-610.4,Depth (m)
RAW_20230720_123042.460.sgy,split_01_ch4000_4405,4000,4405,0241_RAW_20230720_123042.460,1,split_01_ch4000_4405/0241_RAW_20230720_123042.460/seg_001.png,1000,3000,1.0,3.0,-1024.2,-610.4,Depth (m)
RAW_20230720_123042.460.sgy,split_01_ch4000_4405,4000,4405,0241_RAW_20230720_123042.460,2,split_01_ch4000_4405/0241_RAW_20230720_123042.460/seg_002.png,2000,4000,2.0,4.0,-1024.2,-610.4,Depth (m)
RAW_20230720_123042.460.sgy,split_01_ch4000_4405,4000,4405,0241_RAW_20230720_123042.460,3,split_01_ch4000_4405/0241_RAW_20230720_123042.460/seg_003.png,3000,5000,3.0,5.0,-1024.2,-610.4,Depth (m)
RAW_20230720_123256.300.sgy,split_01_ch4000_4405,4000,4405,0242_RAW_20230720_123256.300,0,split_01_ch4000_4405/0242_RAW_20230720_123256.300/seg_000.png,0,2000,0.0,2.0,-1024.2,-610.4,Depth (m)
RAW_20230720_123256.300.sgy,split_01_ch4000_4405,4000,4405,0242_RAW_20230720_123256.300,1,split_01_ch4000_4405/0242_RAW_20230720_123256.300/seg_001.png,1000,3000,1.0,3.0,-1024.2,-610.4,Depth (m)
RAW_20230720_123256.300.sgy,split_01_ch4000_4405,4000,4405,0242_RAW_20230720_123256.300,2,split_01_ch4000_4405/0242_RAW_20230720_123256.300/seg_002.png,2000,4000,2.0,4.0,-1024.2,-610.4,Depth (m)
RAW_20230720_123256.300.sgy,split_01_ch4000_4405,4000,4405,0242_RAW_20230720_123256.300,3,split_01_ch4000_4405/0242_RAW_20230720_123256.300/seg_003.png,3000,5000,3.0,5.0,-1024.2,-610.4,Depth (m)
RAW_20230720_140009.780.sgy,split_01_ch4000_4405,4000,4405,0243_RAW_20230720_140009.780,0,split_01_ch4000_4405/0243_RAW_20230720_140009.780/seg_000.png,0,2000,0.0,2.0,-1024.2,-610.4,Depth (m)
RAW_20230720_140009.780.sgy,split_01_ch4000_4405,4000,4405,0243_RAW_20230720_140009.780,1,split_01_ch4000_4405/0243_RAW_20230720_140009.780/seg_001.png,1000,3000,1.0,3.0,-1024.2,-610.4,Depth (m)
RAW_20230720_140009.780.sgy,split_01_ch4000_4405,4000,4405,0243_RAW_20230720_140009.780,2,split_01_ch4000_4405/0243_RAW_20230720_140009.780/seg_002.png,2000,4000,2.0,4.0,-1024.2,-610.4,Depth (m)
RAW_20230720_140009.780.sgy,split_01_ch4000_4405,4000,4405,0243_RAW_20230720_140009.780,3,split_01_ch4000_4405/0243_RAW_20230720_140009.780/seg_003.png,3000,5000,3.0,5.0,-1024.2,-610.4,Depth (m)
RAW_20230720_140416.920.sgy,split_01_ch4000_4405,4000,4405,0244_RAW_20230720_140416.920,0,split_01_ch4000_4405/0244_RAW_20230720_140416.920/seg_000.png,0,2000,0.0,2.0,-1024.2,-610.4,Depth (m)
RAW_20230720_140416.920.sgy,split_01_ch4000_4405,4000,4405,0244_RAW_20230720_140416.920,1,split_01_ch4000_4405/0244_RAW_20230720_140416.920/seg_001.png,1000,3000,1.0,3.0,-1024.2,-610.4,Depth (m)
RAW_20230720_140416.920.sgy,split_01_ch4000_4405,4000,4405,0244_RAW_20230720_140416.920,2,split_01_ch4000_4405/0244_RAW_20230720_140416.920/seg_002.png,2000,4000,2.0,4.0,-1024.2,-610.4,Depth (m)
RAW_20230720_140416.920.sgy,split_01_ch4000_4405,4000,4405,0244_RAW_20230720_140416.920,3,split_01_ch4000_4405/0244_RAW_20230720_140416.920/seg_003.png,3000,5000,3.0,5.0,-1024.2,-610.4,Depth (m)
RAW_20230720_144510.080.sgy,split_01_ch4000_4405,4000,4405,0245_RAW_20230720_144510.080,0,split_01_ch4000_4405/0245_RAW_20230720_144510.080/seg_000.png,0,2000,0.0,2.0,-1024.2,-610.4,Depth (m)
RAW_20230720_144510.080.sgy,split_01_ch4000_4405,4000,4405,0245_RAW_20230720_144510.080,1,split_01_ch4000_4405/0245_RAW_20230720_144510.080/seg_001.png,1000,3000,1.0,3.0,-1024.2,-610.4,Depth (m)
RAW_20230720_144510.080.sgy,split_01_ch4000_4405,4000,4405,0245_RAW_20230720_144510.080,2,split_01_ch4000_4405/0245_RAW_20230720_144510.080/seg_002.png,2000,4000,2.0,4.0,-1024.2,-610.4,Depth (m)
RAW_20230720_144510.080.sgy,split_01_ch4000_4405,4000,4405,0245_RAW_20230720_144510.080,3,split_01_ch4000_4405/0245_RAW_20230720_144510.080/seg_003.png,3000,5000,3.0,5.0,-1024.2,-610.4,Depth (m)
RAW_20230720_151525.720.sgy,split_01_ch4000_4405,4000,4405,0246_RAW_20230720_151525.720,0,split_01_ch4000_4405/0246_RAW_20230720_151525.720/seg_000.png,0,2000,0.0,2.0,-1024.2,-610.4,Depth (m)
RAW_20230720_151525.720.sgy,split_01_ch4000_4405,4000,4405,0246_RAW_20230720_151525.720,1,split_01_ch4000_4405/0246_RAW_20230720_151525.720/seg_001.png,1000,3000,1.0,3.0,-1024.2,-610.4,Depth (m)
RAW_20230720_151525.720.sgy,split_01_ch4000_4405,4000,4405,0246_RAW_20230720_151525.720,2,split_01_ch4000_4405/0246_RAW_20230720_151525.720/seg_002.png,2000,4000,2.0,4.0,-1024.2,-610.4,Depth (m)
RAW_20230720_151525.720.sgy,split_01_ch4000_4405,4000,4405,0246_RAW_20230720_151525.720,3,split_01_ch4000_4405/0246_RAW_20230720_151525.720/seg_003.png,3000,5000,3.0,5.0,-1024.2,-610.4,Depth (m)
RAW_20230720_151605.460.sgy,split_01_ch4000_4405,4000,4405,0247_RAW_20230720_151605.460,0,split_01_ch4000_4405/0247_RAW_20230720_151605.460/seg_000.png,0,2000,0.0,2.0,-1024.2,-610.4,Depth (m)
RAW_20230720_151605.460.sgy,split_01_ch4000_4405,4000,4405,0247_RAW_20230720_151605.460,1,split_01_ch4000_4405/0247_RAW_20230720_151605.460/seg_001.png,1000,3000,1.0,3.0,-1024.2,-610.4,Depth (m)
RAW_20230720_151605.460.sgy,split_01_ch4000_4405,4000,4405,0247_RAW_20230720_151605.460,2,split_01_ch4000_4405/0247_RAW_20230720_151605.460/seg_002.png,2000,4000,2.0,4.0,-1024.2,-610.4,Depth (m)
RAW_20230720_151605.460.sgy,split_01_ch4000_4405,4000,4405,0247_RAW_20230720_151605.460,3,split_01_ch4000_4405/0247_RAW_20230720_151605.460/seg_003.png,3000,5000,3.0,5.0,-1024.2,-610.4,Depth (m)
RAW_20230720_151640.020.sgy,split_01_ch4000_4405,4000,4405,0248_RAW_20230720_151640.020,0,split_01_ch4000_4405/0248_RAW_20230720_151640.020/seg_000.png,0,2000,0.0,2.0,-1024.2,-610.4,Depth (m)
RAW_20230720_151640.020.sgy,split_01_ch4000_4405,4000,4405,0248_RAW_20230720_151640.020,1,split_01_ch4000_4405/0248_RAW_20230720_151640.020/seg_001.png,1000,3000,1.0,3.0,-1024.2,-610.4,Depth (m)
RAW_20230720_151640.020.sgy,split_01_ch4000_4405,4000,4405,0248_RAW_20230720_151640.020,2,split_01_ch4000_4405/0248_RAW_20230720_151640.020/seg_002.png,2000,4000,2.0,4.0,-1024.2,-610.4,Depth (m)
RAW_20230720_151640.020.sgy,split_01_ch4000_4405,4000,4405,0248_RAW_20230720_151640.020,3,split_01_ch4000_4405/0248_RAW_20230720_151640.020/seg_003.png,3000,5000,3.0,5.0,-1024.2,-610.4,Depth (m)
RAW_20230720_151855.840.sgy,split_01_ch4000_4405,4000,4405,0249_RAW_20230720_151855.840,0,split_01_ch4000_4405/0249_RAW_20230720_151855.840/seg_000.png,0,2000,0.0,2.0,-1024.2,-610.4,Depth (m)
RAW_20230720_151855.840.sgy,split_01_ch4000_4405,4000,4405,0249_RAW_20230720_151855.840,1,split_01_ch4000_4405/0249_RAW_20230720_151855.840/seg_001.png,1000,3000,1.0,3.0,-1024.2,-610.4,Depth (m)
RAW_20230720_151855.840.sgy,split_01_ch4000_4405,4000,4405,0249_RAW_20230720_151855.840,2,split_01_ch4000_4405/0249_RAW_20230720_151855.840/seg_002.png,2000,4000,2.0,4.0,-1024.2,-610.4,Depth (m)
RAW_20230720_151855.840.sgy,split_01_ch4000_4405,4000,4405,0249_RAW_20230720_151855.840,3,split_01_ch4000_4405/0249_RAW_20230720_151855.840/seg_003.png,3000,5000,3.0,5.0,-1024.2,-610.4,Depth (m)
RAW_20230720_151955.380.sgy,split_01_ch4000_4405,4000,4405,0250_RAW_20230720_151955.380,0,split_01_ch4000_4405/0250_RAW_20230720_151955.380/seg_000.png,0,2000,0.0,2.0,-1024.2,-610.4,Depth (m)
RAW_20230720_151955.380.sgy,split_01_ch4000_4405,4000,4405,0250_RAW_20230720_151955.380,1,split_01_ch4000_4405/0250_RAW_20230720_151955.380/seg_001.png,1000,3000,1.0,3.0,-1024.2,-610.4,Depth (m)
RAW_20230720_151955.380.sgy,split_01_ch4000_4405,4000,4405,0250_RAW_20230720_151955.380,2,split_01_ch4000_4405/0250_RAW_20230720_151955.380/seg_002.png,2000,4000,2.0,4.0,-1024.2,-610.4,Depth (m)
RAW_20230720_151955.380.sgy,split_01_ch4000_4405,4000,4405,0250_RAW_20230720_151955.380,3,split_01_ch4000_4405/0250_RAW_20230720_151955.380/seg_003.png,3000,5000,3.0,5.0,-1024.2,-610.4,Depth (m)
RAW_20230720_160024.380.sgy,split_01_ch4000_4405,4000,4405,0251_RAW_20230720_160024.380,0,split_01_ch4000_4405/0251_RAW_20230720_160024.380/seg_000.png,0,2000,0.0,2.0,-1024.2,-610.4,Depth (m)
RAW_20230720_160024.380.sgy,split_01_ch4000_4405,4000,4405,0251_RAW_20230720_160024.380,1,split_01_ch4000_4405/0251_RAW_20230720_160024.380/seg_001.png,1000,3000,1.0,3.0,-1024.2,-610.4,Depth (m)
RAW_20230720_160024.380.sgy,split_01_ch4000_4405,4000,4405,0251_RAW_20230720_160024.380,2,split_01_ch4000_4405/0251_RAW_20230720_160024.380/seg_002.png,2000,4000,2.0,4.0,-1024.2,-610.4,Depth (m)
RAW_20230720_160024.380.sgy,split_01_ch4000_4405,4000,4405,0251_RAW_20230720_160024.380,3,split_01_ch4000_4405/0251_RAW_20230720_160024.380/seg_003.png,3000,5000,3.0,5.0,-1024.2,-610.4,Depth (m)
RAW_20230720_160528.760.sgy,split_01_ch4000_4405,4000,4405,0252_RAW_20230720_160528.760,0,split_01_ch4000_4405/0252_RAW_20230720_160528.760/seg_000.png,0,2000,0.0,2.0,-1024.2,-610.4,Depth (m)
RAW_20230720_160528.760.sgy,split_01_ch4000_4405,4000,4405,0252_RAW_20230720_160528.760,1,split_01_ch4000_4405/0252_RAW_20230720_160528.760/seg_001.png,1000,3000,1.0,3.0,-1024.2,-610.4,Depth (m)
RAW_20230720_160528.760.sgy,split_01_ch4000_4405,4000,4405,0252_RAW_20230720_160528.760,2,split_01_ch4000_4405/0252_RAW_20230720_160528.760/seg_002.png,2000,4000,2.0,4.0,-1024.2,-610.4,Depth (m)
RAW_20230720_160528.760.sgy,split_01_ch4000_4405,4000,4405,0252_RAW_20230720_160528.760,3,split_01_ch4000_4405/0252_RAW_20230720_160528.760/seg_003.png,3000,5000,3.0,5.0,-1024.2,-610.4,Depth (m)
RAW_20230720_160916.140.sgy,split_01_ch4000_4405,4000,4405,0253_RAW_20230720_160916.140,0,split_01_ch4000_4405/0253_RAW_20230720_160916.140/seg_000.png,0,2000,0.0,2.0,-1024.2,-610.4,Depth (m)
RAW_20230720_160916.140.sgy,split_01_ch4000_4405,4000,4405,0253_RAW_20230720_160916.140,1,split_01_ch4000_4405/0253_RAW_20230720_160916.140/seg_001.png,1000,3000,1.0,3.0,-1024.2,-610.4,Depth (m)
RAW_20230720_160916.140.sgy,split_01_ch4000_4405,4000,4405,0253_RAW_20230720_160916.140,2,split_01_ch4000_4405/0253_RAW_20230720_160916.140/seg_002.png,2000,4000,2.0,4.0,-1024.2,-610.4,Depth (m)
RAW_20230720_160916.140.sgy,split_01_ch4000_4405,4000,4405,0253_RAW_20230720_160916.140,3,split_01_ch4000_4405/0253_RAW_20230720_160916.140/seg_003.png,3000,5000,3.0,5.0,-1024.2,-610.4,Depth (m)
RAW_20230720_161020.100.sgy,split_01_ch4000_4405,4000,4405,0254_RAW_20230720_161020.100,0,split_01_ch4000_4405/0254_RAW_20230720_161020.100/seg_000.png,0,2000,0.0,2.0,-1024.2,-610.4,Depth (m)
RAW_20230720_161020.100.sgy,split_01_ch4000_4405,4000,4405,0254_RAW_20230720_161020.100,1,split_01_ch4000_4405/0254_RAW_20230720_161020.100/seg_001.png,1000,3000,1.0,3.0,-1024.2,-610.4,Depth (m)
RAW_20230720_161020.100.sgy,split_01_ch4000_4405,4000,4405,0254_RAW_20230720_161020.100,2,split_01_ch4000_4405/0254_RAW_20230720_161020.100/seg_002.png,2000,4000,2.0,4.0,-1024.2,-610.4,Depth (m)
RAW_20230720_161020.100.sgy,split_01_ch4000_4405,4000,4405,0254_RAW_20230720_161020.100,3,split_01_ch4000_4405/0254_RAW_20230720_161020.100/seg_003.png,3000,5000,3.0,5.0,-1024.2,-610.4,Depth (m)
RAW_20230720_161206.400.sgy,split_01_ch4000_4405,4000,4405,0255_RAW_20230720_161206.400,0,split_01_ch4000_4405/0255_RAW_20230720_161206.400/seg_000.png,0,2000,0.0,2.0,-1024.2,-610.4,Depth (m)
RAW_20230720_161206.400.sgy,split_01_ch4000_4405,4000,4405,0255_RAW_20230720_161206.400,1,split_01_ch4000_4405/0255_RAW_20230720_161206.400/seg_001.png,1000,3000,1.0,3.0,-1024.2,-610.4,Depth (m)
RAW_20230720_161206.400.sgy,split_01_ch4000_4405,4000,4405,0255_RAW_20230720_161206.400,2,split_01_ch4000_4405/0255_RAW_20230720_161206.400/seg_002.png,2000,4000,2.0,4.0,-1024.2,-610.4,Depth (m)
RAW_20230720_161206.400.sgy,split_01_ch4000_4405,4000,4405,0255_RAW_20230720_161206.400,3,split_01_ch4000_4405/0255_RAW_20230720_161206.400/seg_003.png,3000,5000,3.0,5.0,-1024.2,-610.4,Depth (m)
RAW_20230720_162855.320.sgy,split_01_ch4000_4405,4000,4405,0256_RAW_20230720_162855.320,0,split_01_ch4000_4405/0256_RAW_20230720_162855.320/seg_000.png,0,2000,0.0,2.0,-1024.2,-610.4,Depth (m)
RAW_20230720_162855.320.sgy,split_01_ch4000_4405,4000,4405,0256_RAW_20230720_162855.320,1,split_01_ch4000_4405/0256_RAW_20230720_162855.320/seg_001.png,1000,3000,1.0,3.0,-1024.2,-610.4,Depth (m)
RAW_20230720_162855.320.sgy,split_01_ch4000_4405,4000,4405,0256_RAW_20230720_162855.320,2,split_01_ch4000_4405/0256_RAW_20230720_162855.320/seg_002.png,2000,4000,2.0,4.0,-1024.2,-610.4,Depth (m)
RAW_20230720_162855.320.sgy,split_01_ch4000_4405,4000,4405,0256_RAW_20230720_162855.320,3,split_01_ch4000_4405/0256_RAW_20230720_162855.320/seg_003.png,3000,5000,3.0,5.0,-1024.2,-610.4,Depth (m)
