segment_id,group_id,dataset_id,site,view,data_type,label,file_path,file_name,file_stem,start_sec,end_sec,ch_start,ch_end,original_fs,source_label_csv
0,pohang__1khz_50ns_20deci_2m_UTC+0900_DST0_20190623_184121.825,pohang,pohang,pohang,event,1,/home/ted1204/MS_Detection_Datamaker/MS_datamaker_PH/data/event/1khz_50ns_20deci_2m_UTC+0900_DST0_20190623_184121.825.tdms,1khz_50ns_20deci_2m_UTC+0900_DST0_20190623_184121.825.tdms,1khz_50ns_20deci_2m_UTC+0900_DST0_20190623_184121.825,14.0,16.0,243,648,1000.0,pohang_labels_2s.csv
1,pohang__1khz_50ns_20deci_2m_UTC+0900_DST0_20190623_184121.825,pohang,pohang,pohang,event,1,/home/ted1204/MS_Detection_Datamaker/MS_datamaker_PH/data/event/1khz_50ns_20deci_2m_UTC+0900_DST0_20190623_184121.825.tdms,1khz_50ns_20deci_2m_UTC+0900_DST0_20190623_184121.825.tdms,1khz_50ns_20deci_2m_UTC+0900_DST0_20190623_184121.825,15.0,17.0,243,648,1000.0,pohang_labels_2s.csv
2,pohang__1khz_50ns_20deci_2m_UTC+0900_DST0_20190623_184121.825,pohang,pohang,pohang,event,1,/home/ted1204/MS_Detection_Datamaker/MS_datamaker_PH/data/event/1khz_50ns_20deci_2m_UTC+0900_DST0_20190623_184121.825.tdms,1khz_50ns_20deci_2m_UTC+0900_DST0_20190623_184121.825.tdms,1khz_50ns_20deci_2m_UTC+0900_DST0_20190623_184121.825,16.0,18.0,243,648,1000.0,pohang_labels_2s.csv
3,pohang__1khz_50ns_20deci_2m_UTC+0900_DST0_20190623_184121.825,pohang,pohang,pohang,event,1,/home/ted1204/MS_Detection_Datamaker/MS_datamaker_PH/data/event/1khz_50ns_20deci_2m_UTC+0900_DST0_20190623_184121.825.tdms,1khz_50ns_20deci_2m_UTC+0900_DST0_20190623_184121.825.tdms,1khz_50ns_20deci_2m_UTC+0900_DST0_20190623_184121.825,17.0,19.0,243,648,1000.0,pohang_labels_2s.csv
4,pohang__1khz_50ns_20deci_2m_UTC+0900_DST0_20190623_184121.825,pohang,pohang,pohang,event,1,/home/ted1204/MS_Detection_Datamaker/MS_datamaker_PH/data/event/1khz_50ns_20deci_2m_UTC+0900_DST0_20190623_184121.825.tdms,1khz_50ns_20deci_2m_UTC+0900_DST0_20190623_184121.825.tdms,1khz_50ns_20deci_2m_UTC+0900_DST0_20190623_184121.825,18.0,20.0,243,648,1000.0,pohang_labels_2s.csv
5,pohang__1khz_50ns_20deci_2m_UTC+0900_DST0_20190623_184121.825,pohang,pohang,pohang,event,1,/home/ted1204/MS_Detection_Datamaker/MS_datamaker_PH/data/event/1khz_50ns_20deci_2m_UTC+0900_DST0_20190623_184121.825.tdms,1khz_50ns_20deci_2m_UTC+0900_DST0_20190623_184121.825.tdms,1khz_50ns_20deci_2m_UTC+0900_DST0_20190623_184121.825,19.0,21.0,243,648,1000.0,pohang_labels_2s.csv
6,pohang__1khz_50ns_20deci_2m_UTC+0900_DST0_20190623_184121.825,pohang,pohang,pohang,event,1,/home/ted1204/MS_Detection_Datamaker/MS_datamaker_PH/data/event/1khz_50ns_20deci_2m_UTC+0900_DST0_20190623_184121.825.tdms,1khz_50ns_20deci_2m_UTC+0900_DST0_20190623_184121.825.tdms,1khz_50ns_20deci_2m_UTC+0900_DST0_20190623_184121.825,20.0,22.0,243,648,1000.0,pohang_labels_2s.csv
7,pohang__1khz_50ns_20deci_2m_UTC+0900_DST0_20190623_184121.825,pohang,pohang,pohang,event,1,/home/ted1204/MS_Detection_Datamaker/MS_datamaker_PH/data/event/1khz_50ns_20deci_2m_UTC+0900_DST0_20190623_184121.825.tdms,1khz_50ns_20deci_2m_UTC+0900_DST0_20190623_184121.825.tdms,1khz_50ns_20deci_2m_UTC+0900_DST0_20190623_184121.825,21.0,23.0,243,648,1000.0,pohang_labels_2s.csv
8,pohang__1khz_50ns_20deci_2m_UTC+0900_DST0_20190623_184121.825,pohang,pohang,pohang,event,1,/home/ted1204/MS_Detection_Datamaker/MS_datamaker_PH/data/event/1khz_50ns_20deci_2m_UTC+0900_DST0_20190623_184121.825.tdms,1khz_50ns_20deci_2m_UTC+0900_DST0_20190623_184121.825.tdms,1khz_50ns_20deci_2m_UTC+0900_DST0_20190623_184121.825,22.0,24.0,243,648,1000.0,pohang_labels_2s.csv
9,pohang__1khz_50ns_20deci_2m_UTC+0900_DST0_20190623_184121.825,pohang,pohang,pohang,event,1,/home/ted1204/MS_Detection_Datamaker/MS_datamaker_PH/data/event/1khz_50ns_20deci_2m_UTC+0900_DST0_20190623_184121.825.tdms,1khz_50ns_20deci_2m_UTC+0900_DST0_20190623_184121.825.tdms,1khz_50ns_20deci_2m_UTC+0900_DST0_20190623_184121.825,23.0,25.0,243,648,1000.0,pohang_labels_2s.csv
10,pohang__1khz_50ns_20deci_2m_UTC+0900_DST0_20190623_184121.825,pohang,pohang,pohang,event,1,/home/ted1204/MS_Detection_Datamaker/MS_datamaker_PH/data/event/1khz_50ns_20deci_2m_UTC+0900_DST0_20190623_184121.825.tdms,1khz_50ns_20deci_2m_UTC+0900_DST0_20190623_184121.825.tdms,1khz_50ns_20deci_2m_UTC+0900_DST0_20190623_184121.825,24.0,26.0,243,648,1000.0,pohang_labels_2s.csv
11,pohang__1khz_50ns_20deci_2m_UTC+0900_DST0_20190623_184121.825,pohang,pohang,pohang,event,1,/home/ted1204/MS_Detection_Datamaker/MS_datamaker_PH/data/event/1khz_50ns_20deci_2m_UTC+0900_DST0_20190623_184121.825.tdms,1khz_50ns_20deci_2m_UTC+0900_DST0_20190623_184121.825.tdms,1khz_50ns_20deci_2m_UTC+0900_DST0_20190623_184121.825,25.0,27.0,243,648,1000.0,pohang_labels_2s.csv
12,pohang__1khz_50ns_20deci_2m_UTC+0900_DST0_20190623_184121.825,pohang,pohang,pohang,event,1,/home/ted1204/MS_Detection_Datamaker/MS_datamaker_PH/data/event/1khz_50ns_20deci_2m_UTC+0900_DST0_20190623_184121.825.tdms,1khz_50ns_20deci_2m_UTC+0900_DST0_20190623_184121.825.tdms,1khz_50ns_20deci_2m_UTC+0900_DST0_20190623_184121.825,26.0,28.0,243,648,1000.0,pohang_labels_2s.csv
13,pohang__1khz_50ns_20deci_2m_UTC+0900_DST0_20190623_184121.825,pohang,pohang,pohang,event,1,/home/ted1204/MS_Detection_Datamaker/MS_datamaker_PH/data/event/1khz_50ns_20deci_2m_UTC+0900_DST0_20190623_184121.825.tdms,1khz_50ns_20deci_2m_UTC+0900_DST0_20190623_184121.825.tdms,1khz_50ns_20deci_2m_UTC+0900_DST0_20190623_184121.825,27.0,29.0,243,648,1000.0,pohang_labels_2s.csv
14,pohang__1khz_50ns_20deci_2m_UTC+0900_DST0_20190623_184121.825,pohang,pohang,pohang,event,1,/home/ted1204/MS_Detection_Datamaker/MS_datamaker_PH/data/event/1khz_50ns_20deci_2m_UTC+0900_DST0_20190623_184121.825.tdms,1khz_50ns_20deci_2m_UTC+0900_DST0_20190623_184121.825.tdms,1khz_50ns_20deci_2m_UTC+0900_DST0_20190623_184121.825,28.0,30.0,243,648,1000.0,pohang_labels_2s.csv
15,pohang__1khz_50ns_20deci_2m_UTC+0900_DST0_20190630_165251.825,pohang,pohang,pohang,event,1,/home/ted1204/MS_Detection_Datamaker/MS_datamaker_PH/data/event/1khz_50ns_20deci_2m_UTC+0900_DST0_20190630_165251.825.tdms,1khz_50ns_20deci_2m_UTC+0900_DST0_20190630_165251.825.tdms,1khz_50ns_20deci_2m_UTC+0900_DST0_20190630_165251.825,0.0,2.0,243,648,1000.0,pohang_labels_2s.csv
16,pohang__1khz_50ns_20deci_2m_UTC+0900_DST0_20190630_165251.825,pohang,pohang,pohang,event,1,/home/ted1204/MS_Detection_Datamaker/MS_datamaker_PH/data/event/1khz_50ns_20deci_2m_UTC+0900_DST0_20190630_165251.825.tdms,1khz_50ns_20deci_2m_UTC+0900_DST0_20190630_165251.825.tdms,1khz_50ns_20deci_2m_UTC+0900_DST0_20190630_165251.825,1.0,3.0,243,648,1000.0,pohang_labels_2s.csv
17,pohang__1khz_50ns_20deci_2m_UTC+0900_DST0_20190630_165251.825,pohang,pohang,pohang,event,1,/home/ted1204/MS_Detection_Datamaker/MS_datamaker_PH/data/event/1khz_50ns_20deci_2m_UTC+0900_DST0_20190630_165251.825.tdms,1khz_50ns_20deci_2m_UTC+0900_DST0_20190630_165251.825.tdms,1khz_50ns_20deci_2m_UTC+0900_DST0_20190630_165251.825,2.0,4.0,243,648,1000.0,pohang_labels_2s.csv
18,pohang__1khz_50ns_20deci_2m_UTC+0900_DST0_20190630_165251.825,pohang,pohang,pohang,event,1,/home/ted1204/MS_Detection_Datamaker/MS_datamaker_PH/data/event/1khz_50ns_20deci_2m_UTC+0900_DST0_20190630_165251.825.tdms,1khz_50ns_20deci_2m_UTC+0900_DST0_20190630_165251.825.tdms,1khz_50ns_20deci_2m_UTC+0900_DST0_20190630_165251.825,3.0,5.0,243,648,1000.0,pohang_labels_2s.csv
19,pohang__1khz_50ns_20deci_2m_UTC+0900_DST0_20190630_165251.825,pohang,pohang,pohang,event,1,/home/ted1204/MS_Detection_Datamaker/MS_datamaker_PH/data/event/1khz_50ns_20deci_2m_UTC+0900_DST0_20190630_165251.825.tdms,1khz_50ns_20deci_2m_UTC+0900_DST0_20190630_165251.825.tdms,1khz_50ns_20deci_2m_UTC+0900_DST0_20190630_165251.825,4.0,6.0,243,648,1000.0,pohang_labels_2s.csv
20,pohang__1khz_50ns_20deci_2m_UTC+0900_DST0_20190630_165251.825,pohang,pohang,pohang,event,1,/home/ted1204/MS_Detection_Datamaker/MS_datamaker_PH/data/event/1khz_50ns_20deci_2m_UTC+0900_DST0_20190630_165251.825.tdms,1khz_50ns_20deci_2m_UTC+0900_DST0_20190630_165251.825.tdms,1khz_50ns_20deci_2m_UTC+0900_DST0_20190630_165251.825,5.0,7.0,243,648,1000.0,pohang_labels_2s.csv
21,pohang__1khz_50ns_20deci_2m_UTC+0900_DST0_20190630_165251.825,pohang,pohang,pohang,event,1,/home/ted1204/MS_Detection_Datamaker/MS_datamaker_PH/data/event/1khz_50ns_20deci_2m_UTC+0900_DST0_20190630_165251.825.tdms,1khz_50ns_20deci_2m_UTC+0900_DST0_20190630_165251.825.tdms,1khz_50ns_20deci_2m_UTC+0900_DST0_20190630_165251.825,6.0,8.0,243,648,1000.0,pohang_labels_2s.csv
22,pohang__1khz_50ns_20deci_2m_UTC+0900_DST0_20190630_165251.825,pohang,pohang,pohang,event,1,/home/ted1204/MS_Detection_Datamaker/MS_datamaker_PH/data/event/1khz_50ns_20deci_2m_UTC+0900_DST0_20190630_165251.825.tdms,1khz_50ns_20deci_2m_UTC+0900_DST0_20190630_165251.825.tdms,1khz_50ns_20deci_2m_UTC+0900_DST0_20190630_165251.825,7.0,9.0,243,648,1000.0,pohang_labels_2s.csv
23,pohang__1khz_50ns_20deci_2m_UTC+0900_DST0_20190630_165251.825,pohang,pohang,pohang,event,1,/home/ted1204/MS_Detection_Datamaker/MS_datamaker_PH/data/event/1khz_50ns_20deci_2m_UTC+0900_DST0_20190630_165251.825.tdms,1khz_50ns_20deci_2m_UTC+0900_DST0_20190630_165251.825.tdms,1khz_50ns_20deci_2m_UTC+0900_DST0_20190630_165251.825,8.0,10.0,243,648,1000.0,pohang_labels_2s.csv
24,pohang__1khz_50ns_20deci_2m_UTC+0900_DST0_20190630_165251.825,pohang,pohang,pohang,event,1,/home/ted1204/MS_Detection_Datamaker/MS_datamaker_PH/data/event/1khz_50ns_20deci_2m_UTC+0900_DST0_20190630_165251.825.tdms,1khz_50ns_20deci_2m_UTC+0900_DST0_20190630_165251.825.tdms,1khz_50ns_20deci_2m_UTC+0900_DST0_20190630_165251.825,9.0,11.0,243,648,1000.0,pohang_labels_2s.csv
25,pohang__1khz_50ns_20deci_2m_UTC+0900_DST0_20190630_165251.825,pohang,pohang,pohang,event,1,/home/ted1204/MS_Detection_Datamaker/MS_datamaker_PH/data/event/1khz_50ns_20deci_2m_UTC+0900_DST0_20190630_165251.825.tdms,1khz_50ns_20deci_2m_UTC+0900_DST0_20190630_165251.825.tdms,1khz_50ns_20deci_2m_UTC+0900_DST0_20190630_165251.825,10.0,12.0,243,648,1000.0,pohang_labels_2s.csv
26,pohang__1khz_50ns_20deci_2m_UTC+0900_DST0_20190630_165251.825,pohang,pohang,pohang,event,1,/home/ted1204/MS_Detection_Datamaker/MS_datamaker_PH/data/event/1khz_50ns_20deci_2m_UTC+0900_DST0_20190630_165251.825.tdms,1khz_50ns_20deci_2m_UTC+0900_DST0_20190630_165251.825.tdms,1khz_50ns_20deci_2m_UTC+0900_DST0_20190630_165251.825,11.0,13.0,243,648,1000.0,pohang_labels_2s.csv
27,pohang__1khz_50ns_20deci_2m_UTC+0900_DST0_20190630_165251.825,pohang,pohang,pohang,event,1,/home/ted1204/MS_Detection_Datamaker/MS_datamaker_PH/data/event/1khz_50ns_20deci_2m_UTC+0900_DST0_20190630_165251.825.tdms,1khz_50ns_20deci_2m_UTC+0900_DST0_20190630_165251.825.tdms,1khz_50ns_20deci_2m_UTC+0900_DST0_20190630_165251.825,12.0,14.0,243,648,1000.0,pohang_labels_2s.csv
28,pohang__1khz_50ns_20deci_2m_UTC+0900_DST0_20190630_165251.825,pohang,pohang,pohang,event,1,/home/ted1204/MS_Detection_Datamaker/MS_datamaker_PH/data/event/1khz_50ns_20deci_2m_UTC+0900_DST0_20190630_165251.825.tdms,1khz_50ns_20deci_2m_UTC+0900_DST0_20190630_165251.825.tdms,1khz_50ns_20deci_2m_UTC+0900_DST0_20190630_165251.825,13.0,15.0,243,648,1000.0,pohang_labels_2s.csv
29,pohang__1khz_50ns_20deci_2m_UTC+0900_DST0_20190702_001621.825,pohang,pohang,pohang,event,1,/home/ted1204/MS_Detection_Datamaker/MS_datamaker_PH/data/event/1khz_50ns_20deci_2m_UTC+0900_DST0_20190702_001621.825.tdms,1khz_50ns_20deci_2m_UTC+0900_DST0_20190702_001621.825.tdms,1khz_50ns_20deci_2m_UTC+0900_DST0_20190702_001621.825,15.0,17.0,243,648,1000.0,pohang_labels_2s.csv
30,pohang__1khz_50ns_20deci_2m_UTC+0900_DST0_20190702_001621.825,pohang,pohang,pohang,event,1,/home/ted1204/MS_Detection_Datamaker/MS_datamaker_PH/data/event/1khz_50ns_20deci_2m_UTC+0900_DST0_20190702_001621.825.tdms,1khz_50ns_20deci_2m_UTC+0900_DST0_20190702_001621.825.tdms,1khz_50ns_20deci_2m_UTC+0900_DST0_20190702_001621.825,16.0,18.0,243,648,1000.0,pohang_labels_2s.csv
31,pohang__1khz_50ns_20deci_2m_UTC+0900_DST0_20190702_001621.825,pohang,pohang,pohang,event,1,/home/ted1204/MS_Detection_Datamaker/MS_datamaker_PH/data/event/1khz_50ns_20deci_2m_UTC+0900_DST0_20190702_001621.825.tdms,1khz_50ns_20deci_2m_UTC+0900_DST0_20190702_001621.825.tdms,1khz_50ns_20deci_2m_UTC+0900_DST0_20190702_001621.825,17.0,19.0,243,648,1000.0,pohang_labels_2s.csv
32,pohang__1khz_50ns_20deci_2m_UTC+0900_DST0_20190702_001621.825,pohang,pohang,pohang,event,1,/home/ted1204/MS_Detection_Datamaker/MS_datamaker_PH/data/event/1khz_50ns_20deci_2m_UTC+0900_DST0_20190702_001621.825.tdms,1khz_50ns_20deci_2m_UTC+0900_DST0_20190702_001621.825.tdms,1khz_50ns_20deci_2m_UTC+0900_DST0_20190702_001621.825,18.0,20.0,243,648,1000.0,pohang_labels_2s.csv
33,pohang__1khz_50ns_20deci_2m_UTC+0900_DST0_20190702_001621.825,pohang,pohang,pohang,event,1,/home/ted1204/MS_Detection_Datamaker/MS_datamaker_PH/data/event/1khz_50ns_20deci_2m_UTC+0900_DST0_20190702_001621.825.tdms,1khz_50ns_20deci_2m_UTC+0900_DST0_20190702_001621.825.tdms,1khz_50ns_20deci_2m_UTC+0900_DST0_20190702_001621.825,19.0,21.0,243,648,1000.0,pohang_labels_2s.csv
34,pohang__1khz_50ns_20deci_2m_UTC+0900_DST0_20190702_205151.825,pohang,pohang,pohang,event,1,/home/ted1204/MS_Detection_Datamaker/MS_datamaker_PH/data/event/1khz_50ns_20deci_2m_UTC+0900_DST0_20190702_205151.825.tdms,1khz_50ns_20deci_2m_UTC+0900_DST0_20190702_205151.825.tdms,1khz_50ns_20deci_2m_UTC+0900_DST0_20190702_205151.825,3.0,5.0,243,648,1000.0,pohang_labels_2s.csv
35,pohang__1khz_50ns_20deci_2m_UTC+0900_DST0_20190702_205151.825,pohang,pohang,pohang,event,1,/home/ted1204/MS_Detection_Datamaker/MS_datamaker_PH/data/event/1khz_50ns_20deci_2m_UTC+0900_DST0_20190702_205151.825.tdms,1khz_50ns_20deci_2m_UTC+0900_DST0_20190702_205151.825.tdms,1khz_50ns_20deci_2m_UTC+0900_DST0_20190702_205151.825,4.0,6.0,243,648,1000.0,pohang_labels_2s.csv
36,pohang__1khz_50ns_20deci_2m_UTC+0900_DST0_20190702_205151.825,pohang,pohang,pohang,event,1,/home/ted1204/MS_Detection_Datamaker/MS_datamaker_PH/data/event/1khz_50ns_20deci_2m_UTC+0900_DST0_20190702_205151.825.tdms,1khz_50ns_20deci_2m_UTC+0900_DST0_20190702_205151.825.tdms,1khz_50ns_20deci_2m_UTC+0900_DST0_20190702_205151.825,5.0,7.0,243,648,1000.0,pohang_labels_2s.csv
37,pohang__1khz_50ns_20deci_2m_UTC+0900_DST0_20190702_205151.825,pohang,pohang,pohang,event,1,/home/ted1204/MS_Detection_Datamaker/MS_datamaker_PH/data/event/1khz_50ns_20deci_2m_UTC+0900_DST0_20190702_205151.825.tdms,1khz_50ns_20deci_2m_UTC+0900_DST0_20190702_205151.825.tdms,1khz_50ns_20deci_2m_UTC+0900_DST0_20190702_205151.825,6.0,8.0,243,648,1000.0,pohang_labels_2s.csv
38,pohang__1khz_50ns_20deci_2m_UTC+0900_DST0_20190702_205151.825,pohang,pohang,pohang,event,1,/home/ted1204/MS_Detection_Datamaker/MS_datamaker_PH/data/event/1khz_50ns_20deci_2m_UTC+0900_DST0_20190702_205151.825.tdms,1khz_50ns_20deci_2m_UTC+0900_DST0_20190702_205151.825.tdms,1khz_50ns_20deci_2m_UTC+0900_DST0_20190702_205151.825,7.0,9.0,243,648,1000.0,pohang_labels_2s.csv
39,pohang__1khz_50ns_20deci_2m_UTC+0900_DST0_20190702_205151.825,pohang,pohang,pohang,event,1,/home/ted1204/MS_Detection_Datamaker/MS_datamaker_PH/data/event/1khz_50ns_20deci_2m_UTC+0900_DST0_20190702_205151.825.tdms,1khz_50ns_20deci_2m_UTC+0900_DST0_20190702_205151.825.tdms,1khz_50ns_20deci_2m_UTC+0900_DST0_20190702_205151.825,8.0,10.0,243,648,1000.0,pohang_labels_2s.csv
40,pohang__1khz_50ns_20deci_2m_UTC+0900_DST0_20190702_205151.825,pohang,pohang,pohang,event,1,/home/ted1204/MS_Detection_Datamaker/MS_datamaker_PH/data/event/1khz_50ns_20deci_2m_UTC+0900_DST0_20190702_205151.825.tdms,1khz_50ns_20deci_2m_UTC+0900_DST0_20190702_205151.825.tdms,1khz_50ns_20deci_2m_UTC+0900_DST0_20190702_205151.825,9.0,11.0,243,648,1000.0,pohang_labels_2s.csv
41,pohang__1khz_50ns_20deci_2m_UTC+0900_DST0_20190702_205151.825,pohang,pohang,pohang,event,1,/home/ted1204/MS_Detection_Datamaker/MS_datamaker_PH/data/event/1khz_50ns_20deci_2m_UTC+0900_DST0_20190702_205151.825.tdms,1khz_50ns_20deci_2m_UTC+0900_DST0_20190702_205151.825.tdms,1khz_50ns_20deci_2m_UTC+0900_DST0_20190702_205151.825,10.0,12.0,243,648,1000.0,pohang_labels_2s.csv
42,pohang__1khz_50ns_20deci_2m_UTC+0900_DST0_20190702_205151.825,pohang,pohang,pohang,event,1,/home/ted1204/MS_Detection_Datamaker/MS_datamaker_PH/data/event/1khz_50ns_20deci_2m_UTC+0900_DST0_20190702_205151.825.tdms,1khz_50ns_20deci_2m_UTC+0900_DST0_20190702_205151.825.tdms,1khz_50ns_20deci_2m_UTC+0900_DST0_20190702_205151.825,11.0,13.0,243,648,1000.0,pohang_labels_2s.csv
43,pohang__1khz_50ns_20deci_2m_UTC+0900_DST0_20190702_205151.825,pohang,pohang,pohang,event,1,/home/ted1204/MS_Detection_Datamaker/MS_datamaker_PH/data/event/1khz_50ns_20deci_2m_UTC+0900_DST0_20190702_205151.825.tdms,1khz_50ns_20deci_2m_UTC+0900_DST0_20190702_205151.825.tdms,1khz_50ns_20deci_2m_UTC+0900_DST0_20190702_205151.825,12.0,14.0,243,648,1000.0,pohang_labels_2s.csv
44,pohang__1khz_50ns_20deci_2m_UTC+0900_DST0_20190702_205151.825,pohang,pohang,pohang,event,1,/home/ted1204/MS_Detection_Datamaker/MS_datamaker_PH/data/event/1khz_50ns_20deci_2m_UTC+0900_DST0_20190702_205151.825.tdms,1khz_50ns_20deci_2m_UTC+0900_DST0_20190702_205151.825.tdms,1khz_50ns_20deci_2m_UTC+0900_DST0_20190702_205151.825,13.0,15.0,243,648,1000.0,pohang_labels_2s.csv
45,pohang__1khz_50ns_20deci_2m_UTC+0900_DST0_20190702_205151.825,pohang,pohang,pohang,event,1,/home/ted1204/MS_Detection_Datamaker/MS_datamaker_PH/data/event/1khz_50ns_20deci_2m_UTC+0900_DST0_20190702_205151.825.tdms,1khz_50ns_20deci_2m_UTC+0900_DST0_20190702_205151.825.tdms,1khz_50ns_20deci_2m_UTC+0900_DST0_20190702_205151.825,14.0,16.0,243,648,1000.0,pohang_labels_2s.csv
46,pohang__1khz_50ns_20deci_2m_UTC+0900_DST0_20190702_205151.825,pohang,pohang,pohang,event,1,/home/ted1204/MS_Detection_Datamaker/MS_datamaker_PH/data/event/1khz_50ns_20deci_2m_UTC+0900_DST0_20190702_205151.825.tdms,1khz_50ns_20deci_2m_UTC+0900_DST0_20190702_205151.825.tdms,1khz_50ns_20deci_2m_UTC+0900_DST0_20190702_205151.825,15.0,17.0,243,648,1000.0,pohang_labels_2s.csv
47,pohang__1khz_50ns_20deci_2m_UTC+0900_DST0_20190702_205151.825,pohang,pohang,pohang,event,1,/home/ted1204/MS_Detection_Datamaker/MS_datamaker_PH/data/event/1khz_50ns_20deci_2m_UTC+0900_DST0_20190702_205151.825.tdms,1khz_50ns_20deci_2m_UTC+0900_DST0_20190702_205151.825.tdms,1khz_50ns_20deci_2m_UTC+0900_DST0_20190702_205151.825,16.0,18.0,243,648,1000.0,pohang_labels_2s.csv
48,pohang__1khz_50ns_20deci_2m_UTC+0900_DST0_20190702_205151.825,pohang,pohang,pohang,event,1,/home/ted1204/MS_Detection_Datamaker/MS_datamaker_PH/data/event/1khz_50ns_20deci_2m_UTC+0900_DST0_20190702_205151.825.tdms,1khz_50ns_20deci_2m_UTC+0900_DST0_20190702_205151.825.tdms,1khz_50ns_20deci_2m_UTC+0900_DST0_20190702_205151.825,17.0,19.0,243,648,1000.0,pohang_labels_2s.csv
49,pohang__1khz_50ns_20deci_2m_UTC+0900_DST0_20190702_205151.825,pohang,pohang,pohang,event,1,/home/ted1204/MS_Detection_Datamaker/MS_datamaker_PH/data/event/1khz_50ns_20deci_2m_UTC+0900_DST0_20190702_205151.825.tdms,1khz_50ns_20deci_2m_UTC+0900_DST0_20190702_205151.825.tdms,1khz_50ns_20deci_2m_UTC+0900_DST0_20190702_205151.825,18.0,20.0,243,648,1000.0,pohang_labels_2s.csv
50,pohang__1khz_50ns_20deci_2m_UTC+0900_DST0_20190702_205151.825,pohang,pohang,pohang,event,1,/home/ted1204/MS_Detection_Datamaker/MS_datamaker_PH/data/event/1khz_50ns_20deci_2m_UTC+0900_DST0_20190702_205151.825.tdms,1khz_50ns_20deci_2m_UTC+0900_DST0_20190702_205151.825.tdms,1khz_50ns_20deci_2m_UTC+0900_DST0_20190702_205151.825,19.0,21.0,243,648,1000.0,pohang_labels_2s.csv
51,pohang__1khz_50ns_20deci_2m_UTC+0900_DST0_20190702_205151.825,pohang,pohang,pohang,event,1,/home/ted1204/MS_Detection_Datamaker/MS_datamaker_PH/data/event/1khz_50ns_20deci_2m_UTC+0900_DST0_20190702_205151.825.tdms,1khz_50ns_20deci_2m_UTC+0900_DST0_20190702_205151.825.tdms,1khz_50ns_20deci_2m_UTC+0900_DST0_20190702_205151.825,20.0,22.0,243,648,1000.0,pohang_labels_2s.csv
52,pohang__1khz_50ns_20deci_2m_UTC+0900_DST0_20190702_205151.825,pohang,pohang,pohang,event,1,/home/ted1204/MS_Detection_Datamaker/MS_datamaker_PH/data/event/1khz_50ns_20deci_2m_UTC+0900_DST0_20190702_205151.825.tdms,1khz_50ns_20deci_2m_UTC+0900_DST0_20190702_205151.825.tdms,1khz_50ns_20deci_2m_UTC+0900_DST0_20190702_205151.825,21.0,23.0,243,648,1000.0,pohang_labels_2s.csv
53,pohang__1khz_50ns_20deci_2m_UTC+0900_DST0_20190702_205151.825,pohang,pohang,pohang,event,1,/home/ted1204/MS_Detection_Datamaker/MS_datamaker_PH/data/event/1khz_50ns_20deci_2m_UTC+0900_DST0_20190702_205151.825.tdms,1khz_50ns_20deci_2m_UTC+0900_DST0_20190702_205151.825.tdms,1khz_50ns_20deci_2m_UTC+0900_DST0_20190702_205151.825,22.0,24.0,243,648,1000.0,pohang_labels_2s.csv
54,pohang__1khz_50ns_20deci_2m_UTC+0900_DST0_20190702_205151.825,pohang,pohang,pohang,event,1,/home/ted1204/MS_Detection_Datamaker/MS_datamaker_PH/data/event/1khz_50ns_20deci_2m_UTC+0900_DST0_20190702_205151.825.tdms,1khz_50ns_20deci_2m_UTC+0900_DST0_20190702_205151.825.tdms,1khz_50ns_20deci_2m_UTC+0900_DST0_20190702_205151.825,23.0,25.0,243,648,1000.0,pohang_labels_2s.csv
55,pohang__1khz_50ns_20deci_2m_UTC+0900_DST0_20190702_205151.825,pohang,pohang,pohang,event,1,/home/ted1204/MS_Detection_Datamaker/MS_datamaker_PH/data/event/1khz_50ns_20deci_2m_UTC+0900_DST0_20190702_205151.825.tdms,1khz_50ns_20deci_2m_UTC+0900_DST0_20190702_205151.825.tdms,1khz_50ns_20deci_2m_UTC+0900_DST0_20190702_205151.825,24.0,26.0,243,648,1000.0,pohang_labels_2s.csv
56,pohang__1khz_50ns_20deci_2m_UTC+0900_DST0_20190702_205151.825,pohang,pohang,pohang,event,1,/home/ted1204/MS_Detection_Datamaker/MS_datamaker_PH/data/event/1khz_50ns_20deci_2m_UTC+0900_DST0_20190702_205151.825.tdms,1khz_50ns_20deci_2m_UTC+0900_DST0_20190702_205151.825.tdms,1khz_50ns_20deci_2m_UTC+0900_DST0_20190702_205151.825,25.0,27.0,243,648,1000.0,pohang_labels_2s.csv
57,pohang__1khz_50ns_20deci_2m_UTC+0900_DST0_20190702_205151.825,pohang,pohang,pohang,event,1,/home/ted1204/MS_Detection_Datamaker/MS_datamaker_PH/data/event/1khz_50ns_20deci_2m_UTC+0900_DST0_20190702_205151.825.tdms,1khz_50ns_20deci_2m_UTC+0900_DST0_20190702_205151.825.tdms,1khz_50ns_20deci_2m_UTC+0900_DST0_20190702_205151.825,26.0,28.0,243,648,1000.0,pohang_labels_2s.csv
58,pohang__1khz_50ns_20deci_2m_UTC+0900_DST0_20190702_205151.825,pohang,pohang,pohang,event,1,/home/ted1204/MS_Detection_Datamaker/MS_datamaker_PH/data/event/1khz_50ns_20deci_2m_UTC+0900_DST0_20190702_205151.825.tdms,1khz_50ns_20deci_2m_UTC+0900_DST0_20190702_205151.825.tdms,1khz_50ns_20deci_2m_UTC+0900_DST0_20190702_205151.825,27.0,29.0,243,648,1000.0,pohang_labels_2s.csv
59,pohang__1khz_50ns_20deci_2m_UTC+0900_DST0_20190702_205151.825,pohang,pohang,pohang,event,1,/home/ted1204/MS_Detection_Datamaker/MS_datamaker_PH/data/event/1khz_50ns_20deci_2m_UTC+0900_DST0_20190702_205151.825.tdms,1khz_50ns_20deci_2m_UTC+0900_DST0_20190702_205151.825.tdms,1khz_50ns_20deci_2m_UTC+0900_DST0_20190702_205151.825,28.0,30.0,243,648,1000.0,pohang_labels_2s.csv
60,pohang__1khz_50ns_20deci_2m_UTC+0900_DST0_20190703_034051.825,pohang,pohang,pohang,event,1,/home/ted1204/MS_Detection_Datamaker/MS_datamaker_PH/data/event/1khz_50ns_20deci_2m_UTC+0900_DST0_20190703_034051.825.tdms,1khz_50ns_20deci_2m_UTC+0900_DST0_20190703_034051.825.tdms,1khz_50ns_20deci_2m_UTC+0900_DST0_20190703_034051.825,3.0,5.0,243,648,1000.0,pohang_labels_2s.csv
61,pohang__1khz_50ns_20deci_2m_UTC+0900_DST0_20190703_034051.825,pohang,pohang,pohang,event,1,/home/ted1204/MS_Detection_Datamaker/MS_datamaker_PH/data/event/1khz_50ns_20deci_2m_UTC+0900_DST0_20190703_034051.825.tdms,1khz_50ns_20deci_2m_UTC+0900_DST0_20190703_034051.825.tdms,1khz_50ns_20deci_2m_UTC+0900_DST0_20190703_034051.825,4.0,6.0,243,648,1000.0,pohang_labels_2s.csv
62,pohang__1khz_50ns_20deci_2m_UTC+0900_DST0_20190703_034051.825,pohang,pohang,pohang,event,1,/home/ted1204/MS_Detection_Datamaker/MS_datamaker_PH/data/event/1khz_50ns_20deci_2m_UTC+0900_DST0_20190703_034051.825.tdms,1khz_50ns_20deci_2m_UTC+0900_DST0_20190703_034051.825.tdms,1khz_50ns_20deci_2m_UTC+0900_DST0_20190703_034051.825,5.0,7.0,243,648,1000.0,pohang_labels_2s.csv
63,pohang__1khz_50ns_20deci_2m_UTC+0900_DST0_20190704_011651.825,pohang,pohang,pohang,event,1,/home/ted1204/MS_Detection_Datamaker/MS_datamaker_PH/data/event/1khz_50ns_20deci_2m_UTC+0900_DST0_20190704_011651.825.tdms,1khz_50ns_20deci_2m_UTC+0900_DST0_20190704_011651.825.tdms,1khz_50ns_20deci_2m_UTC+0900_DST0_20190704_011651.825,21.0,23.0,243,648,1000.0,pohang_labels_2s.csv
64,pohang__1khz_50ns_20deci_2m_UTC+0900_DST0_20190704_011651.825,pohang,pohang,pohang,event,1,/home/ted1204/MS_Detection_Datamaker/MS_datamaker_PH/data/event/1khz_50ns_20deci_2m_UTC+0900_DST0_20190704_011651.825.tdms,1khz_50ns_20deci_2m_UTC+0900_DST0_20190704_011651.825.tdms,1khz_50ns_20deci_2m_UTC+0900_DST0_20190704_011651.825,22.0,24.0,243,648,1000.0,pohang_labels_2s.csv
65,pohang__1khz_50ns_20deci_2m_UTC+0900_DST0_20190704_011651.825,pohang,pohang,pohang,event,1,/home/ted1204/MS_Detection_Datamaker/MS_datamaker_PH/data/event/1khz_50ns_20deci_2m_UTC+0900_DST0_20190704_011651.825.tdms,1khz_50ns_20deci_2m_UTC+0900_DST0_20190704_011651.825.tdms,1khz_50ns_20deci_2m_UTC+0900_DST0_20190704_011651.825,23.0,25.0,243,648,1000.0,pohang_labels_2s.csv
66,pohang__1khz_50ns_20deci_2m_UTC+0900_DST0_20190704_011651.825,pohang,pohang,pohang,event,1,/home/ted1204/MS_Detection_Datamaker/MS_datamaker_PH/data/event/1khz_50ns_20deci_2m_UTC+0900_DST0_20190704_011651.825.tdms,1khz_50ns_20deci_2m_UTC+0900_DST0_20190704_011651.825.tdms,1khz_50ns_20deci_2m_UTC+0900_DST0_20190704_011651.825,24.0,26.0,243,648,1000.0,pohang_labels_2s.csv
67,pohang__1khz_50ns_20deci_2m_UTC+0900_DST0_20190704_011651.825,pohang,pohang,pohang,event,1,/home/ted1204/MS_Detection_Datamaker/MS_datamaker_PH/data/event/1khz_50ns_20deci_2m_UTC+0900_DST0_20190704_011651.825.tdms,1khz_50ns_20deci_2m_UTC+0900_DST0_20190704_011651.825.tdms,1khz_50ns_20deci_2m_UTC+0900_DST0_20190704_011651.825,25.0,27.0,243,648,1000.0,pohang_labels_2s.csv
68,pohang__1khz_50ns_20deci_2m_UTC+0900_DST0_20190704_011651.825,pohang,pohang,pohang,event,1,/home/ted1204/MS_Detection_Datamaker/MS_datamaker_PH/data/event/1khz_50ns_20deci_2m_UTC+0900_DST0_20190704_011651.825.tdms,1khz_50ns_20deci_2m_UTC+0900_DST0_20190704_011651.825.tdms,1khz_50ns_20deci_2m_UTC+0900_DST0_20190704_011651.825,26.0,28.0,243,648,1000.0,pohang_labels_2s.csv
69,pohang__1khz_50ns_20deci_2m_UTC+0900_DST0_20190704_011651.825,pohang,pohang,pohang,event,1,/home/ted1204/MS_Detection_Datamaker/MS_datamaker_PH/data/event/1khz_50ns_20deci_2m_UTC+0900_DST0_20190704_011651.825.tdms,1khz_50ns_20deci_2m_UTC+0900_DST0_20190704_011651.825.tdms,1khz_50ns_20deci_2m_UTC+0900_DST0_20190704_011651.825,27.0,29.0,243,648,1000.0,pohang_labels_2s.csv
70,pohang__1khz_50ns_20deci_2m_UTC+0900_DST0_20190704_011651.825,pohang,pohang,pohang,event,1,/home/ted1204/MS_Detection_Datamaker/MS_datamaker_PH/data/event/1khz_50ns_20deci_2m_UTC+0900_DST0_20190704_011651.825.tdms,1khz_50ns_20deci_2m_UTC+0900_DST0_20190704_011651.825.tdms,1khz_50ns_20deci_2m_UTC+0900_DST0_20190704_011651.825,28.0,30.0,243,648,1000.0,pohang_labels_2s.csv
71,pohang__1khz_50ns_20deci_2m_UTC+0900_DST0_20190706_145021.825,pohang,pohang,pohang,event,1,/home/ted1204/MS_Detection_Datamaker/MS_datamaker_PH/data/event/1khz_50ns_20deci_2m_UTC+0900_DST0_20190706_145021.825.tdms,1khz_50ns_20deci_2m_UTC+0900_DST0_20190706_145021.825.tdms,1khz_50ns_20deci_2m_UTC+0900_DST0_20190706_145021.825,21.0,23.0,243,648,1000.0,pohang_labels_2s.csv
72,pohang__1khz_50ns_20deci_2m_UTC+0900_DST0_20190706_145021.825,pohang,pohang,pohang,event,1,/home/ted1204/MS_Detection_Datamaker/MS_datamaker_PH/data/event/1khz_50ns_20deci_2m_UTC+0900_DST0_20190706_145021.825.tdms,1khz_50ns_20deci_2m_UTC+0900_DST0_20190706_145021.825.tdms,1khz_50ns_20deci_2m_UTC+0900_DST0_20190706_145021.825,22.0,24.0,243,648,1000.0,pohang_labels_2s.csv
73,pohang__1khz_50ns_20deci_2m_UTC+0900_DST0_20190706_145021.825,pohang,pohang,pohang,event,1,/home/ted1204/MS_Detection_Datamaker/MS_datamaker_PH/data/event/1khz_50ns_20deci_2m_UTC+0900_DST0_20190706_145021.825.tdms,1khz_50ns_20deci_2m_UTC+0900_DST0_20190706_145021.825.tdms,1khz_50ns_20deci_2m_UTC+0900_DST0_20190706_145021.825,23.0,25.0,243,648,1000.0,pohang_labels_2s.csv
74,pohang__1khz_50ns_20deci_2m_UTC+0900_DST0_20190706_145021.825,pohang,pohang,pohang,event,1,/home/ted1204/MS_Detection_Datamaker/MS_datamaker_PH/data/event/1khz_50ns_20deci_2m_UTC+0900_DST0_20190706_145021.825.tdms,1khz_50ns_20deci_2m_UTC+0900_DST0_20190706_145021.825.tdms,1khz_50ns_20deci_2m_UTC+0900_DST0_20190706_145021.825,24.0,26.0,243,648,1000.0,pohang_labels_2s.csv
75,pohang__1khz_50ns_20deci_2m_UTC+0900_DST0_20190706_145021.825,pohang,pohang,pohang,event,1,/home/ted1204/MS_Detection_Datamaker/MS_datamaker_PH/data/event/1khz_50ns_20deci_2m_UTC+0900_DST0_20190706_145021.825.tdms,1khz_50ns_20deci_2m_UTC+0900_DST0_20190706_145021.825.tdms,1khz_50ns_20deci_2m_UTC+0900_DST0_20190706_145021.825,25.0,27.0,243,648,1000.0,pohang_labels_2s.csv
76,pohang__1khz_50ns_20deci_2m_UTC+0900_DST0_20190706_145021.825,pohang,pohang,pohang,event,1,/home/ted1204/MS_Detection_Datamaker/MS_datamaker_PH/data/event/1khz_50ns_20deci_2m_UTC+0900_DST0_20190706_145021.825.tdms,1khz_50ns_20deci_2m_UTC+0900_DST0_20190706_145021.825.tdms,1khz_50ns_20deci_2m_UTC+0900_DST0_20190706_145021.825,26.0,28.0,243,648,1000.0,pohang_labels_2s.csv
77,pohang__1khz_50ns_20deci_2m_UTC+0900_DST0_20190706_145021.825,pohang,pohang,pohang,event,1,/home/ted1204/MS_Detection_Datamaker/MS_datamaker_PH/data/event/1khz_50ns_20deci_2m_UTC+0900_DST0_20190706_145021.825.tdms,1khz_50ns_20deci_2m_UTC+0900_DST0_20190706_145021.825.tdms,1khz_50ns_20deci_2m_UTC+0900_DST0_20190706_145021.825,27.0,29.0,243,648,1000.0,pohang_labels_2s.csv
78,pohang__1khz_50ns_20deci_2m_UTC+0900_DST0_20190706_145021.825,pohang,pohang,pohang,event,1,/home/ted1204/MS_Detection_Datamaker/MS_datamaker_PH/data/event/1khz_50ns_20deci_2m_UTC+0900_DST0_20190706_145021.825.tdms,1khz_50ns_20deci_2m_UTC+0900_DST0_20190706_145021.825.tdms,1khz_50ns_20deci_2m_UTC+0900_DST0_20190706_145021.825,28.0,30.0,243,648,1000.0,pohang_labels_2s.csv
79,pohang__1khz_50ns_20deci_2m_UTC_20190712_110659.996,pohang,pohang,pohang,event,1,/home/ted1204/MS_Detection_Datamaker/MS_datamaker_PH/data/event/1khz_50ns_20deci_2m_UTC_20190712_110659.996.tdms,1khz_50ns_20deci_2m_UTC_20190712_110659.996.tdms,1khz_50ns_20deci_2m_UTC_20190712_110659.996,11.0,13.0,243,648,1000.0,pohang_labels_2s.csv
80,pohang__1khz_50ns_20deci_2m_UTC_20190712_110659.996,pohang,pohang,pohang,event,1,/home/ted1204/MS_Detection_Datamaker/MS_datamaker_PH/data/event/1khz_50ns_20deci_2m_UTC_20190712_110659.996.tdms,1khz_50ns_20deci_2m_UTC_20190712_110659.996.tdms,1khz_50ns_20deci_2m_UTC_20190712_110659.996,12.0,14.0,243,648,1000.0,pohang_labels_2s.csv
81,pohang__1khz_50ns_20deci_2m_UTC_20190712_110659.996,pohang,pohang,pohang,event,1,/home/ted1204/MS_Detection_Datamaker/MS_datamaker_PH/data/event/1khz_50ns_20deci_2m_UTC_20190712_110659.996.tdms,1khz_50ns_20deci_2m_UTC_20190712_110659.996.tdms,1khz_50ns_20deci_2m_UTC_20190712_110659.996,13.0,15.0,243,648,1000.0,pohang_labels_2s.csv
82,pohang__1khz_50ns_20deci_2m_UTC_20190712_110659.996,pohang,pohang,pohang,event,1,/home/ted1204/MS_Detection_Datamaker/MS_datamaker_PH/data/event/1khz_50ns_20deci_2m_UTC_20190712_110659.996.tdms,1khz_50ns_20deci_2m_UTC_20190712_110659.996.tdms,1khz_50ns_20deci_2m_UTC_20190712_110659.996,14.0,16.0,243,648,1000.0,pohang_labels_2s.csv
83,pohang__1khz_50ns_20deci_2m_UTC_20190712_110659.996,pohang,pohang,pohang,event,1,/home/ted1204/MS_Detection_Datamaker/MS_datamaker_PH/data/event/1khz_50ns_20deci_2m_UTC_20190712_110659.996.tdms,1khz_50ns_20deci_2m_UTC_20190712_110659.996.tdms,1khz_50ns_20deci_2m_UTC_20190712_110659.996,15.0,17.0,243,648,1000.0,pohang_labels_2s.csv
84,pohang__1khz_50ns_20deci_2m_UTC_20190712_110659.996,pohang,pohang,pohang,event,1,/home/ted1204/MS_Detection_Datamaker/MS_datamaker_PH/data/event/1khz_50ns_20deci_2m_UTC_20190712_110659.996.tdms,1khz_50ns_20deci_2m_UTC_20190712_110659.996.tdms,1khz_50ns_20deci_2m_UTC_20190712_110659.996,16.0,18.0,243,648,1000.0,pohang_labels_2s.csv
85,pohang__1khz_50ns_20deci_2m_UTC_20190712_110659.996,pohang,pohang,pohang,event,1,/home/ted1204/MS_Detection_Datamaker/MS_datamaker_PH/data/event/1khz_50ns_20deci_2m_UTC_20190712_110659.996.tdms,1khz_50ns_20deci_2m_UTC_20190712_110659.996.tdms,1khz_50ns_20deci_2m_UTC_20190712_110659.996,17.0,19.0,243,648,1000.0,pohang_labels_2s.csv
86,pohang__1khz_50ns_20deci_2m_UTC_20190712_110659.996,pohang,pohang,pohang,event,1,/home/ted1204/MS_Detection_Datamaker/MS_datamaker_PH/data/event/1khz_50ns_20deci_2m_UTC_20190712_110659.996.tdms,1khz_50ns_20deci_2m_UTC_20190712_110659.996.tdms,1khz_50ns_20deci_2m_UTC_20190712_110659.996,18.0,20.0,243,648,1000.0,pohang_labels_2s.csv
87,pohang__1khz_50ns_20deci_2m_UTC_20190712_110659.996,pohang,pohang,pohang,event,1,/home/ted1204/MS_Detection_Datamaker/MS_datamaker_PH/data/event/1khz_50ns_20deci_2m_UTC_20190712_110659.996.tdms,1khz_50ns_20deci_2m_UTC_20190712_110659.996.tdms,1khz_50ns_20deci_2m_UTC_20190712_110659.996,19.0,21.0,243,648,1000.0,pohang_labels_2s.csv
88,pohang__1khz_50ns_20deci_2m_UTC_20190714_022059.956,pohang,pohang,pohang,event,1,/home/ted1204/MS_Detection_Datamaker/MS_datamaker_PH/data/event/1khz_50ns_20deci_2m_UTC_20190714_022059.956.tdms,1khz_50ns_20deci_2m_UTC_20190714_022059.956.tdms,1khz_50ns_20deci_2m_UTC_20190714_022059.956,16.0,18.0,243,648,1000.0,pohang_labels_2s.csv
89,pohang__1khz_50ns_20deci_2m_UTC_20190714_022059.956,pohang,pohang,pohang,event,1,/home/ted1204/MS_Detection_Datamaker/MS_datamaker_PH/data/event/1khz_50ns_20deci_2m_UTC_20190714_022059.956.tdms,1khz_50ns_20deci_2m_UTC_20190714_022059.956.tdms,1khz_50ns_20deci_2m_UTC_20190714_022059.956,17.0,19.0,243,648,1000.0,pohang_labels_2s.csv
90,pohang__1khz_50ns_20deci_2m_UTC_20190714_022059.956,pohang,pohang,pohang,event,1,/home/ted1204/MS_Detection_Datamaker/MS_datamaker_PH/data/event/1khz_50ns_20deci_2m_UTC_20190714_022059.956.tdms,1khz_50ns_20deci_2m_UTC_20190714_022059.956.tdms,1khz_50ns_20deci_2m_UTC_20190714_022059.956,18.0,20.0,243,648,1000.0,pohang_labels_2s.csv
91,pohang__1khz_50ns_20deci_2m_UTC_20190714_022059.956,pohang,pohang,pohang,event,1,/home/ted1204/MS_Detection_Datamaker/MS_datamaker_PH/data/event/1khz_50ns_20deci_2m_UTC_20190714_022059.956.tdms,1khz_50ns_20deci_2m_UTC_20190714_022059.956.tdms,1khz_50ns_20deci_2m_UTC_20190714_022059.956,19.0,21.0,243,648,1000.0,pohang_labels_2s.csv
92,pohang__1khz_50ns_20deci_2m_UTC_20190714_022059.956,pohang,pohang,pohang,event,1,/home/ted1204/MS_Detection_Datamaker/MS_datamaker_PH/data/event/1khz_50ns_20deci_2m_UTC_20190714_022059.956.tdms,1khz_50ns_20deci_2m_UTC_20190714_022059.956.tdms,1khz_50ns_20deci_2m_UTC_20190714_022059.956,20.0,22.0,243,648,1000.0,pohang_labels_2s.csv
93,pohang__1khz_50ns_20deci_2m_UTC_20190714_022059.956,pohang,pohang,pohang,event,1,/home/ted1204/MS_Detection_Datamaker/MS_datamaker_PH/data/event/1khz_50ns_20deci_2m_UTC_20190714_022059.956.tdms,1khz_50ns_20deci_2m_UTC_20190714_022059.956.tdms,1khz_50ns_20deci_2m_UTC_20190714_022059.956,21.0,23.0,243,648,1000.0,pohang_labels_2s.csv
94,pohang__1khz_50ns_20deci_2m_UTC_20190714_022059.956,pohang,pohang,pohang,event,1,/home/ted1204/MS_Detection_Datamaker/MS_datamaker_PH/data/event/1khz_50ns_20deci_2m_UTC_20190714_022059.956.tdms,1khz_50ns_20deci_2m_UTC_20190714_022059.956.tdms,1khz_50ns_20deci_2m_UTC_20190714_022059.956,22.0,24.0,243,648,1000.0,pohang_labels_2s.csv
95,pohang__1khz_50ns_20deci_2m_UTC_20190714_022059.956,pohang,pohang,pohang,event,1,/home/ted1204/MS_Detection_Datamaker/MS_datamaker_PH/data/event/1khz_50ns_20deci_2m_UTC_20190714_022059.956.tdms,1khz_50ns_20deci_2m_UTC_20190714_022059.956.tdms,1khz_50ns_20deci_2m_UTC_20190714_022059.956,23.0,25.0,243,648,1000.0,pohang_labels_2s.csv
96,pohang__1khz_50ns_20deci_2m_UTC_20190714_022059.956,pohang,pohang,pohang,event,1,/home/ted1204/MS_Detection_Datamaker/MS_datamaker_PH/data/event/1khz_50ns_20deci_2m_UTC_20190714_022059.956.tdms,1khz_50ns_20deci_2m_UTC_20190714_022059.956.tdms,1khz_50ns_20deci_2m_UTC_20190714_022059.956,24.0,26.0,243,648,1000.0,pohang_labels_2s.csv
97,pohang__1khz_50ns_20deci_2m_UTC_20190714_022059.956,pohang,pohang,pohang,event,1,/home/ted1204/MS_Detection_Datamaker/MS_datamaker_PH/data/event/1khz_50ns_20deci_2m_UTC_20190714_022059.956.tdms,1khz_50ns_20deci_2m_UTC_20190714_022059.956.tdms,1khz_50ns_20deci_2m_UTC_20190714_022059.956,25.0,27.0,243,648,1000.0,pohang_labels_2s.csv
98,pohang__1khz_50ns_20deci_2m_UTC_20190714_022059.956,pohang,pohang,pohang,event,1,/home/ted1204/MS_Detection_Datamaker/MS_datamaker_PH/data/event/1khz_50ns_20deci_2m_UTC_20190714_022059.956.tdms,1khz_50ns_20deci_2m_UTC_20190714_022059.956.tdms,1khz_50ns_20deci_2m_UTC_20190714_022059.956,26.0,28.0,243,648,1000.0,pohang_labels_2s.csv
99,pohang__1khz_50ns_20deci_2m_UTC_20190714_065129.951,pohang,pohang,pohang,event,1,/home/ted1204/MS_Detection_Datamaker/MS_datamaker_PH/data/event/1khz_50ns_20deci_2m_UTC_20190714_065129.951.tdms,1khz_50ns_20deci_2m_UTC_20190714_065129.951.tdms,1khz_50ns_20deci_2m_UTC_20190714_065129.951,17.0,19.0,243,648,1000.0,pohang_labels_2s.csv
100,pohang__1khz_50ns_20deci_2m_UTC_20190714_065129.951,pohang,pohang,pohang,event,1,/home/ted1204/MS_Detection_Datamaker/MS_datamaker_PH/data/event/1khz_50ns_20deci_2m_UTC_20190714_065129.951.tdms,1khz_50ns_20deci_2m_UTC_20190714_065129.951.tdms,1khz_50ns_20deci_2m_UTC_20190714_065129.951,18.0,20.0,243,648,1000.0,pohang_labels_2s.csv
101,pohang__1khz_50ns_20deci_2m_UTC_20190714_065129.951,pohang,pohang,pohang,event,1,/home/ted1204/MS_Detection_Datamaker/MS_datamaker_PH/data/event/1khz_50ns_20deci_2m_UTC_20190714_065129.951.tdms,1khz_50ns_20deci_2m_UTC_20190714_065129.951.tdms,1khz_50ns_20deci_2m_UTC_20190714_065129.951,19.0,21.0,243,648,1000.0,pohang_labels_2s.csv
102,pohang__1khz_50ns_20deci_2m_UTC_20190714_065129.951,pohang,pohang,pohang,event,1,/home/ted1204/MS_Detection_Datamaker/MS_datamaker_PH/data/event/1khz_50ns_20deci_2m_UTC_20190714_065129.951.tdms,1khz_50ns_20deci_2m_UTC_20190714_065129.951.tdms,1khz_50ns_20deci_2m_UTC_20190714_065129.951,20.0,22.0,243,648,1000.0,pohang_labels_2s.csv
103,pohang__1khz_50ns_20deci_2m_UTC_20190714_065129.951,pohang,pohang,pohang,event,1,/home/ted1204/MS_Detection_Datamaker/MS_datamaker_PH/data/event/1khz_50ns_20deci_2m_UTC_20190714_065129.951.tdms,1khz_50ns_20deci_2m_UTC_20190714_065129.951.tdms,1khz_50ns_20deci_2m_UTC_20190714_065129.951,21.0,23.0,243,648,1000.0,pohang_labels_2s.csv
104,pohang__1khz_50ns_20deci_2m_UTC_20190714_065129.951,pohang,pohang,pohang,event,1,/home/ted1204/MS_Detection_Datamaker/MS_datamaker_PH/data/event/1khz_50ns_20deci_2m_UTC_20190714_065129.951.tdms,1khz_50ns_20deci_2m_UTC_20190714_065129.951.tdms,1khz_50ns_20deci_2m_UTC_20190714_065129.951,22.0,24.0,243,648,1000.0,pohang_labels_2s.csv
105,pohang__1khz_50ns_20deci_2m_UTC_20190714_065129.951,pohang,pohang,pohang,event,1,/home/ted1204/MS_Detection_Datamaker/MS_datamaker_PH/data/event/1khz_50ns_20deci_2m_UTC_20190714_065129.951.tdms,1khz_50ns_20deci_2m_UTC_20190714_065129.951.tdms,1khz_50ns_20deci_2m_UTC_20190714_065129.951,23.0,25.0,243,648,1000.0,pohang_labels_2s.csv
106,pohang__1khz_50ns_20deci_2m_UTC_20190714_065129.951,pohang,pohang,pohang,event,1,/home/ted1204/MS_Detection_Datamaker/MS_datamaker_PH/data/event/1khz_50ns_20deci_2m_UTC_20190714_065129.951.tdms,1khz_50ns_20deci_2m_UTC_20190714_065129.951.tdms,1khz_50ns_20deci_2m_UTC_20190714_065129.951,24.0,26.0,243,648,1000.0,pohang_labels_2s.csv
107,pohang__1khz_50ns_20deci_2m_UTC_20190714_065129.951,pohang,pohang,pohang,event,1,/home/ted1204/MS_Detection_Datamaker/MS_datamaker_PH/data/event/1khz_50ns_20deci_2m_UTC_20190714_065129.951.tdms,1khz_50ns_20deci_2m_UTC_20190714_065129.951.tdms,1khz_50ns_20deci_2m_UTC_20190714_065129.951,25.0,27.0,243,648,1000.0,pohang_labels_2s.csv
108,pohang__1khz_50ns_20deci_2m_UTC_20190714_065129.951,pohang,pohang,pohang,event,1,/home/ted1204/MS_Detection_Datamaker/MS_datamaker_PH/data/event/1khz_50ns_20deci_2m_UTC_20190714_065129.951.tdms,1khz_50ns_20deci_2m_UTC_20190714_065129.951.tdms,1khz_50ns_20deci_2m_UTC_20190714_065129.951,26.0,28.0,243,648,1000.0,pohang_labels_2s.csv
109,pohang__1khz_50ns_20deci_2m_UTC_20190714_065129.951,pohang,pohang,pohang,event,1,/home/ted1204/MS_Detection_Datamaker/MS_datamaker_PH/data/event/1khz_50ns_20deci_2m_UTC_20190714_065129.951.tdms,1khz_50ns_20deci_2m_UTC_20190714_065129.951.tdms,1khz_50ns_20deci_2m_UTC_20190714_065129.951,27.0,29.0,243,648,1000.0,pohang_labels_2s.csv
110,pohang__1khz_50ns_20deci_2m_UTC_20190714_065129.951,pohang,pohang,pohang,event,1,/home/ted1204/MS_Detection_Datamaker/MS_datamaker_PH/data/event/1khz_50ns_20deci_2m_UTC_20190714_065129.951.tdms,1khz_50ns_20deci_2m_UTC_20190714_065129.951.tdms,1khz_50ns_20deci_2m_UTC_20190714_065129.951,28.0,30.0,243,648,1000.0,pohang_labels_2s.csv
111,pohang__1khz_50ns_20deci_2m_UTC_20190717_140229.870,pohang,pohang,pohang,event,1,/home/ted1204/MS_Detection_Datamaker/MS_datamaker_PH/data/event/1khz_50ns_20deci_2m_UTC_20190717_140229.870.tdms,1khz_50ns_20deci_2m_UTC_20190717_140229.870.tdms,1khz_50ns_20deci_2m_UTC_20190717_140229.870,4.0,6.0,243,648,1000.0,pohang_labels_2s.csv
112,pohang__1khz_50ns_20deci_2m_UTC_20190717_140229.870,pohang,pohang,pohang,event,1,/home/ted1204/MS_Detection_Datamaker/MS_datamaker_PH/data/event/1khz_50ns_20deci_2m_UTC_20190717_140229.870.tdms,1khz_50ns_20deci_2m_UTC_20190717_140229.870.tdms,1khz_50ns_20deci_2m_UTC_20190717_140229.870,5.0,7.0,243,648,1000.0,pohang_labels_2s.csv
113,pohang__1khz_50ns_20deci_2m_UTC_20190717_140229.870,pohang,pohang,pohang,event,1,/home/ted1204/MS_Detection_Datamaker/MS_datamaker_PH/data/event/1khz_50ns_20deci_2m_UTC_20190717_140229.870.tdms,1khz_50ns_20deci_2m_UTC_20190717_140229.870.tdms,1khz_50ns_20deci_2m_UTC_20190717_140229.870,6.0,8.0,243,648,1000.0,pohang_labels_2s.csv
114,pohang__1khz_50ns_20deci_2m_UTC_20190717_140229.870,pohang,pohang,pohang,event,1,/home/ted1204/MS_Detection_Datamaker/MS_datamaker_PH/data/event/1khz_50ns_20deci_2m_UTC_20190717_140229.870.tdms,1khz_50ns_20deci_2m_UTC_20190717_140229.870.tdms,1khz_50ns_20deci_2m_UTC_20190717_140229.870,7.0,9.0,243,648,1000.0,pohang_labels_2s.csv
115,pohang__1khz_50ns_20deci_2m_UTC_20190717_140229.870,pohang,pohang,pohang,event,1,/home/ted1204/MS_Detection_Datamaker/MS_datamaker_PH/data/event/1khz_50ns_20deci_2m_UTC_20190717_140229.870.tdms,1khz_50ns_20deci_2m_UTC_20190717_140229.870.tdms,1khz_50ns_20deci_2m_UTC_20190717_140229.870,8.0,10.0,243,648,1000.0,pohang_labels_2s.csv
116,pohang__1khz_50ns_20deci_2m_UTC_20190717_140229.870,pohang,pohang,pohang,event,1,/home/ted1204/MS_Detection_Datamaker/MS_datamaker_PH/data/event/1khz_50ns_20deci_2m_UTC_20190717_140229.870.tdms,1khz_50ns_20deci_2m_UTC_20190717_140229.870.tdms,1khz_50ns_20deci_2m_UTC_20190717_140229.870,9.0,11.0,243,648,1000.0,pohang_labels_2s.csv
117,pohang__1khz_50ns_20deci_2m_UTC_20190717_140229.870,pohang,pohang,pohang,event,1,/home/ted1204/MS_Detection_Datamaker/MS_datamaker_PH/data/event/1khz_50ns_20deci_2m_UTC_20190717_140229.870.tdms,1khz_50ns_20deci_2m_UTC_20190717_140229.870.tdms,1khz_50ns_20deci_2m_UTC_20190717_140229.870,10.0,12.0,243,648,1000.0,pohang_labels_2s.csv
118,pohang__1khz_50ns_20deci_2m_UTC_20190717_140229.870,pohang,pohang,pohang,event,1,/home/ted1204/MS_Detection_Datamaker/MS_datamaker_PH/data/event/1khz_50ns_20deci_2m_UTC_20190717_140229.870.tdms,1khz_50ns_20deci_2m_UTC_20190717_140229.870.tdms,1khz_50ns_20deci_2m_UTC_20190717_140229.870,11.0,13.0,243,648,1000.0,pohang_labels_2s.csv
119,pohang__1khz_50ns_20deci_2m_UTC_20190717_140229.870,pohang,pohang,pohang,event,1,/home/ted1204/MS_Detection_Datamaker/MS_datamaker_PH/data/event/1khz_50ns_20deci_2m_UTC_20190717_140229.870.tdms,1khz_50ns_20deci_2m_UTC_20190717_140229.870.tdms,1khz_50ns_20deci_2m_UTC_20190717_140229.870,12.0,14.0,243,648,1000.0,pohang_labels_2s.csv
120,pohang__1khz_50ns_20deci_2m_UTC_20190721_020429.783,pohang,pohang,pohang,event,1,/home/ted1204/MS_Detection_Datamaker/MS_datamaker_PH/data/event/1khz_50ns_20deci_2m_UTC_20190721_020429.783.tdms,1khz_50ns_20deci_2m_UTC_20190721_020429.783.tdms,1khz_50ns_20deci_2m_UTC_20190721_020429.783,10.0,12.0,243,648,1000.0,pohang_labels_2s.csv
121,pohang__1khz_50ns_20deci_2m_UTC_20190721_020429.783,pohang,pohang,pohang,event,1,/home/ted1204/MS_Detection_Datamaker/MS_datamaker_PH/data/event/1khz_50ns_20deci_2m_UTC_20190721_020429.783.tdms,1khz_50ns_20deci_2m_UTC_20190721_020429.783.tdms,1khz_50ns_20deci_2m_UTC_20190721_020429.783,11.0,13.0,243,648,1000.0,pohang_labels_2s.csv
122,pohang__1khz_50ns_20deci_2m_UTC_20190721_020429.783,pohang,pohang,pohang,event,1,/home/ted1204/MS_Detection_Datamaker/MS_datamaker_PH/data/event/1khz_50ns_20deci_2m_UTC_20190721_020429.783.tdms,1khz_50ns_20deci_2m_UTC_20190721_020429.783.tdms,1khz_50ns_20deci_2m_UTC_20190721_020429.783,12.0,14.0,243,648,1000.0,pohang_labels_2s.csv
123,pohang__1khz_50ns_20deci_2m_UTC_20190721_020429.783,pohang,pohang,pohang,event,1,/home/ted1204/MS_Detection_Datamaker/MS_datamaker_PH/data/event/1khz_50ns_20deci_2m_UTC_20190721_020429.783.tdms,1khz_50ns_20deci_2m_UTC_20190721_020429.783.tdms,1khz_50ns_20deci_2m_UTC_20190721_020429.783,13.0,15.0,243,648,1000.0,pohang_labels_2s.csv
124,pohang__1khz_50ns_20deci_2m_UTC_20190721_020429.783,pohang,pohang,pohang,event,1,/home/ted1204/MS_Detection_Datamaker/MS_datamaker_PH/data/event/1khz_50ns_20deci_2m_UTC_20190721_020429.783.tdms,1khz_50ns_20deci_2m_UTC_20190721_020429.783.tdms,1khz_50ns_20deci_2m_UTC_20190721_020429.783,14.0,16.0,243,648,1000.0,pohang_labels_2s.csv
125,pohang__1khz_50ns_20deci_2m_UTC_20190721_020429.783,pohang,pohang,pohang,event,1,/home/ted1204/MS_Detection_Datamaker/MS_datamaker_PH/data/event/1khz_50ns_20deci_2m_UTC_20190721_020429.783.tdms,1khz_50ns_20deci_2m_UTC_20190721_020429.783.tdms,1khz_50ns_20deci_2m_UTC_20190721_020429.783,15.0,17.0,243,648,1000.0,pohang_labels_2s.csv
126,pohang__1khz_50ns_20deci_2m_UTC_20190721_020429.783,pohang,pohang,pohang,event,1,/home/ted1204/MS_Detection_Datamaker/MS_datamaker_PH/data/event/1khz_50ns_20deci_2m_UTC_20190721_020429.783.tdms,1khz_50ns_20deci_2m_UTC_20190721_020429.783.tdms,1khz_50ns_20deci_2m_UTC_20190721_020429.783,16.0,18.0,243,648,1000.0,pohang_labels_2s.csv
127,pohang__1khz_50ns_20deci_2m_UTC_20190721_020429.783,pohang,pohang,pohang,event,1,/home/ted1204/MS_Detection_Datamaker/MS_datamaker_PH/data/event/1khz_50ns_20deci_2m_UTC_20190721_020429.783.tdms,1khz_50ns_20deci_2m_UTC_20190721_020429.783.tdms,1khz_50ns_20deci_2m_UTC_20190721_020429.783,17.0,19.0,243,648,1000.0,pohang_labels_2s.csv
128,pohang__1khz_50ns_20deci_2m_UTC_20190721_020429.783,pohang,pohang,pohang,event,1,/home/ted1204/MS_Detection_Datamaker/MS_datamaker_PH/data/event/1khz_50ns_20deci_2m_UTC_20190721_020429.783.tdms,1khz_50ns_20deci_2m_UTC_20190721_020429.783.tdms,1khz_50ns_20deci_2m_UTC_20190721_020429.783,18.0,20.0,243,648,1000.0,pohang_labels_2s.csv
129,pohang__1khz_50ns_20deci_2m_UTC_20190721_020429.783,pohang,pohang,pohang,event,1,/home/ted1204/MS_Detection_Datamaker/MS_datamaker_PH/data/event/1khz_50ns_20deci_2m_UTC_20190721_020429.783.tdms,1khz_50ns_20deci_2m_UTC_20190721_020429.783.tdms,1khz_50ns_20deci_2m_UTC_20190721_020429.783,19.0,21.0,243,648,1000.0,pohang_labels_2s.csv
130,pohang__1khz_50ns_20deci_2m_UTC_20190721_020429.783,pohang,pohang,pohang,event,1,/home/ted1204/MS_Detection_Datamaker/MS_datamaker_PH/data/event/1khz_50ns_20deci_2m_UTC_20190721_020429.783.tdms,1khz_50ns_20deci_2m_UTC_20190721_020429.783.tdms,1khz_50ns_20deci_2m_UTC_20190721_020429.783,20.0,22.0,243,648,1000.0,pohang_labels_2s.csv
131,pohang__1khz_50ns_20deci_2m_UTC_20190721_020429.783,pohang,pohang,pohang,event,1,/home/ted1204/MS_Detection_Datamaker/MS_datamaker_PH/data/event/1khz_50ns_20deci_2m_UTC_20190721_020429.783.tdms,1khz_50ns_20deci_2m_UTC_20190721_020429.783.tdms,1khz_50ns_20deci_2m_UTC_20190721_020429.783,21.0,23.0,243,648,1000.0,pohang_labels_2s.csv
132,pohang__1khz_50ns_20deci_2m_UTC_20190721_020429.783,pohang,pohang,pohang,event,1,/home/ted1204/MS_Detection_Datamaker/MS_datamaker_PH/data/event/1khz_50ns_20deci_2m_UTC_20190721_020429.783.tdms,1khz_50ns_20deci_2m_UTC_20190721_020429.783.tdms,1khz_50ns_20deci_2m_UTC_20190721_020429.783,22.0,24.0,243,648,1000.0,pohang_labels_2s.csv
133,pohang__1khz_50ns_20deci_2m_UTC_20190721_020429.783,pohang,pohang,pohang,event,1,/home/ted1204/MS_Detection_Datamaker/MS_datamaker_PH/data/event/1khz_50ns_20deci_2m_UTC_20190721_020429.783.tdms,1khz_50ns_20deci_2m_UTC_20190721_020429.783.tdms,1khz_50ns_20deci_2m_UTC_20190721_020429.783,23.0,25.0,243,648,1000.0,pohang_labels_2s.csv
134,pohang__1khz_50ns_20deci_2m_UTC_20190721_020429.783,pohang,pohang,pohang,event,1,/home/ted1204/MS_Detection_Datamaker/MS_datamaker_PH/data/event/1khz_50ns_20deci_2m_UTC_20190721_020429.783.tdms,1khz_50ns_20deci_2m_UTC_20190721_020429.783.tdms,1khz_50ns_20deci_2m_UTC_20190721_020429.783,24.0,26.0,243,648,1000.0,pohang_labels_2s.csv
135,pohang__1khz_50ns_20deci_2m_UTC_20190721_020429.783,pohang,pohang,pohang,event,1,/home/ted1204/MS_Detection_Datamaker/MS_datamaker_PH/data/event/1khz_50ns_20deci_2m_UTC_20190721_020429.783.tdms,1khz_50ns_20deci_2m_UTC_20190721_020429.783.tdms,1khz_50ns_20deci_2m_UTC_20190721_020429.783,25.0,27.0,243,648,1000.0,pohang_labels_2s.csv
136,pohang__1khz_50ns_20deci_2m_UTC_20190721_020429.783,pohang,pohang,pohang,event,1,/home/ted1204/MS_Detection_Datamaker/MS_datamaker_PH/data/event/1khz_50ns_20deci_2m_UTC_20190721_020429.783.tdms,1khz_50ns_20deci_2m_UTC_20190721_020429.783.tdms,1khz_50ns_20deci_2m_UTC_20190721_020429.783,26.0,28.0,243,648,1000.0,pohang_labels_2s.csv
137,pohang__1khz_50ns_20deci_2m_UTC_20190721_020429.783,pohang,pohang,pohang,event,1,/home/ted1204/MS_Detection_Datamaker/MS_datamaker_PH/data/event/1khz_50ns_20deci_2m_UTC_20190721_020429.783.tdms,1khz_50ns_20deci_2m_UTC_20190721_020429.783.tdms,1khz_50ns_20deci_2m_UTC_20190721_020429.783,27.0,29.0,243,648,1000.0,pohang_labels_2s.csv
138,pohang__1khz_50ns_20deci_2m_UTC_20190721_020429.783,pohang,pohang,pohang,event,1,/home/ted1204/MS_Detection_Datamaker/MS_datamaker_PH/data/event/1khz_50ns_20deci_2m_UTC_20190721_020429.783.tdms,1khz_50ns_20deci_2m_UTC_20190721_020429.783.tdms,1khz_50ns_20deci_2m_UTC_20190721_020429.783,28.0,30.0,243,648,1000.0,pohang_labels_2s.csv
139,pohang__1khz_50ns_20deci_2m_UTC_20190722_020129.758,pohang,pohang,pohang,event,1,/home/ted1204/MS_Detection_Datamaker/MS_datamaker_PH/data/event/1khz_50ns_20deci_2m_UTC_20190722_020129.758.tdms,1khz_50ns_20deci_2m_UTC_20190722_020129.758.tdms,1khz_50ns_20deci_2m_UTC_20190722_020129.758,26.0,28.0,243,648,1000.0,pohang_labels_2s.csv
140,pohang__1khz_50ns_20deci_2m_UTC_20190722_020129.758,pohang,pohang,pohang,event,1,/home/ted1204/MS_Detection_Datamaker/MS_datamaker_PH/data/event/1khz_50ns_20deci_2m_UTC_20190722_020129.758.tdms,1khz_50ns_20deci_2m_UTC_20190722_020129.758.tdms,1khz_50ns_20deci_2m_UTC_20190722_020129.758,27.0,29.0,243,648,1000.0,pohang_labels_2s.csv
141,pohang__1khz_50ns_20deci_2m_UTC_20190722_020129.758,pohang,pohang,pohang,event,1,/home/ted1204/MS_Detection_Datamaker/MS_datamaker_PH/data/event/1khz_50ns_20deci_2m_UTC_20190722_020129.758.tdms,1khz_50ns_20deci_2m_UTC_20190722_020129.758.tdms,1khz_50ns_20deci_2m_UTC_20190722_020129.758,28.0,30.0,243,648,1000.0,pohang_labels_2s.csv
142,pohang__1khz_50ns_20deci_2m_UTC_20190722_134159.747,pohang,pohang,pohang,event,1,/home/ted1204/MS_Detection_Datamaker/MS_datamaker_PH/data/event/1khz_50ns_20deci_2m_UTC_20190722_134159.747.tdms,1khz_50ns_20deci_2m_UTC_20190722_134159.747.tdms,1khz_50ns_20deci_2m_UTC_20190722_134159.747,27.0,29.0,243,648,1000.0,pohang_labels_2s.csv
143,pohang__1khz_50ns_20deci_2m_UTC_20190722_134159.747,pohang,pohang,pohang,event,1,/home/ted1204/MS_Detection_Datamaker/MS_datamaker_PH/data/event/1khz_50ns_20deci_2m_UTC_20190722_134159.747.tdms,1khz_50ns_20deci_2m_UTC_20190722_134159.747.tdms,1khz_50ns_20deci_2m_UTC_20190722_134159.747,28.0,30.0,243,648,1000.0,pohang_labels_2s.csv
144,pohang__1khz_50ns_20deci_2m_UTC_20190724_164629.697,pohang,pohang,pohang,event,1,/home/ted1204/MS_Detection_Datamaker/MS_datamaker_PH/data/event/1khz_50ns_20deci_2m_UTC_20190724_164629.697.tdms,1khz_50ns_20deci_2m_UTC_20190724_164629.697.tdms,1khz_50ns_20deci_2m_UTC_20190724_164629.697,6.0,8.0,243,648,1000.0,pohang_labels_2s.csv
145,pohang__1khz_50ns_20deci_2m_UTC_20190724_164629.697,pohang,pohang,pohang,event,1,/home/ted1204/MS_Detection_Datamaker/MS_datamaker_PH/data/event/1khz_50ns_20deci_2m_UTC_20190724_164629.697.tdms,1khz_50ns_20deci_2m_UTC_20190724_164629.697.tdms,1khz_50ns_20deci_2m_UTC_20190724_164629.697,7.0,9.0,243,648,1000.0,pohang_labels_2s.csv
146,pohang__1khz_50ns_20deci_2m_UTC_20190724_164629.697,pohang,pohang,pohang,event,1,/home/ted1204/MS_Detection_Datamaker/MS_datamaker_PH/data/event/1khz_50ns_20deci_2m_UTC_20190724_164629.697.tdms,1khz_50ns_20deci_2m_UTC_20190724_164629.697.tdms,1khz_50ns_20deci_2m_UTC_20190724_164629.697,8.0,10.0,243,648,1000.0,pohang_labels_2s.csv
147,pohang__1khz_50ns_20deci_2m_UTC_20190724_164629.697,pohang,pohang,pohang,event,1,/home/ted1204/MS_Detection_Datamaker/MS_datamaker_PH/data/event/1khz_50ns_20deci_2m_UTC_20190724_164629.697.tdms,1khz_50ns_20deci_2m_UTC_20190724_164629.697.tdms,1khz_50ns_20deci_2m_UTC_20190724_164629.697,9.0,11.0,243,648,1000.0,pohang_labels_2s.csv
148,pohang__1khz_50ns_20deci_2m_UTC_20190724_164629.697,pohang,pohang,pohang,event,1,/home/ted1204/MS_Detection_Datamaker/MS_datamaker_PH/data/event/1khz_50ns_20deci_2m_UTC_20190724_164629.697.tdms,1khz_50ns_20deci_2m_UTC_20190724_164629.697.tdms,1khz_50ns_20deci_2m_UTC_20190724_164629.697,10.0,12.0,243,648,1000.0,pohang_labels_2s.csv
149,pohang__1khz_50ns_20deci_2m_UTC_20190724_164629.697,pohang,pohang,pohang,event,1,/home/ted1204/MS_Detection_Datamaker/MS_datamaker_PH/data/event/1khz_50ns_20deci_2m_UTC_20190724_164629.697.tdms,1khz_50ns_20deci_2m_UTC_20190724_164629.697.tdms,1khz_50ns_20deci_2m_UTC_20190724_164629.697,11.0,13.0,243,648,1000.0,pohang_labels_2s.csv
150,pohang__1khz_50ns_20deci_2m_UTC_20190724_164629.697,pohang,pohang,pohang,event,1,/home/ted1204/MS_Detection_Datamaker/MS_datamaker_PH/data/event/1khz_50ns_20deci_2m_UTC_20190724_164629.697.tdms,1khz_50ns_20deci_2m_UTC_20190724_164629.697.tdms,1khz_50ns_20deci_2m_UTC_20190724_164629.697,12.0,14.0,243,648,1000.0,pohang_labels_2s.csv
151,pohang__1khz_50ns_20deci_2m_UTC_20190724_164629.697,pohang,pohang,pohang,event,1,/home/ted1204/MS_Detection_Datamaker/MS_datamaker_PH/data/event/1khz_50ns_20deci_2m_UTC_20190724_164629.697.tdms,1khz_50ns_20deci_2m_UTC_20190724_164629.697.tdms,1khz_50ns_20deci_2m_UTC_20190724_164629.697,13.0,15.0,243,648,1000.0,pohang_labels_2s.csv
152,pohang__1khz_50ns_20deci_2m_UTC_20190724_164629.697,pohang,pohang,pohang,event,1,/home/ted1204/MS_Detection_Datamaker/MS_datamaker_PH/data/event/1khz_50ns_20deci_2m_UTC_20190724_164629.697.tdms,1khz_50ns_20deci_2m_UTC_20190724_164629.697.tdms,1khz_50ns_20deci_2m_UTC_20190724_164629.697,14.0,16.0,243,648,1000.0,pohang_labels_2s.csv
153,pohang__1khz_50ns_20deci_2m_UTC_20190724_164629.697,pohang,pohang,pohang,event,1,/home/ted1204/MS_Detection_Datamaker/MS_datamaker_PH/data/event/1khz_50ns_20deci_2m_UTC_20190724_164629.697.tdms,1khz_50ns_20deci_2m_UTC_20190724_164629.697.tdms,1khz_50ns_20deci_2m_UTC_20190724_164629.697,15.0,17.0,243,648,1000.0,pohang_labels_2s.csv
154,pohang__1khz_50ns_20deci_2m_UTC_20190724_164629.697,pohang,pohang,pohang,event,1,/home/ted1204/MS_Detection_Datamaker/MS_datamaker_PH/data/event/1khz_50ns_20deci_2m_UTC_20190724_164629.697.tdms,1khz_50ns_20deci_2m_UTC_20190724_164629.697.tdms,1khz_50ns_20deci_2m_UTC_20190724_164629.697,16.0,18.0,243,648,1000.0,pohang_labels_2s.csv
155,pohang__1khz_50ns_20deci_2m_UTC_20190724_164629.697,pohang,pohang,pohang,event,1,/home/ted1204/MS_Detection_Datamaker/MS_datamaker_PH/data/event/1khz_50ns_20deci_2m_UTC_20190724_164629.697.tdms,1khz_50ns_20deci_2m_UTC_20190724_164629.697.tdms,1khz_50ns_20deci_2m_UTC_20190724_164629.697,17.0,19.0,243,648,1000.0,pohang_labels_2s.csv
156,pohang__1khz_50ns_20deci_2m_UTC_20190724_164629.697,pohang,pohang,pohang,event,1,/home/ted1204/MS_Detection_Datamaker/MS_datamaker_PH/data/event/1khz_50ns_20deci_2m_UTC_20190724_164629.697.tdms,1khz_50ns_20deci_2m_UTC_20190724_164629.697.tdms,1khz_50ns_20deci_2m_UTC_20190724_164629.697,18.0,20.0,243,648,1000.0,pohang_labels_2s.csv
157,pohang__1khz_50ns_20deci_2m_UTC_20190724_164629.697,pohang,pohang,pohang,event,1,/home/ted1204/MS_Detection_Datamaker/MS_datamaker_PH/data/event/1khz_50ns_20deci_2m_UTC_20190724_164629.697.tdms,1khz_50ns_20deci_2m_UTC_20190724_164629.697.tdms,1khz_50ns_20deci_2m_UTC_20190724_164629.697,19.0,21.0,243,648,1000.0,pohang_labels_2s.csv
158,pohang__1khz_50ns_20deci_2m_UTC_20190724_164629.697,pohang,pohang,pohang,event,1,/home/ted1204/MS_Detection_Datamaker/MS_datamaker_PH/data/event/1khz_50ns_20deci_2m_UTC_20190724_164629.697.tdms,1khz_50ns_20deci_2m_UTC_20190724_164629.697.tdms,1khz_50ns_20deci_2m_UTC_20190724_164629.697,20.0,22.0,243,648,1000.0,pohang_labels_2s.csv
159,pohang__1khz_50ns_20deci_2m_UTC_20190724_164629.697,pohang,pohang,pohang,event,1,/home/ted1204/MS_Detection_Datamaker/MS_datamaker_PH/data/event/1khz_50ns_20deci_2m_UTC_20190724_164629.697.tdms,1khz_50ns_20deci_2m_UTC_20190724_164629.697.tdms,1khz_50ns_20deci_2m_UTC_20190724_164629.697,21.0,23.0,243,648,1000.0,pohang_labels_2s.csv
160,pohang__1khz_50ns_20deci_2m_UTC_20190724_164629.697,pohang,pohang,pohang,event,1,/home/ted1204/MS_Detection_Datamaker/MS_datamaker_PH/data/event/1khz_50ns_20deci_2m_UTC_20190724_164629.697.tdms,1khz_50ns_20deci_2m_UTC_20190724_164629.697.tdms,1khz_50ns_20deci_2m_UTC_20190724_164629.697,22.0,24.0,243,648,1000.0,pohang_labels_2s.csv
161,pohang__1khz_50ns_20deci_2m_UTC_20190724_164629.697,pohang,pohang,pohang,event,1,/home/ted1204/MS_Detection_Datamaker/MS_datamaker_PH/data/event/1khz_50ns_20deci_2m_UTC_20190724_164629.697.tdms,1khz_50ns_20deci_2m_UTC_20190724_164629.697.tdms,1khz_50ns_20deci_2m_UTC_20190724_164629.697,23.0,25.0,243,648,1000.0,pohang_labels_2s.csv
162,pohang__1khz_50ns_20deci_2m_UTC_20190724_164629.697,pohang,pohang,pohang,event,1,/home/ted1204/MS_Detection_Datamaker/MS_datamaker_PH/data/event/1khz_50ns_20deci_2m_UTC_20190724_164629.697.tdms,1khz_50ns_20deci_2m_UTC_20190724_164629.697.tdms,1khz_50ns_20deci_2m_UTC_20190724_164629.697,24.0,26.0,243,648,1000.0,pohang_labels_2s.csv
163,pohang__1khz_50ns_20deci_2m_UTC_20190724_164629.697,pohang,pohang,pohang,event,1,/home/ted1204/MS_Detection_Datamaker/MS_datamaker_PH/data/event/1khz_50ns_20deci_2m_UTC_20190724_164629.697.tdms,1khz_50ns_20deci_2m_UTC_20190724_164629.697.tdms,1khz_50ns_20deci_2m_UTC_20190724_164629.697,25.0,27.0,243,648,1000.0,pohang_labels_2s.csv
164,pohang__1khz_50ns_20deci_2m_UTC_20190724_164629.697,pohang,pohang,pohang,event,1,/home/ted1204/MS_Detection_Datamaker/MS_datamaker_PH/data/event/1khz_50ns_20deci_2m_UTC_20190724_164629.697.tdms,1khz_50ns_20deci_2m_UTC_20190724_164629.697.tdms,1khz_50ns_20deci_2m_UTC_20190724_164629.697,26.0,28.0,243,648,1000.0,pohang_labels_2s.csv
165,pohang__1khz_50ns_20deci_2m_UTC_20190724_164629.697,pohang,pohang,pohang,event,1,/home/ted1204/MS_Detection_Datamaker/MS_datamaker_PH/data/event/1khz_50ns_20deci_2m_UTC_20190724_164629.697.tdms,1khz_50ns_20deci_2m_UTC_20190724_164629.697.tdms,1khz_50ns_20deci_2m_UTC_20190724_164629.697,27.0,29.0,243,648,1000.0,pohang_labels_2s.csv
166,pohang__1khz_50ns_20deci_2m_UTC_20190724_164629.697,pohang,pohang,pohang,event,1,/home/ted1204/MS_Detection_Datamaker/MS_datamaker_PH/data/event/1khz_50ns_20deci_2m_UTC_20190724_164629.697.tdms,1khz_50ns_20deci_2m_UTC_20190724_164629.697.tdms,1khz_50ns_20deci_2m_UTC_20190724_164629.697,28.0,30.0,243,648,1000.0,pohang_labels_2s.csv
167,pohang__1khz_50ns_20deci_2m_UTC_20190727_133129.629,pohang,pohang,pohang,event,1,/home/ted1204/MS_Detection_Datamaker/MS_datamaker_PH/data/event/1khz_50ns_20deci_2m_UTC_20190727_133129.629.tdms,1khz_50ns_20deci_2m_UTC_20190727_133129.629.tdms,1khz_50ns_20deci_2m_UTC_20190727_133129.629,3.0,5.0,243,648,1000.0,pohang_labels_2s.csv
168,pohang__1khz_50ns_20deci_2m_UTC_20190727_133129.629,pohang,pohang,pohang,event,1,/home/ted1204/MS_Detection_Datamaker/MS_datamaker_PH/data/event/1khz_50ns_20deci_2m_UTC_20190727_133129.629.tdms,1khz_50ns_20deci_2m_UTC_20190727_133129.629.tdms,1khz_50ns_20deci_2m_UTC_20190727_133129.629,4.0,6.0,243,648,1000.0,pohang_labels_2s.csv
169,pohang__1khz_50ns_20deci_2m_UTC_20190727_133129.629,pohang,pohang,pohang,event,1,/home/ted1204/MS_Detection_Datamaker/MS_datamaker_PH/data/event/1khz_50ns_20deci_2m_UTC_20190727_133129.629.tdms,1khz_50ns_20deci_2m_UTC_20190727_133129.629.tdms,1khz_50ns_20deci_2m_UTC_20190727_133129.629,5.0,7.0,243,648,1000.0,pohang_labels_2s.csv
170,pohang__1khz_50ns_20deci_2m_UTC_20190727_133129.629,pohang,pohang,pohang,event,1,/home/ted1204/MS_Detection_Datamaker/MS_datamaker_PH/data/event/1khz_50ns_20deci_2m_UTC_20190727_133129.629.tdms,1khz_50ns_20deci_2m_UTC_20190727_133129.629.tdms,1khz_50ns_20deci_2m_UTC_20190727_133129.629,11.0,13.0,243,648,1000.0,pohang_labels_2s.csv
171,pohang__1khz_50ns_20deci_2m_UTC_20190727_133129.629,pohang,pohang,pohang,event,1,/home/ted1204/MS_Detection_Datamaker/MS_datamaker_PH/data/event/1khz_50ns_20deci_2m_UTC_20190727_133129.629.tdms,1khz_50ns_20deci_2m_UTC_20190727_133129.629.tdms,1khz_50ns_20deci_2m_UTC_20190727_133129.629,12.0,14.0,243,648,1000.0,pohang_labels_2s.csv
172,pohang__1khz_50ns_20deci_2m_UTC_20190727_133129.629,pohang,pohang,pohang,event,1,/home/ted1204/MS_Detection_Datamaker/MS_datamaker_PH/data/event/1khz_50ns_20deci_2m_UTC_20190727_133129.629.tdms,1khz_50ns_20deci_2m_UTC_20190727_133129.629.tdms,1khz_50ns_20deci_2m_UTC_20190727_133129.629,13.0,15.0,243,648,1000.0,pohang_labels_2s.csv
173,pohang__1khz_50ns_20deci_2m_UTC_20190727_133129.629,pohang,pohang,pohang,event,1,/home/ted1204/MS_Detection_Datamaker/MS_datamaker_PH/data/event/1khz_50ns_20deci_2m_UTC_20190727_133129.629.tdms,1khz_50ns_20deci_2m_UTC_20190727_133129.629.tdms,1khz_50ns_20deci_2m_UTC_20190727_133129.629,14.0,16.0,243,648,1000.0,pohang_labels_2s.csv
174,pohang__1khz_50ns_20deci_2m_UTC_20190727_133129.629,pohang,pohang,pohang,event,1,/home/ted1204/MS_Detection_Datamaker/MS_datamaker_PH/data/event/1khz_50ns_20deci_2m_UTC_20190727_133129.629.tdms,1khz_50ns_20deci_2m_UTC_20190727_133129.629.tdms,1khz_50ns_20deci_2m_UTC_20190727_133129.629,15.0,17.0,243,648,1000.0,pohang_labels_2s.csv
175,pohang__1khz_50ns_20deci_2m_UTC_20190727_133129.629,pohang,pohang,pohang,event,1,/home/ted1204/MS_Detection_Datamaker/MS_datamaker_PH/data/event/1khz_50ns_20deci_2m_UTC_20190727_133129.629.tdms,1khz_50ns_20deci_2m_UTC_20190727_133129.629.tdms,1khz_50ns_20deci_2m_UTC_20190727_133129.629,16.0,18.0,243,648,1000.0,pohang_labels_2s.csv
176,pohang__1khz_50ns_20deci_2m_UTC_20190727_133129.629,pohang,pohang,pohang,event,1,/home/ted1204/MS_Detection_Datamaker/MS_datamaker_PH/data/event/1khz_50ns_20deci_2m_UTC_20190727_133129.629.tdms,1khz_50ns_20deci_2m_UTC_20190727_133129.629.tdms,1khz_50ns_20deci_2m_UTC_20190727_133129.629,17.0,19.0,243,648,1000.0,pohang_labels_2s.csv
177,pohang__1khz_50ns_20deci_2m_UTC_20190727_133129.629,pohang,pohang,pohang,event,1,/home/ted1204/MS_Detection_Datamaker/MS_datamaker_PH/data/event/1khz_50ns_20deci_2m_UTC_20190727_133129.629.tdms,1khz_50ns_20deci_2m_UTC_20190727_133129.629.tdms,1khz_50ns_20deci_2m_UTC_20190727_133129.629,18.0,20.0,243,648,1000.0,pohang_labels_2s.csv
178,pohang__1khz_50ns_20deci_2m_UTC_20190727_133129.629,pohang,pohang,pohang,event,1,/home/ted1204/MS_Detection_Datamaker/MS_datamaker_PH/data/event/1khz_50ns_20deci_2m_UTC_20190727_133129.629.tdms,1khz_50ns_20deci_2m_UTC_20190727_133129.629.tdms,1khz_50ns_20deci_2m_UTC_20190727_133129.629,19.0,21.0,243,648,1000.0,pohang_labels_2s.csv
179,pohang__1khz_50ns_20deci_2m_UTC_20190727_133129.629,pohang,pohang,pohang,event,1,/home/ted1204/MS_Detection_Datamaker/MS_datamaker_PH/data/event/1khz_50ns_20deci_2m_UTC_20190727_133129.629.tdms,1khz_50ns_20deci_2m_UTC_20190727_133129.629.tdms,1khz_50ns_20deci_2m_UTC_20190727_133129.629,20.0,22.0,243,648,1000.0,pohang_labels_2s.csv
180,pohang__1khz_50ns_20deci_2m_UTC_20190727_133129.629,pohang,pohang,pohang,event,1,/home/ted1204/MS_Detection_Datamaker/MS_datamaker_PH/data/event/1khz_50ns_20deci_2m_UTC_20190727_133129.629.tdms,1khz_50ns_20deci_2m_UTC_20190727_133129.629.tdms,1khz_50ns_20deci_2m_UTC_20190727_133129.629,21.0,23.0,243,648,1000.0,pohang_labels_2s.csv
181,pohang__1khz_50ns_20deci_2m_UTC_20190727_133229.629,pohang,pohang,pohang,event,1,/home/ted1204/MS_Detection_Datamaker/MS_datamaker_PH/data/event/1khz_50ns_20deci_2m_UTC_20190727_133229.629.tdms,1khz_50ns_20deci_2m_UTC_20190727_133229.629.tdms,1khz_50ns_20deci_2m_UTC_20190727_133229.629,2.0,4.0,243,648,1000.0,pohang_labels_2s.csv
182,pohang__1khz_50ns_20deci_2m_UTC_20190727_133229.629,pohang,pohang,pohang,event,1,/home/ted1204/MS_Detection_Datamaker/MS_datamaker_PH/data/event/1khz_50ns_20deci_2m_UTC_20190727_133229.629.tdms,1khz_50ns_20deci_2m_UTC_20190727_133229.629.tdms,1khz_50ns_20deci_2m_UTC_20190727_133229.629,3.0,5.0,243,648,1000.0,pohang_labels_2s.csv
183,pohang__1khz_50ns_20deci_2m_UTC_20190727_133229.629,pohang,pohang,pohang,event,1,/home/ted1204/MS_Detection_Datamaker/MS_datamaker_PH/data/event/1khz_50ns_20deci_2m_UTC_20190727_133229.629.tdms,1khz_50ns_20deci_2m_UTC_20190727_133229.629.tdms,1khz_50ns_20deci_2m_UTC_20190727_133229.629,4.0,6.0,243,648,1000.0,pohang_labels_2s.csv
184,pohang__1khz_50ns_20deci_2m_UTC_20190727_133229.629,pohang,pohang,pohang,event,1,/home/ted1204/MS_Detection_Datamaker/MS_datamaker_PH/data/event/1khz_50ns_20deci_2m_UTC_20190727_133229.629.tdms,1khz_50ns_20deci_2m_UTC_20190727_133229.629.tdms,1khz_50ns_20deci_2m_UTC_20190727_133229.629,5.0,7.0,243,648,1000.0,pohang_labels_2s.csv
185,pohang__1khz_50ns_20deci_2m_UTC_20190727_133229.629,pohang,pohang,pohang,event,1,/home/ted1204/MS_Detection_Datamaker/MS_datamaker_PH/data/event/1khz_50ns_20deci_2m_UTC_20190727_133229.629.tdms,1khz_50ns_20deci_2m_UTC_20190727_133229.629.tdms,1khz_50ns_20deci_2m_UTC_20190727_133229.629,6.0,8.0,243,648,1000.0,pohang_labels_2s.csv
186,pohang__1khz_50ns_20deci_2m_UTC_20190727_133229.629,pohang,pohang,pohang,event,1,/home/ted1204/MS_Detection_Datamaker/MS_datamaker_PH/data/event/1khz_50ns_20deci_2m_UTC_20190727_133229.629.tdms,1khz_50ns_20deci_2m_UTC_20190727_133229.629.tdms,1khz_50ns_20deci_2m_UTC_20190727_133229.629,7.0,9.0,243,648,1000.0,pohang_labels_2s.csv
187,pohang__1khz_50ns_20deci_2m_UTC_20190727_133229.629,pohang,pohang,pohang,event,1,/home/ted1204/MS_Detection_Datamaker/MS_datamaker_PH/data/event/1khz_50ns_20deci_2m_UTC_20190727_133229.629.tdms,1khz_50ns_20deci_2m_UTC_20190727_133229.629.tdms,1khz_50ns_20deci_2m_UTC_20190727_133229.629,8.0,10.0,243,648,1000.0,pohang_labels_2s.csv
188,pohang__1khz_50ns_20deci_2m_UTC_20190727_133229.629,pohang,pohang,pohang,event,1,/home/ted1204/MS_Detection_Datamaker/MS_datamaker_PH/data/event/1khz_50ns_20deci_2m_UTC_20190727_133229.629.tdms,1khz_50ns_20deci_2m_UTC_20190727_133229.629.tdms,1khz_50ns_20deci_2m_UTC_20190727_133229.629,9.0,11.0,243,648,1000.0,pohang_labels_2s.csv
189,pohang__1khz_50ns_20deci_2m_UTC_20190727_133229.629,pohang,pohang,pohang,event,1,/home/ted1204/MS_Detection_Datamaker/MS_datamaker_PH/data/event/1khz_50ns_20deci_2m_UTC_20190727_133229.629.tdms,1khz_50ns_20deci_2m_UTC_20190727_133229.629.tdms,1khz_50ns_20deci_2m_UTC_20190727_133229.629,10.0,12.0,243,648,1000.0,pohang_labels_2s.csv
190,pohang__1khz_50ns_20deci_2m_UTC_20190727_133229.629,pohang,pohang,pohang,event,1,/home/ted1204/MS_Detection_Datamaker/MS_datamaker_PH/data/event/1khz_50ns_20deci_2m_UTC_20190727_133229.629.tdms,1khz_50ns_20deci_2m_UTC_20190727_133229.629.tdms,1khz_50ns_20deci_2m_UTC_20190727_133229.629,11.0,13.0,243,648,1000.0,pohang_labels_2s.csv
191,pohang__1khz_50ns_20deci_2m_UTC_20190727_133229.629,pohang,pohang,pohang,event,1,/home/ted1204/MS_Detection_Datamaker/MS_datamaker_PH/data/event/1khz_50ns_20deci_2m_UTC_20190727_133229.629.tdms,1khz_50ns_20deci_2m_UTC_20190727_133229.629.tdms,1khz_50ns_20deci_2m_UTC_20190727_133229.629,12.0,14.0,243,648,1000.0,pohang_labels_2s.csv
192,pohang__1khz_50ns_20deci_2m_UTC_20190727_133229.629,pohang,pohang,pohang,event,1,/home/ted1204/MS_Detection_Datamaker/MS_datamaker_PH/data/event/1khz_50ns_20deci_2m_UTC_20190727_133229.629.tdms,1khz_50ns_20deci_2m_UTC_20190727_133229.629.tdms,1khz_50ns_20deci_2m_UTC_20190727_133229.629,13.0,15.0,243,648,1000.0,pohang_labels_2s.csv
193,pohang__1khz_50ns_20deci_2m_UTC_20190727_133229.629,pohang,pohang,pohang,event,1,/home/ted1204/MS_Detection_Datamaker/MS_datamaker_PH/data/event/1khz_50ns_20deci_2m_UTC_20190727_133229.629.tdms,1khz_50ns_20deci_2m_UTC_20190727_133229.629.tdms,1khz_50ns_20deci_2m_UTC_20190727_133229.629,14.0,16.0,243,648,1000.0,pohang_labels_2s.csv
194,pohang__1khz_50ns_20deci_2m_UTC_20190727_133229.629,pohang,pohang,pohang,event,1,/home/ted1204/MS_Detection_Datamaker/MS_datamaker_PH/data/event/1khz_50ns_20deci_2m_UTC_20190727_133229.629.tdms,1khz_50ns_20deci_2m_UTC_20190727_133229.629.tdms,1khz_50ns_20deci_2m_UTC_20190727_133229.629,15.0,17.0,243,648,1000.0,pohang_labels_2s.csv
195,pohang__1khz_50ns_20deci_2m_UTC_20190727_133229.629,pohang,pohang,pohang,event,1,/home/ted1204/MS_Detection_Datamaker/MS_datamaker_PH/data/event/1khz_50ns_20deci_2m_UTC_20190727_133229.629.tdms,1khz_50ns_20deci_2m_UTC_20190727_133229.629.tdms,1khz_50ns_20deci_2m_UTC_20190727_133229.629,16.0,18.0,243,648,1000.0,pohang_labels_2s.csv
196,pohang__1khz_50ns_20deci_2m_UTC_20190727_133229.629,pohang,pohang,pohang,event,1,/home/ted1204/MS_Detection_Datamaker/MS_datamaker_PH/data/event/1khz_50ns_20deci_2m_UTC_20190727_133229.629.tdms,1khz_50ns_20deci_2m_UTC_20190727_133229.629.tdms,1khz_50ns_20deci_2m_UTC_20190727_133229.629,17.0,19.0,243,648,1000.0,pohang_labels_2s.csv
197,pohang__1khz_50ns_20deci_2m_UTC_20190727_133229.629,pohang,pohang,pohang,event,1,/home/ted1204/MS_Detection_Datamaker/MS_datamaker_PH/data/event/1khz_50ns_20deci_2m_UTC_20190727_133229.629.tdms,1khz_50ns_20deci_2m_UTC_20190727_133229.629.tdms,1khz_50ns_20deci_2m_UTC_20190727_133229.629,18.0,20.0,243,648,1000.0,pohang_labels_2s.csv
198,pohang__1khz_50ns_20deci_2m_UTC_20190727_133229.629,pohang,pohang,pohang,event,1,/home/ted1204/MS_Detection_Datamaker/MS_datamaker_PH/data/event/1khz_50ns_20deci_2m_UTC_20190727_133229.629.tdms,1khz_50ns_20deci_2m_UTC_20190727_133229.629.tdms,1khz_50ns_20deci_2m_UTC_20190727_133229.629,19.0,21.0,243,648,1000.0,pohang_labels_2s.csv
199,pohang__1khz_50ns_20deci_2m_UTC_20190727_133229.629,pohang,pohang,pohang,event,1,/home/ted1204/MS_Detection_Datamaker/MS_datamaker_PH/data/event/1khz_50ns_20deci_2m_UTC_20190727_133229.629.tdms,1khz_50ns_20deci_2m_UTC_20190727_133229.629.tdms,1khz_50ns_20deci_2m_UTC_20190727_133229.629,20.0,22.0,243,648,1000.0,pohang_labels_2s.csv
200,pohang__1khz_50ns_20deci_2m_UTC_20190729_204529.575,pohang,pohang,pohang,event,1,/home/ted1204/MS_Detection_Datamaker/MS_datamaker_PH/data/event/1khz_50ns_20deci_2m_UTC_20190729_204529.575.tdms,1khz_50ns_20deci_2m_UTC_20190729_204529.575.tdms,1khz_50ns_20deci_2m_UTC_20190729_204529.575,10.0,12.0,243,648,1000.0,pohang_labels_2s.csv
201,pohang__1khz_50ns_20deci_2m_UTC_20190729_204529.575,pohang,pohang,pohang,event,1,/home/ted1204/MS_Detection_Datamaker/MS_datamaker_PH/data/event/1khz_50ns_20deci_2m_UTC_20190729_204529.575.tdms,1khz_50ns_20deci_2m_UTC_20190729_204529.575.tdms,1khz_50ns_20deci_2m_UTC_20190729_204529.575,11.0,13.0,243,648,1000.0,pohang_labels_2s.csv
202,pohang__1khz_50ns_20deci_2m_UTC_20190729_204529.575,pohang,pohang,pohang,event,1,/home/ted1204/MS_Detection_Datamaker/MS_datamaker_PH/data/event/1khz_50ns_20deci_2m_UTC_20190729_204529.575.tdms,1khz_50ns_20deci_2m_UTC_20190729_204529.575.tdms,1khz_50ns_20deci_2m_UTC_20190729_204529.575,12.0,14.0,243,648,1000.0,pohang_labels_2s.csv
203,pohang__1khz_50ns_20deci_2m_UTC_20190729_204529.575,pohang,pohang,pohang,event,1,/home/ted1204/MS_Detection_Datamaker/MS_datamaker_PH/data/event/1khz_50ns_20deci_2m_UTC_20190729_204529.575.tdms,1khz_50ns_20deci_2m_UTC_20190729_204529.575.tdms,1khz_50ns_20deci_2m_UTC_20190729_204529.575,13.0,15.0,243,648,1000.0,pohang_labels_2s.csv
204,pohang__1khz_50ns_20deci_2m_UTC_20190729_204529.575,pohang,pohang,pohang,event,1,/home/ted1204/MS_Detection_Datamaker/MS_datamaker_PH/data/event/1khz_50ns_20deci_2m_UTC_20190729_204529.575.tdms,1khz_50ns_20deci_2m_UTC_20190729_204529.575.tdms,1khz_50ns_20deci_2m_UTC_20190729_204529.575,14.0,16.0,243,648,1000.0,pohang_labels_2s.csv
205,pohang__1khz_50ns_20deci_2m_UTC_20190729_204529.575,pohang,pohang,pohang,event,1,/home/ted1204/MS_Detection_Datamaker/MS_datamaker_PH/data/event/1khz_50ns_20deci_2m_UTC_20190729_204529.575.tdms,1khz_50ns_20deci_2m_UTC_20190729_204529.575.tdms,1khz_50ns_20deci_2m_UTC_20190729_204529.575,15.0,17.0,243,648,1000.0,pohang_labels_2s.csv
206,pohang__1khz_50ns_20deci_2m_UTC_20190729_204529.575,pohang,pohang,pohang,event,1,/home/ted1204/MS_Detection_Datamaker/MS_datamaker_PH/data/event/1khz_50ns_20deci_2m_UTC_20190729_204529.575.tdms,1khz_50ns_20deci_2m_UTC_20190729_204529.575.tdms,1khz_50ns_20deci_2m_UTC_20190729_204529.575,16.0,18.0,243,648,1000.0,pohang_labels_2s.csv
207,pohang__1khz_50ns_20deci_2m_UTC_20190729_204529.575,pohang,pohang,pohang,event,1,/home/ted1204/MS_Detection_Datamaker/MS_datamaker_PH/data/event/1khz_50ns_20deci_2m_UTC_20190729_204529.575.tdms,1khz_50ns_20deci_2m_UTC_20190729_204529.575.tdms,1khz_50ns_20deci_2m_UTC_20190729_204529.575,17.0,19.0,243,648,1000.0,pohang_labels_2s.csv
208,pohang__1khz_50ns_20deci_2m_UTC_20190729_204529.575,pohang,pohang,pohang,event,1,/home/ted1204/MS_Detection_Datamaker/MS_datamaker_PH/data/event/1khz_50ns_20deci_2m_UTC_20190729_204529.575.tdms,1khz_50ns_20deci_2m_UTC_20190729_204529.575.tdms,1khz_50ns_20deci_2m_UTC_20190729_204529.575,18.0,20.0,243,648,1000.0,pohang_labels_2s.csv
209,pohang__1khz_50ns_20deci_2m_UTC_20190729_204529.575,pohang,pohang,pohang,event,1,/home/ted1204/MS_Detection_Datamaker/MS_datamaker_PH/data/event/1khz_50ns_20deci_2m_UTC_20190729_204529.575.tdms,1khz_50ns_20deci_2m_UTC_20190729_204529.575.tdms,1khz_50ns_20deci_2m_UTC_20190729_204529.575,19.0,21.0,243,648,1000.0,pohang_labels_2s.csv
210,pohang__1khz_50ns_20deci_2m_UTC_20190729_204529.575,pohang,pohang,pohang,event,1,/home/ted1204/MS_Detection_Datamaker/MS_datamaker_PH/data/event/1khz_50ns_20deci_2m_UTC_20190729_204529.575.tdms,1khz_50ns_20deci_2m_UTC_20190729_204529.575.tdms,1khz_50ns_20deci_2m_UTC_20190729_204529.575,20.0,22.0,243,648,1000.0,pohang_labels_2s.csv
211,pohang__1khz_50ns_20deci_2m_UTC_20190729_204529.575,pohang,pohang,pohang,event,1,/home/ted1204/MS_Detection_Datamaker/MS_datamaker_PH/data/event/1khz_50ns_20deci_2m_UTC_20190729_204529.575.tdms,1khz_50ns_20deci_2m_UTC_20190729_204529.575.tdms,1khz_50ns_20deci_2m_UTC_20190729_204529.575,21.0,23.0,243,648,1000.0,pohang_labels_2s.csv
212,pohang__1khz_50ns_20deci_2m_UTC_20190729_204529.575,pohang,pohang,pohang,event,1,/home/ted1204/MS_Detection_Datamaker/MS_datamaker_PH/data/event/1khz_50ns_20deci_2m_UTC_20190729_204529.575.tdms,1khz_50ns_20deci_2m_UTC_20190729_204529.575.tdms,1khz_50ns_20deci_2m_UTC_20190729_204529.575,22.0,24.0,243,648,1000.0,pohang_labels_2s.csv
213,pohang__1khz_50ns_20deci_2m_UTC_20190729_204529.575,pohang,pohang,pohang,event,1,/home/ted1204/MS_Detection_Datamaker/MS_datamaker_PH/data/event/1khz_50ns_20deci_2m_UTC_20190729_204529.575.tdms,1khz_50ns_20deci_2m_UTC_20190729_204529.575.tdms,1khz_50ns_20deci_2m_UTC_20190729_204529.575,23.0,25.0,243,648,1000.0,pohang_labels_2s.csv
214,pohang__1khz_50ns_20deci_2m_UTC_20190729_204529.575,pohang,pohang,pohang,event,1,/home/ted1204/MS_Detection_Datamaker/MS_datamaker_PH/data/event/1khz_50ns_20deci_2m_UTC_20190729_204529.575.tdms,1khz_50ns_20deci_2m_UTC_20190729_204529.575.tdms,1khz_50ns_20deci_2m_UTC_20190729_204529.575,24.0,26.0,243,648,1000.0,pohang_labels_2s.csv
215,pohang__1khz_50ns_20deci_2m_UTC_20190729_204529.575,pohang,pohang,pohang,event,1,/home/ted1204/MS_Detection_Datamaker/MS_datamaker_PH/data/event/1khz_50ns_20deci_2m_UTC_20190729_204529.575.tdms,1khz_50ns_20deci_2m_UTC_20190729_204529.575.tdms,1khz_50ns_20deci_2m_UTC_20190729_204529.575,25.0,27.0,243,648,1000.0,pohang_labels_2s.csv
216,pohang__1khz_50ns_20deci_2m_UTC_20190729_204529.575,pohang,pohang,pohang,event,1,/home/ted1204/MS_Detection_Datamaker/MS_datamaker_PH/data/event/1khz_50ns_20deci_2m_UTC_20190729_204529.575.tdms,1khz_50ns_20deci_2m_UTC_20190729_204529.575.tdms,1khz_50ns_20deci_2m_UTC_20190729_204529.575,26.0,28.0,243,648,1000.0,pohang_labels_2s.csv
217,pohang__1khz_50ns_20deci_2m_UTC_20190729_204529.575,pohang,pohang,pohang,event,1,/home/ted1204/MS_Detection_Datamaker/MS_datamaker_PH/data/event/1khz_50ns_20deci_2m_UTC_20190729_204529.575.tdms,1khz_50ns_20deci_2m_UTC_20190729_204529.575.tdms,1khz_50ns_20deci_2m_UTC_20190729_204529.575,27.0,29.0,243,648,1000.0,pohang_labels_2s.csv
218,pohang__1khz_50ns_20deci_2m_UTC_20190729_204529.575,pohang,pohang,pohang,event,1,/home/ted1204/MS_Detection_Datamaker/MS_datamaker_PH/data/event/1khz_50ns_20deci_2m_UTC_20190729_204529.575.tdms,1khz_50ns_20deci_2m_UTC_20190729_204529.575.tdms,1khz_50ns_20deci_2m_UTC_20190729_204529.575,28.0,30.0,243,648,1000.0,pohang_labels_2s.csv
219,pohang__1khz_50ns_20deci_2m_UTC_20190803_170659.463,pohang,pohang,pohang,event,1,/home/ted1204/MS_Detection_Datamaker/MS_datamaker_PH/data/event/1khz_50ns_20deci_2m_UTC_20190803_170659.463.tdms,1khz_50ns_20deci_2m_UTC_20190803_170659.463.tdms,1khz_50ns_20deci_2m_UTC_20190803_170659.463,13.0,15.0,243,648,1000.0,pohang_labels_2s.csv
220,pohang__1khz_50ns_20deci_2m_UTC_20190803_170659.463,pohang,pohang,pohang,event,1,/home/ted1204/MS_Detection_Datamaker/MS_datamaker_PH/data/event/1khz_50ns_20deci_2m_UTC_20190803_170659.463.tdms,1khz_50ns_20deci_2m_UTC_20190803_170659.463.tdms,1khz_50ns_20deci_2m_UTC_20190803_170659.463,14.0,16.0,243,648,1000.0,pohang_labels_2s.csv
221,pohang__1khz_50ns_20deci_2m_UTC_20190803_170659.463,pohang,pohang,pohang,event,1,/home/ted1204/MS_Detection_Datamaker/MS_datamaker_PH/data/event/1khz_50ns_20deci_2m_UTC_20190803_170659.463.tdms,1khz_50ns_20deci_2m_UTC_20190803_170659.463.tdms,1khz_50ns_20deci_2m_UTC_20190803_170659.463,15.0,17.0,243,648,1000.0,pohang_labels_2s.csv
222,pohang__1khz_50ns_20deci_2m_UTC_20190803_170659.463,pohang,pohang,pohang,event,1,/home/ted1204/MS_Detection_Datamaker/MS_datamaker_PH/data/event/1khz_50ns_20deci_2m_UTC_20190803_170659.463.tdms,1khz_50ns_20deci_2m_UTC_20190803_170659.463.tdms,1khz_50ns_20deci_2m_UTC_20190803_170659.463,16.0,18.0,243,648,1000.0,pohang_labels_2s.csv
223,pohang__1khz_50ns_20deci_2m_UTC_20190803_170659.463,pohang,pohang,pohang,event,1,/home/ted1204/MS_Detection_Datamaker/MS_datamaker_PH/data/event/1khz_50ns_20deci_2m_UTC_20190803_170659.463.tdms,1khz_50ns_20deci_2m_UTC_20190803_170659.463.tdms,1khz_50ns_20deci_2m_UTC_20190803_170659.463,17.0,19.0,243,648,1000.0,pohang_labels_2s.csv
224,pohang__1khz_50ns_20deci_2m_UTC_20190803_170659.463,pohang,pohang,pohang,event,1,/home/ted1204/MS_Detection_Datamaker/MS_datamaker_PH/data/event/1khz_50ns_20deci_2m_UTC_20190803_170659.463.tdms,1khz_50ns_20deci_2m_UTC_20190803_170659.463.tdms,1khz_50ns_20deci_2m_UTC_20190803_170659.463,18.0,20.0,243,648,1000.0,pohang_labels_2s.csv
225,pohang__1khz_50ns_20deci_2m_UTC_20190803_170659.463,pohang,pohang,pohang,event,1,/home/ted1204/MS_Detection_Datamaker/MS_datamaker_PH/data/event/1khz_50ns_20deci_2m_UTC_20190803_170659.463.tdms,1khz_50ns_20deci_2m_UTC_20190803_170659.463.tdms,1khz_50ns_20deci_2m_UTC_20190803_170659.463,19.0,21.0,243,648,1000.0,pohang_labels_2s.csv
226,pohang__1khz_50ns_20deci_2m_UTC_20190803_170659.463,pohang,pohang,pohang,event,1,/home/ted1204/MS_Detection_Datamaker/MS_datamaker_PH/data/event/1khz_50ns_20deci_2m_UTC_20190803_170659.463.tdms,1khz_50ns_20deci_2m_UTC_20190803_170659.463.tdms,1khz_50ns_20deci_2m_UTC_20190803_170659.463,20.0,22.0,243,648,1000.0,pohang_labels_2s.csv
227,pohang__1khz_50ns_20deci_2m_UTC_20190803_170659.463,pohang,pohang,pohang,event,1,/home/ted1204/MS_Detection_Datamaker/MS_datamaker_PH/data/event/1khz_50ns_20deci_2m_UTC_20190803_170659.463.tdms,1khz_50ns_20deci_2m_UTC_20190803_170659.463.tdms,1khz_50ns_20deci_2m_UTC_20190803_170659.463,21.0,23.0,243,648,1000.0,pohang_labels_2s.csv
228,pohang__1khz_50ns_20deci_2m_UTC_20190803_170659.463,pohang,pohang,pohang,event,1,/home/ted1204/MS_Detection_Datamaker/MS_datamaker_PH/data/event/1khz_50ns_20deci_2m_UTC_20190803_170659.463.tdms,1khz_50ns_20deci_2m_UTC_20190803_170659.463.tdms,1khz_50ns_20deci_2m_UTC_20190803_170659.463,22.0,24.0,243,648,1000.0,pohang_labels_2s.csv
229,pohang__1khz_50ns_20deci_2m_UTC_20190803_170659.463,pohang,pohang,pohang,event,1,/home/ted1204/MS_Detection_Datamaker/MS_datamaker_PH/data/event/1khz_50ns_20deci_2m_UTC_20190803_170659.463.tdms,1khz_50ns_20deci_2m_UTC_20190803_170659.463.tdms,1khz_50ns_20deci_2m_UTC_20190803_170659.463,23.0,25.0,243,648,1000.0,pohang_labels_2s.csv
230,pohang__1khz_50ns_20deci_2m_UTC_20190803_170659.463,pohang,pohang,pohang,event,1,/home/ted1204/MS_Detection_Datamaker/MS_datamaker_PH/data/event/1khz_50ns_20deci_2m_UTC_20190803_170659.463.tdms,1khz_50ns_20deci_2m_UTC_20190803_170659.463.tdms,1khz_50ns_20deci_2m_UTC_20190803_170659.463,24.0,26.0,243,648,1000.0,pohang_labels_2s.csv
231,pohang__1khz_50ns_20deci_2m_UTC_20190803_170659.463,pohang,pohang,pohang,event,1,/home/ted1204/MS_Detection_Datamaker/MS_datamaker_PH/data/event/1khz_50ns_20deci_2m_UTC_20190803_170659.463.tdms,1khz_50ns_20deci_2m_UTC_20190803_170659.463.tdms,1khz_50ns_20deci_2m_UTC_20190803_170659.463,25.0,27.0,243,648,1000.0,pohang_labels_2s.csv
232,pohang__1khz_50ns_20deci_2m_UTC_20190803_170659.463,pohang,pohang,pohang,event,1,/home/ted1204/MS_Detection_Datamaker/MS_datamaker_PH/data/event/1khz_50ns_20deci_2m_UTC_20190803_170659.463.tdms,1khz_50ns_20deci_2m_UTC_20190803_170659.463.tdms,1khz_50ns_20deci_2m_UTC_20190803_170659.463,26.0,28.0,243,648,1000.0,pohang_labels_2s.csv
233,pohang__1khz_50ns_20deci_2m_UTC_20190803_170659.463,pohang,pohang,pohang,event,1,/home/ted1204/MS_Detection_Datamaker/MS_datamaker_PH/data/event/1khz_50ns_20deci_2m_UTC_20190803_170659.463.tdms,1khz_50ns_20deci_2m_UTC_20190803_170659.463.tdms,1khz_50ns_20deci_2m_UTC_20190803_170659.463,27.0,29.0,243,648,1000.0,pohang_labels_2s.csv
234,pohang__1khz_50ns_20deci_2m_UTC_20190803_170659.463,pohang,pohang,pohang,event,1,/home/ted1204/MS_Detection_Datamaker/MS_datamaker_PH/data/event/1khz_50ns_20deci_2m_UTC_20190803_170659.463.tdms,1khz_50ns_20deci_2m_UTC_20190803_170659.463.tdms,1khz_50ns_20deci_2m_UTC_20190803_170659.463,28.0,30.0,243,648,1000.0,pohang_labels_2s.csv
235,pohang__1khz_50ns_20deci_2m_UTC_20190804_081559.449,pohang,pohang,pohang,event,1,/home/ted1204/MS_Detection_Datamaker/MS_datamaker_PH/data/event/1khz_50ns_20deci_2m_UTC_20190804_081559.449.tdms,1khz_50ns_20deci_2m_UTC_20190804_081559.449.tdms,1khz_50ns_20deci_2m_UTC_20190804_081559.449,27.0,29.0,243,648,1000.0,pohang_labels_2s.csv
236,pohang__1khz_50ns_20deci_2m_UTC_20190804_081559.449,pohang,pohang,pohang,event,1,/home/ted1204/MS_Detection_Datamaker/MS_datamaker_PH/data/event/1khz_50ns_20deci_2m_UTC_20190804_081559.449.tdms,1khz_50ns_20deci_2m_UTC_20190804_081559.449.tdms,1khz_50ns_20deci_2m_UTC_20190804_081559.449,28.0,30.0,243,648,1000.0,pohang_labels_2s.csv
237,pohang__1khz_50ns_20deci_2m_UTC_20190816_190730.000,pohang,pohang,pohang,event,1,/home/ted1204/MS_Detection_Datamaker/MS_datamaker_PH/data/event/1khz_50ns_20deci_2m_UTC_20190816_190730.000.tdms,1khz_50ns_20deci_2m_UTC_20190816_190730.000.tdms,1khz_50ns_20deci_2m_UTC_20190816_190730.000,1.0,3.0,243,648,1000.0,pohang_labels_2s.csv
238,pohang__1khz_50ns_20deci_2m_UTC_20190816_190730.000,pohang,pohang,pohang,event,1,/home/ted1204/MS_Detection_Datamaker/MS_datamaker_PH/data/event/1khz_50ns_20deci_2m_UTC_20190816_190730.000.tdms,1khz_50ns_20deci_2m_UTC_20190816_190730.000.tdms,1khz_50ns_20deci_2m_UTC_20190816_190730.000,2.0,4.0,243,648,1000.0,pohang_labels_2s.csv
239,pohang__1khz_50ns_20deci_2m_UTC_20190816_190730.000,pohang,pohang,pohang,event,1,/home/ted1204/MS_Detection_Datamaker/MS_datamaker_PH/data/event/1khz_50ns_20deci_2m_UTC_20190816_190730.000.tdms,1khz_50ns_20deci_2m_UTC_20190816_190730.000.tdms,1khz_50ns_20deci_2m_UTC_20190816_190730.000,3.0,5.0,243,648,1000.0,pohang_labels_2s.csv
240,pohang__1khz_50ns_20deci_2m_UTC_20190816_190730.000,pohang,pohang,pohang,event,1,/home/ted1204/MS_Detection_Datamaker/MS_datamaker_PH/data/event/1khz_50ns_20deci_2m_UTC_20190816_190730.000.tdms,1khz_50ns_20deci_2m_UTC_20190816_190730.000.tdms,1khz_50ns_20deci_2m_UTC_20190816_190730.000,4.0,6.0,243,648,1000.0,pohang_labels_2s.csv
241,pohang__1khz_50ns_20deci_2m_UTC_20190816_190730.000,pohang,pohang,pohang,event,1,/home/ted1204/MS_Detection_Datamaker/MS_datamaker_PH/data/event/1khz_50ns_20deci_2m_UTC_20190816_190730.000.tdms,1khz_50ns_20deci_2m_UTC_20190816_190730.000.tdms,1khz_50ns_20deci_2m_UTC_20190816_190730.000,5.0,7.0,243,648,1000.0,pohang_labels_2s.csv
242,pohang__1khz_50ns_20deci_2m_UTC_20190816_190730.000,pohang,pohang,pohang,event,1,/home/ted1204/MS_Detection_Datamaker/MS_datamaker_PH/data/event/1khz_50ns_20deci_2m_UTC_20190816_190730.000.tdms,1khz_50ns_20deci_2m_UTC_20190816_190730.000.tdms,1khz_50ns_20deci_2m_UTC_20190816_190730.000,6.0,8.0,243,648,1000.0,pohang_labels_2s.csv
243,pohang__1khz_50ns_20deci_2m_UTC_20190816_190730.000,pohang,pohang,pohang,event,1,/home/ted1204/MS_Detection_Datamaker/MS_datamaker_PH/data/event/1khz_50ns_20deci_2m_UTC_20190816_190730.000.tdms,1khz_50ns_20deci_2m_UTC_20190816_190730.000.tdms,1khz_50ns_20deci_2m_UTC_20190816_190730.000,7.0,9.0,243,648,1000.0,pohang_labels_2s.csv
244,pohang__1khz_50ns_20deci_2m_UTC_20190816_190730.000,pohang,pohang,pohang,event,1,/home/ted1204/MS_Detection_Datamaker/MS_datamaker_PH/data/event/1khz_50ns_20deci_2m_UTC_20190816_190730.000.tdms,1khz_50ns_20deci_2m_UTC_20190816_190730.000.tdms,1khz_50ns_20deci_2m_UTC_20190816_190730.000,8.0,10.0,243,648,1000.0,pohang_labels_2s.csv
245,pohang__1khz_50ns_20deci_2m_UTC_20190816_190730.000,pohang,pohang,pohang,event,1,/home/ted1204/MS_Detection_Datamaker/MS_datamaker_PH/data/event/1khz_50ns_20deci_2m_UTC_20190816_190730.000.tdms,1khz_50ns_20deci_2m_UTC_20190816_190730.000.tdms,1khz_50ns_20deci_2m_UTC_20190816_190730.000,9.0,11.0,243,648,1000.0,pohang_labels_2s.csv
246,pohang__1khz_50ns_20deci_2m_UTC_20190816_190730.000,pohang,pohang,pohang,event,1,/home/ted1204/MS_Detection_Datamaker/MS_datamaker_PH/data/event/1khz_50ns_20deci_2m_UTC_20190816_190730.000.tdms,1khz_50ns_20deci_2m_UTC_20190816_190730.000.tdms,1khz_50ns_20deci_2m_UTC_20190816_190730.000,10.0,12.0,243,648,1000.0,pohang_labels_2s.csv
247,pohang__1khz_50ns_20deci_2m_UTC_20190816_190730.000,pohang,pohang,pohang,event,1,/home/ted1204/MS_Detection_Datamaker/MS_datamaker_PH/data/event/1khz_50ns_20deci_2m_UTC_20190816_190730.000.tdms,1khz_50ns_20deci_2m_UTC_20190816_190730.000.tdms,1khz_50ns_20deci_2m_UTC_20190816_190730.000,11.0,13.0,243,648,1000.0,pohang_labels_2s.csv
248,pohang__1khz_50ns_20deci_2m_UTC_20190816_190730.000,pohang,pohang,pohang,event,1,/home/ted1204/MS_Detection_Datamaker/MS_datamaker_PH/data/event/1khz_50ns_20deci_2m_UTC_20190816_190730.000.tdms,1khz_50ns_20deci_2m_UTC_20190816_190730.000.tdms,1khz_50ns_20deci_2m_UTC_20190816_190730.000,12.0,14.0,243,648,1000.0,pohang_labels_2s.csv
249,pohang__1khz_50ns_20deci_2m_UTC_20190816_190730.000,pohang,pohang,pohang,event,1,/home/ted1204/MS_Detection_Datamaker/MS_datamaker_PH/data/event/1khz_50ns_20deci_2m_UTC_20190816_190730.000.tdms,1khz_50ns_20deci_2m_UTC_20190816_190730.000.tdms,1khz_50ns_20deci_2m_UTC_20190816_190730.000,13.0,15.0,243,648,1000.0,pohang_labels_2s.csv
250,pohang__1khz_50ns_20deci_2m_UTC_20190816_190730.000,pohang,pohang,pohang,event,1,/home/ted1204/MS_Detection_Datamaker/MS_datamaker_PH/data/event/1khz_50ns_20deci_2m_UTC_20190816_190730.000.tdms,1khz_50ns_20deci_2m_UTC_20190816_190730.000.tdms,1khz_50ns_20deci_2m_UTC_20190816_190730.000,14.0,16.0,243,648,1000.0,pohang_labels_2s.csv
251,pohang__1khz_50ns_20deci_2m_UTC_20190816_190730.000,pohang,pohang,pohang,event,1,/home/ted1204/MS_Detection_Datamaker/MS_datamaker_PH/data/event/1khz_50ns_20deci_2m_UTC_20190816_190730.000.tdms,1khz_50ns_20deci_2m_UTC_20190816_190730.000.tdms,1khz_50ns_20deci_2m_UTC_20190816_190730.000,15.0,17.0,243,648,1000.0,pohang_labels_2s.csv
252,pohang__1khz_50ns_20deci_2m_UTC_20190816_190730.000,pohang,pohang,pohang,event,1,/home/ted1204/MS_Detection_Datamaker/MS_datamaker_PH/data/event/1khz_50ns_20deci_2m_UTC_20190816_190730.000.tdms,1khz_50ns_20deci_2m_UTC_20190816_190730.000.tdms,1khz_50ns_20deci_2m_UTC_20190816_190730.000,16.0,18.0,243,648,1000.0,pohang_labels_2s.csv
253,pohang__1khz_50ns_20deci_2m_UTC_20190816_190730.000,pohang,pohang,pohang,event,1,/home/ted1204/MS_Detection_Datamaker/MS_datamaker_PH/data/event/1khz_50ns_20deci_2m_UTC_20190816_190730.000.tdms,1khz_50ns_20deci_2m_UTC_20190816_190730.000.tdms,1khz_50ns_20deci_2m_UTC_20190816_190730.000,17.0,19.0,243,648,1000.0,pohang_labels_2s.csv
254,pohang__1khz_50ns_20deci_2m_UTC_20190816_190730.000,pohang,pohang,pohang,event,1,/home/ted1204/MS_Detection_Datamaker/MS_datamaker_PH/data/event/1khz_50ns_20deci_2m_UTC_20190816_190730.000.tdms,1khz_50ns_20deci_2m_UTC_20190816_190730.000.tdms,1khz_50ns_20deci_2m_UTC_20190816_190730.000,18.0,20.0,243,648,1000.0,pohang_labels_2s.csv
255,pohang__1khz_50ns_20deci_2m_UTC_20190816_190730.000,pohang,pohang,pohang,event,1,/home/ted1204/MS_Detection_Datamaker/MS_datamaker_PH/data/event/1khz_50ns_20deci_2m_UTC_20190816_190730.000.tdms,1khz_50ns_20deci_2m_UTC_20190816_190730.000.tdms,1khz_50ns_20deci_2m_UTC_20190816_190730.000,19.0,21.0,243,648,1000.0,pohang_labels_2s.csv
256,pohang__1khz_50ns_20deci_2m_UTC_20190816_190730.000,pohang,pohang,pohang,event,1,/home/ted1204/MS_Detection_Datamaker/MS_datamaker_PH/data/event/1khz_50ns_20deci_2m_UTC_20190816_190730.000.tdms,1khz_50ns_20deci_2m_UTC_20190816_190730.000.tdms,1khz_50ns_20deci_2m_UTC_20190816_190730.000,20.0,22.0,243,648,1000.0,pohang_labels_2s.csv
257,pohang__1khz_50ns_20deci_2m_UTC_20190816_190730.000,pohang,pohang,pohang,event,1,/home/ted1204/MS_Detection_Datamaker/MS_datamaker_PH/data/event/1khz_50ns_20deci_2m_UTC_20190816_190730.000.tdms,1khz_50ns_20deci_2m_UTC_20190816_190730.000.tdms,1khz_50ns_20deci_2m_UTC_20190816_190730.000,21.0,23.0,243,648,1000.0,pohang_labels_2s.csv
258,pohang__1khz_50ns_20deci_2m_UTC_20190816_190730.000,pohang,pohang,pohang,event,1,/home/ted1204/MS_Detection_Datamaker/MS_datamaker_PH/data/event/1khz_50ns_20deci_2m_UTC_20190816_190730.000.tdms,1khz_50ns_20deci_2m_UTC_20190816_190730.000.tdms,1khz_50ns_20deci_2m_UTC_20190816_190730.000,22.0,24.0,243,648,1000.0,pohang_labels_2s.csv
259,pohang__1khz_50ns_20deci_2m_UTC_20190816_190730.000,pohang,pohang,pohang,event,1,/home/ted1204/MS_Detection_Datamaker/MS_datamaker_PH/data/event/1khz_50ns_20deci_2m_UTC_20190816_190730.000.tdms,1khz_50ns_20deci_2m_UTC_20190816_190730.000.tdms,1khz_50ns_20deci_2m_UTC_20190816_190730.000,23.0,25.0,243,648,1000.0,pohang_labels_2s.csv
260,pohang__1khz_50ns_20deci_2m_UTC_20190816_190730.000,pohang,pohang,pohang,event,1,/home/ted1204/MS_Detection_Datamaker/MS_datamaker_PH/data/event/1khz_50ns_20deci_2m_UTC_20190816_190730.000.tdms,1khz_50ns_20deci_2m_UTC_20190816_190730.000.tdms,1khz_50ns_20deci_2m_UTC_20190816_190730.000,24.0,26.0,243,648,1000.0,pohang_labels_2s.csv
261,pohang__1khz_50ns_20deci_2m_UTC_20190816_190730.000,pohang,pohang,pohang,event,1,/home/ted1204/MS_Detection_Datamaker/MS_datamaker_PH/data/event/1khz_50ns_20deci_2m_UTC_20190816_190730.000.tdms,1khz_50ns_20deci_2m_UTC_20190816_190730.000.tdms,1khz_50ns_20deci_2m_UTC_20190816_190730.000,25.0,27.0,243,648,1000.0,pohang_labels_2s.csv
262,pohang__1khz_50ns_20deci_2m_UTC_20190816_190730.000,pohang,pohang,pohang,event,1,/home/ted1204/MS_Detection_Datamaker/MS_datamaker_PH/data/event/1khz_50ns_20deci_2m_UTC_20190816_190730.000.tdms,1khz_50ns_20deci_2m_UTC_20190816_190730.000.tdms,1khz_50ns_20deci_2m_UTC_20190816_190730.000,26.0,28.0,243,648,1000.0,pohang_labels_2s.csv
263,pohang__1khz_50ns_20deci_2m_UTC_20190816_190730.000,pohang,pohang,pohang,event,1,/home/ted1204/MS_Detection_Datamaker/MS_datamaker_PH/data/event/1khz_50ns_20deci_2m_UTC_20190816_190730.000.tdms,1khz_50ns_20deci_2m_UTC_20190816_190730.000.tdms,1khz_50ns_20deci_2m_UTC_20190816_190730.000,27.0,29.0,243,648,1000.0,pohang_labels_2s.csv
264,pohang__1khz_50ns_20deci_2m_UTC_20190816_190730.000,pohang,pohang,pohang,event,1,/home/ted1204/MS_Detection_Datamaker/MS_datamaker_PH/data/event/1khz_50ns_20deci_2m_UTC_20190816_190730.000.tdms,1khz_50ns_20deci_2m_UTC_20190816_190730.000.tdms,1khz_50ns_20deci_2m_UTC_20190816_190730.000,28.0,30.0,243,648,1000.0,pohang_labels_2s.csv
265,pohang__1khz_50ns_20deci_2m_UTC_20190818_064830.000,pohang,pohang,pohang,event,1,/home/ted1204/MS_Detection_Datamaker/MS_datamaker_PH/data/event/1khz_50ns_20deci_2m_UTC_20190818_064830.000.tdms,1khz_50ns_20deci_2m_UTC_20190818_064830.000.tdms,1khz_50ns_20deci_2m_UTC_20190818_064830.000,8.0,10.0,243,648,1000.0,pohang_labels_2s.csv
266,pohang__1khz_50ns_20deci_2m_UTC_20190818_064830.000,pohang,pohang,pohang,event,1,/home/ted1204/MS_Detection_Datamaker/MS_datamaker_PH/data/event/1khz_50ns_20deci_2m_UTC_20190818_064830.000.tdms,1khz_50ns_20deci_2m_UTC_20190818_064830.000.tdms,1khz_50ns_20deci_2m_UTC_20190818_064830.000,9.0,11.0,243,648,1000.0,pohang_labels_2s.csv
267,pohang__1khz_50ns_20deci_2m_UTC_20190818_064830.000,pohang,pohang,pohang,event,1,/home/ted1204/MS_Detection_Datamaker/MS_datamaker_PH/data/event/1khz_50ns_20deci_2m_UTC_20190818_064830.000.tdms,1khz_50ns_20deci_2m_UTC_20190818_064830.000.tdms,1khz_50ns_20deci_2m_UTC_20190818_064830.000,10.0,12.0,243,648,1000.0,pohang_labels_2s.csv
268,pohang__1khz_50ns_20deci_2m_UTC_20190818_064830.000,pohang,pohang,pohang,event,1,/home/ted1204/MS_Detection_Datamaker/MS_datamaker_PH/data/event/1khz_50ns_20deci_2m_UTC_20190818_064830.000.tdms,1khz_50ns_20deci_2m_UTC_20190818_064830.000.tdms,1khz_50ns_20deci_2m_UTC_20190818_064830.000,11.0,13.0,243,648,1000.0,pohang_labels_2s.csv
269,pohang__1khz_50ns_20deci_2m_UTC_20190818_064830.000,pohang,pohang,pohang,event,1,/home/ted1204/MS_Detection_Datamaker/MS_datamaker_PH/data/event/1khz_50ns_20deci_2m_UTC_20190818_064830.000.tdms,1khz_50ns_20deci_2m_UTC_20190818_064830.000.tdms,1khz_50ns_20deci_2m_UTC_20190818_064830.000,12.0,14.0,243,648,1000.0,pohang_labels_2s.csv
270,pohang__1khz_50ns_20deci_2m_UTC_20190818_064830.000,pohang,pohang,pohang,event,1,/home/ted1204/MS_Detection_Datamaker/MS_datamaker_PH/data/event/1khz_50ns_20deci_2m_UTC_20190818_064830.000.tdms,1khz_50ns_20deci_2m_UTC_20190818_064830.000.tdms,1khz_50ns_20deci_2m_UTC_20190818_064830.000,13.0,15.0,243,648,1000.0,pohang_labels_2s.csv
271,pohang__1khz_50ns_20deci_2m_UTC_20190818_064830.000,pohang,pohang,pohang,event,1,/home/ted1204/MS_Detection_Datamaker/MS_datamaker_PH/data/event/1khz_50ns_20deci_2m_UTC_20190818_064830.000.tdms,1khz_50ns_20deci_2m_UTC_20190818_064830.000.tdms,1khz_50ns_20deci_2m_UTC_20190818_064830.000,14.0,16.0,243,648,1000.0,pohang_labels_2s.csv
272,pohang__1khz_50ns_20deci_2m_UTC_20190818_064830.000,pohang,pohang,pohang,event,1,/home/ted1204/MS_Detection_Datamaker/MS_datamaker_PH/data/event/1khz_50ns_20deci_2m_UTC_20190818_064830.000.tdms,1khz_50ns_20deci_2m_UTC_20190818_064830.000.tdms,1khz_50ns_20deci_2m_UTC_20190818_064830.000,15.0,17.0,243,648,1000.0,pohang_labels_2s.csv
273,pohang__1khz_50ns_20deci_2m_UTC_20190818_064830.000,pohang,pohang,pohang,event,1,/home/ted1204/MS_Detection_Datamaker/MS_datamaker_PH/data/event/1khz_50ns_20deci_2m_UTC_20190818_064830.000.tdms,1khz_50ns_20deci_2m_UTC_20190818_064830.000.tdms,1khz_50ns_20deci_2m_UTC_20190818_064830.000,16.0,18.0,243,648,1000.0,pohang_labels_2s.csv
274,pohang__1khz_50ns_20deci_2m_UTC_20190818_064830.000,pohang,pohang,pohang,event,1,/home/ted1204/MS_Detection_Datamaker/MS_datamaker_PH/data/event/1khz_50ns_20deci_2m_UTC_20190818_064830.000.tdms,1khz_50ns_20deci_2m_UTC_20190818_064830.000.tdms,1khz_50ns_20deci_2m_UTC_20190818_064830.000,17.0,19.0,243,648,1000.0,pohang_labels_2s.csv
275,pohang__1khz_50ns_20deci_2m_UTC_20190818_064830.000,pohang,pohang,pohang,event,1,/home/ted1204/MS_Detection_Datamaker/MS_datamaker_PH/data/event/1khz_50ns_20deci_2m_UTC_20190818_064830.000.tdms,1khz_50ns_20deci_2m_UTC_20190818_064830.000.tdms,1khz_50ns_20deci_2m_UTC_20190818_064830.000,18.0,20.0,243,648,1000.0,pohang_labels_2s.csv
276,pohang__1khz_50ns_20deci_2m_UTC_20190818_064830.000,pohang,pohang,pohang,event,1,/home/ted1204/MS_Detection_Datamaker/MS_datamaker_PH/data/event/1khz_50ns_20deci_2m_UTC_20190818_064830.000.tdms,1khz_50ns_20deci_2m_UTC_20190818_064830.000.tdms,1khz_50ns_20deci_2m_UTC_20190818_064830.000,19.0,21.0,243,648,1000.0,pohang_labels_2s.csv
277,pohang__1khz_50ns_20deci_2m_UTC_20190818_064830.000,pohang,pohang,pohang,event,1,/home/ted1204/MS_Detection_Datamaker/MS_datamaker_PH/data/event/1khz_50ns_20deci_2m_UTC_20190818_064830.000.tdms,1khz_50ns_20deci_2m_UTC_20190818_064830.000.tdms,1khz_50ns_20deci_2m_UTC_20190818_064830.000,20.0,22.0,243,648,1000.0,pohang_labels_2s.csv
278,pohang__1khz_50ns_20deci_2m_UTC_20190818_064830.000,pohang,pohang,pohang,event,1,/home/ted1204/MS_Detection_Datamaker/MS_datamaker_PH/data/event/1khz_50ns_20deci_2m_UTC_20190818_064830.000.tdms,1khz_50ns_20deci_2m_UTC_20190818_064830.000.tdms,1khz_50ns_20deci_2m_UTC_20190818_064830.000,21.0,23.0,243,648,1000.0,pohang_labels_2s.csv
279,pohang__1khz_50ns_20deci_2m_UTC_20190818_064830.000,pohang,pohang,pohang,event,1,/home/ted1204/MS_Detection_Datamaker/MS_datamaker_PH/data/event/1khz_50ns_20deci_2m_UTC_20190818_064830.000.tdms,1khz_50ns_20deci_2m_UTC_20190818_064830.000.tdms,1khz_50ns_20deci_2m_UTC_20190818_064830.000,22.0,24.0,243,648,1000.0,pohang_labels_2s.csv
280,pohang__1khz_50ns_20deci_2m_UTC_20190818_064830.000,pohang,pohang,pohang,event,1,/home/ted1204/MS_Detection_Datamaker/MS_datamaker_PH/data/event/1khz_50ns_20deci_2m_UTC_20190818_064830.000.tdms,1khz_50ns_20deci_2m_UTC_20190818_064830.000.tdms,1khz_50ns_20deci_2m_UTC_20190818_064830.000,23.0,25.0,243,648,1000.0,pohang_labels_2s.csv
281,pohang__1khz_50ns_20deci_2m_UTC_20190818_064830.000,pohang,pohang,pohang,event,1,/home/ted1204/MS_Detection_Datamaker/MS_datamaker_PH/data/event/1khz_50ns_20deci_2m_UTC_20190818_064830.000.tdms,1khz_50ns_20deci_2m_UTC_20190818_064830.000.tdms,1khz_50ns_20deci_2m_UTC_20190818_064830.000,24.0,26.0,243,648,1000.0,pohang_labels_2s.csv
282,pohang__1khz_50ns_20deci_2m_UTC_20190818_064830.000,pohang,pohang,pohang,event,1,/home/ted1204/MS_Detection_Datamaker/MS_datamaker_PH/data/event/1khz_50ns_20deci_2m_UTC_20190818_064830.000.tdms,1khz_50ns_20deci_2m_UTC_20190818_064830.000.tdms,1khz_50ns_20deci_2m_UTC_20190818_064830.000,25.0,27.0,243,648,1000.0,pohang_labels_2s.csv
283,pohang__1khz_50ns_20deci_2m_UTC_20190818_090630.000,pohang,pohang,pohang,event,1,/home/ted1204/MS_Detection_Datamaker/MS_datamaker_PH/data/event/1khz_50ns_20deci_2m_UTC_20190818_090630.000.tdms,1khz_50ns_20deci_2m_UTC_20190818_090630.000.tdms,1khz_50ns_20deci_2m_UTC_20190818_090630.000,26.0,28.0,243,648,1000.0,pohang_labels_2s.csv
284,pohang__1khz_50ns_20deci_2m_UTC_20190818_090630.000,pohang,pohang,pohang,event,1,/home/ted1204/MS_Detection_Datamaker/MS_datamaker_PH/data/event/1khz_50ns_20deci_2m_UTC_20190818_090630.000.tdms,1khz_50ns_20deci_2m_UTC_20190818_090630.000.tdms,1khz_50ns_20deci_2m_UTC_20190818_090630.000,27.0,29.0,243,648,1000.0,pohang_labels_2s.csv
285,pohang__1khz_50ns_20deci_2m_UTC_20190818_090630.000,pohang,pohang,pohang,event,1,/home/ted1204/MS_Detection_Datamaker/MS_datamaker_PH/data/event/1khz_50ns_20deci_2m_UTC_20190818_090630.000.tdms,1khz_50ns_20deci_2m_UTC_20190818_090630.000.tdms,1khz_50ns_20deci_2m_UTC_20190818_090630.000,28.0,30.0,243,648,1000.0,pohang_labels_2s.csv
286,pohang__1khz_50ns_20deci_2m_UTC_20190818_152200.000,pohang,pohang,pohang,event,1,/home/ted1204/MS_Detection_Datamaker/MS_datamaker_PH/data/event/1khz_50ns_20deci_2m_UTC_20190818_152200.000.tdms,1khz_50ns_20deci_2m_UTC_20190818_152200.000.tdms,1khz_50ns_20deci_2m_UTC_20190818_152200.000,17.0,19.0,243,648,1000.0,pohang_labels_2s.csv
287,pohang__1khz_50ns_20deci_2m_UTC_20190818_152200.000,pohang,pohang,pohang,event,1,/home/ted1204/MS_Detection_Datamaker/MS_datamaker_PH/data/event/1khz_50ns_20deci_2m_UTC_20190818_152200.000.tdms,1khz_50ns_20deci_2m_UTC_20190818_152200.000.tdms,1khz_50ns_20deci_2m_UTC_20190818_152200.000,18.0,20.0,243,648,1000.0,pohang_labels_2s.csv
288,pohang__1khz_50ns_20deci_2m_UTC_20190818_152200.000,pohang,pohang,pohang,event,1,/home/ted1204/MS_Detection_Datamaker/MS_datamaker_PH/data/event/1khz_50ns_20deci_2m_UTC_20190818_152200.000.tdms,1khz_50ns_20deci_2m_UTC_20190818_152200.000.tdms,1khz_50ns_20deci_2m_UTC_20190818_152200.000,19.0,21.0,243,648,1000.0,pohang_labels_2s.csv
289,pohang__1khz_50ns_20deci_2m_UTC_20190818_152200.000,pohang,pohang,pohang,event,1,/home/ted1204/MS_Detection_Datamaker/MS_datamaker_PH/data/event/1khz_50ns_20deci_2m_UTC_20190818_152200.000.tdms,1khz_50ns_20deci_2m_UTC_20190818_152200.000.tdms,1khz_50ns_20deci_2m_UTC_20190818_152200.000,20.0,22.0,243,648,1000.0,pohang_labels_2s.csv
290,pohang__1khz_50ns_20deci_2m_UTC_20190818_152200.000,pohang,pohang,pohang,event,1,/home/ted1204/MS_Detection_Datamaker/MS_datamaker_PH/data/event/1khz_50ns_20deci_2m_UTC_20190818_152200.000.tdms,1khz_50ns_20deci_2m_UTC_20190818_152200.000.tdms,1khz_50ns_20deci_2m_UTC_20190818_152200.000,21.0,23.0,243,648,1000.0,pohang_labels_2s.csv
291,pohang__1khz_50ns_20deci_2m_UTC_20190818_152200.000,pohang,pohang,pohang,event,1,/home/ted1204/MS_Detection_Datamaker/MS_datamaker_PH/data/event/1khz_50ns_20deci_2m_UTC_20190818_152200.000.tdms,1khz_50ns_20deci_2m_UTC_20190818_152200.000.tdms,1khz_50ns_20deci_2m_UTC_20190818_152200.000,22.0,24.0,243,648,1000.0,pohang_labels_2s.csv
292,pohang__1khz_50ns_20deci_2m_UTC_20190818_152200.000,pohang,pohang,pohang,event,1,/home/ted1204/MS_Detection_Datamaker/MS_datamaker_PH/data/event/1khz_50ns_20deci_2m_UTC_20190818_152200.000.tdms,1khz_50ns_20deci_2m_UTC_20190818_152200.000.tdms,1khz_50ns_20deci_2m_UTC_20190818_152200.000,23.0,25.0,243,648,1000.0,pohang_labels_2s.csv
293,pohang__1khz_50ns_20deci_2m_UTC_20190818_152200.000,pohang,pohang,pohang,event,1,/home/ted1204/MS_Detection_Datamaker/MS_datamaker_PH/data/event/1khz_50ns_20deci_2m_UTC_20190818_152200.000.tdms,1khz_50ns_20deci_2m_UTC_20190818_152200.000.tdms,1khz_50ns_20deci_2m_UTC_20190818_152200.000,24.0,26.0,243,648,1000.0,pohang_labels_2s.csv
294,pohang__1khz_50ns_20deci_2m_UTC_20190818_152200.000,pohang,pohang,pohang,event,1,/home/ted1204/MS_Detection_Datamaker/MS_datamaker_PH/data/event/1khz_50ns_20deci_2m_UTC_20190818_152200.000.tdms,1khz_50ns_20deci_2m_UTC_20190818_152200.000.tdms,1khz_50ns_20deci_2m_UTC_20190818_152200.000,25.0,27.0,243,648,1000.0,pohang_labels_2s.csv
295,pohang__1khz_50ns_20deci_2m_UTC_20190818_152200.000,pohang,pohang,pohang,event,1,/home/ted1204/MS_Detection_Datamaker/MS_datamaker_PH/data/event/1khz_50ns_20deci_2m_UTC_20190818_152200.000.tdms,1khz_50ns_20deci_2m_UTC_20190818_152200.000.tdms,1khz_50ns_20deci_2m_UTC_20190818_152200.000,26.0,28.0,243,648,1000.0,pohang_labels_2s.csv
296,pohang__1khz_50ns_20deci_2m_UTC_20190818_152200.000,pohang,pohang,pohang,event,1,/home/ted1204/MS_Detection_Datamaker/MS_datamaker_PH/data/event/1khz_50ns_20deci_2m_UTC_20190818_152200.000.tdms,1khz_50ns_20deci_2m_UTC_20190818_152200.000.tdms,1khz_50ns_20deci_2m_UTC_20190818_152200.000,27.0,29.0,243,648,1000.0,pohang_labels_2s.csv
297,pohang__1khz_50ns_20deci_2m_UTC_20190818_152200.000,pohang,pohang,pohang,event,1,/home/ted1204/MS_Detection_Datamaker/MS_datamaker_PH/data/event/1khz_50ns_20deci_2m_UTC_20190818_152200.000.tdms,1khz_50ns_20deci_2m_UTC_20190818_152200.000.tdms,1khz_50ns_20deci_2m_UTC_20190818_152200.000,28.0,30.0,243,648,1000.0,pohang_labels_2s.csv
298,pohang__1khz_50ns_20deci_2m_UTC_20190917_184030.000,pohang,pohang,pohang,event,1,/home/ted1204/MS_Detection_Datamaker/MS_datamaker_PH/data/event/1khz_50ns_20deci_2m_UTC_20190917_184030.000.tdms,1khz_50ns_20deci_2m_UTC_20190917_184030.000.tdms,1khz_50ns_20deci_2m_UTC_20190917_184030.000,11.0,13.0,243,648,1000.0,pohang_labels_2s.csv
299,pohang__1khz_50ns_20deci_2m_UTC_20190917_184030.000,pohang,pohang,pohang,event,1,/home/ted1204/MS_Detection_Datamaker/MS_datamaker_PH/data/event/1khz_50ns_20deci_2m_UTC_20190917_184030.000.tdms,1khz_50ns_20deci_2m_UTC_20190917_184030.000.tdms,1khz_50ns_20deci_2m_UTC_20190917_184030.000,12.0,14.0,243,648,1000.0,pohang_labels_2s.csv
300,pohang__1khz_50ns_20deci_2m_UTC_20190917_184030.000,pohang,pohang,pohang,event,1,/home/ted1204/MS_Detection_Datamaker/MS_datamaker_PH/data/event/1khz_50ns_20deci_2m_UTC_20190917_184030.000.tdms,1khz_50ns_20deci_2m_UTC_20190917_184030.000.tdms,1khz_50ns_20deci_2m_UTC_20190917_184030.000,13.0,15.0,243,648,1000.0,pohang_labels_2s.csv
301,pohang__1khz_50ns_20deci_2m_UTC_20190917_184030.000,pohang,pohang,pohang,event,1,/home/ted1204/MS_Detection_Datamaker/MS_datamaker_PH/data/event/1khz_50ns_20deci_2m_UTC_20190917_184030.000.tdms,1khz_50ns_20deci_2m_UTC_20190917_184030.000.tdms,1khz_50ns_20deci_2m_UTC_20190917_184030.000,14.0,16.0,243,648,1000.0,pohang_labels_2s.csv
302,pohang__1khz_50ns_20deci_2m_UTC_20190917_184030.000,pohang,pohang,pohang,event,1,/home/ted1204/MS_Detection_Datamaker/MS_datamaker_PH/data/event/1khz_50ns_20deci_2m_UTC_20190917_184030.000.tdms,1khz_50ns_20deci_2m_UTC_20190917_184030.000.tdms,1khz_50ns_20deci_2m_UTC_20190917_184030.000,15.0,17.0,243,648,1000.0,pohang_labels_2s.csv
303,pohang__1khz_50ns_20deci_2m_UTC_20190917_184030.000,pohang,pohang,pohang,event,1,/home/ted1204/MS_Detection_Datamaker/MS_datamaker_PH/data/event/1khz_50ns_20deci_2m_UTC_20190917_184030.000.tdms,1khz_50ns_20deci_2m_UTC_20190917_184030.000.tdms,1khz_50ns_20deci_2m_UTC_20190917_184030.000,16.0,18.0,243,648,1000.0,pohang_labels_2s.csv
304,pohang__1khz_50ns_20deci_2m_UTC_20190917_184030.000,pohang,pohang,pohang,event,1,/home/ted1204/MS_Detection_Datamaker/MS_datamaker_PH/data/event/1khz_50ns_20deci_2m_UTC_20190917_184030.000.tdms,1khz_50ns_20deci_2m_UTC_20190917_184030.000.tdms,1khz_50ns_20deci_2m_UTC_20190917_184030.000,17.0,19.0,243,648,1000.0,pohang_labels_2s.csv
305,pohang__1khz_50ns_20deci_2m_UTC_20190917_184030.000,pohang,pohang,pohang,event,1,/home/ted1204/MS_Detection_Datamaker/MS_datamaker_PH/data/event/1khz_50ns_20deci_2m_UTC_20190917_184030.000.tdms,1khz_50ns_20deci_2m_UTC_20190917_184030.000.tdms,1khz_50ns_20deci_2m_UTC_20190917_184030.000,18.0,20.0,243,648,1000.0,pohang_labels_2s.csv
306,pohang__1khz_50ns_20deci_2m_UTC_20190917_184030.000,pohang,pohang,pohang,event,1,/home/ted1204/MS_Detection_Datamaker/MS_datamaker_PH/data/event/1khz_50ns_20deci_2m_UTC_20190917_184030.000.tdms,1khz_50ns_20deci_2m_UTC_20190917_184030.000.tdms,1khz_50ns_20deci_2m_UTC_20190917_184030.000,19.0,21.0,243,648,1000.0,pohang_labels_2s.csv
307,pohang__1khz_50ns_20deci_2m_UTC_20190917_184030.000,pohang,pohang,pohang,event,1,/home/ted1204/MS_Detection_Datamaker/MS_datamaker_PH/data/event/1khz_50ns_20deci_2m_UTC_20190917_184030.000.tdms,1khz_50ns_20deci_2m_UTC_20190917_184030.000.tdms,1khz_50ns_20deci_2m_UTC_20190917_184030.000,20.0,22.0,243,648,1000.0,pohang_labels_2s.csv
308,pohang__1khz_50ns_20deci_2m_UTC_20190917_184030.000,pohang,pohang,pohang,event,1,/home/ted1204/MS_Detection_Datamaker/MS_datamaker_PH/data/event/1khz_50ns_20deci_2m_UTC_20190917_184030.000.tdms,1khz_50ns_20deci_2m_UTC_20190917_184030.000.tdms,1khz_50ns_20deci_2m_UTC_20190917_184030.000,21.0,23.0,243,648,1000.0,pohang_labels_2s.csv
309,pohang__1khz_50ns_20deci_2m_UTC_20190917_184030.000,pohang,pohang,pohang,event,1,/home/ted1204/MS_Detection_Datamaker/MS_datamaker_PH/data/event/1khz_50ns_20deci_2m_UTC_20190917_184030.000.tdms,1khz_50ns_20deci_2m_UTC_20190917_184030.000.tdms,1khz_50ns_20deci_2m_UTC_20190917_184030.000,22.0,24.0,243,648,1000.0,pohang_labels_2s.csv
310,pohang__1khz_50ns_20deci_2m_UTC_20190918_080600.000,pohang,pohang,pohang,event,1,/home/ted1204/MS_Detection_Datamaker/MS_datamaker_PH/data/event/1khz_50ns_20deci_2m_UTC_20190918_080600.000.tdms,1khz_50ns_20deci_2m_UTC_20190918_080600.000.tdms,1khz_50ns_20deci_2m_UTC_20190918_080600.000,10.0,12.0,243,648,1000.0,pohang_labels_2s.csv
311,pohang__1khz_50ns_20deci_2m_UTC_20190918_080600.000,pohang,pohang,pohang,event,1,/home/ted1204/MS_Detection_Datamaker/MS_datamaker_PH/data/event/1khz_50ns_20deci_2m_UTC_20190918_080600.000.tdms,1khz_50ns_20deci_2m_UTC_20190918_080600.000.tdms,1khz_50ns_20deci_2m_UTC_20190918_080600.000,11.0,13.0,243,648,1000.0,pohang_labels_2s.csv
312,pohang__1khz_50ns_20deci_2m_UTC_20190918_080600.000,pohang,pohang,pohang,event,1,/home/ted1204/MS_Detection_Datamaker/MS_datamaker_PH/data/event/1khz_50ns_20deci_2m_UTC_20190918_080600.000.tdms,1khz_50ns_20deci_2m_UTC_20190918_080600.000.tdms,1khz_50ns_20deci_2m_UTC_20190918_080600.000,12.0,14.0,243,648,1000.0,pohang_labels_2s.csv
313,pohang__1khz_50ns_20deci_2m_UTC_20190918_080600.000,pohang,pohang,pohang,event,1,/home/ted1204/MS_Detection_Datamaker/MS_datamaker_PH/data/event/1khz_50ns_20deci_2m_UTC_20190918_080600.000.tdms,1khz_50ns_20deci_2m_UTC_20190918_080600.000.tdms,1khz_50ns_20deci_2m_UTC_20190918_080600.000,13.0,15.0,243,648,1000.0,pohang_labels_2s.csv
314,pohang__1khz_50ns_20deci_2m_UTC_20190918_080600.000,pohang,pohang,pohang,event,1,/home/ted1204/MS_Detection_Datamaker/MS_datamaker_PH/data/event/1khz_50ns_20deci_2m_UTC_20190918_080600.000.tdms,1khz_50ns_20deci_2m_UTC_20190918_080600.000.tdms,1khz_50ns_20deci_2m_UTC_20190918_080600.000,14.0,16.0,243,648,1000.0,pohang_labels_2s.csv
315,pohang__1khz_50ns_20deci_2m_UTC_20190918_080600.000,pohang,pohang,pohang,event,1,/home/ted1204/MS_Detection_Datamaker/MS_datamaker_PH/data/event/1khz_50ns_20deci_2m_UTC_20190918_080600.000.tdms,1khz_50ns_20deci_2m_UTC_20190918_080600.000.tdms,1khz_50ns_20deci_2m_UTC_20190918_080600.000,15.0,17.0,243,648,1000.0,pohang_labels_2s.csv
316,pohang__1khz_50ns_20deci_2m_UTC_20190918_080600.000,pohang,pohang,pohang,event,1,/home/ted1204/MS_Detection_Datamaker/MS_datamaker_PH/data/event/1khz_50ns_20deci_2m_UTC_20190918_080600.000.tdms,1khz_50ns_20deci_2m_UTC_20190918_080600.000.tdms,1khz_50ns_20deci_2m_UTC_20190918_080600.000,16.0,18.0,243,648,1000.0,pohang_labels_2s.csv
317,pohang__1khz_50ns_20deci_2m_UTC_20190918_080600.000,pohang,pohang,pohang,event,1,/home/ted1204/MS_Detection_Datamaker/MS_datamaker_PH/data/event/1khz_50ns_20deci_2m_UTC_20190918_080600.000.tdms,1khz_50ns_20deci_2m_UTC_20190918_080600.000.tdms,1khz_50ns_20deci_2m_UTC_20190918_080600.000,17.0,19.0,243,648,1000.0,pohang_labels_2s.csv
318,pohang__1khz_50ns_20deci_2m_UTC_20190918_080600.000,pohang,pohang,pohang,event,1,/home/ted1204/MS_Detection_Datamaker/MS_datamaker_PH/data/event/1khz_50ns_20deci_2m_UTC_20190918_080600.000.tdms,1khz_50ns_20deci_2m_UTC_20190918_080600.000.tdms,1khz_50ns_20deci_2m_UTC_20190918_080600.000,18.0,20.0,243,648,1000.0,pohang_labels_2s.csv
319,pohang__1khz_50ns_20deci_2m_UTC_20190918_080600.000,pohang,pohang,pohang,event,1,/home/ted1204/MS_Detection_Datamaker/MS_datamaker_PH/data/event/1khz_50ns_20deci_2m_UTC_20190918_080600.000.tdms,1khz_50ns_20deci_2m_UTC_20190918_080600.000.tdms,1khz_50ns_20deci_2m_UTC_20190918_080600.000,19.0,21.0,243,648,1000.0,pohang_labels_2s.csv
320,pohang__1khz_50ns_20deci_2m_UTC_20190918_080600.000,pohang,pohang,pohang,event,1,/home/ted1204/MS_Detection_Datamaker/MS_datamaker_PH/data/event/1khz_50ns_20deci_2m_UTC_20190918_080600.000.tdms,1khz_50ns_20deci_2m_UTC_20190918_080600.000.tdms,1khz_50ns_20deci_2m_UTC_20190918_080600.000,20.0,22.0,243,648,1000.0,pohang_labels_2s.csv
321,pohang__1khz_50ns_20deci_2m_UTC_20190918_080600.000,pohang,pohang,pohang,event,1,/home/ted1204/MS_Detection_Datamaker/MS_datamaker_PH/data/event/1khz_50ns_20deci_2m_UTC_20190918_080600.000.tdms,1khz_50ns_20deci_2m_UTC_20190918_080600.000.tdms,1khz_50ns_20deci_2m_UTC_20190918_080600.000,21.0,23.0,243,648,1000.0,pohang_labels_2s.csv
322,pohang__1khz_50ns_20deci_2m_UTC_20190918_080600.000,pohang,pohang,pohang,event,1,/home/ted1204/MS_Detection_Datamaker/MS_datamaker_PH/data/event/1khz_50ns_20deci_2m_UTC_20190918_080600.000.tdms,1khz_50ns_20deci_2m_UTC_20190918_080600.000.tdms,1khz_50ns_20deci_2m_UTC_20190918_080600.000,22.0,24.0,243,648,1000.0,pohang_labels_2s.csv
323,pohang__1khz_50ns_20deci_2m_UTC_20190918_080600.000,pohang,pohang,pohang,event,1,/home/ted1204/MS_Detection_Datamaker/MS_datamaker_PH/data/event/1khz_50ns_20deci_2m_UTC_20190918_080600.000.tdms,1khz_50ns_20deci_2m_UTC_20190918_080600.000.tdms,1khz_50ns_20deci_2m_UTC_20190918_080600.000,23.0,25.0,243,648,1000.0,pohang_labels_2s.csv
324,pohang__1khz_50ns_20deci_2m_UTC_20190918_080600.000,pohang,pohang,pohang,event,1,/home/ted1204/MS_Detection_Datamaker/MS_datamaker_PH/data/event/1khz_50ns_20deci_2m_UTC_20190918_080600.000.tdms,1khz_50ns_20deci_2m_UTC_20190918_080600.000.tdms,1khz_50ns_20deci_2m_UTC_20190918_080600.000,24.0,26.0,243,648,1000.0,pohang_labels_2s.csv
325,pohang__1khz_50ns_20deci_2m_UTC_20190918_080600.000,pohang,pohang,pohang,event,1,/home/ted1204/MS_Detection_Datamaker/MS_datamaker_PH/data/event/1khz_50ns_20deci_2m_UTC_20190918_080600.000.tdms,1khz_50ns_20deci_2m_UTC_20190918_080600.000.tdms,1khz_50ns_20deci_2m_UTC_20190918_080600.000,25.0,27.0,243,648,1000.0,pohang_labels_2s.csv
326,pohang__1khz_50ns_20deci_2m_UTC_20190918_080600.000,pohang,pohang,pohang,event,1,/home/ted1204/MS_Detection_Datamaker/MS_datamaker_PH/data/event/1khz_50ns_20deci_2m_UTC_20190918_080600.000.tdms,1khz_50ns_20deci_2m_UTC_20190918_080600.000.tdms,1khz_50ns_20deci_2m_UTC_20190918_080600.000,26.0,28.0,243,648,1000.0,pohang_labels_2s.csv
327,pohang__1khz_50ns_20deci_2m_UTC_20190918_080600.000,pohang,pohang,pohang,event,1,/home/ted1204/MS_Detection_Datamaker/MS_datamaker_PH/data/event/1khz_50ns_20deci_2m_UTC_20190918_080600.000.tdms,1khz_50ns_20deci_2m_UTC_20190918_080600.000.tdms,1khz_50ns_20deci_2m_UTC_20190918_080600.000,27.0,29.0,243,648,1000.0,pohang_labels_2s.csv
328,pohang__1khz_50ns_20deci_2m_UTC_20190918_080600.000,pohang,pohang,pohang,event,1,/home/ted1204/MS_Detection_Datamaker/MS_datamaker_PH/data/event/1khz_50ns_20deci_2m_UTC_20190918_080600.000.tdms,1khz_50ns_20deci_2m_UTC_20190918_080600.000.tdms,1khz_50ns_20deci_2m_UTC_20190918_080600.000,28.0,30.0,243,648,1000.0,pohang_labels_2s.csv
329,pohang__1khz_50ns_20deci_2m_UTC_20190920_141300.000,pohang,pohang,pohang,event,1,/home/ted1204/MS_Detection_Datamaker/MS_datamaker_PH/data/event/1khz_50ns_20deci_2m_UTC_20190920_141300.000.tdms,1khz_50ns_20deci_2m_UTC_20190920_141300.000.tdms,1khz_50ns_20deci_2m_UTC_20190920_141300.000,26.0,28.0,243,648,1000.0,pohang_labels_2s.csv
330,pohang__1khz_50ns_20deci_2m_UTC_20190920_141300.000,pohang,pohang,pohang,event,1,/home/ted1204/MS_Detection_Datamaker/MS_datamaker_PH/data/event/1khz_50ns_20deci_2m_UTC_20190920_141300.000.tdms,1khz_50ns_20deci_2m_UTC_20190920_141300.000.tdms,1khz_50ns_20deci_2m_UTC_20190920_141300.000,27.0,29.0,243,648,1000.0,pohang_labels_2s.csv
331,pohang__1khz_50ns_20deci_2m_UTC_20190920_141300.000,pohang,pohang,pohang,event,1,/home/ted1204/MS_Detection_Datamaker/MS_datamaker_PH/data/event/1khz_50ns_20deci_2m_UTC_20190920_141300.000.tdms,1khz_50ns_20deci_2m_UTC_20190920_141300.000.tdms,1khz_50ns_20deci_2m_UTC_20190920_141300.000,28.0,30.0,243,648,1000.0,pohang_labels_2s.csv
332,pohang__1khz_50ns_20deci_2m_UTC_20190921_053530.000,pohang,pohang,pohang,event,1,/home/ted1204/MS_Detection_Datamaker/MS_datamaker_PH/data/event/1khz_50ns_20deci_2m_UTC_20190921_053530.000.tdms,1khz_50ns_20deci_2m_UTC_20190921_053530.000.tdms,1khz_50ns_20deci_2m_UTC_20190921_053530.000,26.0,28.0,243,648,1000.0,pohang_labels_2s.csv
333,pohang__1khz_50ns_20deci_2m_UTC_20190921_053530.000,pohang,pohang,pohang,event,1,/home/ted1204/MS_Detection_Datamaker/MS_datamaker_PH/data/event/1khz_50ns_20deci_2m_UTC_20190921_053530.000.tdms,1khz_50ns_20deci_2m_UTC_20190921_053530.000.tdms,1khz_50ns_20deci_2m_UTC_20190921_053530.000,27.0,29.0,243,648,1000.0,pohang_labels_2s.csv
334,pohang__1khz_50ns_20deci_2m_UTC_20190921_053530.000,pohang,pohang,pohang,event,1,/home/ted1204/MS_Detection_Datamaker/MS_datamaker_PH/data/event/1khz_50ns_20deci_2m_UTC_20190921_053530.000.tdms,1khz_50ns_20deci_2m_UTC_20190921_053530.000.tdms,1khz_50ns_20deci_2m_UTC_20190921_053530.000,28.0,30.0,243,648,1000.0,pohang_labels_2s.csv
335,pohang__1khz_50ns_20deci_2m_UTC_20190924_231430.000,pohang,pohang,pohang,event,1,/home/ted1204/MS_Detection_Datamaker/MS_datamaker_PH/data/event/1khz_50ns_20deci_2m_UTC_20190924_231430.000.tdms,1khz_50ns_20deci_2m_UTC_20190924_231430.000.tdms,1khz_50ns_20deci_2m_UTC_20190924_231430.000,11.0,13.0,243,648,1000.0,pohang_labels_2s.csv
336,pohang__1khz_50ns_20deci_2m_UTC_20190924_231430.000,pohang,pohang,pohang,event,1,/home/ted1204/MS_Detection_Datamaker/MS_datamaker_PH/data/event/1khz_50ns_20deci_2m_UTC_20190924_231430.000.tdms,1khz_50ns_20deci_2m_UTC_20190924_231430.000.tdms,1khz_50ns_20deci_2m_UTC_20190924_231430.000,12.0,14.0,243,648,1000.0,pohang_labels_2s.csv
337,pohang__1khz_50ns_20deci_2m_UTC_20190924_231430.000,pohang,pohang,pohang,event,1,/home/ted1204/MS_Detection_Datamaker/MS_datamaker_PH/data/event/1khz_50ns_20deci_2m_UTC_20190924_231430.000.tdms,1khz_50ns_20deci_2m_UTC_20190924_231430.000.tdms,1khz_50ns_20deci_2m_UTC_20190924_231430.000,13.0,15.0,243,648,1000.0,pohang_labels_2s.csv
338,pohang__1khz_50ns_20deci_2m_UTC_20190924_231430.000,pohang,pohang,pohang,event,1,/home/ted1204/MS_Detection_Datamaker/MS_datamaker_PH/data/event/1khz_50ns_20deci_2m_UTC_20190924_231430.000.tdms,1khz_50ns_20deci_2m_UTC_20190924_231430.000.tdms,1khz_50ns_20deci_2m_UTC_20190924_231430.000,14.0,16.0,243,648,1000.0,pohang_labels_2s.csv
339,pohang__1khz_50ns_20deci_2m_UTC_20190924_231430.000,pohang,pohang,pohang,event,1,/home/ted1204/MS_Detection_Datamaker/MS_datamaker_PH/data/event/1khz_50ns_20deci_2m_UTC_20190924_231430.000.tdms,1khz_50ns_20deci_2m_UTC_20190924_231430.000.tdms,1khz_50ns_20deci_2m_UTC_20190924_231430.000,15.0,17.0,243,648,1000.0,pohang_labels_2s.csv
340,pohang__1khz_50ns_20deci_2m_UTC_20190924_231430.000,pohang,pohang,pohang,event,1,/home/ted1204/MS_Detection_Datamaker/MS_datamaker_PH/data/event/1khz_50ns_20deci_2m_UTC_20190924_231430.000.tdms,1khz_50ns_20deci_2m_UTC_20190924_231430.000.tdms,1khz_50ns_20deci_2m_UTC_20190924_231430.000,16.0,18.0,243,648,1000.0,pohang_labels_2s.csv
341,pohang__1khz_50ns_20deci_2m_UTC_20190924_231430.000,pohang,pohang,pohang,event,1,/home/ted1204/MS_Detection_Datamaker/MS_datamaker_PH/data/event/1khz_50ns_20deci_2m_UTC_20190924_231430.000.tdms,1khz_50ns_20deci_2m_UTC_20190924_231430.000.tdms,1khz_50ns_20deci_2m_UTC_20190924_231430.000,17.0,19.0,243,648,1000.0,pohang_labels_2s.csv
342,pohang__1khz_50ns_20deci_2m_UTC_20190924_231430.000,pohang,pohang,pohang,event,1,/home/ted1204/MS_Detection_Datamaker/MS_datamaker_PH/data/event/1khz_50ns_20deci_2m_UTC_20190924_231430.000.tdms,1khz_50ns_20deci_2m_UTC_20190924_231430.000.tdms,1khz_50ns_20deci_2m_UTC_20190924_231430.000,18.0,20.0,243,648,1000.0,pohang_labels_2s.csv
343,pohang__1khz_50ns_20deci_2m_UTC_20190924_231430.000,pohang,pohang,pohang,event,1,/home/ted1204/MS_Detection_Datamaker/MS_datamaker_PH/data/event/1khz_50ns_20deci_2m_UTC_20190924_231430.000.tdms,1khz_50ns_20deci_2m_UTC_20190924_231430.000.tdms,1khz_50ns_20deci_2m_UTC_20190924_231430.000,19.0,21.0,243,648,1000.0,pohang_labels_2s.csv
344,pohang__1khz_50ns_20deci_2m_UTC_20190924_231430.000,pohang,pohang,pohang,event,1,/home/ted1204/MS_Detection_Datamaker/MS_datamaker_PH/data/event/1khz_50ns_20deci_2m_UTC_20190924_231430.000.tdms,1khz_50ns_20deci_2m_UTC_20190924_231430.000.tdms,1khz_50ns_20deci_2m_UTC_20190924_231430.000,20.0,22.0,243,648,1000.0,pohang_labels_2s.csv
345,pohang__1khz_50ns_20deci_2m_UTC_20190924_231430.000,pohang,pohang,pohang,event,1,/home/ted1204/MS_Detection_Datamaker/MS_datamaker_PH/data/event/1khz_50ns_20deci_2m_UTC_20190924_231430.000.tdms,1khz_50ns_20deci_2m_UTC_20190924_231430.000.tdms,1khz_50ns_20deci_2m_UTC_20190924_231430.000,21.0,23.0,243,648,1000.0,pohang_labels_2s.csv
346,pohang__1khz_50ns_20deci_2m_UTC_20190924_231430.000,pohang,pohang,pohang,event,1,/home/ted1204/MS_Detection_Datamaker/MS_datamaker_PH/data/event/1khz_50ns_20deci_2m_UTC_20190924_231430.000.tdms,1khz_50ns_20deci_2m_UTC_20190924_231430.000.tdms,1khz_50ns_20deci_2m_UTC_20190924_231430.000,22.0,24.0,243,648,1000.0,pohang_labels_2s.csv
347,pohang__1khz_50ns_20deci_2m_UTC_20190924_231430.000,pohang,pohang,pohang,event,1,/home/ted1204/MS_Detection_Datamaker/MS_datamaker_PH/data/event/1khz_50ns_20deci_2m_UTC_20190924_231430.000.tdms,1khz_50ns_20deci_2m_UTC_20190924_231430.000.tdms,1khz_50ns_20deci_2m_UTC_20190924_231430.000,23.0,25.0,243,648,1000.0,pohang_labels_2s.csv
348,pohang__1khz_50ns_20deci_2m_UTC_20190924_231430.000,pohang,pohang,pohang,event,1,/home/ted1204/MS_Detection_Datamaker/MS_datamaker_PH/data/event/1khz_50ns_20deci_2m_UTC_20190924_231430.000.tdms,1khz_50ns_20deci_2m_UTC_20190924_231430.000.tdms,1khz_50ns_20deci_2m_UTC_20190924_231430.000,24.0,26.0,243,648,1000.0,pohang_labels_2s.csv
349,pohang__1khz_50ns_20deci_2m_UTC_20190924_231430.000,pohang,pohang,pohang,event,1,/home/ted1204/MS_Detection_Datamaker/MS_datamaker_PH/data/event/1khz_50ns_20deci_2m_UTC_20190924_231430.000.tdms,1khz_50ns_20deci_2m_UTC_20190924_231430.000.tdms,1khz_50ns_20deci_2m_UTC_20190924_231430.000,25.0,27.0,243,648,1000.0,pohang_labels_2s.csv
350,pohang__1khz_50ns_20deci_2m_UTC_20190924_231430.000,pohang,pohang,pohang,event,1,/home/ted1204/MS_Detection_Datamaker/MS_datamaker_PH/data/event/1khz_50ns_20deci_2m_UTC_20190924_231430.000.tdms,1khz_50ns_20deci_2m_UTC_20190924_231430.000.tdms,1khz_50ns_20deci_2m_UTC_20190924_231430.000,26.0,28.0,243,648,1000.0,pohang_labels_2s.csv
351,pohang__1khz_50ns_20deci_2m_UTC_20190924_231430.000,pohang,pohang,pohang,event,1,/home/ted1204/MS_Detection_Datamaker/MS_datamaker_PH/data/event/1khz_50ns_20deci_2m_UTC_20190924_231430.000.tdms,1khz_50ns_20deci_2m_UTC_20190924_231430.000.tdms,1khz_50ns_20deci_2m_UTC_20190924_231430.000,27.0,29.0,243,648,1000.0,pohang_labels_2s.csv
352,pohang__1khz_50ns_20deci_2m_UTC_20190924_231430.000,pohang,pohang,pohang,event,1,/home/ted1204/MS_Detection_Datamaker/MS_datamaker_PH/data/event/1khz_50ns_20deci_2m_UTC_20190924_231430.000.tdms,1khz_50ns_20deci_2m_UTC_20190924_231430.000.tdms,1khz_50ns_20deci_2m_UTC_20190924_231430.000,28.0,30.0,243,648,1000.0,pohang_labels_2s.csv
353,pohang__1khz_50ns_20deci_2m_UTC_20190925_014730.000,pohang,pohang,pohang,event,1,/home/ted1204/MS_Detection_Datamaker/MS_datamaker_PH/data/event/1khz_50ns_20deci_2m_UTC_20190925_014730.000.tdms,1khz_50ns_20deci_2m_UTC_20190925_014730.000.tdms,1khz_50ns_20deci_2m_UTC_20190925_014730.000,24.0,26.0,243,648,1000.0,pohang_labels_2s.csv
354,pohang__1khz_50ns_20deci_2m_UTC_20190925_014730.000,pohang,pohang,pohang,event,1,/home/ted1204/MS_Detection_Datamaker/MS_datamaker_PH/data/event/1khz_50ns_20deci_2m_UTC_20190925_014730.000.tdms,1khz_50ns_20deci_2m_UTC_20190925_014730.000.tdms,1khz_50ns_20deci_2m_UTC_20190925_014730.000,25.0,27.0,243,648,1000.0,pohang_labels_2s.csv
355,pohang__1khz_50ns_20deci_2m_UTC_20190925_014730.000,pohang,pohang,pohang,event,1,/home/ted1204/MS_Detection_Datamaker/MS_datamaker_PH/data/event/1khz_50ns_20deci_2m_UTC_20190925_014730.000.tdms,1khz_50ns_20deci_2m_UTC_20190925_014730.000.tdms,1khz_50ns_20deci_2m_UTC_20190925_014730.000,26.0,28.0,243,648,1000.0,pohang_labels_2s.csv
356,pohang__1khz_50ns_20deci_2m_UTC_20190925_014730.000,pohang,pohang,pohang,event,1,/home/ted1204/MS_Detection_Datamaker/MS_datamaker_PH/data/event/1khz_50ns_20deci_2m_UTC_20190925_014730.000.tdms,1khz_50ns_20deci_2m_UTC_20190925_014730.000.tdms,1khz_50ns_20deci_2m_UTC_20190925_014730.000,27.0,29.0,243,648,1000.0,pohang_labels_2s.csv
357,pohang__1khz_50ns_20deci_2m_UTC_20190925_014730.000,pohang,pohang,pohang,event,1,/home/ted1204/MS_Detection_Datamaker/MS_datamaker_PH/data/event/1khz_50ns_20deci_2m_UTC_20190925_014730.000.tdms,1khz_50ns_20deci_2m_UTC_20190925_014730.000.tdms,1khz_50ns_20deci_2m_UTC_20190925_014730.000,28.0,30.0,243,648,1000.0,pohang_labels_2s.csv
358,pohang__1khz_50ns_20deci_2m_UTC_20190925_175730.000,pohang,pohang,pohang,event,1,/home/ted1204/MS_Detection_Datamaker/MS_datamaker_PH/data/event/1khz_50ns_20deci_2m_UTC_20190925_175730.000.tdms,1khz_50ns_20deci_2m_UTC_20190925_175730.000.tdms,1khz_50ns_20deci_2m_UTC_20190925_175730.000,4.0,6.0,243,648,1000.0,pohang_labels_2s.csv
359,pohang__1khz_50ns_20deci_2m_UTC_20190925_175730.000,pohang,pohang,pohang,event,1,/home/ted1204/MS_Detection_Datamaker/MS_datamaker_PH/data/event/1khz_50ns_20deci_2m_UTC_20190925_175730.000.tdms,1khz_50ns_20deci_2m_UTC_20190925_175730.000.tdms,1khz_50ns_20deci_2m_UTC_20190925_175730.000,5.0,7.0,243,648,1000.0,pohang_labels_2s.csv
360,pohang__1khz_50ns_20deci_2m_UTC_20190925_175730.000,pohang,pohang,pohang,event,1,/home/ted1204/MS_Detection_Datamaker/MS_datamaker_PH/data/event/1khz_50ns_20deci_2m_UTC_20190925_175730.000.tdms,1khz_50ns_20deci_2m_UTC_20190925_175730.000.tdms,1khz_50ns_20deci_2m_UTC_20190925_175730.000,6.0,8.0,243,648,1000.0,pohang_labels_2s.csv
361,pohang__1khz_50ns_20deci_2m_UTC_20190925_175730.000,pohang,pohang,pohang,event,1,/home/ted1204/MS_Detection_Datamaker/MS_datamaker_PH/data/event/1khz_50ns_20deci_2m_UTC_20190925_175730.000.tdms,1khz_50ns_20deci_2m_UTC_20190925_175730.000.tdms,1khz_50ns_20deci_2m_UTC_20190925_175730.000,7.0,9.0,243,648,1000.0,pohang_labels_2s.csv
362,pohang__1khz_50ns_20deci_2m_UTC_20190925_175730.000,pohang,pohang,pohang,event,1,/home/ted1204/MS_Detection_Datamaker/MS_datamaker_PH/data/event/1khz_50ns_20deci_2m_UTC_20190925_175730.000.tdms,1khz_50ns_20deci_2m_UTC_20190925_175730.000.tdms,1khz_50ns_20deci_2m_UTC_20190925_175730.000,8.0,10.0,243,648,1000.0,pohang_labels_2s.csv
363,pohang__1khz_50ns_20deci_2m_UTC_20190925_175730.000,pohang,pohang,pohang,event,1,/home/ted1204/MS_Detection_Datamaker/MS_datamaker_PH/data/event/1khz_50ns_20deci_2m_UTC_20190925_175730.000.tdms,1khz_50ns_20deci_2m_UTC_20190925_175730.000.tdms,1khz_50ns_20deci_2m_UTC_20190925_175730.000,9.0,11.0,243,648,1000.0,pohang_labels_2s.csv
364,pohang__1khz_50ns_20deci_2m_UTC_20190925_175730.000,pohang,pohang,pohang,event,1,/home/ted1204/MS_Detection_Datamaker/MS_datamaker_PH/data/event/1khz_50ns_20deci_2m_UTC_20190925_175730.000.tdms,1khz_50ns_20deci_2m_UTC_20190925_175730.000.tdms,1khz_50ns_20deci_2m_UTC_20190925_175730.000,10.0,12.0,243,648,1000.0,pohang_labels_2s.csv
365,pohang__1khz_50ns_20deci_2m_UTC_20190925_175730.000,pohang,pohang,pohang,event,1,/home/ted1204/MS_Detection_Datamaker/MS_datamaker_PH/data/event/1khz_50ns_20deci_2m_UTC_20190925_175730.000.tdms,1khz_50ns_20deci_2m_UTC_20190925_175730.000.tdms,1khz_50ns_20deci_2m_UTC_20190925_175730.000,11.0,13.0,243,648,1000.0,pohang_labels_2s.csv
366,pohang__1khz_50ns_20deci_2m_UTC_20190925_175730.000,pohang,pohang,pohang,event,1,/home/ted1204/MS_Detection_Datamaker/MS_datamaker_PH/data/event/1khz_50ns_20deci_2m_UTC_20190925_175730.000.tdms,1khz_50ns_20deci_2m_UTC_20190925_175730.000.tdms,1khz_50ns_20deci_2m_UTC_20190925_175730.000,12.0,14.0,243,648,1000.0,pohang_labels_2s.csv
367,pohang__1khz_50ns_20deci_2m_UTC_20190925_175730.000,pohang,pohang,pohang,event,1,/home/ted1204/MS_Detection_Datamaker/MS_datamaker_PH/data/event/1khz_50ns_20deci_2m_UTC_20190925_175730.000.tdms,1khz_50ns_20deci_2m_UTC_20190925_175730.000.tdms,1khz_50ns_20deci_2m_UTC_20190925_175730.000,13.0,15.0,243,648,1000.0,pohang_labels_2s.csv
368,pohang__1khz_50ns_20deci_2m_UTC_20190925_175730.000,pohang,pohang,pohang,event,1,/home/ted1204/MS_Detection_Datamaker/MS_datamaker_PH/data/event/1khz_50ns_20deci_2m_UTC_20190925_175730.000.tdms,1khz_50ns_20deci_2m_UTC_20190925_175730.000.tdms,1khz_50ns_20deci_2m_UTC_20190925_175730.000,14.0,16.0,243,648,1000.0,pohang_labels_2s.csv
369,pohang__1khz_50ns_20deci_2m_UTC_20190925_175730.000,pohang,pohang,pohang,event,1,/home/ted1204/MS_Detection_Datamaker/MS_datamaker_PH/data/event/1khz_50ns_20deci_2m_UTC_20190925_175730.000.tdms,1khz_50ns_20deci_2m_UTC_20190925_175730.000.tdms,1khz_50ns_20deci_2m_UTC_20190925_175730.000,15.0,17.0,243,648,1000.0,pohang_labels_2s.csv
370,pohang__1khz_50ns_20deci_2m_UTC_20190925_175730.000,pohang,pohang,pohang,event,1,/home/ted1204/MS_Detection_Datamaker/MS_datamaker_PH/data/event/1khz_50ns_20deci_2m_UTC_20190925_175730.000.tdms,1khz_50ns_20deci_2m_UTC_20190925_175730.000.tdms,1khz_50ns_20deci_2m_UTC_20190925_175730.000,16.0,18.0,243,648,1000.0,pohang_labels_2s.csv
371,pohang__1khz_50ns_20deci_2m_UTC_20190925_175730.000,pohang,pohang,pohang,event,1,/home/ted1204/MS_Detection_Datamaker/MS_datamaker_PH/data/event/1khz_50ns_20deci_2m_UTC_20190925_175730.000.tdms,1khz_50ns_20deci_2m_UTC_20190925_175730.000.tdms,1khz_50ns_20deci_2m_UTC_20190925_175730.000,17.0,19.0,243,648,1000.0,pohang_labels_2s.csv
372,pohang__1khz_50ns_20deci_2m_UTC_20190925_175730.000,pohang,pohang,pohang,event,1,/home/ted1204/MS_Detection_Datamaker/MS_datamaker_PH/data/event/1khz_50ns_20deci_2m_UTC_20190925_175730.000.tdms,1khz_50ns_20deci_2m_UTC_20190925_175730.000.tdms,1khz_50ns_20deci_2m_UTC_20190925_175730.000,18.0,20.0,243,648,1000.0,pohang_labels_2s.csv
373,pohang__1khz_50ns_20deci_2m_UTC_20190925_175730.000,pohang,pohang,pohang,event,1,/home/ted1204/MS_Detection_Datamaker/MS_datamaker_PH/data/event/1khz_50ns_20deci_2m_UTC_20190925_175730.000.tdms,1khz_50ns_20deci_2m_UTC_20190925_175730.000.tdms,1khz_50ns_20deci_2m_UTC_20190925_175730.000,19.0,21.0,243,648,1000.0,pohang_labels_2s.csv
374,pohang__1khz_50ns_20deci_2m_UTC_20190925_175730.000,pohang,pohang,pohang,event,1,/home/ted1204/MS_Detection_Datamaker/MS_datamaker_PH/data/event/1khz_50ns_20deci_2m_UTC_20190925_175730.000.tdms,1khz_50ns_20deci_2m_UTC_20190925_175730.000.tdms,1khz_50ns_20deci_2m_UTC_20190925_175730.000,20.0,22.0,243,648,1000.0,pohang_labels_2s.csv
375,pohang__1khz_50ns_20deci_2m_UTC_20190925_175730.000,pohang,pohang,pohang,event,1,/home/ted1204/MS_Detection_Datamaker/MS_datamaker_PH/data/event/1khz_50ns_20deci_2m_UTC_20190925_175730.000.tdms,1khz_50ns_20deci_2m_UTC_20190925_175730.000.tdms,1khz_50ns_20deci_2m_UTC_20190925_175730.000,21.0,23.0,243,648,1000.0,pohang_labels_2s.csv
376,pohang__1khz_50ns_20deci_2m_UTC_20190925_175730.000,pohang,pohang,pohang,event,1,/home/ted1204/MS_Detection_Datamaker/MS_datamaker_PH/data/event/1khz_50ns_20deci_2m_UTC_20190925_175730.000.tdms,1khz_50ns_20deci_2m_UTC_20190925_175730.000.tdms,1khz_50ns_20deci_2m_UTC_20190925_175730.000,22.0,24.0,243,648,1000.0,pohang_labels_2s.csv
377,pohang__1khz_50ns_20deci_2m_UTC_20190925_175730.000,pohang,pohang,pohang,event,1,/home/ted1204/MS_Detection_Datamaker/MS_datamaker_PH/data/event/1khz_50ns_20deci_2m_UTC_20190925_175730.000.tdms,1khz_50ns_20deci_2m_UTC_20190925_175730.000.tdms,1khz_50ns_20deci_2m_UTC_20190925_175730.000,23.0,25.0,243,648,1000.0,pohang_labels_2s.csv
378,pohang__1khz_50ns_20deci_2m_UTC_20190925_175730.000,pohang,pohang,pohang,event,1,/home/ted1204/MS_Detection_Datamaker/MS_datamaker_PH/data/event/1khz_50ns_20deci_2m_UTC_20190925_175730.000.tdms,1khz_50ns_20deci_2m_UTC_20190925_175730.000.tdms,1khz_50ns_20deci_2m_UTC_20190925_175730.000,24.0,26.0,243,648,1000.0,pohang_labels_2s.csv
379,pohang__1khz_50ns_20deci_2m_UTC_20190925_175730.000,pohang,pohang,pohang,event,1,/home/ted1204/MS_Detection_Datamaker/MS_datamaker_PH/data/event/1khz_50ns_20deci_2m_UTC_20190925_175730.000.tdms,1khz_50ns_20deci_2m_UTC_20190925_175730.000.tdms,1khz_50ns_20deci_2m_UTC_20190925_175730.000,25.0,27.0,243,648,1000.0,pohang_labels_2s.csv
380,pohang__1khz_50ns_20deci_2m_UTC_20190925_175730.000,pohang,pohang,pohang,event,1,/home/ted1204/MS_Detection_Datamaker/MS_datamaker_PH/data/event/1khz_50ns_20deci_2m_UTC_20190925_175730.000.tdms,1khz_50ns_20deci_2m_UTC_20190925_175730.000.tdms,1khz_50ns_20deci_2m_UTC_20190925_175730.000,26.0,28.0,243,648,1000.0,pohang_labels_2s.csv
381,pohang__1khz_50ns_20deci_2m_UTC_20190925_175730.000,pohang,pohang,pohang,event,1,/home/ted1204/MS_Detection_Datamaker/MS_datamaker_PH/data/event/1khz_50ns_20deci_2m_UTC_20190925_175730.000.tdms,1khz_50ns_20deci_2m_UTC_20190925_175730.000.tdms,1khz_50ns_20deci_2m_UTC_20190925_175730.000,27.0,29.0,243,648,1000.0,pohang_labels_2s.csv
382,pohang__1khz_50ns_20deci_2m_UTC_20190925_175730.000,pohang,pohang,pohang,event,1,/home/ted1204/MS_Detection_Datamaker/MS_datamaker_PH/data/event/1khz_50ns_20deci_2m_UTC_20190925_175730.000.tdms,1khz_50ns_20deci_2m_UTC_20190925_175730.000.tdms,1khz_50ns_20deci_2m_UTC_20190925_175730.000,28.0,30.0,243,648,1000.0,pohang_labels_2s.csv
