segment_id,group_id,dataset_id,site,view,data_type,label,file_path,file_name,file_stem,start_sec,end_sec,ch_start,ch_end,original_fs
0,pohang__1khz_50ns_20deci_2m_UTC+0900_DST0_20190524_055159.387,pohang,pohang,pohang,noise,0,/home/ted1204/MS_Detection_Datamaker/MS_datamaker_PH/data/noise/1khz_50ns_20deci_2m_UTC+0900_DST0_20190524_055159.387.tdms,1khz_50ns_20deci_2m_UTC+0900_DST0_20190524_055159.387.tdms,1khz_50ns_20deci_2m_UTC+0900_DST0_20190524_055159.387,2.0,4.0,243,648,1000.0
1,pohang__1khz_50ns_20deci_2m_UTC+0900_DST0_20190524_055159.387,pohang,pohang,pohang,noise,0,/home/ted1204/MS_Detection_Datamaker/MS_datamaker_PH/data/noise/1khz_50ns_20deci_2m_UTC+0900_DST0_20190524_055159.387.tdms,1khz_50ns_20deci_2m_UTC+0900_DST0_20190524_055159.387.tdms,1khz_50ns_20deci_2m_UTC+0900_DST0_20190524_055159.387,3.0,5.0,243,648,1000.0
2,pohang__1khz_50ns_20deci_2m_UTC+0900_DST0_20190524_055159.387,pohang,pohang,pohang,noise,0,/home/ted1204/MS_Detection_Datamaker/MS_datamaker_PH/data/noise/1khz_50ns_20deci_2m_UTC+0900_DST0_20190524_055159.387.tdms,1khz_50ns_20deci_2m_UTC+0900_DST0_20190524_055159.387.tdms,1khz_50ns_20deci_2m_UTC+0900_DST0_20190524_055159.387,4.0,6.0,243,648,1000.0
3,pohang__1khz_50ns_20deci_2m_UTC+0900_DST0_20190524_055159.387,pohang,pohang,pohang,noise,0,/home/ted1204/MS_Detection_Datamaker/MS_datamaker_PH/data/noise/1khz_50ns_20deci_2m_UTC+0900_DST0_20190524_055159.387.tdms,1khz_50ns_20deci_2m_UTC+0900_DST0_20190524_055159.387.tdms,1khz_50ns_20deci_2m_UTC+0900_DST0_20190524_055159.387,11.0,13.0,243,648,1000.0
4,pohang__1khz_50ns_20deci_2m_UTC+0900_DST0_20190524_055159.387,pohang,pohang,pohang,noise,0,/home/ted1204/MS_Detection_Datamaker/MS_datamaker_PH/data/noise/1khz_50ns_20deci_2m_UTC+0900_DST0_20190524_055159.387.tdms,1khz_50ns_20deci_2m_UTC+0900_DST0_20190524_055159.387.tdms,1khz_50ns_20deci_2m_UTC+0900_DST0_20190524_055159.387,12.0,14.0,243,648,1000.0
5,pohang__1khz_50ns_20deci_2m_UTC+0900_DST0_20190524_055159.387,pohang,pohang,pohang,noise,0,/home/ted1204/MS_Detection_Datamaker/MS_datamaker_PH/data/noise/1khz_50ns_20deci_2m_UTC+0900_DST0_20190524_055159.387.tdms,1khz_50ns_20deci_2m_UTC+0900_DST0_20190524_055159.387.tdms,1khz_50ns_20deci_2m_UTC+0900_DST0_20190524_055159.387,18.0,20.0,243,648,1000.0
6,pohang__1khz_50ns_20deci_2m_UTC+0900_DST0_20190524_055159.387,pohang,pohang,pohang,noise,0,/home/ted1204/MS_Detection_Datamaker/MS_datamaker_PH/data/noise/1khz_50ns_20deci_2m_UTC+0900_DST0_20190524_055159.387.tdms,1khz_50ns_20deci_2m_UTC+0900_DST0_20190524_055159.387.tdms,1khz_50ns_20deci_2m_UTC+0900_DST0_20190524_055159.387,23.0,25.0,243,648,1000.0
7,pohang__1khz_50ns_20deci_2m_UTC+0900_DST0_20190524_055159.387,pohang,pohang,pohang,noise,0,/home/ted1204/MS_Detection_Datamaker/MS_datamaker_PH/data/noise/1khz_50ns_20deci_2m_UTC+0900_DST0_20190524_055159.387.tdms,1khz_50ns_20deci_2m_UTC+0900_DST0_20190524_055159.387.tdms,1khz_50ns_20deci_2m_UTC+0900_DST0_20190524_055159.387,29.0,31.0,243,648,1000.0
8,pohang__1khz_50ns_20deci_2m_UTC+0900_DST0_20190524_055159.387,pohang,pohang,pohang,noise,0,/home/ted1204/MS_Detection_Datamaker/MS_datamaker_PH/data/noise/1khz_50ns_20deci_2m_UTC+0900_DST0_20190524_055159.387.tdms,1khz_50ns_20deci_2m_UTC+0900_DST0_20190524_055159.387.tdms,1khz_50ns_20deci_2m_UTC+0900_DST0_20190524_055159.387,36.0,38.0,243,648,1000.0
9,pohang__1khz_50ns_20deci_2m_UTC+0900_DST0_20190524_055159.387,pohang,pohang,pohang,noise,0,/home/ted1204/MS_Detection_Datamaker/MS_datamaker_PH/data/noise/1khz_50ns_20deci_2m_UTC+0900_DST0_20190524_055159.387.tdms,1khz_50ns_20deci_2m_UTC+0900_DST0_20190524_055159.387.tdms,1khz_50ns_20deci_2m_UTC+0900_DST0_20190524_055159.387,39.0,41.0,243,648,1000.0
10,pohang__1khz_50ns_20deci_2m_UTC+0900_DST0_20190524_055159.387,pohang,pohang,pohang,noise,0,/home/ted1204/MS_Detection_Datamaker/MS_datamaker_PH/data/noise/1khz_50ns_20deci_2m_UTC+0900_DST0_20190524_055159.387.tdms,1khz_50ns_20deci_2m_UTC+0900_DST0_20190524_055159.387.tdms,1khz_50ns_20deci_2m_UTC+0900_DST0_20190524_055159.387,44.0,46.0,243,648,1000.0
11,pohang__1khz_50ns_20deci_2m_UTC+0900_DST0_20190524_055159.387,pohang,pohang,pohang,noise,0,/home/ted1204/MS_Detection_Datamaker/MS_datamaker_PH/data/noise/1khz_50ns_20deci_2m_UTC+0900_DST0_20190524_055159.387.tdms,1khz_50ns_20deci_2m_UTC+0900_DST0_20190524_055159.387.tdms,1khz_50ns_20deci_2m_UTC+0900_DST0_20190524_055159.387,51.0,53.0,243,648,1000.0
12,pohang__1khz_50ns_20deci_2m_UTC+0900_DST0_20190524_055159.387,pohang,pohang,pohang,noise,0,/home/ted1204/MS_Detection_Datamaker/MS_datamaker_PH/data/noise/1khz_50ns_20deci_2m_UTC+0900_DST0_20190524_055159.387.tdms,1khz_50ns_20deci_2m_UTC+0900_DST0_20190524_055159.387.tdms,1khz_50ns_20deci_2m_UTC+0900_DST0_20190524_055159.387,54.0,56.0,243,648,1000.0
13,pohang__1khz_50ns_20deci_2m_UTC+0900_DST0_20190524_055159.387,pohang,pohang,pohang,noise,0,/home/ted1204/MS_Detection_Datamaker/MS_datamaker_PH/data/noise/1khz_50ns_20deci_2m_UTC+0900_DST0_20190524_055159.387.tdms,1khz_50ns_20deci_2m_UTC+0900_DST0_20190524_055159.387.tdms,1khz_50ns_20deci_2m_UTC+0900_DST0_20190524_055159.387,55.0,57.0,243,648,1000.0
14,pohang__1khz_50ns_20deci_2m_UTC+0900_DST0_20190524_055159.387,pohang,pohang,pohang,noise,0,/home/ted1204/MS_Detection_Datamaker/MS_datamaker_PH/data/noise/1khz_50ns_20deci_2m_UTC+0900_DST0_20190524_055159.387.tdms,1khz_50ns_20deci_2m_UTC+0900_DST0_20190524_055159.387.tdms,1khz_50ns_20deci_2m_UTC+0900_DST0_20190524_055159.387,56.0,58.0,243,648,1000.0
15,pohang__1khz_50ns_20deci_2m_UTC+0900_DST0_20190530_075359.387,pohang,pohang,pohang,noise,0,/home/ted1204/MS_Detection_Datamaker/MS_datamaker_PH/data/noise/1khz_50ns_20deci_2m_UTC+0900_DST0_20190530_075359.387.tdms,1khz_50ns_20deci_2m_UTC+0900_DST0_20190530_075359.387.tdms,1khz_50ns_20deci_2m_UTC+0900_DST0_20190530_075359.387,0.0,2.0,243,648,1000.0
16,pohang__1khz_50ns_20deci_2m_UTC+0900_DST0_20190530_075359.387,pohang,pohang,pohang,noise,0,/home/ted1204/MS_Detection_Datamaker/MS_datamaker_PH/data/noise/1khz_50ns_20deci_2m_UTC+0900_DST0_20190530_075359.387.tdms,1khz_50ns_20deci_2m_UTC+0900_DST0_20190530_075359.387.tdms,1khz_50ns_20deci_2m_UTC+0900_DST0_20190530_075359.387,3.0,5.0,243,648,1000.0
17,pohang__1khz_50ns_20deci_2m_UTC+0900_DST0_20190530_075359.387,pohang,pohang,pohang,noise,0,/home/ted1204/MS_Detection_Datamaker/MS_datamaker_PH/data/noise/1khz_50ns_20deci_2m_UTC+0900_DST0_20190530_075359.387.tdms,1khz_50ns_20deci_2m_UTC+0900_DST0_20190530_075359.387.tdms,1khz_50ns_20deci_2m_UTC+0900_DST0_20190530_075359.387,6.0,8.0,243,648,1000.0
18,pohang__1khz_50ns_20deci_2m_UTC+0900_DST0_20190530_075359.387,pohang,pohang,pohang,noise,0,/home/ted1204/MS_Detection_Datamaker/MS_datamaker_PH/data/noise/1khz_50ns_20deci_2m_UTC+0900_DST0_20190530_075359.387.tdms,1khz_50ns_20deci_2m_UTC+0900_DST0_20190530_075359.387.tdms,1khz_50ns_20deci_2m_UTC+0900_DST0_20190530_075359.387,7.0,9.0,243,648,1000.0
19,pohang__1khz_50ns_20deci_2m_UTC+0900_DST0_20190530_075359.387,pohang,pohang,pohang,noise,0,/home/ted1204/MS_Detection_Datamaker/MS_datamaker_PH/data/noise/1khz_50ns_20deci_2m_UTC+0900_DST0_20190530_075359.387.tdms,1khz_50ns_20deci_2m_UTC+0900_DST0_20190530_075359.387.tdms,1khz_50ns_20deci_2m_UTC+0900_DST0_20190530_075359.387,14.0,16.0,243,648,1000.0
20,pohang__1khz_50ns_20deci_2m_UTC+0900_DST0_20190530_075359.387,pohang,pohang,pohang,noise,0,/home/ted1204/MS_Detection_Datamaker/MS_datamaker_PH/data/noise/1khz_50ns_20deci_2m_UTC+0900_DST0_20190530_075359.387.tdms,1khz_50ns_20deci_2m_UTC+0900_DST0_20190530_075359.387.tdms,1khz_50ns_20deci_2m_UTC+0900_DST0_20190530_075359.387,15.0,17.0,243,648,1000.0
21,pohang__1khz_50ns_20deci_2m_UTC+0900_DST0_20190530_075359.387,pohang,pohang,pohang,noise,0,/home/ted1204/MS_Detection_Datamaker/MS_datamaker_PH/data/noise/1khz_50ns_20deci_2m_UTC+0900_DST0_20190530_075359.387.tdms,1khz_50ns_20deci_2m_UTC+0900_DST0_20190530_075359.387.tdms,1khz_50ns_20deci_2m_UTC+0900_DST0_20190530_075359.387,16.0,18.0,243,648,1000.0
22,pohang__1khz_50ns_20deci_2m_UTC+0900_DST0_20190530_075359.387,pohang,pohang,pohang,noise,0,/home/ted1204/MS_Detection_Datamaker/MS_datamaker_PH/data/noise/1khz_50ns_20deci_2m_UTC+0900_DST0_20190530_075359.387.tdms,1khz_50ns_20deci_2m_UTC+0900_DST0_20190530_075359.387.tdms,1khz_50ns_20deci_2m_UTC+0900_DST0_20190530_075359.387,17.0,19.0,243,648,1000.0
23,pohang__1khz_50ns_20deci_2m_UTC+0900_DST0_20190530_075359.387,pohang,pohang,pohang,noise,0,/home/ted1204/MS_Detection_Datamaker/MS_datamaker_PH/data/noise/1khz_50ns_20deci_2m_UTC+0900_DST0_20190530_075359.387.tdms,1khz_50ns_20deci_2m_UTC+0900_DST0_20190530_075359.387.tdms,1khz_50ns_20deci_2m_UTC+0900_DST0_20190530_075359.387,20.0,22.0,243,648,1000.0
24,pohang__1khz_50ns_20deci_2m_UTC+0900_DST0_20190530_075359.387,pohang,pohang,pohang,noise,0,/home/ted1204/MS_Detection_Datamaker/MS_datamaker_PH/data/noise/1khz_50ns_20deci_2m_UTC+0900_DST0_20190530_075359.387.tdms,1khz_50ns_20deci_2m_UTC+0900_DST0_20190530_075359.387.tdms,1khz_50ns_20deci_2m_UTC+0900_DST0_20190530_075359.387,23.0,25.0,243,648,1000.0
25,pohang__1khz_50ns_20deci_2m_UTC+0900_DST0_20190530_075359.387,pohang,pohang,pohang,noise,0,/home/ted1204/MS_Detection_Datamaker/MS_datamaker_PH/data/noise/1khz_50ns_20deci_2m_UTC+0900_DST0_20190530_075359.387.tdms,1khz_50ns_20deci_2m_UTC+0900_DST0_20190530_075359.387.tdms,1khz_50ns_20deci_2m_UTC+0900_DST0_20190530_075359.387,39.0,41.0,243,648,1000.0
26,pohang__1khz_50ns_20deci_2m_UTC+0900_DST0_20190530_075359.387,pohang,pohang,pohang,noise,0,/home/ted1204/MS_Detection_Datamaker/MS_datamaker_PH/data/noise/1khz_50ns_20deci_2m_UTC+0900_DST0_20190530_075359.387.tdms,1khz_50ns_20deci_2m_UTC+0900_DST0_20190530_075359.387.tdms,1khz_50ns_20deci_2m_UTC+0900_DST0_20190530_075359.387,46.0,48.0,243,648,1000.0
27,pohang__1khz_50ns_20deci_2m_UTC+0900_DST0_20190530_075359.387,pohang,pohang,pohang,noise,0,/home/ted1204/MS_Detection_Datamaker/MS_datamaker_PH/data/noise/1khz_50ns_20deci_2m_UTC+0900_DST0_20190530_075359.387.tdms,1khz_50ns_20deci_2m_UTC+0900_DST0_20190530_075359.387.tdms,1khz_50ns_20deci_2m_UTC+0900_DST0_20190530_075359.387,51.0,53.0,243,648,1000.0
28,pohang__1khz_50ns_20deci_2m_UTC+0900_DST0_20190530_075359.387,pohang,pohang,pohang,noise,0,/home/ted1204/MS_Detection_Datamaker/MS_datamaker_PH/data/noise/1khz_50ns_20deci_2m_UTC+0900_DST0_20190530_075359.387.tdms,1khz_50ns_20deci_2m_UTC+0900_DST0_20190530_075359.387.tdms,1khz_50ns_20deci_2m_UTC+0900_DST0_20190530_075359.387,54.0,56.0,243,648,1000.0
29,pohang__1khz_50ns_20deci_2m_UTC+0900_DST0_20190530_075359.387,pohang,pohang,pohang,noise,0,/home/ted1204/MS_Detection_Datamaker/MS_datamaker_PH/data/noise/1khz_50ns_20deci_2m_UTC+0900_DST0_20190530_075359.387.tdms,1khz_50ns_20deci_2m_UTC+0900_DST0_20190530_075359.387.tdms,1khz_50ns_20deci_2m_UTC+0900_DST0_20190530_075359.387,56.0,58.0,243,648,1000.0
30,pohang__1khz_50ns_20deci_2m_UTC+0900_DST0_20190602_093059.387,pohang,pohang,pohang,noise,0,/home/ted1204/MS_Detection_Datamaker/MS_datamaker_PH/data/noise/1khz_50ns_20deci_2m_UTC+0900_DST0_20190602_093059.387.tdms,1khz_50ns_20deci_2m_UTC+0900_DST0_20190602_093059.387.tdms,1khz_50ns_20deci_2m_UTC+0900_DST0_20190602_093059.387,4.0,6.0,243,648,1000.0
31,pohang__1khz_50ns_20deci_2m_UTC+0900_DST0_20190602_093059.387,pohang,pohang,pohang,noise,0,/home/ted1204/MS_Detection_Datamaker/MS_datamaker_PH/data/noise/1khz_50ns_20deci_2m_UTC+0900_DST0_20190602_093059.387.tdms,1khz_50ns_20deci_2m_UTC+0900_DST0_20190602_093059.387.tdms,1khz_50ns_20deci_2m_UTC+0900_DST0_20190602_093059.387,8.0,10.0,243,648,1000.0
32,pohang__1khz_50ns_20deci_2m_UTC+0900_DST0_20190602_093059.387,pohang,pohang,pohang,noise,0,/home/ted1204/MS_Detection_Datamaker/MS_datamaker_PH/data/noise/1khz_50ns_20deci_2m_UTC+0900_DST0_20190602_093059.387.tdms,1khz_50ns_20deci_2m_UTC+0900_DST0_20190602_093059.387.tdms,1khz_50ns_20deci_2m_UTC+0900_DST0_20190602_093059.387,9.0,11.0,243,648,1000.0
33,pohang__1khz_50ns_20deci_2m_UTC+0900_DST0_20190602_093059.387,pohang,pohang,pohang,noise,0,/home/ted1204/MS_Detection_Datamaker/MS_datamaker_PH/data/noise/1khz_50ns_20deci_2m_UTC+0900_DST0_20190602_093059.387.tdms,1khz_50ns_20deci_2m_UTC+0900_DST0_20190602_093059.387.tdms,1khz_50ns_20deci_2m_UTC+0900_DST0_20190602_093059.387,16.0,18.0,243,648,1000.0
34,pohang__1khz_50ns_20deci_2m_UTC+0900_DST0_20190602_093059.387,pohang,pohang,pohang,noise,0,/home/ted1204/MS_Detection_Datamaker/MS_datamaker_PH/data/noise/1khz_50ns_20deci_2m_UTC+0900_DST0_20190602_093059.387.tdms,1khz_50ns_20deci_2m_UTC+0900_DST0_20190602_093059.387.tdms,1khz_50ns_20deci_2m_UTC+0900_DST0_20190602_093059.387,17.0,19.0,243,648,1000.0
35,pohang__1khz_50ns_20deci_2m_UTC+0900_DST0_20190602_093059.387,pohang,pohang,pohang,noise,0,/home/ted1204/MS_Detection_Datamaker/MS_datamaker_PH/data/noise/1khz_50ns_20deci_2m_UTC+0900_DST0_20190602_093059.387.tdms,1khz_50ns_20deci_2m_UTC+0900_DST0_20190602_093059.387.tdms,1khz_50ns_20deci_2m_UTC+0900_DST0_20190602_093059.387,23.0,25.0,243,648,1000.0
36,pohang__1khz_50ns_20deci_2m_UTC+0900_DST0_20190602_093059.387,pohang,pohang,pohang,noise,0,/home/ted1204/MS_Detection_Datamaker/MS_datamaker_PH/data/noise/1khz_50ns_20deci_2m_UTC+0900_DST0_20190602_093059.387.tdms,1khz_50ns_20deci_2m_UTC+0900_DST0_20190602_093059.387.tdms,1khz_50ns_20deci_2m_UTC+0900_DST0_20190602_093059.387,27.0,29.0,243,648,1000.0
37,pohang__1khz_50ns_20deci_2m_UTC+0900_DST0_20190602_093059.387,pohang,pohang,pohang,noise,0,/home/ted1204/MS_Detection_Datamaker/MS_datamaker_PH/data/noise/1khz_50ns_20deci_2m_UTC+0900_DST0_20190602_093059.387.tdms,1khz_50ns_20deci_2m_UTC+0900_DST0_20190602_093059.387.tdms,1khz_50ns_20deci_2m_UTC+0900_DST0_20190602_093059.387,28.0,30.0,243,648,1000.0
38,pohang__1khz_50ns_20deci_2m_UTC+0900_DST0_20190602_093059.387,pohang,pohang,pohang,noise,0,/home/ted1204/MS_Detection_Datamaker/MS_datamaker_PH/data/noise/1khz_50ns_20deci_2m_UTC+0900_DST0_20190602_093059.387.tdms,1khz_50ns_20deci_2m_UTC+0900_DST0_20190602_093059.387.tdms,1khz_50ns_20deci_2m_UTC+0900_DST0_20190602_093059.387,33.0,35.0,243,648,1000.0
39,pohang__1khz_50ns_20deci_2m_UTC+0900_DST0_20190602_093059.387,pohang,pohang,pohang,noise,0,/home/ted1204/MS_Detection_Datamaker/MS_datamaker_PH/data/noise/1khz_50ns_20deci_2m_UTC+0900_DST0_20190602_093059.387.tdms,1khz_50ns_20deci_2m_UTC+0900_DST0_20190602_093059.387.tdms,1khz_50ns_20deci_2m_UTC+0900_DST0_20190602_093059.387,39.0,41.0,243,648,1000.0
40,pohang__1khz_50ns_20deci_2m_UTC+0900_DST0_20190602_093059.387,pohang,pohang,pohang,noise,0,/home/ted1204/MS_Detection_Datamaker/MS_datamaker_PH/data/noise/1khz_50ns_20deci_2m_UTC+0900_DST0_20190602_093059.387.tdms,1khz_50ns_20deci_2m_UTC+0900_DST0_20190602_093059.387.tdms,1khz_50ns_20deci_2m_UTC+0900_DST0_20190602_093059.387,45.0,47.0,243,648,1000.0
41,pohang__1khz_50ns_20deci_2m_UTC+0900_DST0_20190602_093059.387,pohang,pohang,pohang,noise,0,/home/ted1204/MS_Detection_Datamaker/MS_datamaker_PH/data/noise/1khz_50ns_20deci_2m_UTC+0900_DST0_20190602_093059.387.tdms,1khz_50ns_20deci_2m_UTC+0900_DST0_20190602_093059.387.tdms,1khz_50ns_20deci_2m_UTC+0900_DST0_20190602_093059.387,49.0,51.0,243,648,1000.0
42,pohang__1khz_50ns_20deci_2m_UTC+0900_DST0_20190602_093059.387,pohang,pohang,pohang,noise,0,/home/ted1204/MS_Detection_Datamaker/MS_datamaker_PH/data/noise/1khz_50ns_20deci_2m_UTC+0900_DST0_20190602_093059.387.tdms,1khz_50ns_20deci_2m_UTC+0900_DST0_20190602_093059.387.tdms,1khz_50ns_20deci_2m_UTC+0900_DST0_20190602_093059.387,56.0,58.0,243,648,1000.0
43,pohang__1khz_50ns_20deci_2m_UTC+0900_DST0_20190602_093059.387,pohang,pohang,pohang,noise,0,/home/ted1204/MS_Detection_Datamaker/MS_datamaker_PH/data/noise/1khz_50ns_20deci_2m_UTC+0900_DST0_20190602_093059.387.tdms,1khz_50ns_20deci_2m_UTC+0900_DST0_20190602_093059.387.tdms,1khz_50ns_20deci_2m_UTC+0900_DST0_20190602_093059.387,57.0,59.0,243,648,1000.0
44,pohang__1khz_50ns_20deci_2m_UTC+0900_DST0_20190602_093059.387,pohang,pohang,pohang,noise,0,/home/ted1204/MS_Detection_Datamaker/MS_datamaker_PH/data/noise/1khz_50ns_20deci_2m_UTC+0900_DST0_20190602_093059.387.tdms,1khz_50ns_20deci_2m_UTC+0900_DST0_20190602_093059.387.tdms,1khz_50ns_20deci_2m_UTC+0900_DST0_20190602_093059.387,58.0,60.0,243,648,1000.0
45,pohang__1khz_50ns_20deci_2m_UTC+0900_DST0_20190602_100959.387,pohang,pohang,pohang,noise,0,/home/ted1204/MS_Detection_Datamaker/MS_datamaker_PH/data/noise/1khz_50ns_20deci_2m_UTC+0900_DST0_20190602_100959.387.tdms,1khz_50ns_20deci_2m_UTC+0900_DST0_20190602_100959.387.tdms,1khz_50ns_20deci_2m_UTC+0900_DST0_20190602_100959.387,5.0,7.0,243,648,1000.0
46,pohang__1khz_50ns_20deci_2m_UTC+0900_DST0_20190602_100959.387,pohang,pohang,pohang,noise,0,/home/ted1204/MS_Detection_Datamaker/MS_datamaker_PH/data/noise/1khz_50ns_20deci_2m_UTC+0900_DST0_20190602_100959.387.tdms,1khz_50ns_20deci_2m_UTC+0900_DST0_20190602_100959.387.tdms,1khz_50ns_20deci_2m_UTC+0900_DST0_20190602_100959.387,7.0,9.0,243,648,1000.0
47,pohang__1khz_50ns_20deci_2m_UTC+0900_DST0_20190602_100959.387,pohang,pohang,pohang,noise,0,/home/ted1204/MS_Detection_Datamaker/MS_datamaker_PH/data/noise/1khz_50ns_20deci_2m_UTC+0900_DST0_20190602_100959.387.tdms,1khz_50ns_20deci_2m_UTC+0900_DST0_20190602_100959.387.tdms,1khz_50ns_20deci_2m_UTC+0900_DST0_20190602_100959.387,13.0,15.0,243,648,1000.0
48,pohang__1khz_50ns_20deci_2m_UTC+0900_DST0_20190602_100959.387,pohang,pohang,pohang,noise,0,/home/ted1204/MS_Detection_Datamaker/MS_datamaker_PH/data/noise/1khz_50ns_20deci_2m_UTC+0900_DST0_20190602_100959.387.tdms,1khz_50ns_20deci_2m_UTC+0900_DST0_20190602_100959.387.tdms,1khz_50ns_20deci_2m_UTC+0900_DST0_20190602_100959.387,14.0,16.0,243,648,1000.0
49,pohang__1khz_50ns_20deci_2m_UTC+0900_DST0_20190602_100959.387,pohang,pohang,pohang,noise,0,/home/ted1204/MS_Detection_Datamaker/MS_datamaker_PH/data/noise/1khz_50ns_20deci_2m_UTC+0900_DST0_20190602_100959.387.tdms,1khz_50ns_20deci_2m_UTC+0900_DST0_20190602_100959.387.tdms,1khz_50ns_20deci_2m_UTC+0900_DST0_20190602_100959.387,18.0,20.0,243,648,1000.0
50,pohang__1khz_50ns_20deci_2m_UTC+0900_DST0_20190602_100959.387,pohang,pohang,pohang,noise,0,/home/ted1204/MS_Detection_Datamaker/MS_datamaker_PH/data/noise/1khz_50ns_20deci_2m_UTC+0900_DST0_20190602_100959.387.tdms,1khz_50ns_20deci_2m_UTC+0900_DST0_20190602_100959.387.tdms,1khz_50ns_20deci_2m_UTC+0900_DST0_20190602_100959.387,21.0,23.0,243,648,1000.0
51,pohang__1khz_50ns_20deci_2m_UTC+0900_DST0_20190602_100959.387,pohang,pohang,pohang,noise,0,/home/ted1204/MS_Detection_Datamaker/MS_datamaker_PH/data/noise/1khz_50ns_20deci_2m_UTC+0900_DST0_20190602_100959.387.tdms,1khz_50ns_20deci_2m_UTC+0900_DST0_20190602_100959.387.tdms,1khz_50ns_20deci_2m_UTC+0900_DST0_20190602_100959.387,25.0,27.0,243,648,1000.0
52,pohang__1khz_50ns_20deci_2m_UTC+0900_DST0_20190602_100959.387,pohang,pohang,pohang,noise,0,/home/ted1204/MS_Detection_Datamaker/MS_datamaker_PH/data/noise/1khz_50ns_20deci_2m_UTC+0900_DST0_20190602_100959.387.tdms,1khz_50ns_20deci_2m_UTC+0900_DST0_20190602_100959.387.tdms,1khz_50ns_20deci_2m_UTC+0900_DST0_20190602_100959.387,28.0,30.0,243,648,1000.0
53,pohang__1khz_50ns_20deci_2m_UTC+0900_DST0_20190602_100959.387,pohang,pohang,pohang,noise,0,/home/ted1204/MS_Detection_Datamaker/MS_datamaker_PH/data/noise/1khz_50ns_20deci_2m_UTC+0900_DST0_20190602_100959.387.tdms,1khz_50ns_20deci_2m_UTC+0900_DST0_20190602_100959.387.tdms,1khz_50ns_20deci_2m_UTC+0900_DST0_20190602_100959.387,29.0,31.0,243,648,1000.0
54,pohang__1khz_50ns_20deci_2m_UTC+0900_DST0_20190602_100959.387,pohang,pohang,pohang,noise,0,/home/ted1204/MS_Detection_Datamaker/MS_datamaker_PH/data/noise/1khz_50ns_20deci_2m_UTC+0900_DST0_20190602_100959.387.tdms,1khz_50ns_20deci_2m_UTC+0900_DST0_20190602_100959.387.tdms,1khz_50ns_20deci_2m_UTC+0900_DST0_20190602_100959.387,30.0,32.0,243,648,1000.0
55,pohang__1khz_50ns_20deci_2m_UTC+0900_DST0_20190602_100959.387,pohang,pohang,pohang,noise,0,/home/ted1204/MS_Detection_Datamaker/MS_datamaker_PH/data/noise/1khz_50ns_20deci_2m_UTC+0900_DST0_20190602_100959.387.tdms,1khz_50ns_20deci_2m_UTC+0900_DST0_20190602_100959.387.tdms,1khz_50ns_20deci_2m_UTC+0900_DST0_20190602_100959.387,33.0,35.0,243,648,1000.0
56,pohang__1khz_50ns_20deci_2m_UTC+0900_DST0_20190602_100959.387,pohang,pohang,pohang,noise,0,/home/ted1204/MS_Detection_Datamaker/MS_datamaker_PH/data/noise/1khz_50ns_20deci_2m_UTC+0900_DST0_20190602_100959.387.tdms,1khz_50ns_20deci_2m_UTC+0900_DST0_20190602_100959.387.tdms,1khz_50ns_20deci_2m_UTC+0900_DST0_20190602_100959.387,37.0,39.0,243,648,1000.0
57,pohang__1khz_50ns_20deci_2m_UTC+0900_DST0_20190602_100959.387,pohang,pohang,pohang,noise,0,/home/ted1204/MS_Detection_Datamaker/MS_datamaker_PH/data/noise/1khz_50ns_20deci_2m_UTC+0900_DST0_20190602_100959.387.tdms,1khz_50ns_20deci_2m_UTC+0900_DST0_20190602_100959.387.tdms,1khz_50ns_20deci_2m_UTC+0900_DST0_20190602_100959.387,46.0,48.0,243,648,1000.0
58,pohang__1khz_50ns_20deci_2m_UTC+0900_DST0_20190602_100959.387,pohang,pohang,pohang,noise,0,/home/ted1204/MS_Detection_Datamaker/MS_datamaker_PH/data/noise/1khz_50ns_20deci_2m_UTC+0900_DST0_20190602_100959.387.tdms,1khz_50ns_20deci_2m_UTC+0900_DST0_20190602_100959.387.tdms,1khz_50ns_20deci_2m_UTC+0900_DST0_20190602_100959.387,55.0,57.0,243,648,1000.0
59,pohang__1khz_50ns_20deci_2m_UTC+0900_DST0_20190602_100959.387,pohang,pohang,pohang,noise,0,/home/ted1204/MS_Detection_Datamaker/MS_datamaker_PH/data/noise/1khz_50ns_20deci_2m_UTC+0900_DST0_20190602_100959.387.tdms,1khz_50ns_20deci_2m_UTC+0900_DST0_20190602_100959.387.tdms,1khz_50ns_20deci_2m_UTC+0900_DST0_20190602_100959.387,58.0,60.0,243,648,1000.0
60,pohang__1khz_50ns_20deci_2m_UTC+0900_DST0_20190607_190859.387,pohang,pohang,pohang,noise,0,/home/ted1204/MS_Detection_Datamaker/MS_datamaker_PH/data/noise/1khz_50ns_20deci_2m_UTC+0900_DST0_20190607_190859.387.tdms,1khz_50ns_20deci_2m_UTC+0900_DST0_20190607_190859.387.tdms,1khz_50ns_20deci_2m_UTC+0900_DST0_20190607_190859.387,0.0,2.0,243,648,1000.0
61,pohang__1khz_50ns_20deci_2m_UTC+0900_DST0_20190607_190859.387,pohang,pohang,pohang,noise,0,/home/ted1204/MS_Detection_Datamaker/MS_datamaker_PH/data/noise/1khz_50ns_20deci_2m_UTC+0900_DST0_20190607_190859.387.tdms,1khz_50ns_20deci_2m_UTC+0900_DST0_20190607_190859.387.tdms,1khz_50ns_20deci_2m_UTC+0900_DST0_20190607_190859.387,4.0,6.0,243,648,1000.0
62,pohang__1khz_50ns_20deci_2m_UTC+0900_DST0_20190607_190859.387,pohang,pohang,pohang,noise,0,/home/ted1204/MS_Detection_Datamaker/MS_datamaker_PH/data/noise/1khz_50ns_20deci_2m_UTC+0900_DST0_20190607_190859.387.tdms,1khz_50ns_20deci_2m_UTC+0900_DST0_20190607_190859.387.tdms,1khz_50ns_20deci_2m_UTC+0900_DST0_20190607_190859.387,8.0,10.0,243,648,1000.0
63,pohang__1khz_50ns_20deci_2m_UTC+0900_DST0_20190607_190859.387,pohang,pohang,pohang,noise,0,/home/ted1204/MS_Detection_Datamaker/MS_datamaker_PH/data/noise/1khz_50ns_20deci_2m_UTC+0900_DST0_20190607_190859.387.tdms,1khz_50ns_20deci_2m_UTC+0900_DST0_20190607_190859.387.tdms,1khz_50ns_20deci_2m_UTC+0900_DST0_20190607_190859.387,12.0,14.0,243,648,1000.0
64,pohang__1khz_50ns_20deci_2m_UTC+0900_DST0_20190607_190859.387,pohang,pohang,pohang,noise,0,/home/ted1204/MS_Detection_Datamaker/MS_datamaker_PH/data/noise/1khz_50ns_20deci_2m_UTC+0900_DST0_20190607_190859.387.tdms,1khz_50ns_20deci_2m_UTC+0900_DST0_20190607_190859.387.tdms,1khz_50ns_20deci_2m_UTC+0900_DST0_20190607_190859.387,24.0,26.0,243,648,1000.0
65,pohang__1khz_50ns_20deci_2m_UTC+0900_DST0_20190607_190859.387,pohang,pohang,pohang,noise,0,/home/ted1204/MS_Detection_Datamaker/MS_datamaker_PH/data/noise/1khz_50ns_20deci_2m_UTC+0900_DST0_20190607_190859.387.tdms,1khz_50ns_20deci_2m_UTC+0900_DST0_20190607_190859.387.tdms,1khz_50ns_20deci_2m_UTC+0900_DST0_20190607_190859.387,27.0,29.0,243,648,1000.0
66,pohang__1khz_50ns_20deci_2m_UTC+0900_DST0_20190607_190859.387,pohang,pohang,pohang,noise,0,/home/ted1204/MS_Detection_Datamaker/MS_datamaker_PH/data/noise/1khz_50ns_20deci_2m_UTC+0900_DST0_20190607_190859.387.tdms,1khz_50ns_20deci_2m_UTC+0900_DST0_20190607_190859.387.tdms,1khz_50ns_20deci_2m_UTC+0900_DST0_20190607_190859.387,31.0,33.0,243,648,1000.0
67,pohang__1khz_50ns_20deci_2m_UTC+0900_DST0_20190607_190859.387,pohang,pohang,pohang,noise,0,/home/ted1204/MS_Detection_Datamaker/MS_datamaker_PH/data/noise/1khz_50ns_20deci_2m_UTC+0900_DST0_20190607_190859.387.tdms,1khz_50ns_20deci_2m_UTC+0900_DST0_20190607_190859.387.tdms,1khz_50ns_20deci_2m_UTC+0900_DST0_20190607_190859.387,32.0,34.0,243,648,1000.0
68,pohang__1khz_50ns_20deci_2m_UTC+0900_DST0_20190607_190859.387,pohang,pohang,pohang,noise,0,/home/ted1204/MS_Detection_Datamaker/MS_datamaker_PH/data/noise/1khz_50ns_20deci_2m_UTC+0900_DST0_20190607_190859.387.tdms,1khz_50ns_20deci_2m_UTC+0900_DST0_20190607_190859.387.tdms,1khz_50ns_20deci_2m_UTC+0900_DST0_20190607_190859.387,33.0,35.0,243,648,1000.0
69,pohang__1khz_50ns_20deci_2m_UTC+0900_DST0_20190607_190859.387,pohang,pohang,pohang,noise,0,/home/ted1204/MS_Detection_Datamaker/MS_datamaker_PH/data/noise/1khz_50ns_20deci_2m_UTC+0900_DST0_20190607_190859.387.tdms,1khz_50ns_20deci_2m_UTC+0900_DST0_20190607_190859.387.tdms,1khz_50ns_20deci_2m_UTC+0900_DST0_20190607_190859.387,35.0,37.0,243,648,1000.0
70,pohang__1khz_50ns_20deci_2m_UTC+0900_DST0_20190607_190859.387,pohang,pohang,pohang,noise,0,/home/ted1204/MS_Detection_Datamaker/MS_datamaker_PH/data/noise/1khz_50ns_20deci_2m_UTC+0900_DST0_20190607_190859.387.tdms,1khz_50ns_20deci_2m_UTC+0900_DST0_20190607_190859.387.tdms,1khz_50ns_20deci_2m_UTC+0900_DST0_20190607_190859.387,42.0,44.0,243,648,1000.0
71,pohang__1khz_50ns_20deci_2m_UTC+0900_DST0_20190607_190859.387,pohang,pohang,pohang,noise,0,/home/ted1204/MS_Detection_Datamaker/MS_datamaker_PH/data/noise/1khz_50ns_20deci_2m_UTC+0900_DST0_20190607_190859.387.tdms,1khz_50ns_20deci_2m_UTC+0900_DST0_20190607_190859.387.tdms,1khz_50ns_20deci_2m_UTC+0900_DST0_20190607_190859.387,43.0,45.0,243,648,1000.0
72,pohang__1khz_50ns_20deci_2m_UTC+0900_DST0_20190607_190859.387,pohang,pohang,pohang,noise,0,/home/ted1204/MS_Detection_Datamaker/MS_datamaker_PH/data/noise/1khz_50ns_20deci_2m_UTC+0900_DST0_20190607_190859.387.tdms,1khz_50ns_20deci_2m_UTC+0900_DST0_20190607_190859.387.tdms,1khz_50ns_20deci_2m_UTC+0900_DST0_20190607_190859.387,44.0,46.0,243,648,1000.0
73,pohang__1khz_50ns_20deci_2m_UTC+0900_DST0_20190607_190859.387,pohang,pohang,pohang,noise,0,/home/ted1204/MS_Detection_Datamaker/MS_datamaker_PH/data/noise/1khz_50ns_20deci_2m_UTC+0900_DST0_20190607_190859.387.tdms,1khz_50ns_20deci_2m_UTC+0900_DST0_20190607_190859.387.tdms,1khz_50ns_20deci_2m_UTC+0900_DST0_20190607_190859.387,45.0,47.0,243,648,1000.0
74,pohang__1khz_50ns_20deci_2m_UTC+0900_DST0_20190607_190859.387,pohang,pohang,pohang,noise,0,/home/ted1204/MS_Detection_Datamaker/MS_datamaker_PH/data/noise/1khz_50ns_20deci_2m_UTC+0900_DST0_20190607_190859.387.tdms,1khz_50ns_20deci_2m_UTC+0900_DST0_20190607_190859.387.tdms,1khz_50ns_20deci_2m_UTC+0900_DST0_20190607_190859.387,55.0,57.0,243,648,1000.0
75,pohang__1khz_50ns_20deci_2m_UTC+0900_DST0_20190612_142959.387,pohang,pohang,pohang,noise,0,/home/ted1204/MS_Detection_Datamaker/MS_datamaker_PH/data/noise/1khz_50ns_20deci_2m_UTC+0900_DST0_20190612_142959.387.tdms,1khz_50ns_20deci_2m_UTC+0900_DST0_20190612_142959.387.tdms,1khz_50ns_20deci_2m_UTC+0900_DST0_20190612_142959.387,2.0,4.0,243,648,1000.0
76,pohang__1khz_50ns_20deci_2m_UTC+0900_DST0_20190612_142959.387,pohang,pohang,pohang,noise,0,/home/ted1204/MS_Detection_Datamaker/MS_datamaker_PH/data/noise/1khz_50ns_20deci_2m_UTC+0900_DST0_20190612_142959.387.tdms,1khz_50ns_20deci_2m_UTC+0900_DST0_20190612_142959.387.tdms,1khz_50ns_20deci_2m_UTC+0900_DST0_20190612_142959.387,9.0,11.0,243,648,1000.0
77,pohang__1khz_50ns_20deci_2m_UTC+0900_DST0_20190612_142959.387,pohang,pohang,pohang,noise,0,/home/ted1204/MS_Detection_Datamaker/MS_datamaker_PH/data/noise/1khz_50ns_20deci_2m_UTC+0900_DST0_20190612_142959.387.tdms,1khz_50ns_20deci_2m_UTC+0900_DST0_20190612_142959.387.tdms,1khz_50ns_20deci_2m_UTC+0900_DST0_20190612_142959.387,18.0,20.0,243,648,1000.0
78,pohang__1khz_50ns_20deci_2m_UTC+0900_DST0_20190612_142959.387,pohang,pohang,pohang,noise,0,/home/ted1204/MS_Detection_Datamaker/MS_datamaker_PH/data/noise/1khz_50ns_20deci_2m_UTC+0900_DST0_20190612_142959.387.tdms,1khz_50ns_20deci_2m_UTC+0900_DST0_20190612_142959.387.tdms,1khz_50ns_20deci_2m_UTC+0900_DST0_20190612_142959.387,19.0,21.0,243,648,1000.0
79,pohang__1khz_50ns_20deci_2m_UTC+0900_DST0_20190612_142959.387,pohang,pohang,pohang,noise,0,/home/ted1204/MS_Detection_Datamaker/MS_datamaker_PH/data/noise/1khz_50ns_20deci_2m_UTC+0900_DST0_20190612_142959.387.tdms,1khz_50ns_20deci_2m_UTC+0900_DST0_20190612_142959.387.tdms,1khz_50ns_20deci_2m_UTC+0900_DST0_20190612_142959.387,25.0,27.0,243,648,1000.0
80,pohang__1khz_50ns_20deci_2m_UTC+0900_DST0_20190612_142959.387,pohang,pohang,pohang,noise,0,/home/ted1204/MS_Detection_Datamaker/MS_datamaker_PH/data/noise/1khz_50ns_20deci_2m_UTC+0900_DST0_20190612_142959.387.tdms,1khz_50ns_20deci_2m_UTC+0900_DST0_20190612_142959.387.tdms,1khz_50ns_20deci_2m_UTC+0900_DST0_20190612_142959.387,29.0,31.0,243,648,1000.0
81,pohang__1khz_50ns_20deci_2m_UTC+0900_DST0_20190612_142959.387,pohang,pohang,pohang,noise,0,/home/ted1204/MS_Detection_Datamaker/MS_datamaker_PH/data/noise/1khz_50ns_20deci_2m_UTC+0900_DST0_20190612_142959.387.tdms,1khz_50ns_20deci_2m_UTC+0900_DST0_20190612_142959.387.tdms,1khz_50ns_20deci_2m_UTC+0900_DST0_20190612_142959.387,32.0,34.0,243,648,1000.0
82,pohang__1khz_50ns_20deci_2m_UTC+0900_DST0_20190612_142959.387,pohang,pohang,pohang,noise,0,/home/ted1204/MS_Detection_Datamaker/MS_datamaker_PH/data/noise/1khz_50ns_20deci_2m_UTC+0900_DST0_20190612_142959.387.tdms,1khz_50ns_20deci_2m_UTC+0900_DST0_20190612_142959.387.tdms,1khz_50ns_20deci_2m_UTC+0900_DST0_20190612_142959.387,34.0,36.0,243,648,1000.0
83,pohang__1khz_50ns_20deci_2m_UTC+0900_DST0_20190612_142959.387,pohang,pohang,pohang,noise,0,/home/ted1204/MS_Detection_Datamaker/MS_datamaker_PH/data/noise/1khz_50ns_20deci_2m_UTC+0900_DST0_20190612_142959.387.tdms,1khz_50ns_20deci_2m_UTC+0900_DST0_20190612_142959.387.tdms,1khz_50ns_20deci_2m_UTC+0900_DST0_20190612_142959.387,39.0,41.0,243,648,1000.0
84,pohang__1khz_50ns_20deci_2m_UTC+0900_DST0_20190612_142959.387,pohang,pohang,pohang,noise,0,/home/ted1204/MS_Detection_Datamaker/MS_datamaker_PH/data/noise/1khz_50ns_20deci_2m_UTC+0900_DST0_20190612_142959.387.tdms,1khz_50ns_20deci_2m_UTC+0900_DST0_20190612_142959.387.tdms,1khz_50ns_20deci_2m_UTC+0900_DST0_20190612_142959.387,40.0,42.0,243,648,1000.0
85,pohang__1khz_50ns_20deci_2m_UTC+0900_DST0_20190612_142959.387,pohang,pohang,pohang,noise,0,/home/ted1204/MS_Detection_Datamaker/MS_datamaker_PH/data/noise/1khz_50ns_20deci_2m_UTC+0900_DST0_20190612_142959.387.tdms,1khz_50ns_20deci_2m_UTC+0900_DST0_20190612_142959.387.tdms,1khz_50ns_20deci_2m_UTC+0900_DST0_20190612_142959.387,41.0,43.0,243,648,1000.0
86,pohang__1khz_50ns_20deci_2m_UTC+0900_DST0_20190612_142959.387,pohang,pohang,pohang,noise,0,/home/ted1204/MS_Detection_Datamaker/MS_datamaker_PH/data/noise/1khz_50ns_20deci_2m_UTC+0900_DST0_20190612_142959.387.tdms,1khz_50ns_20deci_2m_UTC+0900_DST0_20190612_142959.387.tdms,1khz_50ns_20deci_2m_UTC+0900_DST0_20190612_142959.387,42.0,44.0,243,648,1000.0
87,pohang__1khz_50ns_20deci_2m_UTC+0900_DST0_20190612_142959.387,pohang,pohang,pohang,noise,0,/home/ted1204/MS_Detection_Datamaker/MS_datamaker_PH/data/noise/1khz_50ns_20deci_2m_UTC+0900_DST0_20190612_142959.387.tdms,1khz_50ns_20deci_2m_UTC+0900_DST0_20190612_142959.387.tdms,1khz_50ns_20deci_2m_UTC+0900_DST0_20190612_142959.387,49.0,51.0,243,648,1000.0
88,pohang__1khz_50ns_20deci_2m_UTC+0900_DST0_20190612_142959.387,pohang,pohang,pohang,noise,0,/home/ted1204/MS_Detection_Datamaker/MS_datamaker_PH/data/noise/1khz_50ns_20deci_2m_UTC+0900_DST0_20190612_142959.387.tdms,1khz_50ns_20deci_2m_UTC+0900_DST0_20190612_142959.387.tdms,1khz_50ns_20deci_2m_UTC+0900_DST0_20190612_142959.387,51.0,53.0,243,648,1000.0
89,pohang__1khz_50ns_20deci_2m_UTC+0900_DST0_20190612_142959.387,pohang,pohang,pohang,noise,0,/home/ted1204/MS_Detection_Datamaker/MS_datamaker_PH/data/noise/1khz_50ns_20deci_2m_UTC+0900_DST0_20190612_142959.387.tdms,1khz_50ns_20deci_2m_UTC+0900_DST0_20190612_142959.387.tdms,1khz_50ns_20deci_2m_UTC+0900_DST0_20190612_142959.387,57.0,59.0,243,648,1000.0
90,pohang__1khz_50ns_20deci_2m_UTC+0900_DST0_20190613_205730.986,pohang,pohang,pohang,noise,0,/home/ted1204/MS_Detection_Datamaker/MS_datamaker_PH/data/noise/1khz_50ns_20deci_2m_UTC+0900_DST0_20190613_205730.986.tdms,1khz_50ns_20deci_2m_UTC+0900_DST0_20190613_205730.986.tdms,1khz_50ns_20deci_2m_UTC+0900_DST0_20190613_205730.986,2.0,4.0,243,648,1000.0
91,pohang__1khz_50ns_20deci_2m_UTC+0900_DST0_20190613_205730.986,pohang,pohang,pohang,noise,0,/home/ted1204/MS_Detection_Datamaker/MS_datamaker_PH/data/noise/1khz_50ns_20deci_2m_UTC+0900_DST0_20190613_205730.986.tdms,1khz_50ns_20deci_2m_UTC+0900_DST0_20190613_205730.986.tdms,1khz_50ns_20deci_2m_UTC+0900_DST0_20190613_205730.986,4.0,6.0,243,648,1000.0
92,pohang__1khz_50ns_20deci_2m_UTC+0900_DST0_20190613_205730.986,pohang,pohang,pohang,noise,0,/home/ted1204/MS_Detection_Datamaker/MS_datamaker_PH/data/noise/1khz_50ns_20deci_2m_UTC+0900_DST0_20190613_205730.986.tdms,1khz_50ns_20deci_2m_UTC+0900_DST0_20190613_205730.986.tdms,1khz_50ns_20deci_2m_UTC+0900_DST0_20190613_205730.986,7.0,9.0,243,648,1000.0
93,pohang__1khz_50ns_20deci_2m_UTC+0900_DST0_20190613_205730.986,pohang,pohang,pohang,noise,0,/home/ted1204/MS_Detection_Datamaker/MS_datamaker_PH/data/noise/1khz_50ns_20deci_2m_UTC+0900_DST0_20190613_205730.986.tdms,1khz_50ns_20deci_2m_UTC+0900_DST0_20190613_205730.986.tdms,1khz_50ns_20deci_2m_UTC+0900_DST0_20190613_205730.986,8.0,10.0,243,648,1000.0
94,pohang__1khz_50ns_20deci_2m_UTC+0900_DST0_20190613_205730.986,pohang,pohang,pohang,noise,0,/home/ted1204/MS_Detection_Datamaker/MS_datamaker_PH/data/noise/1khz_50ns_20deci_2m_UTC+0900_DST0_20190613_205730.986.tdms,1khz_50ns_20deci_2m_UTC+0900_DST0_20190613_205730.986.tdms,1khz_50ns_20deci_2m_UTC+0900_DST0_20190613_205730.986,11.0,13.0,243,648,1000.0
95,pohang__1khz_50ns_20deci_2m_UTC+0900_DST0_20190613_205730.986,pohang,pohang,pohang,noise,0,/home/ted1204/MS_Detection_Datamaker/MS_datamaker_PH/data/noise/1khz_50ns_20deci_2m_UTC+0900_DST0_20190613_205730.986.tdms,1khz_50ns_20deci_2m_UTC+0900_DST0_20190613_205730.986.tdms,1khz_50ns_20deci_2m_UTC+0900_DST0_20190613_205730.986,14.0,16.0,243,648,1000.0
96,pohang__1khz_50ns_20deci_2m_UTC+0900_DST0_20190613_205730.986,pohang,pohang,pohang,noise,0,/home/ted1204/MS_Detection_Datamaker/MS_datamaker_PH/data/noise/1khz_50ns_20deci_2m_UTC+0900_DST0_20190613_205730.986.tdms,1khz_50ns_20deci_2m_UTC+0900_DST0_20190613_205730.986.tdms,1khz_50ns_20deci_2m_UTC+0900_DST0_20190613_205730.986,16.0,18.0,243,648,1000.0
97,pohang__1khz_50ns_20deci_2m_UTC+0900_DST0_20190613_205730.986,pohang,pohang,pohang,noise,0,/home/ted1204/MS_Detection_Datamaker/MS_datamaker_PH/data/noise/1khz_50ns_20deci_2m_UTC+0900_DST0_20190613_205730.986.tdms,1khz_50ns_20deci_2m_UTC+0900_DST0_20190613_205730.986.tdms,1khz_50ns_20deci_2m_UTC+0900_DST0_20190613_205730.986,17.0,19.0,243,648,1000.0
98,pohang__1khz_50ns_20deci_2m_UTC+0900_DST0_20190613_205730.986,pohang,pohang,pohang,noise,0,/home/ted1204/MS_Detection_Datamaker/MS_datamaker_PH/data/noise/1khz_50ns_20deci_2m_UTC+0900_DST0_20190613_205730.986.tdms,1khz_50ns_20deci_2m_UTC+0900_DST0_20190613_205730.986.tdms,1khz_50ns_20deci_2m_UTC+0900_DST0_20190613_205730.986,19.0,21.0,243,648,1000.0
99,pohang__1khz_50ns_20deci_2m_UTC+0900_DST0_20190613_205730.986,pohang,pohang,pohang,noise,0,/home/ted1204/MS_Detection_Datamaker/MS_datamaker_PH/data/noise/1khz_50ns_20deci_2m_UTC+0900_DST0_20190613_205730.986.tdms,1khz_50ns_20deci_2m_UTC+0900_DST0_20190613_205730.986.tdms,1khz_50ns_20deci_2m_UTC+0900_DST0_20190613_205730.986,20.0,22.0,243,648,1000.0
100,pohang__1khz_50ns_20deci_2m_UTC+0900_DST0_20190613_205730.986,pohang,pohang,pohang,noise,0,/home/ted1204/MS_Detection_Datamaker/MS_datamaker_PH/data/noise/1khz_50ns_20deci_2m_UTC+0900_DST0_20190613_205730.986.tdms,1khz_50ns_20deci_2m_UTC+0900_DST0_20190613_205730.986.tdms,1khz_50ns_20deci_2m_UTC+0900_DST0_20190613_205730.986,22.0,24.0,243,648,1000.0
101,pohang__1khz_50ns_20deci_2m_UTC+0900_DST0_20190613_205730.986,pohang,pohang,pohang,noise,0,/home/ted1204/MS_Detection_Datamaker/MS_datamaker_PH/data/noise/1khz_50ns_20deci_2m_UTC+0900_DST0_20190613_205730.986.tdms,1khz_50ns_20deci_2m_UTC+0900_DST0_20190613_205730.986.tdms,1khz_50ns_20deci_2m_UTC+0900_DST0_20190613_205730.986,23.0,25.0,243,648,1000.0
102,pohang__1khz_50ns_20deci_2m_UTC+0900_DST0_20190613_205730.986,pohang,pohang,pohang,noise,0,/home/ted1204/MS_Detection_Datamaker/MS_datamaker_PH/data/noise/1khz_50ns_20deci_2m_UTC+0900_DST0_20190613_205730.986.tdms,1khz_50ns_20deci_2m_UTC+0900_DST0_20190613_205730.986.tdms,1khz_50ns_20deci_2m_UTC+0900_DST0_20190613_205730.986,25.0,27.0,243,648,1000.0
103,pohang__1khz_50ns_20deci_2m_UTC+0900_DST0_20190613_205730.986,pohang,pohang,pohang,noise,0,/home/ted1204/MS_Detection_Datamaker/MS_datamaker_PH/data/noise/1khz_50ns_20deci_2m_UTC+0900_DST0_20190613_205730.986.tdms,1khz_50ns_20deci_2m_UTC+0900_DST0_20190613_205730.986.tdms,1khz_50ns_20deci_2m_UTC+0900_DST0_20190613_205730.986,27.0,29.0,243,648,1000.0
104,pohang__1khz_50ns_20deci_2m_UTC+0900_DST0_20190613_205730.986,pohang,pohang,pohang,noise,0,/home/ted1204/MS_Detection_Datamaker/MS_datamaker_PH/data/noise/1khz_50ns_20deci_2m_UTC+0900_DST0_20190613_205730.986.tdms,1khz_50ns_20deci_2m_UTC+0900_DST0_20190613_205730.986.tdms,1khz_50ns_20deci_2m_UTC+0900_DST0_20190613_205730.986,28.0,30.0,243,648,1000.0
105,pohang__1khz_50ns_20deci_2m_UTC+0900_DST0_20190614_004200.986,pohang,pohang,pohang,noise,0,/home/ted1204/MS_Detection_Datamaker/MS_datamaker_PH/data/noise/1khz_50ns_20deci_2m_UTC+0900_DST0_20190614_004200.986.tdms,1khz_50ns_20deci_2m_UTC+0900_DST0_20190614_004200.986.tdms,1khz_50ns_20deci_2m_UTC+0900_DST0_20190614_004200.986,1.0,3.0,243,648,1000.0
106,pohang__1khz_50ns_20deci_2m_UTC+0900_DST0_20190614_004200.986,pohang,pohang,pohang,noise,0,/home/ted1204/MS_Detection_Datamaker/MS_datamaker_PH/data/noise/1khz_50ns_20deci_2m_UTC+0900_DST0_20190614_004200.986.tdms,1khz_50ns_20deci_2m_UTC+0900_DST0_20190614_004200.986.tdms,1khz_50ns_20deci_2m_UTC+0900_DST0_20190614_004200.986,2.0,4.0,243,648,1000.0
107,pohang__1khz_50ns_20deci_2m_UTC+0900_DST0_20190614_004200.986,pohang,pohang,pohang,noise,0,/home/ted1204/MS_Detection_Datamaker/MS_datamaker_PH/data/noise/1khz_50ns_20deci_2m_UTC+0900_DST0_20190614_004200.986.tdms,1khz_50ns_20deci_2m_UTC+0900_DST0_20190614_004200.986.tdms,1khz_50ns_20deci_2m_UTC+0900_DST0_20190614_004200.986,3.0,5.0,243,648,1000.0
108,pohang__1khz_50ns_20deci_2m_UTC+0900_DST0_20190614_004200.986,pohang,pohang,pohang,noise,0,/home/ted1204/MS_Detection_Datamaker/MS_datamaker_PH/data/noise/1khz_50ns_20deci_2m_UTC+0900_DST0_20190614_004200.986.tdms,1khz_50ns_20deci_2m_UTC+0900_DST0_20190614_004200.986.tdms,1khz_50ns_20deci_2m_UTC+0900_DST0_20190614_004200.986,5.0,7.0,243,648,1000.0
109,pohang__1khz_50ns_20deci_2m_UTC+0900_DST0_20190614_004200.986,pohang,pohang,pohang,noise,0,/home/ted1204/MS_Detection_Datamaker/MS_datamaker_PH/data/noise/1khz_50ns_20deci_2m_UTC+0900_DST0_20190614_004200.986.tdms,1khz_50ns_20deci_2m_UTC+0900_DST0_20190614_004200.986.tdms,1khz_50ns_20deci_2m_UTC+0900_DST0_20190614_004200.986,6.0,8.0,243,648,1000.0
110,pohang__1khz_50ns_20deci_2m_UTC+0900_DST0_20190614_004200.986,pohang,pohang,pohang,noise,0,/home/ted1204/MS_Detection_Datamaker/MS_datamaker_PH/data/noise/1khz_50ns_20deci_2m_UTC+0900_DST0_20190614_004200.986.tdms,1khz_50ns_20deci_2m_UTC+0900_DST0_20190614_004200.986.tdms,1khz_50ns_20deci_2m_UTC+0900_DST0_20190614_004200.986,11.0,13.0,243,648,1000.0
111,pohang__1khz_50ns_20deci_2m_UTC+0900_DST0_20190614_004200.986,pohang,pohang,pohang,noise,0,/home/ted1204/MS_Detection_Datamaker/MS_datamaker_PH/data/noise/1khz_50ns_20deci_2m_UTC+0900_DST0_20190614_004200.986.tdms,1khz_50ns_20deci_2m_UTC+0900_DST0_20190614_004200.986.tdms,1khz_50ns_20deci_2m_UTC+0900_DST0_20190614_004200.986,14.0,16.0,243,648,1000.0
112,pohang__1khz_50ns_20deci_2m_UTC+0900_DST0_20190614_004200.986,pohang,pohang,pohang,noise,0,/home/ted1204/MS_Detection_Datamaker/MS_datamaker_PH/data/noise/1khz_50ns_20deci_2m_UTC+0900_DST0_20190614_004200.986.tdms,1khz_50ns_20deci_2m_UTC+0900_DST0_20190614_004200.986.tdms,1khz_50ns_20deci_2m_UTC+0900_DST0_20190614_004200.986,15.0,17.0,243,648,1000.0
113,pohang__1khz_50ns_20deci_2m_UTC+0900_DST0_20190614_004200.986,pohang,pohang,pohang,noise,0,/home/ted1204/MS_Detection_Datamaker/MS_datamaker_PH/data/noise/1khz_50ns_20deci_2m_UTC+0900_DST0_20190614_004200.986.tdms,1khz_50ns_20deci_2m_UTC+0900_DST0_20190614_004200.986.tdms,1khz_50ns_20deci_2m_UTC+0900_DST0_20190614_004200.986,16.0,18.0,243,648,1000.0
114,pohang__1khz_50ns_20deci_2m_UTC+0900_DST0_20190614_004200.986,pohang,pohang,pohang,noise,0,/home/ted1204/MS_Detection_Datamaker/MS_datamaker_PH/data/noise/1khz_50ns_20deci_2m_UTC+0900_DST0_20190614_004200.986.tdms,1khz_50ns_20deci_2m_UTC+0900_DST0_20190614_004200.986.tdms,1khz_50ns_20deci_2m_UTC+0900_DST0_20190614_004200.986,19.0,21.0,243,648,1000.0
115,pohang__1khz_50ns_20deci_2m_UTC+0900_DST0_20190614_004200.986,pohang,pohang,pohang,noise,0,/home/ted1204/MS_Detection_Datamaker/MS_datamaker_PH/data/noise/1khz_50ns_20deci_2m_UTC+0900_DST0_20190614_004200.986.tdms,1khz_50ns_20deci_2m_UTC+0900_DST0_20190614_004200.986.tdms,1khz_50ns_20deci_2m_UTC+0900_DST0_20190614_004200.986,20.0,22.0,243,648,1000.0
116,pohang__1khz_50ns_20deci_2m_UTC+0900_DST0_20190614_004200.986,pohang,pohang,pohang,noise,0,/home/ted1204/MS_Detection_Datamaker/MS_datamaker_PH/data/noise/1khz_50ns_20deci_2m_UTC+0900_DST0_20190614_004200.986.tdms,1khz_50ns_20deci_2m_UTC+0900_DST0_20190614_004200.986.tdms,1khz_50ns_20deci_2m_UTC+0900_DST0_20190614_004200.986,21.0,23.0,243,648,1000.0
117,pohang__1khz_50ns_20deci_2m_UTC+0900_DST0_20190614_004200.986,pohang,pohang,pohang,noise,0,/home/ted1204/MS_Detection_Datamaker/MS_datamaker_PH/data/noise/1khz_50ns_20deci_2m_UTC+0900_DST0_20190614_004200.986.tdms,1khz_50ns_20deci_2m_UTC+0900_DST0_20190614_004200.986.tdms,1khz_50ns_20deci_2m_UTC+0900_DST0_20190614_004200.986,22.0,24.0,243,648,1000.0
118,pohang__1khz_50ns_20deci_2m_UTC+0900_DST0_20190614_004200.986,pohang,pohang,pohang,noise,0,/home/ted1204/MS_Detection_Datamaker/MS_datamaker_PH/data/noise/1khz_50ns_20deci_2m_UTC+0900_DST0_20190614_004200.986.tdms,1khz_50ns_20deci_2m_UTC+0900_DST0_20190614_004200.986.tdms,1khz_50ns_20deci_2m_UTC+0900_DST0_20190614_004200.986,23.0,25.0,243,648,1000.0
119,pohang__1khz_50ns_20deci_2m_UTC+0900_DST0_20190614_004200.986,pohang,pohang,pohang,noise,0,/home/ted1204/MS_Detection_Datamaker/MS_datamaker_PH/data/noise/1khz_50ns_20deci_2m_UTC+0900_DST0_20190614_004200.986.tdms,1khz_50ns_20deci_2m_UTC+0900_DST0_20190614_004200.986.tdms,1khz_50ns_20deci_2m_UTC+0900_DST0_20190614_004200.986,28.0,30.0,243,648,1000.0
120,pohang__1khz_50ns_20deci_2m_UTC+0900_DST0_20190616_214921.825,pohang,pohang,pohang,noise,0,/home/ted1204/MS_Detection_Datamaker/MS_datamaker_PH/data/noise/1khz_50ns_20deci_2m_UTC+0900_DST0_20190616_214921.825.tdms,1khz_50ns_20deci_2m_UTC+0900_DST0_20190616_214921.825.tdms,1khz_50ns_20deci_2m_UTC+0900_DST0_20190616_214921.825,1.0,3.0,243,648,1000.0
121,pohang__1khz_50ns_20deci_2m_UTC+0900_DST0_20190616_214921.825,pohang,pohang,pohang,noise,0,/home/ted1204/MS_Detection_Datamaker/MS_datamaker_PH/data/noise/1khz_50ns_20deci_2m_UTC+0900_DST0_20190616_214921.825.tdms,1khz_50ns_20deci_2m_UTC+0900_DST0_20190616_214921.825.tdms,1khz_50ns_20deci_2m_UTC+0900_DST0_20190616_214921.825,2.0,4.0,243,648,1000.0
122,pohang__1khz_50ns_20deci_2m_UTC+0900_DST0_20190616_214921.825,pohang,pohang,pohang,noise,0,/home/ted1204/MS_Detection_Datamaker/MS_datamaker_PH/data/noise/1khz_50ns_20deci_2m_UTC+0900_DST0_20190616_214921.825.tdms,1khz_50ns_20deci_2m_UTC+0900_DST0_20190616_214921.825.tdms,1khz_50ns_20deci_2m_UTC+0900_DST0_20190616_214921.825,6.0,8.0,243,648,1000.0
123,pohang__1khz_50ns_20deci_2m_UTC+0900_DST0_20190616_214921.825,pohang,pohang,pohang,noise,0,/home/ted1204/MS_Detection_Datamaker/MS_datamaker_PH/data/noise/1khz_50ns_20deci_2m_UTC+0900_DST0_20190616_214921.825.tdms,1khz_50ns_20deci_2m_UTC+0900_DST0_20190616_214921.825.tdms,1khz_50ns_20deci_2m_UTC+0900_DST0_20190616_214921.825,7.0,9.0,243,648,1000.0
124,pohang__1khz_50ns_20deci_2m_UTC+0900_DST0_20190616_214921.825,pohang,pohang,pohang,noise,0,/home/ted1204/MS_Detection_Datamaker/MS_datamaker_PH/data/noise/1khz_50ns_20deci_2m_UTC+0900_DST0_20190616_214921.825.tdms,1khz_50ns_20deci_2m_UTC+0900_DST0_20190616_214921.825.tdms,1khz_50ns_20deci_2m_UTC+0900_DST0_20190616_214921.825,8.0,10.0,243,648,1000.0
125,pohang__1khz_50ns_20deci_2m_UTC+0900_DST0_20190616_214921.825,pohang,pohang,pohang,noise,0,/home/ted1204/MS_Detection_Datamaker/MS_datamaker_PH/data/noise/1khz_50ns_20deci_2m_UTC+0900_DST0_20190616_214921.825.tdms,1khz_50ns_20deci_2m_UTC+0900_DST0_20190616_214921.825.tdms,1khz_50ns_20deci_2m_UTC+0900_DST0_20190616_214921.825,12.0,14.0,243,648,1000.0
126,pohang__1khz_50ns_20deci_2m_UTC+0900_DST0_20190616_214921.825,pohang,pohang,pohang,noise,0,/home/ted1204/MS_Detection_Datamaker/MS_datamaker_PH/data/noise/1khz_50ns_20deci_2m_UTC+0900_DST0_20190616_214921.825.tdms,1khz_50ns_20deci_2m_UTC+0900_DST0_20190616_214921.825.tdms,1khz_50ns_20deci_2m_UTC+0900_DST0_20190616_214921.825,14.0,16.0,243,648,1000.0
127,pohang__1khz_50ns_20deci_2m_UTC+0900_DST0_20190616_214921.825,pohang,pohang,pohang,noise,0,/home/ted1204/MS_Detection_Datamaker/MS_datamaker_PH/data/noise/1khz_50ns_20deci_2m_UTC+0900_DST0_20190616_214921.825.tdms,1khz_50ns_20deci_2m_UTC+0900_DST0_20190616_214921.825.tdms,1khz_50ns_20deci_2m_UTC+0900_DST0_20190616_214921.825,15.0,17.0,243,648,1000.0
128,pohang__1khz_50ns_20deci_2m_UTC+0900_DST0_20190616_214921.825,pohang,pohang,pohang,noise,0,/home/ted1204/MS_Detection_Datamaker/MS_datamaker_PH/data/noise/1khz_50ns_20deci_2m_UTC+0900_DST0_20190616_214921.825.tdms,1khz_50ns_20deci_2m_UTC+0900_DST0_20190616_214921.825.tdms,1khz_50ns_20deci_2m_UTC+0900_DST0_20190616_214921.825,17.0,19.0,243,648,1000.0
129,pohang__1khz_50ns_20deci_2m_UTC+0900_DST0_20190616_214921.825,pohang,pohang,pohang,noise,0,/home/ted1204/MS_Detection_Datamaker/MS_datamaker_PH/data/noise/1khz_50ns_20deci_2m_UTC+0900_DST0_20190616_214921.825.tdms,1khz_50ns_20deci_2m_UTC+0900_DST0_20190616_214921.825.tdms,1khz_50ns_20deci_2m_UTC+0900_DST0_20190616_214921.825,19.0,21.0,243,648,1000.0
130,pohang__1khz_50ns_20deci_2m_UTC+0900_DST0_20190616_214921.825,pohang,pohang,pohang,noise,0,/home/ted1204/MS_Detection_Datamaker/MS_datamaker_PH/data/noise/1khz_50ns_20deci_2m_UTC+0900_DST0_20190616_214921.825.tdms,1khz_50ns_20deci_2m_UTC+0900_DST0_20190616_214921.825.tdms,1khz_50ns_20deci_2m_UTC+0900_DST0_20190616_214921.825,20.0,22.0,243,648,1000.0
131,pohang__1khz_50ns_20deci_2m_UTC+0900_DST0_20190616_214921.825,pohang,pohang,pohang,noise,0,/home/ted1204/MS_Detection_Datamaker/MS_datamaker_PH/data/noise/1khz_50ns_20deci_2m_UTC+0900_DST0_20190616_214921.825.tdms,1khz_50ns_20deci_2m_UTC+0900_DST0_20190616_214921.825.tdms,1khz_50ns_20deci_2m_UTC+0900_DST0_20190616_214921.825,23.0,25.0,243,648,1000.0
132,pohang__1khz_50ns_20deci_2m_UTC+0900_DST0_20190616_214921.825,pohang,pohang,pohang,noise,0,/home/ted1204/MS_Detection_Datamaker/MS_datamaker_PH/data/noise/1khz_50ns_20deci_2m_UTC+0900_DST0_20190616_214921.825.tdms,1khz_50ns_20deci_2m_UTC+0900_DST0_20190616_214921.825.tdms,1khz_50ns_20deci_2m_UTC+0900_DST0_20190616_214921.825,24.0,26.0,243,648,1000.0
133,pohang__1khz_50ns_20deci_2m_UTC+0900_DST0_20190616_214921.825,pohang,pohang,pohang,noise,0,/home/ted1204/MS_Detection_Datamaker/MS_datamaker_PH/data/noise/1khz_50ns_20deci_2m_UTC+0900_DST0_20190616_214921.825.tdms,1khz_50ns_20deci_2m_UTC+0900_DST0_20190616_214921.825.tdms,1khz_50ns_20deci_2m_UTC+0900_DST0_20190616_214921.825,26.0,28.0,243,648,1000.0
134,pohang__1khz_50ns_20deci_2m_UTC+0900_DST0_20190616_214921.825,pohang,pohang,pohang,noise,0,/home/ted1204/MS_Detection_Datamaker/MS_datamaker_PH/data/noise/1khz_50ns_20deci_2m_UTC+0900_DST0_20190616_214921.825.tdms,1khz_50ns_20deci_2m_UTC+0900_DST0_20190616_214921.825.tdms,1khz_50ns_20deci_2m_UTC+0900_DST0_20190616_214921.825,27.0,29.0,243,648,1000.0
135,pohang__1khz_50ns_20deci_2m_UTC+0900_DST0_20190620_001751.825,pohang,pohang,pohang,noise,0,/home/ted1204/MS_Detection_Datamaker/MS_datamaker_PH/data/noise/1khz_50ns_20deci_2m_UTC+0900_DST0_20190620_001751.825.tdms,1khz_50ns_20deci_2m_UTC+0900_DST0_20190620_001751.825.tdms,1khz_50ns_20deci_2m_UTC+0900_DST0_20190620_001751.825,0.0,2.0,243,648,1000.0
136,pohang__1khz_50ns_20deci_2m_UTC+0900_DST0_20190620_001751.825,pohang,pohang,pohang,noise,0,/home/ted1204/MS_Detection_Datamaker/MS_datamaker_PH/data/noise/1khz_50ns_20deci_2m_UTC+0900_DST0_20190620_001751.825.tdms,1khz_50ns_20deci_2m_UTC+0900_DST0_20190620_001751.825.tdms,1khz_50ns_20deci_2m_UTC+0900_DST0_20190620_001751.825,3.0,5.0,243,648,1000.0
137,pohang__1khz_50ns_20deci_2m_UTC+0900_DST0_20190620_001751.825,pohang,pohang,pohang,noise,0,/home/ted1204/MS_Detection_Datamaker/MS_datamaker_PH/data/noise/1khz_50ns_20deci_2m_UTC+0900_DST0_20190620_001751.825.tdms,1khz_50ns_20deci_2m_UTC+0900_DST0_20190620_001751.825.tdms,1khz_50ns_20deci_2m_UTC+0900_DST0_20190620_001751.825,5.0,7.0,243,648,1000.0
138,pohang__1khz_50ns_20deci_2m_UTC+0900_DST0_20190620_001751.825,pohang,pohang,pohang,noise,0,/home/ted1204/MS_Detection_Datamaker/MS_datamaker_PH/data/noise/1khz_50ns_20deci_2m_UTC+0900_DST0_20190620_001751.825.tdms,1khz_50ns_20deci_2m_UTC+0900_DST0_20190620_001751.825.tdms,1khz_50ns_20deci_2m_UTC+0900_DST0_20190620_001751.825,6.0,8.0,243,648,1000.0
139,pohang__1khz_50ns_20deci_2m_UTC+0900_DST0_20190620_001751.825,pohang,pohang,pohang,noise,0,/home/ted1204/MS_Detection_Datamaker/MS_datamaker_PH/data/noise/1khz_50ns_20deci_2m_UTC+0900_DST0_20190620_001751.825.tdms,1khz_50ns_20deci_2m_UTC+0900_DST0_20190620_001751.825.tdms,1khz_50ns_20deci_2m_UTC+0900_DST0_20190620_001751.825,7.0,9.0,243,648,1000.0
140,pohang__1khz_50ns_20deci_2m_UTC+0900_DST0_20190620_001751.825,pohang,pohang,pohang,noise,0,/home/ted1204/MS_Detection_Datamaker/MS_datamaker_PH/data/noise/1khz_50ns_20deci_2m_UTC+0900_DST0_20190620_001751.825.tdms,1khz_50ns_20deci_2m_UTC+0900_DST0_20190620_001751.825.tdms,1khz_50ns_20deci_2m_UTC+0900_DST0_20190620_001751.825,8.0,10.0,243,648,1000.0
141,pohang__1khz_50ns_20deci_2m_UTC+0900_DST0_20190620_001751.825,pohang,pohang,pohang,noise,0,/home/ted1204/MS_Detection_Datamaker/MS_datamaker_PH/data/noise/1khz_50ns_20deci_2m_UTC+0900_DST0_20190620_001751.825.tdms,1khz_50ns_20deci_2m_UTC+0900_DST0_20190620_001751.825.tdms,1khz_50ns_20deci_2m_UTC+0900_DST0_20190620_001751.825,12.0,14.0,243,648,1000.0
142,pohang__1khz_50ns_20deci_2m_UTC+0900_DST0_20190620_001751.825,pohang,pohang,pohang,noise,0,/home/ted1204/MS_Detection_Datamaker/MS_datamaker_PH/data/noise/1khz_50ns_20deci_2m_UTC+0900_DST0_20190620_001751.825.tdms,1khz_50ns_20deci_2m_UTC+0900_DST0_20190620_001751.825.tdms,1khz_50ns_20deci_2m_UTC+0900_DST0_20190620_001751.825,14.0,16.0,243,648,1000.0
143,pohang__1khz_50ns_20deci_2m_UTC+0900_DST0_20190620_001751.825,pohang,pohang,pohang,noise,0,/home/ted1204/MS_Detection_Datamaker/MS_datamaker_PH/data/noise/1khz_50ns_20deci_2m_UTC+0900_DST0_20190620_001751.825.tdms,1khz_50ns_20deci_2m_UTC+0900_DST0_20190620_001751.825.tdms,1khz_50ns_20deci_2m_UTC+0900_DST0_20190620_001751.825,15.0,17.0,243,648,1000.0
144,pohang__1khz_50ns_20deci_2m_UTC+0900_DST0_20190620_001751.825,pohang,pohang,pohang,noise,0,/home/ted1204/MS_Detection_Datamaker/MS_datamaker_PH/data/noise/1khz_50ns_20deci_2m_UTC+0900_DST0_20190620_001751.825.tdms,1khz_50ns_20deci_2m_UTC+0900_DST0_20190620_001751.825.tdms,1khz_50ns_20deci_2m_UTC+0900_DST0_20190620_001751.825,17.0,19.0,243,648,1000.0
145,pohang__1khz_50ns_20deci_2m_UTC+0900_DST0_20190620_001751.825,pohang,pohang,pohang,noise,0,/home/ted1204/MS_Detection_Datamaker/MS_datamaker_PH/data/noise/1khz_50ns_20deci_2m_UTC+0900_DST0_20190620_001751.825.tdms,1khz_50ns_20deci_2m_UTC+0900_DST0_20190620_001751.825.tdms,1khz_50ns_20deci_2m_UTC+0900_DST0_20190620_001751.825,19.0,21.0,243,648,1000.0
146,pohang__1khz_50ns_20deci_2m_UTC+0900_DST0_20190620_001751.825,pohang,pohang,pohang,noise,0,/home/ted1204/MS_Detection_Datamaker/MS_datamaker_PH/data/noise/1khz_50ns_20deci_2m_UTC+0900_DST0_20190620_001751.825.tdms,1khz_50ns_20deci_2m_UTC+0900_DST0_20190620_001751.825.tdms,1khz_50ns_20deci_2m_UTC+0900_DST0_20190620_001751.825,20.0,22.0,243,648,1000.0
147,pohang__1khz_50ns_20deci_2m_UTC+0900_DST0_20190620_001751.825,pohang,pohang,pohang,noise,0,/home/ted1204/MS_Detection_Datamaker/MS_datamaker_PH/data/noise/1khz_50ns_20deci_2m_UTC+0900_DST0_20190620_001751.825.tdms,1khz_50ns_20deci_2m_UTC+0900_DST0_20190620_001751.825.tdms,1khz_50ns_20deci_2m_UTC+0900_DST0_20190620_001751.825,22.0,24.0,243,648,1000.0
148,pohang__1khz_50ns_20deci_2m_UTC+0900_DST0_20190620_001751.825,pohang,pohang,pohang,noise,0,/home/ted1204/MS_Detection_Datamaker/MS_datamaker_PH/data/noise/1khz_50ns_20deci_2m_UTC+0900_DST0_20190620_001751.825.tdms,1khz_50ns_20deci_2m_UTC+0900_DST0_20190620_001751.825.tdms,1khz_50ns_20deci_2m_UTC+0900_DST0_20190620_001751.825,23.0,25.0,243,648,1000.0
149,pohang__1khz_50ns_20deci_2m_UTC+0900_DST0_20190620_001751.825,pohang,pohang,pohang,noise,0,/home/ted1204/MS_Detection_Datamaker/MS_datamaker_PH/data/noise/1khz_50ns_20deci_2m_UTC+0900_DST0_20190620_001751.825.tdms,1khz_50ns_20deci_2m_UTC+0900_DST0_20190620_001751.825.tdms,1khz_50ns_20deci_2m_UTC+0900_DST0_20190620_001751.825,27.0,29.0,243,648,1000.0
150,pohang__1khz_50ns_20deci_2m_UTC+0900_DST0_20190622_084551.825,pohang,pohang,pohang,noise,0,/home/ted1204/MS_Detection_Datamaker/MS_datamaker_PH/data/noise/1khz_50ns_20deci_2m_UTC+0900_DST0_20190622_084551.825.tdms,1khz_50ns_20deci_2m_UTC+0900_DST0_20190622_084551.825.tdms,1khz_50ns_20deci_2m_UTC+0900_DST0_20190622_084551.825,1.0,3.0,243,648,1000.0
151,pohang__1khz_50ns_20deci_2m_UTC+0900_DST0_20190622_084551.825,pohang,pohang,pohang,noise,0,/home/ted1204/MS_Detection_Datamaker/MS_datamaker_PH/data/noise/1khz_50ns_20deci_2m_UTC+0900_DST0_20190622_084551.825.tdms,1khz_50ns_20deci_2m_UTC+0900_DST0_20190622_084551.825.tdms,1khz_50ns_20deci_2m_UTC+0900_DST0_20190622_084551.825,3.0,5.0,243,648,1000.0
152,pohang__1khz_50ns_20deci_2m_UTC+0900_DST0_20190622_084551.825,pohang,pohang,pohang,noise,0,/home/ted1204/MS_Detection_Datamaker/MS_datamaker_PH/data/noise/1khz_50ns_20deci_2m_UTC+0900_DST0_20190622_084551.825.tdms,1khz_50ns_20deci_2m_UTC+0900_DST0_20190622_084551.825.tdms,1khz_50ns_20deci_2m_UTC+0900_DST0_20190622_084551.825,8.0,10.0,243,648,1000.0
153,pohang__1khz_50ns_20deci_2m_UTC+0900_DST0_20190622_084551.825,pohang,pohang,pohang,noise,0,/home/ted1204/MS_Detection_Datamaker/MS_datamaker_PH/data/noise/1khz_50ns_20deci_2m_UTC+0900_DST0_20190622_084551.825.tdms,1khz_50ns_20deci_2m_UTC+0900_DST0_20190622_084551.825.tdms,1khz_50ns_20deci_2m_UTC+0900_DST0_20190622_084551.825,9.0,11.0,243,648,1000.0
154,pohang__1khz_50ns_20deci_2m_UTC+0900_DST0_20190622_084551.825,pohang,pohang,pohang,noise,0,/home/ted1204/MS_Detection_Datamaker/MS_datamaker_PH/data/noise/1khz_50ns_20deci_2m_UTC+0900_DST0_20190622_084551.825.tdms,1khz_50ns_20deci_2m_UTC+0900_DST0_20190622_084551.825.tdms,1khz_50ns_20deci_2m_UTC+0900_DST0_20190622_084551.825,10.0,12.0,243,648,1000.0
155,pohang__1khz_50ns_20deci_2m_UTC+0900_DST0_20190622_084551.825,pohang,pohang,pohang,noise,0,/home/ted1204/MS_Detection_Datamaker/MS_datamaker_PH/data/noise/1khz_50ns_20deci_2m_UTC+0900_DST0_20190622_084551.825.tdms,1khz_50ns_20deci_2m_UTC+0900_DST0_20190622_084551.825.tdms,1khz_50ns_20deci_2m_UTC+0900_DST0_20190622_084551.825,11.0,13.0,243,648,1000.0
156,pohang__1khz_50ns_20deci_2m_UTC+0900_DST0_20190622_084551.825,pohang,pohang,pohang,noise,0,/home/ted1204/MS_Detection_Datamaker/MS_datamaker_PH/data/noise/1khz_50ns_20deci_2m_UTC+0900_DST0_20190622_084551.825.tdms,1khz_50ns_20deci_2m_UTC+0900_DST0_20190622_084551.825.tdms,1khz_50ns_20deci_2m_UTC+0900_DST0_20190622_084551.825,12.0,14.0,243,648,1000.0
157,pohang__1khz_50ns_20deci_2m_UTC+0900_DST0_20190622_084551.825,pohang,pohang,pohang,noise,0,/home/ted1204/MS_Detection_Datamaker/MS_datamaker_PH/data/noise/1khz_50ns_20deci_2m_UTC+0900_DST0_20190622_084551.825.tdms,1khz_50ns_20deci_2m_UTC+0900_DST0_20190622_084551.825.tdms,1khz_50ns_20deci_2m_UTC+0900_DST0_20190622_084551.825,14.0,16.0,243,648,1000.0
158,pohang__1khz_50ns_20deci_2m_UTC+0900_DST0_20190622_084551.825,pohang,pohang,pohang,noise,0,/home/ted1204/MS_Detection_Datamaker/MS_datamaker_PH/data/noise/1khz_50ns_20deci_2m_UTC+0900_DST0_20190622_084551.825.tdms,1khz_50ns_20deci_2m_UTC+0900_DST0_20190622_084551.825.tdms,1khz_50ns_20deci_2m_UTC+0900_DST0_20190622_084551.825,16.0,18.0,243,648,1000.0
159,pohang__1khz_50ns_20deci_2m_UTC+0900_DST0_20190622_084551.825,pohang,pohang,pohang,noise,0,/home/ted1204/MS_Detection_Datamaker/MS_datamaker_PH/data/noise/1khz_50ns_20deci_2m_UTC+0900_DST0_20190622_084551.825.tdms,1khz_50ns_20deci_2m_UTC+0900_DST0_20190622_084551.825.tdms,1khz_50ns_20deci_2m_UTC+0900_DST0_20190622_084551.825,17.0,19.0,243,648,1000.0
160,pohang__1khz_50ns_20deci_2m_UTC+0900_DST0_20190622_084551.825,pohang,pohang,pohang,noise,0,/home/ted1204/MS_Detection_Datamaker/MS_datamaker_PH/data/noise/1khz_50ns_20deci_2m_UTC+0900_DST0_20190622_084551.825.tdms,1khz_50ns_20deci_2m_UTC+0900_DST0_20190622_084551.825.tdms,1khz_50ns_20deci_2m_UTC+0900_DST0_20190622_084551.825,21.0,23.0,243,648,1000.0
161,pohang__1khz_50ns_20deci_2m_UTC+0900_DST0_20190622_084551.825,pohang,pohang,pohang,noise,0,/home/ted1204/MS_Detection_Datamaker/MS_datamaker_PH/data/noise/1khz_50ns_20deci_2m_UTC+0900_DST0_20190622_084551.825.tdms,1khz_50ns_20deci_2m_UTC+0900_DST0_20190622_084551.825.tdms,1khz_50ns_20deci_2m_UTC+0900_DST0_20190622_084551.825,24.0,26.0,243,648,1000.0
162,pohang__1khz_50ns_20deci_2m_UTC+0900_DST0_20190622_084551.825,pohang,pohang,pohang,noise,0,/home/ted1204/MS_Detection_Datamaker/MS_datamaker_PH/data/noise/1khz_50ns_20deci_2m_UTC+0900_DST0_20190622_084551.825.tdms,1khz_50ns_20deci_2m_UTC+0900_DST0_20190622_084551.825.tdms,1khz_50ns_20deci_2m_UTC+0900_DST0_20190622_084551.825,25.0,27.0,243,648,1000.0
163,pohang__1khz_50ns_20deci_2m_UTC+0900_DST0_20190622_084551.825,pohang,pohang,pohang,noise,0,/home/ted1204/MS_Detection_Datamaker/MS_datamaker_PH/data/noise/1khz_50ns_20deci_2m_UTC+0900_DST0_20190622_084551.825.tdms,1khz_50ns_20deci_2m_UTC+0900_DST0_20190622_084551.825.tdms,1khz_50ns_20deci_2m_UTC+0900_DST0_20190622_084551.825,26.0,28.0,243,648,1000.0
164,pohang__1khz_50ns_20deci_2m_UTC+0900_DST0_20190622_084551.825,pohang,pohang,pohang,noise,0,/home/ted1204/MS_Detection_Datamaker/MS_datamaker_PH/data/noise/1khz_50ns_20deci_2m_UTC+0900_DST0_20190622_084551.825.tdms,1khz_50ns_20deci_2m_UTC+0900_DST0_20190622_084551.825.tdms,1khz_50ns_20deci_2m_UTC+0900_DST0_20190622_084551.825,27.0,29.0,243,648,1000.0
165,pohang__1khz_50ns_20deci_2m_UTC+0900_DST0_20190623_172251.825,pohang,pohang,pohang,noise,0,/home/ted1204/MS_Detection_Datamaker/MS_datamaker_PH/data/noise/1khz_50ns_20deci_2m_UTC+0900_DST0_20190623_172251.825.tdms,1khz_50ns_20deci_2m_UTC+0900_DST0_20190623_172251.825.tdms,1khz_50ns_20deci_2m_UTC+0900_DST0_20190623_172251.825,2.0,4.0,243,648,1000.0
166,pohang__1khz_50ns_20deci_2m_UTC+0900_DST0_20190623_172251.825,pohang,pohang,pohang,noise,0,/home/ted1204/MS_Detection_Datamaker/MS_datamaker_PH/data/noise/1khz_50ns_20deci_2m_UTC+0900_DST0_20190623_172251.825.tdms,1khz_50ns_20deci_2m_UTC+0900_DST0_20190623_172251.825.tdms,1khz_50ns_20deci_2m_UTC+0900_DST0_20190623_172251.825,5.0,7.0,243,648,1000.0
167,pohang__1khz_50ns_20deci_2m_UTC+0900_DST0_20190623_172251.825,pohang,pohang,pohang,noise,0,/home/ted1204/MS_Detection_Datamaker/MS_datamaker_PH/data/noise/1khz_50ns_20deci_2m_UTC+0900_DST0_20190623_172251.825.tdms,1khz_50ns_20deci_2m_UTC+0900_DST0_20190623_172251.825.tdms,1khz_50ns_20deci_2m_UTC+0900_DST0_20190623_172251.825,6.0,8.0,243,648,1000.0
168,pohang__1khz_50ns_20deci_2m_UTC+0900_DST0_20190623_172251.825,pohang,pohang,pohang,noise,0,/home/ted1204/MS_Detection_Datamaker/MS_datamaker_PH/data/noise/1khz_50ns_20deci_2m_UTC+0900_DST0_20190623_172251.825.tdms,1khz_50ns_20deci_2m_UTC+0900_DST0_20190623_172251.825.tdms,1khz_50ns_20deci_2m_UTC+0900_DST0_20190623_172251.825,7.0,9.0,243,648,1000.0
169,pohang__1khz_50ns_20deci_2m_UTC+0900_DST0_20190623_172251.825,pohang,pohang,pohang,noise,0,/home/ted1204/MS_Detection_Datamaker/MS_datamaker_PH/data/noise/1khz_50ns_20deci_2m_UTC+0900_DST0_20190623_172251.825.tdms,1khz_50ns_20deci_2m_UTC+0900_DST0_20190623_172251.825.tdms,1khz_50ns_20deci_2m_UTC+0900_DST0_20190623_172251.825,8.0,10.0,243,648,1000.0
170,pohang__1khz_50ns_20deci_2m_UTC+0900_DST0_20190623_172251.825,pohang,pohang,pohang,noise,0,/home/ted1204/MS_Detection_Datamaker/MS_datamaker_PH/data/noise/1khz_50ns_20deci_2m_UTC+0900_DST0_20190623_172251.825.tdms,1khz_50ns_20deci_2m_UTC+0900_DST0_20190623_172251.825.tdms,1khz_50ns_20deci_2m_UTC+0900_DST0_20190623_172251.825,9.0,11.0,243,648,1000.0
171,pohang__1khz_50ns_20deci_2m_UTC+0900_DST0_20190623_172251.825,pohang,pohang,pohang,noise,0,/home/ted1204/MS_Detection_Datamaker/MS_datamaker_PH/data/noise/1khz_50ns_20deci_2m_UTC+0900_DST0_20190623_172251.825.tdms,1khz_50ns_20deci_2m_UTC+0900_DST0_20190623_172251.825.tdms,1khz_50ns_20deci_2m_UTC+0900_DST0_20190623_172251.825,11.0,13.0,243,648,1000.0
172,pohang__1khz_50ns_20deci_2m_UTC+0900_DST0_20190623_172251.825,pohang,pohang,pohang,noise,0,/home/ted1204/MS_Detection_Datamaker/MS_datamaker_PH/data/noise/1khz_50ns_20deci_2m_UTC+0900_DST0_20190623_172251.825.tdms,1khz_50ns_20deci_2m_UTC+0900_DST0_20190623_172251.825.tdms,1khz_50ns_20deci_2m_UTC+0900_DST0_20190623_172251.825,13.0,15.0,243,648,1000.0
173,pohang__1khz_50ns_20deci_2m_UTC+0900_DST0_20190623_172251.825,pohang,pohang,pohang,noise,0,/home/ted1204/MS_Detection_Datamaker/MS_datamaker_PH/data/noise/1khz_50ns_20deci_2m_UTC+0900_DST0_20190623_172251.825.tdms,1khz_50ns_20deci_2m_UTC+0900_DST0_20190623_172251.825.tdms,1khz_50ns_20deci_2m_UTC+0900_DST0_20190623_172251.825,16.0,18.0,243,648,1000.0
174,pohang__1khz_50ns_20deci_2m_UTC+0900_DST0_20190623_172251.825,pohang,pohang,pohang,noise,0,/home/ted1204/MS_Detection_Datamaker/MS_datamaker_PH/data/noise/1khz_50ns_20deci_2m_UTC+0900_DST0_20190623_172251.825.tdms,1khz_50ns_20deci_2m_UTC+0900_DST0_20190623_172251.825.tdms,1khz_50ns_20deci_2m_UTC+0900_DST0_20190623_172251.825,17.0,19.0,243,648,1000.0
175,pohang__1khz_50ns_20deci_2m_UTC+0900_DST0_20190623_172251.825,pohang,pohang,pohang,noise,0,/home/ted1204/MS_Detection_Datamaker/MS_datamaker_PH/data/noise/1khz_50ns_20deci_2m_UTC+0900_DST0_20190623_172251.825.tdms,1khz_50ns_20deci_2m_UTC+0900_DST0_20190623_172251.825.tdms,1khz_50ns_20deci_2m_UTC+0900_DST0_20190623_172251.825,19.0,21.0,243,648,1000.0
176,pohang__1khz_50ns_20deci_2m_UTC+0900_DST0_20190623_172251.825,pohang,pohang,pohang,noise,0,/home/ted1204/MS_Detection_Datamaker/MS_datamaker_PH/data/noise/1khz_50ns_20deci_2m_UTC+0900_DST0_20190623_172251.825.tdms,1khz_50ns_20deci_2m_UTC+0900_DST0_20190623_172251.825.tdms,1khz_50ns_20deci_2m_UTC+0900_DST0_20190623_172251.825,20.0,22.0,243,648,1000.0
177,pohang__1khz_50ns_20deci_2m_UTC+0900_DST0_20190623_172251.825,pohang,pohang,pohang,noise,0,/home/ted1204/MS_Detection_Datamaker/MS_datamaker_PH/data/noise/1khz_50ns_20deci_2m_UTC+0900_DST0_20190623_172251.825.tdms,1khz_50ns_20deci_2m_UTC+0900_DST0_20190623_172251.825.tdms,1khz_50ns_20deci_2m_UTC+0900_DST0_20190623_172251.825,21.0,23.0,243,648,1000.0
178,pohang__1khz_50ns_20deci_2m_UTC+0900_DST0_20190623_172251.825,pohang,pohang,pohang,noise,0,/home/ted1204/MS_Detection_Datamaker/MS_datamaker_PH/data/noise/1khz_50ns_20deci_2m_UTC+0900_DST0_20190623_172251.825.tdms,1khz_50ns_20deci_2m_UTC+0900_DST0_20190623_172251.825.tdms,1khz_50ns_20deci_2m_UTC+0900_DST0_20190623_172251.825,22.0,24.0,243,648,1000.0
179,pohang__1khz_50ns_20deci_2m_UTC+0900_DST0_20190623_172251.825,pohang,pohang,pohang,noise,0,/home/ted1204/MS_Detection_Datamaker/MS_datamaker_PH/data/noise/1khz_50ns_20deci_2m_UTC+0900_DST0_20190623_172251.825.tdms,1khz_50ns_20deci_2m_UTC+0900_DST0_20190623_172251.825.tdms,1khz_50ns_20deci_2m_UTC+0900_DST0_20190623_172251.825,28.0,30.0,243,648,1000.0
180,pohang__1khz_50ns_20deci_2m_UTC+0900_DST0_20190624_165451.825,pohang,pohang,pohang,noise,0,/home/ted1204/MS_Detection_Datamaker/MS_datamaker_PH/data/noise/1khz_50ns_20deci_2m_UTC+0900_DST0_20190624_165451.825.tdms,1khz_50ns_20deci_2m_UTC+0900_DST0_20190624_165451.825.tdms,1khz_50ns_20deci_2m_UTC+0900_DST0_20190624_165451.825,1.0,3.0,243,648,1000.0
181,pohang__1khz_50ns_20deci_2m_UTC+0900_DST0_20190624_165451.825,pohang,pohang,pohang,noise,0,/home/ted1204/MS_Detection_Datamaker/MS_datamaker_PH/data/noise/1khz_50ns_20deci_2m_UTC+0900_DST0_20190624_165451.825.tdms,1khz_50ns_20deci_2m_UTC+0900_DST0_20190624_165451.825.tdms,1khz_50ns_20deci_2m_UTC+0900_DST0_20190624_165451.825,2.0,4.0,243,648,1000.0
182,pohang__1khz_50ns_20deci_2m_UTC+0900_DST0_20190624_165451.825,pohang,pohang,pohang,noise,0,/home/ted1204/MS_Detection_Datamaker/MS_datamaker_PH/data/noise/1khz_50ns_20deci_2m_UTC+0900_DST0_20190624_165451.825.tdms,1khz_50ns_20deci_2m_UTC+0900_DST0_20190624_165451.825.tdms,1khz_50ns_20deci_2m_UTC+0900_DST0_20190624_165451.825,4.0,6.0,243,648,1000.0
183,pohang__1khz_50ns_20deci_2m_UTC+0900_DST0_20190624_165451.825,pohang,pohang,pohang,noise,0,/home/ted1204/MS_Detection_Datamaker/MS_datamaker_PH/data/noise/1khz_50ns_20deci_2m_UTC+0900_DST0_20190624_165451.825.tdms,1khz_50ns_20deci_2m_UTC+0900_DST0_20190624_165451.825.tdms,1khz_50ns_20deci_2m_UTC+0900_DST0_20190624_165451.825,5.0,7.0,243,648,1000.0
184,pohang__1khz_50ns_20deci_2m_UTC+0900_DST0_20190624_165451.825,pohang,pohang,pohang,noise,0,/home/ted1204/MS_Detection_Datamaker/MS_datamaker_PH/data/noise/1khz_50ns_20deci_2m_UTC+0900_DST0_20190624_165451.825.tdms,1khz_50ns_20deci_2m_UTC+0900_DST0_20190624_165451.825.tdms,1khz_50ns_20deci_2m_UTC+0900_DST0_20190624_165451.825,6.0,8.0,243,648,1000.0
185,pohang__1khz_50ns_20deci_2m_UTC+0900_DST0_20190624_165451.825,pohang,pohang,pohang,noise,0,/home/ted1204/MS_Detection_Datamaker/MS_datamaker_PH/data/noise/1khz_50ns_20deci_2m_UTC+0900_DST0_20190624_165451.825.tdms,1khz_50ns_20deci_2m_UTC+0900_DST0_20190624_165451.825.tdms,1khz_50ns_20deci_2m_UTC+0900_DST0_20190624_165451.825,10.0,12.0,243,648,1000.0
186,pohang__1khz_50ns_20deci_2m_UTC+0900_DST0_20190624_165451.825,pohang,pohang,pohang,noise,0,/home/ted1204/MS_Detection_Datamaker/MS_datamaker_PH/data/noise/1khz_50ns_20deci_2m_UTC+0900_DST0_20190624_165451.825.tdms,1khz_50ns_20deci_2m_UTC+0900_DST0_20190624_165451.825.tdms,1khz_50ns_20deci_2m_UTC+0900_DST0_20190624_165451.825,11.0,13.0,243,648,1000.0
187,pohang__1khz_50ns_20deci_2m_UTC+0900_DST0_20190624_165451.825,pohang,pohang,pohang,noise,0,/home/ted1204/MS_Detection_Datamaker/MS_datamaker_PH/data/noise/1khz_50ns_20deci_2m_UTC+0900_DST0_20190624_165451.825.tdms,1khz_50ns_20deci_2m_UTC+0900_DST0_20190624_165451.825.tdms,1khz_50ns_20deci_2m_UTC+0900_DST0_20190624_165451.825,13.0,15.0,243,648,1000.0
188,pohang__1khz_50ns_20deci_2m_UTC+0900_DST0_20190624_165451.825,pohang,pohang,pohang,noise,0,/home/ted1204/MS_Detection_Datamaker/MS_datamaker_PH/data/noise/1khz_50ns_20deci_2m_UTC+0900_DST0_20190624_165451.825.tdms,1khz_50ns_20deci_2m_UTC+0900_DST0_20190624_165451.825.tdms,1khz_50ns_20deci_2m_UTC+0900_DST0_20190624_165451.825,15.0,17.0,243,648,1000.0
189,pohang__1khz_50ns_20deci_2m_UTC+0900_DST0_20190624_165451.825,pohang,pohang,pohang,noise,0,/home/ted1204/MS_Detection_Datamaker/MS_datamaker_PH/data/noise/1khz_50ns_20deci_2m_UTC+0900_DST0_20190624_165451.825.tdms,1khz_50ns_20deci_2m_UTC+0900_DST0_20190624_165451.825.tdms,1khz_50ns_20deci_2m_UTC+0900_DST0_20190624_165451.825,17.0,19.0,243,648,1000.0
190,pohang__1khz_50ns_20deci_2m_UTC+0900_DST0_20190624_165451.825,pohang,pohang,pohang,noise,0,/home/ted1204/MS_Detection_Datamaker/MS_datamaker_PH/data/noise/1khz_50ns_20deci_2m_UTC+0900_DST0_20190624_165451.825.tdms,1khz_50ns_20deci_2m_UTC+0900_DST0_20190624_165451.825.tdms,1khz_50ns_20deci_2m_UTC+0900_DST0_20190624_165451.825,20.0,22.0,243,648,1000.0
191,pohang__1khz_50ns_20deci_2m_UTC+0900_DST0_20190624_165451.825,pohang,pohang,pohang,noise,0,/home/ted1204/MS_Detection_Datamaker/MS_datamaker_PH/data/noise/1khz_50ns_20deci_2m_UTC+0900_DST0_20190624_165451.825.tdms,1khz_50ns_20deci_2m_UTC+0900_DST0_20190624_165451.825.tdms,1khz_50ns_20deci_2m_UTC+0900_DST0_20190624_165451.825,21.0,23.0,243,648,1000.0
192,pohang__1khz_50ns_20deci_2m_UTC+0900_DST0_20190624_165451.825,pohang,pohang,pohang,noise,0,/home/ted1204/MS_Detection_Datamaker/MS_datamaker_PH/data/noise/1khz_50ns_20deci_2m_UTC+0900_DST0_20190624_165451.825.tdms,1khz_50ns_20deci_2m_UTC+0900_DST0_20190624_165451.825.tdms,1khz_50ns_20deci_2m_UTC+0900_DST0_20190624_165451.825,23.0,25.0,243,648,1000.0
193,pohang__1khz_50ns_20deci_2m_UTC+0900_DST0_20190624_165451.825,pohang,pohang,pohang,noise,0,/home/ted1204/MS_Detection_Datamaker/MS_datamaker_PH/data/noise/1khz_50ns_20deci_2m_UTC+0900_DST0_20190624_165451.825.tdms,1khz_50ns_20deci_2m_UTC+0900_DST0_20190624_165451.825.tdms,1khz_50ns_20deci_2m_UTC+0900_DST0_20190624_165451.825,24.0,26.0,243,648,1000.0
194,pohang__1khz_50ns_20deci_2m_UTC+0900_DST0_20190624_165451.825,pohang,pohang,pohang,noise,0,/home/ted1204/MS_Detection_Datamaker/MS_datamaker_PH/data/noise/1khz_50ns_20deci_2m_UTC+0900_DST0_20190624_165451.825.tdms,1khz_50ns_20deci_2m_UTC+0900_DST0_20190624_165451.825.tdms,1khz_50ns_20deci_2m_UTC+0900_DST0_20190624_165451.825,28.0,30.0,243,648,1000.0
195,pohang__1khz_50ns_20deci_2m_UTC+0900_DST0_20190628_132321.825,pohang,pohang,pohang,noise,0,/home/ted1204/MS_Detection_Datamaker/MS_datamaker_PH/data/noise/1khz_50ns_20deci_2m_UTC+0900_DST0_20190628_132321.825.tdms,1khz_50ns_20deci_2m_UTC+0900_DST0_20190628_132321.825.tdms,1khz_50ns_20deci_2m_UTC+0900_DST0_20190628_132321.825,0.0,2.0,243,648,1000.0
196,pohang__1khz_50ns_20deci_2m_UTC+0900_DST0_20190628_132321.825,pohang,pohang,pohang,noise,0,/home/ted1204/MS_Detection_Datamaker/MS_datamaker_PH/data/noise/1khz_50ns_20deci_2m_UTC+0900_DST0_20190628_132321.825.tdms,1khz_50ns_20deci_2m_UTC+0900_DST0_20190628_132321.825.tdms,1khz_50ns_20deci_2m_UTC+0900_DST0_20190628_132321.825,2.0,4.0,243,648,1000.0
197,pohang__1khz_50ns_20deci_2m_UTC+0900_DST0_20190628_132321.825,pohang,pohang,pohang,noise,0,/home/ted1204/MS_Detection_Datamaker/MS_datamaker_PH/data/noise/1khz_50ns_20deci_2m_UTC+0900_DST0_20190628_132321.825.tdms,1khz_50ns_20deci_2m_UTC+0900_DST0_20190628_132321.825.tdms,1khz_50ns_20deci_2m_UTC+0900_DST0_20190628_132321.825,4.0,6.0,243,648,1000.0
198,pohang__1khz_50ns_20deci_2m_UTC+0900_DST0_20190628_132321.825,pohang,pohang,pohang,noise,0,/home/ted1204/MS_Detection_Datamaker/MS_datamaker_PH/data/noise/1khz_50ns_20deci_2m_UTC+0900_DST0_20190628_132321.825.tdms,1khz_50ns_20deci_2m_UTC+0900_DST0_20190628_132321.825.tdms,1khz_50ns_20deci_2m_UTC+0900_DST0_20190628_132321.825,9.0,11.0,243,648,1000.0
199,pohang__1khz_50ns_20deci_2m_UTC+0900_DST0_20190628_132321.825,pohang,pohang,pohang,noise,0,/home/ted1204/MS_Detection_Datamaker/MS_datamaker_PH/data/noise/1khz_50ns_20deci_2m_UTC+0900_DST0_20190628_132321.825.tdms,1khz_50ns_20deci_2m_UTC+0900_DST0_20190628_132321.825.tdms,1khz_50ns_20deci_2m_UTC+0900_DST0_20190628_132321.825,11.0,13.0,243,648,1000.0
200,pohang__1khz_50ns_20deci_2m_UTC+0900_DST0_20190628_132321.825,pohang,pohang,pohang,noise,0,/home/ted1204/MS_Detection_Datamaker/MS_datamaker_PH/data/noise/1khz_50ns_20deci_2m_UTC+0900_DST0_20190628_132321.825.tdms,1khz_50ns_20deci_2m_UTC+0900_DST0_20190628_132321.825.tdms,1khz_50ns_20deci_2m_UTC+0900_DST0_20190628_132321.825,15.0,17.0,243,648,1000.0
201,pohang__1khz_50ns_20deci_2m_UTC+0900_DST0_20190628_132321.825,pohang,pohang,pohang,noise,0,/home/ted1204/MS_Detection_Datamaker/MS_datamaker_PH/data/noise/1khz_50ns_20deci_2m_UTC+0900_DST0_20190628_132321.825.tdms,1khz_50ns_20deci_2m_UTC+0900_DST0_20190628_132321.825.tdms,1khz_50ns_20deci_2m_UTC+0900_DST0_20190628_132321.825,16.0,18.0,243,648,1000.0
202,pohang__1khz_50ns_20deci_2m_UTC+0900_DST0_20190628_132321.825,pohang,pohang,pohang,noise,0,/home/ted1204/MS_Detection_Datamaker/MS_datamaker_PH/data/noise/1khz_50ns_20deci_2m_UTC+0900_DST0_20190628_132321.825.tdms,1khz_50ns_20deci_2m_UTC+0900_DST0_20190628_132321.825.tdms,1khz_50ns_20deci_2m_UTC+0900_DST0_20190628_132321.825,19.0,21.0,243,648,1000.0
203,pohang__1khz_50ns_20deci_2m_UTC+0900_DST0_20190628_132321.825,pohang,pohang,pohang,noise,0,/home/ted1204/MS_Detection_Datamaker/MS_datamaker_PH/data/noise/1khz_50ns_20deci_2m_UTC+0900_DST0_20190628_132321.825.tdms,1khz_50ns_20deci_2m_UTC+0900_DST0_20190628_132321.825.tdms,1khz_50ns_20deci_2m_UTC+0900_DST0_20190628_132321.825,20.0,22.0,243,648,1000.0
204,pohang__1khz_50ns_20deci_2m_UTC+0900_DST0_20190628_132321.825,pohang,pohang,pohang,noise,0,/home/ted1204/MS_Detection_Datamaker/MS_datamaker_PH/data/noise/1khz_50ns_20deci_2m_UTC+0900_DST0_20190628_132321.825.tdms,1khz_50ns_20deci_2m_UTC+0900_DST0_20190628_132321.825.tdms,1khz_50ns_20deci_2m_UTC+0900_DST0_20190628_132321.825,21.0,23.0,243,648,1000.0
205,pohang__1khz_50ns_20deci_2m_UTC+0900_DST0_20190628_132321.825,pohang,pohang,pohang,noise,0,/home/ted1204/MS_Detection_Datamaker/MS_datamaker_PH/data/noise/1khz_50ns_20deci_2m_UTC+0900_DST0_20190628_132321.825.tdms,1khz_50ns_20deci_2m_UTC+0900_DST0_20190628_132321.825.tdms,1khz_50ns_20deci_2m_UTC+0900_DST0_20190628_132321.825,23.0,25.0,243,648,1000.0
206,pohang__1khz_50ns_20deci_2m_UTC+0900_DST0_20190628_132321.825,pohang,pohang,pohang,noise,0,/home/ted1204/MS_Detection_Datamaker/MS_datamaker_PH/data/noise/1khz_50ns_20deci_2m_UTC+0900_DST0_20190628_132321.825.tdms,1khz_50ns_20deci_2m_UTC+0900_DST0_20190628_132321.825.tdms,1khz_50ns_20deci_2m_UTC+0900_DST0_20190628_132321.825,24.0,26.0,243,648,1000.0
207,pohang__1khz_50ns_20deci_2m_UTC+0900_DST0_20190628_132321.825,pohang,pohang,pohang,noise,0,/home/ted1204/MS_Detection_Datamaker/MS_datamaker_PH/data/noise/1khz_50ns_20deci_2m_UTC+0900_DST0_20190628_132321.825.tdms,1khz_50ns_20deci_2m_UTC+0900_DST0_20190628_132321.825.tdms,1khz_50ns_20deci_2m_UTC+0900_DST0_20190628_132321.825,26.0,28.0,243,648,1000.0
208,pohang__1khz_50ns_20deci_2m_UTC+0900_DST0_20190628_132321.825,pohang,pohang,pohang,noise,0,/home/ted1204/MS_Detection_Datamaker/MS_datamaker_PH/data/noise/1khz_50ns_20deci_2m_UTC+0900_DST0_20190628_132321.825.tdms,1khz_50ns_20deci_2m_UTC+0900_DST0_20190628_132321.825.tdms,1khz_50ns_20deci_2m_UTC+0900_DST0_20190628_132321.825,27.0,29.0,243,648,1000.0
209,pohang__1khz_50ns_20deci_2m_UTC+0900_DST0_20190628_132321.825,pohang,pohang,pohang,noise,0,/home/ted1204/MS_Detection_Datamaker/MS_datamaker_PH/data/noise/1khz_50ns_20deci_2m_UTC+0900_DST0_20190628_132321.825.tdms,1khz_50ns_20deci_2m_UTC+0900_DST0_20190628_132321.825.tdms,1khz_50ns_20deci_2m_UTC+0900_DST0_20190628_132321.825,28.0,30.0,243,648,1000.0
210,pohang__1khz_50ns_20deci_2m_UTC+0900_DST0_20190628_231151.825,pohang,pohang,pohang,noise,0,/home/ted1204/MS_Detection_Datamaker/MS_datamaker_PH/data/noise/1khz_50ns_20deci_2m_UTC+0900_DST0_20190628_231151.825.tdms,1khz_50ns_20deci_2m_UTC+0900_DST0_20190628_231151.825.tdms,1khz_50ns_20deci_2m_UTC+0900_DST0_20190628_231151.825,2.0,4.0,243,648,1000.0
211,pohang__1khz_50ns_20deci_2m_UTC+0900_DST0_20190628_231151.825,pohang,pohang,pohang,noise,0,/home/ted1204/MS_Detection_Datamaker/MS_datamaker_PH/data/noise/1khz_50ns_20deci_2m_UTC+0900_DST0_20190628_231151.825.tdms,1khz_50ns_20deci_2m_UTC+0900_DST0_20190628_231151.825.tdms,1khz_50ns_20deci_2m_UTC+0900_DST0_20190628_231151.825,3.0,5.0,243,648,1000.0
212,pohang__1khz_50ns_20deci_2m_UTC+0900_DST0_20190628_231151.825,pohang,pohang,pohang,noise,0,/home/ted1204/MS_Detection_Datamaker/MS_datamaker_PH/data/noise/1khz_50ns_20deci_2m_UTC+0900_DST0_20190628_231151.825.tdms,1khz_50ns_20deci_2m_UTC+0900_DST0_20190628_231151.825.tdms,1khz_50ns_20deci_2m_UTC+0900_DST0_20190628_231151.825,6.0,8.0,243,648,1000.0
213,pohang__1khz_50ns_20deci_2m_UTC+0900_DST0_20190628_231151.825,pohang,pohang,pohang,noise,0,/home/ted1204/MS_Detection_Datamaker/MS_datamaker_PH/data/noise/1khz_50ns_20deci_2m_UTC+0900_DST0_20190628_231151.825.tdms,1khz_50ns_20deci_2m_UTC+0900_DST0_20190628_231151.825.tdms,1khz_50ns_20deci_2m_UTC+0900_DST0_20190628_231151.825,11.0,13.0,243,648,1000.0
214,pohang__1khz_50ns_20deci_2m_UTC+0900_DST0_20190628_231151.825,pohang,pohang,pohang,noise,0,/home/ted1204/MS_Detection_Datamaker/MS_datamaker_PH/data/noise/1khz_50ns_20deci_2m_UTC+0900_DST0_20190628_231151.825.tdms,1khz_50ns_20deci_2m_UTC+0900_DST0_20190628_231151.825.tdms,1khz_50ns_20deci_2m_UTC+0900_DST0_20190628_231151.825,13.0,15.0,243,648,1000.0
215,pohang__1khz_50ns_20deci_2m_UTC+0900_DST0_20190628_231151.825,pohang,pohang,pohang,noise,0,/home/ted1204/MS_Detection_Datamaker/MS_datamaker_PH/data/noise/1khz_50ns_20deci_2m_UTC+0900_DST0_20190628_231151.825.tdms,1khz_50ns_20deci_2m_UTC+0900_DST0_20190628_231151.825.tdms,1khz_50ns_20deci_2m_UTC+0900_DST0_20190628_231151.825,14.0,16.0,243,648,1000.0
216,pohang__1khz_50ns_20deci_2m_UTC+0900_DST0_20190628_231151.825,pohang,pohang,pohang,noise,0,/home/ted1204/MS_Detection_Datamaker/MS_datamaker_PH/data/noise/1khz_50ns_20deci_2m_UTC+0900_DST0_20190628_231151.825.tdms,1khz_50ns_20deci_2m_UTC+0900_DST0_20190628_231151.825.tdms,1khz_50ns_20deci_2m_UTC+0900_DST0_20190628_231151.825,16.0,18.0,243,648,1000.0
217,pohang__1khz_50ns_20deci_2m_UTC+0900_DST0_20190628_231151.825,pohang,pohang,pohang,noise,0,/home/ted1204/MS_Detection_Datamaker/MS_datamaker_PH/data/noise/1khz_50ns_20deci_2m_UTC+0900_DST0_20190628_231151.825.tdms,1khz_50ns_20deci_2m_UTC+0900_DST0_20190628_231151.825.tdms,1khz_50ns_20deci_2m_UTC+0900_DST0_20190628_231151.825,18.0,20.0,243,648,1000.0
218,pohang__1khz_50ns_20deci_2m_UTC+0900_DST0_20190628_231151.825,pohang,pohang,pohang,noise,0,/home/ted1204/MS_Detection_Datamaker/MS_datamaker_PH/data/noise/1khz_50ns_20deci_2m_UTC+0900_DST0_20190628_231151.825.tdms,1khz_50ns_20deci_2m_UTC+0900_DST0_20190628_231151.825.tdms,1khz_50ns_20deci_2m_UTC+0900_DST0_20190628_231151.825,19.0,21.0,243,648,1000.0
219,pohang__1khz_50ns_20deci_2m_UTC+0900_DST0_20190628_231151.825,pohang,pohang,pohang,noise,0,/home/ted1204/MS_Detection_Datamaker/MS_datamaker_PH/data/noise/1khz_50ns_20deci_2m_UTC+0900_DST0_20190628_231151.825.tdms,1khz_50ns_20deci_2m_UTC+0900_DST0_20190628_231151.825.tdms,1khz_50ns_20deci_2m_UTC+0900_DST0_20190628_231151.825,22.0,24.0,243,648,1000.0
220,pohang__1khz_50ns_20deci_2m_UTC+0900_DST0_20190628_231151.825,pohang,pohang,pohang,noise,0,/home/ted1204/MS_Detection_Datamaker/MS_datamaker_PH/data/noise/1khz_50ns_20deci_2m_UTC+0900_DST0_20190628_231151.825.tdms,1khz_50ns_20deci_2m_UTC+0900_DST0_20190628_231151.825.tdms,1khz_50ns_20deci_2m_UTC+0900_DST0_20190628_231151.825,24.0,26.0,243,648,1000.0
221,pohang__1khz_50ns_20deci_2m_UTC+0900_DST0_20190628_231151.825,pohang,pohang,pohang,noise,0,/home/ted1204/MS_Detection_Datamaker/MS_datamaker_PH/data/noise/1khz_50ns_20deci_2m_UTC+0900_DST0_20190628_231151.825.tdms,1khz_50ns_20deci_2m_UTC+0900_DST0_20190628_231151.825.tdms,1khz_50ns_20deci_2m_UTC+0900_DST0_20190628_231151.825,25.0,27.0,243,648,1000.0
222,pohang__1khz_50ns_20deci_2m_UTC+0900_DST0_20190628_231151.825,pohang,pohang,pohang,noise,0,/home/ted1204/MS_Detection_Datamaker/MS_datamaker_PH/data/noise/1khz_50ns_20deci_2m_UTC+0900_DST0_20190628_231151.825.tdms,1khz_50ns_20deci_2m_UTC+0900_DST0_20190628_231151.825.tdms,1khz_50ns_20deci_2m_UTC+0900_DST0_20190628_231151.825,26.0,28.0,243,648,1000.0
223,pohang__1khz_50ns_20deci_2m_UTC+0900_DST0_20190628_231151.825,pohang,pohang,pohang,noise,0,/home/ted1204/MS_Detection_Datamaker/MS_datamaker_PH/data/noise/1khz_50ns_20deci_2m_UTC+0900_DST0_20190628_231151.825.tdms,1khz_50ns_20deci_2m_UTC+0900_DST0_20190628_231151.825.tdms,1khz_50ns_20deci_2m_UTC+0900_DST0_20190628_231151.825,27.0,29.0,243,648,1000.0
224,pohang__1khz_50ns_20deci_2m_UTC+0900_DST0_20190628_231151.825,pohang,pohang,pohang,noise,0,/home/ted1204/MS_Detection_Datamaker/MS_datamaker_PH/data/noise/1khz_50ns_20deci_2m_UTC+0900_DST0_20190628_231151.825.tdms,1khz_50ns_20deci_2m_UTC+0900_DST0_20190628_231151.825.tdms,1khz_50ns_20deci_2m_UTC+0900_DST0_20190628_231151.825,28.0,30.0,243,648,1000.0
225,pohang__1khz_50ns_20deci_2m_UTC+0900_DST0_20190629_212851.825,pohang,pohang,pohang,noise,0,/home/ted1204/MS_Detection_Datamaker/MS_datamaker_PH/data/noise/1khz_50ns_20deci_2m_UTC+0900_DST0_20190629_212851.825.tdms,1khz_50ns_20deci_2m_UTC+0900_DST0_20190629_212851.825.tdms,1khz_50ns_20deci_2m_UTC+0900_DST0_20190629_212851.825,1.0,3.0,243,648,1000.0
226,pohang__1khz_50ns_20deci_2m_UTC+0900_DST0_20190629_212851.825,pohang,pohang,pohang,noise,0,/home/ted1204/MS_Detection_Datamaker/MS_datamaker_PH/data/noise/1khz_50ns_20deci_2m_UTC+0900_DST0_20190629_212851.825.tdms,1khz_50ns_20deci_2m_UTC+0900_DST0_20190629_212851.825.tdms,1khz_50ns_20deci_2m_UTC+0900_DST0_20190629_212851.825,2.0,4.0,243,648,1000.0
227,pohang__1khz_50ns_20deci_2m_UTC+0900_DST0_20190629_212851.825,pohang,pohang,pohang,noise,0,/home/ted1204/MS_Detection_Datamaker/MS_datamaker_PH/data/noise/1khz_50ns_20deci_2m_UTC+0900_DST0_20190629_212851.825.tdms,1khz_50ns_20deci_2m_UTC+0900_DST0_20190629_212851.825.tdms,1khz_50ns_20deci_2m_UTC+0900_DST0_20190629_212851.825,6.0,8.0,243,648,1000.0
228,pohang__1khz_50ns_20deci_2m_UTC+0900_DST0_20190629_212851.825,pohang,pohang,pohang,noise,0,/home/ted1204/MS_Detection_Datamaker/MS_datamaker_PH/data/noise/1khz_50ns_20deci_2m_UTC+0900_DST0_20190629_212851.825.tdms,1khz_50ns_20deci_2m_UTC+0900_DST0_20190629_212851.825.tdms,1khz_50ns_20deci_2m_UTC+0900_DST0_20190629_212851.825,7.0,9.0,243,648,1000.0
229,pohang__1khz_50ns_20deci_2m_UTC+0900_DST0_20190629_212851.825,pohang,pohang,pohang,noise,0,/home/ted1204/MS_Detection_Datamaker/MS_datamaker_PH/data/noise/1khz_50ns_20deci_2m_UTC+0900_DST0_20190629_212851.825.tdms,1khz_50ns_20deci_2m_UTC+0900_DST0_20190629_212851.825.tdms,1khz_50ns_20deci_2m_UTC+0900_DST0_20190629_212851.825,8.0,10.0,243,648,1000.0
230,pohang__1khz_50ns_20deci_2m_UTC+0900_DST0_20190629_212851.825,pohang,pohang,pohang,noise,0,/home/ted1204/MS_Detection_Datamaker/MS_datamaker_PH/data/noise/1khz_50ns_20deci_2m_UTC+0900_DST0_20190629_212851.825.tdms,1khz_50ns_20deci_2m_UTC+0900_DST0_20190629_212851.825.tdms,1khz_50ns_20deci_2m_UTC+0900_DST0_20190629_212851.825,9.0,11.0,243,648,1000.0
231,pohang__1khz_50ns_20deci_2m_UTC+0900_DST0_20190629_212851.825,pohang,pohang,pohang,noise,0,/home/ted1204/MS_Detection_Datamaker/MS_datamaker_PH/data/noise/1khz_50ns_20deci_2m_UTC+0900_DST0_20190629_212851.825.tdms,1khz_50ns_20deci_2m_UTC+0900_DST0_20190629_212851.825.tdms,1khz_50ns_20deci_2m_UTC+0900_DST0_20190629_212851.825,10.0,12.0,243,648,1000.0
232,pohang__1khz_50ns_20deci_2m_UTC+0900_DST0_20190629_212851.825,pohang,pohang,pohang,noise,0,/home/ted1204/MS_Detection_Datamaker/MS_datamaker_PH/data/noise/1khz_50ns_20deci_2m_UTC+0900_DST0_20190629_212851.825.tdms,1khz_50ns_20deci_2m_UTC+0900_DST0_20190629_212851.825.tdms,1khz_50ns_20deci_2m_UTC+0900_DST0_20190629_212851.825,13.0,15.0,243,648,1000.0
233,pohang__1khz_50ns_20deci_2m_UTC+0900_DST0_20190629_212851.825,pohang,pohang,pohang,noise,0,/home/ted1204/MS_Detection_Datamaker/MS_datamaker_PH/data/noise/1khz_50ns_20deci_2m_UTC+0900_DST0_20190629_212851.825.tdms,1khz_50ns_20deci_2m_UTC+0900_DST0_20190629_212851.825.tdms,1khz_50ns_20deci_2m_UTC+0900_DST0_20190629_212851.825,16.0,18.0,243,648,1000.0
234,pohang__1khz_50ns_20deci_2m_UTC+0900_DST0_20190629_212851.825,pohang,pohang,pohang,noise,0,/home/ted1204/MS_Detection_Datamaker/MS_datamaker_PH/data/noise/1khz_50ns_20deci_2m_UTC+0900_DST0_20190629_212851.825.tdms,1khz_50ns_20deci_2m_UTC+0900_DST0_20190629_212851.825.tdms,1khz_50ns_20deci_2m_UTC+0900_DST0_20190629_212851.825,19.0,21.0,243,648,1000.0
235,pohang__1khz_50ns_20deci_2m_UTC+0900_DST0_20190629_212851.825,pohang,pohang,pohang,noise,0,/home/ted1204/MS_Detection_Datamaker/MS_datamaker_PH/data/noise/1khz_50ns_20deci_2m_UTC+0900_DST0_20190629_212851.825.tdms,1khz_50ns_20deci_2m_UTC+0900_DST0_20190629_212851.825.tdms,1khz_50ns_20deci_2m_UTC+0900_DST0_20190629_212851.825,21.0,23.0,243,648,1000.0
236,pohang__1khz_50ns_20deci_2m_UTC+0900_DST0_20190629_212851.825,pohang,pohang,pohang,noise,0,/home/ted1204/MS_Detection_Datamaker/MS_datamaker_PH/data/noise/1khz_50ns_20deci_2m_UTC+0900_DST0_20190629_212851.825.tdms,1khz_50ns_20deci_2m_UTC+0900_DST0_20190629_212851.825.tdms,1khz_50ns_20deci_2m_UTC+0900_DST0_20190629_212851.825,22.0,24.0,243,648,1000.0
237,pohang__1khz_50ns_20deci_2m_UTC+0900_DST0_20190629_212851.825,pohang,pohang,pohang,noise,0,/home/ted1204/MS_Detection_Datamaker/MS_datamaker_PH/data/noise/1khz_50ns_20deci_2m_UTC+0900_DST0_20190629_212851.825.tdms,1khz_50ns_20deci_2m_UTC+0900_DST0_20190629_212851.825.tdms,1khz_50ns_20deci_2m_UTC+0900_DST0_20190629_212851.825,23.0,25.0,243,648,1000.0
238,pohang__1khz_50ns_20deci_2m_UTC+0900_DST0_20190629_212851.825,pohang,pohang,pohang,noise,0,/home/ted1204/MS_Detection_Datamaker/MS_datamaker_PH/data/noise/1khz_50ns_20deci_2m_UTC+0900_DST0_20190629_212851.825.tdms,1khz_50ns_20deci_2m_UTC+0900_DST0_20190629_212851.825.tdms,1khz_50ns_20deci_2m_UTC+0900_DST0_20190629_212851.825,26.0,28.0,243,648,1000.0
239,pohang__1khz_50ns_20deci_2m_UTC+0900_DST0_20190629_212851.825,pohang,pohang,pohang,noise,0,/home/ted1204/MS_Detection_Datamaker/MS_datamaker_PH/data/noise/1khz_50ns_20deci_2m_UTC+0900_DST0_20190629_212851.825.tdms,1khz_50ns_20deci_2m_UTC+0900_DST0_20190629_212851.825.tdms,1khz_50ns_20deci_2m_UTC+0900_DST0_20190629_212851.825,28.0,30.0,243,648,1000.0
240,pohang__1khz_50ns_20deci_2m_UTC+0900_DST0_20190630_150051.825,pohang,pohang,pohang,noise,0,/home/ted1204/MS_Detection_Datamaker/MS_datamaker_PH/data/noise/1khz_50ns_20deci_2m_UTC+0900_DST0_20190630_150051.825.tdms,1khz_50ns_20deci_2m_UTC+0900_DST0_20190630_150051.825.tdms,1khz_50ns_20deci_2m_UTC+0900_DST0_20190630_150051.825,1.0,3.0,243,648,1000.0
241,pohang__1khz_50ns_20deci_2m_UTC+0900_DST0_20190630_150051.825,pohang,pohang,pohang,noise,0,/home/ted1204/MS_Detection_Datamaker/MS_datamaker_PH/data/noise/1khz_50ns_20deci_2m_UTC+0900_DST0_20190630_150051.825.tdms,1khz_50ns_20deci_2m_UTC+0900_DST0_20190630_150051.825.tdms,1khz_50ns_20deci_2m_UTC+0900_DST0_20190630_150051.825,4.0,6.0,243,648,1000.0
242,pohang__1khz_50ns_20deci_2m_UTC+0900_DST0_20190630_150051.825,pohang,pohang,pohang,noise,0,/home/ted1204/MS_Detection_Datamaker/MS_datamaker_PH/data/noise/1khz_50ns_20deci_2m_UTC+0900_DST0_20190630_150051.825.tdms,1khz_50ns_20deci_2m_UTC+0900_DST0_20190630_150051.825.tdms,1khz_50ns_20deci_2m_UTC+0900_DST0_20190630_150051.825,9.0,11.0,243,648,1000.0
243,pohang__1khz_50ns_20deci_2m_UTC+0900_DST0_20190630_150051.825,pohang,pohang,pohang,noise,0,/home/ted1204/MS_Detection_Datamaker/MS_datamaker_PH/data/noise/1khz_50ns_20deci_2m_UTC+0900_DST0_20190630_150051.825.tdms,1khz_50ns_20deci_2m_UTC+0900_DST0_20190630_150051.825.tdms,1khz_50ns_20deci_2m_UTC+0900_DST0_20190630_150051.825,10.0,12.0,243,648,1000.0
244,pohang__1khz_50ns_20deci_2m_UTC+0900_DST0_20190630_150051.825,pohang,pohang,pohang,noise,0,/home/ted1204/MS_Detection_Datamaker/MS_datamaker_PH/data/noise/1khz_50ns_20deci_2m_UTC+0900_DST0_20190630_150051.825.tdms,1khz_50ns_20deci_2m_UTC+0900_DST0_20190630_150051.825.tdms,1khz_50ns_20deci_2m_UTC+0900_DST0_20190630_150051.825,11.0,13.0,243,648,1000.0
245,pohang__1khz_50ns_20deci_2m_UTC+0900_DST0_20190630_150051.825,pohang,pohang,pohang,noise,0,/home/ted1204/MS_Detection_Datamaker/MS_datamaker_PH/data/noise/1khz_50ns_20deci_2m_UTC+0900_DST0_20190630_150051.825.tdms,1khz_50ns_20deci_2m_UTC+0900_DST0_20190630_150051.825.tdms,1khz_50ns_20deci_2m_UTC+0900_DST0_20190630_150051.825,13.0,15.0,243,648,1000.0
246,pohang__1khz_50ns_20deci_2m_UTC+0900_DST0_20190630_150051.825,pohang,pohang,pohang,noise,0,/home/ted1204/MS_Detection_Datamaker/MS_datamaker_PH/data/noise/1khz_50ns_20deci_2m_UTC+0900_DST0_20190630_150051.825.tdms,1khz_50ns_20deci_2m_UTC+0900_DST0_20190630_150051.825.tdms,1khz_50ns_20deci_2m_UTC+0900_DST0_20190630_150051.825,14.0,16.0,243,648,1000.0
247,pohang__1khz_50ns_20deci_2m_UTC+0900_DST0_20190630_150051.825,pohang,pohang,pohang,noise,0,/home/ted1204/MS_Detection_Datamaker/MS_datamaker_PH/data/noise/1khz_50ns_20deci_2m_UTC+0900_DST0_20190630_150051.825.tdms,1khz_50ns_20deci_2m_UTC+0900_DST0_20190630_150051.825.tdms,1khz_50ns_20deci_2m_UTC+0900_DST0_20190630_150051.825,15.0,17.0,243,648,1000.0
248,pohang__1khz_50ns_20deci_2m_UTC+0900_DST0_20190630_150051.825,pohang,pohang,pohang,noise,0,/home/ted1204/MS_Detection_Datamaker/MS_datamaker_PH/data/noise/1khz_50ns_20deci_2m_UTC+0900_DST0_20190630_150051.825.tdms,1khz_50ns_20deci_2m_UTC+0900_DST0_20190630_150051.825.tdms,1khz_50ns_20deci_2m_UTC+0900_DST0_20190630_150051.825,18.0,20.0,243,648,1000.0
249,pohang__1khz_50ns_20deci_2m_UTC+0900_DST0_20190630_150051.825,pohang,pohang,pohang,noise,0,/home/ted1204/MS_Detection_Datamaker/MS_datamaker_PH/data/noise/1khz_50ns_20deci_2m_UTC+0900_DST0_20190630_150051.825.tdms,1khz_50ns_20deci_2m_UTC+0900_DST0_20190630_150051.825.tdms,1khz_50ns_20deci_2m_UTC+0900_DST0_20190630_150051.825,19.0,21.0,243,648,1000.0
250,pohang__1khz_50ns_20deci_2m_UTC+0900_DST0_20190630_150051.825,pohang,pohang,pohang,noise,0,/home/ted1204/MS_Detection_Datamaker/MS_datamaker_PH/data/noise/1khz_50ns_20deci_2m_UTC+0900_DST0_20190630_150051.825.tdms,1khz_50ns_20deci_2m_UTC+0900_DST0_20190630_150051.825.tdms,1khz_50ns_20deci_2m_UTC+0900_DST0_20190630_150051.825,20.0,22.0,243,648,1000.0
251,pohang__1khz_50ns_20deci_2m_UTC+0900_DST0_20190630_150051.825,pohang,pohang,pohang,noise,0,/home/ted1204/MS_Detection_Datamaker/MS_datamaker_PH/data/noise/1khz_50ns_20deci_2m_UTC+0900_DST0_20190630_150051.825.tdms,1khz_50ns_20deci_2m_UTC+0900_DST0_20190630_150051.825.tdms,1khz_50ns_20deci_2m_UTC+0900_DST0_20190630_150051.825,22.0,24.0,243,648,1000.0
252,pohang__1khz_50ns_20deci_2m_UTC+0900_DST0_20190630_150051.825,pohang,pohang,pohang,noise,0,/home/ted1204/MS_Detection_Datamaker/MS_datamaker_PH/data/noise/1khz_50ns_20deci_2m_UTC+0900_DST0_20190630_150051.825.tdms,1khz_50ns_20deci_2m_UTC+0900_DST0_20190630_150051.825.tdms,1khz_50ns_20deci_2m_UTC+0900_DST0_20190630_150051.825,24.0,26.0,243,648,1000.0
253,pohang__1khz_50ns_20deci_2m_UTC+0900_DST0_20190630_150051.825,pohang,pohang,pohang,noise,0,/home/ted1204/MS_Detection_Datamaker/MS_datamaker_PH/data/noise/1khz_50ns_20deci_2m_UTC+0900_DST0_20190630_150051.825.tdms,1khz_50ns_20deci_2m_UTC+0900_DST0_20190630_150051.825.tdms,1khz_50ns_20deci_2m_UTC+0900_DST0_20190630_150051.825,27.0,29.0,243,648,1000.0
254,pohang__1khz_50ns_20deci_2m_UTC+0900_DST0_20190630_150051.825,pohang,pohang,pohang,noise,0,/home/ted1204/MS_Detection_Datamaker/MS_datamaker_PH/data/noise/1khz_50ns_20deci_2m_UTC+0900_DST0_20190630_150051.825.tdms,1khz_50ns_20deci_2m_UTC+0900_DST0_20190630_150051.825.tdms,1khz_50ns_20deci_2m_UTC+0900_DST0_20190630_150051.825,28.0,30.0,243,648,1000.0
255,pohang__1khz_50ns_20deci_2m_UTC+0900_DST0_20190703_000351.825,pohang,pohang,pohang,noise,0,/home/ted1204/MS_Detection_Datamaker/MS_datamaker_PH/data/noise/1khz_50ns_20deci_2m_UTC+0900_DST0_20190703_000351.825.tdms,1khz_50ns_20deci_2m_UTC+0900_DST0_20190703_000351.825.tdms,1khz_50ns_20deci_2m_UTC+0900_DST0_20190703_000351.825,0.0,2.0,243,648,1000.0
256,pohang__1khz_50ns_20deci_2m_UTC+0900_DST0_20190703_000351.825,pohang,pohang,pohang,noise,0,/home/ted1204/MS_Detection_Datamaker/MS_datamaker_PH/data/noise/1khz_50ns_20deci_2m_UTC+0900_DST0_20190703_000351.825.tdms,1khz_50ns_20deci_2m_UTC+0900_DST0_20190703_000351.825.tdms,1khz_50ns_20deci_2m_UTC+0900_DST0_20190703_000351.825,2.0,4.0,243,648,1000.0
257,pohang__1khz_50ns_20deci_2m_UTC+0900_DST0_20190703_000351.825,pohang,pohang,pohang,noise,0,/home/ted1204/MS_Detection_Datamaker/MS_datamaker_PH/data/noise/1khz_50ns_20deci_2m_UTC+0900_DST0_20190703_000351.825.tdms,1khz_50ns_20deci_2m_UTC+0900_DST0_20190703_000351.825.tdms,1khz_50ns_20deci_2m_UTC+0900_DST0_20190703_000351.825,3.0,5.0,243,648,1000.0
258,pohang__1khz_50ns_20deci_2m_UTC+0900_DST0_20190703_000351.825,pohang,pohang,pohang,noise,0,/home/ted1204/MS_Detection_Datamaker/MS_datamaker_PH/data/noise/1khz_50ns_20deci_2m_UTC+0900_DST0_20190703_000351.825.tdms,1khz_50ns_20deci_2m_UTC+0900_DST0_20190703_000351.825.tdms,1khz_50ns_20deci_2m_UTC+0900_DST0_20190703_000351.825,4.0,6.0,243,648,1000.0
259,pohang__1khz_50ns_20deci_2m_UTC+0900_DST0_20190703_000351.825,pohang,pohang,pohang,noise,0,/home/ted1204/MS_Detection_Datamaker/MS_datamaker_PH/data/noise/1khz_50ns_20deci_2m_UTC+0900_DST0_20190703_000351.825.tdms,1khz_50ns_20deci_2m_UTC+0900_DST0_20190703_000351.825.tdms,1khz_50ns_20deci_2m_UTC+0900_DST0_20190703_000351.825,5.0,7.0,243,648,1000.0
260,pohang__1khz_50ns_20deci_2m_UTC+0900_DST0_20190703_000351.825,pohang,pohang,pohang,noise,0,/home/ted1204/MS_Detection_Datamaker/MS_datamaker_PH/data/noise/1khz_50ns_20deci_2m_UTC+0900_DST0_20190703_000351.825.tdms,1khz_50ns_20deci_2m_UTC+0900_DST0_20190703_000351.825.tdms,1khz_50ns_20deci_2m_UTC+0900_DST0_20190703_000351.825,11.0,13.0,243,648,1000.0
261,pohang__1khz_50ns_20deci_2m_UTC+0900_DST0_20190703_000351.825,pohang,pohang,pohang,noise,0,/home/ted1204/MS_Detection_Datamaker/MS_datamaker_PH/data/noise/1khz_50ns_20deci_2m_UTC+0900_DST0_20190703_000351.825.tdms,1khz_50ns_20deci_2m_UTC+0900_DST0_20190703_000351.825.tdms,1khz_50ns_20deci_2m_UTC+0900_DST0_20190703_000351.825,12.0,14.0,243,648,1000.0
262,pohang__1khz_50ns_20deci_2m_UTC+0900_DST0_20190703_000351.825,pohang,pohang,pohang,noise,0,/home/ted1204/MS_Detection_Datamaker/MS_datamaker_PH/data/noise/1khz_50ns_20deci_2m_UTC+0900_DST0_20190703_000351.825.tdms,1khz_50ns_20deci_2m_UTC+0900_DST0_20190703_000351.825.tdms,1khz_50ns_20deci_2m_UTC+0900_DST0_20190703_000351.825,13.0,15.0,243,648,1000.0
263,pohang__1khz_50ns_20deci_2m_UTC+0900_DST0_20190703_000351.825,pohang,pohang,pohang,noise,0,/home/ted1204/MS_Detection_Datamaker/MS_datamaker_PH/data/noise/1khz_50ns_20deci_2m_UTC+0900_DST0_20190703_000351.825.tdms,1khz_50ns_20deci_2m_UTC+0900_DST0_20190703_000351.825.tdms,1khz_50ns_20deci_2m_UTC+0900_DST0_20190703_000351.825,16.0,18.0,243,648,1000.0
264,pohang__1khz_50ns_20deci_2m_UTC+0900_DST0_20190703_000351.825,pohang,pohang,pohang,noise,0,/home/ted1204/MS_Detection_Datamaker/MS_datamaker_PH/data/noise/1khz_50ns_20deci_2m_UTC+0900_DST0_20190703_000351.825.tdms,1khz_50ns_20deci_2m_UTC+0900_DST0_20190703_000351.825.tdms,1khz_50ns_20deci_2m_UTC+0900_DST0_20190703_000351.825,19.0,21.0,243,648,1000.0
265,pohang__1khz_50ns_20deci_2m_UTC+0900_DST0_20190703_000351.825,pohang,pohang,pohang,noise,0,/home/ted1204/MS_Detection_Datamaker/MS_datamaker_PH/data/noise/1khz_50ns_20deci_2m_UTC+0900_DST0_20190703_000351.825.tdms,1khz_50ns_20deci_2m_UTC+0900_DST0_20190703_000351.825.tdms,1khz_50ns_20deci_2m_UTC+0900_DST0_20190703_000351.825,20.0,22.0,243,648,1000.0
266,pohang__1khz_50ns_20deci_2m_UTC+0900_DST0_20190703_000351.825,pohang,pohang,pohang,noise,0,/home/ted1204/MS_Detection_Datamaker/MS_datamaker_PH/data/noise/1khz_50ns_20deci_2m_UTC+0900_DST0_20190703_000351.825.tdms,1khz_50ns_20deci_2m_UTC+0900_DST0_20190703_000351.825.tdms,1khz_50ns_20deci_2m_UTC+0900_DST0_20190703_000351.825,21.0,23.0,243,648,1000.0
267,pohang__1khz_50ns_20deci_2m_UTC+0900_DST0_20190703_000351.825,pohang,pohang,pohang,noise,0,/home/ted1204/MS_Detection_Datamaker/MS_datamaker_PH/data/noise/1khz_50ns_20deci_2m_UTC+0900_DST0_20190703_000351.825.tdms,1khz_50ns_20deci_2m_UTC+0900_DST0_20190703_000351.825.tdms,1khz_50ns_20deci_2m_UTC+0900_DST0_20190703_000351.825,24.0,26.0,243,648,1000.0
268,pohang__1khz_50ns_20deci_2m_UTC+0900_DST0_20190703_000351.825,pohang,pohang,pohang,noise,0,/home/ted1204/MS_Detection_Datamaker/MS_datamaker_PH/data/noise/1khz_50ns_20deci_2m_UTC+0900_DST0_20190703_000351.825.tdms,1khz_50ns_20deci_2m_UTC+0900_DST0_20190703_000351.825.tdms,1khz_50ns_20deci_2m_UTC+0900_DST0_20190703_000351.825,26.0,28.0,243,648,1000.0
269,pohang__1khz_50ns_20deci_2m_UTC+0900_DST0_20190703_000351.825,pohang,pohang,pohang,noise,0,/home/ted1204/MS_Detection_Datamaker/MS_datamaker_PH/data/noise/1khz_50ns_20deci_2m_UTC+0900_DST0_20190703_000351.825.tdms,1khz_50ns_20deci_2m_UTC+0900_DST0_20190703_000351.825.tdms,1khz_50ns_20deci_2m_UTC+0900_DST0_20190703_000351.825,27.0,29.0,243,648,1000.0
270,pohang__1khz_50ns_20deci_2m_UTC+0900_DST0_20190704_000121.825,pohang,pohang,pohang,noise,0,/home/ted1204/MS_Detection_Datamaker/MS_datamaker_PH/data/noise/1khz_50ns_20deci_2m_UTC+0900_DST0_20190704_000121.825.tdms,1khz_50ns_20deci_2m_UTC+0900_DST0_20190704_000121.825.tdms,1khz_50ns_20deci_2m_UTC+0900_DST0_20190704_000121.825,1.0,3.0,243,648,1000.0
271,pohang__1khz_50ns_20deci_2m_UTC+0900_DST0_20190704_000121.825,pohang,pohang,pohang,noise,0,/home/ted1204/MS_Detection_Datamaker/MS_datamaker_PH/data/noise/1khz_50ns_20deci_2m_UTC+0900_DST0_20190704_000121.825.tdms,1khz_50ns_20deci_2m_UTC+0900_DST0_20190704_000121.825.tdms,1khz_50ns_20deci_2m_UTC+0900_DST0_20190704_000121.825,3.0,5.0,243,648,1000.0
272,pohang__1khz_50ns_20deci_2m_UTC+0900_DST0_20190704_000121.825,pohang,pohang,pohang,noise,0,/home/ted1204/MS_Detection_Datamaker/MS_datamaker_PH/data/noise/1khz_50ns_20deci_2m_UTC+0900_DST0_20190704_000121.825.tdms,1khz_50ns_20deci_2m_UTC+0900_DST0_20190704_000121.825.tdms,1khz_50ns_20deci_2m_UTC+0900_DST0_20190704_000121.825,7.0,9.0,243,648,1000.0
273,pohang__1khz_50ns_20deci_2m_UTC+0900_DST0_20190704_000121.825,pohang,pohang,pohang,noise,0,/home/ted1204/MS_Detection_Datamaker/MS_datamaker_PH/data/noise/1khz_50ns_20deci_2m_UTC+0900_DST0_20190704_000121.825.tdms,1khz_50ns_20deci_2m_UTC+0900_DST0_20190704_000121.825.tdms,1khz_50ns_20deci_2m_UTC+0900_DST0_20190704_000121.825,9.0,11.0,243,648,1000.0
274,pohang__1khz_50ns_20deci_2m_UTC+0900_DST0_20190704_000121.825,pohang,pohang,pohang,noise,0,/home/ted1204/MS_Detection_Datamaker/MS_datamaker_PH/data/noise/1khz_50ns_20deci_2m_UTC+0900_DST0_20190704_000121.825.tdms,1khz_50ns_20deci_2m_UTC+0900_DST0_20190704_000121.825.tdms,1khz_50ns_20deci_2m_UTC+0900_DST0_20190704_000121.825,10.0,12.0,243,648,1000.0
275,pohang__1khz_50ns_20deci_2m_UTC+0900_DST0_20190704_000121.825,pohang,pohang,pohang,noise,0,/home/ted1204/MS_Detection_Datamaker/MS_datamaker_PH/data/noise/1khz_50ns_20deci_2m_UTC+0900_DST0_20190704_000121.825.tdms,1khz_50ns_20deci_2m_UTC+0900_DST0_20190704_000121.825.tdms,1khz_50ns_20deci_2m_UTC+0900_DST0_20190704_000121.825,13.0,15.0,243,648,1000.0
276,pohang__1khz_50ns_20deci_2m_UTC+0900_DST0_20190704_000121.825,pohang,pohang,pohang,noise,0,/home/ted1204/MS_Detection_Datamaker/MS_datamaker_PH/data/noise/1khz_50ns_20deci_2m_UTC+0900_DST0_20190704_000121.825.tdms,1khz_50ns_20deci_2m_UTC+0900_DST0_20190704_000121.825.tdms,1khz_50ns_20deci_2m_UTC+0900_DST0_20190704_000121.825,14.0,16.0,243,648,1000.0
277,pohang__1khz_50ns_20deci_2m_UTC+0900_DST0_20190704_000121.825,pohang,pohang,pohang,noise,0,/home/ted1204/MS_Detection_Datamaker/MS_datamaker_PH/data/noise/1khz_50ns_20deci_2m_UTC+0900_DST0_20190704_000121.825.tdms,1khz_50ns_20deci_2m_UTC+0900_DST0_20190704_000121.825.tdms,1khz_50ns_20deci_2m_UTC+0900_DST0_20190704_000121.825,15.0,17.0,243,648,1000.0
278,pohang__1khz_50ns_20deci_2m_UTC+0900_DST0_20190704_000121.825,pohang,pohang,pohang,noise,0,/home/ted1204/MS_Detection_Datamaker/MS_datamaker_PH/data/noise/1khz_50ns_20deci_2m_UTC+0900_DST0_20190704_000121.825.tdms,1khz_50ns_20deci_2m_UTC+0900_DST0_20190704_000121.825.tdms,1khz_50ns_20deci_2m_UTC+0900_DST0_20190704_000121.825,17.0,19.0,243,648,1000.0
279,pohang__1khz_50ns_20deci_2m_UTC+0900_DST0_20190704_000121.825,pohang,pohang,pohang,noise,0,/home/ted1204/MS_Detection_Datamaker/MS_datamaker_PH/data/noise/1khz_50ns_20deci_2m_UTC+0900_DST0_20190704_000121.825.tdms,1khz_50ns_20deci_2m_UTC+0900_DST0_20190704_000121.825.tdms,1khz_50ns_20deci_2m_UTC+0900_DST0_20190704_000121.825,18.0,20.0,243,648,1000.0
280,pohang__1khz_50ns_20deci_2m_UTC+0900_DST0_20190704_000121.825,pohang,pohang,pohang,noise,0,/home/ted1204/MS_Detection_Datamaker/MS_datamaker_PH/data/noise/1khz_50ns_20deci_2m_UTC+0900_DST0_20190704_000121.825.tdms,1khz_50ns_20deci_2m_UTC+0900_DST0_20190704_000121.825.tdms,1khz_50ns_20deci_2m_UTC+0900_DST0_20190704_000121.825,19.0,21.0,243,648,1000.0
281,pohang__1khz_50ns_20deci_2m_UTC+0900_DST0_20190704_000121.825,pohang,pohang,pohang,noise,0,/home/ted1204/MS_Detection_Datamaker/MS_datamaker_PH/data/noise/1khz_50ns_20deci_2m_UTC+0900_DST0_20190704_000121.825.tdms,1khz_50ns_20deci_2m_UTC+0900_DST0_20190704_000121.825.tdms,1khz_50ns_20deci_2m_UTC+0900_DST0_20190704_000121.825,23.0,25.0,243,648,1000.0
282,pohang__1khz_50ns_20deci_2m_UTC+0900_DST0_20190704_000121.825,pohang,pohang,pohang,noise,0,/home/ted1204/MS_Detection_Datamaker/MS_datamaker_PH/data/noise/1khz_50ns_20deci_2m_UTC+0900_DST0_20190704_000121.825.tdms,1khz_50ns_20deci_2m_UTC+0900_DST0_20190704_000121.825.tdms,1khz_50ns_20deci_2m_UTC+0900_DST0_20190704_000121.825,26.0,28.0,243,648,1000.0
283,pohang__1khz_50ns_20deci_2m_UTC+0900_DST0_20190704_000121.825,pohang,pohang,pohang,noise,0,/home/ted1204/MS_Detection_Datamaker/MS_datamaker_PH/data/noise/1khz_50ns_20deci_2m_UTC+0900_DST0_20190704_000121.825.tdms,1khz_50ns_20deci_2m_UTC+0900_DST0_20190704_000121.825.tdms,1khz_50ns_20deci_2m_UTC+0900_DST0_20190704_000121.825,27.0,29.0,243,648,1000.0
284,pohang__1khz_50ns_20deci_2m_UTC+0900_DST0_20190704_000121.825,pohang,pohang,pohang,noise,0,/home/ted1204/MS_Detection_Datamaker/MS_datamaker_PH/data/noise/1khz_50ns_20deci_2m_UTC+0900_DST0_20190704_000121.825.tdms,1khz_50ns_20deci_2m_UTC+0900_DST0_20190704_000121.825.tdms,1khz_50ns_20deci_2m_UTC+0900_DST0_20190704_000121.825,28.0,30.0,243,648,1000.0
285,pohang__1khz_50ns_20deci_2m_UTC+0900_DST0_20190704_074551.825,pohang,pohang,pohang,noise,0,/home/ted1204/MS_Detection_Datamaker/MS_datamaker_PH/data/noise/1khz_50ns_20deci_2m_UTC+0900_DST0_20190704_074551.825.tdms,1khz_50ns_20deci_2m_UTC+0900_DST0_20190704_074551.825.tdms,1khz_50ns_20deci_2m_UTC+0900_DST0_20190704_074551.825,2.0,4.0,243,648,1000.0
286,pohang__1khz_50ns_20deci_2m_UTC+0900_DST0_20190704_074551.825,pohang,pohang,pohang,noise,0,/home/ted1204/MS_Detection_Datamaker/MS_datamaker_PH/data/noise/1khz_50ns_20deci_2m_UTC+0900_DST0_20190704_074551.825.tdms,1khz_50ns_20deci_2m_UTC+0900_DST0_20190704_074551.825.tdms,1khz_50ns_20deci_2m_UTC+0900_DST0_20190704_074551.825,4.0,6.0,243,648,1000.0
287,pohang__1khz_50ns_20deci_2m_UTC+0900_DST0_20190704_074551.825,pohang,pohang,pohang,noise,0,/home/ted1204/MS_Detection_Datamaker/MS_datamaker_PH/data/noise/1khz_50ns_20deci_2m_UTC+0900_DST0_20190704_074551.825.tdms,1khz_50ns_20deci_2m_UTC+0900_DST0_20190704_074551.825.tdms,1khz_50ns_20deci_2m_UTC+0900_DST0_20190704_074551.825,5.0,7.0,243,648,1000.0
288,pohang__1khz_50ns_20deci_2m_UTC+0900_DST0_20190704_074551.825,pohang,pohang,pohang,noise,0,/home/ted1204/MS_Detection_Datamaker/MS_datamaker_PH/data/noise/1khz_50ns_20deci_2m_UTC+0900_DST0_20190704_074551.825.tdms,1khz_50ns_20deci_2m_UTC+0900_DST0_20190704_074551.825.tdms,1khz_50ns_20deci_2m_UTC+0900_DST0_20190704_074551.825,7.0,9.0,243,648,1000.0
289,pohang__1khz_50ns_20deci_2m_UTC+0900_DST0_20190704_074551.825,pohang,pohang,pohang,noise,0,/home/ted1204/MS_Detection_Datamaker/MS_datamaker_PH/data/noise/1khz_50ns_20deci_2m_UTC+0900_DST0_20190704_074551.825.tdms,1khz_50ns_20deci_2m_UTC+0900_DST0_20190704_074551.825.tdms,1khz_50ns_20deci_2m_UTC+0900_DST0_20190704_074551.825,8.0,10.0,243,648,1000.0
290,pohang__1khz_50ns_20deci_2m_UTC+0900_DST0_20190704_074551.825,pohang,pohang,pohang,noise,0,/home/ted1204/MS_Detection_Datamaker/MS_datamaker_PH/data/noise/1khz_50ns_20deci_2m_UTC+0900_DST0_20190704_074551.825.tdms,1khz_50ns_20deci_2m_UTC+0900_DST0_20190704_074551.825.tdms,1khz_50ns_20deci_2m_UTC+0900_DST0_20190704_074551.825,10.0,12.0,243,648,1000.0
291,pohang__1khz_50ns_20deci_2m_UTC+0900_DST0_20190704_074551.825,pohang,pohang,pohang,noise,0,/home/ted1204/MS_Detection_Datamaker/MS_datamaker_PH/data/noise/1khz_50ns_20deci_2m_UTC+0900_DST0_20190704_074551.825.tdms,1khz_50ns_20deci_2m_UTC+0900_DST0_20190704_074551.825.tdms,1khz_50ns_20deci_2m_UTC+0900_DST0_20190704_074551.825,11.0,13.0,243,648,1000.0
292,pohang__1khz_50ns_20deci_2m_UTC+0900_DST0_20190704_074551.825,pohang,pohang,pohang,noise,0,/home/ted1204/MS_Detection_Datamaker/MS_datamaker_PH/data/noise/1khz_50ns_20deci_2m_UTC+0900_DST0_20190704_074551.825.tdms,1khz_50ns_20deci_2m_UTC+0900_DST0_20190704_074551.825.tdms,1khz_50ns_20deci_2m_UTC+0900_DST0_20190704_074551.825,12.0,14.0,243,648,1000.0
293,pohang__1khz_50ns_20deci_2m_UTC+0900_DST0_20190704_074551.825,pohang,pohang,pohang,noise,0,/home/ted1204/MS_Detection_Datamaker/MS_datamaker_PH/data/noise/1khz_50ns_20deci_2m_UTC+0900_DST0_20190704_074551.825.tdms,1khz_50ns_20deci_2m_UTC+0900_DST0_20190704_074551.825.tdms,1khz_50ns_20deci_2m_UTC+0900_DST0_20190704_074551.825,13.0,15.0,243,648,1000.0
294,pohang__1khz_50ns_20deci_2m_UTC+0900_DST0_20190704_074551.825,pohang,pohang,pohang,noise,0,/home/ted1204/MS_Detection_Datamaker/MS_datamaker_PH/data/noise/1khz_50ns_20deci_2m_UTC+0900_DST0_20190704_074551.825.tdms,1khz_50ns_20deci_2m_UTC+0900_DST0_20190704_074551.825.tdms,1khz_50ns_20deci_2m_UTC+0900_DST0_20190704_074551.825,14.0,16.0,243,648,1000.0
295,pohang__1khz_50ns_20deci_2m_UTC+0900_DST0_20190704_074551.825,pohang,pohang,pohang,noise,0,/home/ted1204/MS_Detection_Datamaker/MS_datamaker_PH/data/noise/1khz_50ns_20deci_2m_UTC+0900_DST0_20190704_074551.825.tdms,1khz_50ns_20deci_2m_UTC+0900_DST0_20190704_074551.825.tdms,1khz_50ns_20deci_2m_UTC+0900_DST0_20190704_074551.825,15.0,17.0,243,648,1000.0
296,pohang__1khz_50ns_20deci_2m_UTC+0900_DST0_20190704_074551.825,pohang,pohang,pohang,noise,0,/home/ted1204/MS_Detection_Datamaker/MS_datamaker_PH/data/noise/1khz_50ns_20deci_2m_UTC+0900_DST0_20190704_074551.825.tdms,1khz_50ns_20deci_2m_UTC+0900_DST0_20190704_074551.825.tdms,1khz_50ns_20deci_2m_UTC+0900_DST0_20190704_074551.825,16.0,18.0,243,648,1000.0
297,pohang__1khz_50ns_20deci_2m_UTC+0900_DST0_20190704_074551.825,pohang,pohang,pohang,noise,0,/home/ted1204/MS_Detection_Datamaker/MS_datamaker_PH/data/noise/1khz_50ns_20deci_2m_UTC+0900_DST0_20190704_074551.825.tdms,1khz_50ns_20deci_2m_UTC+0900_DST0_20190704_074551.825.tdms,1khz_50ns_20deci_2m_UTC+0900_DST0_20190704_074551.825,19.0,21.0,243,648,1000.0
298,pohang__1khz_50ns_20deci_2m_UTC+0900_DST0_20190704_074551.825,pohang,pohang,pohang,noise,0,/home/ted1204/MS_Detection_Datamaker/MS_datamaker_PH/data/noise/1khz_50ns_20deci_2m_UTC+0900_DST0_20190704_074551.825.tdms,1khz_50ns_20deci_2m_UTC+0900_DST0_20190704_074551.825.tdms,1khz_50ns_20deci_2m_UTC+0900_DST0_20190704_074551.825,25.0,27.0,243,648,1000.0
299,pohang__1khz_50ns_20deci_2m_UTC+0900_DST0_20190704_074551.825,pohang,pohang,pohang,noise,0,/home/ted1204/MS_Detection_Datamaker/MS_datamaker_PH/data/noise/1khz_50ns_20deci_2m_UTC+0900_DST0_20190704_074551.825.tdms,1khz_50ns_20deci_2m_UTC+0900_DST0_20190704_074551.825.tdms,1khz_50ns_20deci_2m_UTC+0900_DST0_20190704_074551.825,26.0,28.0,243,648,1000.0
300,pohang__1khz_50ns_20deci_2m_UTC+0900_DST0_20190704_080651.825,pohang,pohang,pohang,noise,0,/home/ted1204/MS_Detection_Datamaker/MS_datamaker_PH/data/noise/1khz_50ns_20deci_2m_UTC+0900_DST0_20190704_080651.825.tdms,1khz_50ns_20deci_2m_UTC+0900_DST0_20190704_080651.825.tdms,1khz_50ns_20deci_2m_UTC+0900_DST0_20190704_080651.825,1.0,3.0,243,648,1000.0
301,pohang__1khz_50ns_20deci_2m_UTC+0900_DST0_20190704_080651.825,pohang,pohang,pohang,noise,0,/home/ted1204/MS_Detection_Datamaker/MS_datamaker_PH/data/noise/1khz_50ns_20deci_2m_UTC+0900_DST0_20190704_080651.825.tdms,1khz_50ns_20deci_2m_UTC+0900_DST0_20190704_080651.825.tdms,1khz_50ns_20deci_2m_UTC+0900_DST0_20190704_080651.825,3.0,5.0,243,648,1000.0
302,pohang__1khz_50ns_20deci_2m_UTC+0900_DST0_20190704_080651.825,pohang,pohang,pohang,noise,0,/home/ted1204/MS_Detection_Datamaker/MS_datamaker_PH/data/noise/1khz_50ns_20deci_2m_UTC+0900_DST0_20190704_080651.825.tdms,1khz_50ns_20deci_2m_UTC+0900_DST0_20190704_080651.825.tdms,1khz_50ns_20deci_2m_UTC+0900_DST0_20190704_080651.825,4.0,6.0,243,648,1000.0
303,pohang__1khz_50ns_20deci_2m_UTC+0900_DST0_20190704_080651.825,pohang,pohang,pohang,noise,0,/home/ted1204/MS_Detection_Datamaker/MS_datamaker_PH/data/noise/1khz_50ns_20deci_2m_UTC+0900_DST0_20190704_080651.825.tdms,1khz_50ns_20deci_2m_UTC+0900_DST0_20190704_080651.825.tdms,1khz_50ns_20deci_2m_UTC+0900_DST0_20190704_080651.825,5.0,7.0,243,648,1000.0
304,pohang__1khz_50ns_20deci_2m_UTC+0900_DST0_20190704_080651.825,pohang,pohang,pohang,noise,0,/home/ted1204/MS_Detection_Datamaker/MS_datamaker_PH/data/noise/1khz_50ns_20deci_2m_UTC+0900_DST0_20190704_080651.825.tdms,1khz_50ns_20deci_2m_UTC+0900_DST0_20190704_080651.825.tdms,1khz_50ns_20deci_2m_UTC+0900_DST0_20190704_080651.825,6.0,8.0,243,648,1000.0
305,pohang__1khz_50ns_20deci_2m_UTC+0900_DST0_20190704_080651.825,pohang,pohang,pohang,noise,0,/home/ted1204/MS_Detection_Datamaker/MS_datamaker_PH/data/noise/1khz_50ns_20deci_2m_UTC+0900_DST0_20190704_080651.825.tdms,1khz_50ns_20deci_2m_UTC+0900_DST0_20190704_080651.825.tdms,1khz_50ns_20deci_2m_UTC+0900_DST0_20190704_080651.825,9.0,11.0,243,648,1000.0
306,pohang__1khz_50ns_20deci_2m_UTC+0900_DST0_20190704_080651.825,pohang,pohang,pohang,noise,0,/home/ted1204/MS_Detection_Datamaker/MS_datamaker_PH/data/noise/1khz_50ns_20deci_2m_UTC+0900_DST0_20190704_080651.825.tdms,1khz_50ns_20deci_2m_UTC+0900_DST0_20190704_080651.825.tdms,1khz_50ns_20deci_2m_UTC+0900_DST0_20190704_080651.825,11.0,13.0,243,648,1000.0
307,pohang__1khz_50ns_20deci_2m_UTC+0900_DST0_20190704_080651.825,pohang,pohang,pohang,noise,0,/home/ted1204/MS_Detection_Datamaker/MS_datamaker_PH/data/noise/1khz_50ns_20deci_2m_UTC+0900_DST0_20190704_080651.825.tdms,1khz_50ns_20deci_2m_UTC+0900_DST0_20190704_080651.825.tdms,1khz_50ns_20deci_2m_UTC+0900_DST0_20190704_080651.825,12.0,14.0,243,648,1000.0
308,pohang__1khz_50ns_20deci_2m_UTC+0900_DST0_20190704_080651.825,pohang,pohang,pohang,noise,0,/home/ted1204/MS_Detection_Datamaker/MS_datamaker_PH/data/noise/1khz_50ns_20deci_2m_UTC+0900_DST0_20190704_080651.825.tdms,1khz_50ns_20deci_2m_UTC+0900_DST0_20190704_080651.825.tdms,1khz_50ns_20deci_2m_UTC+0900_DST0_20190704_080651.825,16.0,18.0,243,648,1000.0
309,pohang__1khz_50ns_20deci_2m_UTC+0900_DST0_20190704_080651.825,pohang,pohang,pohang,noise,0,/home/ted1204/MS_Detection_Datamaker/MS_datamaker_PH/data/noise/1khz_50ns_20deci_2m_UTC+0900_DST0_20190704_080651.825.tdms,1khz_50ns_20deci_2m_UTC+0900_DST0_20190704_080651.825.tdms,1khz_50ns_20deci_2m_UTC+0900_DST0_20190704_080651.825,17.0,19.0,243,648,1000.0
310,pohang__1khz_50ns_20deci_2m_UTC+0900_DST0_20190704_080651.825,pohang,pohang,pohang,noise,0,/home/ted1204/MS_Detection_Datamaker/MS_datamaker_PH/data/noise/1khz_50ns_20deci_2m_UTC+0900_DST0_20190704_080651.825.tdms,1khz_50ns_20deci_2m_UTC+0900_DST0_20190704_080651.825.tdms,1khz_50ns_20deci_2m_UTC+0900_DST0_20190704_080651.825,18.0,20.0,243,648,1000.0
311,pohang__1khz_50ns_20deci_2m_UTC+0900_DST0_20190704_080651.825,pohang,pohang,pohang,noise,0,/home/ted1204/MS_Detection_Datamaker/MS_datamaker_PH/data/noise/1khz_50ns_20deci_2m_UTC+0900_DST0_20190704_080651.825.tdms,1khz_50ns_20deci_2m_UTC+0900_DST0_20190704_080651.825.tdms,1khz_50ns_20deci_2m_UTC+0900_DST0_20190704_080651.825,19.0,21.0,243,648,1000.0
312,pohang__1khz_50ns_20deci_2m_UTC+0900_DST0_20190704_080651.825,pohang,pohang,pohang,noise,0,/home/ted1204/MS_Detection_Datamaker/MS_datamaker_PH/data/noise/1khz_50ns_20deci_2m_UTC+0900_DST0_20190704_080651.825.tdms,1khz_50ns_20deci_2m_UTC+0900_DST0_20190704_080651.825.tdms,1khz_50ns_20deci_2m_UTC+0900_DST0_20190704_080651.825,20.0,22.0,243,648,1000.0
313,pohang__1khz_50ns_20deci_2m_UTC+0900_DST0_20190704_080651.825,pohang,pohang,pohang,noise,0,/home/ted1204/MS_Detection_Datamaker/MS_datamaker_PH/data/noise/1khz_50ns_20deci_2m_UTC+0900_DST0_20190704_080651.825.tdms,1khz_50ns_20deci_2m_UTC+0900_DST0_20190704_080651.825.tdms,1khz_50ns_20deci_2m_UTC+0900_DST0_20190704_080651.825,21.0,23.0,243,648,1000.0
314,pohang__1khz_50ns_20deci_2m_UTC+0900_DST0_20190704_080651.825,pohang,pohang,pohang,noise,0,/home/ted1204/MS_Detection_Datamaker/MS_datamaker_PH/data/noise/1khz_50ns_20deci_2m_UTC+0900_DST0_20190704_080651.825.tdms,1khz_50ns_20deci_2m_UTC+0900_DST0_20190704_080651.825.tdms,1khz_50ns_20deci_2m_UTC+0900_DST0_20190704_080651.825,25.0,27.0,243,648,1000.0
315,pohang__1khz_50ns_20deci_2m_UTC+0900_DST0_20190710_184051.825,pohang,pohang,pohang,noise,0,/home/ted1204/MS_Detection_Datamaker/MS_datamaker_PH/data/noise/1khz_50ns_20deci_2m_UTC+0900_DST0_20190710_184051.825.tdms,1khz_50ns_20deci_2m_UTC+0900_DST0_20190710_184051.825.tdms,1khz_50ns_20deci_2m_UTC+0900_DST0_20190710_184051.825,1.0,3.0,243,648,1000.0
316,pohang__1khz_50ns_20deci_2m_UTC+0900_DST0_20190710_184051.825,pohang,pohang,pohang,noise,0,/home/ted1204/MS_Detection_Datamaker/MS_datamaker_PH/data/noise/1khz_50ns_20deci_2m_UTC+0900_DST0_20190710_184051.825.tdms,1khz_50ns_20deci_2m_UTC+0900_DST0_20190710_184051.825.tdms,1khz_50ns_20deci_2m_UTC+0900_DST0_20190710_184051.825,5.0,7.0,243,648,1000.0
317,pohang__1khz_50ns_20deci_2m_UTC+0900_DST0_20190710_184051.825,pohang,pohang,pohang,noise,0,/home/ted1204/MS_Detection_Datamaker/MS_datamaker_PH/data/noise/1khz_50ns_20deci_2m_UTC+0900_DST0_20190710_184051.825.tdms,1khz_50ns_20deci_2m_UTC+0900_DST0_20190710_184051.825.tdms,1khz_50ns_20deci_2m_UTC+0900_DST0_20190710_184051.825,7.0,9.0,243,648,1000.0
318,pohang__1khz_50ns_20deci_2m_UTC+0900_DST0_20190710_184051.825,pohang,pohang,pohang,noise,0,/home/ted1204/MS_Detection_Datamaker/MS_datamaker_PH/data/noise/1khz_50ns_20deci_2m_UTC+0900_DST0_20190710_184051.825.tdms,1khz_50ns_20deci_2m_UTC+0900_DST0_20190710_184051.825.tdms,1khz_50ns_20deci_2m_UTC+0900_DST0_20190710_184051.825,9.0,11.0,243,648,1000.0
319,pohang__1khz_50ns_20deci_2m_UTC+0900_DST0_20190710_184051.825,pohang,pohang,pohang,noise,0,/home/ted1204/MS_Detection_Datamaker/MS_datamaker_PH/data/noise/1khz_50ns_20deci_2m_UTC+0900_DST0_20190710_184051.825.tdms,1khz_50ns_20deci_2m_UTC+0900_DST0_20190710_184051.825.tdms,1khz_50ns_20deci_2m_UTC+0900_DST0_20190710_184051.825,10.0,12.0,243,648,1000.0
320,pohang__1khz_50ns_20deci_2m_UTC+0900_DST0_20190710_184051.825,pohang,pohang,pohang,noise,0,/home/ted1204/MS_Detection_Datamaker/MS_datamaker_PH/data/noise/1khz_50ns_20deci_2m_UTC+0900_DST0_20190710_184051.825.tdms,1khz_50ns_20deci_2m_UTC+0900_DST0_20190710_184051.825.tdms,1khz_50ns_20deci_2m_UTC+0900_DST0_20190710_184051.825,14.0,16.0,243,648,1000.0
321,pohang__1khz_50ns_20deci_2m_UTC+0900_DST0_20190710_184051.825,pohang,pohang,pohang,noise,0,/home/ted1204/MS_Detection_Datamaker/MS_datamaker_PH/data/noise/1khz_50ns_20deci_2m_UTC+0900_DST0_20190710_184051.825.tdms,1khz_50ns_20deci_2m_UTC+0900_DST0_20190710_184051.825.tdms,1khz_50ns_20deci_2m_UTC+0900_DST0_20190710_184051.825,17.0,19.0,243,648,1000.0
322,pohang__1khz_50ns_20deci_2m_UTC+0900_DST0_20190710_184051.825,pohang,pohang,pohang,noise,0,/home/ted1204/MS_Detection_Datamaker/MS_datamaker_PH/data/noise/1khz_50ns_20deci_2m_UTC+0900_DST0_20190710_184051.825.tdms,1khz_50ns_20deci_2m_UTC+0900_DST0_20190710_184051.825.tdms,1khz_50ns_20deci_2m_UTC+0900_DST0_20190710_184051.825,18.0,20.0,243,648,1000.0
323,pohang__1khz_50ns_20deci_2m_UTC+0900_DST0_20190710_184051.825,pohang,pohang,pohang,noise,0,/home/ted1204/MS_Detection_Datamaker/MS_datamaker_PH/data/noise/1khz_50ns_20deci_2m_UTC+0900_DST0_20190710_184051.825.tdms,1khz_50ns_20deci_2m_UTC+0900_DST0_20190710_184051.825.tdms,1khz_50ns_20deci_2m_UTC+0900_DST0_20190710_184051.825,19.0,21.0,243,648,1000.0
324,pohang__1khz_50ns_20deci_2m_UTC+0900_DST0_20190710_184051.825,pohang,pohang,pohang,noise,0,/home/ted1204/MS_Detection_Datamaker/MS_datamaker_PH/data/noise/1khz_50ns_20deci_2m_UTC+0900_DST0_20190710_184051.825.tdms,1khz_50ns_20deci_2m_UTC+0900_DST0_20190710_184051.825.tdms,1khz_50ns_20deci_2m_UTC+0900_DST0_20190710_184051.825,20.0,22.0,243,648,1000.0
325,pohang__1khz_50ns_20deci_2m_UTC+0900_DST0_20190710_184051.825,pohang,pohang,pohang,noise,0,/home/ted1204/MS_Detection_Datamaker/MS_datamaker_PH/data/noise/1khz_50ns_20deci_2m_UTC+0900_DST0_20190710_184051.825.tdms,1khz_50ns_20deci_2m_UTC+0900_DST0_20190710_184051.825.tdms,1khz_50ns_20deci_2m_UTC+0900_DST0_20190710_184051.825,21.0,23.0,243,648,1000.0
326,pohang__1khz_50ns_20deci_2m_UTC+0900_DST0_20190710_184051.825,pohang,pohang,pohang,noise,0,/home/ted1204/MS_Detection_Datamaker/MS_datamaker_PH/data/noise/1khz_50ns_20deci_2m_UTC+0900_DST0_20190710_184051.825.tdms,1khz_50ns_20deci_2m_UTC+0900_DST0_20190710_184051.825.tdms,1khz_50ns_20deci_2m_UTC+0900_DST0_20190710_184051.825,23.0,25.0,243,648,1000.0
327,pohang__1khz_50ns_20deci_2m_UTC+0900_DST0_20190710_184051.825,pohang,pohang,pohang,noise,0,/home/ted1204/MS_Detection_Datamaker/MS_datamaker_PH/data/noise/1khz_50ns_20deci_2m_UTC+0900_DST0_20190710_184051.825.tdms,1khz_50ns_20deci_2m_UTC+0900_DST0_20190710_184051.825.tdms,1khz_50ns_20deci_2m_UTC+0900_DST0_20190710_184051.825,25.0,27.0,243,648,1000.0
328,pohang__1khz_50ns_20deci_2m_UTC+0900_DST0_20190710_184051.825,pohang,pohang,pohang,noise,0,/home/ted1204/MS_Detection_Datamaker/MS_datamaker_PH/data/noise/1khz_50ns_20deci_2m_UTC+0900_DST0_20190710_184051.825.tdms,1khz_50ns_20deci_2m_UTC+0900_DST0_20190710_184051.825.tdms,1khz_50ns_20deci_2m_UTC+0900_DST0_20190710_184051.825,26.0,28.0,243,648,1000.0
329,pohang__1khz_50ns_20deci_2m_UTC+0900_DST0_20190710_184051.825,pohang,pohang,pohang,noise,0,/home/ted1204/MS_Detection_Datamaker/MS_datamaker_PH/data/noise/1khz_50ns_20deci_2m_UTC+0900_DST0_20190710_184051.825.tdms,1khz_50ns_20deci_2m_UTC+0900_DST0_20190710_184051.825.tdms,1khz_50ns_20deci_2m_UTC+0900_DST0_20190710_184051.825,27.0,29.0,243,648,1000.0
330,pohang__1khz_50ns_20deci_2m_UTC+0900_DST0_20190710_211951.825,pohang,pohang,pohang,noise,0,/home/ted1204/MS_Detection_Datamaker/MS_datamaker_PH/data/noise/1khz_50ns_20deci_2m_UTC+0900_DST0_20190710_211951.825.tdms,1khz_50ns_20deci_2m_UTC+0900_DST0_20190710_211951.825.tdms,1khz_50ns_20deci_2m_UTC+0900_DST0_20190710_211951.825,3.0,5.0,243,648,1000.0
331,pohang__1khz_50ns_20deci_2m_UTC+0900_DST0_20190710_211951.825,pohang,pohang,pohang,noise,0,/home/ted1204/MS_Detection_Datamaker/MS_datamaker_PH/data/noise/1khz_50ns_20deci_2m_UTC+0900_DST0_20190710_211951.825.tdms,1khz_50ns_20deci_2m_UTC+0900_DST0_20190710_211951.825.tdms,1khz_50ns_20deci_2m_UTC+0900_DST0_20190710_211951.825,4.0,6.0,243,648,1000.0
332,pohang__1khz_50ns_20deci_2m_UTC+0900_DST0_20190710_211951.825,pohang,pohang,pohang,noise,0,/home/ted1204/MS_Detection_Datamaker/MS_datamaker_PH/data/noise/1khz_50ns_20deci_2m_UTC+0900_DST0_20190710_211951.825.tdms,1khz_50ns_20deci_2m_UTC+0900_DST0_20190710_211951.825.tdms,1khz_50ns_20deci_2m_UTC+0900_DST0_20190710_211951.825,6.0,8.0,243,648,1000.0
333,pohang__1khz_50ns_20deci_2m_UTC+0900_DST0_20190710_211951.825,pohang,pohang,pohang,noise,0,/home/ted1204/MS_Detection_Datamaker/MS_datamaker_PH/data/noise/1khz_50ns_20deci_2m_UTC+0900_DST0_20190710_211951.825.tdms,1khz_50ns_20deci_2m_UTC+0900_DST0_20190710_211951.825.tdms,1khz_50ns_20deci_2m_UTC+0900_DST0_20190710_211951.825,7.0,9.0,243,648,1000.0
334,pohang__1khz_50ns_20deci_2m_UTC+0900_DST0_20190710_211951.825,pohang,pohang,pohang,noise,0,/home/ted1204/MS_Detection_Datamaker/MS_datamaker_PH/data/noise/1khz_50ns_20deci_2m_UTC+0900_DST0_20190710_211951.825.tdms,1khz_50ns_20deci_2m_UTC+0900_DST0_20190710_211951.825.tdms,1khz_50ns_20deci_2m_UTC+0900_DST0_20190710_211951.825,10.0,12.0,243,648,1000.0
335,pohang__1khz_50ns_20deci_2m_UTC+0900_DST0_20190710_211951.825,pohang,pohang,pohang,noise,0,/home/ted1204/MS_Detection_Datamaker/MS_datamaker_PH/data/noise/1khz_50ns_20deci_2m_UTC+0900_DST0_20190710_211951.825.tdms,1khz_50ns_20deci_2m_UTC+0900_DST0_20190710_211951.825.tdms,1khz_50ns_20deci_2m_UTC+0900_DST0_20190710_211951.825,13.0,15.0,243,648,1000.0
336,pohang__1khz_50ns_20deci_2m_UTC+0900_DST0_20190710_211951.825,pohang,pohang,pohang,noise,0,/home/ted1204/MS_Detection_Datamaker/MS_datamaker_PH/data/noise/1khz_50ns_20deci_2m_UTC+0900_DST0_20190710_211951.825.tdms,1khz_50ns_20deci_2m_UTC+0900_DST0_20190710_211951.825.tdms,1khz_50ns_20deci_2m_UTC+0900_DST0_20190710_211951.825,15.0,17.0,243,648,1000.0
337,pohang__1khz_50ns_20deci_2m_UTC+0900_DST0_20190710_211951.825,pohang,pohang,pohang,noise,0,/home/ted1204/MS_Detection_Datamaker/MS_datamaker_PH/data/noise/1khz_50ns_20deci_2m_UTC+0900_DST0_20190710_211951.825.tdms,1khz_50ns_20deci_2m_UTC+0900_DST0_20190710_211951.825.tdms,1khz_50ns_20deci_2m_UTC+0900_DST0_20190710_211951.825,19.0,21.0,243,648,1000.0
338,pohang__1khz_50ns_20deci_2m_UTC+0900_DST0_20190710_211951.825,pohang,pohang,pohang,noise,0,/home/ted1204/MS_Detection_Datamaker/MS_datamaker_PH/data/noise/1khz_50ns_20deci_2m_UTC+0900_DST0_20190710_211951.825.tdms,1khz_50ns_20deci_2m_UTC+0900_DST0_20190710_211951.825.tdms,1khz_50ns_20deci_2m_UTC+0900_DST0_20190710_211951.825,20.0,22.0,243,648,1000.0
339,pohang__1khz_50ns_20deci_2m_UTC+0900_DST0_20190710_211951.825,pohang,pohang,pohang,noise,0,/home/ted1204/MS_Detection_Datamaker/MS_datamaker_PH/data/noise/1khz_50ns_20deci_2m_UTC+0900_DST0_20190710_211951.825.tdms,1khz_50ns_20deci_2m_UTC+0900_DST0_20190710_211951.825.tdms,1khz_50ns_20deci_2m_UTC+0900_DST0_20190710_211951.825,21.0,23.0,243,648,1000.0
340,pohang__1khz_50ns_20deci_2m_UTC+0900_DST0_20190710_211951.825,pohang,pohang,pohang,noise,0,/home/ted1204/MS_Detection_Datamaker/MS_datamaker_PH/data/noise/1khz_50ns_20deci_2m_UTC+0900_DST0_20190710_211951.825.tdms,1khz_50ns_20deci_2m_UTC+0900_DST0_20190710_211951.825.tdms,1khz_50ns_20deci_2m_UTC+0900_DST0_20190710_211951.825,22.0,24.0,243,648,1000.0
341,pohang__1khz_50ns_20deci_2m_UTC+0900_DST0_20190710_211951.825,pohang,pohang,pohang,noise,0,/home/ted1204/MS_Detection_Datamaker/MS_datamaker_PH/data/noise/1khz_50ns_20deci_2m_UTC+0900_DST0_20190710_211951.825.tdms,1khz_50ns_20deci_2m_UTC+0900_DST0_20190710_211951.825.tdms,1khz_50ns_20deci_2m_UTC+0900_DST0_20190710_211951.825,24.0,26.0,243,648,1000.0
342,pohang__1khz_50ns_20deci_2m_UTC+0900_DST0_20190710_211951.825,pohang,pohang,pohang,noise,0,/home/ted1204/MS_Detection_Datamaker/MS_datamaker_PH/data/noise/1khz_50ns_20deci_2m_UTC+0900_DST0_20190710_211951.825.tdms,1khz_50ns_20deci_2m_UTC+0900_DST0_20190710_211951.825.tdms,1khz_50ns_20deci_2m_UTC+0900_DST0_20190710_211951.825,25.0,27.0,243,648,1000.0
343,pohang__1khz_50ns_20deci_2m_UTC+0900_DST0_20190710_211951.825,pohang,pohang,pohang,noise,0,/home/ted1204/MS_Detection_Datamaker/MS_datamaker_PH/data/noise/1khz_50ns_20deci_2m_UTC+0900_DST0_20190710_211951.825.tdms,1khz_50ns_20deci_2m_UTC+0900_DST0_20190710_211951.825.tdms,1khz_50ns_20deci_2m_UTC+0900_DST0_20190710_211951.825,26.0,28.0,243,648,1000.0
344,pohang__1khz_50ns_20deci_2m_UTC+0900_DST0_20190710_211951.825,pohang,pohang,pohang,noise,0,/home/ted1204/MS_Detection_Datamaker/MS_datamaker_PH/data/noise/1khz_50ns_20deci_2m_UTC+0900_DST0_20190710_211951.825.tdms,1khz_50ns_20deci_2m_UTC+0900_DST0_20190710_211951.825.tdms,1khz_50ns_20deci_2m_UTC+0900_DST0_20190710_211951.825,27.0,29.0,243,648,1000.0
345,pohang__1khz_50ns_20deci_2m_UTC_20190713_150229.968,pohang,pohang,pohang,noise,0,/home/ted1204/MS_Detection_Datamaker/MS_datamaker_PH/data/noise/1khz_50ns_20deci_2m_UTC_20190713_150229.968.tdms,1khz_50ns_20deci_2m_UTC_20190713_150229.968.tdms,1khz_50ns_20deci_2m_UTC_20190713_150229.968,0.0,2.0,243,648,1000.0
346,pohang__1khz_50ns_20deci_2m_UTC_20190713_150229.968,pohang,pohang,pohang,noise,0,/home/ted1204/MS_Detection_Datamaker/MS_datamaker_PH/data/noise/1khz_50ns_20deci_2m_UTC_20190713_150229.968.tdms,1khz_50ns_20deci_2m_UTC_20190713_150229.968.tdms,1khz_50ns_20deci_2m_UTC_20190713_150229.968,1.0,3.0,243,648,1000.0
347,pohang__1khz_50ns_20deci_2m_UTC_20190713_150229.968,pohang,pohang,pohang,noise,0,/home/ted1204/MS_Detection_Datamaker/MS_datamaker_PH/data/noise/1khz_50ns_20deci_2m_UTC_20190713_150229.968.tdms,1khz_50ns_20deci_2m_UTC_20190713_150229.968.tdms,1khz_50ns_20deci_2m_UTC_20190713_150229.968,3.0,5.0,243,648,1000.0
348,pohang__1khz_50ns_20deci_2m_UTC_20190713_150229.968,pohang,pohang,pohang,noise,0,/home/ted1204/MS_Detection_Datamaker/MS_datamaker_PH/data/noise/1khz_50ns_20deci_2m_UTC_20190713_150229.968.tdms,1khz_50ns_20deci_2m_UTC_20190713_150229.968.tdms,1khz_50ns_20deci_2m_UTC_20190713_150229.968,7.0,9.0,243,648,1000.0
349,pohang__1khz_50ns_20deci_2m_UTC_20190713_150229.968,pohang,pohang,pohang,noise,0,/home/ted1204/MS_Detection_Datamaker/MS_datamaker_PH/data/noise/1khz_50ns_20deci_2m_UTC_20190713_150229.968.tdms,1khz_50ns_20deci_2m_UTC_20190713_150229.968.tdms,1khz_50ns_20deci_2m_UTC_20190713_150229.968,8.0,10.0,243,648,1000.0
350,pohang__1khz_50ns_20deci_2m_UTC_20190713_150229.968,pohang,pohang,pohang,noise,0,/home/ted1204/MS_Detection_Datamaker/MS_datamaker_PH/data/noise/1khz_50ns_20deci_2m_UTC_20190713_150229.968.tdms,1khz_50ns_20deci_2m_UTC_20190713_150229.968.tdms,1khz_50ns_20deci_2m_UTC_20190713_150229.968,9.0,11.0,243,648,1000.0
351,pohang__1khz_50ns_20deci_2m_UTC_20190713_150229.968,pohang,pohang,pohang,noise,0,/home/ted1204/MS_Detection_Datamaker/MS_datamaker_PH/data/noise/1khz_50ns_20deci_2m_UTC_20190713_150229.968.tdms,1khz_50ns_20deci_2m_UTC_20190713_150229.968.tdms,1khz_50ns_20deci_2m_UTC_20190713_150229.968,11.0,13.0,243,648,1000.0
352,pohang__1khz_50ns_20deci_2m_UTC_20190713_150229.968,pohang,pohang,pohang,noise,0,/home/ted1204/MS_Detection_Datamaker/MS_datamaker_PH/data/noise/1khz_50ns_20deci_2m_UTC_20190713_150229.968.tdms,1khz_50ns_20deci_2m_UTC_20190713_150229.968.tdms,1khz_50ns_20deci_2m_UTC_20190713_150229.968,12.0,14.0,243,648,1000.0
353,pohang__1khz_50ns_20deci_2m_UTC_20190713_150229.968,pohang,pohang,pohang,noise,0,/home/ted1204/MS_Detection_Datamaker/MS_datamaker_PH/data/noise/1khz_50ns_20deci_2m_UTC_20190713_150229.968.tdms,1khz_50ns_20deci_2m_UTC_20190713_150229.968.tdms,1khz_50ns_20deci_2m_UTC_20190713_150229.968,16.0,18.0,243,648,1000.0
354,pohang__1khz_50ns_20deci_2m_UTC_20190713_150229.968,pohang,pohang,pohang,noise,0,/home/ted1204/MS_Detection_Datamaker/MS_datamaker_PH/data/noise/1khz_50ns_20deci_2m_UTC_20190713_150229.968.tdms,1khz_50ns_20deci_2m_UTC_20190713_150229.968.tdms,1khz_50ns_20deci_2m_UTC_20190713_150229.968,17.0,19.0,243,648,1000.0
355,pohang__1khz_50ns_20deci_2m_UTC_20190713_150229.968,pohang,pohang,pohang,noise,0,/home/ted1204/MS_Detection_Datamaker/MS_datamaker_PH/data/noise/1khz_50ns_20deci_2m_UTC_20190713_150229.968.tdms,1khz_50ns_20deci_2m_UTC_20190713_150229.968.tdms,1khz_50ns_20deci_2m_UTC_20190713_150229.968,18.0,20.0,243,648,1000.0
356,pohang__1khz_50ns_20deci_2m_UTC_20190713_150229.968,pohang,pohang,pohang,noise,0,/home/ted1204/MS_Detection_Datamaker/MS_datamaker_PH/data/noise/1khz_50ns_20deci_2m_UTC_20190713_150229.968.tdms,1khz_50ns_20deci_2m_UTC_20190713_150229.968.tdms,1khz_50ns_20deci_2m_UTC_20190713_150229.968,19.0,21.0,243,648,1000.0
357,pohang__1khz_50ns_20deci_2m_UTC_20190713_150229.968,pohang,pohang,pohang,noise,0,/home/ted1204/MS_Detection_Datamaker/MS_datamaker_PH/data/noise/1khz_50ns_20deci_2m_UTC_20190713_150229.968.tdms,1khz_50ns_20deci_2m_UTC_20190713_150229.968.tdms,1khz_50ns_20deci_2m_UTC_20190713_150229.968,22.0,24.0,243,648,1000.0
358,pohang__1khz_50ns_20deci_2m_UTC_20190713_150229.968,pohang,pohang,pohang,noise,0,/home/ted1204/MS_Detection_Datamaker/MS_datamaker_PH/data/noise/1khz_50ns_20deci_2m_UTC_20190713_150229.968.tdms,1khz_50ns_20deci_2m_UTC_20190713_150229.968.tdms,1khz_50ns_20deci_2m_UTC_20190713_150229.968,23.0,25.0,243,648,1000.0
359,pohang__1khz_50ns_20deci_2m_UTC_20190713_150229.968,pohang,pohang,pohang,noise,0,/home/ted1204/MS_Detection_Datamaker/MS_datamaker_PH/data/noise/1khz_50ns_20deci_2m_UTC_20190713_150229.968.tdms,1khz_50ns_20deci_2m_UTC_20190713_150229.968.tdms,1khz_50ns_20deci_2m_UTC_20190713_150229.968,28.0,30.0,243,648,1000.0
360,pohang__1khz_50ns_20deci_2m_UTC_20190714_091229.949,pohang,pohang,pohang,noise,0,/home/ted1204/MS_Detection_Datamaker/MS_datamaker_PH/data/noise/1khz_50ns_20deci_2m_UTC_20190714_091229.949.tdms,1khz_50ns_20deci_2m_UTC_20190714_091229.949.tdms,1khz_50ns_20deci_2m_UTC_20190714_091229.949,0.0,2.0,243,648,1000.0
361,pohang__1khz_50ns_20deci_2m_UTC_20190714_091229.949,pohang,pohang,pohang,noise,0,/home/ted1204/MS_Detection_Datamaker/MS_datamaker_PH/data/noise/1khz_50ns_20deci_2m_UTC_20190714_091229.949.tdms,1khz_50ns_20deci_2m_UTC_20190714_091229.949.tdms,1khz_50ns_20deci_2m_UTC_20190714_091229.949,3.0,5.0,243,648,1000.0
362,pohang__1khz_50ns_20deci_2m_UTC_20190714_091229.949,pohang,pohang,pohang,noise,0,/home/ted1204/MS_Detection_Datamaker/MS_datamaker_PH/data/noise/1khz_50ns_20deci_2m_UTC_20190714_091229.949.tdms,1khz_50ns_20deci_2m_UTC_20190714_091229.949.tdms,1khz_50ns_20deci_2m_UTC_20190714_091229.949,4.0,6.0,243,648,1000.0
363,pohang__1khz_50ns_20deci_2m_UTC_20190714_091229.949,pohang,pohang,pohang,noise,0,/home/ted1204/MS_Detection_Datamaker/MS_datamaker_PH/data/noise/1khz_50ns_20deci_2m_UTC_20190714_091229.949.tdms,1khz_50ns_20deci_2m_UTC_20190714_091229.949.tdms,1khz_50ns_20deci_2m_UTC_20190714_091229.949,6.0,8.0,243,648,1000.0
364,pohang__1khz_50ns_20deci_2m_UTC_20190714_091229.949,pohang,pohang,pohang,noise,0,/home/ted1204/MS_Detection_Datamaker/MS_datamaker_PH/data/noise/1khz_50ns_20deci_2m_UTC_20190714_091229.949.tdms,1khz_50ns_20deci_2m_UTC_20190714_091229.949.tdms,1khz_50ns_20deci_2m_UTC_20190714_091229.949,7.0,9.0,243,648,1000.0
365,pohang__1khz_50ns_20deci_2m_UTC_20190714_091229.949,pohang,pohang,pohang,noise,0,/home/ted1204/MS_Detection_Datamaker/MS_datamaker_PH/data/noise/1khz_50ns_20deci_2m_UTC_20190714_091229.949.tdms,1khz_50ns_20deci_2m_UTC_20190714_091229.949.tdms,1khz_50ns_20deci_2m_UTC_20190714_091229.949,8.0,10.0,243,648,1000.0
366,pohang__1khz_50ns_20deci_2m_UTC_20190714_091229.949,pohang,pohang,pohang,noise,0,/home/ted1204/MS_Detection_Datamaker/MS_datamaker_PH/data/noise/1khz_50ns_20deci_2m_UTC_20190714_091229.949.tdms,1khz_50ns_20deci_2m_UTC_20190714_091229.949.tdms,1khz_50ns_20deci_2m_UTC_20190714_091229.949,11.0,13.0,243,648,1000.0
367,pohang__1khz_50ns_20deci_2m_UTC_20190714_091229.949,pohang,pohang,pohang,noise,0,/home/ted1204/MS_Detection_Datamaker/MS_datamaker_PH/data/noise/1khz_50ns_20deci_2m_UTC_20190714_091229.949.tdms,1khz_50ns_20deci_2m_UTC_20190714_091229.949.tdms,1khz_50ns_20deci_2m_UTC_20190714_091229.949,14.0,16.0,243,648,1000.0
368,pohang__1khz_50ns_20deci_2m_UTC_20190714_091229.949,pohang,pohang,pohang,noise,0,/home/ted1204/MS_Detection_Datamaker/MS_datamaker_PH/data/noise/1khz_50ns_20deci_2m_UTC_20190714_091229.949.tdms,1khz_50ns_20deci_2m_UTC_20190714_091229.949.tdms,1khz_50ns_20deci_2m_UTC_20190714_091229.949,18.0,20.0,243,648,1000.0
369,pohang__1khz_50ns_20deci_2m_UTC_20190714_091229.949,pohang,pohang,pohang,noise,0,/home/ted1204/MS_Detection_Datamaker/MS_datamaker_PH/data/noise/1khz_50ns_20deci_2m_UTC_20190714_091229.949.tdms,1khz_50ns_20deci_2m_UTC_20190714_091229.949.tdms,1khz_50ns_20deci_2m_UTC_20190714_091229.949,19.0,21.0,243,648,1000.0
370,pohang__1khz_50ns_20deci_2m_UTC_20190714_091229.949,pohang,pohang,pohang,noise,0,/home/ted1204/MS_Detection_Datamaker/MS_datamaker_PH/data/noise/1khz_50ns_20deci_2m_UTC_20190714_091229.949.tdms,1khz_50ns_20deci_2m_UTC_20190714_091229.949.tdms,1khz_50ns_20deci_2m_UTC_20190714_091229.949,20.0,22.0,243,648,1000.0
371,pohang__1khz_50ns_20deci_2m_UTC_20190714_091229.949,pohang,pohang,pohang,noise,0,/home/ted1204/MS_Detection_Datamaker/MS_datamaker_PH/data/noise/1khz_50ns_20deci_2m_UTC_20190714_091229.949.tdms,1khz_50ns_20deci_2m_UTC_20190714_091229.949.tdms,1khz_50ns_20deci_2m_UTC_20190714_091229.949,23.0,25.0,243,648,1000.0
372,pohang__1khz_50ns_20deci_2m_UTC_20190714_091229.949,pohang,pohang,pohang,noise,0,/home/ted1204/MS_Detection_Datamaker/MS_datamaker_PH/data/noise/1khz_50ns_20deci_2m_UTC_20190714_091229.949.tdms,1khz_50ns_20deci_2m_UTC_20190714_091229.949.tdms,1khz_50ns_20deci_2m_UTC_20190714_091229.949,24.0,26.0,243,648,1000.0
373,pohang__1khz_50ns_20deci_2m_UTC_20190714_091229.949,pohang,pohang,pohang,noise,0,/home/ted1204/MS_Detection_Datamaker/MS_datamaker_PH/data/noise/1khz_50ns_20deci_2m_UTC_20190714_091229.949.tdms,1khz_50ns_20deci_2m_UTC_20190714_091229.949.tdms,1khz_50ns_20deci_2m_UTC_20190714_091229.949,25.0,27.0,243,648,1000.0
374,pohang__1khz_50ns_20deci_2m_UTC_20190714_091229.949,pohang,pohang,pohang,noise,0,/home/ted1204/MS_Detection_Datamaker/MS_datamaker_PH/data/noise/1khz_50ns_20deci_2m_UTC_20190714_091229.949.tdms,1khz_50ns_20deci_2m_UTC_20190714_091229.949.tdms,1khz_50ns_20deci_2m_UTC_20190714_091229.949,28.0,30.0,243,648,1000.0
375,pohang__1khz_50ns_20deci_2m_UTC_20190715_155459.917,pohang,pohang,pohang,noise,0,/home/ted1204/MS_Detection_Datamaker/MS_datamaker_PH/data/noise/1khz_50ns_20deci_2m_UTC_20190715_155459.917.tdms,1khz_50ns_20deci_2m_UTC_20190715_155459.917.tdms,1khz_50ns_20deci_2m_UTC_20190715_155459.917,1.0,3.0,243,648,1000.0
376,pohang__1khz_50ns_20deci_2m_UTC_20190715_155459.917,pohang,pohang,pohang,noise,0,/home/ted1204/MS_Detection_Datamaker/MS_datamaker_PH/data/noise/1khz_50ns_20deci_2m_UTC_20190715_155459.917.tdms,1khz_50ns_20deci_2m_UTC_20190715_155459.917.tdms,1khz_50ns_20deci_2m_UTC_20190715_155459.917,2.0,4.0,243,648,1000.0
377,pohang__1khz_50ns_20deci_2m_UTC_20190715_155459.917,pohang,pohang,pohang,noise,0,/home/ted1204/MS_Detection_Datamaker/MS_datamaker_PH/data/noise/1khz_50ns_20deci_2m_UTC_20190715_155459.917.tdms,1khz_50ns_20deci_2m_UTC_20190715_155459.917.tdms,1khz_50ns_20deci_2m_UTC_20190715_155459.917,3.0,5.0,243,648,1000.0
378,pohang__1khz_50ns_20deci_2m_UTC_20190715_155459.917,pohang,pohang,pohang,noise,0,/home/ted1204/MS_Detection_Datamaker/MS_datamaker_PH/data/noise/1khz_50ns_20deci_2m_UTC_20190715_155459.917.tdms,1khz_50ns_20deci_2m_UTC_20190715_155459.917.tdms,1khz_50ns_20deci_2m_UTC_20190715_155459.917,4.0,6.0,243,648,1000.0
379,pohang__1khz_50ns_20deci_2m_UTC_20190715_155459.917,pohang,pohang,pohang,noise,0,/home/ted1204/MS_Detection_Datamaker/MS_datamaker_PH/data/noise/1khz_50ns_20deci_2m_UTC_20190715_155459.917.tdms,1khz_50ns_20deci_2m_UTC_20190715_155459.917.tdms,1khz_50ns_20deci_2m_UTC_20190715_155459.917,7.0,9.0,243,648,1000.0
380,pohang__1khz_50ns_20deci_2m_UTC_20190715_155459.917,pohang,pohang,pohang,noise,0,/home/ted1204/MS_Detection_Datamaker/MS_datamaker_PH/data/noise/1khz_50ns_20deci_2m_UTC_20190715_155459.917.tdms,1khz_50ns_20deci_2m_UTC_20190715_155459.917.tdms,1khz_50ns_20deci_2m_UTC_20190715_155459.917,9.0,11.0,243,648,1000.0
381,pohang__1khz_50ns_20deci_2m_UTC_20190715_155459.917,pohang,pohang,pohang,noise,0,/home/ted1204/MS_Detection_Datamaker/MS_datamaker_PH/data/noise/1khz_50ns_20deci_2m_UTC_20190715_155459.917.tdms,1khz_50ns_20deci_2m_UTC_20190715_155459.917.tdms,1khz_50ns_20deci_2m_UTC_20190715_155459.917,11.0,13.0,243,648,1000.0
382,pohang__1khz_50ns_20deci_2m_UTC_20190715_155459.917,pohang,pohang,pohang,noise,0,/home/ted1204/MS_Detection_Datamaker/MS_datamaker_PH/data/noise/1khz_50ns_20deci_2m_UTC_20190715_155459.917.tdms,1khz_50ns_20deci_2m_UTC_20190715_155459.917.tdms,1khz_50ns_20deci_2m_UTC_20190715_155459.917,12.0,14.0,243,648,1000.0
383,pohang__1khz_50ns_20deci_2m_UTC_20190715_155459.917,pohang,pohang,pohang,noise,0,/home/ted1204/MS_Detection_Datamaker/MS_datamaker_PH/data/noise/1khz_50ns_20deci_2m_UTC_20190715_155459.917.tdms,1khz_50ns_20deci_2m_UTC_20190715_155459.917.tdms,1khz_50ns_20deci_2m_UTC_20190715_155459.917,15.0,17.0,243,648,1000.0
384,pohang__1khz_50ns_20deci_2m_UTC_20190715_155459.917,pohang,pohang,pohang,noise,0,/home/ted1204/MS_Detection_Datamaker/MS_datamaker_PH/data/noise/1khz_50ns_20deci_2m_UTC_20190715_155459.917.tdms,1khz_50ns_20deci_2m_UTC_20190715_155459.917.tdms,1khz_50ns_20deci_2m_UTC_20190715_155459.917,17.0,19.0,243,648,1000.0
385,pohang__1khz_50ns_20deci_2m_UTC_20190715_155459.917,pohang,pohang,pohang,noise,0,/home/ted1204/MS_Detection_Datamaker/MS_datamaker_PH/data/noise/1khz_50ns_20deci_2m_UTC_20190715_155459.917.tdms,1khz_50ns_20deci_2m_UTC_20190715_155459.917.tdms,1khz_50ns_20deci_2m_UTC_20190715_155459.917,20.0,22.0,243,648,1000.0
386,pohang__1khz_50ns_20deci_2m_UTC_20190715_155459.917,pohang,pohang,pohang,noise,0,/home/ted1204/MS_Detection_Datamaker/MS_datamaker_PH/data/noise/1khz_50ns_20deci_2m_UTC_20190715_155459.917.tdms,1khz_50ns_20deci_2m_UTC_20190715_155459.917.tdms,1khz_50ns_20deci_2m_UTC_20190715_155459.917,21.0,23.0,243,648,1000.0
387,pohang__1khz_50ns_20deci_2m_UTC_20190715_155459.917,pohang,pohang,pohang,noise,0,/home/ted1204/MS_Detection_Datamaker/MS_datamaker_PH/data/noise/1khz_50ns_20deci_2m_UTC_20190715_155459.917.tdms,1khz_50ns_20deci_2m_UTC_20190715_155459.917.tdms,1khz_50ns_20deci_2m_UTC_20190715_155459.917,22.0,24.0,243,648,1000.0
388,pohang__1khz_50ns_20deci_2m_UTC_20190715_155459.917,pohang,pohang,pohang,noise,0,/home/ted1204/MS_Detection_Datamaker/MS_datamaker_PH/data/noise/1khz_50ns_20deci_2m_UTC_20190715_155459.917.tdms,1khz_50ns_20deci_2m_UTC_20190715_155459.917.tdms,1khz_50ns_20deci_2m_UTC_20190715_155459.917,23.0,25.0,243,648,1000.0
389,pohang__1khz_50ns_20deci_2m_UTC_20190715_155459.917,pohang,pohang,pohang,noise,0,/home/ted1204/MS_Detection_Datamaker/MS_datamaker_PH/data/noise/1khz_50ns_20deci_2m_UTC_20190715_155459.917.tdms,1khz_50ns_20deci_2m_UTC_20190715_155459.917.tdms,1khz_50ns_20deci_2m_UTC_20190715_155459.917,27.0,29.0,243,648,1000.0
390,pohang__1khz_50ns_20deci_2m_UTC_20190717_111459.873,pohang,pohang,pohang,noise,0,/home/ted1204/MS_Detection_Datamaker/MS_datamaker_PH/data/noise/1khz_50ns_20deci_2m_UTC_20190717_111459.873.tdms,1khz_50ns_20deci_2m_UTC_20190717_111459.873.tdms,1khz_50ns_20deci_2m_UTC_20190717_111459.873,0.0,2.0,243,648,1000.0
391,pohang__1khz_50ns_20deci_2m_UTC_20190717_111459.873,pohang,pohang,pohang,noise,0,/home/ted1204/MS_Detection_Datamaker/MS_datamaker_PH/data/noise/1khz_50ns_20deci_2m_UTC_20190717_111459.873.tdms,1khz_50ns_20deci_2m_UTC_20190717_111459.873.tdms,1khz_50ns_20deci_2m_UTC_20190717_111459.873,3.0,5.0,243,648,1000.0
392,pohang__1khz_50ns_20deci_2m_UTC_20190717_111459.873,pohang,pohang,pohang,noise,0,/home/ted1204/MS_Detection_Datamaker/MS_datamaker_PH/data/noise/1khz_50ns_20deci_2m_UTC_20190717_111459.873.tdms,1khz_50ns_20deci_2m_UTC_20190717_111459.873.tdms,1khz_50ns_20deci_2m_UTC_20190717_111459.873,4.0,6.0,243,648,1000.0
393,pohang__1khz_50ns_20deci_2m_UTC_20190717_111459.873,pohang,pohang,pohang,noise,0,/home/ted1204/MS_Detection_Datamaker/MS_datamaker_PH/data/noise/1khz_50ns_20deci_2m_UTC_20190717_111459.873.tdms,1khz_50ns_20deci_2m_UTC_20190717_111459.873.tdms,1khz_50ns_20deci_2m_UTC_20190717_111459.873,5.0,7.0,243,648,1000.0
394,pohang__1khz_50ns_20deci_2m_UTC_20190717_111459.873,pohang,pohang,pohang,noise,0,/home/ted1204/MS_Detection_Datamaker/MS_datamaker_PH/data/noise/1khz_50ns_20deci_2m_UTC_20190717_111459.873.tdms,1khz_50ns_20deci_2m_UTC_20190717_111459.873.tdms,1khz_50ns_20deci_2m_UTC_20190717_111459.873,8.0,10.0,243,648,1000.0
395,pohang__1khz_50ns_20deci_2m_UTC_20190717_111459.873,pohang,pohang,pohang,noise,0,/home/ted1204/MS_Detection_Datamaker/MS_datamaker_PH/data/noise/1khz_50ns_20deci_2m_UTC_20190717_111459.873.tdms,1khz_50ns_20deci_2m_UTC_20190717_111459.873.tdms,1khz_50ns_20deci_2m_UTC_20190717_111459.873,11.0,13.0,243,648,1000.0
396,pohang__1khz_50ns_20deci_2m_UTC_20190717_111459.873,pohang,pohang,pohang,noise,0,/home/ted1204/MS_Detection_Datamaker/MS_datamaker_PH/data/noise/1khz_50ns_20deci_2m_UTC_20190717_111459.873.tdms,1khz_50ns_20deci_2m_UTC_20190717_111459.873.tdms,1khz_50ns_20deci_2m_UTC_20190717_111459.873,12.0,14.0,243,648,1000.0
397,pohang__1khz_50ns_20deci_2m_UTC_20190717_111459.873,pohang,pohang,pohang,noise,0,/home/ted1204/MS_Detection_Datamaker/MS_datamaker_PH/data/noise/1khz_50ns_20deci_2m_UTC_20190717_111459.873.tdms,1khz_50ns_20deci_2m_UTC_20190717_111459.873.tdms,1khz_50ns_20deci_2m_UTC_20190717_111459.873,20.0,22.0,243,648,1000.0
398,pohang__1khz_50ns_20deci_2m_UTC_20190717_111459.873,pohang,pohang,pohang,noise,0,/home/ted1204/MS_Detection_Datamaker/MS_datamaker_PH/data/noise/1khz_50ns_20deci_2m_UTC_20190717_111459.873.tdms,1khz_50ns_20deci_2m_UTC_20190717_111459.873.tdms,1khz_50ns_20deci_2m_UTC_20190717_111459.873,21.0,23.0,243,648,1000.0
399,pohang__1khz_50ns_20deci_2m_UTC_20190717_111459.873,pohang,pohang,pohang,noise,0,/home/ted1204/MS_Detection_Datamaker/MS_datamaker_PH/data/noise/1khz_50ns_20deci_2m_UTC_20190717_111459.873.tdms,1khz_50ns_20deci_2m_UTC_20190717_111459.873.tdms,1khz_50ns_20deci_2m_UTC_20190717_111459.873,23.0,25.0,243,648,1000.0
400,pohang__1khz_50ns_20deci_2m_UTC_20190717_111459.873,pohang,pohang,pohang,noise,0,/home/ted1204/MS_Detection_Datamaker/MS_datamaker_PH/data/noise/1khz_50ns_20deci_2m_UTC_20190717_111459.873.tdms,1khz_50ns_20deci_2m_UTC_20190717_111459.873.tdms,1khz_50ns_20deci_2m_UTC_20190717_111459.873,24.0,26.0,243,648,1000.0
401,pohang__1khz_50ns_20deci_2m_UTC_20190717_111459.873,pohang,pohang,pohang,noise,0,/home/ted1204/MS_Detection_Datamaker/MS_datamaker_PH/data/noise/1khz_50ns_20deci_2m_UTC_20190717_111459.873.tdms,1khz_50ns_20deci_2m_UTC_20190717_111459.873.tdms,1khz_50ns_20deci_2m_UTC_20190717_111459.873,25.0,27.0,243,648,1000.0
402,pohang__1khz_50ns_20deci_2m_UTC_20190717_111459.873,pohang,pohang,pohang,noise,0,/home/ted1204/MS_Detection_Datamaker/MS_datamaker_PH/data/noise/1khz_50ns_20deci_2m_UTC_20190717_111459.873.tdms,1khz_50ns_20deci_2m_UTC_20190717_111459.873.tdms,1khz_50ns_20deci_2m_UTC_20190717_111459.873,26.0,28.0,243,648,1000.0
403,pohang__1khz_50ns_20deci_2m_UTC_20190717_111459.873,pohang,pohang,pohang,noise,0,/home/ted1204/MS_Detection_Datamaker/MS_datamaker_PH/data/noise/1khz_50ns_20deci_2m_UTC_20190717_111459.873.tdms,1khz_50ns_20deci_2m_UTC_20190717_111459.873.tdms,1khz_50ns_20deci_2m_UTC_20190717_111459.873,27.0,29.0,243,648,1000.0
404,pohang__1khz_50ns_20deci_2m_UTC_20190717_111459.873,pohang,pohang,pohang,noise,0,/home/ted1204/MS_Detection_Datamaker/MS_datamaker_PH/data/noise/1khz_50ns_20deci_2m_UTC_20190717_111459.873.tdms,1khz_50ns_20deci_2m_UTC_20190717_111459.873.tdms,1khz_50ns_20deci_2m_UTC_20190717_111459.873,28.0,30.0,243,648,1000.0
405,pohang__1khz_50ns_20deci_2m_UTC_20190720_003129.809,pohang,pohang,pohang,noise,0,/home/ted1204/MS_Detection_Datamaker/MS_datamaker_PH/data/noise/1khz_50ns_20deci_2m_UTC_20190720_003129.809.tdms,1khz_50ns_20deci_2m_UTC_20190720_003129.809.tdms,1khz_50ns_20deci_2m_UTC_20190720_003129.809,0.0,2.0,243,648,1000.0
406,pohang__1khz_50ns_20deci_2m_UTC_20190720_003129.809,pohang,pohang,pohang,noise,0,/home/ted1204/MS_Detection_Datamaker/MS_datamaker_PH/data/noise/1khz_50ns_20deci_2m_UTC_20190720_003129.809.tdms,1khz_50ns_20deci_2m_UTC_20190720_003129.809.tdms,1khz_50ns_20deci_2m_UTC_20190720_003129.809,4.0,6.0,243,648,1000.0
407,pohang__1khz_50ns_20deci_2m_UTC_20190720_003129.809,pohang,pohang,pohang,noise,0,/home/ted1204/MS_Detection_Datamaker/MS_datamaker_PH/data/noise/1khz_50ns_20deci_2m_UTC_20190720_003129.809.tdms,1khz_50ns_20deci_2m_UTC_20190720_003129.809.tdms,1khz_50ns_20deci_2m_UTC_20190720_003129.809,5.0,7.0,243,648,1000.0
408,pohang__1khz_50ns_20deci_2m_UTC_20190720_003129.809,pohang,pohang,pohang,noise,0,/home/ted1204/MS_Detection_Datamaker/MS_datamaker_PH/data/noise/1khz_50ns_20deci_2m_UTC_20190720_003129.809.tdms,1khz_50ns_20deci_2m_UTC_20190720_003129.809.tdms,1khz_50ns_20deci_2m_UTC_20190720_003129.809,8.0,10.0,243,648,1000.0
409,pohang__1khz_50ns_20deci_2m_UTC_20190720_003129.809,pohang,pohang,pohang,noise,0,/home/ted1204/MS_Detection_Datamaker/MS_datamaker_PH/data/noise/1khz_50ns_20deci_2m_UTC_20190720_003129.809.tdms,1khz_50ns_20deci_2m_UTC_20190720_003129.809.tdms,1khz_50ns_20deci_2m_UTC_20190720_003129.809,13.0,15.0,243,648,1000.0
410,pohang__1khz_50ns_20deci_2m_UTC_20190720_003129.809,pohang,pohang,pohang,noise,0,/home/ted1204/MS_Detection_Datamaker/MS_datamaker_PH/data/noise/1khz_50ns_20deci_2m_UTC_20190720_003129.809.tdms,1khz_50ns_20deci_2m_UTC_20190720_003129.809.tdms,1khz_50ns_20deci_2m_UTC_20190720_003129.809,14.0,16.0,243,648,1000.0
411,pohang__1khz_50ns_20deci_2m_UTC_20190720_003129.809,pohang,pohang,pohang,noise,0,/home/ted1204/MS_Detection_Datamaker/MS_datamaker_PH/data/noise/1khz_50ns_20deci_2m_UTC_20190720_003129.809.tdms,1khz_50ns_20deci_2m_UTC_20190720_003129.809.tdms,1khz_50ns_20deci_2m_UTC_20190720_003129.809,18.0,20.0,243,648,1000.0
412,pohang__1khz_50ns_20deci_2m_UTC_20190720_003129.809,pohang,pohang,pohang,noise,0,/home/ted1204/MS_Detection_Datamaker/MS_datamaker_PH/data/noise/1khz_50ns_20deci_2m_UTC_20190720_003129.809.tdms,1khz_50ns_20deci_2m_UTC_20190720_003129.809.tdms,1khz_50ns_20deci_2m_UTC_20190720_003129.809,20.0,22.0,243,648,1000.0
413,pohang__1khz_50ns_20deci_2m_UTC_20190720_003129.809,pohang,pohang,pohang,noise,0,/home/ted1204/MS_Detection_Datamaker/MS_datamaker_PH/data/noise/1khz_50ns_20deci_2m_UTC_20190720_003129.809.tdms,1khz_50ns_20deci_2m_UTC_20190720_003129.809.tdms,1khz_50ns_20deci_2m_UTC_20190720_003129.809,21.0,23.0,243,648,1000.0
414,pohang__1khz_50ns_20deci_2m_UTC_20190720_003129.809,pohang,pohang,pohang,noise,0,/home/ted1204/MS_Detection_Datamaker/MS_datamaker_PH/data/noise/1khz_50ns_20deci_2m_UTC_20190720_003129.809.tdms,1khz_50ns_20deci_2m_UTC_20190720_003129.809.tdms,1khz_50ns_20deci_2m_UTC_20190720_003129.809,22.0,24.0,243,648,1000.0
415,pohang__1khz_50ns_20deci_2m_UTC_20190720_003129.809,pohang,pohang,pohang,noise,0,/home/ted1204/MS_Detection_Datamaker/MS_datamaker_PH/data/noise/1khz_50ns_20deci_2m_UTC_20190720_003129.809.tdms,1khz_50ns_20deci_2m_UTC_20190720_003129.809.tdms,1khz_50ns_20deci_2m_UTC_20190720_003129.809,23.0,25.0,243,648,1000.0
416,pohang__1khz_50ns_20deci_2m_UTC_20190720_003129.809,pohang,pohang,pohang,noise,0,/home/ted1204/MS_Detection_Datamaker/MS_datamaker_PH/data/noise/1khz_50ns_20deci_2m_UTC_20190720_003129.809.tdms,1khz_50ns_20deci_2m_UTC_20190720_003129.809.tdms,1khz_50ns_20deci_2m_UTC_20190720_003129.809,24.0,26.0,243,648,1000.0
417,pohang__1khz_50ns_20deci_2m_UTC_20190720_003129.809,pohang,pohang,pohang,noise,0,/home/ted1204/MS_Detection_Datamaker/MS_datamaker_PH/data/noise/1khz_50ns_20deci_2m_UTC_20190720_003129.809.tdms,1khz_50ns_20deci_2m_UTC_20190720_003129.809.tdms,1khz_50ns_20deci_2m_UTC_20190720_003129.809,25.0,27.0,243,648,1000.0
418,pohang__1khz_50ns_20deci_2m_UTC_20190720_003129.809,pohang,pohang,pohang,noise,0,/home/ted1204/MS_Detection_Datamaker/MS_datamaker_PH/data/noise/1khz_50ns_20deci_2m_UTC_20190720_003129.809.tdms,1khz_50ns_20deci_2m_UTC_20190720_003129.809.tdms,1khz_50ns_20deci_2m_UTC_20190720_003129.809,27.0,29.0,243,648,1000.0
419,pohang__1khz_50ns_20deci_2m_UTC_20190720_003129.809,pohang,pohang,pohang,noise,0,/home/ted1204/MS_Detection_Datamaker/MS_datamaker_PH/data/noise/1khz_50ns_20deci_2m_UTC_20190720_003129.809.tdms,1khz_50ns_20deci_2m_UTC_20190720_003129.809.tdms,1khz_50ns_20deci_2m_UTC_20190720_003129.809,28.0,30.0,243,648,1000.0
420,pohang__1khz_50ns_20deci_2m_UTC_20190720_101829.799,pohang,pohang,pohang,noise,0,/home/ted1204/MS_Detection_Datamaker/MS_datamaker_PH/data/noise/1khz_50ns_20deci_2m_UTC_20190720_101829.799.tdms,1khz_50ns_20deci_2m_UTC_20190720_101829.799.tdms,1khz_50ns_20deci_2m_UTC_20190720_101829.799,1.0,3.0,243,648,1000.0
421,pohang__1khz_50ns_20deci_2m_UTC_20190720_101829.799,pohang,pohang,pohang,noise,0,/home/ted1204/MS_Detection_Datamaker/MS_datamaker_PH/data/noise/1khz_50ns_20deci_2m_UTC_20190720_101829.799.tdms,1khz_50ns_20deci_2m_UTC_20190720_101829.799.tdms,1khz_50ns_20deci_2m_UTC_20190720_101829.799,3.0,5.0,243,648,1000.0
422,pohang__1khz_50ns_20deci_2m_UTC_20190720_101829.799,pohang,pohang,pohang,noise,0,/home/ted1204/MS_Detection_Datamaker/MS_datamaker_PH/data/noise/1khz_50ns_20deci_2m_UTC_20190720_101829.799.tdms,1khz_50ns_20deci_2m_UTC_20190720_101829.799.tdms,1khz_50ns_20deci_2m_UTC_20190720_101829.799,4.0,6.0,243,648,1000.0
423,pohang__1khz_50ns_20deci_2m_UTC_20190720_101829.799,pohang,pohang,pohang,noise,0,/home/ted1204/MS_Detection_Datamaker/MS_datamaker_PH/data/noise/1khz_50ns_20deci_2m_UTC_20190720_101829.799.tdms,1khz_50ns_20deci_2m_UTC_20190720_101829.799.tdms,1khz_50ns_20deci_2m_UTC_20190720_101829.799,6.0,8.0,243,648,1000.0
424,pohang__1khz_50ns_20deci_2m_UTC_20190720_101829.799,pohang,pohang,pohang,noise,0,/home/ted1204/MS_Detection_Datamaker/MS_datamaker_PH/data/noise/1khz_50ns_20deci_2m_UTC_20190720_101829.799.tdms,1khz_50ns_20deci_2m_UTC_20190720_101829.799.tdms,1khz_50ns_20deci_2m_UTC_20190720_101829.799,9.0,11.0,243,648,1000.0
425,pohang__1khz_50ns_20deci_2m_UTC_20190720_101829.799,pohang,pohang,pohang,noise,0,/home/ted1204/MS_Detection_Datamaker/MS_datamaker_PH/data/noise/1khz_50ns_20deci_2m_UTC_20190720_101829.799.tdms,1khz_50ns_20deci_2m_UTC_20190720_101829.799.tdms,1khz_50ns_20deci_2m_UTC_20190720_101829.799,10.0,12.0,243,648,1000.0
426,pohang__1khz_50ns_20deci_2m_UTC_20190720_101829.799,pohang,pohang,pohang,noise,0,/home/ted1204/MS_Detection_Datamaker/MS_datamaker_PH/data/noise/1khz_50ns_20deci_2m_UTC_20190720_101829.799.tdms,1khz_50ns_20deci_2m_UTC_20190720_101829.799.tdms,1khz_50ns_20deci_2m_UTC_20190720_101829.799,11.0,13.0,243,648,1000.0
427,pohang__1khz_50ns_20deci_2m_UTC_20190720_101829.799,pohang,pohang,pohang,noise,0,/home/ted1204/MS_Detection_Datamaker/MS_datamaker_PH/data/noise/1khz_50ns_20deci_2m_UTC_20190720_101829.799.tdms,1khz_50ns_20deci_2m_UTC_20190720_101829.799.tdms,1khz_50ns_20deci_2m_UTC_20190720_101829.799,12.0,14.0,243,648,1000.0
428,pohang__1khz_50ns_20deci_2m_UTC_20190720_101829.799,pohang,pohang,pohang,noise,0,/home/ted1204/MS_Detection_Datamaker/MS_datamaker_PH/data/noise/1khz_50ns_20deci_2m_UTC_20190720_101829.799.tdms,1khz_50ns_20deci_2m_UTC_20190720_101829.799.tdms,1khz_50ns_20deci_2m_UTC_20190720_101829.799,14.0,16.0,243,648,1000.0
429,pohang__1khz_50ns_20deci_2m_UTC_20190720_101829.799,pohang,pohang,pohang,noise,0,/home/ted1204/MS_Detection_Datamaker/MS_datamaker_PH/data/noise/1khz_50ns_20deci_2m_UTC_20190720_101829.799.tdms,1khz_50ns_20deci_2m_UTC_20190720_101829.799.tdms,1khz_50ns_20deci_2m_UTC_20190720_101829.799,18.0,20.0,243,648,1000.0
430,pohang__1khz_50ns_20deci_2m_UTC_20190720_101829.799,pohang,pohang,pohang,noise,0,/home/ted1204/MS_Detection_Datamaker/MS_datamaker_PH/data/noise/1khz_50ns_20deci_2m_UTC_20190720_101829.799.tdms,1khz_50ns_20deci_2m_UTC_20190720_101829.799.tdms,1khz_50ns_20deci_2m_UTC_20190720_101829.799,19.0,21.0,243,648,1000.0
431,pohang__1khz_50ns_20deci_2m_UTC_20190720_101829.799,pohang,pohang,pohang,noise,0,/home/ted1204/MS_Detection_Datamaker/MS_datamaker_PH/data/noise/1khz_50ns_20deci_2m_UTC_20190720_101829.799.tdms,1khz_50ns_20deci_2m_UTC_20190720_101829.799.tdms,1khz_50ns_20deci_2m_UTC_20190720_101829.799,22.0,24.0,243,648,1000.0
432,pohang__1khz_50ns_20deci_2m_UTC_20190720_101829.799,pohang,pohang,pohang,noise,0,/home/ted1204/MS_Detection_Datamaker/MS_datamaker_PH/data/noise/1khz_50ns_20deci_2m_UTC_20190720_101829.799.tdms,1khz_50ns_20deci_2m_UTC_20190720_101829.799.tdms,1khz_50ns_20deci_2m_UTC_20190720_101829.799,25.0,27.0,243,648,1000.0
433,pohang__1khz_50ns_20deci_2m_UTC_20190720_101829.799,pohang,pohang,pohang,noise,0,/home/ted1204/MS_Detection_Datamaker/MS_datamaker_PH/data/noise/1khz_50ns_20deci_2m_UTC_20190720_101829.799.tdms,1khz_50ns_20deci_2m_UTC_20190720_101829.799.tdms,1khz_50ns_20deci_2m_UTC_20190720_101829.799,27.0,29.0,243,648,1000.0
434,pohang__1khz_50ns_20deci_2m_UTC_20190720_101829.799,pohang,pohang,pohang,noise,0,/home/ted1204/MS_Detection_Datamaker/MS_datamaker_PH/data/noise/1khz_50ns_20deci_2m_UTC_20190720_101829.799.tdms,1khz_50ns_20deci_2m_UTC_20190720_101829.799.tdms,1khz_50ns_20deci_2m_UTC_20190720_101829.799,28.0,30.0,243,648,1000.0
435,pohang__1khz_50ns_20deci_2m_UTC_20190721_033829.781,pohang,pohang,pohang,noise,0,/home/ted1204/MS_Detection_Datamaker/MS_datamaker_PH/data/noise/1khz_50ns_20deci_2m_UTC_20190721_033829.781.tdms,1khz_50ns_20deci_2m_UTC_20190721_033829.781.tdms,1khz_50ns_20deci_2m_UTC_20190721_033829.781,1.0,3.0,243,648,1000.0
436,pohang__1khz_50ns_20deci_2m_UTC_20190721_033829.781,pohang,pohang,pohang,noise,0,/home/ted1204/MS_Detection_Datamaker/MS_datamaker_PH/data/noise/1khz_50ns_20deci_2m_UTC_20190721_033829.781.tdms,1khz_50ns_20deci_2m_UTC_20190721_033829.781.tdms,1khz_50ns_20deci_2m_UTC_20190721_033829.781,3.0,5.0,243,648,1000.0
437,pohang__1khz_50ns_20deci_2m_UTC_20190721_033829.781,pohang,pohang,pohang,noise,0,/home/ted1204/MS_Detection_Datamaker/MS_datamaker_PH/data/noise/1khz_50ns_20deci_2m_UTC_20190721_033829.781.tdms,1khz_50ns_20deci_2m_UTC_20190721_033829.781.tdms,1khz_50ns_20deci_2m_UTC_20190721_033829.781,5.0,7.0,243,648,1000.0
438,pohang__1khz_50ns_20deci_2m_UTC_20190721_033829.781,pohang,pohang,pohang,noise,0,/home/ted1204/MS_Detection_Datamaker/MS_datamaker_PH/data/noise/1khz_50ns_20deci_2m_UTC_20190721_033829.781.tdms,1khz_50ns_20deci_2m_UTC_20190721_033829.781.tdms,1khz_50ns_20deci_2m_UTC_20190721_033829.781,11.0,13.0,243,648,1000.0
439,pohang__1khz_50ns_20deci_2m_UTC_20190721_033829.781,pohang,pohang,pohang,noise,0,/home/ted1204/MS_Detection_Datamaker/MS_datamaker_PH/data/noise/1khz_50ns_20deci_2m_UTC_20190721_033829.781.tdms,1khz_50ns_20deci_2m_UTC_20190721_033829.781.tdms,1khz_50ns_20deci_2m_UTC_20190721_033829.781,13.0,15.0,243,648,1000.0
440,pohang__1khz_50ns_20deci_2m_UTC_20190721_033829.781,pohang,pohang,pohang,noise,0,/home/ted1204/MS_Detection_Datamaker/MS_datamaker_PH/data/noise/1khz_50ns_20deci_2m_UTC_20190721_033829.781.tdms,1khz_50ns_20deci_2m_UTC_20190721_033829.781.tdms,1khz_50ns_20deci_2m_UTC_20190721_033829.781,15.0,17.0,243,648,1000.0
441,pohang__1khz_50ns_20deci_2m_UTC_20190721_033829.781,pohang,pohang,pohang,noise,0,/home/ted1204/MS_Detection_Datamaker/MS_datamaker_PH/data/noise/1khz_50ns_20deci_2m_UTC_20190721_033829.781.tdms,1khz_50ns_20deci_2m_UTC_20190721_033829.781.tdms,1khz_50ns_20deci_2m_UTC_20190721_033829.781,16.0,18.0,243,648,1000.0
442,pohang__1khz_50ns_20deci_2m_UTC_20190721_033829.781,pohang,pohang,pohang,noise,0,/home/ted1204/MS_Detection_Datamaker/MS_datamaker_PH/data/noise/1khz_50ns_20deci_2m_UTC_20190721_033829.781.tdms,1khz_50ns_20deci_2m_UTC_20190721_033829.781.tdms,1khz_50ns_20deci_2m_UTC_20190721_033829.781,17.0,19.0,243,648,1000.0
443,pohang__1khz_50ns_20deci_2m_UTC_20190721_033829.781,pohang,pohang,pohang,noise,0,/home/ted1204/MS_Detection_Datamaker/MS_datamaker_PH/data/noise/1khz_50ns_20deci_2m_UTC_20190721_033829.781.tdms,1khz_50ns_20deci_2m_UTC_20190721_033829.781.tdms,1khz_50ns_20deci_2m_UTC_20190721_033829.781,18.0,20.0,243,648,1000.0
444,pohang__1khz_50ns_20deci_2m_UTC_20190721_033829.781,pohang,pohang,pohang,noise,0,/home/ted1204/MS_Detection_Datamaker/MS_datamaker_PH/data/noise/1khz_50ns_20deci_2m_UTC_20190721_033829.781.tdms,1khz_50ns_20deci_2m_UTC_20190721_033829.781.tdms,1khz_50ns_20deci_2m_UTC_20190721_033829.781,19.0,21.0,243,648,1000.0
445,pohang__1khz_50ns_20deci_2m_UTC_20190721_033829.781,pohang,pohang,pohang,noise,0,/home/ted1204/MS_Detection_Datamaker/MS_datamaker_PH/data/noise/1khz_50ns_20deci_2m_UTC_20190721_033829.781.tdms,1khz_50ns_20deci_2m_UTC_20190721_033829.781.tdms,1khz_50ns_20deci_2m_UTC_20190721_033829.781,22.0,24.0,243,648,1000.0
446,pohang__1khz_50ns_20deci_2m_UTC_20190721_033829.781,pohang,pohang,pohang,noise,0,/home/ted1204/MS_Detection_Datamaker/MS_datamaker_PH/data/noise/1khz_50ns_20deci_2m_UTC_20190721_033829.781.tdms,1khz_50ns_20deci_2m_UTC_20190721_033829.781.tdms,1khz_50ns_20deci_2m_UTC_20190721_033829.781,24.0,26.0,243,648,1000.0
447,pohang__1khz_50ns_20deci_2m_UTC_20190721_033829.781,pohang,pohang,pohang,noise,0,/home/ted1204/MS_Detection_Datamaker/MS_datamaker_PH/data/noise/1khz_50ns_20deci_2m_UTC_20190721_033829.781.tdms,1khz_50ns_20deci_2m_UTC_20190721_033829.781.tdms,1khz_50ns_20deci_2m_UTC_20190721_033829.781,26.0,28.0,243,648,1000.0
448,pohang__1khz_50ns_20deci_2m_UTC_20190721_033829.781,pohang,pohang,pohang,noise,0,/home/ted1204/MS_Detection_Datamaker/MS_datamaker_PH/data/noise/1khz_50ns_20deci_2m_UTC_20190721_033829.781.tdms,1khz_50ns_20deci_2m_UTC_20190721_033829.781.tdms,1khz_50ns_20deci_2m_UTC_20190721_033829.781,27.0,29.0,243,648,1000.0
449,pohang__1khz_50ns_20deci_2m_UTC_20190721_033829.781,pohang,pohang,pohang,noise,0,/home/ted1204/MS_Detection_Datamaker/MS_datamaker_PH/data/noise/1khz_50ns_20deci_2m_UTC_20190721_033829.781.tdms,1khz_50ns_20deci_2m_UTC_20190721_033829.781.tdms,1khz_50ns_20deci_2m_UTC_20190721_033829.781,28.0,30.0,243,648,1000.0
450,pohang__1khz_50ns_20deci_2m_UTC_20190722_111059.749,pohang,pohang,pohang,noise,0,/home/ted1204/MS_Detection_Datamaker/MS_datamaker_PH/data/noise/1khz_50ns_20deci_2m_UTC_20190722_111059.749.tdms,1khz_50ns_20deci_2m_UTC_20190722_111059.749.tdms,1khz_50ns_20deci_2m_UTC_20190722_111059.749,6.0,8.0,243,648,1000.0
451,pohang__1khz_50ns_20deci_2m_UTC_20190722_111059.749,pohang,pohang,pohang,noise,0,/home/ted1204/MS_Detection_Datamaker/MS_datamaker_PH/data/noise/1khz_50ns_20deci_2m_UTC_20190722_111059.749.tdms,1khz_50ns_20deci_2m_UTC_20190722_111059.749.tdms,1khz_50ns_20deci_2m_UTC_20190722_111059.749,7.0,9.0,243,648,1000.0
452,pohang__1khz_50ns_20deci_2m_UTC_20190722_111059.749,pohang,pohang,pohang,noise,0,/home/ted1204/MS_Detection_Datamaker/MS_datamaker_PH/data/noise/1khz_50ns_20deci_2m_UTC_20190722_111059.749.tdms,1khz_50ns_20deci_2m_UTC_20190722_111059.749.tdms,1khz_50ns_20deci_2m_UTC_20190722_111059.749,8.0,10.0,243,648,1000.0
453,pohang__1khz_50ns_20deci_2m_UTC_20190722_111059.749,pohang,pohang,pohang,noise,0,/home/ted1204/MS_Detection_Datamaker/MS_datamaker_PH/data/noise/1khz_50ns_20deci_2m_UTC_20190722_111059.749.tdms,1khz_50ns_20deci_2m_UTC_20190722_111059.749.tdms,1khz_50ns_20deci_2m_UTC_20190722_111059.749,9.0,11.0,243,648,1000.0
454,pohang__1khz_50ns_20deci_2m_UTC_20190722_111059.749,pohang,pohang,pohang,noise,0,/home/ted1204/MS_Detection_Datamaker/MS_datamaker_PH/data/noise/1khz_50ns_20deci_2m_UTC_20190722_111059.749.tdms,1khz_50ns_20deci_2m_UTC_20190722_111059.749.tdms,1khz_50ns_20deci_2m_UTC_20190722_111059.749,12.0,14.0,243,648,1000.0
455,pohang__1khz_50ns_20deci_2m_UTC_20190722_111059.749,pohang,pohang,pohang,noise,0,/home/ted1204/MS_Detection_Datamaker/MS_datamaker_PH/data/noise/1khz_50ns_20deci_2m_UTC_20190722_111059.749.tdms,1khz_50ns_20deci_2m_UTC_20190722_111059.749.tdms,1khz_50ns_20deci_2m_UTC_20190722_111059.749,15.0,17.0,243,648,1000.0
456,pohang__1khz_50ns_20deci_2m_UTC_20190722_111059.749,pohang,pohang,pohang,noise,0,/home/ted1204/MS_Detection_Datamaker/MS_datamaker_PH/data/noise/1khz_50ns_20deci_2m_UTC_20190722_111059.749.tdms,1khz_50ns_20deci_2m_UTC_20190722_111059.749.tdms,1khz_50ns_20deci_2m_UTC_20190722_111059.749,16.0,18.0,243,648,1000.0
457,pohang__1khz_50ns_20deci_2m_UTC_20190722_111059.749,pohang,pohang,pohang,noise,0,/home/ted1204/MS_Detection_Datamaker/MS_datamaker_PH/data/noise/1khz_50ns_20deci_2m_UTC_20190722_111059.749.tdms,1khz_50ns_20deci_2m_UTC_20190722_111059.749.tdms,1khz_50ns_20deci_2m_UTC_20190722_111059.749,18.0,20.0,243,648,1000.0
458,pohang__1khz_50ns_20deci_2m_UTC_20190722_111059.749,pohang,pohang,pohang,noise,0,/home/ted1204/MS_Detection_Datamaker/MS_datamaker_PH/data/noise/1khz_50ns_20deci_2m_UTC_20190722_111059.749.tdms,1khz_50ns_20deci_2m_UTC_20190722_111059.749.tdms,1khz_50ns_20deci_2m_UTC_20190722_111059.749,19.0,21.0,243,648,1000.0
459,pohang__1khz_50ns_20deci_2m_UTC_20190722_111059.749,pohang,pohang,pohang,noise,0,/home/ted1204/MS_Detection_Datamaker/MS_datamaker_PH/data/noise/1khz_50ns_20deci_2m_UTC_20190722_111059.749.tdms,1khz_50ns_20deci_2m_UTC_20190722_111059.749.tdms,1khz_50ns_20deci_2m_UTC_20190722_111059.749,20.0,22.0,243,648,1000.0
460,pohang__1khz_50ns_20deci_2m_UTC_20190722_111059.749,pohang,pohang,pohang,noise,0,/home/ted1204/MS_Detection_Datamaker/MS_datamaker_PH/data/noise/1khz_50ns_20deci_2m_UTC_20190722_111059.749.tdms,1khz_50ns_20deci_2m_UTC_20190722_111059.749.tdms,1khz_50ns_20deci_2m_UTC_20190722_111059.749,22.0,24.0,243,648,1000.0
461,pohang__1khz_50ns_20deci_2m_UTC_20190722_111059.749,pohang,pohang,pohang,noise,0,/home/ted1204/MS_Detection_Datamaker/MS_datamaker_PH/data/noise/1khz_50ns_20deci_2m_UTC_20190722_111059.749.tdms,1khz_50ns_20deci_2m_UTC_20190722_111059.749.tdms,1khz_50ns_20deci_2m_UTC_20190722_111059.749,23.0,25.0,243,648,1000.0
462,pohang__1khz_50ns_20deci_2m_UTC_20190722_111059.749,pohang,pohang,pohang,noise,0,/home/ted1204/MS_Detection_Datamaker/MS_datamaker_PH/data/noise/1khz_50ns_20deci_2m_UTC_20190722_111059.749.tdms,1khz_50ns_20deci_2m_UTC_20190722_111059.749.tdms,1khz_50ns_20deci_2m_UTC_20190722_111059.749,26.0,28.0,243,648,1000.0
463,pohang__1khz_50ns_20deci_2m_UTC_20190722_111059.749,pohang,pohang,pohang,noise,0,/home/ted1204/MS_Detection_Datamaker/MS_datamaker_PH/data/noise/1khz_50ns_20deci_2m_UTC_20190722_111059.749.tdms,1khz_50ns_20deci_2m_UTC_20190722_111059.749.tdms,1khz_50ns_20deci_2m_UTC_20190722_111059.749,27.0,29.0,243,648,1000.0
464,pohang__1khz_50ns_20deci_2m_UTC_20190722_111059.749,pohang,pohang,pohang,noise,0,/home/ted1204/MS_Detection_Datamaker/MS_datamaker_PH/data/noise/1khz_50ns_20deci_2m_UTC_20190722_111059.749.tdms,1khz_50ns_20deci_2m_UTC_20190722_111059.749.tdms,1khz_50ns_20deci_2m_UTC_20190722_111059.749,28.0,30.0,243,648,1000.0
465,pohang__1khz_50ns_20deci_2m_UTC_20190723_144459.722,pohang,pohang,pohang,noise,0,/home/ted1204/MS_Detection_Datamaker/MS_datamaker_PH/data/noise/1khz_50ns_20deci_2m_UTC_20190723_144459.722.tdms,1khz_50ns_20deci_2m_UTC_20190723_144459.722.tdms,1khz_50ns_20deci_2m_UTC_20190723_144459.722,0.0,2.0,243,648,1000.0
466,pohang__1khz_50ns_20deci_2m_UTC_20190723_144459.722,pohang,pohang,pohang,noise,0,/home/ted1204/MS_Detection_Datamaker/MS_datamaker_PH/data/noise/1khz_50ns_20deci_2m_UTC_20190723_144459.722.tdms,1khz_50ns_20deci_2m_UTC_20190723_144459.722.tdms,1khz_50ns_20deci_2m_UTC_20190723_144459.722,2.0,4.0,243,648,1000.0
467,pohang__1khz_50ns_20deci_2m_UTC_20190723_144459.722,pohang,pohang,pohang,noise,0,/home/ted1204/MS_Detection_Datamaker/MS_datamaker_PH/data/noise/1khz_50ns_20deci_2m_UTC_20190723_144459.722.tdms,1khz_50ns_20deci_2m_UTC_20190723_144459.722.tdms,1khz_50ns_20deci_2m_UTC_20190723_144459.722,3.0,5.0,243,648,1000.0
468,pohang__1khz_50ns_20deci_2m_UTC_20190723_144459.722,pohang,pohang,pohang,noise,0,/home/ted1204/MS_Detection_Datamaker/MS_datamaker_PH/data/noise/1khz_50ns_20deci_2m_UTC_20190723_144459.722.tdms,1khz_50ns_20deci_2m_UTC_20190723_144459.722.tdms,1khz_50ns_20deci_2m_UTC_20190723_144459.722,6.0,8.0,243,648,1000.0
469,pohang__1khz_50ns_20deci_2m_UTC_20190723_144459.722,pohang,pohang,pohang,noise,0,/home/ted1204/MS_Detection_Datamaker/MS_datamaker_PH/data/noise/1khz_50ns_20deci_2m_UTC_20190723_144459.722.tdms,1khz_50ns_20deci_2m_UTC_20190723_144459.722.tdms,1khz_50ns_20deci_2m_UTC_20190723_144459.722,10.0,12.0,243,648,1000.0
470,pohang__1khz_50ns_20deci_2m_UTC_20190723_144459.722,pohang,pohang,pohang,noise,0,/home/ted1204/MS_Detection_Datamaker/MS_datamaker_PH/data/noise/1khz_50ns_20deci_2m_UTC_20190723_144459.722.tdms,1khz_50ns_20deci_2m_UTC_20190723_144459.722.tdms,1khz_50ns_20deci_2m_UTC_20190723_144459.722,13.0,15.0,243,648,1000.0
471,pohang__1khz_50ns_20deci_2m_UTC_20190723_144459.722,pohang,pohang,pohang,noise,0,/home/ted1204/MS_Detection_Datamaker/MS_datamaker_PH/data/noise/1khz_50ns_20deci_2m_UTC_20190723_144459.722.tdms,1khz_50ns_20deci_2m_UTC_20190723_144459.722.tdms,1khz_50ns_20deci_2m_UTC_20190723_144459.722,14.0,16.0,243,648,1000.0
472,pohang__1khz_50ns_20deci_2m_UTC_20190723_144459.722,pohang,pohang,pohang,noise,0,/home/ted1204/MS_Detection_Datamaker/MS_datamaker_PH/data/noise/1khz_50ns_20deci_2m_UTC_20190723_144459.722.tdms,1khz_50ns_20deci_2m_UTC_20190723_144459.722.tdms,1khz_50ns_20deci_2m_UTC_20190723_144459.722,15.0,17.0,243,648,1000.0
473,pohang__1khz_50ns_20deci_2m_UTC_20190723_144459.722,pohang,pohang,pohang,noise,0,/home/ted1204/MS_Detection_Datamaker/MS_datamaker_PH/data/noise/1khz_50ns_20deci_2m_UTC_20190723_144459.722.tdms,1khz_50ns_20deci_2m_UTC_20190723_144459.722.tdms,1khz_50ns_20deci_2m_UTC_20190723_144459.722,17.0,19.0,243,648,1000.0
474,pohang__1khz_50ns_20deci_2m_UTC_20190723_144459.722,pohang,pohang,pohang,noise,0,/home/ted1204/MS_Detection_Datamaker/MS_datamaker_PH/data/noise/1khz_50ns_20deci_2m_UTC_20190723_144459.722.tdms,1khz_50ns_20deci_2m_UTC_20190723_144459.722.tdms,1khz_50ns_20deci_2m_UTC_20190723_144459.722,21.0,23.0,243,648,1000.0
475,pohang__1khz_50ns_20deci_2m_UTC_20190723_144459.722,pohang,pohang,pohang,noise,0,/home/ted1204/MS_Detection_Datamaker/MS_datamaker_PH/data/noise/1khz_50ns_20deci_2m_UTC_20190723_144459.722.tdms,1khz_50ns_20deci_2m_UTC_20190723_144459.722.tdms,1khz_50ns_20deci_2m_UTC_20190723_144459.722,22.0,24.0,243,648,1000.0
476,pohang__1khz_50ns_20deci_2m_UTC_20190723_144459.722,pohang,pohang,pohang,noise,0,/home/ted1204/MS_Detection_Datamaker/MS_datamaker_PH/data/noise/1khz_50ns_20deci_2m_UTC_20190723_144459.722.tdms,1khz_50ns_20deci_2m_UTC_20190723_144459.722.tdms,1khz_50ns_20deci_2m_UTC_20190723_144459.722,24.0,26.0,243,648,1000.0
477,pohang__1khz_50ns_20deci_2m_UTC_20190723_144459.722,pohang,pohang,pohang,noise,0,/home/ted1204/MS_Detection_Datamaker/MS_datamaker_PH/data/noise/1khz_50ns_20deci_2m_UTC_20190723_144459.722.tdms,1khz_50ns_20deci_2m_UTC_20190723_144459.722.tdms,1khz_50ns_20deci_2m_UTC_20190723_144459.722,25.0,27.0,243,648,1000.0
478,pohang__1khz_50ns_20deci_2m_UTC_20190723_144459.722,pohang,pohang,pohang,noise,0,/home/ted1204/MS_Detection_Datamaker/MS_datamaker_PH/data/noise/1khz_50ns_20deci_2m_UTC_20190723_144459.722.tdms,1khz_50ns_20deci_2m_UTC_20190723_144459.722.tdms,1khz_50ns_20deci_2m_UTC_20190723_144459.722,26.0,28.0,243,648,1000.0
479,pohang__1khz_50ns_20deci_2m_UTC_20190723_144459.722,pohang,pohang,pohang,noise,0,/home/ted1204/MS_Detection_Datamaker/MS_datamaker_PH/data/noise/1khz_50ns_20deci_2m_UTC_20190723_144459.722.tdms,1khz_50ns_20deci_2m_UTC_20190723_144459.722.tdms,1khz_50ns_20deci_2m_UTC_20190723_144459.722,27.0,29.0,243,648,1000.0
480,pohang__1khz_50ns_20deci_2m_UTC_20190723_155929.721,pohang,pohang,pohang,noise,0,/home/ted1204/MS_Detection_Datamaker/MS_datamaker_PH/data/noise/1khz_50ns_20deci_2m_UTC_20190723_155929.721.tdms,1khz_50ns_20deci_2m_UTC_20190723_155929.721.tdms,1khz_50ns_20deci_2m_UTC_20190723_155929.721,0.0,2.0,243,648,1000.0
481,pohang__1khz_50ns_20deci_2m_UTC_20190723_155929.721,pohang,pohang,pohang,noise,0,/home/ted1204/MS_Detection_Datamaker/MS_datamaker_PH/data/noise/1khz_50ns_20deci_2m_UTC_20190723_155929.721.tdms,1khz_50ns_20deci_2m_UTC_20190723_155929.721.tdms,1khz_50ns_20deci_2m_UTC_20190723_155929.721,1.0,3.0,243,648,1000.0
482,pohang__1khz_50ns_20deci_2m_UTC_20190723_155929.721,pohang,pohang,pohang,noise,0,/home/ted1204/MS_Detection_Datamaker/MS_datamaker_PH/data/noise/1khz_50ns_20deci_2m_UTC_20190723_155929.721.tdms,1khz_50ns_20deci_2m_UTC_20190723_155929.721.tdms,1khz_50ns_20deci_2m_UTC_20190723_155929.721,2.0,4.0,243,648,1000.0
483,pohang__1khz_50ns_20deci_2m_UTC_20190723_155929.721,pohang,pohang,pohang,noise,0,/home/ted1204/MS_Detection_Datamaker/MS_datamaker_PH/data/noise/1khz_50ns_20deci_2m_UTC_20190723_155929.721.tdms,1khz_50ns_20deci_2m_UTC_20190723_155929.721.tdms,1khz_50ns_20deci_2m_UTC_20190723_155929.721,4.0,6.0,243,648,1000.0
484,pohang__1khz_50ns_20deci_2m_UTC_20190723_155929.721,pohang,pohang,pohang,noise,0,/home/ted1204/MS_Detection_Datamaker/MS_datamaker_PH/data/noise/1khz_50ns_20deci_2m_UTC_20190723_155929.721.tdms,1khz_50ns_20deci_2m_UTC_20190723_155929.721.tdms,1khz_50ns_20deci_2m_UTC_20190723_155929.721,6.0,8.0,243,648,1000.0
485,pohang__1khz_50ns_20deci_2m_UTC_20190723_155929.721,pohang,pohang,pohang,noise,0,/home/ted1204/MS_Detection_Datamaker/MS_datamaker_PH/data/noise/1khz_50ns_20deci_2m_UTC_20190723_155929.721.tdms,1khz_50ns_20deci_2m_UTC_20190723_155929.721.tdms,1khz_50ns_20deci_2m_UTC_20190723_155929.721,7.0,9.0,243,648,1000.0
486,pohang__1khz_50ns_20deci_2m_UTC_20190723_155929.721,pohang,pohang,pohang,noise,0,/home/ted1204/MS_Detection_Datamaker/MS_datamaker_PH/data/noise/1khz_50ns_20deci_2m_UTC_20190723_155929.721.tdms,1khz_50ns_20deci_2m_UTC_20190723_155929.721.tdms,1khz_50ns_20deci_2m_UTC_20190723_155929.721,8.0,10.0,243,648,1000.0
487,pohang__1khz_50ns_20deci_2m_UTC_20190723_155929.721,pohang,pohang,pohang,noise,0,/home/ted1204/MS_Detection_Datamaker/MS_datamaker_PH/data/noise/1khz_50ns_20deci_2m_UTC_20190723_155929.721.tdms,1khz_50ns_20deci_2m_UTC_20190723_155929.721.tdms,1khz_50ns_20deci_2m_UTC_20190723_155929.721,9.0,11.0,243,648,1000.0
488,pohang__1khz_50ns_20deci_2m_UTC_20190723_155929.721,pohang,pohang,pohang,noise,0,/home/ted1204/MS_Detection_Datamaker/MS_datamaker_PH/data/noise/1khz_50ns_20deci_2m_UTC_20190723_155929.721.tdms,1khz_50ns_20deci_2m_UTC_20190723_155929.721.tdms,1khz_50ns_20deci_2m_UTC_20190723_155929.721,10.0,12.0,243,648,1000.0
489,pohang__1khz_50ns_20deci_2m_UTC_20190723_155929.721,pohang,pohang,pohang,noise,0,/home/ted1204/MS_Detection_Datamaker/MS_datamaker_PH/data/noise/1khz_50ns_20deci_2m_UTC_20190723_155929.721.tdms,1khz_50ns_20deci_2m_UTC_20190723_155929.721.tdms,1khz_50ns_20deci_2m_UTC_20190723_155929.721,11.0,13.0,243,648,1000.0
490,pohang__1khz_50ns_20deci_2m_UTC_20190723_155929.721,pohang,pohang,pohang,noise,0,/home/ted1204/MS_Detection_Datamaker/MS_datamaker_PH/data/noise/1khz_50ns_20deci_2m_UTC_20190723_155929.721.tdms,1khz_50ns_20deci_2m_UTC_20190723_155929.721.tdms,1khz_50ns_20deci_2m_UTC_20190723_155929.721,15.0,17.0,243,648,1000.0
491,pohang__1khz_50ns_20deci_2m_UTC_20190723_155929.721,pohang,pohang,pohang,noise,0,/home/ted1204/MS_Detection_Datamaker/MS_datamaker_PH/data/noise/1khz_50ns_20deci_2m_UTC_20190723_155929.721.tdms,1khz_50ns_20deci_2m_UTC_20190723_155929.721.tdms,1khz_50ns_20deci_2m_UTC_20190723_155929.721,17.0,19.0,243,648,1000.0
492,pohang__1khz_50ns_20deci_2m_UTC_20190723_155929.721,pohang,pohang,pohang,noise,0,/home/ted1204/MS_Detection_Datamaker/MS_datamaker_PH/data/noise/1khz_50ns_20deci_2m_UTC_20190723_155929.721.tdms,1khz_50ns_20deci_2m_UTC_20190723_155929.721.tdms,1khz_50ns_20deci_2m_UTC_20190723_155929.721,19.0,21.0,243,648,1000.0
493,pohang__1khz_50ns_20deci_2m_UTC_20190723_155929.721,pohang,pohang,pohang,noise,0,/home/ted1204/MS_Detection_Datamaker/MS_datamaker_PH/data/noise/1khz_50ns_20deci_2m_UTC_20190723_155929.721.tdms,1khz_50ns_20deci_2m_UTC_20190723_155929.721.tdms,1khz_50ns_20deci_2m_UTC_20190723_155929.721,20.0,22.0,243,648,1000.0
494,pohang__1khz_50ns_20deci_2m_UTC_20190723_155929.721,pohang,pohang,pohang,noise,0,/home/ted1204/MS_Detection_Datamaker/MS_datamaker_PH/data/noise/1khz_50ns_20deci_2m_UTC_20190723_155929.721.tdms,1khz_50ns_20deci_2m_UTC_20190723_155929.721.tdms,1khz_50ns_20deci_2m_UTC_20190723_155929.721,22.0,24.0,243,648,1000.0
495,pohang__1khz_50ns_20deci_2m_UTC_20190727_083859.634,pohang,pohang,pohang,noise,0,/home/ted1204/MS_Detection_Datamaker/MS_datamaker_PH/data/noise/1khz_50ns_20deci_2m_UTC_20190727_083859.634.tdms,1khz_50ns_20deci_2m_UTC_20190727_083859.634.tdms,1khz_50ns_20deci_2m_UTC_20190727_083859.634,0.0,2.0,243,648,1000.0
496,pohang__1khz_50ns_20deci_2m_UTC_20190727_083859.634,pohang,pohang,pohang,noise,0,/home/ted1204/MS_Detection_Datamaker/MS_datamaker_PH/data/noise/1khz_50ns_20deci_2m_UTC_20190727_083859.634.tdms,1khz_50ns_20deci_2m_UTC_20190727_083859.634.tdms,1khz_50ns_20deci_2m_UTC_20190727_083859.634,1.0,3.0,243,648,1000.0
497,pohang__1khz_50ns_20deci_2m_UTC_20190727_083859.634,pohang,pohang,pohang,noise,0,/home/ted1204/MS_Detection_Datamaker/MS_datamaker_PH/data/noise/1khz_50ns_20deci_2m_UTC_20190727_083859.634.tdms,1khz_50ns_20deci_2m_UTC_20190727_083859.634.tdms,1khz_50ns_20deci_2m_UTC_20190727_083859.634,4.0,6.0,243,648,1000.0
498,pohang__1khz_50ns_20deci_2m_UTC_20190727_083859.634,pohang,pohang,pohang,noise,0,/home/ted1204/MS_Detection_Datamaker/MS_datamaker_PH/data/noise/1khz_50ns_20deci_2m_UTC_20190727_083859.634.tdms,1khz_50ns_20deci_2m_UTC_20190727_083859.634.tdms,1khz_50ns_20deci_2m_UTC_20190727_083859.634,5.0,7.0,243,648,1000.0
499,pohang__1khz_50ns_20deci_2m_UTC_20190727_083859.634,pohang,pohang,pohang,noise,0,/home/ted1204/MS_Detection_Datamaker/MS_datamaker_PH/data/noise/1khz_50ns_20deci_2m_UTC_20190727_083859.634.tdms,1khz_50ns_20deci_2m_UTC_20190727_083859.634.tdms,1khz_50ns_20deci_2m_UTC_20190727_083859.634,6.0,8.0,243,648,1000.0
500,pohang__1khz_50ns_20deci_2m_UTC_20190727_083859.634,pohang,pohang,pohang,noise,0,/home/ted1204/MS_Detection_Datamaker/MS_datamaker_PH/data/noise/1khz_50ns_20deci_2m_UTC_20190727_083859.634.tdms,1khz_50ns_20deci_2m_UTC_20190727_083859.634.tdms,1khz_50ns_20deci_2m_UTC_20190727_083859.634,9.0,11.0,243,648,1000.0
501,pohang__1khz_50ns_20deci_2m_UTC_20190727_083859.634,pohang,pohang,pohang,noise,0,/home/ted1204/MS_Detection_Datamaker/MS_datamaker_PH/data/noise/1khz_50ns_20deci_2m_UTC_20190727_083859.634.tdms,1khz_50ns_20deci_2m_UTC_20190727_083859.634.tdms,1khz_50ns_20deci_2m_UTC_20190727_083859.634,12.0,14.0,243,648,1000.0
502,pohang__1khz_50ns_20deci_2m_UTC_20190727_083859.634,pohang,pohang,pohang,noise,0,/home/ted1204/MS_Detection_Datamaker/MS_datamaker_PH/data/noise/1khz_50ns_20deci_2m_UTC_20190727_083859.634.tdms,1khz_50ns_20deci_2m_UTC_20190727_083859.634.tdms,1khz_50ns_20deci_2m_UTC_20190727_083859.634,13.0,15.0,243,648,1000.0
503,pohang__1khz_50ns_20deci_2m_UTC_20190727_083859.634,pohang,pohang,pohang,noise,0,/home/ted1204/MS_Detection_Datamaker/MS_datamaker_PH/data/noise/1khz_50ns_20deci_2m_UTC_20190727_083859.634.tdms,1khz_50ns_20deci_2m_UTC_20190727_083859.634.tdms,1khz_50ns_20deci_2m_UTC_20190727_083859.634,15.0,17.0,243,648,1000.0
504,pohang__1khz_50ns_20deci_2m_UTC_20190727_083859.634,pohang,pohang,pohang,noise,0,/home/ted1204/MS_Detection_Datamaker/MS_datamaker_PH/data/noise/1khz_50ns_20deci_2m_UTC_20190727_083859.634.tdms,1khz_50ns_20deci_2m_UTC_20190727_083859.634.tdms,1khz_50ns_20deci_2m_UTC_20190727_083859.634,22.0,24.0,243,648,1000.0
505,pohang__1khz_50ns_20deci_2m_UTC_20190727_083859.634,pohang,pohang,pohang,noise,0,/home/ted1204/MS_Detection_Datamaker/MS_datamaker_PH/data/noise/1khz_50ns_20deci_2m_UTC_20190727_083859.634.tdms,1khz_50ns_20deci_2m_UTC_20190727_083859.634.tdms,1khz_50ns_20deci_2m_UTC_20190727_083859.634,24.0,26.0,243,648,1000.0
506,pohang__1khz_50ns_20deci_2m_UTC_20190727_083859.634,pohang,pohang,pohang,noise,0,/home/ted1204/MS_Detection_Datamaker/MS_datamaker_PH/data/noise/1khz_50ns_20deci_2m_UTC_20190727_083859.634.tdms,1khz_50ns_20deci_2m_UTC_20190727_083859.634.tdms,1khz_50ns_20deci_2m_UTC_20190727_083859.634,25.0,27.0,243,648,1000.0
507,pohang__1khz_50ns_20deci_2m_UTC_20190727_083859.634,pohang,pohang,pohang,noise,0,/home/ted1204/MS_Detection_Datamaker/MS_datamaker_PH/data/noise/1khz_50ns_20deci_2m_UTC_20190727_083859.634.tdms,1khz_50ns_20deci_2m_UTC_20190727_083859.634.tdms,1khz_50ns_20deci_2m_UTC_20190727_083859.634,26.0,28.0,243,648,1000.0
508,pohang__1khz_50ns_20deci_2m_UTC_20190727_083859.634,pohang,pohang,pohang,noise,0,/home/ted1204/MS_Detection_Datamaker/MS_datamaker_PH/data/noise/1khz_50ns_20deci_2m_UTC_20190727_083859.634.tdms,1khz_50ns_20deci_2m_UTC_20190727_083859.634.tdms,1khz_50ns_20deci_2m_UTC_20190727_083859.634,27.0,29.0,243,648,1000.0
509,pohang__1khz_50ns_20deci_2m_UTC_20190727_083859.634,pohang,pohang,pohang,noise,0,/home/ted1204/MS_Detection_Datamaker/MS_datamaker_PH/data/noise/1khz_50ns_20deci_2m_UTC_20190727_083859.634.tdms,1khz_50ns_20deci_2m_UTC_20190727_083859.634.tdms,1khz_50ns_20deci_2m_UTC_20190727_083859.634,28.0,30.0,243,648,1000.0
510,pohang__1khz_50ns_20deci_2m_UTC_20190727_152159.628,pohang,pohang,pohang,noise,0,/home/ted1204/MS_Detection_Datamaker/MS_datamaker_PH/data/noise/1khz_50ns_20deci_2m_UTC_20190727_152159.628.tdms,1khz_50ns_20deci_2m_UTC_20190727_152159.628.tdms,1khz_50ns_20deci_2m_UTC_20190727_152159.628,0.0,2.0,243,648,1000.0
511,pohang__1khz_50ns_20deci_2m_UTC_20190727_152159.628,pohang,pohang,pohang,noise,0,/home/ted1204/MS_Detection_Datamaker/MS_datamaker_PH/data/noise/1khz_50ns_20deci_2m_UTC_20190727_152159.628.tdms,1khz_50ns_20deci_2m_UTC_20190727_152159.628.tdms,1khz_50ns_20deci_2m_UTC_20190727_152159.628,1.0,3.0,243,648,1000.0
512,pohang__1khz_50ns_20deci_2m_UTC_20190727_152159.628,pohang,pohang,pohang,noise,0,/home/ted1204/MS_Detection_Datamaker/MS_datamaker_PH/data/noise/1khz_50ns_20deci_2m_UTC_20190727_152159.628.tdms,1khz_50ns_20deci_2m_UTC_20190727_152159.628.tdms,1khz_50ns_20deci_2m_UTC_20190727_152159.628,2.0,4.0,243,648,1000.0
513,pohang__1khz_50ns_20deci_2m_UTC_20190727_152159.628,pohang,pohang,pohang,noise,0,/home/ted1204/MS_Detection_Datamaker/MS_datamaker_PH/data/noise/1khz_50ns_20deci_2m_UTC_20190727_152159.628.tdms,1khz_50ns_20deci_2m_UTC_20190727_152159.628.tdms,1khz_50ns_20deci_2m_UTC_20190727_152159.628,4.0,6.0,243,648,1000.0
514,pohang__1khz_50ns_20deci_2m_UTC_20190727_152159.628,pohang,pohang,pohang,noise,0,/home/ted1204/MS_Detection_Datamaker/MS_datamaker_PH/data/noise/1khz_50ns_20deci_2m_UTC_20190727_152159.628.tdms,1khz_50ns_20deci_2m_UTC_20190727_152159.628.tdms,1khz_50ns_20deci_2m_UTC_20190727_152159.628,6.0,8.0,243,648,1000.0
515,pohang__1khz_50ns_20deci_2m_UTC_20190727_152159.628,pohang,pohang,pohang,noise,0,/home/ted1204/MS_Detection_Datamaker/MS_datamaker_PH/data/noise/1khz_50ns_20deci_2m_UTC_20190727_152159.628.tdms,1khz_50ns_20deci_2m_UTC_20190727_152159.628.tdms,1khz_50ns_20deci_2m_UTC_20190727_152159.628,9.0,11.0,243,648,1000.0
516,pohang__1khz_50ns_20deci_2m_UTC_20190727_152159.628,pohang,pohang,pohang,noise,0,/home/ted1204/MS_Detection_Datamaker/MS_datamaker_PH/data/noise/1khz_50ns_20deci_2m_UTC_20190727_152159.628.tdms,1khz_50ns_20deci_2m_UTC_20190727_152159.628.tdms,1khz_50ns_20deci_2m_UTC_20190727_152159.628,13.0,15.0,243,648,1000.0
517,pohang__1khz_50ns_20deci_2m_UTC_20190727_152159.628,pohang,pohang,pohang,noise,0,/home/ted1204/MS_Detection_Datamaker/MS_datamaker_PH/data/noise/1khz_50ns_20deci_2m_UTC_20190727_152159.628.tdms,1khz_50ns_20deci_2m_UTC_20190727_152159.628.tdms,1khz_50ns_20deci_2m_UTC_20190727_152159.628,17.0,19.0,243,648,1000.0
518,pohang__1khz_50ns_20deci_2m_UTC_20190727_152159.628,pohang,pohang,pohang,noise,0,/home/ted1204/MS_Detection_Datamaker/MS_datamaker_PH/data/noise/1khz_50ns_20deci_2m_UTC_20190727_152159.628.tdms,1khz_50ns_20deci_2m_UTC_20190727_152159.628.tdms,1khz_50ns_20deci_2m_UTC_20190727_152159.628,19.0,21.0,243,648,1000.0
519,pohang__1khz_50ns_20deci_2m_UTC_20190727_152159.628,pohang,pohang,pohang,noise,0,/home/ted1204/MS_Detection_Datamaker/MS_datamaker_PH/data/noise/1khz_50ns_20deci_2m_UTC_20190727_152159.628.tdms,1khz_50ns_20deci_2m_UTC_20190727_152159.628.tdms,1khz_50ns_20deci_2m_UTC_20190727_152159.628,20.0,22.0,243,648,1000.0
520,pohang__1khz_50ns_20deci_2m_UTC_20190727_152159.628,pohang,pohang,pohang,noise,0,/home/ted1204/MS_Detection_Datamaker/MS_datamaker_PH/data/noise/1khz_50ns_20deci_2m_UTC_20190727_152159.628.tdms,1khz_50ns_20deci_2m_UTC_20190727_152159.628.tdms,1khz_50ns_20deci_2m_UTC_20190727_152159.628,21.0,23.0,243,648,1000.0
521,pohang__1khz_50ns_20deci_2m_UTC_20190727_152159.628,pohang,pohang,pohang,noise,0,/home/ted1204/MS_Detection_Datamaker/MS_datamaker_PH/data/noise/1khz_50ns_20deci_2m_UTC_20190727_152159.628.tdms,1khz_50ns_20deci_2m_UTC_20190727_152159.628.tdms,1khz_50ns_20deci_2m_UTC_20190727_152159.628,23.0,25.0,243,648,1000.0
522,pohang__1khz_50ns_20deci_2m_UTC_20190727_152159.628,pohang,pohang,pohang,noise,0,/home/ted1204/MS_Detection_Datamaker/MS_datamaker_PH/data/noise/1khz_50ns_20deci_2m_UTC_20190727_152159.628.tdms,1khz_50ns_20deci_2m_UTC_20190727_152159.628.tdms,1khz_50ns_20deci_2m_UTC_20190727_152159.628,25.0,27.0,243,648,1000.0
523,pohang__1khz_50ns_20deci_2m_UTC_20190727_152159.628,pohang,pohang,pohang,noise,0,/home/ted1204/MS_Detection_Datamaker/MS_datamaker_PH/data/noise/1khz_50ns_20deci_2m_UTC_20190727_152159.628.tdms,1khz_50ns_20deci_2m_UTC_20190727_152159.628.tdms,1khz_50ns_20deci_2m_UTC_20190727_152159.628,26.0,28.0,243,648,1000.0
524,pohang__1khz_50ns_20deci_2m_UTC_20190727_152159.628,pohang,pohang,pohang,noise,0,/home/ted1204/MS_Detection_Datamaker/MS_datamaker_PH/data/noise/1khz_50ns_20deci_2m_UTC_20190727_152159.628.tdms,1khz_50ns_20deci_2m_UTC_20190727_152159.628.tdms,1khz_50ns_20deci_2m_UTC_20190727_152159.628,27.0,29.0,243,648,1000.0
525,pohang__1khz_50ns_20deci_2m_UTC_20190730_045929.567,pohang,pohang,pohang,noise,0,/home/ted1204/MS_Detection_Datamaker/MS_datamaker_PH/data/noise/1khz_50ns_20deci_2m_UTC_20190730_045929.567.tdms,1khz_50ns_20deci_2m_UTC_20190730_045929.567.tdms,1khz_50ns_20deci_2m_UTC_20190730_045929.567,0.0,2.0,243,648,1000.0
526,pohang__1khz_50ns_20deci_2m_UTC_20190730_045929.567,pohang,pohang,pohang,noise,0,/home/ted1204/MS_Detection_Datamaker/MS_datamaker_PH/data/noise/1khz_50ns_20deci_2m_UTC_20190730_045929.567.tdms,1khz_50ns_20deci_2m_UTC_20190730_045929.567.tdms,1khz_50ns_20deci_2m_UTC_20190730_045929.567,4.0,6.0,243,648,1000.0
527,pohang__1khz_50ns_20deci_2m_UTC_20190730_045929.567,pohang,pohang,pohang,noise,0,/home/ted1204/MS_Detection_Datamaker/MS_datamaker_PH/data/noise/1khz_50ns_20deci_2m_UTC_20190730_045929.567.tdms,1khz_50ns_20deci_2m_UTC_20190730_045929.567.tdms,1khz_50ns_20deci_2m_UTC_20190730_045929.567,5.0,7.0,243,648,1000.0
528,pohang__1khz_50ns_20deci_2m_UTC_20190730_045929.567,pohang,pohang,pohang,noise,0,/home/ted1204/MS_Detection_Datamaker/MS_datamaker_PH/data/noise/1khz_50ns_20deci_2m_UTC_20190730_045929.567.tdms,1khz_50ns_20deci_2m_UTC_20190730_045929.567.tdms,1khz_50ns_20deci_2m_UTC_20190730_045929.567,10.0,12.0,243,648,1000.0
529,pohang__1khz_50ns_20deci_2m_UTC_20190730_045929.567,pohang,pohang,pohang,noise,0,/home/ted1204/MS_Detection_Datamaker/MS_datamaker_PH/data/noise/1khz_50ns_20deci_2m_UTC_20190730_045929.567.tdms,1khz_50ns_20deci_2m_UTC_20190730_045929.567.tdms,1khz_50ns_20deci_2m_UTC_20190730_045929.567,12.0,14.0,243,648,1000.0
530,pohang__1khz_50ns_20deci_2m_UTC_20190730_045929.567,pohang,pohang,pohang,noise,0,/home/ted1204/MS_Detection_Datamaker/MS_datamaker_PH/data/noise/1khz_50ns_20deci_2m_UTC_20190730_045929.567.tdms,1khz_50ns_20deci_2m_UTC_20190730_045929.567.tdms,1khz_50ns_20deci_2m_UTC_20190730_045929.567,13.0,15.0,243,648,1000.0
531,pohang__1khz_50ns_20deci_2m_UTC_20190730_045929.567,pohang,pohang,pohang,noise,0,/home/ted1204/MS_Detection_Datamaker/MS_datamaker_PH/data/noise/1khz_50ns_20deci_2m_UTC_20190730_045929.567.tdms,1khz_50ns_20deci_2m_UTC_20190730_045929.567.tdms,1khz_50ns_20deci_2m_UTC_20190730_045929.567,14.0,16.0,243,648,1000.0
532,pohang__1khz_50ns_20deci_2m_UTC_20190730_045929.567,pohang,pohang,pohang,noise,0,/home/ted1204/MS_Detection_Datamaker/MS_datamaker_PH/data/noise/1khz_50ns_20deci_2m_UTC_20190730_045929.567.tdms,1khz_50ns_20deci_2m_UTC_20190730_045929.567.tdms,1khz_50ns_20deci_2m_UTC_20190730_045929.567,20.0,22.0,243,648,1000.0
533,pohang__1khz_50ns_20deci_2m_UTC_20190730_045929.567,pohang,pohang,pohang,noise,0,/home/ted1204/MS_Detection_Datamaker/MS_datamaker_PH/data/noise/1khz_50ns_20deci_2m_UTC_20190730_045929.567.tdms,1khz_50ns_20deci_2m_UTC_20190730_045929.567.tdms,1khz_50ns_20deci_2m_UTC_20190730_045929.567,21.0,23.0,243,648,1000.0
534,pohang__1khz_50ns_20deci_2m_UTC_20190730_045929.567,pohang,pohang,pohang,noise,0,/home/ted1204/MS_Detection_Datamaker/MS_datamaker_PH/data/noise/1khz_50ns_20deci_2m_UTC_20190730_045929.567.tdms,1khz_50ns_20deci_2m_UTC_20190730_045929.567.tdms,1khz_50ns_20deci_2m_UTC_20190730_045929.567,22.0,24.0,243,648,1000.0
535,pohang__1khz_50ns_20deci_2m_UTC_20190730_045929.567,pohang,pohang,pohang,noise,0,/home/ted1204/MS_Detection_Datamaker/MS_datamaker_PH/data/noise/1khz_50ns_20deci_2m_UTC_20190730_045929.567.tdms,1khz_50ns_20deci_2m_UTC_20190730_045929.567.tdms,1khz_50ns_20deci_2m_UTC_20190730_045929.567,23.0,25.0,243,648,1000.0
536,pohang__1khz_50ns_20deci_2m_UTC_20190730_045929.567,pohang,pohang,pohang,noise,0,/home/ted1204/MS_Detection_Datamaker/MS_datamaker_PH/data/noise/1khz_50ns_20deci_2m_UTC_20190730_045929.567.tdms,1khz_50ns_20deci_2m_UTC_20190730_045929.567.tdms,1khz_50ns_20deci_2m_UTC_20190730_045929.567,24.0,26.0,243,648,1000.0
537,pohang__1khz_50ns_20deci_2m_UTC_20190730_045929.567,pohang,pohang,pohang,noise,0,/home/ted1204/MS_Detection_Datamaker/MS_datamaker_PH/data/noise/1khz_50ns_20deci_2m_UTC_20190730_045929.567.tdms,1khz_50ns_20deci_2m_UTC_20190730_045929.567.tdms,1khz_50ns_20deci_2m_UTC_20190730_045929.567,25.0,27.0,243,648,1000.0
538,pohang__1khz_50ns_20deci_2m_UTC_20190730_045929.567,pohang,pohang,pohang,noise,0,/home/ted1204/MS_Detection_Datamaker/MS_datamaker_PH/data/noise/1khz_50ns_20deci_2m_UTC_20190730_045929.567.tdms,1khz_50ns_20deci_2m_UTC_20190730_045929.567.tdms,1khz_50ns_20deci_2m_UTC_20190730_045929.567,27.0,29.0,243,648,1000.0
539,pohang__1khz_50ns_20deci_2m_UTC_20190730_045929.567,pohang,pohang,pohang,noise,0,/home/ted1204/MS_Detection_Datamaker/MS_datamaker_PH/data/noise/1khz_50ns_20deci_2m_UTC_20190730_045929.567.tdms,1khz_50ns_20deci_2m_UTC_20190730_045929.567.tdms,1khz_50ns_20deci_2m_UTC_20190730_045929.567,28.0,30.0,243,648,1000.0
540,pohang__1khz_50ns_20deci_2m_UTC_20190730_174129.555,pohang,pohang,pohang,noise,0,/home/ted1204/MS_Detection_Datamaker/MS_datamaker_PH/data/noise/1khz_50ns_20deci_2m_UTC_20190730_174129.555.tdms,1khz_50ns_20deci_2m_UTC_20190730_174129.555.tdms,1khz_50ns_20deci_2m_UTC_20190730_174129.555,1.0,3.0,243,648,1000.0
541,pohang__1khz_50ns_20deci_2m_UTC_20190730_174129.555,pohang,pohang,pohang,noise,0,/home/ted1204/MS_Detection_Datamaker/MS_datamaker_PH/data/noise/1khz_50ns_20deci_2m_UTC_20190730_174129.555.tdms,1khz_50ns_20deci_2m_UTC_20190730_174129.555.tdms,1khz_50ns_20deci_2m_UTC_20190730_174129.555,2.0,4.0,243,648,1000.0
542,pohang__1khz_50ns_20deci_2m_UTC_20190730_174129.555,pohang,pohang,pohang,noise,0,/home/ted1204/MS_Detection_Datamaker/MS_datamaker_PH/data/noise/1khz_50ns_20deci_2m_UTC_20190730_174129.555.tdms,1khz_50ns_20deci_2m_UTC_20190730_174129.555.tdms,1khz_50ns_20deci_2m_UTC_20190730_174129.555,3.0,5.0,243,648,1000.0
543,pohang__1khz_50ns_20deci_2m_UTC_20190730_174129.555,pohang,pohang,pohang,noise,0,/home/ted1204/MS_Detection_Datamaker/MS_datamaker_PH/data/noise/1khz_50ns_20deci_2m_UTC_20190730_174129.555.tdms,1khz_50ns_20deci_2m_UTC_20190730_174129.555.tdms,1khz_50ns_20deci_2m_UTC_20190730_174129.555,4.0,6.0,243,648,1000.0
544,pohang__1khz_50ns_20deci_2m_UTC_20190730_174129.555,pohang,pohang,pohang,noise,0,/home/ted1204/MS_Detection_Datamaker/MS_datamaker_PH/data/noise/1khz_50ns_20deci_2m_UTC_20190730_174129.555.tdms,1khz_50ns_20deci_2m_UTC_20190730_174129.555.tdms,1khz_50ns_20deci_2m_UTC_20190730_174129.555,5.0,7.0,243,648,1000.0
545,pohang__1khz_50ns_20deci_2m_UTC_20190730_174129.555,pohang,pohang,pohang,noise,0,/home/ted1204/MS_Detection_Datamaker/MS_datamaker_PH/data/noise/1khz_50ns_20deci_2m_UTC_20190730_174129.555.tdms,1khz_50ns_20deci_2m_UTC_20190730_174129.555.tdms,1khz_50ns_20deci_2m_UTC_20190730_174129.555,6.0,8.0,243,648,1000.0
546,pohang__1khz_50ns_20deci_2m_UTC_20190730_174129.555,pohang,pohang,pohang,noise,0,/home/ted1204/MS_Detection_Datamaker/MS_datamaker_PH/data/noise/1khz_50ns_20deci_2m_UTC_20190730_174129.555.tdms,1khz_50ns_20deci_2m_UTC_20190730_174129.555.tdms,1khz_50ns_20deci_2m_UTC_20190730_174129.555,9.0,11.0,243,648,1000.0
547,pohang__1khz_50ns_20deci_2m_UTC_20190730_174129.555,pohang,pohang,pohang,noise,0,/home/ted1204/MS_Detection_Datamaker/MS_datamaker_PH/data/noise/1khz_50ns_20deci_2m_UTC_20190730_174129.555.tdms,1khz_50ns_20deci_2m_UTC_20190730_174129.555.tdms,1khz_50ns_20deci_2m_UTC_20190730_174129.555,10.0,12.0,243,648,1000.0
548,pohang__1khz_50ns_20deci_2m_UTC_20190730_174129.555,pohang,pohang,pohang,noise,0,/home/ted1204/MS_Detection_Datamaker/MS_datamaker_PH/data/noise/1khz_50ns_20deci_2m_UTC_20190730_174129.555.tdms,1khz_50ns_20deci_2m_UTC_20190730_174129.555.tdms,1khz_50ns_20deci_2m_UTC_20190730_174129.555,11.0,13.0,243,648,1000.0
549,pohang__1khz_50ns_20deci_2m_UTC_20190730_174129.555,pohang,pohang,pohang,noise,0,/home/ted1204/MS_Detection_Datamaker/MS_datamaker_PH/data/noise/1khz_50ns_20deci_2m_UTC_20190730_174129.555.tdms,1khz_50ns_20deci_2m_UTC_20190730_174129.555.tdms,1khz_50ns_20deci_2m_UTC_20190730_174129.555,13.0,15.0,243,648,1000.0
550,pohang__1khz_50ns_20deci_2m_UTC_20190730_174129.555,pohang,pohang,pohang,noise,0,/home/ted1204/MS_Detection_Datamaker/MS_datamaker_PH/data/noise/1khz_50ns_20deci_2m_UTC_20190730_174129.555.tdms,1khz_50ns_20deci_2m_UTC_20190730_174129.555.tdms,1khz_50ns_20deci_2m_UTC_20190730_174129.555,14.0,16.0,243,648,1000.0
551,pohang__1khz_50ns_20deci_2m_UTC_20190730_174129.555,pohang,pohang,pohang,noise,0,/home/ted1204/MS_Detection_Datamaker/MS_datamaker_PH/data/noise/1khz_50ns_20deci_2m_UTC_20190730_174129.555.tdms,1khz_50ns_20deci_2m_UTC_20190730_174129.555.tdms,1khz_50ns_20deci_2m_UTC_20190730_174129.555,20.0,22.0,243,648,1000.0
552,pohang__1khz_50ns_20deci_2m_UTC_20190730_174129.555,pohang,pohang,pohang,noise,0,/home/ted1204/MS_Detection_Datamaker/MS_datamaker_PH/data/noise/1khz_50ns_20deci_2m_UTC_20190730_174129.555.tdms,1khz_50ns_20deci_2m_UTC_20190730_174129.555.tdms,1khz_50ns_20deci_2m_UTC_20190730_174129.555,21.0,23.0,243,648,1000.0
553,pohang__1khz_50ns_20deci_2m_UTC_20190730_174129.555,pohang,pohang,pohang,noise,0,/home/ted1204/MS_Detection_Datamaker/MS_datamaker_PH/data/noise/1khz_50ns_20deci_2m_UTC_20190730_174129.555.tdms,1khz_50ns_20deci_2m_UTC_20190730_174129.555.tdms,1khz_50ns_20deci_2m_UTC_20190730_174129.555,24.0,26.0,243,648,1000.0
554,pohang__1khz_50ns_20deci_2m_UTC_20190730_174129.555,pohang,pohang,pohang,noise,0,/home/ted1204/MS_Detection_Datamaker/MS_datamaker_PH/data/noise/1khz_50ns_20deci_2m_UTC_20190730_174129.555.tdms,1khz_50ns_20deci_2m_UTC_20190730_174129.555.tdms,1khz_50ns_20deci_2m_UTC_20190730_174129.555,27.0,29.0,243,648,1000.0
555,pohang__1khz_50ns_20deci_2m_UTC_20190731_033859.545,pohang,pohang,pohang,noise,0,/home/ted1204/MS_Detection_Datamaker/MS_datamaker_PH/data/noise/1khz_50ns_20deci_2m_UTC_20190731_033859.545.tdms,1khz_50ns_20deci_2m_UTC_20190731_033859.545.tdms,1khz_50ns_20deci_2m_UTC_20190731_033859.545,2.0,4.0,243,648,1000.0
556,pohang__1khz_50ns_20deci_2m_UTC_20190731_033859.545,pohang,pohang,pohang,noise,0,/home/ted1204/MS_Detection_Datamaker/MS_datamaker_PH/data/noise/1khz_50ns_20deci_2m_UTC_20190731_033859.545.tdms,1khz_50ns_20deci_2m_UTC_20190731_033859.545.tdms,1khz_50ns_20deci_2m_UTC_20190731_033859.545,4.0,6.0,243,648,1000.0
557,pohang__1khz_50ns_20deci_2m_UTC_20190731_033859.545,pohang,pohang,pohang,noise,0,/home/ted1204/MS_Detection_Datamaker/MS_datamaker_PH/data/noise/1khz_50ns_20deci_2m_UTC_20190731_033859.545.tdms,1khz_50ns_20deci_2m_UTC_20190731_033859.545.tdms,1khz_50ns_20deci_2m_UTC_20190731_033859.545,6.0,8.0,243,648,1000.0
558,pohang__1khz_50ns_20deci_2m_UTC_20190731_033859.545,pohang,pohang,pohang,noise,0,/home/ted1204/MS_Detection_Datamaker/MS_datamaker_PH/data/noise/1khz_50ns_20deci_2m_UTC_20190731_033859.545.tdms,1khz_50ns_20deci_2m_UTC_20190731_033859.545.tdms,1khz_50ns_20deci_2m_UTC_20190731_033859.545,7.0,9.0,243,648,1000.0
559,pohang__1khz_50ns_20deci_2m_UTC_20190731_033859.545,pohang,pohang,pohang,noise,0,/home/ted1204/MS_Detection_Datamaker/MS_datamaker_PH/data/noise/1khz_50ns_20deci_2m_UTC_20190731_033859.545.tdms,1khz_50ns_20deci_2m_UTC_20190731_033859.545.tdms,1khz_50ns_20deci_2m_UTC_20190731_033859.545,8.0,10.0,243,648,1000.0
560,pohang__1khz_50ns_20deci_2m_UTC_20190731_033859.545,pohang,pohang,pohang,noise,0,/home/ted1204/MS_Detection_Datamaker/MS_datamaker_PH/data/noise/1khz_50ns_20deci_2m_UTC_20190731_033859.545.tdms,1khz_50ns_20deci_2m_UTC_20190731_033859.545.tdms,1khz_50ns_20deci_2m_UTC_20190731_033859.545,11.0,13.0,243,648,1000.0
561,pohang__1khz_50ns_20deci_2m_UTC_20190731_033859.545,pohang,pohang,pohang,noise,0,/home/ted1204/MS_Detection_Datamaker/MS_datamaker_PH/data/noise/1khz_50ns_20deci_2m_UTC_20190731_033859.545.tdms,1khz_50ns_20deci_2m_UTC_20190731_033859.545.tdms,1khz_50ns_20deci_2m_UTC_20190731_033859.545,12.0,14.0,243,648,1000.0
562,pohang__1khz_50ns_20deci_2m_UTC_20190731_033859.545,pohang,pohang,pohang,noise,0,/home/ted1204/MS_Detection_Datamaker/MS_datamaker_PH/data/noise/1khz_50ns_20deci_2m_UTC_20190731_033859.545.tdms,1khz_50ns_20deci_2m_UTC_20190731_033859.545.tdms,1khz_50ns_20deci_2m_UTC_20190731_033859.545,13.0,15.0,243,648,1000.0
563,pohang__1khz_50ns_20deci_2m_UTC_20190731_033859.545,pohang,pohang,pohang,noise,0,/home/ted1204/MS_Detection_Datamaker/MS_datamaker_PH/data/noise/1khz_50ns_20deci_2m_UTC_20190731_033859.545.tdms,1khz_50ns_20deci_2m_UTC_20190731_033859.545.tdms,1khz_50ns_20deci_2m_UTC_20190731_033859.545,16.0,18.0,243,648,1000.0
564,pohang__1khz_50ns_20deci_2m_UTC_20190731_033859.545,pohang,pohang,pohang,noise,0,/home/ted1204/MS_Detection_Datamaker/MS_datamaker_PH/data/noise/1khz_50ns_20deci_2m_UTC_20190731_033859.545.tdms,1khz_50ns_20deci_2m_UTC_20190731_033859.545.tdms,1khz_50ns_20deci_2m_UTC_20190731_033859.545,17.0,19.0,243,648,1000.0
565,pohang__1khz_50ns_20deci_2m_UTC_20190731_033859.545,pohang,pohang,pohang,noise,0,/home/ted1204/MS_Detection_Datamaker/MS_datamaker_PH/data/noise/1khz_50ns_20deci_2m_UTC_20190731_033859.545.tdms,1khz_50ns_20deci_2m_UTC_20190731_033859.545.tdms,1khz_50ns_20deci_2m_UTC_20190731_033859.545,19.0,21.0,243,648,1000.0
566,pohang__1khz_50ns_20deci_2m_UTC_20190731_033859.545,pohang,pohang,pohang,noise,0,/home/ted1204/MS_Detection_Datamaker/MS_datamaker_PH/data/noise/1khz_50ns_20deci_2m_UTC_20190731_033859.545.tdms,1khz_50ns_20deci_2m_UTC_20190731_033859.545.tdms,1khz_50ns_20deci_2m_UTC_20190731_033859.545,20.0,22.0,243,648,1000.0
567,pohang__1khz_50ns_20deci_2m_UTC_20190731_033859.545,pohang,pohang,pohang,noise,0,/home/ted1204/MS_Detection_Datamaker/MS_datamaker_PH/data/noise/1khz_50ns_20deci_2m_UTC_20190731_033859.545.tdms,1khz_50ns_20deci_2m_UTC_20190731_033859.545.tdms,1khz_50ns_20deci_2m_UTC_20190731_033859.545,22.0,24.0,243,648,1000.0
568,pohang__1khz_50ns_20deci_2m_UTC_20190731_033859.545,pohang,pohang,pohang,noise,0,/home/ted1204/MS_Detection_Datamaker/MS_datamaker_PH/data/noise/1khz_50ns_20deci_2m_UTC_20190731_033859.545.tdms,1khz_50ns_20deci_2m_UTC_20190731_033859.545.tdms,1khz_50ns_20deci_2m_UTC_20190731_033859.545,25.0,27.0,243,648,1000.0
569,pohang__1khz_50ns_20deci_2m_UTC_20190731_033859.545,pohang,pohang,pohang,noise,0,/home/ted1204/MS_Detection_Datamaker/MS_datamaker_PH/data/noise/1khz_50ns_20deci_2m_UTC_20190731_033859.545.tdms,1khz_50ns_20deci_2m_UTC_20190731_033859.545.tdms,1khz_50ns_20deci_2m_UTC_20190731_033859.545,27.0,29.0,243,648,1000.0
570,pohang__1khz_50ns_20deci_2m_UTC_20190803_131759.467,pohang,pohang,pohang,noise,0,/home/ted1204/MS_Detection_Datamaker/MS_datamaker_PH/data/noise/1khz_50ns_20deci_2m_UTC_20190803_131759.467.tdms,1khz_50ns_20deci_2m_UTC_20190803_131759.467.tdms,1khz_50ns_20deci_2m_UTC_20190803_131759.467,3.0,5.0,243,648,1000.0
571,pohang__1khz_50ns_20deci_2m_UTC_20190803_131759.467,pohang,pohang,pohang,noise,0,/home/ted1204/MS_Detection_Datamaker/MS_datamaker_PH/data/noise/1khz_50ns_20deci_2m_UTC_20190803_131759.467.tdms,1khz_50ns_20deci_2m_UTC_20190803_131759.467.tdms,1khz_50ns_20deci_2m_UTC_20190803_131759.467,4.0,6.0,243,648,1000.0
572,pohang__1khz_50ns_20deci_2m_UTC_20190803_131759.467,pohang,pohang,pohang,noise,0,/home/ted1204/MS_Detection_Datamaker/MS_datamaker_PH/data/noise/1khz_50ns_20deci_2m_UTC_20190803_131759.467.tdms,1khz_50ns_20deci_2m_UTC_20190803_131759.467.tdms,1khz_50ns_20deci_2m_UTC_20190803_131759.467,6.0,8.0,243,648,1000.0
573,pohang__1khz_50ns_20deci_2m_UTC_20190803_131759.467,pohang,pohang,pohang,noise,0,/home/ted1204/MS_Detection_Datamaker/MS_datamaker_PH/data/noise/1khz_50ns_20deci_2m_UTC_20190803_131759.467.tdms,1khz_50ns_20deci_2m_UTC_20190803_131759.467.tdms,1khz_50ns_20deci_2m_UTC_20190803_131759.467,7.0,9.0,243,648,1000.0
574,pohang__1khz_50ns_20deci_2m_UTC_20190803_131759.467,pohang,pohang,pohang,noise,0,/home/ted1204/MS_Detection_Datamaker/MS_datamaker_PH/data/noise/1khz_50ns_20deci_2m_UTC_20190803_131759.467.tdms,1khz_50ns_20deci_2m_UTC_20190803_131759.467.tdms,1khz_50ns_20deci_2m_UTC_20190803_131759.467,8.0,10.0,243,648,1000.0
575,pohang__1khz_50ns_20deci_2m_UTC_20190803_131759.467,pohang,pohang,pohang,noise,0,/home/ted1204/MS_Detection_Datamaker/MS_datamaker_PH/data/noise/1khz_50ns_20deci_2m_UTC_20190803_131759.467.tdms,1khz_50ns_20deci_2m_UTC_20190803_131759.467.tdms,1khz_50ns_20deci_2m_UTC_20190803_131759.467,11.0,13.0,243,648,1000.0
576,pohang__1khz_50ns_20deci_2m_UTC_20190803_131759.467,pohang,pohang,pohang,noise,0,/home/ted1204/MS_Detection_Datamaker/MS_datamaker_PH/data/noise/1khz_50ns_20deci_2m_UTC_20190803_131759.467.tdms,1khz_50ns_20deci_2m_UTC_20190803_131759.467.tdms,1khz_50ns_20deci_2m_UTC_20190803_131759.467,13.0,15.0,243,648,1000.0
577,pohang__1khz_50ns_20deci_2m_UTC_20190803_131759.467,pohang,pohang,pohang,noise,0,/home/ted1204/MS_Detection_Datamaker/MS_datamaker_PH/data/noise/1khz_50ns_20deci_2m_UTC_20190803_131759.467.tdms,1khz_50ns_20deci_2m_UTC_20190803_131759.467.tdms,1khz_50ns_20deci_2m_UTC_20190803_131759.467,15.0,17.0,243,648,1000.0
578,pohang__1khz_50ns_20deci_2m_UTC_20190803_131759.467,pohang,pohang,pohang,noise,0,/home/ted1204/MS_Detection_Datamaker/MS_datamaker_PH/data/noise/1khz_50ns_20deci_2m_UTC_20190803_131759.467.tdms,1khz_50ns_20deci_2m_UTC_20190803_131759.467.tdms,1khz_50ns_20deci_2m_UTC_20190803_131759.467,16.0,18.0,243,648,1000.0
579,pohang__1khz_50ns_20deci_2m_UTC_20190803_131759.467,pohang,pohang,pohang,noise,0,/home/ted1204/MS_Detection_Datamaker/MS_datamaker_PH/data/noise/1khz_50ns_20deci_2m_UTC_20190803_131759.467.tdms,1khz_50ns_20deci_2m_UTC_20190803_131759.467.tdms,1khz_50ns_20deci_2m_UTC_20190803_131759.467,17.0,19.0,243,648,1000.0
580,pohang__1khz_50ns_20deci_2m_UTC_20190803_131759.467,pohang,pohang,pohang,noise,0,/home/ted1204/MS_Detection_Datamaker/MS_datamaker_PH/data/noise/1khz_50ns_20deci_2m_UTC_20190803_131759.467.tdms,1khz_50ns_20deci_2m_UTC_20190803_131759.467.tdms,1khz_50ns_20deci_2m_UTC_20190803_131759.467,19.0,21.0,243,648,1000.0
581,pohang__1khz_50ns_20deci_2m_UTC_20190803_131759.467,pohang,pohang,pohang,noise,0,/home/ted1204/MS_Detection_Datamaker/MS_datamaker_PH/data/noise/1khz_50ns_20deci_2m_UTC_20190803_131759.467.tdms,1khz_50ns_20deci_2m_UTC_20190803_131759.467.tdms,1khz_50ns_20deci_2m_UTC_20190803_131759.467,23.0,25.0,243,648,1000.0
582,pohang__1khz_50ns_20deci_2m_UTC_20190803_131759.467,pohang,pohang,pohang,noise,0,/home/ted1204/MS_Detection_Datamaker/MS_datamaker_PH/data/noise/1khz_50ns_20deci_2m_UTC_20190803_131759.467.tdms,1khz_50ns_20deci_2m_UTC_20190803_131759.467.tdms,1khz_50ns_20deci_2m_UTC_20190803_131759.467,25.0,27.0,243,648,1000.0
583,pohang__1khz_50ns_20deci_2m_UTC_20190803_131759.467,pohang,pohang,pohang,noise,0,/home/ted1204/MS_Detection_Datamaker/MS_datamaker_PH/data/noise/1khz_50ns_20deci_2m_UTC_20190803_131759.467.tdms,1khz_50ns_20deci_2m_UTC_20190803_131759.467.tdms,1khz_50ns_20deci_2m_UTC_20190803_131759.467,26.0,28.0,243,648,1000.0
584,pohang__1khz_50ns_20deci_2m_UTC_20190803_131759.467,pohang,pohang,pohang,noise,0,/home/ted1204/MS_Detection_Datamaker/MS_datamaker_PH/data/noise/1khz_50ns_20deci_2m_UTC_20190803_131759.467.tdms,1khz_50ns_20deci_2m_UTC_20190803_131759.467.tdms,1khz_50ns_20deci_2m_UTC_20190803_131759.467,28.0,30.0,243,648,1000.0
585,pohang__1khz_50ns_20deci_2m_UTC_20190803_194959.461,pohang,pohang,pohang,noise,0,/home/ted1204/MS_Detection_Datamaker/MS_datamaker_PH/data/noise/1khz_50ns_20deci_2m_UTC_20190803_194959.461.tdms,1khz_50ns_20deci_2m_UTC_20190803_194959.461.tdms,1khz_50ns_20deci_2m_UTC_20190803_194959.461,1.0,3.0,243,648,1000.0
586,pohang__1khz_50ns_20deci_2m_UTC_20190803_194959.461,pohang,pohang,pohang,noise,0,/home/ted1204/MS_Detection_Datamaker/MS_datamaker_PH/data/noise/1khz_50ns_20deci_2m_UTC_20190803_194959.461.tdms,1khz_50ns_20deci_2m_UTC_20190803_194959.461.tdms,1khz_50ns_20deci_2m_UTC_20190803_194959.461,3.0,5.0,243,648,1000.0
587,pohang__1khz_50ns_20deci_2m_UTC_20190803_194959.461,pohang,pohang,pohang,noise,0,/home/ted1204/MS_Detection_Datamaker/MS_datamaker_PH/data/noise/1khz_50ns_20deci_2m_UTC_20190803_194959.461.tdms,1khz_50ns_20deci_2m_UTC_20190803_194959.461.tdms,1khz_50ns_20deci_2m_UTC_20190803_194959.461,4.0,6.0,243,648,1000.0
588,pohang__1khz_50ns_20deci_2m_UTC_20190803_194959.461,pohang,pohang,pohang,noise,0,/home/ted1204/MS_Detection_Datamaker/MS_datamaker_PH/data/noise/1khz_50ns_20deci_2m_UTC_20190803_194959.461.tdms,1khz_50ns_20deci_2m_UTC_20190803_194959.461.tdms,1khz_50ns_20deci_2m_UTC_20190803_194959.461,5.0,7.0,243,648,1000.0
589,pohang__1khz_50ns_20deci_2m_UTC_20190803_194959.461,pohang,pohang,pohang,noise,0,/home/ted1204/MS_Detection_Datamaker/MS_datamaker_PH/data/noise/1khz_50ns_20deci_2m_UTC_20190803_194959.461.tdms,1khz_50ns_20deci_2m_UTC_20190803_194959.461.tdms,1khz_50ns_20deci_2m_UTC_20190803_194959.461,8.0,10.0,243,648,1000.0
590,pohang__1khz_50ns_20deci_2m_UTC_20190803_194959.461,pohang,pohang,pohang,noise,0,/home/ted1204/MS_Detection_Datamaker/MS_datamaker_PH/data/noise/1khz_50ns_20deci_2m_UTC_20190803_194959.461.tdms,1khz_50ns_20deci_2m_UTC_20190803_194959.461.tdms,1khz_50ns_20deci_2m_UTC_20190803_194959.461,11.0,13.0,243,648,1000.0
591,pohang__1khz_50ns_20deci_2m_UTC_20190803_194959.461,pohang,pohang,pohang,noise,0,/home/ted1204/MS_Detection_Datamaker/MS_datamaker_PH/data/noise/1khz_50ns_20deci_2m_UTC_20190803_194959.461.tdms,1khz_50ns_20deci_2m_UTC_20190803_194959.461.tdms,1khz_50ns_20deci_2m_UTC_20190803_194959.461,14.0,16.0,243,648,1000.0
592,pohang__1khz_50ns_20deci_2m_UTC_20190803_194959.461,pohang,pohang,pohang,noise,0,/home/ted1204/MS_Detection_Datamaker/MS_datamaker_PH/data/noise/1khz_50ns_20deci_2m_UTC_20190803_194959.461.tdms,1khz_50ns_20deci_2m_UTC_20190803_194959.461.tdms,1khz_50ns_20deci_2m_UTC_20190803_194959.461,15.0,17.0,243,648,1000.0
593,pohang__1khz_50ns_20deci_2m_UTC_20190803_194959.461,pohang,pohang,pohang,noise,0,/home/ted1204/MS_Detection_Datamaker/MS_datamaker_PH/data/noise/1khz_50ns_20deci_2m_UTC_20190803_194959.461.tdms,1khz_50ns_20deci_2m_UTC_20190803_194959.461.tdms,1khz_50ns_20deci_2m_UTC_20190803_194959.461,17.0,19.0,243,648,1000.0
594,pohang__1khz_50ns_20deci_2m_UTC_20190803_194959.461,pohang,pohang,pohang,noise,0,/home/ted1204/MS_Detection_Datamaker/MS_datamaker_PH/data/noise/1khz_50ns_20deci_2m_UTC_20190803_194959.461.tdms,1khz_50ns_20deci_2m_UTC_20190803_194959.461.tdms,1khz_50ns_20deci_2m_UTC_20190803_194959.461,19.0,21.0,243,648,1000.0
595,pohang__1khz_50ns_20deci_2m_UTC_20190803_194959.461,pohang,pohang,pohang,noise,0,/home/ted1204/MS_Detection_Datamaker/MS_datamaker_PH/data/noise/1khz_50ns_20deci_2m_UTC_20190803_194959.461.tdms,1khz_50ns_20deci_2m_UTC_20190803_194959.461.tdms,1khz_50ns_20deci_2m_UTC_20190803_194959.461,20.0,22.0,243,648,1000.0
596,pohang__1khz_50ns_20deci_2m_UTC_20190803_194959.461,pohang,pohang,pohang,noise,0,/home/ted1204/MS_Detection_Datamaker/MS_datamaker_PH/data/noise/1khz_50ns_20deci_2m_UTC_20190803_194959.461.tdms,1khz_50ns_20deci_2m_UTC_20190803_194959.461.tdms,1khz_50ns_20deci_2m_UTC_20190803_194959.461,21.0,23.0,243,648,1000.0
597,pohang__1khz_50ns_20deci_2m_UTC_20190803_194959.461,pohang,pohang,pohang,noise,0,/home/ted1204/MS_Detection_Datamaker/MS_datamaker_PH/data/noise/1khz_50ns_20deci_2m_UTC_20190803_194959.461.tdms,1khz_50ns_20deci_2m_UTC_20190803_194959.461.tdms,1khz_50ns_20deci_2m_UTC_20190803_194959.461,24.0,26.0,243,648,1000.0
598,pohang__1khz_50ns_20deci_2m_UTC_20190803_194959.461,pohang,pohang,pohang,noise,0,/home/ted1204/MS_Detection_Datamaker/MS_datamaker_PH/data/noise/1khz_50ns_20deci_2m_UTC_20190803_194959.461.tdms,1khz_50ns_20deci_2m_UTC_20190803_194959.461.tdms,1khz_50ns_20deci_2m_UTC_20190803_194959.461,25.0,27.0,243,648,1000.0
599,pohang__1khz_50ns_20deci_2m_UTC_20190803_194959.461,pohang,pohang,pohang,noise,0,/home/ted1204/MS_Detection_Datamaker/MS_datamaker_PH/data/noise/1khz_50ns_20deci_2m_UTC_20190803_194959.461.tdms,1khz_50ns_20deci_2m_UTC_20190803_194959.461.tdms,1khz_50ns_20deci_2m_UTC_20190803_194959.461,27.0,29.0,243,648,1000.0
600,pohang__1khz_50ns_20deci_2m_UTC_20190804_205629.436,pohang,pohang,pohang,noise,0,/home/ted1204/MS_Detection_Datamaker/MS_datamaker_PH/data/noise/1khz_50ns_20deci_2m_UTC_20190804_205629.436.tdms,1khz_50ns_20deci_2m_UTC_20190804_205629.436.tdms,1khz_50ns_20deci_2m_UTC_20190804_205629.436,1.0,3.0,243,648,1000.0
601,pohang__1khz_50ns_20deci_2m_UTC_20190804_205629.436,pohang,pohang,pohang,noise,0,/home/ted1204/MS_Detection_Datamaker/MS_datamaker_PH/data/noise/1khz_50ns_20deci_2m_UTC_20190804_205629.436.tdms,1khz_50ns_20deci_2m_UTC_20190804_205629.436.tdms,1khz_50ns_20deci_2m_UTC_20190804_205629.436,2.0,4.0,243,648,1000.0
602,pohang__1khz_50ns_20deci_2m_UTC_20190804_205629.436,pohang,pohang,pohang,noise,0,/home/ted1204/MS_Detection_Datamaker/MS_datamaker_PH/data/noise/1khz_50ns_20deci_2m_UTC_20190804_205629.436.tdms,1khz_50ns_20deci_2m_UTC_20190804_205629.436.tdms,1khz_50ns_20deci_2m_UTC_20190804_205629.436,3.0,5.0,243,648,1000.0
603,pohang__1khz_50ns_20deci_2m_UTC_20190804_205629.436,pohang,pohang,pohang,noise,0,/home/ted1204/MS_Detection_Datamaker/MS_datamaker_PH/data/noise/1khz_50ns_20deci_2m_UTC_20190804_205629.436.tdms,1khz_50ns_20deci_2m_UTC_20190804_205629.436.tdms,1khz_50ns_20deci_2m_UTC_20190804_205629.436,5.0,7.0,243,648,1000.0
604,pohang__1khz_50ns_20deci_2m_UTC_20190804_205629.436,pohang,pohang,pohang,noise,0,/home/ted1204/MS_Detection_Datamaker/MS_datamaker_PH/data/noise/1khz_50ns_20deci_2m_UTC_20190804_205629.436.tdms,1khz_50ns_20deci_2m_UTC_20190804_205629.436.tdms,1khz_50ns_20deci_2m_UTC_20190804_205629.436,6.0,8.0,243,648,1000.0
605,pohang__1khz_50ns_20deci_2m_UTC_20190804_205629.436,pohang,pohang,pohang,noise,0,/home/ted1204/MS_Detection_Datamaker/MS_datamaker_PH/data/noise/1khz_50ns_20deci_2m_UTC_20190804_205629.436.tdms,1khz_50ns_20deci_2m_UTC_20190804_205629.436.tdms,1khz_50ns_20deci_2m_UTC_20190804_205629.436,10.0,12.0,243,648,1000.0
606,pohang__1khz_50ns_20deci_2m_UTC_20190804_205629.436,pohang,pohang,pohang,noise,0,/home/ted1204/MS_Detection_Datamaker/MS_datamaker_PH/data/noise/1khz_50ns_20deci_2m_UTC_20190804_205629.436.tdms,1khz_50ns_20deci_2m_UTC_20190804_205629.436.tdms,1khz_50ns_20deci_2m_UTC_20190804_205629.436,11.0,13.0,243,648,1000.0
607,pohang__1khz_50ns_20deci_2m_UTC_20190804_205629.436,pohang,pohang,pohang,noise,0,/home/ted1204/MS_Detection_Datamaker/MS_datamaker_PH/data/noise/1khz_50ns_20deci_2m_UTC_20190804_205629.436.tdms,1khz_50ns_20deci_2m_UTC_20190804_205629.436.tdms,1khz_50ns_20deci_2m_UTC_20190804_205629.436,13.0,15.0,243,648,1000.0
608,pohang__1khz_50ns_20deci_2m_UTC_20190804_205629.436,pohang,pohang,pohang,noise,0,/home/ted1204/MS_Detection_Datamaker/MS_datamaker_PH/data/noise/1khz_50ns_20deci_2m_UTC_20190804_205629.436.tdms,1khz_50ns_20deci_2m_UTC_20190804_205629.436.tdms,1khz_50ns_20deci_2m_UTC_20190804_205629.436,17.0,19.0,243,648,1000.0
609,pohang__1khz_50ns_20deci_2m_UTC_20190804_205629.436,pohang,pohang,pohang,noise,0,/home/ted1204/MS_Detection_Datamaker/MS_datamaker_PH/data/noise/1khz_50ns_20deci_2m_UTC_20190804_205629.436.tdms,1khz_50ns_20deci_2m_UTC_20190804_205629.436.tdms,1khz_50ns_20deci_2m_UTC_20190804_205629.436,18.0,20.0,243,648,1000.0
610,pohang__1khz_50ns_20deci_2m_UTC_20190804_205629.436,pohang,pohang,pohang,noise,0,/home/ted1204/MS_Detection_Datamaker/MS_datamaker_PH/data/noise/1khz_50ns_20deci_2m_UTC_20190804_205629.436.tdms,1khz_50ns_20deci_2m_UTC_20190804_205629.436.tdms,1khz_50ns_20deci_2m_UTC_20190804_205629.436,21.0,23.0,243,648,1000.0
611,pohang__1khz_50ns_20deci_2m_UTC_20190804_205629.436,pohang,pohang,pohang,noise,0,/home/ted1204/MS_Detection_Datamaker/MS_datamaker_PH/data/noise/1khz_50ns_20deci_2m_UTC_20190804_205629.436.tdms,1khz_50ns_20deci_2m_UTC_20190804_205629.436.tdms,1khz_50ns_20deci_2m_UTC_20190804_205629.436,22.0,24.0,243,648,1000.0
612,pohang__1khz_50ns_20deci_2m_UTC_20190804_205629.436,pohang,pohang,pohang,noise,0,/home/ted1204/MS_Detection_Datamaker/MS_datamaker_PH/data/noise/1khz_50ns_20deci_2m_UTC_20190804_205629.436.tdms,1khz_50ns_20deci_2m_UTC_20190804_205629.436.tdms,1khz_50ns_20deci_2m_UTC_20190804_205629.436,23.0,25.0,243,648,1000.0
613,pohang__1khz_50ns_20deci_2m_UTC_20190804_205629.436,pohang,pohang,pohang,noise,0,/home/ted1204/MS_Detection_Datamaker/MS_datamaker_PH/data/noise/1khz_50ns_20deci_2m_UTC_20190804_205629.436.tdms,1khz_50ns_20deci_2m_UTC_20190804_205629.436.tdms,1khz_50ns_20deci_2m_UTC_20190804_205629.436,27.0,29.0,243,648,1000.0
614,pohang__1khz_50ns_20deci_2m_UTC_20190804_205629.436,pohang,pohang,pohang,noise,0,/home/ted1204/MS_Detection_Datamaker/MS_datamaker_PH/data/noise/1khz_50ns_20deci_2m_UTC_20190804_205629.436.tdms,1khz_50ns_20deci_2m_UTC_20190804_205629.436.tdms,1khz_50ns_20deci_2m_UTC_20190804_205629.436,28.0,30.0,243,648,1000.0
615,pohang__1khz_50ns_20deci_2m_UTC_20190816_215000.000,pohang,pohang,pohang,noise,0,/home/ted1204/MS_Detection_Datamaker/MS_datamaker_PH/data/noise/1khz_50ns_20deci_2m_UTC_20190816_215000.000.tdms,1khz_50ns_20deci_2m_UTC_20190816_215000.000.tdms,1khz_50ns_20deci_2m_UTC_20190816_215000.000,1.0,3.0,243,648,1000.0
616,pohang__1khz_50ns_20deci_2m_UTC_20190816_215000.000,pohang,pohang,pohang,noise,0,/home/ted1204/MS_Detection_Datamaker/MS_datamaker_PH/data/noise/1khz_50ns_20deci_2m_UTC_20190816_215000.000.tdms,1khz_50ns_20deci_2m_UTC_20190816_215000.000.tdms,1khz_50ns_20deci_2m_UTC_20190816_215000.000,3.0,5.0,243,648,1000.0
617,pohang__1khz_50ns_20deci_2m_UTC_20190816_215000.000,pohang,pohang,pohang,noise,0,/home/ted1204/MS_Detection_Datamaker/MS_datamaker_PH/data/noise/1khz_50ns_20deci_2m_UTC_20190816_215000.000.tdms,1khz_50ns_20deci_2m_UTC_20190816_215000.000.tdms,1khz_50ns_20deci_2m_UTC_20190816_215000.000,4.0,6.0,243,648,1000.0
618,pohang__1khz_50ns_20deci_2m_UTC_20190816_215000.000,pohang,pohang,pohang,noise,0,/home/ted1204/MS_Detection_Datamaker/MS_datamaker_PH/data/noise/1khz_50ns_20deci_2m_UTC_20190816_215000.000.tdms,1khz_50ns_20deci_2m_UTC_20190816_215000.000.tdms,1khz_50ns_20deci_2m_UTC_20190816_215000.000,5.0,7.0,243,648,1000.0
619,pohang__1khz_50ns_20deci_2m_UTC_20190816_215000.000,pohang,pohang,pohang,noise,0,/home/ted1204/MS_Detection_Datamaker/MS_datamaker_PH/data/noise/1khz_50ns_20deci_2m_UTC_20190816_215000.000.tdms,1khz_50ns_20deci_2m_UTC_20190816_215000.000.tdms,1khz_50ns_20deci_2m_UTC_20190816_215000.000,6.0,8.0,243,648,1000.0
620,pohang__1khz_50ns_20deci_2m_UTC_20190816_215000.000,pohang,pohang,pohang,noise,0,/home/ted1204/MS_Detection_Datamaker/MS_datamaker_PH/data/noise/1khz_50ns_20deci_2m_UTC_20190816_215000.000.tdms,1khz_50ns_20deci_2m_UTC_20190816_215000.000.tdms,1khz_50ns_20deci_2m_UTC_20190816_215000.000,7.0,9.0,243,648,1000.0
621,pohang__1khz_50ns_20deci_2m_UTC_20190816_215000.000,pohang,pohang,pohang,noise,0,/home/ted1204/MS_Detection_Datamaker/MS_datamaker_PH/data/noise/1khz_50ns_20deci_2m_UTC_20190816_215000.000.tdms,1khz_50ns_20deci_2m_UTC_20190816_215000.000.tdms,1khz_50ns_20deci_2m_UTC_20190816_215000.000,8.0,10.0,243,648,1000.0
622,pohang__1khz_50ns_20deci_2m_UTC_20190816_215000.000,pohang,pohang,pohang,noise,0,/home/ted1204/MS_Detection_Datamaker/MS_datamaker_PH/data/noise/1khz_50ns_20deci_2m_UTC_20190816_215000.000.tdms,1khz_50ns_20deci_2m_UTC_20190816_215000.000.tdms,1khz_50ns_20deci_2m_UTC_20190816_215000.000,9.0,11.0,243,648,1000.0
623,pohang__1khz_50ns_20deci_2m_UTC_20190816_215000.000,pohang,pohang,pohang,noise,0,/home/ted1204/MS_Detection_Datamaker/MS_datamaker_PH/data/noise/1khz_50ns_20deci_2m_UTC_20190816_215000.000.tdms,1khz_50ns_20deci_2m_UTC_20190816_215000.000.tdms,1khz_50ns_20deci_2m_UTC_20190816_215000.000,10.0,12.0,243,648,1000.0
624,pohang__1khz_50ns_20deci_2m_UTC_20190816_215000.000,pohang,pohang,pohang,noise,0,/home/ted1204/MS_Detection_Datamaker/MS_datamaker_PH/data/noise/1khz_50ns_20deci_2m_UTC_20190816_215000.000.tdms,1khz_50ns_20deci_2m_UTC_20190816_215000.000.tdms,1khz_50ns_20deci_2m_UTC_20190816_215000.000,11.0,13.0,243,648,1000.0
625,pohang__1khz_50ns_20deci_2m_UTC_20190816_215000.000,pohang,pohang,pohang,noise,0,/home/ted1204/MS_Detection_Datamaker/MS_datamaker_PH/data/noise/1khz_50ns_20deci_2m_UTC_20190816_215000.000.tdms,1khz_50ns_20deci_2m_UTC_20190816_215000.000.tdms,1khz_50ns_20deci_2m_UTC_20190816_215000.000,12.0,14.0,243,648,1000.0
626,pohang__1khz_50ns_20deci_2m_UTC_20190816_215000.000,pohang,pohang,pohang,noise,0,/home/ted1204/MS_Detection_Datamaker/MS_datamaker_PH/data/noise/1khz_50ns_20deci_2m_UTC_20190816_215000.000.tdms,1khz_50ns_20deci_2m_UTC_20190816_215000.000.tdms,1khz_50ns_20deci_2m_UTC_20190816_215000.000,16.0,18.0,243,648,1000.0
627,pohang__1khz_50ns_20deci_2m_UTC_20190816_215000.000,pohang,pohang,pohang,noise,0,/home/ted1204/MS_Detection_Datamaker/MS_datamaker_PH/data/noise/1khz_50ns_20deci_2m_UTC_20190816_215000.000.tdms,1khz_50ns_20deci_2m_UTC_20190816_215000.000.tdms,1khz_50ns_20deci_2m_UTC_20190816_215000.000,19.0,21.0,243,648,1000.0
628,pohang__1khz_50ns_20deci_2m_UTC_20190816_215000.000,pohang,pohang,pohang,noise,0,/home/ted1204/MS_Detection_Datamaker/MS_datamaker_PH/data/noise/1khz_50ns_20deci_2m_UTC_20190816_215000.000.tdms,1khz_50ns_20deci_2m_UTC_20190816_215000.000.tdms,1khz_50ns_20deci_2m_UTC_20190816_215000.000,20.0,22.0,243,648,1000.0
629,pohang__1khz_50ns_20deci_2m_UTC_20190816_215000.000,pohang,pohang,pohang,noise,0,/home/ted1204/MS_Detection_Datamaker/MS_datamaker_PH/data/noise/1khz_50ns_20deci_2m_UTC_20190816_215000.000.tdms,1khz_50ns_20deci_2m_UTC_20190816_215000.000.tdms,1khz_50ns_20deci_2m_UTC_20190816_215000.000,28.0,30.0,243,648,1000.0
630,pohang__1khz_50ns_20deci_2m_UTC_20190817_231830.000,pohang,pohang,pohang,noise,0,/home/ted1204/MS_Detection_Datamaker/MS_datamaker_PH/data/noise/1khz_50ns_20deci_2m_UTC_20190817_231830.000.tdms,1khz_50ns_20deci_2m_UTC_20190817_231830.000.tdms,1khz_50ns_20deci_2m_UTC_20190817_231830.000,1.0,3.0,243,648,1000.0
631,pohang__1khz_50ns_20deci_2m_UTC_20190817_231830.000,pohang,pohang,pohang,noise,0,/home/ted1204/MS_Detection_Datamaker/MS_datamaker_PH/data/noise/1khz_50ns_20deci_2m_UTC_20190817_231830.000.tdms,1khz_50ns_20deci_2m_UTC_20190817_231830.000.tdms,1khz_50ns_20deci_2m_UTC_20190817_231830.000,3.0,5.0,243,648,1000.0
632,pohang__1khz_50ns_20deci_2m_UTC_20190817_231830.000,pohang,pohang,pohang,noise,0,/home/ted1204/MS_Detection_Datamaker/MS_datamaker_PH/data/noise/1khz_50ns_20deci_2m_UTC_20190817_231830.000.tdms,1khz_50ns_20deci_2m_UTC_20190817_231830.000.tdms,1khz_50ns_20deci_2m_UTC_20190817_231830.000,4.0,6.0,243,648,1000.0
633,pohang__1khz_50ns_20deci_2m_UTC_20190817_231830.000,pohang,pohang,pohang,noise,0,/home/ted1204/MS_Detection_Datamaker/MS_datamaker_PH/data/noise/1khz_50ns_20deci_2m_UTC_20190817_231830.000.tdms,1khz_50ns_20deci_2m_UTC_20190817_231830.000.tdms,1khz_50ns_20deci_2m_UTC_20190817_231830.000,6.0,8.0,243,648,1000.0
634,pohang__1khz_50ns_20deci_2m_UTC_20190817_231830.000,pohang,pohang,pohang,noise,0,/home/ted1204/MS_Detection_Datamaker/MS_datamaker_PH/data/noise/1khz_50ns_20deci_2m_UTC_20190817_231830.000.tdms,1khz_50ns_20deci_2m_UTC_20190817_231830.000.tdms,1khz_50ns_20deci_2m_UTC_20190817_231830.000,8.0,10.0,243,648,1000.0
635,pohang__1khz_50ns_20deci_2m_UTC_20190817_231830.000,pohang,pohang,pohang,noise,0,/home/ted1204/MS_Detection_Datamaker/MS_datamaker_PH/data/noise/1khz_50ns_20deci_2m_UTC_20190817_231830.000.tdms,1khz_50ns_20deci_2m_UTC_20190817_231830.000.tdms,1khz_50ns_20deci_2m_UTC_20190817_231830.000,10.0,12.0,243,648,1000.0
636,pohang__1khz_50ns_20deci_2m_UTC_20190817_231830.000,pohang,pohang,pohang,noise,0,/home/ted1204/MS_Detection_Datamaker/MS_datamaker_PH/data/noise/1khz_50ns_20deci_2m_UTC_20190817_231830.000.tdms,1khz_50ns_20deci_2m_UTC_20190817_231830.000.tdms,1khz_50ns_20deci_2m_UTC_20190817_231830.000,11.0,13.0,243,648,1000.0
637,pohang__1khz_50ns_20deci_2m_UTC_20190817_231830.000,pohang,pohang,pohang,noise,0,/home/ted1204/MS_Detection_Datamaker/MS_datamaker_PH/data/noise/1khz_50ns_20deci_2m_UTC_20190817_231830.000.tdms,1khz_50ns_20deci_2m_UTC_20190817_231830.000.tdms,1khz_50ns_20deci_2m_UTC_20190817_231830.000,13.0,15.0,243,648,1000.0
638,pohang__1khz_50ns_20deci_2m_UTC_20190817_231830.000,pohang,pohang,pohang,noise,0,/home/ted1204/MS_Detection_Datamaker/MS_datamaker_PH/data/noise/1khz_50ns_20deci_2m_UTC_20190817_231830.000.tdms,1khz_50ns_20deci_2m_UTC_20190817_231830.000.tdms,1khz_50ns_20deci_2m_UTC_20190817_231830.000,16.0,18.0,243,648,1000.0
639,pohang__1khz_50ns_20deci_2m_UTC_20190817_231830.000,pohang,pohang,pohang,noise,0,/home/ted1204/MS_Detection_Datamaker/MS_datamaker_PH/data/noise/1khz_50ns_20deci_2m_UTC_20190817_231830.000.tdms,1khz_50ns_20deci_2m_UTC_20190817_231830.000.tdms,1khz_50ns_20deci_2m_UTC_20190817_231830.000,20.0,22.0,243,648,1000.0
640,pohang__1khz_50ns_20deci_2m_UTC_20190817_231830.000,pohang,pohang,pohang,noise,0,/home/ted1204/MS_Detection_Datamaker/MS_datamaker_PH/data/noise/1khz_50ns_20deci_2m_UTC_20190817_231830.000.tdms,1khz_50ns_20deci_2m_UTC_20190817_231830.000.tdms,1khz_50ns_20deci_2m_UTC_20190817_231830.000,23.0,25.0,243,648,1000.0
641,pohang__1khz_50ns_20deci_2m_UTC_20190817_231830.000,pohang,pohang,pohang,noise,0,/home/ted1204/MS_Detection_Datamaker/MS_datamaker_PH/data/noise/1khz_50ns_20deci_2m_UTC_20190817_231830.000.tdms,1khz_50ns_20deci_2m_UTC_20190817_231830.000.tdms,1khz_50ns_20deci_2m_UTC_20190817_231830.000,24.0,26.0,243,648,1000.0
642,pohang__1khz_50ns_20deci_2m_UTC_20190817_231830.000,pohang,pohang,pohang,noise,0,/home/ted1204/MS_Detection_Datamaker/MS_datamaker_PH/data/noise/1khz_50ns_20deci_2m_UTC_20190817_231830.000.tdms,1khz_50ns_20deci_2m_UTC_20190817_231830.000.tdms,1khz_50ns_20deci_2m_UTC_20190817_231830.000,25.0,27.0,243,648,1000.0
643,pohang__1khz_50ns_20deci_2m_UTC_20190817_231830.000,pohang,pohang,pohang,noise,0,/home/ted1204/MS_Detection_Datamaker/MS_datamaker_PH/data/noise/1khz_50ns_20deci_2m_UTC_20190817_231830.000.tdms,1khz_50ns_20deci_2m_UTC_20190817_231830.000.tdms,1khz_50ns_20deci_2m_UTC_20190817_231830.000,26.0,28.0,243,648,1000.0
644,pohang__1khz_50ns_20deci_2m_UTC_20190817_231830.000,pohang,pohang,pohang,noise,0,/home/ted1204/MS_Detection_Datamaker/MS_datamaker_PH/data/noise/1khz_50ns_20deci_2m_UTC_20190817_231830.000.tdms,1khz_50ns_20deci_2m_UTC_20190817_231830.000.tdms,1khz_50ns_20deci_2m_UTC_20190817_231830.000,28.0,30.0,243,648,1000.0
645,pohang__1khz_50ns_20deci_2m_UTC_20190917_064230.000,pohang,pohang,pohang,noise,0,/home/ted1204/MS_Detection_Datamaker/MS_datamaker_PH/data/noise/1khz_50ns_20deci_2m_UTC_20190917_064230.000.tdms,1khz_50ns_20deci_2m_UTC_20190917_064230.000.tdms,1khz_50ns_20deci_2m_UTC_20190917_064230.000,1.0,3.0,243,648,1000.0
646,pohang__1khz_50ns_20deci_2m_UTC_20190917_064230.000,pohang,pohang,pohang,noise,0,/home/ted1204/MS_Detection_Datamaker/MS_datamaker_PH/data/noise/1khz_50ns_20deci_2m_UTC_20190917_064230.000.tdms,1khz_50ns_20deci_2m_UTC_20190917_064230.000.tdms,1khz_50ns_20deci_2m_UTC_20190917_064230.000,3.0,5.0,243,648,1000.0
647,pohang__1khz_50ns_20deci_2m_UTC_20190917_064230.000,pohang,pohang,pohang,noise,0,/home/ted1204/MS_Detection_Datamaker/MS_datamaker_PH/data/noise/1khz_50ns_20deci_2m_UTC_20190917_064230.000.tdms,1khz_50ns_20deci_2m_UTC_20190917_064230.000.tdms,1khz_50ns_20deci_2m_UTC_20190917_064230.000,8.0,10.0,243,648,1000.0
648,pohang__1khz_50ns_20deci_2m_UTC_20190917_064230.000,pohang,pohang,pohang,noise,0,/home/ted1204/MS_Detection_Datamaker/MS_datamaker_PH/data/noise/1khz_50ns_20deci_2m_UTC_20190917_064230.000.tdms,1khz_50ns_20deci_2m_UTC_20190917_064230.000.tdms,1khz_50ns_20deci_2m_UTC_20190917_064230.000,9.0,11.0,243,648,1000.0
649,pohang__1khz_50ns_20deci_2m_UTC_20190917_064230.000,pohang,pohang,pohang,noise,0,/home/ted1204/MS_Detection_Datamaker/MS_datamaker_PH/data/noise/1khz_50ns_20deci_2m_UTC_20190917_064230.000.tdms,1khz_50ns_20deci_2m_UTC_20190917_064230.000.tdms,1khz_50ns_20deci_2m_UTC_20190917_064230.000,13.0,15.0,243,648,1000.0
650,pohang__1khz_50ns_20deci_2m_UTC_20190917_064230.000,pohang,pohang,pohang,noise,0,/home/ted1204/MS_Detection_Datamaker/MS_datamaker_PH/data/noise/1khz_50ns_20deci_2m_UTC_20190917_064230.000.tdms,1khz_50ns_20deci_2m_UTC_20190917_064230.000.tdms,1khz_50ns_20deci_2m_UTC_20190917_064230.000,14.0,16.0,243,648,1000.0
651,pohang__1khz_50ns_20deci_2m_UTC_20190917_064230.000,pohang,pohang,pohang,noise,0,/home/ted1204/MS_Detection_Datamaker/MS_datamaker_PH/data/noise/1khz_50ns_20deci_2m_UTC_20190917_064230.000.tdms,1khz_50ns_20deci_2m_UTC_20190917_064230.000.tdms,1khz_50ns_20deci_2m_UTC_20190917_064230.000,15.0,17.0,243,648,1000.0
652,pohang__1khz_50ns_20deci_2m_UTC_20190917_064230.000,pohang,pohang,pohang,noise,0,/home/ted1204/MS_Detection_Datamaker/MS_datamaker_PH/data/noise/1khz_50ns_20deci_2m_UTC_20190917_064230.000.tdms,1khz_50ns_20deci_2m_UTC_20190917_064230.000.tdms,1khz_50ns_20deci_2m_UTC_20190917_064230.000,17.0,19.0,243,648,1000.0
653,pohang__1khz_50ns_20deci_2m_UTC_20190917_064230.000,pohang,pohang,pohang,noise,0,/home/ted1204/MS_Detection_Datamaker/MS_datamaker_PH/data/noise/1khz_50ns_20deci_2m_UTC_20190917_064230.000.tdms,1khz_50ns_20deci_2m_UTC_20190917_064230.000.tdms,1khz_50ns_20deci_2m_UTC_20190917_064230.000,18.0,20.0,243,648,1000.0
654,pohang__1khz_50ns_20deci_2m_UTC_20190917_064230.000,pohang,pohang,pohang,noise,0,/home/ted1204/MS_Detection_Datamaker/MS_datamaker_PH/data/noise/1khz_50ns_20deci_2m_UTC_20190917_064230.000.tdms,1khz_50ns_20deci_2m_UTC_20190917_064230.000.tdms,1khz_50ns_20deci_2m_UTC_20190917_064230.000,19.0,21.0,243,648,1000.0
655,pohang__1khz_50ns_20deci_2m_UTC_20190917_064230.000,pohang,pohang,pohang,noise,0,/home/ted1204/MS_Detection_Datamaker/MS_datamaker_PH/data/noise/1khz_50ns_20deci_2m_UTC_20190917_064230.000.tdms,1khz_50ns_20deci_2m_UTC_20190917_064230.000.tdms,1khz_50ns_20deci_2m_UTC_20190917_064230.000,20.0,22.0,243,648,1000.0
656,pohang__1khz_50ns_20deci_2m_UTC_20190917_064230.000,pohang,pohang,pohang,noise,0,/home/ted1204/MS_Detection_Datamaker/MS_datamaker_PH/data/noise/1khz_50ns_20deci_2m_UTC_20190917_064230.000.tdms,1khz_50ns_20deci_2m_UTC_20190917_064230.000.tdms,1khz_50ns_20deci_2m_UTC_20190917_064230.000,21.0,23.0,243,648,1000.0
657,pohang__1khz_50ns_20deci_2m_UTC_20190917_064230.000,pohang,pohang,pohang,noise,0,/home/ted1204/MS_Detection_Datamaker/MS_datamaker_PH/data/noise/1khz_50ns_20deci_2m_UTC_20190917_064230.000.tdms,1khz_50ns_20deci_2m_UTC_20190917_064230.000.tdms,1khz_50ns_20deci_2m_UTC_20190917_064230.000,24.0,26.0,243,648,1000.0
658,pohang__1khz_50ns_20deci_2m_UTC_20190917_064230.000,pohang,pohang,pohang,noise,0,/home/ted1204/MS_Detection_Datamaker/MS_datamaker_PH/data/noise/1khz_50ns_20deci_2m_UTC_20190917_064230.000.tdms,1khz_50ns_20deci_2m_UTC_20190917_064230.000.tdms,1khz_50ns_20deci_2m_UTC_20190917_064230.000,27.0,29.0,243,648,1000.0
659,pohang__1khz_50ns_20deci_2m_UTC_20190917_064230.000,pohang,pohang,pohang,noise,0,/home/ted1204/MS_Detection_Datamaker/MS_datamaker_PH/data/noise/1khz_50ns_20deci_2m_UTC_20190917_064230.000.tdms,1khz_50ns_20deci_2m_UTC_20190917_064230.000.tdms,1khz_50ns_20deci_2m_UTC_20190917_064230.000,28.0,30.0,243,648,1000.0
660,pohang__1khz_50ns_20deci_2m_UTC_20190917_175500.000,pohang,pohang,pohang,noise,0,/home/ted1204/MS_Detection_Datamaker/MS_datamaker_PH/data/noise/1khz_50ns_20deci_2m_UTC_20190917_175500.000.tdms,1khz_50ns_20deci_2m_UTC_20190917_175500.000.tdms,1khz_50ns_20deci_2m_UTC_20190917_175500.000,1.0,3.0,243,648,1000.0
661,pohang__1khz_50ns_20deci_2m_UTC_20190917_175500.000,pohang,pohang,pohang,noise,0,/home/ted1204/MS_Detection_Datamaker/MS_datamaker_PH/data/noise/1khz_50ns_20deci_2m_UTC_20190917_175500.000.tdms,1khz_50ns_20deci_2m_UTC_20190917_175500.000.tdms,1khz_50ns_20deci_2m_UTC_20190917_175500.000,3.0,5.0,243,648,1000.0
662,pohang__1khz_50ns_20deci_2m_UTC_20190917_175500.000,pohang,pohang,pohang,noise,0,/home/ted1204/MS_Detection_Datamaker/MS_datamaker_PH/data/noise/1khz_50ns_20deci_2m_UTC_20190917_175500.000.tdms,1khz_50ns_20deci_2m_UTC_20190917_175500.000.tdms,1khz_50ns_20deci_2m_UTC_20190917_175500.000,9.0,11.0,243,648,1000.0
663,pohang__1khz_50ns_20deci_2m_UTC_20190917_175500.000,pohang,pohang,pohang,noise,0,/home/ted1204/MS_Detection_Datamaker/MS_datamaker_PH/data/noise/1khz_50ns_20deci_2m_UTC_20190917_175500.000.tdms,1khz_50ns_20deci_2m_UTC_20190917_175500.000.tdms,1khz_50ns_20deci_2m_UTC_20190917_175500.000,10.0,12.0,243,648,1000.0
664,pohang__1khz_50ns_20deci_2m_UTC_20190917_175500.000,pohang,pohang,pohang,noise,0,/home/ted1204/MS_Detection_Datamaker/MS_datamaker_PH/data/noise/1khz_50ns_20deci_2m_UTC_20190917_175500.000.tdms,1khz_50ns_20deci_2m_UTC_20190917_175500.000.tdms,1khz_50ns_20deci_2m_UTC_20190917_175500.000,13.0,15.0,243,648,1000.0
665,pohang__1khz_50ns_20deci_2m_UTC_20190917_175500.000,pohang,pohang,pohang,noise,0,/home/ted1204/MS_Detection_Datamaker/MS_datamaker_PH/data/noise/1khz_50ns_20deci_2m_UTC_20190917_175500.000.tdms,1khz_50ns_20deci_2m_UTC_20190917_175500.000.tdms,1khz_50ns_20deci_2m_UTC_20190917_175500.000,14.0,16.0,243,648,1000.0
666,pohang__1khz_50ns_20deci_2m_UTC_20190917_175500.000,pohang,pohang,pohang,noise,0,/home/ted1204/MS_Detection_Datamaker/MS_datamaker_PH/data/noise/1khz_50ns_20deci_2m_UTC_20190917_175500.000.tdms,1khz_50ns_20deci_2m_UTC_20190917_175500.000.tdms,1khz_50ns_20deci_2m_UTC_20190917_175500.000,16.0,18.0,243,648,1000.0
667,pohang__1khz_50ns_20deci_2m_UTC_20190917_175500.000,pohang,pohang,pohang,noise,0,/home/ted1204/MS_Detection_Datamaker/MS_datamaker_PH/data/noise/1khz_50ns_20deci_2m_UTC_20190917_175500.000.tdms,1khz_50ns_20deci_2m_UTC_20190917_175500.000.tdms,1khz_50ns_20deci_2m_UTC_20190917_175500.000,19.0,21.0,243,648,1000.0
668,pohang__1khz_50ns_20deci_2m_UTC_20190917_175500.000,pohang,pohang,pohang,noise,0,/home/ted1204/MS_Detection_Datamaker/MS_datamaker_PH/data/noise/1khz_50ns_20deci_2m_UTC_20190917_175500.000.tdms,1khz_50ns_20deci_2m_UTC_20190917_175500.000.tdms,1khz_50ns_20deci_2m_UTC_20190917_175500.000,20.0,22.0,243,648,1000.0
669,pohang__1khz_50ns_20deci_2m_UTC_20190917_175500.000,pohang,pohang,pohang,noise,0,/home/ted1204/MS_Detection_Datamaker/MS_datamaker_PH/data/noise/1khz_50ns_20deci_2m_UTC_20190917_175500.000.tdms,1khz_50ns_20deci_2m_UTC_20190917_175500.000.tdms,1khz_50ns_20deci_2m_UTC_20190917_175500.000,23.0,25.0,243,648,1000.0
670,pohang__1khz_50ns_20deci_2m_UTC_20190917_175500.000,pohang,pohang,pohang,noise,0,/home/ted1204/MS_Detection_Datamaker/MS_datamaker_PH/data/noise/1khz_50ns_20deci_2m_UTC_20190917_175500.000.tdms,1khz_50ns_20deci_2m_UTC_20190917_175500.000.tdms,1khz_50ns_20deci_2m_UTC_20190917_175500.000,24.0,26.0,243,648,1000.0
671,pohang__1khz_50ns_20deci_2m_UTC_20190917_175500.000,pohang,pohang,pohang,noise,0,/home/ted1204/MS_Detection_Datamaker/MS_datamaker_PH/data/noise/1khz_50ns_20deci_2m_UTC_20190917_175500.000.tdms,1khz_50ns_20deci_2m_UTC_20190917_175500.000.tdms,1khz_50ns_20deci_2m_UTC_20190917_175500.000,25.0,27.0,243,648,1000.0
672,pohang__1khz_50ns_20deci_2m_UTC_20190917_175500.000,pohang,pohang,pohang,noise,0,/home/ted1204/MS_Detection_Datamaker/MS_datamaker_PH/data/noise/1khz_50ns_20deci_2m_UTC_20190917_175500.000.tdms,1khz_50ns_20deci_2m_UTC_20190917_175500.000.tdms,1khz_50ns_20deci_2m_UTC_20190917_175500.000,26.0,28.0,243,648,1000.0
673,pohang__1khz_50ns_20deci_2m_UTC_20190917_175500.000,pohang,pohang,pohang,noise,0,/home/ted1204/MS_Detection_Datamaker/MS_datamaker_PH/data/noise/1khz_50ns_20deci_2m_UTC_20190917_175500.000.tdms,1khz_50ns_20deci_2m_UTC_20190917_175500.000.tdms,1khz_50ns_20deci_2m_UTC_20190917_175500.000,27.0,29.0,243,648,1000.0
674,pohang__1khz_50ns_20deci_2m_UTC_20190917_175500.000,pohang,pohang,pohang,noise,0,/home/ted1204/MS_Detection_Datamaker/MS_datamaker_PH/data/noise/1khz_50ns_20deci_2m_UTC_20190917_175500.000.tdms,1khz_50ns_20deci_2m_UTC_20190917_175500.000.tdms,1khz_50ns_20deci_2m_UTC_20190917_175500.000,28.0,30.0,243,648,1000.0
675,pohang__1khz_50ns_20deci_2m_UTC_20190920_125430.000,pohang,pohang,pohang,noise,0,/home/ted1204/MS_Detection_Datamaker/MS_datamaker_PH/data/noise/1khz_50ns_20deci_2m_UTC_20190920_125430.000.tdms,1khz_50ns_20deci_2m_UTC_20190920_125430.000.tdms,1khz_50ns_20deci_2m_UTC_20190920_125430.000,2.0,4.0,243,648,1000.0
676,pohang__1khz_50ns_20deci_2m_UTC_20190920_125430.000,pohang,pohang,pohang,noise,0,/home/ted1204/MS_Detection_Datamaker/MS_datamaker_PH/data/noise/1khz_50ns_20deci_2m_UTC_20190920_125430.000.tdms,1khz_50ns_20deci_2m_UTC_20190920_125430.000.tdms,1khz_50ns_20deci_2m_UTC_20190920_125430.000,3.0,5.0,243,648,1000.0
677,pohang__1khz_50ns_20deci_2m_UTC_20190920_125430.000,pohang,pohang,pohang,noise,0,/home/ted1204/MS_Detection_Datamaker/MS_datamaker_PH/data/noise/1khz_50ns_20deci_2m_UTC_20190920_125430.000.tdms,1khz_50ns_20deci_2m_UTC_20190920_125430.000.tdms,1khz_50ns_20deci_2m_UTC_20190920_125430.000,6.0,8.0,243,648,1000.0
678,pohang__1khz_50ns_20deci_2m_UTC_20190920_125430.000,pohang,pohang,pohang,noise,0,/home/ted1204/MS_Detection_Datamaker/MS_datamaker_PH/data/noise/1khz_50ns_20deci_2m_UTC_20190920_125430.000.tdms,1khz_50ns_20deci_2m_UTC_20190920_125430.000.tdms,1khz_50ns_20deci_2m_UTC_20190920_125430.000,7.0,9.0,243,648,1000.0
679,pohang__1khz_50ns_20deci_2m_UTC_20190920_125430.000,pohang,pohang,pohang,noise,0,/home/ted1204/MS_Detection_Datamaker/MS_datamaker_PH/data/noise/1khz_50ns_20deci_2m_UTC_20190920_125430.000.tdms,1khz_50ns_20deci_2m_UTC_20190920_125430.000.tdms,1khz_50ns_20deci_2m_UTC_20190920_125430.000,8.0,10.0,243,648,1000.0
680,pohang__1khz_50ns_20deci_2m_UTC_20190920_125430.000,pohang,pohang,pohang,noise,0,/home/ted1204/MS_Detection_Datamaker/MS_datamaker_PH/data/noise/1khz_50ns_20deci_2m_UTC_20190920_125430.000.tdms,1khz_50ns_20deci_2m_UTC_20190920_125430.000.tdms,1khz_50ns_20deci_2m_UTC_20190920_125430.000,9.0,11.0,243,648,1000.0
681,pohang__1khz_50ns_20deci_2m_UTC_20190920_125430.000,pohang,pohang,pohang,noise,0,/home/ted1204/MS_Detection_Datamaker/MS_datamaker_PH/data/noise/1khz_50ns_20deci_2m_UTC_20190920_125430.000.tdms,1khz_50ns_20deci_2m_UTC_20190920_125430.000.tdms,1khz_50ns_20deci_2m_UTC_20190920_125430.000,10.0,12.0,243,648,1000.0
682,pohang__1khz_50ns_20deci_2m_UTC_20190920_125430.000,pohang,pohang,pohang,noise,0,/home/ted1204/MS_Detection_Datamaker/MS_datamaker_PH/data/noise/1khz_50ns_20deci_2m_UTC_20190920_125430.000.tdms,1khz_50ns_20deci_2m_UTC_20190920_125430.000.tdms,1khz_50ns_20deci_2m_UTC_20190920_125430.000,11.0,13.0,243,648,1000.0
683,pohang__1khz_50ns_20deci_2m_UTC_20190920_125430.000,pohang,pohang,pohang,noise,0,/home/ted1204/MS_Detection_Datamaker/MS_datamaker_PH/data/noise/1khz_50ns_20deci_2m_UTC_20190920_125430.000.tdms,1khz_50ns_20deci_2m_UTC_20190920_125430.000.tdms,1khz_50ns_20deci_2m_UTC_20190920_125430.000,14.0,16.0,243,648,1000.0
684,pohang__1khz_50ns_20deci_2m_UTC_20190920_125430.000,pohang,pohang,pohang,noise,0,/home/ted1204/MS_Detection_Datamaker/MS_datamaker_PH/data/noise/1khz_50ns_20deci_2m_UTC_20190920_125430.000.tdms,1khz_50ns_20deci_2m_UTC_20190920_125430.000.tdms,1khz_50ns_20deci_2m_UTC_20190920_125430.000,15.0,17.0,243,648,1000.0
685,pohang__1khz_50ns_20deci_2m_UTC_20190920_125430.000,pohang,pohang,pohang,noise,0,/home/ted1204/MS_Detection_Datamaker/MS_datamaker_PH/data/noise/1khz_50ns_20deci_2m_UTC_20190920_125430.000.tdms,1khz_50ns_20deci_2m_UTC_20190920_125430.000.tdms,1khz_50ns_20deci_2m_UTC_20190920_125430.000,16.0,18.0,243,648,1000.0
686,pohang__1khz_50ns_20deci_2m_UTC_20190920_125430.000,pohang,pohang,pohang,noise,0,/home/ted1204/MS_Detection_Datamaker/MS_datamaker_PH/data/noise/1khz_50ns_20deci_2m_UTC_20190920_125430.000.tdms,1khz_50ns_20deci_2m_UTC_20190920_125430.000.tdms,1khz_50ns_20deci_2m_UTC_20190920_125430.000,21.0,23.0,243,648,1000.0
687,pohang__1khz_50ns_20deci_2m_UTC_20190920_125430.000,pohang,pohang,pohang,noise,0,/home/ted1204/MS_Detection_Datamaker/MS_datamaker_PH/data/noise/1khz_50ns_20deci_2m_UTC_20190920_125430.000.tdms,1khz_50ns_20deci_2m_UTC_20190920_125430.000.tdms,1khz_50ns_20deci_2m_UTC_20190920_125430.000,22.0,24.0,243,648,1000.0
688,pohang__1khz_50ns_20deci_2m_UTC_20190920_125430.000,pohang,pohang,pohang,noise,0,/home/ted1204/MS_Detection_Datamaker/MS_datamaker_PH/data/noise/1khz_50ns_20deci_2m_UTC_20190920_125430.000.tdms,1khz_50ns_20deci_2m_UTC_20190920_125430.000.tdms,1khz_50ns_20deci_2m_UTC_20190920_125430.000,24.0,26.0,243,648,1000.0
689,pohang__1khz_50ns_20deci_2m_UTC_20190920_125430.000,pohang,pohang,pohang,noise,0,/home/ted1204/MS_Detection_Datamaker/MS_datamaker_PH/data/noise/1khz_50ns_20deci_2m_UTC_20190920_125430.000.tdms,1khz_50ns_20deci_2m_UTC_20190920_125430.000.tdms,1khz_50ns_20deci_2m_UTC_20190920_125430.000,27.0,29.0,243,648,1000.0
690,pohang__1khz_50ns_20deci_2m_UTC_20190923_123730.000,pohang,pohang,pohang,noise,0,/home/ted1204/MS_Detection_Datamaker/MS_datamaker_PH/data/noise/1khz_50ns_20deci_2m_UTC_20190923_123730.000.tdms,1khz_50ns_20deci_2m_UTC_20190923_123730.000.tdms,1khz_50ns_20deci_2m_UTC_20190923_123730.000,0.0,2.0,243,648,1000.0
691,pohang__1khz_50ns_20deci_2m_UTC_20190923_123730.000,pohang,pohang,pohang,noise,0,/home/ted1204/MS_Detection_Datamaker/MS_datamaker_PH/data/noise/1khz_50ns_20deci_2m_UTC_20190923_123730.000.tdms,1khz_50ns_20deci_2m_UTC_20190923_123730.000.tdms,1khz_50ns_20deci_2m_UTC_20190923_123730.000,1.0,3.0,243,648,1000.0
692,pohang__1khz_50ns_20deci_2m_UTC_20190923_123730.000,pohang,pohang,pohang,noise,0,/home/ted1204/MS_Detection_Datamaker/MS_datamaker_PH/data/noise/1khz_50ns_20deci_2m_UTC_20190923_123730.000.tdms,1khz_50ns_20deci_2m_UTC_20190923_123730.000.tdms,1khz_50ns_20deci_2m_UTC_20190923_123730.000,2.0,4.0,243,648,1000.0
693,pohang__1khz_50ns_20deci_2m_UTC_20190923_123730.000,pohang,pohang,pohang,noise,0,/home/ted1204/MS_Detection_Datamaker/MS_datamaker_PH/data/noise/1khz_50ns_20deci_2m_UTC_20190923_123730.000.tdms,1khz_50ns_20deci_2m_UTC_20190923_123730.000.tdms,1khz_50ns_20deci_2m_UTC_20190923_123730.000,3.0,5.0,243,648,1000.0
694,pohang__1khz_50ns_20deci_2m_UTC_20190923_123730.000,pohang,pohang,pohang,noise,0,/home/ted1204/MS_Detection_Datamaker/MS_datamaker_PH/data/noise/1khz_50ns_20deci_2m_UTC_20190923_123730.000.tdms,1khz_50ns_20deci_2m_UTC_20190923_123730.000.tdms,1khz_50ns_20deci_2m_UTC_20190923_123730.000,5.0,7.0,243,648,1000.0
695,pohang__1khz_50ns_20deci_2m_UTC_20190923_123730.000,pohang,pohang,pohang,noise,0,/home/ted1204/MS_Detection_Datamaker/MS_datamaker_PH/data/noise/1khz_50ns_20deci_2m_UTC_20190923_123730.000.tdms,1khz_50ns_20deci_2m_UTC_20190923_123730.000.tdms,1khz_50ns_20deci_2m_UTC_20190923_123730.000,7.0,9.0,243,648,1000.0
696,pohang__1khz_50ns_20deci_2m_UTC_20190923_123730.000,pohang,pohang,pohang,noise,0,/home/ted1204/MS_Detection_Datamaker/MS_datamaker_PH/data/noise/1khz_50ns_20deci_2m_UTC_20190923_123730.000.tdms,1khz_50ns_20deci_2m_UTC_20190923_123730.000.tdms,1khz_50ns_20deci_2m_UTC_20190923_123730.000,11.0,13.0,243,648,1000.0
697,pohang__1khz_50ns_20deci_2m_UTC_20190923_123730.000,pohang,pohang,pohang,noise,0,/home/ted1204/MS_Detection_Datamaker/MS_datamaker_PH/data/noise/1khz_50ns_20deci_2m_UTC_20190923_123730.000.tdms,1khz_50ns_20deci_2m_UTC_20190923_123730.000.tdms,1khz_50ns_20deci_2m_UTC_20190923_123730.000,13.0,15.0,243,648,1000.0
698,pohang__1khz_50ns_20deci_2m_UTC_20190923_123730.000,pohang,pohang,pohang,noise,0,/home/ted1204/MS_Detection_Datamaker/MS_datamaker_PH/data/noise/1khz_50ns_20deci_2m_UTC_20190923_123730.000.tdms,1khz_50ns_20deci_2m_UTC_20190923_123730.000.tdms,1khz_50ns_20deci_2m_UTC_20190923_123730.000,14.0,16.0,243,648,1000.0
699,pohang__1khz_50ns_20deci_2m_UTC_20190923_123730.000,pohang,pohang,pohang,noise,0,/home/ted1204/MS_Detection_Datamaker/MS_datamaker_PH/data/noise/1khz_50ns_20deci_2m_UTC_20190923_123730.000.tdms,1khz_50ns_20deci_2m_UTC_20190923_123730.000.tdms,1khz_50ns_20deci_2m_UTC_20190923_123730.000,15.0,17.0,243,648,1000.0
700,pohang__1khz_50ns_20deci_2m_UTC_20190923_123730.000,pohang,pohang,pohang,noise,0,/home/ted1204/MS_Detection_Datamaker/MS_datamaker_PH/data/noise/1khz_50ns_20deci_2m_UTC_20190923_123730.000.tdms,1khz_50ns_20deci_2m_UTC_20190923_123730.000.tdms,1khz_50ns_20deci_2m_UTC_20190923_123730.000,18.0,20.0,243,648,1000.0
701,pohang__1khz_50ns_20deci_2m_UTC_20190923_123730.000,pohang,pohang,pohang,noise,0,/home/ted1204/MS_Detection_Datamaker/MS_datamaker_PH/data/noise/1khz_50ns_20deci_2m_UTC_20190923_123730.000.tdms,1khz_50ns_20deci_2m_UTC_20190923_123730.000.tdms,1khz_50ns_20deci_2m_UTC_20190923_123730.000,20.0,22.0,243,648,1000.0
702,pohang__1khz_50ns_20deci_2m_UTC_20190923_123730.000,pohang,pohang,pohang,noise,0,/home/ted1204/MS_Detection_Datamaker/MS_datamaker_PH/data/noise/1khz_50ns_20deci_2m_UTC_20190923_123730.000.tdms,1khz_50ns_20deci_2m_UTC_20190923_123730.000.tdms,1khz_50ns_20deci_2m_UTC_20190923_123730.000,21.0,23.0,243,648,1000.0
703,pohang__1khz_50ns_20deci_2m_UTC_20190923_123730.000,pohang,pohang,pohang,noise,0,/home/ted1204/MS_Detection_Datamaker/MS_datamaker_PH/data/noise/1khz_50ns_20deci_2m_UTC_20190923_123730.000.tdms,1khz_50ns_20deci_2m_UTC_20190923_123730.000.tdms,1khz_50ns_20deci_2m_UTC_20190923_123730.000,22.0,24.0,243,648,1000.0
704,pohang__1khz_50ns_20deci_2m_UTC_20190923_123730.000,pohang,pohang,pohang,noise,0,/home/ted1204/MS_Detection_Datamaker/MS_datamaker_PH/data/noise/1khz_50ns_20deci_2m_UTC_20190923_123730.000.tdms,1khz_50ns_20deci_2m_UTC_20190923_123730.000.tdms,1khz_50ns_20deci_2m_UTC_20190923_123730.000,24.0,26.0,243,648,1000.0
705,pohang__1khz_50ns_20deci_2m_UTC_20190929_160500.000,pohang,pohang,pohang,noise,0,/home/ted1204/MS_Detection_Datamaker/MS_datamaker_PH/data/noise/1khz_50ns_20deci_2m_UTC_20190929_160500.000.tdms,1khz_50ns_20deci_2m_UTC_20190929_160500.000.tdms,1khz_50ns_20deci_2m_UTC_20190929_160500.000,0.0,2.0,243,648,1000.0
706,pohang__1khz_50ns_20deci_2m_UTC_20190929_160500.000,pohang,pohang,pohang,noise,0,/home/ted1204/MS_Detection_Datamaker/MS_datamaker_PH/data/noise/1khz_50ns_20deci_2m_UTC_20190929_160500.000.tdms,1khz_50ns_20deci_2m_UTC_20190929_160500.000.tdms,1khz_50ns_20deci_2m_UTC_20190929_160500.000,1.0,3.0,243,648,1000.0
707,pohang__1khz_50ns_20deci_2m_UTC_20190929_160500.000,pohang,pohang,pohang,noise,0,/home/ted1204/MS_Detection_Datamaker/MS_datamaker_PH/data/noise/1khz_50ns_20deci_2m_UTC_20190929_160500.000.tdms,1khz_50ns_20deci_2m_UTC_20190929_160500.000.tdms,1khz_50ns_20deci_2m_UTC_20190929_160500.000,2.0,4.0,243,648,1000.0
708,pohang__1khz_50ns_20deci_2m_UTC_20190929_160500.000,pohang,pohang,pohang,noise,0,/home/ted1204/MS_Detection_Datamaker/MS_datamaker_PH/data/noise/1khz_50ns_20deci_2m_UTC_20190929_160500.000.tdms,1khz_50ns_20deci_2m_UTC_20190929_160500.000.tdms,1khz_50ns_20deci_2m_UTC_20190929_160500.000,4.0,6.0,243,648,1000.0
709,pohang__1khz_50ns_20deci_2m_UTC_20190929_160500.000,pohang,pohang,pohang,noise,0,/home/ted1204/MS_Detection_Datamaker/MS_datamaker_PH/data/noise/1khz_50ns_20deci_2m_UTC_20190929_160500.000.tdms,1khz_50ns_20deci_2m_UTC_20190929_160500.000.tdms,1khz_50ns_20deci_2m_UTC_20190929_160500.000,8.0,10.0,243,648,1000.0
710,pohang__1khz_50ns_20deci_2m_UTC_20190929_160500.000,pohang,pohang,pohang,noise,0,/home/ted1204/MS_Detection_Datamaker/MS_datamaker_PH/data/noise/1khz_50ns_20deci_2m_UTC_20190929_160500.000.tdms,1khz_50ns_20deci_2m_UTC_20190929_160500.000.tdms,1khz_50ns_20deci_2m_UTC_20190929_160500.000,9.0,11.0,243,648,1000.0
711,pohang__1khz_50ns_20deci_2m_UTC_20190929_160500.000,pohang,pohang,pohang,noise,0,/home/ted1204/MS_Detection_Datamaker/MS_datamaker_PH/data/noise/1khz_50ns_20deci_2m_UTC_20190929_160500.000.tdms,1khz_50ns_20deci_2m_UTC_20190929_160500.000.tdms,1khz_50ns_20deci_2m_UTC_20190929_160500.000,11.0,13.0,243,648,1000.0
712,pohang__1khz_50ns_20deci_2m_UTC_20190929_160500.000,pohang,pohang,pohang,noise,0,/home/ted1204/MS_Detection_Datamaker/MS_datamaker_PH/data/noise/1khz_50ns_20deci_2m_UTC_20190929_160500.000.tdms,1khz_50ns_20deci_2m_UTC_20190929_160500.000.tdms,1khz_50ns_20deci_2m_UTC_20190929_160500.000,12.0,14.0,243,648,1000.0
713,pohang__1khz_50ns_20deci_2m_UTC_20190929_160500.000,pohang,pohang,pohang,noise,0,/home/ted1204/MS_Detection_Datamaker/MS_datamaker_PH/data/noise/1khz_50ns_20deci_2m_UTC_20190929_160500.000.tdms,1khz_50ns_20deci_2m_UTC_20190929_160500.000.tdms,1khz_50ns_20deci_2m_UTC_20190929_160500.000,14.0,16.0,243,648,1000.0
714,pohang__1khz_50ns_20deci_2m_UTC_20190929_160500.000,pohang,pohang,pohang,noise,0,/home/ted1204/MS_Detection_Datamaker/MS_datamaker_PH/data/noise/1khz_50ns_20deci_2m_UTC_20190929_160500.000.tdms,1khz_50ns_20deci_2m_UTC_20190929_160500.000.tdms,1khz_50ns_20deci_2m_UTC_20190929_160500.000,17.0,19.0,243,648,1000.0
715,pohang__1khz_50ns_20deci_2m_UTC_20190929_160500.000,pohang,pohang,pohang,noise,0,/home/ted1204/MS_Detection_Datamaker/MS_datamaker_PH/data/noise/1khz_50ns_20deci_2m_UTC_20190929_160500.000.tdms,1khz_50ns_20deci_2m_UTC_20190929_160500.000.tdms,1khz_50ns_20deci_2m_UTC_20190929_160500.000,20.0,22.0,243,648,1000.0
716,pohang__1khz_50ns_20deci_2m_UTC_20190929_160500.000,pohang,pohang,pohang,noise,0,/home/ted1204/MS_Detection_Datamaker/MS_datamaker_PH/data/noise/1khz_50ns_20deci_2m_UTC_20190929_160500.000.tdms,1khz_50ns_20deci_2m_UTC_20190929_160500.000.tdms,1khz_50ns_20deci_2m_UTC_20190929_160500.000,21.0,23.0,243,648,1000.0
717,pohang__1khz_50ns_20deci_2m_UTC_20190929_160500.000,pohang,pohang,pohang,noise,0,/home/ted1204/MS_Detection_Datamaker/MS_datamaker_PH/data/noise/1khz_50ns_20deci_2m_UTC_20190929_160500.000.tdms,1khz_50ns_20deci_2m_UTC_20190929_160500.000.tdms,1khz_50ns_20deci_2m_UTC_20190929_160500.000,22.0,24.0,243,648,1000.0
718,pohang__1khz_50ns_20deci_2m_UTC_20190929_160500.000,pohang,pohang,pohang,noise,0,/home/ted1204/MS_Detection_Datamaker/MS_datamaker_PH/data/noise/1khz_50ns_20deci_2m_UTC_20190929_160500.000.tdms,1khz_50ns_20deci_2m_UTC_20190929_160500.000.tdms,1khz_50ns_20deci_2m_UTC_20190929_160500.000,24.0,26.0,243,648,1000.0
719,pohang__1khz_50ns_20deci_2m_UTC_20190929_160500.000,pohang,pohang,pohang,noise,0,/home/ted1204/MS_Detection_Datamaker/MS_datamaker_PH/data/noise/1khz_50ns_20deci_2m_UTC_20190929_160500.000.tdms,1khz_50ns_20deci_2m_UTC_20190929_160500.000.tdms,1khz_50ns_20deci_2m_UTC_20190929_160500.000,27.0,29.0,243,648,1000.0
720,pohang__1khz_50ns_20deci_2m_UTC_20190929_205900.000,pohang,pohang,pohang,noise,0,/home/ted1204/MS_Detection_Datamaker/MS_datamaker_PH/data/noise/1khz_50ns_20deci_2m_UTC_20190929_205900.000.tdms,1khz_50ns_20deci_2m_UTC_20190929_205900.000.tdms,1khz_50ns_20deci_2m_UTC_20190929_205900.000,2.0,4.0,243,648,1000.0
721,pohang__1khz_50ns_20deci_2m_UTC_20190929_205900.000,pohang,pohang,pohang,noise,0,/home/ted1204/MS_Detection_Datamaker/MS_datamaker_PH/data/noise/1khz_50ns_20deci_2m_UTC_20190929_205900.000.tdms,1khz_50ns_20deci_2m_UTC_20190929_205900.000.tdms,1khz_50ns_20deci_2m_UTC_20190929_205900.000,3.0,5.0,243,648,1000.0
722,pohang__1khz_50ns_20deci_2m_UTC_20190929_205900.000,pohang,pohang,pohang,noise,0,/home/ted1204/MS_Detection_Datamaker/MS_datamaker_PH/data/noise/1khz_50ns_20deci_2m_UTC_20190929_205900.000.tdms,1khz_50ns_20deci_2m_UTC_20190929_205900.000.tdms,1khz_50ns_20deci_2m_UTC_20190929_205900.000,5.0,7.0,243,648,1000.0
723,pohang__1khz_50ns_20deci_2m_UTC_20190929_205900.000,pohang,pohang,pohang,noise,0,/home/ted1204/MS_Detection_Datamaker/MS_datamaker_PH/data/noise/1khz_50ns_20deci_2m_UTC_20190929_205900.000.tdms,1khz_50ns_20deci_2m_UTC_20190929_205900.000.tdms,1khz_50ns_20deci_2m_UTC_20190929_205900.000,6.0,8.0,243,648,1000.0
724,pohang__1khz_50ns_20deci_2m_UTC_20190929_205900.000,pohang,pohang,pohang,noise,0,/home/ted1204/MS_Detection_Datamaker/MS_datamaker_PH/data/noise/1khz_50ns_20deci_2m_UTC_20190929_205900.000.tdms,1khz_50ns_20deci_2m_UTC_20190929_205900.000.tdms,1khz_50ns_20deci_2m_UTC_20190929_205900.000,7.0,9.0,243,648,1000.0
725,pohang__1khz_50ns_20deci_2m_UTC_20190929_205900.000,pohang,pohang,pohang,noise,0,/home/ted1204/MS_Detection_Datamaker/MS_datamaker_PH/data/noise/1khz_50ns_20deci_2m_UTC_20190929_205900.000.tdms,1khz_50ns_20deci_2m_UTC_20190929_205900.000.tdms,1khz_50ns_20deci_2m_UTC_20190929_205900.000,10.0,12.0,243,648,1000.0
726,pohang__1khz_50ns_20deci_2m_UTC_20190929_205900.000,pohang,pohang,pohang,noise,0,/home/ted1204/MS_Detection_Datamaker/MS_datamaker_PH/data/noise/1khz_50ns_20deci_2m_UTC_20190929_205900.000.tdms,1khz_50ns_20deci_2m_UTC_20190929_205900.000.tdms,1khz_50ns_20deci_2m_UTC_20190929_205900.000,12.0,14.0,243,648,1000.0
727,pohang__1khz_50ns_20deci_2m_UTC_20190929_205900.000,pohang,pohang,pohang,noise,0,/home/ted1204/MS_Detection_Datamaker/MS_datamaker_PH/data/noise/1khz_50ns_20deci_2m_UTC_20190929_205900.000.tdms,1khz_50ns_20deci_2m_UTC_20190929_205900.000.tdms,1khz_50ns_20deci_2m_UTC_20190929_205900.000,13.0,15.0,243,648,1000.0
728,pohang__1khz_50ns_20deci_2m_UTC_20190929_205900.000,pohang,pohang,pohang,noise,0,/home/ted1204/MS_Detection_Datamaker/MS_datamaker_PH/data/noise/1khz_50ns_20deci_2m_UTC_20190929_205900.000.tdms,1khz_50ns_20deci_2m_UTC_20190929_205900.000.tdms,1khz_50ns_20deci_2m_UTC_20190929_205900.000,16.0,18.0,243,648,1000.0
729,pohang__1khz_50ns_20deci_2m_UTC_20190929_205900.000,pohang,pohang,pohang,noise,0,/home/ted1204/MS_Detection_Datamaker/MS_datamaker_PH/data/noise/1khz_50ns_20deci_2m_UTC_20190929_205900.000.tdms,1khz_50ns_20deci_2m_UTC_20190929_205900.000.tdms,1khz_50ns_20deci_2m_UTC_20190929_205900.000,17.0,19.0,243,648,1000.0
730,pohang__1khz_50ns_20deci_2m_UTC_20190929_205900.000,pohang,pohang,pohang,noise,0,/home/ted1204/MS_Detection_Datamaker/MS_datamaker_PH/data/noise/1khz_50ns_20deci_2m_UTC_20190929_205900.000.tdms,1khz_50ns_20deci_2m_UTC_20190929_205900.000.tdms,1khz_50ns_20deci_2m_UTC_20190929_205900.000,19.0,21.0,243,648,1000.0
731,pohang__1khz_50ns_20deci_2m_UTC_20190929_205900.000,pohang,pohang,pohang,noise,0,/home/ted1204/MS_Detection_Datamaker/MS_datamaker_PH/data/noise/1khz_50ns_20deci_2m_UTC_20190929_205900.000.tdms,1khz_50ns_20deci_2m_UTC_20190929_205900.000.tdms,1khz_50ns_20deci_2m_UTC_20190929_205900.000,21.0,23.0,243,648,1000.0
732,pohang__1khz_50ns_20deci_2m_UTC_20190929_205900.000,pohang,pohang,pohang,noise,0,/home/ted1204/MS_Detection_Datamaker/MS_datamaker_PH/data/noise/1khz_50ns_20deci_2m_UTC_20190929_205900.000.tdms,1khz_50ns_20deci_2m_UTC_20190929_205900.000.tdms,1khz_50ns_20deci_2m_UTC_20190929_205900.000,23.0,25.0,243,648,1000.0
733,pohang__1khz_50ns_20deci_2m_UTC_20190929_205900.000,pohang,pohang,pohang,noise,0,/home/ted1204/MS_Detection_Datamaker/MS_datamaker_PH/data/noise/1khz_50ns_20deci_2m_UTC_20190929_205900.000.tdms,1khz_50ns_20deci_2m_UTC_20190929_205900.000.tdms,1khz_50ns_20deci_2m_UTC_20190929_205900.000,24.0,26.0,243,648,1000.0
734,pohang__1khz_50ns_20deci_2m_UTC_20190929_205900.000,pohang,pohang,pohang,noise,0,/home/ted1204/MS_Detection_Datamaker/MS_datamaker_PH/data/noise/1khz_50ns_20deci_2m_UTC_20190929_205900.000.tdms,1khz_50ns_20deci_2m_UTC_20190929_205900.000.tdms,1khz_50ns_20deci_2m_UTC_20190929_205900.000,25.0,27.0,243,648,1000.0
735,pohang__1khz_50ns_20deci_2m_UTC_20190930_005630.000,pohang,pohang,pohang,noise,0,/home/ted1204/MS_Detection_Datamaker/MS_datamaker_PH/data/noise/1khz_50ns_20deci_2m_UTC_20190930_005630.000.tdms,1khz_50ns_20deci_2m_UTC_20190930_005630.000.tdms,1khz_50ns_20deci_2m_UTC_20190930_005630.000,2.0,4.0,243,648,1000.0
736,pohang__1khz_50ns_20deci_2m_UTC_20190930_005630.000,pohang,pohang,pohang,noise,0,/home/ted1204/MS_Detection_Datamaker/MS_datamaker_PH/data/noise/1khz_50ns_20deci_2m_UTC_20190930_005630.000.tdms,1khz_50ns_20deci_2m_UTC_20190930_005630.000.tdms,1khz_50ns_20deci_2m_UTC_20190930_005630.000,3.0,5.0,243,648,1000.0
737,pohang__1khz_50ns_20deci_2m_UTC_20190930_005630.000,pohang,pohang,pohang,noise,0,/home/ted1204/MS_Detection_Datamaker/MS_datamaker_PH/data/noise/1khz_50ns_20deci_2m_UTC_20190930_005630.000.tdms,1khz_50ns_20deci_2m_UTC_20190930_005630.000.tdms,1khz_50ns_20deci_2m_UTC_20190930_005630.000,4.0,6.0,243,648,1000.0
738,pohang__1khz_50ns_20deci_2m_UTC_20190930_005630.000,pohang,pohang,pohang,noise,0,/home/ted1204/MS_Detection_Datamaker/MS_datamaker_PH/data/noise/1khz_50ns_20deci_2m_UTC_20190930_005630.000.tdms,1khz_50ns_20deci_2m_UTC_20190930_005630.000.tdms,1khz_50ns_20deci_2m_UTC_20190930_005630.000,8.0,10.0,243,648,1000.0
739,pohang__1khz_50ns_20deci_2m_UTC_20190930_005630.000,pohang,pohang,pohang,noise,0,/home/ted1204/MS_Detection_Datamaker/MS_datamaker_PH/data/noise/1khz_50ns_20deci_2m_UTC_20190930_005630.000.tdms,1khz_50ns_20deci_2m_UTC_20190930_005630.000.tdms,1khz_50ns_20deci_2m_UTC_20190930_005630.000,11.0,13.0,243,648,1000.0
740,pohang__1khz_50ns_20deci_2m_UTC_20190930_005630.000,pohang,pohang,pohang,noise,0,/home/ted1204/MS_Detection_Datamaker/MS_datamaker_PH/data/noise/1khz_50ns_20deci_2m_UTC_20190930_005630.000.tdms,1khz_50ns_20deci_2m_UTC_20190930_005630.000.tdms,1khz_50ns_20deci_2m_UTC_20190930_005630.000,12.0,14.0,243,648,1000.0
741,pohang__1khz_50ns_20deci_2m_UTC_20190930_005630.000,pohang,pohang,pohang,noise,0,/home/ted1204/MS_Detection_Datamaker/MS_datamaker_PH/data/noise/1khz_50ns_20deci_2m_UTC_20190930_005630.000.tdms,1khz_50ns_20deci_2m_UTC_20190930_005630.000.tdms,1khz_50ns_20deci_2m_UTC_20190930_005630.000,13.0,15.0,243,648,1000.0
742,pohang__1khz_50ns_20deci_2m_UTC_20190930_005630.000,pohang,pohang,pohang,noise,0,/home/ted1204/MS_Detection_Datamaker/MS_datamaker_PH/data/noise/1khz_50ns_20deci_2m_UTC_20190930_005630.000.tdms,1khz_50ns_20deci_2m_UTC_20190930_005630.000.tdms,1khz_50ns_20deci_2m_UTC_20190930_005630.000,15.0,17.0,243,648,1000.0
743,pohang__1khz_50ns_20deci_2m_UTC_20190930_005630.000,pohang,pohang,pohang,noise,0,/home/ted1204/MS_Detection_Datamaker/MS_datamaker_PH/data/noise/1khz_50ns_20deci_2m_UTC_20190930_005630.000.tdms,1khz_50ns_20deci_2m_UTC_20190930_005630.000.tdms,1khz_50ns_20deci_2m_UTC_20190930_005630.000,16.0,18.0,243,648,1000.0
744,pohang__1khz_50ns_20deci_2m_UTC_20190930_005630.000,pohang,pohang,pohang,noise,0,/home/ted1204/MS_Detection_Datamaker/MS_datamaker_PH/data/noise/1khz_50ns_20deci_2m_UTC_20190930_005630.000.tdms,1khz_50ns_20deci_2m_UTC_20190930_005630.000.tdms,1khz_50ns_20deci_2m_UTC_20190930_005630.000,17.0,19.0,243,648,1000.0
745,pohang__1khz_50ns_20deci_2m_UTC_20190930_005630.000,pohang,pohang,pohang,noise,0,/home/ted1204/MS_Detection_Datamaker/MS_datamaker_PH/data/noise/1khz_50ns_20deci_2m_UTC_20190930_005630.000.tdms,1khz_50ns_20deci_2m_UTC_20190930_005630.000.tdms,1khz_50ns_20deci_2m_UTC_20190930_005630.000,19.0,21.0,243,648,1000.0
746,pohang__1khz_50ns_20deci_2m_UTC_20190930_005630.000,pohang,pohang,pohang,noise,0,/home/ted1204/MS_Detection_Datamaker/MS_datamaker_PH/data/noise/1khz_50ns_20deci_2m_UTC_20190930_005630.000.tdms,1khz_50ns_20deci_2m_UTC_20190930_005630.000.tdms,1khz_50ns_20deci_2m_UTC_20190930_005630.000,20.0,22.0,243,648,1000.0
747,pohang__1khz_50ns_20deci_2m_UTC_20190930_005630.000,pohang,pohang,pohang,noise,0,/home/ted1204/MS_Detection_Datamaker/MS_datamaker_PH/data/noise/1khz_50ns_20deci_2m_UTC_20190930_005630.000.tdms,1khz_50ns_20deci_2m_UTC_20190930_005630.000.tdms,1khz_50ns_20deci_2m_UTC_20190930_005630.000,24.0,26.0,243,648,1000.0
748,pohang__1khz_50ns_20deci_2m_UTC_20190930_005630.000,pohang,pohang,pohang,noise,0,/home/ted1204/MS_Detection_Datamaker/MS_datamaker_PH/data/noise/1khz_50ns_20deci_2m_UTC_20190930_005630.000.tdms,1khz_50ns_20deci_2m_UTC_20190930_005630.000.tdms,1khz_50ns_20deci_2m_UTC_20190930_005630.000,27.0,29.0,243,648,1000.0
749,pohang__1khz_50ns_20deci_2m_UTC_20190930_005630.000,pohang,pohang,pohang,noise,0,/home/ted1204/MS_Detection_Datamaker/MS_datamaker_PH/data/noise/1khz_50ns_20deci_2m_UTC_20190930_005630.000.tdms,1khz_50ns_20deci_2m_UTC_20190930_005630.000.tdms,1khz_50ns_20deci_2m_UTC_20190930_005630.000,28.0,30.0,243,648,1000.0
