segment_id,group_id,dataset_id,site,view,data_type,label,file_path,file_name,file_stem,start_sec,end_sec,ch_start,ch_end,original_fs
0,pohang__1khz_50ns_20deci_2m_UTC+0900_DST0_20190522_180459.387,pohang,pohang,pohang,unlabel,2,/home/ted1204/MS_Detection_Datamaker/MS_datamaker_PH/data/unlabel/1khz_50ns_20deci_2m_UTC+0900_DST0_20190522_180459.387.tdms,1khz_50ns_20deci_2m_UTC+0900_DST0_20190522_180459.387.tdms,1khz_50ns_20deci_2m_UTC+0900_DST0_20190522_180459.387,0.0,2.0,243,648,1000.0
1,pohang__1khz_50ns_20deci_2m_UTC+0900_DST0_20190522_180459.387,pohang,pohang,pohang,unlabel,2,/home/ted1204/MS_Detection_Datamaker/MS_datamaker_PH/data/unlabel/1khz_50ns_20deci_2m_UTC+0900_DST0_20190522_180459.387.tdms,1khz_50ns_20deci_2m_UTC+0900_DST0_20190522_180459.387.tdms,1khz_50ns_20deci_2m_UTC+0900_DST0_20190522_180459.387,3.0,5.0,243,648,1000.0
2,pohang__1khz_50ns_20deci_2m_UTC+0900_DST0_20190522_180459.387,pohang,pohang,pohang,unlabel,2,/home/ted1204/MS_Detection_Datamaker/MS_datamaker_PH/data/unlabel/1khz_50ns_20deci_2m_UTC+0900_DST0_20190522_180459.387.tdms,1khz_50ns_20deci_2m_UTC+0900_DST0_20190522_180459.387.tdms,1khz_50ns_20deci_2m_UTC+0900_DST0_20190522_180459.387,5.0,7.0,243,648,1000.0
3,pohang__1khz_50ns_20deci_2m_UTC+0900_DST0_20190522_180459.387,pohang,pohang,pohang,unlabel,2,/home/ted1204/MS_Detection_Datamaker/MS_datamaker_PH/data/unlabel/1khz_50ns_20deci_2m_UTC+0900_DST0_20190522_180459.387.tdms,1khz_50ns_20deci_2m_UTC+0900_DST0_20190522_180459.387.tdms,1khz_50ns_20deci_2m_UTC+0900_DST0_20190522_180459.387,6.0,8.0,243,648,1000.0
4,pohang__1khz_50ns_20deci_2m_UTC+0900_DST0_20190522_180459.387,pohang,pohang,pohang,unlabel,2,/home/ted1204/MS_Detection_Datamaker/MS_datamaker_PH/data/unlabel/1khz_50ns_20deci_2m_UTC+0900_DST0_20190522_180459.387.tdms,1khz_50ns_20deci_2m_UTC+0900_DST0_20190522_180459.387.tdms,1khz_50ns_20deci_2m_UTC+0900_DST0_20190522_180459.387,12.0,14.0,243,648,1000.0
5,pohang__1khz_50ns_20deci_2m_UTC+0900_DST0_20190522_180459.387,pohang,pohang,pohang,unlabel,2,/home/ted1204/MS_Detection_Datamaker/MS_datamaker_PH/data/unlabel/1khz_50ns_20deci_2m_UTC+0900_DST0_20190522_180459.387.tdms,1khz_50ns_20deci_2m_UTC+0900_DST0_20190522_180459.387.tdms,1khz_50ns_20deci_2m_UTC+0900_DST0_20190522_180459.387,16.0,18.0,243,648,1000.0
6,pohang__1khz_50ns_20deci_2m_UTC+0900_DST0_20190522_180459.387,pohang,pohang,pohang,unlabel,2,/home/ted1204/MS_Detection_Datamaker/MS_datamaker_PH/data/unlabel/1khz_50ns_20deci_2m_UTC+0900_DST0_20190522_180459.387.tdms,1khz_50ns_20deci_2m_UTC+0900_DST0_20190522_180459.387.tdms,1khz_50ns_20deci_2m_UTC+0900_DST0_20190522_180459.387,18.0,20.0,243,648,1000.0
7,pohang__1khz_50ns_20deci_2m_UTC+0900_DST0_20190522_180459.387,pohang,pohang,pohang,unlabel,2,/home/ted1204/MS_Detection_Datamaker/MS_datamaker_PH/data/unlabel/1khz_50ns_20deci_2m_UTC+0900_DST0_20190522_180459.387.tdms,1khz_50ns_20deci_2m_UTC+0900_DST0_20190522_180459.387.tdms,1khz_50ns_20deci_2m_UTC+0900_DST0_20190522_180459.387,25.0,27.0,243,648,1000.0
8,pohang__1khz_50ns_20deci_2m_UTC+0900_DST0_20190522_180459.387,pohang,pohang,pohang,unlabel,2,/home/ted1204/MS_Detection_Datamaker/MS_datamaker_PH/data/unlabel/1khz_50ns_20deci_2m_UTC+0900_DST0_20190522_180459.387.tdms,1khz_50ns_20deci_2m_UTC+0900_DST0_20190522_180459.387.tdms,1khz_50ns_20deci_2m_UTC+0900_DST0_20190522_180459.387,35.0,37.0,243,648,1000.0
9,pohang__1khz_50ns_20deci_2m_UTC+0900_DST0_20190522_180459.387,pohang,pohang,pohang,unlabel,2,/home/ted1204/MS_Detection_Datamaker/MS_datamaker_PH/data/unlabel/1khz_50ns_20deci_2m_UTC+0900_DST0_20190522_180459.387.tdms,1khz_50ns_20deci_2m_UTC+0900_DST0_20190522_180459.387.tdms,1khz_50ns_20deci_2m_UTC+0900_DST0_20190522_180459.387,38.0,40.0,243,648,1000.0
10,pohang__1khz_50ns_20deci_2m_UTC+0900_DST0_20190522_180459.387,pohang,pohang,pohang,unlabel,2,/home/ted1204/MS_Detection_Datamaker/MS_datamaker_PH/data/unlabel/1khz_50ns_20deci_2m_UTC+0900_DST0_20190522_180459.387.tdms,1khz_50ns_20deci_2m_UTC+0900_DST0_20190522_180459.387.tdms,1khz_50ns_20deci_2m_UTC+0900_DST0_20190522_180459.387,41.0,43.0,243,648,1000.0
11,pohang__1khz_50ns_20deci_2m_UTC+0900_DST0_20190522_180459.387,pohang,pohang,pohang,unlabel,2,/home/ted1204/MS_Detection_Datamaker/MS_datamaker_PH/data/unlabel/1khz_50ns_20deci_2m_UTC+0900_DST0_20190522_180459.387.tdms,1khz_50ns_20deci_2m_UTC+0900_DST0_20190522_180459.387.tdms,1khz_50ns_20deci_2m_UTC+0900_DST0_20190522_180459.387,43.0,45.0,243,648,1000.0
12,pohang__1khz_50ns_20deci_2m_UTC+0900_DST0_20190522_180459.387,pohang,pohang,pohang,unlabel,2,/home/ted1204/MS_Detection_Datamaker/MS_datamaker_PH/data/unlabel/1khz_50ns_20deci_2m_UTC+0900_DST0_20190522_180459.387.tdms,1khz_50ns_20deci_2m_UTC+0900_DST0_20190522_180459.387.tdms,1khz_50ns_20deci_2m_UTC+0900_DST0_20190522_180459.387,50.0,52.0,243,648,1000.0
13,pohang__1khz_50ns_20deci_2m_UTC+0900_DST0_20190522_180459.387,pohang,pohang,pohang,unlabel,2,/home/ted1204/MS_Detection_Datamaker/MS_datamaker_PH/data/unlabel/1khz_50ns_20deci_2m_UTC+0900_DST0_20190522_180459.387.tdms,1khz_50ns_20deci_2m_UTC+0900_DST0_20190522_180459.387.tdms,1khz_50ns_20deci_2m_UTC+0900_DST0_20190522_180459.387,52.0,54.0,243,648,1000.0
14,pohang__1khz_50ns_20deci_2m_UTC+0900_DST0_20190522_180459.387,pohang,pohang,pohang,unlabel,2,/home/ted1204/MS_Detection_Datamaker/MS_datamaker_PH/data/unlabel/1khz_50ns_20deci_2m_UTC+0900_DST0_20190522_180459.387.tdms,1khz_50ns_20deci_2m_UTC+0900_DST0_20190522_180459.387.tdms,1khz_50ns_20deci_2m_UTC+0900_DST0_20190522_180459.387,56.0,58.0,243,648,1000.0
15,pohang__1khz_50ns_20deci_2m_UTC+0900_DST0_20190524_114359.387,pohang,pohang,pohang,unlabel,2,/home/ted1204/MS_Detection_Datamaker/MS_datamaker_PH/data/unlabel/1khz_50ns_20deci_2m_UTC+0900_DST0_20190524_114359.387.tdms,1khz_50ns_20deci_2m_UTC+0900_DST0_20190524_114359.387.tdms,1khz_50ns_20deci_2m_UTC+0900_DST0_20190524_114359.387,2.0,4.0,243,648,1000.0
16,pohang__1khz_50ns_20deci_2m_UTC+0900_DST0_20190524_114359.387,pohang,pohang,pohang,unlabel,2,/home/ted1204/MS_Detection_Datamaker/MS_datamaker_PH/data/unlabel/1khz_50ns_20deci_2m_UTC+0900_DST0_20190524_114359.387.tdms,1khz_50ns_20deci_2m_UTC+0900_DST0_20190524_114359.387.tdms,1khz_50ns_20deci_2m_UTC+0900_DST0_20190524_114359.387,5.0,7.0,243,648,1000.0
17,pohang__1khz_50ns_20deci_2m_UTC+0900_DST0_20190524_114359.387,pohang,pohang,pohang,unlabel,2,/home/ted1204/MS_Detection_Datamaker/MS_datamaker_PH/data/unlabel/1khz_50ns_20deci_2m_UTC+0900_DST0_20190524_114359.387.tdms,1khz_50ns_20deci_2m_UTC+0900_DST0_20190524_114359.387.tdms,1khz_50ns_20deci_2m_UTC+0900_DST0_20190524_114359.387,6.0,8.0,243,648,1000.0
18,pohang__1khz_50ns_20deci_2m_UTC+0900_DST0_20190524_114359.387,pohang,pohang,pohang,unlabel,2,/home/ted1204/MS_Detection_Datamaker/MS_datamaker_PH/data/unlabel/1khz_50ns_20deci_2m_UTC+0900_DST0_20190524_114359.387.tdms,1khz_50ns_20deci_2m_UTC+0900_DST0_20190524_114359.387.tdms,1khz_50ns_20deci_2m_UTC+0900_DST0_20190524_114359.387,7.0,9.0,243,648,1000.0
19,pohang__1khz_50ns_20deci_2m_UTC+0900_DST0_20190524_114359.387,pohang,pohang,pohang,unlabel,2,/home/ted1204/MS_Detection_Datamaker/MS_datamaker_PH/data/unlabel/1khz_50ns_20deci_2m_UTC+0900_DST0_20190524_114359.387.tdms,1khz_50ns_20deci_2m_UTC+0900_DST0_20190524_114359.387.tdms,1khz_50ns_20deci_2m_UTC+0900_DST0_20190524_114359.387,11.0,13.0,243,648,1000.0
20,pohang__1khz_50ns_20deci_2m_UTC+0900_DST0_20190524_114359.387,pohang,pohang,pohang,unlabel,2,/home/ted1204/MS_Detection_Datamaker/MS_datamaker_PH/data/unlabel/1khz_50ns_20deci_2m_UTC+0900_DST0_20190524_114359.387.tdms,1khz_50ns_20deci_2m_UTC+0900_DST0_20190524_114359.387.tdms,1khz_50ns_20deci_2m_UTC+0900_DST0_20190524_114359.387,13.0,15.0,243,648,1000.0
21,pohang__1khz_50ns_20deci_2m_UTC+0900_DST0_20190524_114359.387,pohang,pohang,pohang,unlabel,2,/home/ted1204/MS_Detection_Datamaker/MS_datamaker_PH/data/unlabel/1khz_50ns_20deci_2m_UTC+0900_DST0_20190524_114359.387.tdms,1khz_50ns_20deci_2m_UTC+0900_DST0_20190524_114359.387.tdms,1khz_50ns_20deci_2m_UTC+0900_DST0_20190524_114359.387,20.0,22.0,243,648,1000.0
22,pohang__1khz_50ns_20deci_2m_UTC+0900_DST0_20190524_114359.387,pohang,pohang,pohang,unlabel,2,/home/ted1204/MS_Detection_Datamaker/MS_datamaker_PH/data/unlabel/1khz_50ns_20deci_2m_UTC+0900_DST0_20190524_114359.387.tdms,1khz_50ns_20deci_2m_UTC+0900_DST0_20190524_114359.387.tdms,1khz_50ns_20deci_2m_UTC+0900_DST0_20190524_114359.387,21.0,23.0,243,648,1000.0
23,pohang__1khz_50ns_20deci_2m_UTC+0900_DST0_20190524_114359.387,pohang,pohang,pohang,unlabel,2,/home/ted1204/MS_Detection_Datamaker/MS_datamaker_PH/data/unlabel/1khz_50ns_20deci_2m_UTC+0900_DST0_20190524_114359.387.tdms,1khz_50ns_20deci_2m_UTC+0900_DST0_20190524_114359.387.tdms,1khz_50ns_20deci_2m_UTC+0900_DST0_20190524_114359.387,24.0,26.0,243,648,1000.0
24,pohang__1khz_50ns_20deci_2m_UTC+0900_DST0_20190524_114359.387,pohang,pohang,pohang,unlabel,2,/home/ted1204/MS_Detection_Datamaker/MS_datamaker_PH/data/unlabel/1khz_50ns_20deci_2m_UTC+0900_DST0_20190524_114359.387.tdms,1khz_50ns_20deci_2m_UTC+0900_DST0_20190524_114359.387.tdms,1khz_50ns_20deci_2m_UTC+0900_DST0_20190524_114359.387,28.0,30.0,243,648,1000.0
25,pohang__1khz_50ns_20deci_2m_UTC+0900_DST0_20190524_114359.387,pohang,pohang,pohang,unlabel,2,/home/ted1204/MS_Detection_Datamaker/MS_datamaker_PH/data/unlabel/1khz_50ns_20deci_2m_UTC+0900_DST0_20190524_114359.387.tdms,1khz_50ns_20deci_2m_UTC+0900_DST0_20190524_114359.387.tdms,1khz_50ns_20deci_2m_UTC+0900_DST0_20190524_114359.387,32.0,34.0,243,648,1000.0
26,pohang__1khz_50ns_20deci_2m_UTC+0900_DST0_20190524_114359.387,pohang,pohang,pohang,unlabel,2,/home/ted1204/MS_Detection_Datamaker/MS_datamaker_PH/data/unlabel/1khz_50ns_20deci_2m_UTC+0900_DST0_20190524_114359.387.tdms,1khz_50ns_20deci_2m_UTC+0900_DST0_20190524_114359.387.tdms,1khz_50ns_20deci_2m_UTC+0900_DST0_20190524_114359.387,46.0,48.0,243,648,1000.0
27,pohang__1khz_50ns_20deci_2m_UTC+0900_DST0_20190524_114359.387,pohang,pohang,pohang,unlabel,2,/home/ted1204/MS_Detection_Datamaker/MS_datamaker_PH/data/unlabel/1khz_50ns_20deci_2m_UTC+0900_DST0_20190524_114359.387.tdms,1khz_50ns_20deci_2m_UTC+0900_DST0_20190524_114359.387.tdms,1khz_50ns_20deci_2m_UTC+0900_DST0_20190524_114359.387,51.0,53.0,243,648,1000.0
28,pohang__1khz_50ns_20deci_2m_UTC+0900_DST0_20190524_114359.387,pohang,pohang,pohang,unlabel,2,/home/ted1204/MS_Detection_Datamaker/MS_datamaker_PH/data/unlabel/1khz_50ns_20deci_2m_UTC+0900_DST0_20190524_114359.387.tdms,1khz_50ns_20deci_2m_UTC+0900_DST0_20190524_114359.387.tdms,1khz_50ns_20deci_2m_UTC+0900_DST0_20190524_114359.387,52.0,54.0,243,648,1000.0
29,pohang__1khz_50ns_20deci_2m_UTC+0900_DST0_20190524_114359.387,pohang,pohang,pohang,unlabel,2,/home/ted1204/MS_Detection_Datamaker/MS_datamaker_PH/data/unlabel/1khz_50ns_20deci_2m_UTC+0900_DST0_20190524_114359.387.tdms,1khz_50ns_20deci_2m_UTC+0900_DST0_20190524_114359.387.tdms,1khz_50ns_20deci_2m_UTC+0900_DST0_20190524_114359.387,56.0,58.0,243,648,1000.0
30,pohang__1khz_50ns_20deci_2m_UTC+0900_DST0_20190526_053859.387,pohang,pohang,pohang,unlabel,2,/home/ted1204/MS_Detection_Datamaker/MS_datamaker_PH/data/unlabel/1khz_50ns_20deci_2m_UTC+0900_DST0_20190526_053859.387.tdms,1khz_50ns_20deci_2m_UTC+0900_DST0_20190526_053859.387.tdms,1khz_50ns_20deci_2m_UTC+0900_DST0_20190526_053859.387,2.0,4.0,243,648,1000.0
31,pohang__1khz_50ns_20deci_2m_UTC+0900_DST0_20190526_053859.387,pohang,pohang,pohang,unlabel,2,/home/ted1204/MS_Detection_Datamaker/MS_datamaker_PH/data/unlabel/1khz_50ns_20deci_2m_UTC+0900_DST0_20190526_053859.387.tdms,1khz_50ns_20deci_2m_UTC+0900_DST0_20190526_053859.387.tdms,1khz_50ns_20deci_2m_UTC+0900_DST0_20190526_053859.387,5.0,7.0,243,648,1000.0
32,pohang__1khz_50ns_20deci_2m_UTC+0900_DST0_20190526_053859.387,pohang,pohang,pohang,unlabel,2,/home/ted1204/MS_Detection_Datamaker/MS_datamaker_PH/data/unlabel/1khz_50ns_20deci_2m_UTC+0900_DST0_20190526_053859.387.tdms,1khz_50ns_20deci_2m_UTC+0900_DST0_20190526_053859.387.tdms,1khz_50ns_20deci_2m_UTC+0900_DST0_20190526_053859.387,12.0,14.0,243,648,1000.0
33,pohang__1khz_50ns_20deci_2m_UTC+0900_DST0_20190526_053859.387,pohang,pohang,pohang,unlabel,2,/home/ted1204/MS_Detection_Datamaker/MS_datamaker_PH/data/unlabel/1khz_50ns_20deci_2m_UTC+0900_DST0_20190526_053859.387.tdms,1khz_50ns_20deci_2m_UTC+0900_DST0_20190526_053859.387.tdms,1khz_50ns_20deci_2m_UTC+0900_DST0_20190526_053859.387,13.0,15.0,243,648,1000.0
34,pohang__1khz_50ns_20deci_2m_UTC+0900_DST0_20190526_053859.387,pohang,pohang,pohang,unlabel,2,/home/ted1204/MS_Detection_Datamaker/MS_datamaker_PH/data/unlabel/1khz_50ns_20deci_2m_UTC+0900_DST0_20190526_053859.387.tdms,1khz_50ns_20deci_2m_UTC+0900_DST0_20190526_053859.387.tdms,1khz_50ns_20deci_2m_UTC+0900_DST0_20190526_053859.387,16.0,18.0,243,648,1000.0
35,pohang__1khz_50ns_20deci_2m_UTC+0900_DST0_20190526_053859.387,pohang,pohang,pohang,unlabel,2,/home/ted1204/MS_Detection_Datamaker/MS_datamaker_PH/data/unlabel/1khz_50ns_20deci_2m_UTC+0900_DST0_20190526_053859.387.tdms,1khz_50ns_20deci_2m_UTC+0900_DST0_20190526_053859.387.tdms,1khz_50ns_20deci_2m_UTC+0900_DST0_20190526_053859.387,17.0,19.0,243,648,1000.0
36,pohang__1khz_50ns_20deci_2m_UTC+0900_DST0_20190526_053859.387,pohang,pohang,pohang,unlabel,2,/home/ted1204/MS_Detection_Datamaker/MS_datamaker_PH/data/unlabel/1khz_50ns_20deci_2m_UTC+0900_DST0_20190526_053859.387.tdms,1khz_50ns_20deci_2m_UTC+0900_DST0_20190526_053859.387.tdms,1khz_50ns_20deci_2m_UTC+0900_DST0_20190526_053859.387,21.0,23.0,243,648,1000.0
37,pohang__1khz_50ns_20deci_2m_UTC+0900_DST0_20190526_053859.387,pohang,pohang,pohang,unlabel,2,/home/ted1204/MS_Detection_Datamaker/MS_datamaker_PH/data/unlabel/1khz_50ns_20deci_2m_UTC+0900_DST0_20190526_053859.387.tdms,1khz_50ns_20deci_2m_UTC+0900_DST0_20190526_053859.387.tdms,1khz_50ns_20deci_2m_UTC+0900_DST0_20190526_053859.387,22.0,24.0,243,648,1000.0
38,pohang__1khz_50ns_20deci_2m_UTC+0900_DST0_20190526_053859.387,pohang,pohang,pohang,unlabel,2,/home/ted1204/MS_Detection_Datamaker/MS_datamaker_PH/data/unlabel/1khz_50ns_20deci_2m_UTC+0900_DST0_20190526_053859.387.tdms,1khz_50ns_20deci_2m_UTC+0900_DST0_20190526_053859.387.tdms,1khz_50ns_20deci_2m_UTC+0900_DST0_20190526_053859.387,23.0,25.0,243,648,1000.0
39,pohang__1khz_50ns_20deci_2m_UTC+0900_DST0_20190526_053859.387,pohang,pohang,pohang,unlabel,2,/home/ted1204/MS_Detection_Datamaker/MS_datamaker_PH/data/unlabel/1khz_50ns_20deci_2m_UTC+0900_DST0_20190526_053859.387.tdms,1khz_50ns_20deci_2m_UTC+0900_DST0_20190526_053859.387.tdms,1khz_50ns_20deci_2m_UTC+0900_DST0_20190526_053859.387,24.0,26.0,243,648,1000.0
40,pohang__1khz_50ns_20deci_2m_UTC+0900_DST0_20190526_053859.387,pohang,pohang,pohang,unlabel,2,/home/ted1204/MS_Detection_Datamaker/MS_datamaker_PH/data/unlabel/1khz_50ns_20deci_2m_UTC+0900_DST0_20190526_053859.387.tdms,1khz_50ns_20deci_2m_UTC+0900_DST0_20190526_053859.387.tdms,1khz_50ns_20deci_2m_UTC+0900_DST0_20190526_053859.387,36.0,38.0,243,648,1000.0
41,pohang__1khz_50ns_20deci_2m_UTC+0900_DST0_20190526_053859.387,pohang,pohang,pohang,unlabel,2,/home/ted1204/MS_Detection_Datamaker/MS_datamaker_PH/data/unlabel/1khz_50ns_20deci_2m_UTC+0900_DST0_20190526_053859.387.tdms,1khz_50ns_20deci_2m_UTC+0900_DST0_20190526_053859.387.tdms,1khz_50ns_20deci_2m_UTC+0900_DST0_20190526_053859.387,44.0,46.0,243,648,1000.0
42,pohang__1khz_50ns_20deci_2m_UTC+0900_DST0_20190526_053859.387,pohang,pohang,pohang,unlabel,2,/home/ted1204/MS_Detection_Datamaker/MS_datamaker_PH/data/unlabel/1khz_50ns_20deci_2m_UTC+0900_DST0_20190526_053859.387.tdms,1khz_50ns_20deci_2m_UTC+0900_DST0_20190526_053859.387.tdms,1khz_50ns_20deci_2m_UTC+0900_DST0_20190526_053859.387,53.0,55.0,243,648,1000.0
43,pohang__1khz_50ns_20deci_2m_UTC+0900_DST0_20190526_053859.387,pohang,pohang,pohang,unlabel,2,/home/ted1204/MS_Detection_Datamaker/MS_datamaker_PH/data/unlabel/1khz_50ns_20deci_2m_UTC+0900_DST0_20190526_053859.387.tdms,1khz_50ns_20deci_2m_UTC+0900_DST0_20190526_053859.387.tdms,1khz_50ns_20deci_2m_UTC+0900_DST0_20190526_053859.387,55.0,57.0,243,648,1000.0
44,pohang__1khz_50ns_20deci_2m_UTC+0900_DST0_20190526_053859.387,pohang,pohang,pohang,unlabel,2,/home/ted1204/MS_Detection_Datamaker/MS_datamaker_PH/data/unlabel/1khz_50ns_20deci_2m_UTC+0900_DST0_20190526_053859.387.tdms,1khz_50ns_20deci_2m_UTC+0900_DST0_20190526_053859.387.tdms,1khz_50ns_20deci_2m_UTC+0900_DST0_20190526_053859.387,56.0,58.0,243,648,1000.0
45,pohang__1khz_50ns_20deci_2m_UTC+0900_DST0_20190526_214559.387,pohang,pohang,pohang,unlabel,2,/home/ted1204/MS_Detection_Datamaker/MS_datamaker_PH/data/unlabel/1khz_50ns_20deci_2m_UTC+0900_DST0_20190526_214559.387.tdms,1khz_50ns_20deci_2m_UTC+0900_DST0_20190526_214559.387.tdms,1khz_50ns_20deci_2m_UTC+0900_DST0_20190526_214559.387,1.0,3.0,243,648,1000.0
46,pohang__1khz_50ns_20deci_2m_UTC+0900_DST0_20190526_214559.387,pohang,pohang,pohang,unlabel,2,/home/ted1204/MS_Detection_Datamaker/MS_datamaker_PH/data/unlabel/1khz_50ns_20deci_2m_UTC+0900_DST0_20190526_214559.387.tdms,1khz_50ns_20deci_2m_UTC+0900_DST0_20190526_214559.387.tdms,1khz_50ns_20deci_2m_UTC+0900_DST0_20190526_214559.387,3.0,5.0,243,648,1000.0
47,pohang__1khz_50ns_20deci_2m_UTC+0900_DST0_20190526_214559.387,pohang,pohang,pohang,unlabel,2,/home/ted1204/MS_Detection_Datamaker/MS_datamaker_PH/data/unlabel/1khz_50ns_20deci_2m_UTC+0900_DST0_20190526_214559.387.tdms,1khz_50ns_20deci_2m_UTC+0900_DST0_20190526_214559.387.tdms,1khz_50ns_20deci_2m_UTC+0900_DST0_20190526_214559.387,4.0,6.0,243,648,1000.0
48,pohang__1khz_50ns_20deci_2m_UTC+0900_DST0_20190526_214559.387,pohang,pohang,pohang,unlabel,2,/home/ted1204/MS_Detection_Datamaker/MS_datamaker_PH/data/unlabel/1khz_50ns_20deci_2m_UTC+0900_DST0_20190526_214559.387.tdms,1khz_50ns_20deci_2m_UTC+0900_DST0_20190526_214559.387.tdms,1khz_50ns_20deci_2m_UTC+0900_DST0_20190526_214559.387,10.0,12.0,243,648,1000.0
49,pohang__1khz_50ns_20deci_2m_UTC+0900_DST0_20190526_214559.387,pohang,pohang,pohang,unlabel,2,/home/ted1204/MS_Detection_Datamaker/MS_datamaker_PH/data/unlabel/1khz_50ns_20deci_2m_UTC+0900_DST0_20190526_214559.387.tdms,1khz_50ns_20deci_2m_UTC+0900_DST0_20190526_214559.387.tdms,1khz_50ns_20deci_2m_UTC+0900_DST0_20190526_214559.387,19.0,21.0,243,648,1000.0
50,pohang__1khz_50ns_20deci_2m_UTC+0900_DST0_20190526_214559.387,pohang,pohang,pohang,unlabel,2,/home/ted1204/MS_Detection_Datamaker/MS_datamaker_PH/data/unlabel/1khz_50ns_20deci_2m_UTC+0900_DST0_20190526_214559.387.tdms,1khz_50ns_20deci_2m_UTC+0900_DST0_20190526_214559.387.tdms,1khz_50ns_20deci_2m_UTC+0900_DST0_20190526_214559.387,20.0,22.0,243,648,1000.0
51,pohang__1khz_50ns_20deci_2m_UTC+0900_DST0_20190526_214559.387,pohang,pohang,pohang,unlabel,2,/home/ted1204/MS_Detection_Datamaker/MS_datamaker_PH/data/unlabel/1khz_50ns_20deci_2m_UTC+0900_DST0_20190526_214559.387.tdms,1khz_50ns_20deci_2m_UTC+0900_DST0_20190526_214559.387.tdms,1khz_50ns_20deci_2m_UTC+0900_DST0_20190526_214559.387,27.0,29.0,243,648,1000.0
52,pohang__1khz_50ns_20deci_2m_UTC+0900_DST0_20190526_214559.387,pohang,pohang,pohang,unlabel,2,/home/ted1204/MS_Detection_Datamaker/MS_datamaker_PH/data/unlabel/1khz_50ns_20deci_2m_UTC+0900_DST0_20190526_214559.387.tdms,1khz_50ns_20deci_2m_UTC+0900_DST0_20190526_214559.387.tdms,1khz_50ns_20deci_2m_UTC+0900_DST0_20190526_214559.387,28.0,30.0,243,648,1000.0
53,pohang__1khz_50ns_20deci_2m_UTC+0900_DST0_20190526_214559.387,pohang,pohang,pohang,unlabel,2,/home/ted1204/MS_Detection_Datamaker/MS_datamaker_PH/data/unlabel/1khz_50ns_20deci_2m_UTC+0900_DST0_20190526_214559.387.tdms,1khz_50ns_20deci_2m_UTC+0900_DST0_20190526_214559.387.tdms,1khz_50ns_20deci_2m_UTC+0900_DST0_20190526_214559.387,32.0,34.0,243,648,1000.0
54,pohang__1khz_50ns_20deci_2m_UTC+0900_DST0_20190526_214559.387,pohang,pohang,pohang,unlabel,2,/home/ted1204/MS_Detection_Datamaker/MS_datamaker_PH/data/unlabel/1khz_50ns_20deci_2m_UTC+0900_DST0_20190526_214559.387.tdms,1khz_50ns_20deci_2m_UTC+0900_DST0_20190526_214559.387.tdms,1khz_50ns_20deci_2m_UTC+0900_DST0_20190526_214559.387,34.0,36.0,243,648,1000.0
55,pohang__1khz_50ns_20deci_2m_UTC+0900_DST0_20190526_214559.387,pohang,pohang,pohang,unlabel,2,/home/ted1204/MS_Detection_Datamaker/MS_datamaker_PH/data/unlabel/1khz_50ns_20deci_2m_UTC+0900_DST0_20190526_214559.387.tdms,1khz_50ns_20deci_2m_UTC+0900_DST0_20190526_214559.387.tdms,1khz_50ns_20deci_2m_UTC+0900_DST0_20190526_214559.387,37.0,39.0,243,648,1000.0
56,pohang__1khz_50ns_20deci_2m_UTC+0900_DST0_20190526_214559.387,pohang,pohang,pohang,unlabel,2,/home/ted1204/MS_Detection_Datamaker/MS_datamaker_PH/data/unlabel/1khz_50ns_20deci_2m_UTC+0900_DST0_20190526_214559.387.tdms,1khz_50ns_20deci_2m_UTC+0900_DST0_20190526_214559.387.tdms,1khz_50ns_20deci_2m_UTC+0900_DST0_20190526_214559.387,49.0,51.0,243,648,1000.0
57,pohang__1khz_50ns_20deci_2m_UTC+0900_DST0_20190526_214559.387,pohang,pohang,pohang,unlabel,2,/home/ted1204/MS_Detection_Datamaker/MS_datamaker_PH/data/unlabel/1khz_50ns_20deci_2m_UTC+0900_DST0_20190526_214559.387.tdms,1khz_50ns_20deci_2m_UTC+0900_DST0_20190526_214559.387.tdms,1khz_50ns_20deci_2m_UTC+0900_DST0_20190526_214559.387,50.0,52.0,243,648,1000.0
58,pohang__1khz_50ns_20deci_2m_UTC+0900_DST0_20190526_214559.387,pohang,pohang,pohang,unlabel,2,/home/ted1204/MS_Detection_Datamaker/MS_datamaker_PH/data/unlabel/1khz_50ns_20deci_2m_UTC+0900_DST0_20190526_214559.387.tdms,1khz_50ns_20deci_2m_UTC+0900_DST0_20190526_214559.387.tdms,1khz_50ns_20deci_2m_UTC+0900_DST0_20190526_214559.387,53.0,55.0,243,648,1000.0
59,pohang__1khz_50ns_20deci_2m_UTC+0900_DST0_20190526_214559.387,pohang,pohang,pohang,unlabel,2,/home/ted1204/MS_Detection_Datamaker/MS_datamaker_PH/data/unlabel/1khz_50ns_20deci_2m_UTC+0900_DST0_20190526_214559.387.tdms,1khz_50ns_20deci_2m_UTC+0900_DST0_20190526_214559.387.tdms,1khz_50ns_20deci_2m_UTC+0900_DST0_20190526_214559.387,57.0,59.0,243,648,1000.0
60,pohang__1khz_50ns_20deci_2m_UTC+0900_DST0_20190527_063559.387,pohang,pohang,pohang,unlabel,2,/home/ted1204/MS_Detection_Datamaker/MS_datamaker_PH/data/unlabel/1khz_50ns_20deci_2m_UTC+0900_DST0_20190527_063559.387.tdms,1khz_50ns_20deci_2m_UTC+0900_DST0_20190527_063559.387.tdms,1khz_50ns_20deci_2m_UTC+0900_DST0_20190527_063559.387,2.0,4.0,243,648,1000.0
61,pohang__1khz_50ns_20deci_2m_UTC+0900_DST0_20190527_063559.387,pohang,pohang,pohang,unlabel,2,/home/ted1204/MS_Detection_Datamaker/MS_datamaker_PH/data/unlabel/1khz_50ns_20deci_2m_UTC+0900_DST0_20190527_063559.387.tdms,1khz_50ns_20deci_2m_UTC+0900_DST0_20190527_063559.387.tdms,1khz_50ns_20deci_2m_UTC+0900_DST0_20190527_063559.387,5.0,7.0,243,648,1000.0
62,pohang__1khz_50ns_20deci_2m_UTC+0900_DST0_20190527_063559.387,pohang,pohang,pohang,unlabel,2,/home/ted1204/MS_Detection_Datamaker/MS_datamaker_PH/data/unlabel/1khz_50ns_20deci_2m_UTC+0900_DST0_20190527_063559.387.tdms,1khz_50ns_20deci_2m_UTC+0900_DST0_20190527_063559.387.tdms,1khz_50ns_20deci_2m_UTC+0900_DST0_20190527_063559.387,10.0,12.0,243,648,1000.0
63,pohang__1khz_50ns_20deci_2m_UTC+0900_DST0_20190527_063559.387,pohang,pohang,pohang,unlabel,2,/home/ted1204/MS_Detection_Datamaker/MS_datamaker_PH/data/unlabel/1khz_50ns_20deci_2m_UTC+0900_DST0_20190527_063559.387.tdms,1khz_50ns_20deci_2m_UTC+0900_DST0_20190527_063559.387.tdms,1khz_50ns_20deci_2m_UTC+0900_DST0_20190527_063559.387,12.0,14.0,243,648,1000.0
64,pohang__1khz_50ns_20deci_2m_UTC+0900_DST0_20190527_063559.387,pohang,pohang,pohang,unlabel,2,/home/ted1204/MS_Detection_Datamaker/MS_datamaker_PH/data/unlabel/1khz_50ns_20deci_2m_UTC+0900_DST0_20190527_063559.387.tdms,1khz_50ns_20deci_2m_UTC+0900_DST0_20190527_063559.387.tdms,1khz_50ns_20deci_2m_UTC+0900_DST0_20190527_063559.387,14.0,16.0,243,648,1000.0
65,pohang__1khz_50ns_20deci_2m_UTC+0900_DST0_20190527_063559.387,pohang,pohang,pohang,unlabel,2,/home/ted1204/MS_Detection_Datamaker/MS_datamaker_PH/data/unlabel/1khz_50ns_20deci_2m_UTC+0900_DST0_20190527_063559.387.tdms,1khz_50ns_20deci_2m_UTC+0900_DST0_20190527_063559.387.tdms,1khz_50ns_20deci_2m_UTC+0900_DST0_20190527_063559.387,15.0,17.0,243,648,1000.0
66,pohang__1khz_50ns_20deci_2m_UTC+0900_DST0_20190527_063559.387,pohang,pohang,pohang,unlabel,2,/home/ted1204/MS_Detection_Datamaker/MS_datamaker_PH/data/unlabel/1khz_50ns_20deci_2m_UTC+0900_DST0_20190527_063559.387.tdms,1khz_50ns_20deci_2m_UTC+0900_DST0_20190527_063559.387.tdms,1khz_50ns_20deci_2m_UTC+0900_DST0_20190527_063559.387,25.0,27.0,243,648,1000.0
67,pohang__1khz_50ns_20deci_2m_UTC+0900_DST0_20190527_063559.387,pohang,pohang,pohang,unlabel,2,/home/ted1204/MS_Detection_Datamaker/MS_datamaker_PH/data/unlabel/1khz_50ns_20deci_2m_UTC+0900_DST0_20190527_063559.387.tdms,1khz_50ns_20deci_2m_UTC+0900_DST0_20190527_063559.387.tdms,1khz_50ns_20deci_2m_UTC+0900_DST0_20190527_063559.387,27.0,29.0,243,648,1000.0
68,pohang__1khz_50ns_20deci_2m_UTC+0900_DST0_20190527_063559.387,pohang,pohang,pohang,unlabel,2,/home/ted1204/MS_Detection_Datamaker/MS_datamaker_PH/data/unlabel/1khz_50ns_20deci_2m_UTC+0900_DST0_20190527_063559.387.tdms,1khz_50ns_20deci_2m_UTC+0900_DST0_20190527_063559.387.tdms,1khz_50ns_20deci_2m_UTC+0900_DST0_20190527_063559.387,36.0,38.0,243,648,1000.0
69,pohang__1khz_50ns_20deci_2m_UTC+0900_DST0_20190527_063559.387,pohang,pohang,pohang,unlabel,2,/home/ted1204/MS_Detection_Datamaker/MS_datamaker_PH/data/unlabel/1khz_50ns_20deci_2m_UTC+0900_DST0_20190527_063559.387.tdms,1khz_50ns_20deci_2m_UTC+0900_DST0_20190527_063559.387.tdms,1khz_50ns_20deci_2m_UTC+0900_DST0_20190527_063559.387,40.0,42.0,243,648,1000.0
70,pohang__1khz_50ns_20deci_2m_UTC+0900_DST0_20190527_063559.387,pohang,pohang,pohang,unlabel,2,/home/ted1204/MS_Detection_Datamaker/MS_datamaker_PH/data/unlabel/1khz_50ns_20deci_2m_UTC+0900_DST0_20190527_063559.387.tdms,1khz_50ns_20deci_2m_UTC+0900_DST0_20190527_063559.387.tdms,1khz_50ns_20deci_2m_UTC+0900_DST0_20190527_063559.387,42.0,44.0,243,648,1000.0
71,pohang__1khz_50ns_20deci_2m_UTC+0900_DST0_20190527_063559.387,pohang,pohang,pohang,unlabel,2,/home/ted1204/MS_Detection_Datamaker/MS_datamaker_PH/data/unlabel/1khz_50ns_20deci_2m_UTC+0900_DST0_20190527_063559.387.tdms,1khz_50ns_20deci_2m_UTC+0900_DST0_20190527_063559.387.tdms,1khz_50ns_20deci_2m_UTC+0900_DST0_20190527_063559.387,47.0,49.0,243,648,1000.0
72,pohang__1khz_50ns_20deci_2m_UTC+0900_DST0_20190527_063559.387,pohang,pohang,pohang,unlabel,2,/home/ted1204/MS_Detection_Datamaker/MS_datamaker_PH/data/unlabel/1khz_50ns_20deci_2m_UTC+0900_DST0_20190527_063559.387.tdms,1khz_50ns_20deci_2m_UTC+0900_DST0_20190527_063559.387.tdms,1khz_50ns_20deci_2m_UTC+0900_DST0_20190527_063559.387,49.0,51.0,243,648,1000.0
73,pohang__1khz_50ns_20deci_2m_UTC+0900_DST0_20190527_063559.387,pohang,pohang,pohang,unlabel,2,/home/ted1204/MS_Detection_Datamaker/MS_datamaker_PH/data/unlabel/1khz_50ns_20deci_2m_UTC+0900_DST0_20190527_063559.387.tdms,1khz_50ns_20deci_2m_UTC+0900_DST0_20190527_063559.387.tdms,1khz_50ns_20deci_2m_UTC+0900_DST0_20190527_063559.387,53.0,55.0,243,648,1000.0
74,pohang__1khz_50ns_20deci_2m_UTC+0900_DST0_20190527_063559.387,pohang,pohang,pohang,unlabel,2,/home/ted1204/MS_Detection_Datamaker/MS_datamaker_PH/data/unlabel/1khz_50ns_20deci_2m_UTC+0900_DST0_20190527_063559.387.tdms,1khz_50ns_20deci_2m_UTC+0900_DST0_20190527_063559.387.tdms,1khz_50ns_20deci_2m_UTC+0900_DST0_20190527_063559.387,57.0,59.0,243,648,1000.0
75,pohang__1khz_50ns_20deci_2m_UTC+0900_DST0_20190527_141959.387,pohang,pohang,pohang,unlabel,2,/home/ted1204/MS_Detection_Datamaker/MS_datamaker_PH/data/unlabel/1khz_50ns_20deci_2m_UTC+0900_DST0_20190527_141959.387.tdms,1khz_50ns_20deci_2m_UTC+0900_DST0_20190527_141959.387.tdms,1khz_50ns_20deci_2m_UTC+0900_DST0_20190527_141959.387,3.0,5.0,243,648,1000.0
76,pohang__1khz_50ns_20deci_2m_UTC+0900_DST0_20190527_141959.387,pohang,pohang,pohang,unlabel,2,/home/ted1204/MS_Detection_Datamaker/MS_datamaker_PH/data/unlabel/1khz_50ns_20deci_2m_UTC+0900_DST0_20190527_141959.387.tdms,1khz_50ns_20deci_2m_UTC+0900_DST0_20190527_141959.387.tdms,1khz_50ns_20deci_2m_UTC+0900_DST0_20190527_141959.387,8.0,10.0,243,648,1000.0
77,pohang__1khz_50ns_20deci_2m_UTC+0900_DST0_20190527_141959.387,pohang,pohang,pohang,unlabel,2,/home/ted1204/MS_Detection_Datamaker/MS_datamaker_PH/data/unlabel/1khz_50ns_20deci_2m_UTC+0900_DST0_20190527_141959.387.tdms,1khz_50ns_20deci_2m_UTC+0900_DST0_20190527_141959.387.tdms,1khz_50ns_20deci_2m_UTC+0900_DST0_20190527_141959.387,12.0,14.0,243,648,1000.0
78,pohang__1khz_50ns_20deci_2m_UTC+0900_DST0_20190527_141959.387,pohang,pohang,pohang,unlabel,2,/home/ted1204/MS_Detection_Datamaker/MS_datamaker_PH/data/unlabel/1khz_50ns_20deci_2m_UTC+0900_DST0_20190527_141959.387.tdms,1khz_50ns_20deci_2m_UTC+0900_DST0_20190527_141959.387.tdms,1khz_50ns_20deci_2m_UTC+0900_DST0_20190527_141959.387,13.0,15.0,243,648,1000.0
79,pohang__1khz_50ns_20deci_2m_UTC+0900_DST0_20190527_141959.387,pohang,pohang,pohang,unlabel,2,/home/ted1204/MS_Detection_Datamaker/MS_datamaker_PH/data/unlabel/1khz_50ns_20deci_2m_UTC+0900_DST0_20190527_141959.387.tdms,1khz_50ns_20deci_2m_UTC+0900_DST0_20190527_141959.387.tdms,1khz_50ns_20deci_2m_UTC+0900_DST0_20190527_141959.387,16.0,18.0,243,648,1000.0
80,pohang__1khz_50ns_20deci_2m_UTC+0900_DST0_20190527_141959.387,pohang,pohang,pohang,unlabel,2,/home/ted1204/MS_Detection_Datamaker/MS_datamaker_PH/data/unlabel/1khz_50ns_20deci_2m_UTC+0900_DST0_20190527_141959.387.tdms,1khz_50ns_20deci_2m_UTC+0900_DST0_20190527_141959.387.tdms,1khz_50ns_20deci_2m_UTC+0900_DST0_20190527_141959.387,25.0,27.0,243,648,1000.0
81,pohang__1khz_50ns_20deci_2m_UTC+0900_DST0_20190527_141959.387,pohang,pohang,pohang,unlabel,2,/home/ted1204/MS_Detection_Datamaker/MS_datamaker_PH/data/unlabel/1khz_50ns_20deci_2m_UTC+0900_DST0_20190527_141959.387.tdms,1khz_50ns_20deci_2m_UTC+0900_DST0_20190527_141959.387.tdms,1khz_50ns_20deci_2m_UTC+0900_DST0_20190527_141959.387,26.0,28.0,243,648,1000.0
82,pohang__1khz_50ns_20deci_2m_UTC+0900_DST0_20190527_141959.387,pohang,pohang,pohang,unlabel,2,/home/ted1204/MS_Detection_Datamaker/MS_datamaker_PH/data/unlabel/1khz_50ns_20deci_2m_UTC+0900_DST0_20190527_141959.387.tdms,1khz_50ns_20deci_2m_UTC+0900_DST0_20190527_141959.387.tdms,1khz_50ns_20deci_2m_UTC+0900_DST0_20190527_141959.387,36.0,38.0,243,648,1000.0
83,pohang__1khz_50ns_20deci_2m_UTC+0900_DST0_20190527_141959.387,pohang,pohang,pohang,unlabel,2,/home/ted1204/MS_Detection_Datamaker/MS_datamaker_PH/data/unlabel/1khz_50ns_20deci_2m_UTC+0900_DST0_20190527_141959.387.tdms,1khz_50ns_20deci_2m_UTC+0900_DST0_20190527_141959.387.tdms,1khz_50ns_20deci_2m_UTC+0900_DST0_20190527_141959.387,39.0,41.0,243,648,1000.0
84,pohang__1khz_50ns_20deci_2m_UTC+0900_DST0_20190527_141959.387,pohang,pohang,pohang,unlabel,2,/home/ted1204/MS_Detection_Datamaker/MS_datamaker_PH/data/unlabel/1khz_50ns_20deci_2m_UTC+0900_DST0_20190527_141959.387.tdms,1khz_50ns_20deci_2m_UTC+0900_DST0_20190527_141959.387.tdms,1khz_50ns_20deci_2m_UTC+0900_DST0_20190527_141959.387,41.0,43.0,243,648,1000.0
85,pohang__1khz_50ns_20deci_2m_UTC+0900_DST0_20190527_141959.387,pohang,pohang,pohang,unlabel,2,/home/ted1204/MS_Detection_Datamaker/MS_datamaker_PH/data/unlabel/1khz_50ns_20deci_2m_UTC+0900_DST0_20190527_141959.387.tdms,1khz_50ns_20deci_2m_UTC+0900_DST0_20190527_141959.387.tdms,1khz_50ns_20deci_2m_UTC+0900_DST0_20190527_141959.387,43.0,45.0,243,648,1000.0
86,pohang__1khz_50ns_20deci_2m_UTC+0900_DST0_20190527_141959.387,pohang,pohang,pohang,unlabel,2,/home/ted1204/MS_Detection_Datamaker/MS_datamaker_PH/data/unlabel/1khz_50ns_20deci_2m_UTC+0900_DST0_20190527_141959.387.tdms,1khz_50ns_20deci_2m_UTC+0900_DST0_20190527_141959.387.tdms,1khz_50ns_20deci_2m_UTC+0900_DST0_20190527_141959.387,48.0,50.0,243,648,1000.0
87,pohang__1khz_50ns_20deci_2m_UTC+0900_DST0_20190527_141959.387,pohang,pohang,pohang,unlabel,2,/home/ted1204/MS_Detection_Datamaker/MS_datamaker_PH/data/unlabel/1khz_50ns_20deci_2m_UTC+0900_DST0_20190527_141959.387.tdms,1khz_50ns_20deci_2m_UTC+0900_DST0_20190527_141959.387.tdms,1khz_50ns_20deci_2m_UTC+0900_DST0_20190527_141959.387,51.0,53.0,243,648,1000.0
88,pohang__1khz_50ns_20deci_2m_UTC+0900_DST0_20190527_141959.387,pohang,pohang,pohang,unlabel,2,/home/ted1204/MS_Detection_Datamaker/MS_datamaker_PH/data/unlabel/1khz_50ns_20deci_2m_UTC+0900_DST0_20190527_141959.387.tdms,1khz_50ns_20deci_2m_UTC+0900_DST0_20190527_141959.387.tdms,1khz_50ns_20deci_2m_UTC+0900_DST0_20190527_141959.387,53.0,55.0,243,648,1000.0
89,pohang__1khz_50ns_20deci_2m_UTC+0900_DST0_20190527_141959.387,pohang,pohang,pohang,unlabel,2,/home/ted1204/MS_Detection_Datamaker/MS_datamaker_PH/data/unlabel/1khz_50ns_20deci_2m_UTC+0900_DST0_20190527_141959.387.tdms,1khz_50ns_20deci_2m_UTC+0900_DST0_20190527_141959.387.tdms,1khz_50ns_20deci_2m_UTC+0900_DST0_20190527_141959.387,55.0,57.0,243,648,1000.0
90,pohang__1khz_50ns_20deci_2m_UTC+0900_DST0_20190527_202559.387,pohang,pohang,pohang,unlabel,2,/home/ted1204/MS_Detection_Datamaker/MS_datamaker_PH/data/unlabel/1khz_50ns_20deci_2m_UTC+0900_DST0_20190527_202559.387.tdms,1khz_50ns_20deci_2m_UTC+0900_DST0_20190527_202559.387.tdms,1khz_50ns_20deci_2m_UTC+0900_DST0_20190527_202559.387,1.0,3.0,243,648,1000.0
91,pohang__1khz_50ns_20deci_2m_UTC+0900_DST0_20190527_202559.387,pohang,pohang,pohang,unlabel,2,/home/ted1204/MS_Detection_Datamaker/MS_datamaker_PH/data/unlabel/1khz_50ns_20deci_2m_UTC+0900_DST0_20190527_202559.387.tdms,1khz_50ns_20deci_2m_UTC+0900_DST0_20190527_202559.387.tdms,1khz_50ns_20deci_2m_UTC+0900_DST0_20190527_202559.387,3.0,5.0,243,648,1000.0
92,pohang__1khz_50ns_20deci_2m_UTC+0900_DST0_20190527_202559.387,pohang,pohang,pohang,unlabel,2,/home/ted1204/MS_Detection_Datamaker/MS_datamaker_PH/data/unlabel/1khz_50ns_20deci_2m_UTC+0900_DST0_20190527_202559.387.tdms,1khz_50ns_20deci_2m_UTC+0900_DST0_20190527_202559.387.tdms,1khz_50ns_20deci_2m_UTC+0900_DST0_20190527_202559.387,5.0,7.0,243,648,1000.0
93,pohang__1khz_50ns_20deci_2m_UTC+0900_DST0_20190527_202559.387,pohang,pohang,pohang,unlabel,2,/home/ted1204/MS_Detection_Datamaker/MS_datamaker_PH/data/unlabel/1khz_50ns_20deci_2m_UTC+0900_DST0_20190527_202559.387.tdms,1khz_50ns_20deci_2m_UTC+0900_DST0_20190527_202559.387.tdms,1khz_50ns_20deci_2m_UTC+0900_DST0_20190527_202559.387,6.0,8.0,243,648,1000.0
94,pohang__1khz_50ns_20deci_2m_UTC+0900_DST0_20190527_202559.387,pohang,pohang,pohang,unlabel,2,/home/ted1204/MS_Detection_Datamaker/MS_datamaker_PH/data/unlabel/1khz_50ns_20deci_2m_UTC+0900_DST0_20190527_202559.387.tdms,1khz_50ns_20deci_2m_UTC+0900_DST0_20190527_202559.387.tdms,1khz_50ns_20deci_2m_UTC+0900_DST0_20190527_202559.387,10.0,12.0,243,648,1000.0
95,pohang__1khz_50ns_20deci_2m_UTC+0900_DST0_20190527_202559.387,pohang,pohang,pohang,unlabel,2,/home/ted1204/MS_Detection_Datamaker/MS_datamaker_PH/data/unlabel/1khz_50ns_20deci_2m_UTC+0900_DST0_20190527_202559.387.tdms,1khz_50ns_20deci_2m_UTC+0900_DST0_20190527_202559.387.tdms,1khz_50ns_20deci_2m_UTC+0900_DST0_20190527_202559.387,16.0,18.0,243,648,1000.0
96,pohang__1khz_50ns_20deci_2m_UTC+0900_DST0_20190527_202559.387,pohang,pohang,pohang,unlabel,2,/home/ted1204/MS_Detection_Datamaker/MS_datamaker_PH/data/unlabel/1khz_50ns_20deci_2m_UTC+0900_DST0_20190527_202559.387.tdms,1khz_50ns_20deci_2m_UTC+0900_DST0_20190527_202559.387.tdms,1khz_50ns_20deci_2m_UTC+0900_DST0_20190527_202559.387,27.0,29.0,243,648,1000.0
97,pohang__1khz_50ns_20deci_2m_UTC+0900_DST0_20190527_202559.387,pohang,pohang,pohang,unlabel,2,/home/ted1204/MS_Detection_Datamaker/MS_datamaker_PH/data/unlabel/1khz_50ns_20deci_2m_UTC+0900_DST0_20190527_202559.387.tdms,1khz_50ns_20deci_2m_UTC+0900_DST0_20190527_202559.387.tdms,1khz_50ns_20deci_2m_UTC+0900_DST0_20190527_202559.387,34.0,36.0,243,648,1000.0
98,pohang__1khz_50ns_20deci_2m_UTC+0900_DST0_20190527_202559.387,pohang,pohang,pohang,unlabel,2,/home/ted1204/MS_Detection_Datamaker/MS_datamaker_PH/data/unlabel/1khz_50ns_20deci_2m_UTC+0900_DST0_20190527_202559.387.tdms,1khz_50ns_20deci_2m_UTC+0900_DST0_20190527_202559.387.tdms,1khz_50ns_20deci_2m_UTC+0900_DST0_20190527_202559.387,35.0,37.0,243,648,1000.0
99,pohang__1khz_50ns_20deci_2m_UTC+0900_DST0_20190527_202559.387,pohang,pohang,pohang,unlabel,2,/home/ted1204/MS_Detection_Datamaker/MS_datamaker_PH/data/unlabel/1khz_50ns_20deci_2m_UTC+0900_DST0_20190527_202559.387.tdms,1khz_50ns_20deci_2m_UTC+0900_DST0_20190527_202559.387.tdms,1khz_50ns_20deci_2m_UTC+0900_DST0_20190527_202559.387,36.0,38.0,243,648,1000.0
100,pohang__1khz_50ns_20deci_2m_UTC+0900_DST0_20190527_202559.387,pohang,pohang,pohang,unlabel,2,/home/ted1204/MS_Detection_Datamaker/MS_datamaker_PH/data/unlabel/1khz_50ns_20deci_2m_UTC+0900_DST0_20190527_202559.387.tdms,1khz_50ns_20deci_2m_UTC+0900_DST0_20190527_202559.387.tdms,1khz_50ns_20deci_2m_UTC+0900_DST0_20190527_202559.387,38.0,40.0,243,648,1000.0
101,pohang__1khz_50ns_20deci_2m_UTC+0900_DST0_20190527_202559.387,pohang,pohang,pohang,unlabel,2,/home/ted1204/MS_Detection_Datamaker/MS_datamaker_PH/data/unlabel/1khz_50ns_20deci_2m_UTC+0900_DST0_20190527_202559.387.tdms,1khz_50ns_20deci_2m_UTC+0900_DST0_20190527_202559.387.tdms,1khz_50ns_20deci_2m_UTC+0900_DST0_20190527_202559.387,43.0,45.0,243,648,1000.0
102,pohang__1khz_50ns_20deci_2m_UTC+0900_DST0_20190527_202559.387,pohang,pohang,pohang,unlabel,2,/home/ted1204/MS_Detection_Datamaker/MS_datamaker_PH/data/unlabel/1khz_50ns_20deci_2m_UTC+0900_DST0_20190527_202559.387.tdms,1khz_50ns_20deci_2m_UTC+0900_DST0_20190527_202559.387.tdms,1khz_50ns_20deci_2m_UTC+0900_DST0_20190527_202559.387,45.0,47.0,243,648,1000.0
103,pohang__1khz_50ns_20deci_2m_UTC+0900_DST0_20190527_202559.387,pohang,pohang,pohang,unlabel,2,/home/ted1204/MS_Detection_Datamaker/MS_datamaker_PH/data/unlabel/1khz_50ns_20deci_2m_UTC+0900_DST0_20190527_202559.387.tdms,1khz_50ns_20deci_2m_UTC+0900_DST0_20190527_202559.387.tdms,1khz_50ns_20deci_2m_UTC+0900_DST0_20190527_202559.387,47.0,49.0,243,648,1000.0
104,pohang__1khz_50ns_20deci_2m_UTC+0900_DST0_20190527_202559.387,pohang,pohang,pohang,unlabel,2,/home/ted1204/MS_Detection_Datamaker/MS_datamaker_PH/data/unlabel/1khz_50ns_20deci_2m_UTC+0900_DST0_20190527_202559.387.tdms,1khz_50ns_20deci_2m_UTC+0900_DST0_20190527_202559.387.tdms,1khz_50ns_20deci_2m_UTC+0900_DST0_20190527_202559.387,48.0,50.0,243,648,1000.0
105,pohang__1khz_50ns_20deci_2m_UTC+0900_DST0_20190528_003259.387,pohang,pohang,pohang,unlabel,2,/home/ted1204/MS_Detection_Datamaker/MS_datamaker_PH/data/unlabel/1khz_50ns_20deci_2m_UTC+0900_DST0_20190528_003259.387.tdms,1khz_50ns_20deci_2m_UTC+0900_DST0_20190528_003259.387.tdms,1khz_50ns_20deci_2m_UTC+0900_DST0_20190528_003259.387,2.0,4.0,243,648,1000.0
106,pohang__1khz_50ns_20deci_2m_UTC+0900_DST0_20190528_003259.387,pohang,pohang,pohang,unlabel,2,/home/ted1204/MS_Detection_Datamaker/MS_datamaker_PH/data/unlabel/1khz_50ns_20deci_2m_UTC+0900_DST0_20190528_003259.387.tdms,1khz_50ns_20deci_2m_UTC+0900_DST0_20190528_003259.387.tdms,1khz_50ns_20deci_2m_UTC+0900_DST0_20190528_003259.387,7.0,9.0,243,648,1000.0
107,pohang__1khz_50ns_20deci_2m_UTC+0900_DST0_20190528_003259.387,pohang,pohang,pohang,unlabel,2,/home/ted1204/MS_Detection_Datamaker/MS_datamaker_PH/data/unlabel/1khz_50ns_20deci_2m_UTC+0900_DST0_20190528_003259.387.tdms,1khz_50ns_20deci_2m_UTC+0900_DST0_20190528_003259.387.tdms,1khz_50ns_20deci_2m_UTC+0900_DST0_20190528_003259.387,20.0,22.0,243,648,1000.0
108,pohang__1khz_50ns_20deci_2m_UTC+0900_DST0_20190528_003259.387,pohang,pohang,pohang,unlabel,2,/home/ted1204/MS_Detection_Datamaker/MS_datamaker_PH/data/unlabel/1khz_50ns_20deci_2m_UTC+0900_DST0_20190528_003259.387.tdms,1khz_50ns_20deci_2m_UTC+0900_DST0_20190528_003259.387.tdms,1khz_50ns_20deci_2m_UTC+0900_DST0_20190528_003259.387,24.0,26.0,243,648,1000.0
109,pohang__1khz_50ns_20deci_2m_UTC+0900_DST0_20190528_003259.387,pohang,pohang,pohang,unlabel,2,/home/ted1204/MS_Detection_Datamaker/MS_datamaker_PH/data/unlabel/1khz_50ns_20deci_2m_UTC+0900_DST0_20190528_003259.387.tdms,1khz_50ns_20deci_2m_UTC+0900_DST0_20190528_003259.387.tdms,1khz_50ns_20deci_2m_UTC+0900_DST0_20190528_003259.387,25.0,27.0,243,648,1000.0
110,pohang__1khz_50ns_20deci_2m_UTC+0900_DST0_20190528_003259.387,pohang,pohang,pohang,unlabel,2,/home/ted1204/MS_Detection_Datamaker/MS_datamaker_PH/data/unlabel/1khz_50ns_20deci_2m_UTC+0900_DST0_20190528_003259.387.tdms,1khz_50ns_20deci_2m_UTC+0900_DST0_20190528_003259.387.tdms,1khz_50ns_20deci_2m_UTC+0900_DST0_20190528_003259.387,27.0,29.0,243,648,1000.0
111,pohang__1khz_50ns_20deci_2m_UTC+0900_DST0_20190528_003259.387,pohang,pohang,pohang,unlabel,2,/home/ted1204/MS_Detection_Datamaker/MS_datamaker_PH/data/unlabel/1khz_50ns_20deci_2m_UTC+0900_DST0_20190528_003259.387.tdms,1khz_50ns_20deci_2m_UTC+0900_DST0_20190528_003259.387.tdms,1khz_50ns_20deci_2m_UTC+0900_DST0_20190528_003259.387,30.0,32.0,243,648,1000.0
112,pohang__1khz_50ns_20deci_2m_UTC+0900_DST0_20190528_003259.387,pohang,pohang,pohang,unlabel,2,/home/ted1204/MS_Detection_Datamaker/MS_datamaker_PH/data/unlabel/1khz_50ns_20deci_2m_UTC+0900_DST0_20190528_003259.387.tdms,1khz_50ns_20deci_2m_UTC+0900_DST0_20190528_003259.387.tdms,1khz_50ns_20deci_2m_UTC+0900_DST0_20190528_003259.387,31.0,33.0,243,648,1000.0
113,pohang__1khz_50ns_20deci_2m_UTC+0900_DST0_20190528_003259.387,pohang,pohang,pohang,unlabel,2,/home/ted1204/MS_Detection_Datamaker/MS_datamaker_PH/data/unlabel/1khz_50ns_20deci_2m_UTC+0900_DST0_20190528_003259.387.tdms,1khz_50ns_20deci_2m_UTC+0900_DST0_20190528_003259.387.tdms,1khz_50ns_20deci_2m_UTC+0900_DST0_20190528_003259.387,33.0,35.0,243,648,1000.0
114,pohang__1khz_50ns_20deci_2m_UTC+0900_DST0_20190528_003259.387,pohang,pohang,pohang,unlabel,2,/home/ted1204/MS_Detection_Datamaker/MS_datamaker_PH/data/unlabel/1khz_50ns_20deci_2m_UTC+0900_DST0_20190528_003259.387.tdms,1khz_50ns_20deci_2m_UTC+0900_DST0_20190528_003259.387.tdms,1khz_50ns_20deci_2m_UTC+0900_DST0_20190528_003259.387,35.0,37.0,243,648,1000.0
115,pohang__1khz_50ns_20deci_2m_UTC+0900_DST0_20190528_003259.387,pohang,pohang,pohang,unlabel,2,/home/ted1204/MS_Detection_Datamaker/MS_datamaker_PH/data/unlabel/1khz_50ns_20deci_2m_UTC+0900_DST0_20190528_003259.387.tdms,1khz_50ns_20deci_2m_UTC+0900_DST0_20190528_003259.387.tdms,1khz_50ns_20deci_2m_UTC+0900_DST0_20190528_003259.387,38.0,40.0,243,648,1000.0
116,pohang__1khz_50ns_20deci_2m_UTC+0900_DST0_20190528_003259.387,pohang,pohang,pohang,unlabel,2,/home/ted1204/MS_Detection_Datamaker/MS_datamaker_PH/data/unlabel/1khz_50ns_20deci_2m_UTC+0900_DST0_20190528_003259.387.tdms,1khz_50ns_20deci_2m_UTC+0900_DST0_20190528_003259.387.tdms,1khz_50ns_20deci_2m_UTC+0900_DST0_20190528_003259.387,43.0,45.0,243,648,1000.0
117,pohang__1khz_50ns_20deci_2m_UTC+0900_DST0_20190528_003259.387,pohang,pohang,pohang,unlabel,2,/home/ted1204/MS_Detection_Datamaker/MS_datamaker_PH/data/unlabel/1khz_50ns_20deci_2m_UTC+0900_DST0_20190528_003259.387.tdms,1khz_50ns_20deci_2m_UTC+0900_DST0_20190528_003259.387.tdms,1khz_50ns_20deci_2m_UTC+0900_DST0_20190528_003259.387,44.0,46.0,243,648,1000.0
118,pohang__1khz_50ns_20deci_2m_UTC+0900_DST0_20190528_003259.387,pohang,pohang,pohang,unlabel,2,/home/ted1204/MS_Detection_Datamaker/MS_datamaker_PH/data/unlabel/1khz_50ns_20deci_2m_UTC+0900_DST0_20190528_003259.387.tdms,1khz_50ns_20deci_2m_UTC+0900_DST0_20190528_003259.387.tdms,1khz_50ns_20deci_2m_UTC+0900_DST0_20190528_003259.387,49.0,51.0,243,648,1000.0
119,pohang__1khz_50ns_20deci_2m_UTC+0900_DST0_20190528_003259.387,pohang,pohang,pohang,unlabel,2,/home/ted1204/MS_Detection_Datamaker/MS_datamaker_PH/data/unlabel/1khz_50ns_20deci_2m_UTC+0900_DST0_20190528_003259.387.tdms,1khz_50ns_20deci_2m_UTC+0900_DST0_20190528_003259.387.tdms,1khz_50ns_20deci_2m_UTC+0900_DST0_20190528_003259.387,54.0,56.0,243,648,1000.0
120,pohang__1khz_50ns_20deci_2m_UTC+0900_DST0_20190529_042659.387,pohang,pohang,pohang,unlabel,2,/home/ted1204/MS_Detection_Datamaker/MS_datamaker_PH/data/unlabel/1khz_50ns_20deci_2m_UTC+0900_DST0_20190529_042659.387.tdms,1khz_50ns_20deci_2m_UTC+0900_DST0_20190529_042659.387.tdms,1khz_50ns_20deci_2m_UTC+0900_DST0_20190529_042659.387,1.0,3.0,243,648,1000.0
121,pohang__1khz_50ns_20deci_2m_UTC+0900_DST0_20190529_042659.387,pohang,pohang,pohang,unlabel,2,/home/ted1204/MS_Detection_Datamaker/MS_datamaker_PH/data/unlabel/1khz_50ns_20deci_2m_UTC+0900_DST0_20190529_042659.387.tdms,1khz_50ns_20deci_2m_UTC+0900_DST0_20190529_042659.387.tdms,1khz_50ns_20deci_2m_UTC+0900_DST0_20190529_042659.387,4.0,6.0,243,648,1000.0
122,pohang__1khz_50ns_20deci_2m_UTC+0900_DST0_20190529_042659.387,pohang,pohang,pohang,unlabel,2,/home/ted1204/MS_Detection_Datamaker/MS_datamaker_PH/data/unlabel/1khz_50ns_20deci_2m_UTC+0900_DST0_20190529_042659.387.tdms,1khz_50ns_20deci_2m_UTC+0900_DST0_20190529_042659.387.tdms,1khz_50ns_20deci_2m_UTC+0900_DST0_20190529_042659.387,8.0,10.0,243,648,1000.0
123,pohang__1khz_50ns_20deci_2m_UTC+0900_DST0_20190529_042659.387,pohang,pohang,pohang,unlabel,2,/home/ted1204/MS_Detection_Datamaker/MS_datamaker_PH/data/unlabel/1khz_50ns_20deci_2m_UTC+0900_DST0_20190529_042659.387.tdms,1khz_50ns_20deci_2m_UTC+0900_DST0_20190529_042659.387.tdms,1khz_50ns_20deci_2m_UTC+0900_DST0_20190529_042659.387,9.0,11.0,243,648,1000.0
124,pohang__1khz_50ns_20deci_2m_UTC+0900_DST0_20190529_042659.387,pohang,pohang,pohang,unlabel,2,/home/ted1204/MS_Detection_Datamaker/MS_datamaker_PH/data/unlabel/1khz_50ns_20deci_2m_UTC+0900_DST0_20190529_042659.387.tdms,1khz_50ns_20deci_2m_UTC+0900_DST0_20190529_042659.387.tdms,1khz_50ns_20deci_2m_UTC+0900_DST0_20190529_042659.387,14.0,16.0,243,648,1000.0
125,pohang__1khz_50ns_20deci_2m_UTC+0900_DST0_20190529_042659.387,pohang,pohang,pohang,unlabel,2,/home/ted1204/MS_Detection_Datamaker/MS_datamaker_PH/data/unlabel/1khz_50ns_20deci_2m_UTC+0900_DST0_20190529_042659.387.tdms,1khz_50ns_20deci_2m_UTC+0900_DST0_20190529_042659.387.tdms,1khz_50ns_20deci_2m_UTC+0900_DST0_20190529_042659.387,26.0,28.0,243,648,1000.0
126,pohang__1khz_50ns_20deci_2m_UTC+0900_DST0_20190529_042659.387,pohang,pohang,pohang,unlabel,2,/home/ted1204/MS_Detection_Datamaker/MS_datamaker_PH/data/unlabel/1khz_50ns_20deci_2m_UTC+0900_DST0_20190529_042659.387.tdms,1khz_50ns_20deci_2m_UTC+0900_DST0_20190529_042659.387.tdms,1khz_50ns_20deci_2m_UTC+0900_DST0_20190529_042659.387,29.0,31.0,243,648,1000.0
127,pohang__1khz_50ns_20deci_2m_UTC+0900_DST0_20190529_042659.387,pohang,pohang,pohang,unlabel,2,/home/ted1204/MS_Detection_Datamaker/MS_datamaker_PH/data/unlabel/1khz_50ns_20deci_2m_UTC+0900_DST0_20190529_042659.387.tdms,1khz_50ns_20deci_2m_UTC+0900_DST0_20190529_042659.387.tdms,1khz_50ns_20deci_2m_UTC+0900_DST0_20190529_042659.387,38.0,40.0,243,648,1000.0
128,pohang__1khz_50ns_20deci_2m_UTC+0900_DST0_20190529_042659.387,pohang,pohang,pohang,unlabel,2,/home/ted1204/MS_Detection_Datamaker/MS_datamaker_PH/data/unlabel/1khz_50ns_20deci_2m_UTC+0900_DST0_20190529_042659.387.tdms,1khz_50ns_20deci_2m_UTC+0900_DST0_20190529_042659.387.tdms,1khz_50ns_20deci_2m_UTC+0900_DST0_20190529_042659.387,39.0,41.0,243,648,1000.0
129,pohang__1khz_50ns_20deci_2m_UTC+0900_DST0_20190529_042659.387,pohang,pohang,pohang,unlabel,2,/home/ted1204/MS_Detection_Datamaker/MS_datamaker_PH/data/unlabel/1khz_50ns_20deci_2m_UTC+0900_DST0_20190529_042659.387.tdms,1khz_50ns_20deci_2m_UTC+0900_DST0_20190529_042659.387.tdms,1khz_50ns_20deci_2m_UTC+0900_DST0_20190529_042659.387,40.0,42.0,243,648,1000.0
130,pohang__1khz_50ns_20deci_2m_UTC+0900_DST0_20190529_042659.387,pohang,pohang,pohang,unlabel,2,/home/ted1204/MS_Detection_Datamaker/MS_datamaker_PH/data/unlabel/1khz_50ns_20deci_2m_UTC+0900_DST0_20190529_042659.387.tdms,1khz_50ns_20deci_2m_UTC+0900_DST0_20190529_042659.387.tdms,1khz_50ns_20deci_2m_UTC+0900_DST0_20190529_042659.387,48.0,50.0,243,648,1000.0
131,pohang__1khz_50ns_20deci_2m_UTC+0900_DST0_20190529_042659.387,pohang,pohang,pohang,unlabel,2,/home/ted1204/MS_Detection_Datamaker/MS_datamaker_PH/data/unlabel/1khz_50ns_20deci_2m_UTC+0900_DST0_20190529_042659.387.tdms,1khz_50ns_20deci_2m_UTC+0900_DST0_20190529_042659.387.tdms,1khz_50ns_20deci_2m_UTC+0900_DST0_20190529_042659.387,53.0,55.0,243,648,1000.0
132,pohang__1khz_50ns_20deci_2m_UTC+0900_DST0_20190529_042659.387,pohang,pohang,pohang,unlabel,2,/home/ted1204/MS_Detection_Datamaker/MS_datamaker_PH/data/unlabel/1khz_50ns_20deci_2m_UTC+0900_DST0_20190529_042659.387.tdms,1khz_50ns_20deci_2m_UTC+0900_DST0_20190529_042659.387.tdms,1khz_50ns_20deci_2m_UTC+0900_DST0_20190529_042659.387,55.0,57.0,243,648,1000.0
133,pohang__1khz_50ns_20deci_2m_UTC+0900_DST0_20190529_042659.387,pohang,pohang,pohang,unlabel,2,/home/ted1204/MS_Detection_Datamaker/MS_datamaker_PH/data/unlabel/1khz_50ns_20deci_2m_UTC+0900_DST0_20190529_042659.387.tdms,1khz_50ns_20deci_2m_UTC+0900_DST0_20190529_042659.387.tdms,1khz_50ns_20deci_2m_UTC+0900_DST0_20190529_042659.387,56.0,58.0,243,648,1000.0
134,pohang__1khz_50ns_20deci_2m_UTC+0900_DST0_20190529_042659.387,pohang,pohang,pohang,unlabel,2,/home/ted1204/MS_Detection_Datamaker/MS_datamaker_PH/data/unlabel/1khz_50ns_20deci_2m_UTC+0900_DST0_20190529_042659.387.tdms,1khz_50ns_20deci_2m_UTC+0900_DST0_20190529_042659.387.tdms,1khz_50ns_20deci_2m_UTC+0900_DST0_20190529_042659.387,58.0,60.0,243,648,1000.0
135,pohang__1khz_50ns_20deci_2m_UTC+0900_DST0_20190530_050959.387,pohang,pohang,pohang,unlabel,2,/home/ted1204/MS_Detection_Datamaker/MS_datamaker_PH/data/unlabel/1khz_50ns_20deci_2m_UTC+0900_DST0_20190530_050959.387.tdms,1khz_50ns_20deci_2m_UTC+0900_DST0_20190530_050959.387.tdms,1khz_50ns_20deci_2m_UTC+0900_DST0_20190530_050959.387,0.0,2.0,243,648,1000.0
136,pohang__1khz_50ns_20deci_2m_UTC+0900_DST0_20190530_050959.387,pohang,pohang,pohang,unlabel,2,/home/ted1204/MS_Detection_Datamaker/MS_datamaker_PH/data/unlabel/1khz_50ns_20deci_2m_UTC+0900_DST0_20190530_050959.387.tdms,1khz_50ns_20deci_2m_UTC+0900_DST0_20190530_050959.387.tdms,1khz_50ns_20deci_2m_UTC+0900_DST0_20190530_050959.387,3.0,5.0,243,648,1000.0
137,pohang__1khz_50ns_20deci_2m_UTC+0900_DST0_20190530_050959.387,pohang,pohang,pohang,unlabel,2,/home/ted1204/MS_Detection_Datamaker/MS_datamaker_PH/data/unlabel/1khz_50ns_20deci_2m_UTC+0900_DST0_20190530_050959.387.tdms,1khz_50ns_20deci_2m_UTC+0900_DST0_20190530_050959.387.tdms,1khz_50ns_20deci_2m_UTC+0900_DST0_20190530_050959.387,5.0,7.0,243,648,1000.0
138,pohang__1khz_50ns_20deci_2m_UTC+0900_DST0_20190530_050959.387,pohang,pohang,pohang,unlabel,2,/home/ted1204/MS_Detection_Datamaker/MS_datamaker_PH/data/unlabel/1khz_50ns_20deci_2m_UTC+0900_DST0_20190530_050959.387.tdms,1khz_50ns_20deci_2m_UTC+0900_DST0_20190530_050959.387.tdms,1khz_50ns_20deci_2m_UTC+0900_DST0_20190530_050959.387,6.0,8.0,243,648,1000.0
139,pohang__1khz_50ns_20deci_2m_UTC+0900_DST0_20190530_050959.387,pohang,pohang,pohang,unlabel,2,/home/ted1204/MS_Detection_Datamaker/MS_datamaker_PH/data/unlabel/1khz_50ns_20deci_2m_UTC+0900_DST0_20190530_050959.387.tdms,1khz_50ns_20deci_2m_UTC+0900_DST0_20190530_050959.387.tdms,1khz_50ns_20deci_2m_UTC+0900_DST0_20190530_050959.387,8.0,10.0,243,648,1000.0
140,pohang__1khz_50ns_20deci_2m_UTC+0900_DST0_20190530_050959.387,pohang,pohang,pohang,unlabel,2,/home/ted1204/MS_Detection_Datamaker/MS_datamaker_PH/data/unlabel/1khz_50ns_20deci_2m_UTC+0900_DST0_20190530_050959.387.tdms,1khz_50ns_20deci_2m_UTC+0900_DST0_20190530_050959.387.tdms,1khz_50ns_20deci_2m_UTC+0900_DST0_20190530_050959.387,12.0,14.0,243,648,1000.0
141,pohang__1khz_50ns_20deci_2m_UTC+0900_DST0_20190530_050959.387,pohang,pohang,pohang,unlabel,2,/home/ted1204/MS_Detection_Datamaker/MS_datamaker_PH/data/unlabel/1khz_50ns_20deci_2m_UTC+0900_DST0_20190530_050959.387.tdms,1khz_50ns_20deci_2m_UTC+0900_DST0_20190530_050959.387.tdms,1khz_50ns_20deci_2m_UTC+0900_DST0_20190530_050959.387,13.0,15.0,243,648,1000.0
142,pohang__1khz_50ns_20deci_2m_UTC+0900_DST0_20190530_050959.387,pohang,pohang,pohang,unlabel,2,/home/ted1204/MS_Detection_Datamaker/MS_datamaker_PH/data/unlabel/1khz_50ns_20deci_2m_UTC+0900_DST0_20190530_050959.387.tdms,1khz_50ns_20deci_2m_UTC+0900_DST0_20190530_050959.387.tdms,1khz_50ns_20deci_2m_UTC+0900_DST0_20190530_050959.387,14.0,16.0,243,648,1000.0
143,pohang__1khz_50ns_20deci_2m_UTC+0900_DST0_20190530_050959.387,pohang,pohang,pohang,unlabel,2,/home/ted1204/MS_Detection_Datamaker/MS_datamaker_PH/data/unlabel/1khz_50ns_20deci_2m_UTC+0900_DST0_20190530_050959.387.tdms,1khz_50ns_20deci_2m_UTC+0900_DST0_20190530_050959.387.tdms,1khz_50ns_20deci_2m_UTC+0900_DST0_20190530_050959.387,21.0,23.0,243,648,1000.0
144,pohang__1khz_50ns_20deci_2m_UTC+0900_DST0_20190530_050959.387,pohang,pohang,pohang,unlabel,2,/home/ted1204/MS_Detection_Datamaker/MS_datamaker_PH/data/unlabel/1khz_50ns_20deci_2m_UTC+0900_DST0_20190530_050959.387.tdms,1khz_50ns_20deci_2m_UTC+0900_DST0_20190530_050959.387.tdms,1khz_50ns_20deci_2m_UTC+0900_DST0_20190530_050959.387,40.0,42.0,243,648,1000.0
145,pohang__1khz_50ns_20deci_2m_UTC+0900_DST0_20190530_050959.387,pohang,pohang,pohang,unlabel,2,/home/ted1204/MS_Detection_Datamaker/MS_datamaker_PH/data/unlabel/1khz_50ns_20deci_2m_UTC+0900_DST0_20190530_050959.387.tdms,1khz_50ns_20deci_2m_UTC+0900_DST0_20190530_050959.387.tdms,1khz_50ns_20deci_2m_UTC+0900_DST0_20190530_050959.387,46.0,48.0,243,648,1000.0
146,pohang__1khz_50ns_20deci_2m_UTC+0900_DST0_20190530_050959.387,pohang,pohang,pohang,unlabel,2,/home/ted1204/MS_Detection_Datamaker/MS_datamaker_PH/data/unlabel/1khz_50ns_20deci_2m_UTC+0900_DST0_20190530_050959.387.tdms,1khz_50ns_20deci_2m_UTC+0900_DST0_20190530_050959.387.tdms,1khz_50ns_20deci_2m_UTC+0900_DST0_20190530_050959.387,53.0,55.0,243,648,1000.0
147,pohang__1khz_50ns_20deci_2m_UTC+0900_DST0_20190530_050959.387,pohang,pohang,pohang,unlabel,2,/home/ted1204/MS_Detection_Datamaker/MS_datamaker_PH/data/unlabel/1khz_50ns_20deci_2m_UTC+0900_DST0_20190530_050959.387.tdms,1khz_50ns_20deci_2m_UTC+0900_DST0_20190530_050959.387.tdms,1khz_50ns_20deci_2m_UTC+0900_DST0_20190530_050959.387,54.0,56.0,243,648,1000.0
148,pohang__1khz_50ns_20deci_2m_UTC+0900_DST0_20190530_050959.387,pohang,pohang,pohang,unlabel,2,/home/ted1204/MS_Detection_Datamaker/MS_datamaker_PH/data/unlabel/1khz_50ns_20deci_2m_UTC+0900_DST0_20190530_050959.387.tdms,1khz_50ns_20deci_2m_UTC+0900_DST0_20190530_050959.387.tdms,1khz_50ns_20deci_2m_UTC+0900_DST0_20190530_050959.387,55.0,57.0,243,648,1000.0
149,pohang__1khz_50ns_20deci_2m_UTC+0900_DST0_20190530_050959.387,pohang,pohang,pohang,unlabel,2,/home/ted1204/MS_Detection_Datamaker/MS_datamaker_PH/data/unlabel/1khz_50ns_20deci_2m_UTC+0900_DST0_20190530_050959.387.tdms,1khz_50ns_20deci_2m_UTC+0900_DST0_20190530_050959.387.tdms,1khz_50ns_20deci_2m_UTC+0900_DST0_20190530_050959.387,56.0,58.0,243,648,1000.0
150,pohang__1khz_50ns_20deci_2m_UTC+0900_DST0_20190601_033459.387,pohang,pohang,pohang,unlabel,2,/home/ted1204/MS_Detection_Datamaker/MS_datamaker_PH/data/unlabel/1khz_50ns_20deci_2m_UTC+0900_DST0_20190601_033459.387.tdms,1khz_50ns_20deci_2m_UTC+0900_DST0_20190601_033459.387.tdms,1khz_50ns_20deci_2m_UTC+0900_DST0_20190601_033459.387,2.0,4.0,243,648,1000.0
151,pohang__1khz_50ns_20deci_2m_UTC+0900_DST0_20190601_033459.387,pohang,pohang,pohang,unlabel,2,/home/ted1204/MS_Detection_Datamaker/MS_datamaker_PH/data/unlabel/1khz_50ns_20deci_2m_UTC+0900_DST0_20190601_033459.387.tdms,1khz_50ns_20deci_2m_UTC+0900_DST0_20190601_033459.387.tdms,1khz_50ns_20deci_2m_UTC+0900_DST0_20190601_033459.387,6.0,8.0,243,648,1000.0
152,pohang__1khz_50ns_20deci_2m_UTC+0900_DST0_20190601_033459.387,pohang,pohang,pohang,unlabel,2,/home/ted1204/MS_Detection_Datamaker/MS_datamaker_PH/data/unlabel/1khz_50ns_20deci_2m_UTC+0900_DST0_20190601_033459.387.tdms,1khz_50ns_20deci_2m_UTC+0900_DST0_20190601_033459.387.tdms,1khz_50ns_20deci_2m_UTC+0900_DST0_20190601_033459.387,11.0,13.0,243,648,1000.0
153,pohang__1khz_50ns_20deci_2m_UTC+0900_DST0_20190601_033459.387,pohang,pohang,pohang,unlabel,2,/home/ted1204/MS_Detection_Datamaker/MS_datamaker_PH/data/unlabel/1khz_50ns_20deci_2m_UTC+0900_DST0_20190601_033459.387.tdms,1khz_50ns_20deci_2m_UTC+0900_DST0_20190601_033459.387.tdms,1khz_50ns_20deci_2m_UTC+0900_DST0_20190601_033459.387,12.0,14.0,243,648,1000.0
154,pohang__1khz_50ns_20deci_2m_UTC+0900_DST0_20190601_033459.387,pohang,pohang,pohang,unlabel,2,/home/ted1204/MS_Detection_Datamaker/MS_datamaker_PH/data/unlabel/1khz_50ns_20deci_2m_UTC+0900_DST0_20190601_033459.387.tdms,1khz_50ns_20deci_2m_UTC+0900_DST0_20190601_033459.387.tdms,1khz_50ns_20deci_2m_UTC+0900_DST0_20190601_033459.387,17.0,19.0,243,648,1000.0
155,pohang__1khz_50ns_20deci_2m_UTC+0900_DST0_20190601_033459.387,pohang,pohang,pohang,unlabel,2,/home/ted1204/MS_Detection_Datamaker/MS_datamaker_PH/data/unlabel/1khz_50ns_20deci_2m_UTC+0900_DST0_20190601_033459.387.tdms,1khz_50ns_20deci_2m_UTC+0900_DST0_20190601_033459.387.tdms,1khz_50ns_20deci_2m_UTC+0900_DST0_20190601_033459.387,19.0,21.0,243,648,1000.0
156,pohang__1khz_50ns_20deci_2m_UTC+0900_DST0_20190601_033459.387,pohang,pohang,pohang,unlabel,2,/home/ted1204/MS_Detection_Datamaker/MS_datamaker_PH/data/unlabel/1khz_50ns_20deci_2m_UTC+0900_DST0_20190601_033459.387.tdms,1khz_50ns_20deci_2m_UTC+0900_DST0_20190601_033459.387.tdms,1khz_50ns_20deci_2m_UTC+0900_DST0_20190601_033459.387,21.0,23.0,243,648,1000.0
157,pohang__1khz_50ns_20deci_2m_UTC+0900_DST0_20190601_033459.387,pohang,pohang,pohang,unlabel,2,/home/ted1204/MS_Detection_Datamaker/MS_datamaker_PH/data/unlabel/1khz_50ns_20deci_2m_UTC+0900_DST0_20190601_033459.387.tdms,1khz_50ns_20deci_2m_UTC+0900_DST0_20190601_033459.387.tdms,1khz_50ns_20deci_2m_UTC+0900_DST0_20190601_033459.387,24.0,26.0,243,648,1000.0
158,pohang__1khz_50ns_20deci_2m_UTC+0900_DST0_20190601_033459.387,pohang,pohang,pohang,unlabel,2,/home/ted1204/MS_Detection_Datamaker/MS_datamaker_PH/data/unlabel/1khz_50ns_20deci_2m_UTC+0900_DST0_20190601_033459.387.tdms,1khz_50ns_20deci_2m_UTC+0900_DST0_20190601_033459.387.tdms,1khz_50ns_20deci_2m_UTC+0900_DST0_20190601_033459.387,27.0,29.0,243,648,1000.0
159,pohang__1khz_50ns_20deci_2m_UTC+0900_DST0_20190601_033459.387,pohang,pohang,pohang,unlabel,2,/home/ted1204/MS_Detection_Datamaker/MS_datamaker_PH/data/unlabel/1khz_50ns_20deci_2m_UTC+0900_DST0_20190601_033459.387.tdms,1khz_50ns_20deci_2m_UTC+0900_DST0_20190601_033459.387.tdms,1khz_50ns_20deci_2m_UTC+0900_DST0_20190601_033459.387,28.0,30.0,243,648,1000.0
160,pohang__1khz_50ns_20deci_2m_UTC+0900_DST0_20190601_033459.387,pohang,pohang,pohang,unlabel,2,/home/ted1204/MS_Detection_Datamaker/MS_datamaker_PH/data/unlabel/1khz_50ns_20deci_2m_UTC+0900_DST0_20190601_033459.387.tdms,1khz_50ns_20deci_2m_UTC+0900_DST0_20190601_033459.387.tdms,1khz_50ns_20deci_2m_UTC+0900_DST0_20190601_033459.387,29.0,31.0,243,648,1000.0
161,pohang__1khz_50ns_20deci_2m_UTC+0900_DST0_20190601_033459.387,pohang,pohang,pohang,unlabel,2,/home/ted1204/MS_Detection_Datamaker/MS_datamaker_PH/data/unlabel/1khz_50ns_20deci_2m_UTC+0900_DST0_20190601_033459.387.tdms,1khz_50ns_20deci_2m_UTC+0900_DST0_20190601_033459.387.tdms,1khz_50ns_20deci_2m_UTC+0900_DST0_20190601_033459.387,35.0,37.0,243,648,1000.0
162,pohang__1khz_50ns_20deci_2m_UTC+0900_DST0_20190601_033459.387,pohang,pohang,pohang,unlabel,2,/home/ted1204/MS_Detection_Datamaker/MS_datamaker_PH/data/unlabel/1khz_50ns_20deci_2m_UTC+0900_DST0_20190601_033459.387.tdms,1khz_50ns_20deci_2m_UTC+0900_DST0_20190601_033459.387.tdms,1khz_50ns_20deci_2m_UTC+0900_DST0_20190601_033459.387,40.0,42.0,243,648,1000.0
163,pohang__1khz_50ns_20deci_2m_UTC+0900_DST0_20190601_033459.387,pohang,pohang,pohang,unlabel,2,/home/ted1204/MS_Detection_Datamaker/MS_datamaker_PH/data/unlabel/1khz_50ns_20deci_2m_UTC+0900_DST0_20190601_033459.387.tdms,1khz_50ns_20deci_2m_UTC+0900_DST0_20190601_033459.387.tdms,1khz_50ns_20deci_2m_UTC+0900_DST0_20190601_033459.387,44.0,46.0,243,648,1000.0
164,pohang__1khz_50ns_20deci_2m_UTC+0900_DST0_20190601_033459.387,pohang,pohang,pohang,unlabel,2,/home/ted1204/MS_Detection_Datamaker/MS_datamaker_PH/data/unlabel/1khz_50ns_20deci_2m_UTC+0900_DST0_20190601_033459.387.tdms,1khz_50ns_20deci_2m_UTC+0900_DST0_20190601_033459.387.tdms,1khz_50ns_20deci_2m_UTC+0900_DST0_20190601_033459.387,56.0,58.0,243,648,1000.0
165,pohang__1khz_50ns_20deci_2m_UTC+0900_DST0_20190602_021059.387,pohang,pohang,pohang,unlabel,2,/home/ted1204/MS_Detection_Datamaker/MS_datamaker_PH/data/unlabel/1khz_50ns_20deci_2m_UTC+0900_DST0_20190602_021059.387.tdms,1khz_50ns_20deci_2m_UTC+0900_DST0_20190602_021059.387.tdms,1khz_50ns_20deci_2m_UTC+0900_DST0_20190602_021059.387,5.0,7.0,243,648,1000.0
166,pohang__1khz_50ns_20deci_2m_UTC+0900_DST0_20190602_021059.387,pohang,pohang,pohang,unlabel,2,/home/ted1204/MS_Detection_Datamaker/MS_datamaker_PH/data/unlabel/1khz_50ns_20deci_2m_UTC+0900_DST0_20190602_021059.387.tdms,1khz_50ns_20deci_2m_UTC+0900_DST0_20190602_021059.387.tdms,1khz_50ns_20deci_2m_UTC+0900_DST0_20190602_021059.387,9.0,11.0,243,648,1000.0
167,pohang__1khz_50ns_20deci_2m_UTC+0900_DST0_20190602_021059.387,pohang,pohang,pohang,unlabel,2,/home/ted1204/MS_Detection_Datamaker/MS_datamaker_PH/data/unlabel/1khz_50ns_20deci_2m_UTC+0900_DST0_20190602_021059.387.tdms,1khz_50ns_20deci_2m_UTC+0900_DST0_20190602_021059.387.tdms,1khz_50ns_20deci_2m_UTC+0900_DST0_20190602_021059.387,11.0,13.0,243,648,1000.0
168,pohang__1khz_50ns_20deci_2m_UTC+0900_DST0_20190602_021059.387,pohang,pohang,pohang,unlabel,2,/home/ted1204/MS_Detection_Datamaker/MS_datamaker_PH/data/unlabel/1khz_50ns_20deci_2m_UTC+0900_DST0_20190602_021059.387.tdms,1khz_50ns_20deci_2m_UTC+0900_DST0_20190602_021059.387.tdms,1khz_50ns_20deci_2m_UTC+0900_DST0_20190602_021059.387,12.0,14.0,243,648,1000.0
169,pohang__1khz_50ns_20deci_2m_UTC+0900_DST0_20190602_021059.387,pohang,pohang,pohang,unlabel,2,/home/ted1204/MS_Detection_Datamaker/MS_datamaker_PH/data/unlabel/1khz_50ns_20deci_2m_UTC+0900_DST0_20190602_021059.387.tdms,1khz_50ns_20deci_2m_UTC+0900_DST0_20190602_021059.387.tdms,1khz_50ns_20deci_2m_UTC+0900_DST0_20190602_021059.387,22.0,24.0,243,648,1000.0
170,pohang__1khz_50ns_20deci_2m_UTC+0900_DST0_20190602_021059.387,pohang,pohang,pohang,unlabel,2,/home/ted1204/MS_Detection_Datamaker/MS_datamaker_PH/data/unlabel/1khz_50ns_20deci_2m_UTC+0900_DST0_20190602_021059.387.tdms,1khz_50ns_20deci_2m_UTC+0900_DST0_20190602_021059.387.tdms,1khz_50ns_20deci_2m_UTC+0900_DST0_20190602_021059.387,25.0,27.0,243,648,1000.0
171,pohang__1khz_50ns_20deci_2m_UTC+0900_DST0_20190602_021059.387,pohang,pohang,pohang,unlabel,2,/home/ted1204/MS_Detection_Datamaker/MS_datamaker_PH/data/unlabel/1khz_50ns_20deci_2m_UTC+0900_DST0_20190602_021059.387.tdms,1khz_50ns_20deci_2m_UTC+0900_DST0_20190602_021059.387.tdms,1khz_50ns_20deci_2m_UTC+0900_DST0_20190602_021059.387,26.0,28.0,243,648,1000.0
172,pohang__1khz_50ns_20deci_2m_UTC+0900_DST0_20190602_021059.387,pohang,pohang,pohang,unlabel,2,/home/ted1204/MS_Detection_Datamaker/MS_datamaker_PH/data/unlabel/1khz_50ns_20deci_2m_UTC+0900_DST0_20190602_021059.387.tdms,1khz_50ns_20deci_2m_UTC+0900_DST0_20190602_021059.387.tdms,1khz_50ns_20deci_2m_UTC+0900_DST0_20190602_021059.387,32.0,34.0,243,648,1000.0
173,pohang__1khz_50ns_20deci_2m_UTC+0900_DST0_20190602_021059.387,pohang,pohang,pohang,unlabel,2,/home/ted1204/MS_Detection_Datamaker/MS_datamaker_PH/data/unlabel/1khz_50ns_20deci_2m_UTC+0900_DST0_20190602_021059.387.tdms,1khz_50ns_20deci_2m_UTC+0900_DST0_20190602_021059.387.tdms,1khz_50ns_20deci_2m_UTC+0900_DST0_20190602_021059.387,39.0,41.0,243,648,1000.0
174,pohang__1khz_50ns_20deci_2m_UTC+0900_DST0_20190602_021059.387,pohang,pohang,pohang,unlabel,2,/home/ted1204/MS_Detection_Datamaker/MS_datamaker_PH/data/unlabel/1khz_50ns_20deci_2m_UTC+0900_DST0_20190602_021059.387.tdms,1khz_50ns_20deci_2m_UTC+0900_DST0_20190602_021059.387.tdms,1khz_50ns_20deci_2m_UTC+0900_DST0_20190602_021059.387,41.0,43.0,243,648,1000.0
175,pohang__1khz_50ns_20deci_2m_UTC+0900_DST0_20190602_021059.387,pohang,pohang,pohang,unlabel,2,/home/ted1204/MS_Detection_Datamaker/MS_datamaker_PH/data/unlabel/1khz_50ns_20deci_2m_UTC+0900_DST0_20190602_021059.387.tdms,1khz_50ns_20deci_2m_UTC+0900_DST0_20190602_021059.387.tdms,1khz_50ns_20deci_2m_UTC+0900_DST0_20190602_021059.387,45.0,47.0,243,648,1000.0
176,pohang__1khz_50ns_20deci_2m_UTC+0900_DST0_20190602_021059.387,pohang,pohang,pohang,unlabel,2,/home/ted1204/MS_Detection_Datamaker/MS_datamaker_PH/data/unlabel/1khz_50ns_20deci_2m_UTC+0900_DST0_20190602_021059.387.tdms,1khz_50ns_20deci_2m_UTC+0900_DST0_20190602_021059.387.tdms,1khz_50ns_20deci_2m_UTC+0900_DST0_20190602_021059.387,47.0,49.0,243,648,1000.0
177,pohang__1khz_50ns_20deci_2m_UTC+0900_DST0_20190602_021059.387,pohang,pohang,pohang,unlabel,2,/home/ted1204/MS_Detection_Datamaker/MS_datamaker_PH/data/unlabel/1khz_50ns_20deci_2m_UTC+0900_DST0_20190602_021059.387.tdms,1khz_50ns_20deci_2m_UTC+0900_DST0_20190602_021059.387.tdms,1khz_50ns_20deci_2m_UTC+0900_DST0_20190602_021059.387,51.0,53.0,243,648,1000.0
178,pohang__1khz_50ns_20deci_2m_UTC+0900_DST0_20190602_021059.387,pohang,pohang,pohang,unlabel,2,/home/ted1204/MS_Detection_Datamaker/MS_datamaker_PH/data/unlabel/1khz_50ns_20deci_2m_UTC+0900_DST0_20190602_021059.387.tdms,1khz_50ns_20deci_2m_UTC+0900_DST0_20190602_021059.387.tdms,1khz_50ns_20deci_2m_UTC+0900_DST0_20190602_021059.387,52.0,54.0,243,648,1000.0
179,pohang__1khz_50ns_20deci_2m_UTC+0900_DST0_20190602_021059.387,pohang,pohang,pohang,unlabel,2,/home/ted1204/MS_Detection_Datamaker/MS_datamaker_PH/data/unlabel/1khz_50ns_20deci_2m_UTC+0900_DST0_20190602_021059.387.tdms,1khz_50ns_20deci_2m_UTC+0900_DST0_20190602_021059.387.tdms,1khz_50ns_20deci_2m_UTC+0900_DST0_20190602_021059.387,58.0,60.0,243,648,1000.0
180,pohang__1khz_50ns_20deci_2m_UTC+0900_DST0_20190603_075059.387,pohang,pohang,pohang,unlabel,2,/home/ted1204/MS_Detection_Datamaker/MS_datamaker_PH/data/unlabel/1khz_50ns_20deci_2m_UTC+0900_DST0_20190603_075059.387.tdms,1khz_50ns_20deci_2m_UTC+0900_DST0_20190603_075059.387.tdms,1khz_50ns_20deci_2m_UTC+0900_DST0_20190603_075059.387,0.0,2.0,243,648,1000.0
181,pohang__1khz_50ns_20deci_2m_UTC+0900_DST0_20190603_075059.387,pohang,pohang,pohang,unlabel,2,/home/ted1204/MS_Detection_Datamaker/MS_datamaker_PH/data/unlabel/1khz_50ns_20deci_2m_UTC+0900_DST0_20190603_075059.387.tdms,1khz_50ns_20deci_2m_UTC+0900_DST0_20190603_075059.387.tdms,1khz_50ns_20deci_2m_UTC+0900_DST0_20190603_075059.387,4.0,6.0,243,648,1000.0
182,pohang__1khz_50ns_20deci_2m_UTC+0900_DST0_20190603_075059.387,pohang,pohang,pohang,unlabel,2,/home/ted1204/MS_Detection_Datamaker/MS_datamaker_PH/data/unlabel/1khz_50ns_20deci_2m_UTC+0900_DST0_20190603_075059.387.tdms,1khz_50ns_20deci_2m_UTC+0900_DST0_20190603_075059.387.tdms,1khz_50ns_20deci_2m_UTC+0900_DST0_20190603_075059.387,5.0,7.0,243,648,1000.0
183,pohang__1khz_50ns_20deci_2m_UTC+0900_DST0_20190603_075059.387,pohang,pohang,pohang,unlabel,2,/home/ted1204/MS_Detection_Datamaker/MS_datamaker_PH/data/unlabel/1khz_50ns_20deci_2m_UTC+0900_DST0_20190603_075059.387.tdms,1khz_50ns_20deci_2m_UTC+0900_DST0_20190603_075059.387.tdms,1khz_50ns_20deci_2m_UTC+0900_DST0_20190603_075059.387,15.0,17.0,243,648,1000.0
184,pohang__1khz_50ns_20deci_2m_UTC+0900_DST0_20190603_075059.387,pohang,pohang,pohang,unlabel,2,/home/ted1204/MS_Detection_Datamaker/MS_datamaker_PH/data/unlabel/1khz_50ns_20deci_2m_UTC+0900_DST0_20190603_075059.387.tdms,1khz_50ns_20deci_2m_UTC+0900_DST0_20190603_075059.387.tdms,1khz_50ns_20deci_2m_UTC+0900_DST0_20190603_075059.387,16.0,18.0,243,648,1000.0
185,pohang__1khz_50ns_20deci_2m_UTC+0900_DST0_20190603_075059.387,pohang,pohang,pohang,unlabel,2,/home/ted1204/MS_Detection_Datamaker/MS_datamaker_PH/data/unlabel/1khz_50ns_20deci_2m_UTC+0900_DST0_20190603_075059.387.tdms,1khz_50ns_20deci_2m_UTC+0900_DST0_20190603_075059.387.tdms,1khz_50ns_20deci_2m_UTC+0900_DST0_20190603_075059.387,20.0,22.0,243,648,1000.0
186,pohang__1khz_50ns_20deci_2m_UTC+0900_DST0_20190603_075059.387,pohang,pohang,pohang,unlabel,2,/home/ted1204/MS_Detection_Datamaker/MS_datamaker_PH/data/unlabel/1khz_50ns_20deci_2m_UTC+0900_DST0_20190603_075059.387.tdms,1khz_50ns_20deci_2m_UTC+0900_DST0_20190603_075059.387.tdms,1khz_50ns_20deci_2m_UTC+0900_DST0_20190603_075059.387,31.0,33.0,243,648,1000.0
187,pohang__1khz_50ns_20deci_2m_UTC+0900_DST0_20190603_075059.387,pohang,pohang,pohang,unlabel,2,/home/ted1204/MS_Detection_Datamaker/MS_datamaker_PH/data/unlabel/1khz_50ns_20deci_2m_UTC+0900_DST0_20190603_075059.387.tdms,1khz_50ns_20deci_2m_UTC+0900_DST0_20190603_075059.387.tdms,1khz_50ns_20deci_2m_UTC+0900_DST0_20190603_075059.387,32.0,34.0,243,648,1000.0
188,pohang__1khz_50ns_20deci_2m_UTC+0900_DST0_20190603_075059.387,pohang,pohang,pohang,unlabel,2,/home/ted1204/MS_Detection_Datamaker/MS_datamaker_PH/data/unlabel/1khz_50ns_20deci_2m_UTC+0900_DST0_20190603_075059.387.tdms,1khz_50ns_20deci_2m_UTC+0900_DST0_20190603_075059.387.tdms,1khz_50ns_20deci_2m_UTC+0900_DST0_20190603_075059.387,35.0,37.0,243,648,1000.0
189,pohang__1khz_50ns_20deci_2m_UTC+0900_DST0_20190603_075059.387,pohang,pohang,pohang,unlabel,2,/home/ted1204/MS_Detection_Datamaker/MS_datamaker_PH/data/unlabel/1khz_50ns_20deci_2m_UTC+0900_DST0_20190603_075059.387.tdms,1khz_50ns_20deci_2m_UTC+0900_DST0_20190603_075059.387.tdms,1khz_50ns_20deci_2m_UTC+0900_DST0_20190603_075059.387,38.0,40.0,243,648,1000.0
190,pohang__1khz_50ns_20deci_2m_UTC+0900_DST0_20190603_075059.387,pohang,pohang,pohang,unlabel,2,/home/ted1204/MS_Detection_Datamaker/MS_datamaker_PH/data/unlabel/1khz_50ns_20deci_2m_UTC+0900_DST0_20190603_075059.387.tdms,1khz_50ns_20deci_2m_UTC+0900_DST0_20190603_075059.387.tdms,1khz_50ns_20deci_2m_UTC+0900_DST0_20190603_075059.387,39.0,41.0,243,648,1000.0
191,pohang__1khz_50ns_20deci_2m_UTC+0900_DST0_20190603_075059.387,pohang,pohang,pohang,unlabel,2,/home/ted1204/MS_Detection_Datamaker/MS_datamaker_PH/data/unlabel/1khz_50ns_20deci_2m_UTC+0900_DST0_20190603_075059.387.tdms,1khz_50ns_20deci_2m_UTC+0900_DST0_20190603_075059.387.tdms,1khz_50ns_20deci_2m_UTC+0900_DST0_20190603_075059.387,44.0,46.0,243,648,1000.0
192,pohang__1khz_50ns_20deci_2m_UTC+0900_DST0_20190603_075059.387,pohang,pohang,pohang,unlabel,2,/home/ted1204/MS_Detection_Datamaker/MS_datamaker_PH/data/unlabel/1khz_50ns_20deci_2m_UTC+0900_DST0_20190603_075059.387.tdms,1khz_50ns_20deci_2m_UTC+0900_DST0_20190603_075059.387.tdms,1khz_50ns_20deci_2m_UTC+0900_DST0_20190603_075059.387,45.0,47.0,243,648,1000.0
193,pohang__1khz_50ns_20deci_2m_UTC+0900_DST0_20190603_075059.387,pohang,pohang,pohang,unlabel,2,/home/ted1204/MS_Detection_Datamaker/MS_datamaker_PH/data/unlabel/1khz_50ns_20deci_2m_UTC+0900_DST0_20190603_075059.387.tdms,1khz_50ns_20deci_2m_UTC+0900_DST0_20190603_075059.387.tdms,1khz_50ns_20deci_2m_UTC+0900_DST0_20190603_075059.387,53.0,55.0,243,648,1000.0
194,pohang__1khz_50ns_20deci_2m_UTC+0900_DST0_20190603_075059.387,pohang,pohang,pohang,unlabel,2,/home/ted1204/MS_Detection_Datamaker/MS_datamaker_PH/data/unlabel/1khz_50ns_20deci_2m_UTC+0900_DST0_20190603_075059.387.tdms,1khz_50ns_20deci_2m_UTC+0900_DST0_20190603_075059.387.tdms,1khz_50ns_20deci_2m_UTC+0900_DST0_20190603_075059.387,55.0,57.0,243,648,1000.0
195,pohang__1khz_50ns_20deci_2m_UTC+0900_DST0_20190605_091059.387,pohang,pohang,pohang,unlabel,2,/home/ted1204/MS_Detection_Datamaker/MS_datamaker_PH/data/unlabel/1khz_50ns_20deci_2m_UTC+0900_DST0_20190605_091059.387.tdms,1khz_50ns_20deci_2m_UTC+0900_DST0_20190605_091059.387.tdms,1khz_50ns_20deci_2m_UTC+0900_DST0_20190605_091059.387,5.0,7.0,243,648,1000.0
196,pohang__1khz_50ns_20deci_2m_UTC+0900_DST0_20190605_091059.387,pohang,pohang,pohang,unlabel,2,/home/ted1204/MS_Detection_Datamaker/MS_datamaker_PH/data/unlabel/1khz_50ns_20deci_2m_UTC+0900_DST0_20190605_091059.387.tdms,1khz_50ns_20deci_2m_UTC+0900_DST0_20190605_091059.387.tdms,1khz_50ns_20deci_2m_UTC+0900_DST0_20190605_091059.387,13.0,15.0,243,648,1000.0
197,pohang__1khz_50ns_20deci_2m_UTC+0900_DST0_20190605_091059.387,pohang,pohang,pohang,unlabel,2,/home/ted1204/MS_Detection_Datamaker/MS_datamaker_PH/data/unlabel/1khz_50ns_20deci_2m_UTC+0900_DST0_20190605_091059.387.tdms,1khz_50ns_20deci_2m_UTC+0900_DST0_20190605_091059.387.tdms,1khz_50ns_20deci_2m_UTC+0900_DST0_20190605_091059.387,14.0,16.0,243,648,1000.0
198,pohang__1khz_50ns_20deci_2m_UTC+0900_DST0_20190605_091059.387,pohang,pohang,pohang,unlabel,2,/home/ted1204/MS_Detection_Datamaker/MS_datamaker_PH/data/unlabel/1khz_50ns_20deci_2m_UTC+0900_DST0_20190605_091059.387.tdms,1khz_50ns_20deci_2m_UTC+0900_DST0_20190605_091059.387.tdms,1khz_50ns_20deci_2m_UTC+0900_DST0_20190605_091059.387,15.0,17.0,243,648,1000.0
199,pohang__1khz_50ns_20deci_2m_UTC+0900_DST0_20190605_091059.387,pohang,pohang,pohang,unlabel,2,/home/ted1204/MS_Detection_Datamaker/MS_datamaker_PH/data/unlabel/1khz_50ns_20deci_2m_UTC+0900_DST0_20190605_091059.387.tdms,1khz_50ns_20deci_2m_UTC+0900_DST0_20190605_091059.387.tdms,1khz_50ns_20deci_2m_UTC+0900_DST0_20190605_091059.387,17.0,19.0,243,648,1000.0
200,pohang__1khz_50ns_20deci_2m_UTC+0900_DST0_20190605_091059.387,pohang,pohang,pohang,unlabel,2,/home/ted1204/MS_Detection_Datamaker/MS_datamaker_PH/data/unlabel/1khz_50ns_20deci_2m_UTC+0900_DST0_20190605_091059.387.tdms,1khz_50ns_20deci_2m_UTC+0900_DST0_20190605_091059.387.tdms,1khz_50ns_20deci_2m_UTC+0900_DST0_20190605_091059.387,19.0,21.0,243,648,1000.0
201,pohang__1khz_50ns_20deci_2m_UTC+0900_DST0_20190605_091059.387,pohang,pohang,pohang,unlabel,2,/home/ted1204/MS_Detection_Datamaker/MS_datamaker_PH/data/unlabel/1khz_50ns_20deci_2m_UTC+0900_DST0_20190605_091059.387.tdms,1khz_50ns_20deci_2m_UTC+0900_DST0_20190605_091059.387.tdms,1khz_50ns_20deci_2m_UTC+0900_DST0_20190605_091059.387,20.0,22.0,243,648,1000.0
202,pohang__1khz_50ns_20deci_2m_UTC+0900_DST0_20190605_091059.387,pohang,pohang,pohang,unlabel,2,/home/ted1204/MS_Detection_Datamaker/MS_datamaker_PH/data/unlabel/1khz_50ns_20deci_2m_UTC+0900_DST0_20190605_091059.387.tdms,1khz_50ns_20deci_2m_UTC+0900_DST0_20190605_091059.387.tdms,1khz_50ns_20deci_2m_UTC+0900_DST0_20190605_091059.387,22.0,24.0,243,648,1000.0
203,pohang__1khz_50ns_20deci_2m_UTC+0900_DST0_20190605_091059.387,pohang,pohang,pohang,unlabel,2,/home/ted1204/MS_Detection_Datamaker/MS_datamaker_PH/data/unlabel/1khz_50ns_20deci_2m_UTC+0900_DST0_20190605_091059.387.tdms,1khz_50ns_20deci_2m_UTC+0900_DST0_20190605_091059.387.tdms,1khz_50ns_20deci_2m_UTC+0900_DST0_20190605_091059.387,26.0,28.0,243,648,1000.0
204,pohang__1khz_50ns_20deci_2m_UTC+0900_DST0_20190605_091059.387,pohang,pohang,pohang,unlabel,2,/home/ted1204/MS_Detection_Datamaker/MS_datamaker_PH/data/unlabel/1khz_50ns_20deci_2m_UTC+0900_DST0_20190605_091059.387.tdms,1khz_50ns_20deci_2m_UTC+0900_DST0_20190605_091059.387.tdms,1khz_50ns_20deci_2m_UTC+0900_DST0_20190605_091059.387,28.0,30.0,243,648,1000.0
205,pohang__1khz_50ns_20deci_2m_UTC+0900_DST0_20190605_091059.387,pohang,pohang,pohang,unlabel,2,/home/ted1204/MS_Detection_Datamaker/MS_datamaker_PH/data/unlabel/1khz_50ns_20deci_2m_UTC+0900_DST0_20190605_091059.387.tdms,1khz_50ns_20deci_2m_UTC+0900_DST0_20190605_091059.387.tdms,1khz_50ns_20deci_2m_UTC+0900_DST0_20190605_091059.387,33.0,35.0,243,648,1000.0
206,pohang__1khz_50ns_20deci_2m_UTC+0900_DST0_20190605_091059.387,pohang,pohang,pohang,unlabel,2,/home/ted1204/MS_Detection_Datamaker/MS_datamaker_PH/data/unlabel/1khz_50ns_20deci_2m_UTC+0900_DST0_20190605_091059.387.tdms,1khz_50ns_20deci_2m_UTC+0900_DST0_20190605_091059.387.tdms,1khz_50ns_20deci_2m_UTC+0900_DST0_20190605_091059.387,40.0,42.0,243,648,1000.0
207,pohang__1khz_50ns_20deci_2m_UTC+0900_DST0_20190605_091059.387,pohang,pohang,pohang,unlabel,2,/home/ted1204/MS_Detection_Datamaker/MS_datamaker_PH/data/unlabel/1khz_50ns_20deci_2m_UTC+0900_DST0_20190605_091059.387.tdms,1khz_50ns_20deci_2m_UTC+0900_DST0_20190605_091059.387.tdms,1khz_50ns_20deci_2m_UTC+0900_DST0_20190605_091059.387,42.0,44.0,243,648,1000.0
208,pohang__1khz_50ns_20deci_2m_UTC+0900_DST0_20190605_091059.387,pohang,pohang,pohang,unlabel,2,/home/ted1204/MS_Detection_Datamaker/MS_datamaker_PH/data/unlabel/1khz_50ns_20deci_2m_UTC+0900_DST0_20190605_091059.387.tdms,1khz_50ns_20deci_2m_UTC+0900_DST0_20190605_091059.387.tdms,1khz_50ns_20deci_2m_UTC+0900_DST0_20190605_091059.387,47.0,49.0,243,648,1000.0
209,pohang__1khz_50ns_20deci_2m_UTC+0900_DST0_20190605_091059.387,pohang,pohang,pohang,unlabel,2,/home/ted1204/MS_Detection_Datamaker/MS_datamaker_PH/data/unlabel/1khz_50ns_20deci_2m_UTC+0900_DST0_20190605_091059.387.tdms,1khz_50ns_20deci_2m_UTC+0900_DST0_20190605_091059.387.tdms,1khz_50ns_20deci_2m_UTC+0900_DST0_20190605_091059.387,48.0,50.0,243,648,1000.0
210,pohang__1khz_50ns_20deci_2m_UTC+0900_DST0_20190606_034759.387,pohang,pohang,pohang,unlabel,2,/home/ted1204/MS_Detection_Datamaker/MS_datamaker_PH/data/unlabel/1khz_50ns_20deci_2m_UTC+0900_DST0_20190606_034759.387.tdms,1khz_50ns_20deci_2m_UTC+0900_DST0_20190606_034759.387.tdms,1khz_50ns_20deci_2m_UTC+0900_DST0_20190606_034759.387,3.0,5.0,243,648,1000.0
211,pohang__1khz_50ns_20deci_2m_UTC+0900_DST0_20190606_034759.387,pohang,pohang,pohang,unlabel,2,/home/ted1204/MS_Detection_Datamaker/MS_datamaker_PH/data/unlabel/1khz_50ns_20deci_2m_UTC+0900_DST0_20190606_034759.387.tdms,1khz_50ns_20deci_2m_UTC+0900_DST0_20190606_034759.387.tdms,1khz_50ns_20deci_2m_UTC+0900_DST0_20190606_034759.387,10.0,12.0,243,648,1000.0
212,pohang__1khz_50ns_20deci_2m_UTC+0900_DST0_20190606_034759.387,pohang,pohang,pohang,unlabel,2,/home/ted1204/MS_Detection_Datamaker/MS_datamaker_PH/data/unlabel/1khz_50ns_20deci_2m_UTC+0900_DST0_20190606_034759.387.tdms,1khz_50ns_20deci_2m_UTC+0900_DST0_20190606_034759.387.tdms,1khz_50ns_20deci_2m_UTC+0900_DST0_20190606_034759.387,11.0,13.0,243,648,1000.0
213,pohang__1khz_50ns_20deci_2m_UTC+0900_DST0_20190606_034759.387,pohang,pohang,pohang,unlabel,2,/home/ted1204/MS_Detection_Datamaker/MS_datamaker_PH/data/unlabel/1khz_50ns_20deci_2m_UTC+0900_DST0_20190606_034759.387.tdms,1khz_50ns_20deci_2m_UTC+0900_DST0_20190606_034759.387.tdms,1khz_50ns_20deci_2m_UTC+0900_DST0_20190606_034759.387,15.0,17.0,243,648,1000.0
214,pohang__1khz_50ns_20deci_2m_UTC+0900_DST0_20190606_034759.387,pohang,pohang,pohang,unlabel,2,/home/ted1204/MS_Detection_Datamaker/MS_datamaker_PH/data/unlabel/1khz_50ns_20deci_2m_UTC+0900_DST0_20190606_034759.387.tdms,1khz_50ns_20deci_2m_UTC+0900_DST0_20190606_034759.387.tdms,1khz_50ns_20deci_2m_UTC+0900_DST0_20190606_034759.387,17.0,19.0,243,648,1000.0
215,pohang__1khz_50ns_20deci_2m_UTC+0900_DST0_20190606_034759.387,pohang,pohang,pohang,unlabel,2,/home/ted1204/MS_Detection_Datamaker/MS_datamaker_PH/data/unlabel/1khz_50ns_20deci_2m_UTC+0900_DST0_20190606_034759.387.tdms,1khz_50ns_20deci_2m_UTC+0900_DST0_20190606_034759.387.tdms,1khz_50ns_20deci_2m_UTC+0900_DST0_20190606_034759.387,19.0,21.0,243,648,1000.0
216,pohang__1khz_50ns_20deci_2m_UTC+0900_DST0_20190606_034759.387,pohang,pohang,pohang,unlabel,2,/home/ted1204/MS_Detection_Datamaker/MS_datamaker_PH/data/unlabel/1khz_50ns_20deci_2m_UTC+0900_DST0_20190606_034759.387.tdms,1khz_50ns_20deci_2m_UTC+0900_DST0_20190606_034759.387.tdms,1khz_50ns_20deci_2m_UTC+0900_DST0_20190606_034759.387,22.0,24.0,243,648,1000.0
217,pohang__1khz_50ns_20deci_2m_UTC+0900_DST0_20190606_034759.387,pohang,pohang,pohang,unlabel,2,/home/ted1204/MS_Detection_Datamaker/MS_datamaker_PH/data/unlabel/1khz_50ns_20deci_2m_UTC+0900_DST0_20190606_034759.387.tdms,1khz_50ns_20deci_2m_UTC+0900_DST0_20190606_034759.387.tdms,1khz_50ns_20deci_2m_UTC+0900_DST0_20190606_034759.387,23.0,25.0,243,648,1000.0
218,pohang__1khz_50ns_20deci_2m_UTC+0900_DST0_20190606_034759.387,pohang,pohang,pohang,unlabel,2,/home/ted1204/MS_Detection_Datamaker/MS_datamaker_PH/data/unlabel/1khz_50ns_20deci_2m_UTC+0900_DST0_20190606_034759.387.tdms,1khz_50ns_20deci_2m_UTC+0900_DST0_20190606_034759.387.tdms,1khz_50ns_20deci_2m_UTC+0900_DST0_20190606_034759.387,27.0,29.0,243,648,1000.0
219,pohang__1khz_50ns_20deci_2m_UTC+0900_DST0_20190606_034759.387,pohang,pohang,pohang,unlabel,2,/home/ted1204/MS_Detection_Datamaker/MS_datamaker_PH/data/unlabel/1khz_50ns_20deci_2m_UTC+0900_DST0_20190606_034759.387.tdms,1khz_50ns_20deci_2m_UTC+0900_DST0_20190606_034759.387.tdms,1khz_50ns_20deci_2m_UTC+0900_DST0_20190606_034759.387,29.0,31.0,243,648,1000.0
220,pohang__1khz_50ns_20deci_2m_UTC+0900_DST0_20190606_034759.387,pohang,pohang,pohang,unlabel,2,/home/ted1204/MS_Detection_Datamaker/MS_datamaker_PH/data/unlabel/1khz_50ns_20deci_2m_UTC+0900_DST0_20190606_034759.387.tdms,1khz_50ns_20deci_2m_UTC+0900_DST0_20190606_034759.387.tdms,1khz_50ns_20deci_2m_UTC+0900_DST0_20190606_034759.387,31.0,33.0,243,648,1000.0
221,pohang__1khz_50ns_20deci_2m_UTC+0900_DST0_20190606_034759.387,pohang,pohang,pohang,unlabel,2,/home/ted1204/MS_Detection_Datamaker/MS_datamaker_PH/data/unlabel/1khz_50ns_20deci_2m_UTC+0900_DST0_20190606_034759.387.tdms,1khz_50ns_20deci_2m_UTC+0900_DST0_20190606_034759.387.tdms,1khz_50ns_20deci_2m_UTC+0900_DST0_20190606_034759.387,39.0,41.0,243,648,1000.0
222,pohang__1khz_50ns_20deci_2m_UTC+0900_DST0_20190606_034759.387,pohang,pohang,pohang,unlabel,2,/home/ted1204/MS_Detection_Datamaker/MS_datamaker_PH/data/unlabel/1khz_50ns_20deci_2m_UTC+0900_DST0_20190606_034759.387.tdms,1khz_50ns_20deci_2m_UTC+0900_DST0_20190606_034759.387.tdms,1khz_50ns_20deci_2m_UTC+0900_DST0_20190606_034759.387,46.0,48.0,243,648,1000.0
223,pohang__1khz_50ns_20deci_2m_UTC+0900_DST0_20190606_034759.387,pohang,pohang,pohang,unlabel,2,/home/ted1204/MS_Detection_Datamaker/MS_datamaker_PH/data/unlabel/1khz_50ns_20deci_2m_UTC+0900_DST0_20190606_034759.387.tdms,1khz_50ns_20deci_2m_UTC+0900_DST0_20190606_034759.387.tdms,1khz_50ns_20deci_2m_UTC+0900_DST0_20190606_034759.387,52.0,54.0,243,648,1000.0
224,pohang__1khz_50ns_20deci_2m_UTC+0900_DST0_20190606_034759.387,pohang,pohang,pohang,unlabel,2,/home/ted1204/MS_Detection_Datamaker/MS_datamaker_PH/data/unlabel/1khz_50ns_20deci_2m_UTC+0900_DST0_20190606_034759.387.tdms,1khz_50ns_20deci_2m_UTC+0900_DST0_20190606_034759.387.tdms,1khz_50ns_20deci_2m_UTC+0900_DST0_20190606_034759.387,53.0,55.0,243,648,1000.0
225,pohang__1khz_50ns_20deci_2m_UTC+0900_DST0_20190606_073059.387,pohang,pohang,pohang,unlabel,2,/home/ted1204/MS_Detection_Datamaker/MS_datamaker_PH/data/unlabel/1khz_50ns_20deci_2m_UTC+0900_DST0_20190606_073059.387.tdms,1khz_50ns_20deci_2m_UTC+0900_DST0_20190606_073059.387.tdms,1khz_50ns_20deci_2m_UTC+0900_DST0_20190606_073059.387,7.0,9.0,243,648,1000.0
226,pohang__1khz_50ns_20deci_2m_UTC+0900_DST0_20190606_073059.387,pohang,pohang,pohang,unlabel,2,/home/ted1204/MS_Detection_Datamaker/MS_datamaker_PH/data/unlabel/1khz_50ns_20deci_2m_UTC+0900_DST0_20190606_073059.387.tdms,1khz_50ns_20deci_2m_UTC+0900_DST0_20190606_073059.387.tdms,1khz_50ns_20deci_2m_UTC+0900_DST0_20190606_073059.387,11.0,13.0,243,648,1000.0
227,pohang__1khz_50ns_20deci_2m_UTC+0900_DST0_20190606_073059.387,pohang,pohang,pohang,unlabel,2,/home/ted1204/MS_Detection_Datamaker/MS_datamaker_PH/data/unlabel/1khz_50ns_20deci_2m_UTC+0900_DST0_20190606_073059.387.tdms,1khz_50ns_20deci_2m_UTC+0900_DST0_20190606_073059.387.tdms,1khz_50ns_20deci_2m_UTC+0900_DST0_20190606_073059.387,13.0,15.0,243,648,1000.0
228,pohang__1khz_50ns_20deci_2m_UTC+0900_DST0_20190606_073059.387,pohang,pohang,pohang,unlabel,2,/home/ted1204/MS_Detection_Datamaker/MS_datamaker_PH/data/unlabel/1khz_50ns_20deci_2m_UTC+0900_DST0_20190606_073059.387.tdms,1khz_50ns_20deci_2m_UTC+0900_DST0_20190606_073059.387.tdms,1khz_50ns_20deci_2m_UTC+0900_DST0_20190606_073059.387,14.0,16.0,243,648,1000.0
229,pohang__1khz_50ns_20deci_2m_UTC+0900_DST0_20190606_073059.387,pohang,pohang,pohang,unlabel,2,/home/ted1204/MS_Detection_Datamaker/MS_datamaker_PH/data/unlabel/1khz_50ns_20deci_2m_UTC+0900_DST0_20190606_073059.387.tdms,1khz_50ns_20deci_2m_UTC+0900_DST0_20190606_073059.387.tdms,1khz_50ns_20deci_2m_UTC+0900_DST0_20190606_073059.387,16.0,18.0,243,648,1000.0
230,pohang__1khz_50ns_20deci_2m_UTC+0900_DST0_20190606_073059.387,pohang,pohang,pohang,unlabel,2,/home/ted1204/MS_Detection_Datamaker/MS_datamaker_PH/data/unlabel/1khz_50ns_20deci_2m_UTC+0900_DST0_20190606_073059.387.tdms,1khz_50ns_20deci_2m_UTC+0900_DST0_20190606_073059.387.tdms,1khz_50ns_20deci_2m_UTC+0900_DST0_20190606_073059.387,17.0,19.0,243,648,1000.0
231,pohang__1khz_50ns_20deci_2m_UTC+0900_DST0_20190606_073059.387,pohang,pohang,pohang,unlabel,2,/home/ted1204/MS_Detection_Datamaker/MS_datamaker_PH/data/unlabel/1khz_50ns_20deci_2m_UTC+0900_DST0_20190606_073059.387.tdms,1khz_50ns_20deci_2m_UTC+0900_DST0_20190606_073059.387.tdms,1khz_50ns_20deci_2m_UTC+0900_DST0_20190606_073059.387,28.0,30.0,243,648,1000.0
232,pohang__1khz_50ns_20deci_2m_UTC+0900_DST0_20190606_073059.387,pohang,pohang,pohang,unlabel,2,/home/ted1204/MS_Detection_Datamaker/MS_datamaker_PH/data/unlabel/1khz_50ns_20deci_2m_UTC+0900_DST0_20190606_073059.387.tdms,1khz_50ns_20deci_2m_UTC+0900_DST0_20190606_073059.387.tdms,1khz_50ns_20deci_2m_UTC+0900_DST0_20190606_073059.387,31.0,33.0,243,648,1000.0
233,pohang__1khz_50ns_20deci_2m_UTC+0900_DST0_20190606_073059.387,pohang,pohang,pohang,unlabel,2,/home/ted1204/MS_Detection_Datamaker/MS_datamaker_PH/data/unlabel/1khz_50ns_20deci_2m_UTC+0900_DST0_20190606_073059.387.tdms,1khz_50ns_20deci_2m_UTC+0900_DST0_20190606_073059.387.tdms,1khz_50ns_20deci_2m_UTC+0900_DST0_20190606_073059.387,36.0,38.0,243,648,1000.0
234,pohang__1khz_50ns_20deci_2m_UTC+0900_DST0_20190606_073059.387,pohang,pohang,pohang,unlabel,2,/home/ted1204/MS_Detection_Datamaker/MS_datamaker_PH/data/unlabel/1khz_50ns_20deci_2m_UTC+0900_DST0_20190606_073059.387.tdms,1khz_50ns_20deci_2m_UTC+0900_DST0_20190606_073059.387.tdms,1khz_50ns_20deci_2m_UTC+0900_DST0_20190606_073059.387,37.0,39.0,243,648,1000.0
235,pohang__1khz_50ns_20deci_2m_UTC+0900_DST0_20190606_073059.387,pohang,pohang,pohang,unlabel,2,/home/ted1204/MS_Detection_Datamaker/MS_datamaker_PH/data/unlabel/1khz_50ns_20deci_2m_UTC+0900_DST0_20190606_073059.387.tdms,1khz_50ns_20deci_2m_UTC+0900_DST0_20190606_073059.387.tdms,1khz_50ns_20deci_2m_UTC+0900_DST0_20190606_073059.387,44.0,46.0,243,648,1000.0
236,pohang__1khz_50ns_20deci_2m_UTC+0900_DST0_20190606_073059.387,pohang,pohang,pohang,unlabel,2,/home/ted1204/MS_Detection_Datamaker/MS_datamaker_PH/data/unlabel/1khz_50ns_20deci_2m_UTC+0900_DST0_20190606_073059.387.tdms,1khz_50ns_20deci_2m_UTC+0900_DST0_20190606_073059.387.tdms,1khz_50ns_20deci_2m_UTC+0900_DST0_20190606_073059.387,47.0,49.0,243,648,1000.0
237,pohang__1khz_50ns_20deci_2m_UTC+0900_DST0_20190606_073059.387,pohang,pohang,pohang,unlabel,2,/home/ted1204/MS_Detection_Datamaker/MS_datamaker_PH/data/unlabel/1khz_50ns_20deci_2m_UTC+0900_DST0_20190606_073059.387.tdms,1khz_50ns_20deci_2m_UTC+0900_DST0_20190606_073059.387.tdms,1khz_50ns_20deci_2m_UTC+0900_DST0_20190606_073059.387,48.0,50.0,243,648,1000.0
238,pohang__1khz_50ns_20deci_2m_UTC+0900_DST0_20190606_073059.387,pohang,pohang,pohang,unlabel,2,/home/ted1204/MS_Detection_Datamaker/MS_datamaker_PH/data/unlabel/1khz_50ns_20deci_2m_UTC+0900_DST0_20190606_073059.387.tdms,1khz_50ns_20deci_2m_UTC+0900_DST0_20190606_073059.387.tdms,1khz_50ns_20deci_2m_UTC+0900_DST0_20190606_073059.387,53.0,55.0,243,648,1000.0
239,pohang__1khz_50ns_20deci_2m_UTC+0900_DST0_20190606_073059.387,pohang,pohang,pohang,unlabel,2,/home/ted1204/MS_Detection_Datamaker/MS_datamaker_PH/data/unlabel/1khz_50ns_20deci_2m_UTC+0900_DST0_20190606_073059.387.tdms,1khz_50ns_20deci_2m_UTC+0900_DST0_20190606_073059.387.tdms,1khz_50ns_20deci_2m_UTC+0900_DST0_20190606_073059.387,57.0,59.0,243,648,1000.0
240,pohang__1khz_50ns_20deci_2m_UTC+0900_DST0_20190607_103859.387,pohang,pohang,pohang,unlabel,2,/home/ted1204/MS_Detection_Datamaker/MS_datamaker_PH/data/unlabel/1khz_50ns_20deci_2m_UTC+0900_DST0_20190607_103859.387.tdms,1khz_50ns_20deci_2m_UTC+0900_DST0_20190607_103859.387.tdms,1khz_50ns_20deci_2m_UTC+0900_DST0_20190607_103859.387,6.0,8.0,243,648,1000.0
241,pohang__1khz_50ns_20deci_2m_UTC+0900_DST0_20190607_103859.387,pohang,pohang,pohang,unlabel,2,/home/ted1204/MS_Detection_Datamaker/MS_datamaker_PH/data/unlabel/1khz_50ns_20deci_2m_UTC+0900_DST0_20190607_103859.387.tdms,1khz_50ns_20deci_2m_UTC+0900_DST0_20190607_103859.387.tdms,1khz_50ns_20deci_2m_UTC+0900_DST0_20190607_103859.387,11.0,13.0,243,648,1000.0
242,pohang__1khz_50ns_20deci_2m_UTC+0900_DST0_20190607_103859.387,pohang,pohang,pohang,unlabel,2,/home/ted1204/MS_Detection_Datamaker/MS_datamaker_PH/data/unlabel/1khz_50ns_20deci_2m_UTC+0900_DST0_20190607_103859.387.tdms,1khz_50ns_20deci_2m_UTC+0900_DST0_20190607_103859.387.tdms,1khz_50ns_20deci_2m_UTC+0900_DST0_20190607_103859.387,20.0,22.0,243,648,1000.0
243,pohang__1khz_50ns_20deci_2m_UTC+0900_DST0_20190607_103859.387,pohang,pohang,pohang,unlabel,2,/home/ted1204/MS_Detection_Datamaker/MS_datamaker_PH/data/unlabel/1khz_50ns_20deci_2m_UTC+0900_DST0_20190607_103859.387.tdms,1khz_50ns_20deci_2m_UTC+0900_DST0_20190607_103859.387.tdms,1khz_50ns_20deci_2m_UTC+0900_DST0_20190607_103859.387,25.0,27.0,243,648,1000.0
244,pohang__1khz_50ns_20deci_2m_UTC+0900_DST0_20190607_103859.387,pohang,pohang,pohang,unlabel,2,/home/ted1204/MS_Detection_Datamaker/MS_datamaker_PH/data/unlabel/1khz_50ns_20deci_2m_UTC+0900_DST0_20190607_103859.387.tdms,1khz_50ns_20deci_2m_UTC+0900_DST0_20190607_103859.387.tdms,1khz_50ns_20deci_2m_UTC+0900_DST0_20190607_103859.387,29.0,31.0,243,648,1000.0
245,pohang__1khz_50ns_20deci_2m_UTC+0900_DST0_20190607_103859.387,pohang,pohang,pohang,unlabel,2,/home/ted1204/MS_Detection_Datamaker/MS_datamaker_PH/data/unlabel/1khz_50ns_20deci_2m_UTC+0900_DST0_20190607_103859.387.tdms,1khz_50ns_20deci_2m_UTC+0900_DST0_20190607_103859.387.tdms,1khz_50ns_20deci_2m_UTC+0900_DST0_20190607_103859.387,31.0,33.0,243,648,1000.0
246,pohang__1khz_50ns_20deci_2m_UTC+0900_DST0_20190607_103859.387,pohang,pohang,pohang,unlabel,2,/home/ted1204/MS_Detection_Datamaker/MS_datamaker_PH/data/unlabel/1khz_50ns_20deci_2m_UTC+0900_DST0_20190607_103859.387.tdms,1khz_50ns_20deci_2m_UTC+0900_DST0_20190607_103859.387.tdms,1khz_50ns_20deci_2m_UTC+0900_DST0_20190607_103859.387,32.0,34.0,243,648,1000.0
247,pohang__1khz_50ns_20deci_2m_UTC+0900_DST0_20190607_103859.387,pohang,pohang,pohang,unlabel,2,/home/ted1204/MS_Detection_Datamaker/MS_datamaker_PH/data/unlabel/1khz_50ns_20deci_2m_UTC+0900_DST0_20190607_103859.387.tdms,1khz_50ns_20deci_2m_UTC+0900_DST0_20190607_103859.387.tdms,1khz_50ns_20deci_2m_UTC+0900_DST0_20190607_103859.387,34.0,36.0,243,648,1000.0
248,pohang__1khz_50ns_20deci_2m_UTC+0900_DST0_20190607_103859.387,pohang,pohang,pohang,unlabel,2,/home/ted1204/MS_Detection_Datamaker/MS_datamaker_PH/data/unlabel/1khz_50ns_20deci_2m_UTC+0900_DST0_20190607_103859.387.tdms,1khz_50ns_20deci_2m_UTC+0900_DST0_20190607_103859.387.tdms,1khz_50ns_20deci_2m_UTC+0900_DST0_20190607_103859.387,35.0,37.0,243,648,1000.0
249,pohang__1khz_50ns_20deci_2m_UTC+0900_DST0_20190607_103859.387,pohang,pohang,pohang,unlabel,2,/home/ted1204/MS_Detection_Datamaker/MS_datamaker_PH/data/unlabel/1khz_50ns_20deci_2m_UTC+0900_DST0_20190607_103859.387.tdms,1khz_50ns_20deci_2m_UTC+0900_DST0_20190607_103859.387.tdms,1khz_50ns_20deci_2m_UTC+0900_DST0_20190607_103859.387,36.0,38.0,243,648,1000.0
250,pohang__1khz_50ns_20deci_2m_UTC+0900_DST0_20190607_103859.387,pohang,pohang,pohang,unlabel,2,/home/ted1204/MS_Detection_Datamaker/MS_datamaker_PH/data/unlabel/1khz_50ns_20deci_2m_UTC+0900_DST0_20190607_103859.387.tdms,1khz_50ns_20deci_2m_UTC+0900_DST0_20190607_103859.387.tdms,1khz_50ns_20deci_2m_UTC+0900_DST0_20190607_103859.387,42.0,44.0,243,648,1000.0
251,pohang__1khz_50ns_20deci_2m_UTC+0900_DST0_20190607_103859.387,pohang,pohang,pohang,unlabel,2,/home/ted1204/MS_Detection_Datamaker/MS_datamaker_PH/data/unlabel/1khz_50ns_20deci_2m_UTC+0900_DST0_20190607_103859.387.tdms,1khz_50ns_20deci_2m_UTC+0900_DST0_20190607_103859.387.tdms,1khz_50ns_20deci_2m_UTC+0900_DST0_20190607_103859.387,44.0,46.0,243,648,1000.0
252,pohang__1khz_50ns_20deci_2m_UTC+0900_DST0_20190607_103859.387,pohang,pohang,pohang,unlabel,2,/home/ted1204/MS_Detection_Datamaker/MS_datamaker_PH/data/unlabel/1khz_50ns_20deci_2m_UTC+0900_DST0_20190607_103859.387.tdms,1khz_50ns_20deci_2m_UTC+0900_DST0_20190607_103859.387.tdms,1khz_50ns_20deci_2m_UTC+0900_DST0_20190607_103859.387,47.0,49.0,243,648,1000.0
253,pohang__1khz_50ns_20deci_2m_UTC+0900_DST0_20190607_103859.387,pohang,pohang,pohang,unlabel,2,/home/ted1204/MS_Detection_Datamaker/MS_datamaker_PH/data/unlabel/1khz_50ns_20deci_2m_UTC+0900_DST0_20190607_103859.387.tdms,1khz_50ns_20deci_2m_UTC+0900_DST0_20190607_103859.387.tdms,1khz_50ns_20deci_2m_UTC+0900_DST0_20190607_103859.387,51.0,53.0,243,648,1000.0
254,pohang__1khz_50ns_20deci_2m_UTC+0900_DST0_20190607_103859.387,pohang,pohang,pohang,unlabel,2,/home/ted1204/MS_Detection_Datamaker/MS_datamaker_PH/data/unlabel/1khz_50ns_20deci_2m_UTC+0900_DST0_20190607_103859.387.tdms,1khz_50ns_20deci_2m_UTC+0900_DST0_20190607_103859.387.tdms,1khz_50ns_20deci_2m_UTC+0900_DST0_20190607_103859.387,58.0,60.0,243,648,1000.0
255,pohang__1khz_50ns_20deci_2m_UTC+0900_DST0_20190607_232559.387,pohang,pohang,pohang,unlabel,2,/home/ted1204/MS_Detection_Datamaker/MS_datamaker_PH/data/unlabel/1khz_50ns_20deci_2m_UTC+0900_DST0_20190607_232559.387.tdms,1khz_50ns_20deci_2m_UTC+0900_DST0_20190607_232559.387.tdms,1khz_50ns_20deci_2m_UTC+0900_DST0_20190607_232559.387,1.0,3.0,243,648,1000.0
256,pohang__1khz_50ns_20deci_2m_UTC+0900_DST0_20190607_232559.387,pohang,pohang,pohang,unlabel,2,/home/ted1204/MS_Detection_Datamaker/MS_datamaker_PH/data/unlabel/1khz_50ns_20deci_2m_UTC+0900_DST0_20190607_232559.387.tdms,1khz_50ns_20deci_2m_UTC+0900_DST0_20190607_232559.387.tdms,1khz_50ns_20deci_2m_UTC+0900_DST0_20190607_232559.387,3.0,5.0,243,648,1000.0
257,pohang__1khz_50ns_20deci_2m_UTC+0900_DST0_20190607_232559.387,pohang,pohang,pohang,unlabel,2,/home/ted1204/MS_Detection_Datamaker/MS_datamaker_PH/data/unlabel/1khz_50ns_20deci_2m_UTC+0900_DST0_20190607_232559.387.tdms,1khz_50ns_20deci_2m_UTC+0900_DST0_20190607_232559.387.tdms,1khz_50ns_20deci_2m_UTC+0900_DST0_20190607_232559.387,6.0,8.0,243,648,1000.0
258,pohang__1khz_50ns_20deci_2m_UTC+0900_DST0_20190607_232559.387,pohang,pohang,pohang,unlabel,2,/home/ted1204/MS_Detection_Datamaker/MS_datamaker_PH/data/unlabel/1khz_50ns_20deci_2m_UTC+0900_DST0_20190607_232559.387.tdms,1khz_50ns_20deci_2m_UTC+0900_DST0_20190607_232559.387.tdms,1khz_50ns_20deci_2m_UTC+0900_DST0_20190607_232559.387,8.0,10.0,243,648,1000.0
259,pohang__1khz_50ns_20deci_2m_UTC+0900_DST0_20190607_232559.387,pohang,pohang,pohang,unlabel,2,/home/ted1204/MS_Detection_Datamaker/MS_datamaker_PH/data/unlabel/1khz_50ns_20deci_2m_UTC+0900_DST0_20190607_232559.387.tdms,1khz_50ns_20deci_2m_UTC+0900_DST0_20190607_232559.387.tdms,1khz_50ns_20deci_2m_UTC+0900_DST0_20190607_232559.387,10.0,12.0,243,648,1000.0
260,pohang__1khz_50ns_20deci_2m_UTC+0900_DST0_20190607_232559.387,pohang,pohang,pohang,unlabel,2,/home/ted1204/MS_Detection_Datamaker/MS_datamaker_PH/data/unlabel/1khz_50ns_20deci_2m_UTC+0900_DST0_20190607_232559.387.tdms,1khz_50ns_20deci_2m_UTC+0900_DST0_20190607_232559.387.tdms,1khz_50ns_20deci_2m_UTC+0900_DST0_20190607_232559.387,13.0,15.0,243,648,1000.0
261,pohang__1khz_50ns_20deci_2m_UTC+0900_DST0_20190607_232559.387,pohang,pohang,pohang,unlabel,2,/home/ted1204/MS_Detection_Datamaker/MS_datamaker_PH/data/unlabel/1khz_50ns_20deci_2m_UTC+0900_DST0_20190607_232559.387.tdms,1khz_50ns_20deci_2m_UTC+0900_DST0_20190607_232559.387.tdms,1khz_50ns_20deci_2m_UTC+0900_DST0_20190607_232559.387,27.0,29.0,243,648,1000.0
262,pohang__1khz_50ns_20deci_2m_UTC+0900_DST0_20190607_232559.387,pohang,pohang,pohang,unlabel,2,/home/ted1204/MS_Detection_Datamaker/MS_datamaker_PH/data/unlabel/1khz_50ns_20deci_2m_UTC+0900_DST0_20190607_232559.387.tdms,1khz_50ns_20deci_2m_UTC+0900_DST0_20190607_232559.387.tdms,1khz_50ns_20deci_2m_UTC+0900_DST0_20190607_232559.387,33.0,35.0,243,648,1000.0
263,pohang__1khz_50ns_20deci_2m_UTC+0900_DST0_20190607_232559.387,pohang,pohang,pohang,unlabel,2,/home/ted1204/MS_Detection_Datamaker/MS_datamaker_PH/data/unlabel/1khz_50ns_20deci_2m_UTC+0900_DST0_20190607_232559.387.tdms,1khz_50ns_20deci_2m_UTC+0900_DST0_20190607_232559.387.tdms,1khz_50ns_20deci_2m_UTC+0900_DST0_20190607_232559.387,35.0,37.0,243,648,1000.0
264,pohang__1khz_50ns_20deci_2m_UTC+0900_DST0_20190607_232559.387,pohang,pohang,pohang,unlabel,2,/home/ted1204/MS_Detection_Datamaker/MS_datamaker_PH/data/unlabel/1khz_50ns_20deci_2m_UTC+0900_DST0_20190607_232559.387.tdms,1khz_50ns_20deci_2m_UTC+0900_DST0_20190607_232559.387.tdms,1khz_50ns_20deci_2m_UTC+0900_DST0_20190607_232559.387,37.0,39.0,243,648,1000.0
265,pohang__1khz_50ns_20deci_2m_UTC+0900_DST0_20190607_232559.387,pohang,pohang,pohang,unlabel,2,/home/ted1204/MS_Detection_Datamaker/MS_datamaker_PH/data/unlabel/1khz_50ns_20deci_2m_UTC+0900_DST0_20190607_232559.387.tdms,1khz_50ns_20deci_2m_UTC+0900_DST0_20190607_232559.387.tdms,1khz_50ns_20deci_2m_UTC+0900_DST0_20190607_232559.387,47.0,49.0,243,648,1000.0
266,pohang__1khz_50ns_20deci_2m_UTC+0900_DST0_20190607_232559.387,pohang,pohang,pohang,unlabel,2,/home/ted1204/MS_Detection_Datamaker/MS_datamaker_PH/data/unlabel/1khz_50ns_20deci_2m_UTC+0900_DST0_20190607_232559.387.tdms,1khz_50ns_20deci_2m_UTC+0900_DST0_20190607_232559.387.tdms,1khz_50ns_20deci_2m_UTC+0900_DST0_20190607_232559.387,48.0,50.0,243,648,1000.0
267,pohang__1khz_50ns_20deci_2m_UTC+0900_DST0_20190607_232559.387,pohang,pohang,pohang,unlabel,2,/home/ted1204/MS_Detection_Datamaker/MS_datamaker_PH/data/unlabel/1khz_50ns_20deci_2m_UTC+0900_DST0_20190607_232559.387.tdms,1khz_50ns_20deci_2m_UTC+0900_DST0_20190607_232559.387.tdms,1khz_50ns_20deci_2m_UTC+0900_DST0_20190607_232559.387,54.0,56.0,243,648,1000.0
268,pohang__1khz_50ns_20deci_2m_UTC+0900_DST0_20190607_232559.387,pohang,pohang,pohang,unlabel,2,/home/ted1204/MS_Detection_Datamaker/MS_datamaker_PH/data/unlabel/1khz_50ns_20deci_2m_UTC+0900_DST0_20190607_232559.387.tdms,1khz_50ns_20deci_2m_UTC+0900_DST0_20190607_232559.387.tdms,1khz_50ns_20deci_2m_UTC+0900_DST0_20190607_232559.387,55.0,57.0,243,648,1000.0
269,pohang__1khz_50ns_20deci_2m_UTC+0900_DST0_20190607_232559.387,pohang,pohang,pohang,unlabel,2,/home/ted1204/MS_Detection_Datamaker/MS_datamaker_PH/data/unlabel/1khz_50ns_20deci_2m_UTC+0900_DST0_20190607_232559.387.tdms,1khz_50ns_20deci_2m_UTC+0900_DST0_20190607_232559.387.tdms,1khz_50ns_20deci_2m_UTC+0900_DST0_20190607_232559.387,58.0,60.0,243,648,1000.0
270,pohang__1khz_50ns_20deci_2m_UTC+0900_DST0_20190612_011159.387,pohang,pohang,pohang,unlabel,2,/home/ted1204/MS_Detection_Datamaker/MS_datamaker_PH/data/unlabel/1khz_50ns_20deci_2m_UTC+0900_DST0_20190612_011159.387.tdms,1khz_50ns_20deci_2m_UTC+0900_DST0_20190612_011159.387.tdms,1khz_50ns_20deci_2m_UTC+0900_DST0_20190612_011159.387,1.0,3.0,243,648,1000.0
271,pohang__1khz_50ns_20deci_2m_UTC+0900_DST0_20190612_011159.387,pohang,pohang,pohang,unlabel,2,/home/ted1204/MS_Detection_Datamaker/MS_datamaker_PH/data/unlabel/1khz_50ns_20deci_2m_UTC+0900_DST0_20190612_011159.387.tdms,1khz_50ns_20deci_2m_UTC+0900_DST0_20190612_011159.387.tdms,1khz_50ns_20deci_2m_UTC+0900_DST0_20190612_011159.387,3.0,5.0,243,648,1000.0
272,pohang__1khz_50ns_20deci_2m_UTC+0900_DST0_20190612_011159.387,pohang,pohang,pohang,unlabel,2,/home/ted1204/MS_Detection_Datamaker/MS_datamaker_PH/data/unlabel/1khz_50ns_20deci_2m_UTC+0900_DST0_20190612_011159.387.tdms,1khz_50ns_20deci_2m_UTC+0900_DST0_20190612_011159.387.tdms,1khz_50ns_20deci_2m_UTC+0900_DST0_20190612_011159.387,5.0,7.0,243,648,1000.0
273,pohang__1khz_50ns_20deci_2m_UTC+0900_DST0_20190612_011159.387,pohang,pohang,pohang,unlabel,2,/home/ted1204/MS_Detection_Datamaker/MS_datamaker_PH/data/unlabel/1khz_50ns_20deci_2m_UTC+0900_DST0_20190612_011159.387.tdms,1khz_50ns_20deci_2m_UTC+0900_DST0_20190612_011159.387.tdms,1khz_50ns_20deci_2m_UTC+0900_DST0_20190612_011159.387,20.0,22.0,243,648,1000.0
274,pohang__1khz_50ns_20deci_2m_UTC+0900_DST0_20190612_011159.387,pohang,pohang,pohang,unlabel,2,/home/ted1204/MS_Detection_Datamaker/MS_datamaker_PH/data/unlabel/1khz_50ns_20deci_2m_UTC+0900_DST0_20190612_011159.387.tdms,1khz_50ns_20deci_2m_UTC+0900_DST0_20190612_011159.387.tdms,1khz_50ns_20deci_2m_UTC+0900_DST0_20190612_011159.387,27.0,29.0,243,648,1000.0
275,pohang__1khz_50ns_20deci_2m_UTC+0900_DST0_20190612_011159.387,pohang,pohang,pohang,unlabel,2,/home/ted1204/MS_Detection_Datamaker/MS_datamaker_PH/data/unlabel/1khz_50ns_20deci_2m_UTC+0900_DST0_20190612_011159.387.tdms,1khz_50ns_20deci_2m_UTC+0900_DST0_20190612_011159.387.tdms,1khz_50ns_20deci_2m_UTC+0900_DST0_20190612_011159.387,29.0,31.0,243,648,1000.0
276,pohang__1khz_50ns_20deci_2m_UTC+0900_DST0_20190612_011159.387,pohang,pohang,pohang,unlabel,2,/home/ted1204/MS_Detection_Datamaker/MS_datamaker_PH/data/unlabel/1khz_50ns_20deci_2m_UTC+0900_DST0_20190612_011159.387.tdms,1khz_50ns_20deci_2m_UTC+0900_DST0_20190612_011159.387.tdms,1khz_50ns_20deci_2m_UTC+0900_DST0_20190612_011159.387,31.0,33.0,243,648,1000.0
277,pohang__1khz_50ns_20deci_2m_UTC+0900_DST0_20190612_011159.387,pohang,pohang,pohang,unlabel,2,/home/ted1204/MS_Detection_Datamaker/MS_datamaker_PH/data/unlabel/1khz_50ns_20deci_2m_UTC+0900_DST0_20190612_011159.387.tdms,1khz_50ns_20deci_2m_UTC+0900_DST0_20190612_011159.387.tdms,1khz_50ns_20deci_2m_UTC+0900_DST0_20190612_011159.387,34.0,36.0,243,648,1000.0
278,pohang__1khz_50ns_20deci_2m_UTC+0900_DST0_20190612_011159.387,pohang,pohang,pohang,unlabel,2,/home/ted1204/MS_Detection_Datamaker/MS_datamaker_PH/data/unlabel/1khz_50ns_20deci_2m_UTC+0900_DST0_20190612_011159.387.tdms,1khz_50ns_20deci_2m_UTC+0900_DST0_20190612_011159.387.tdms,1khz_50ns_20deci_2m_UTC+0900_DST0_20190612_011159.387,36.0,38.0,243,648,1000.0
279,pohang__1khz_50ns_20deci_2m_UTC+0900_DST0_20190612_011159.387,pohang,pohang,pohang,unlabel,2,/home/ted1204/MS_Detection_Datamaker/MS_datamaker_PH/data/unlabel/1khz_50ns_20deci_2m_UTC+0900_DST0_20190612_011159.387.tdms,1khz_50ns_20deci_2m_UTC+0900_DST0_20190612_011159.387.tdms,1khz_50ns_20deci_2m_UTC+0900_DST0_20190612_011159.387,40.0,42.0,243,648,1000.0
280,pohang__1khz_50ns_20deci_2m_UTC+0900_DST0_20190612_011159.387,pohang,pohang,pohang,unlabel,2,/home/ted1204/MS_Detection_Datamaker/MS_datamaker_PH/data/unlabel/1khz_50ns_20deci_2m_UTC+0900_DST0_20190612_011159.387.tdms,1khz_50ns_20deci_2m_UTC+0900_DST0_20190612_011159.387.tdms,1khz_50ns_20deci_2m_UTC+0900_DST0_20190612_011159.387,43.0,45.0,243,648,1000.0
281,pohang__1khz_50ns_20deci_2m_UTC+0900_DST0_20190612_011159.387,pohang,pohang,pohang,unlabel,2,/home/ted1204/MS_Detection_Datamaker/MS_datamaker_PH/data/unlabel/1khz_50ns_20deci_2m_UTC+0900_DST0_20190612_011159.387.tdms,1khz_50ns_20deci_2m_UTC+0900_DST0_20190612_011159.387.tdms,1khz_50ns_20deci_2m_UTC+0900_DST0_20190612_011159.387,45.0,47.0,243,648,1000.0
282,pohang__1khz_50ns_20deci_2m_UTC+0900_DST0_20190612_011159.387,pohang,pohang,pohang,unlabel,2,/home/ted1204/MS_Detection_Datamaker/MS_datamaker_PH/data/unlabel/1khz_50ns_20deci_2m_UTC+0900_DST0_20190612_011159.387.tdms,1khz_50ns_20deci_2m_UTC+0900_DST0_20190612_011159.387.tdms,1khz_50ns_20deci_2m_UTC+0900_DST0_20190612_011159.387,47.0,49.0,243,648,1000.0
283,pohang__1khz_50ns_20deci_2m_UTC+0900_DST0_20190612_011159.387,pohang,pohang,pohang,unlabel,2,/home/ted1204/MS_Detection_Datamaker/MS_datamaker_PH/data/unlabel/1khz_50ns_20deci_2m_UTC+0900_DST0_20190612_011159.387.tdms,1khz_50ns_20deci_2m_UTC+0900_DST0_20190612_011159.387.tdms,1khz_50ns_20deci_2m_UTC+0900_DST0_20190612_011159.387,50.0,52.0,243,648,1000.0
284,pohang__1khz_50ns_20deci_2m_UTC+0900_DST0_20190612_011159.387,pohang,pohang,pohang,unlabel,2,/home/ted1204/MS_Detection_Datamaker/MS_datamaker_PH/data/unlabel/1khz_50ns_20deci_2m_UTC+0900_DST0_20190612_011159.387.tdms,1khz_50ns_20deci_2m_UTC+0900_DST0_20190612_011159.387.tdms,1khz_50ns_20deci_2m_UTC+0900_DST0_20190612_011159.387,51.0,53.0,243,648,1000.0
285,pohang__1khz_50ns_20deci_2m_UTC+0900_DST0_20190612_053459.387,pohang,pohang,pohang,unlabel,2,/home/ted1204/MS_Detection_Datamaker/MS_datamaker_PH/data/unlabel/1khz_50ns_20deci_2m_UTC+0900_DST0_20190612_053459.387.tdms,1khz_50ns_20deci_2m_UTC+0900_DST0_20190612_053459.387.tdms,1khz_50ns_20deci_2m_UTC+0900_DST0_20190612_053459.387,0.0,2.0,243,648,1000.0
286,pohang__1khz_50ns_20deci_2m_UTC+0900_DST0_20190612_053459.387,pohang,pohang,pohang,unlabel,2,/home/ted1204/MS_Detection_Datamaker/MS_datamaker_PH/data/unlabel/1khz_50ns_20deci_2m_UTC+0900_DST0_20190612_053459.387.tdms,1khz_50ns_20deci_2m_UTC+0900_DST0_20190612_053459.387.tdms,1khz_50ns_20deci_2m_UTC+0900_DST0_20190612_053459.387,8.0,10.0,243,648,1000.0
287,pohang__1khz_50ns_20deci_2m_UTC+0900_DST0_20190612_053459.387,pohang,pohang,pohang,unlabel,2,/home/ted1204/MS_Detection_Datamaker/MS_datamaker_PH/data/unlabel/1khz_50ns_20deci_2m_UTC+0900_DST0_20190612_053459.387.tdms,1khz_50ns_20deci_2m_UTC+0900_DST0_20190612_053459.387.tdms,1khz_50ns_20deci_2m_UTC+0900_DST0_20190612_053459.387,11.0,13.0,243,648,1000.0
288,pohang__1khz_50ns_20deci_2m_UTC+0900_DST0_20190612_053459.387,pohang,pohang,pohang,unlabel,2,/home/ted1204/MS_Detection_Datamaker/MS_datamaker_PH/data/unlabel/1khz_50ns_20deci_2m_UTC+0900_DST0_20190612_053459.387.tdms,1khz_50ns_20deci_2m_UTC+0900_DST0_20190612_053459.387.tdms,1khz_50ns_20deci_2m_UTC+0900_DST0_20190612_053459.387,12.0,14.0,243,648,1000.0
289,pohang__1khz_50ns_20deci_2m_UTC+0900_DST0_20190612_053459.387,pohang,pohang,pohang,unlabel,2,/home/ted1204/MS_Detection_Datamaker/MS_datamaker_PH/data/unlabel/1khz_50ns_20deci_2m_UTC+0900_DST0_20190612_053459.387.tdms,1khz_50ns_20deci_2m_UTC+0900_DST0_20190612_053459.387.tdms,1khz_50ns_20deci_2m_UTC+0900_DST0_20190612_053459.387,19.0,21.0,243,648,1000.0
290,pohang__1khz_50ns_20deci_2m_UTC+0900_DST0_20190612_053459.387,pohang,pohang,pohang,unlabel,2,/home/ted1204/MS_Detection_Datamaker/MS_datamaker_PH/data/unlabel/1khz_50ns_20deci_2m_UTC+0900_DST0_20190612_053459.387.tdms,1khz_50ns_20deci_2m_UTC+0900_DST0_20190612_053459.387.tdms,1khz_50ns_20deci_2m_UTC+0900_DST0_20190612_053459.387,21.0,23.0,243,648,1000.0
291,pohang__1khz_50ns_20deci_2m_UTC+0900_DST0_20190612_053459.387,pohang,pohang,pohang,unlabel,2,/home/ted1204/MS_Detection_Datamaker/MS_datamaker_PH/data/unlabel/1khz_50ns_20deci_2m_UTC+0900_DST0_20190612_053459.387.tdms,1khz_50ns_20deci_2m_UTC+0900_DST0_20190612_053459.387.tdms,1khz_50ns_20deci_2m_UTC+0900_DST0_20190612_053459.387,23.0,25.0,243,648,1000.0
292,pohang__1khz_50ns_20deci_2m_UTC+0900_DST0_20190612_053459.387,pohang,pohang,pohang,unlabel,2,/home/ted1204/MS_Detection_Datamaker/MS_datamaker_PH/data/unlabel/1khz_50ns_20deci_2m_UTC+0900_DST0_20190612_053459.387.tdms,1khz_50ns_20deci_2m_UTC+0900_DST0_20190612_053459.387.tdms,1khz_50ns_20deci_2m_UTC+0900_DST0_20190612_053459.387,27.0,29.0,243,648,1000.0
293,pohang__1khz_50ns_20deci_2m_UTC+0900_DST0_20190612_053459.387,pohang,pohang,pohang,unlabel,2,/home/ted1204/MS_Detection_Datamaker/MS_datamaker_PH/data/unlabel/1khz_50ns_20deci_2m_UTC+0900_DST0_20190612_053459.387.tdms,1khz_50ns_20deci_2m_UTC+0900_DST0_20190612_053459.387.tdms,1khz_50ns_20deci_2m_UTC+0900_DST0_20190612_053459.387,28.0,30.0,243,648,1000.0
294,pohang__1khz_50ns_20deci_2m_UTC+0900_DST0_20190612_053459.387,pohang,pohang,pohang,unlabel,2,/home/ted1204/MS_Detection_Datamaker/MS_datamaker_PH/data/unlabel/1khz_50ns_20deci_2m_UTC+0900_DST0_20190612_053459.387.tdms,1khz_50ns_20deci_2m_UTC+0900_DST0_20190612_053459.387.tdms,1khz_50ns_20deci_2m_UTC+0900_DST0_20190612_053459.387,34.0,36.0,243,648,1000.0
295,pohang__1khz_50ns_20deci_2m_UTC+0900_DST0_20190612_053459.387,pohang,pohang,pohang,unlabel,2,/home/ted1204/MS_Detection_Datamaker/MS_datamaker_PH/data/unlabel/1khz_50ns_20deci_2m_UTC+0900_DST0_20190612_053459.387.tdms,1khz_50ns_20deci_2m_UTC+0900_DST0_20190612_053459.387.tdms,1khz_50ns_20deci_2m_UTC+0900_DST0_20190612_053459.387,36.0,38.0,243,648,1000.0
296,pohang__1khz_50ns_20deci_2m_UTC+0900_DST0_20190612_053459.387,pohang,pohang,pohang,unlabel,2,/home/ted1204/MS_Detection_Datamaker/MS_datamaker_PH/data/unlabel/1khz_50ns_20deci_2m_UTC+0900_DST0_20190612_053459.387.tdms,1khz_50ns_20deci_2m_UTC+0900_DST0_20190612_053459.387.tdms,1khz_50ns_20deci_2m_UTC+0900_DST0_20190612_053459.387,42.0,44.0,243,648,1000.0
297,pohang__1khz_50ns_20deci_2m_UTC+0900_DST0_20190612_053459.387,pohang,pohang,pohang,unlabel,2,/home/ted1204/MS_Detection_Datamaker/MS_datamaker_PH/data/unlabel/1khz_50ns_20deci_2m_UTC+0900_DST0_20190612_053459.387.tdms,1khz_50ns_20deci_2m_UTC+0900_DST0_20190612_053459.387.tdms,1khz_50ns_20deci_2m_UTC+0900_DST0_20190612_053459.387,43.0,45.0,243,648,1000.0
298,pohang__1khz_50ns_20deci_2m_UTC+0900_DST0_20190612_053459.387,pohang,pohang,pohang,unlabel,2,/home/ted1204/MS_Detection_Datamaker/MS_datamaker_PH/data/unlabel/1khz_50ns_20deci_2m_UTC+0900_DST0_20190612_053459.387.tdms,1khz_50ns_20deci_2m_UTC+0900_DST0_20190612_053459.387.tdms,1khz_50ns_20deci_2m_UTC+0900_DST0_20190612_053459.387,55.0,57.0,243,648,1000.0
299,pohang__1khz_50ns_20deci_2m_UTC+0900_DST0_20190612_053459.387,pohang,pohang,pohang,unlabel,2,/home/ted1204/MS_Detection_Datamaker/MS_datamaker_PH/data/unlabel/1khz_50ns_20deci_2m_UTC+0900_DST0_20190612_053459.387.tdms,1khz_50ns_20deci_2m_UTC+0900_DST0_20190612_053459.387.tdms,1khz_50ns_20deci_2m_UTC+0900_DST0_20190612_053459.387,58.0,60.0,243,648,1000.0
300,pohang__1khz_50ns_20deci_2m_UTC+0900_DST0_20190612_201559.387,pohang,pohang,pohang,unlabel,2,/home/ted1204/MS_Detection_Datamaker/MS_datamaker_PH/data/unlabel/1khz_50ns_20deci_2m_UTC+0900_DST0_20190612_201559.387.tdms,1khz_50ns_20deci_2m_UTC+0900_DST0_20190612_201559.387.tdms,1khz_50ns_20deci_2m_UTC+0900_DST0_20190612_201559.387,3.0,5.0,243,648,1000.0
301,pohang__1khz_50ns_20deci_2m_UTC+0900_DST0_20190612_201559.387,pohang,pohang,pohang,unlabel,2,/home/ted1204/MS_Detection_Datamaker/MS_datamaker_PH/data/unlabel/1khz_50ns_20deci_2m_UTC+0900_DST0_20190612_201559.387.tdms,1khz_50ns_20deci_2m_UTC+0900_DST0_20190612_201559.387.tdms,1khz_50ns_20deci_2m_UTC+0900_DST0_20190612_201559.387,4.0,6.0,243,648,1000.0
302,pohang__1khz_50ns_20deci_2m_UTC+0900_DST0_20190612_201559.387,pohang,pohang,pohang,unlabel,2,/home/ted1204/MS_Detection_Datamaker/MS_datamaker_PH/data/unlabel/1khz_50ns_20deci_2m_UTC+0900_DST0_20190612_201559.387.tdms,1khz_50ns_20deci_2m_UTC+0900_DST0_20190612_201559.387.tdms,1khz_50ns_20deci_2m_UTC+0900_DST0_20190612_201559.387,8.0,10.0,243,648,1000.0
303,pohang__1khz_50ns_20deci_2m_UTC+0900_DST0_20190612_201559.387,pohang,pohang,pohang,unlabel,2,/home/ted1204/MS_Detection_Datamaker/MS_datamaker_PH/data/unlabel/1khz_50ns_20deci_2m_UTC+0900_DST0_20190612_201559.387.tdms,1khz_50ns_20deci_2m_UTC+0900_DST0_20190612_201559.387.tdms,1khz_50ns_20deci_2m_UTC+0900_DST0_20190612_201559.387,10.0,12.0,243,648,1000.0
304,pohang__1khz_50ns_20deci_2m_UTC+0900_DST0_20190612_201559.387,pohang,pohang,pohang,unlabel,2,/home/ted1204/MS_Detection_Datamaker/MS_datamaker_PH/data/unlabel/1khz_50ns_20deci_2m_UTC+0900_DST0_20190612_201559.387.tdms,1khz_50ns_20deci_2m_UTC+0900_DST0_20190612_201559.387.tdms,1khz_50ns_20deci_2m_UTC+0900_DST0_20190612_201559.387,14.0,16.0,243,648,1000.0
305,pohang__1khz_50ns_20deci_2m_UTC+0900_DST0_20190612_201559.387,pohang,pohang,pohang,unlabel,2,/home/ted1204/MS_Detection_Datamaker/MS_datamaker_PH/data/unlabel/1khz_50ns_20deci_2m_UTC+0900_DST0_20190612_201559.387.tdms,1khz_50ns_20deci_2m_UTC+0900_DST0_20190612_201559.387.tdms,1khz_50ns_20deci_2m_UTC+0900_DST0_20190612_201559.387,16.0,18.0,243,648,1000.0
306,pohang__1khz_50ns_20deci_2m_UTC+0900_DST0_20190612_201559.387,pohang,pohang,pohang,unlabel,2,/home/ted1204/MS_Detection_Datamaker/MS_datamaker_PH/data/unlabel/1khz_50ns_20deci_2m_UTC+0900_DST0_20190612_201559.387.tdms,1khz_50ns_20deci_2m_UTC+0900_DST0_20190612_201559.387.tdms,1khz_50ns_20deci_2m_UTC+0900_DST0_20190612_201559.387,23.0,25.0,243,648,1000.0
307,pohang__1khz_50ns_20deci_2m_UTC+0900_DST0_20190612_201559.387,pohang,pohang,pohang,unlabel,2,/home/ted1204/MS_Detection_Datamaker/MS_datamaker_PH/data/unlabel/1khz_50ns_20deci_2m_UTC+0900_DST0_20190612_201559.387.tdms,1khz_50ns_20deci_2m_UTC+0900_DST0_20190612_201559.387.tdms,1khz_50ns_20deci_2m_UTC+0900_DST0_20190612_201559.387,26.0,28.0,243,648,1000.0
308,pohang__1khz_50ns_20deci_2m_UTC+0900_DST0_20190612_201559.387,pohang,pohang,pohang,unlabel,2,/home/ted1204/MS_Detection_Datamaker/MS_datamaker_PH/data/unlabel/1khz_50ns_20deci_2m_UTC+0900_DST0_20190612_201559.387.tdms,1khz_50ns_20deci_2m_UTC+0900_DST0_20190612_201559.387.tdms,1khz_50ns_20deci_2m_UTC+0900_DST0_20190612_201559.387,30.0,32.0,243,648,1000.0
309,pohang__1khz_50ns_20deci_2m_UTC+0900_DST0_20190612_201559.387,pohang,pohang,pohang,unlabel,2,/home/ted1204/MS_Detection_Datamaker/MS_datamaker_PH/data/unlabel/1khz_50ns_20deci_2m_UTC+0900_DST0_20190612_201559.387.tdms,1khz_50ns_20deci_2m_UTC+0900_DST0_20190612_201559.387.tdms,1khz_50ns_20deci_2m_UTC+0900_DST0_20190612_201559.387,40.0,42.0,243,648,1000.0
310,pohang__1khz_50ns_20deci_2m_UTC+0900_DST0_20190612_201559.387,pohang,pohang,pohang,unlabel,2,/home/ted1204/MS_Detection_Datamaker/MS_datamaker_PH/data/unlabel/1khz_50ns_20deci_2m_UTC+0900_DST0_20190612_201559.387.tdms,1khz_50ns_20deci_2m_UTC+0900_DST0_20190612_201559.387.tdms,1khz_50ns_20deci_2m_UTC+0900_DST0_20190612_201559.387,41.0,43.0,243,648,1000.0
311,pohang__1khz_50ns_20deci_2m_UTC+0900_DST0_20190612_201559.387,pohang,pohang,pohang,unlabel,2,/home/ted1204/MS_Detection_Datamaker/MS_datamaker_PH/data/unlabel/1khz_50ns_20deci_2m_UTC+0900_DST0_20190612_201559.387.tdms,1khz_50ns_20deci_2m_UTC+0900_DST0_20190612_201559.387.tdms,1khz_50ns_20deci_2m_UTC+0900_DST0_20190612_201559.387,44.0,46.0,243,648,1000.0
312,pohang__1khz_50ns_20deci_2m_UTC+0900_DST0_20190612_201559.387,pohang,pohang,pohang,unlabel,2,/home/ted1204/MS_Detection_Datamaker/MS_datamaker_PH/data/unlabel/1khz_50ns_20deci_2m_UTC+0900_DST0_20190612_201559.387.tdms,1khz_50ns_20deci_2m_UTC+0900_DST0_20190612_201559.387.tdms,1khz_50ns_20deci_2m_UTC+0900_DST0_20190612_201559.387,45.0,47.0,243,648,1000.0
313,pohang__1khz_50ns_20deci_2m_UTC+0900_DST0_20190612_201559.387,pohang,pohang,pohang,unlabel,2,/home/ted1204/MS_Detection_Datamaker/MS_datamaker_PH/data/unlabel/1khz_50ns_20deci_2m_UTC+0900_DST0_20190612_201559.387.tdms,1khz_50ns_20deci_2m_UTC+0900_DST0_20190612_201559.387.tdms,1khz_50ns_20deci_2m_UTC+0900_DST0_20190612_201559.387,46.0,48.0,243,648,1000.0
314,pohang__1khz_50ns_20deci_2m_UTC+0900_DST0_20190612_201559.387,pohang,pohang,pohang,unlabel,2,/home/ted1204/MS_Detection_Datamaker/MS_datamaker_PH/data/unlabel/1khz_50ns_20deci_2m_UTC+0900_DST0_20190612_201559.387.tdms,1khz_50ns_20deci_2m_UTC+0900_DST0_20190612_201559.387.tdms,1khz_50ns_20deci_2m_UTC+0900_DST0_20190612_201559.387,53.0,55.0,243,648,1000.0
315,pohang__1khz_50ns_20deci_2m_UTC+0900_DST0_20190612_203359.387,pohang,pohang,pohang,unlabel,2,/home/ted1204/MS_Detection_Datamaker/MS_datamaker_PH/data/unlabel/1khz_50ns_20deci_2m_UTC+0900_DST0_20190612_203359.387.tdms,1khz_50ns_20deci_2m_UTC+0900_DST0_20190612_203359.387.tdms,1khz_50ns_20deci_2m_UTC+0900_DST0_20190612_203359.387,2.0,4.0,243,648,1000.0
316,pohang__1khz_50ns_20deci_2m_UTC+0900_DST0_20190612_203359.387,pohang,pohang,pohang,unlabel,2,/home/ted1204/MS_Detection_Datamaker/MS_datamaker_PH/data/unlabel/1khz_50ns_20deci_2m_UTC+0900_DST0_20190612_203359.387.tdms,1khz_50ns_20deci_2m_UTC+0900_DST0_20190612_203359.387.tdms,1khz_50ns_20deci_2m_UTC+0900_DST0_20190612_203359.387,11.0,13.0,243,648,1000.0
317,pohang__1khz_50ns_20deci_2m_UTC+0900_DST0_20190612_203359.387,pohang,pohang,pohang,unlabel,2,/home/ted1204/MS_Detection_Datamaker/MS_datamaker_PH/data/unlabel/1khz_50ns_20deci_2m_UTC+0900_DST0_20190612_203359.387.tdms,1khz_50ns_20deci_2m_UTC+0900_DST0_20190612_203359.387.tdms,1khz_50ns_20deci_2m_UTC+0900_DST0_20190612_203359.387,12.0,14.0,243,648,1000.0
318,pohang__1khz_50ns_20deci_2m_UTC+0900_DST0_20190612_203359.387,pohang,pohang,pohang,unlabel,2,/home/ted1204/MS_Detection_Datamaker/MS_datamaker_PH/data/unlabel/1khz_50ns_20deci_2m_UTC+0900_DST0_20190612_203359.387.tdms,1khz_50ns_20deci_2m_UTC+0900_DST0_20190612_203359.387.tdms,1khz_50ns_20deci_2m_UTC+0900_DST0_20190612_203359.387,18.0,20.0,243,648,1000.0
319,pohang__1khz_50ns_20deci_2m_UTC+0900_DST0_20190612_203359.387,pohang,pohang,pohang,unlabel,2,/home/ted1204/MS_Detection_Datamaker/MS_datamaker_PH/data/unlabel/1khz_50ns_20deci_2m_UTC+0900_DST0_20190612_203359.387.tdms,1khz_50ns_20deci_2m_UTC+0900_DST0_20190612_203359.387.tdms,1khz_50ns_20deci_2m_UTC+0900_DST0_20190612_203359.387,22.0,24.0,243,648,1000.0
320,pohang__1khz_50ns_20deci_2m_UTC+0900_DST0_20190612_203359.387,pohang,pohang,pohang,unlabel,2,/home/ted1204/MS_Detection_Datamaker/MS_datamaker_PH/data/unlabel/1khz_50ns_20deci_2m_UTC+0900_DST0_20190612_203359.387.tdms,1khz_50ns_20deci_2m_UTC+0900_DST0_20190612_203359.387.tdms,1khz_50ns_20deci_2m_UTC+0900_DST0_20190612_203359.387,30.0,32.0,243,648,1000.0
321,pohang__1khz_50ns_20deci_2m_UTC+0900_DST0_20190612_203359.387,pohang,pohang,pohang,unlabel,2,/home/ted1204/MS_Detection_Datamaker/MS_datamaker_PH/data/unlabel/1khz_50ns_20deci_2m_UTC+0900_DST0_20190612_203359.387.tdms,1khz_50ns_20deci_2m_UTC+0900_DST0_20190612_203359.387.tdms,1khz_50ns_20deci_2m_UTC+0900_DST0_20190612_203359.387,32.0,34.0,243,648,1000.0
322,pohang__1khz_50ns_20deci_2m_UTC+0900_DST0_20190612_203359.387,pohang,pohang,pohang,unlabel,2,/home/ted1204/MS_Detection_Datamaker/MS_datamaker_PH/data/unlabel/1khz_50ns_20deci_2m_UTC+0900_DST0_20190612_203359.387.tdms,1khz_50ns_20deci_2m_UTC+0900_DST0_20190612_203359.387.tdms,1khz_50ns_20deci_2m_UTC+0900_DST0_20190612_203359.387,33.0,35.0,243,648,1000.0
323,pohang__1khz_50ns_20deci_2m_UTC+0900_DST0_20190612_203359.387,pohang,pohang,pohang,unlabel,2,/home/ted1204/MS_Detection_Datamaker/MS_datamaker_PH/data/unlabel/1khz_50ns_20deci_2m_UTC+0900_DST0_20190612_203359.387.tdms,1khz_50ns_20deci_2m_UTC+0900_DST0_20190612_203359.387.tdms,1khz_50ns_20deci_2m_UTC+0900_DST0_20190612_203359.387,34.0,36.0,243,648,1000.0
324,pohang__1khz_50ns_20deci_2m_UTC+0900_DST0_20190612_203359.387,pohang,pohang,pohang,unlabel,2,/home/ted1204/MS_Detection_Datamaker/MS_datamaker_PH/data/unlabel/1khz_50ns_20deci_2m_UTC+0900_DST0_20190612_203359.387.tdms,1khz_50ns_20deci_2m_UTC+0900_DST0_20190612_203359.387.tdms,1khz_50ns_20deci_2m_UTC+0900_DST0_20190612_203359.387,38.0,40.0,243,648,1000.0
325,pohang__1khz_50ns_20deci_2m_UTC+0900_DST0_20190612_203359.387,pohang,pohang,pohang,unlabel,2,/home/ted1204/MS_Detection_Datamaker/MS_datamaker_PH/data/unlabel/1khz_50ns_20deci_2m_UTC+0900_DST0_20190612_203359.387.tdms,1khz_50ns_20deci_2m_UTC+0900_DST0_20190612_203359.387.tdms,1khz_50ns_20deci_2m_UTC+0900_DST0_20190612_203359.387,46.0,48.0,243,648,1000.0
326,pohang__1khz_50ns_20deci_2m_UTC+0900_DST0_20190612_203359.387,pohang,pohang,pohang,unlabel,2,/home/ted1204/MS_Detection_Datamaker/MS_datamaker_PH/data/unlabel/1khz_50ns_20deci_2m_UTC+0900_DST0_20190612_203359.387.tdms,1khz_50ns_20deci_2m_UTC+0900_DST0_20190612_203359.387.tdms,1khz_50ns_20deci_2m_UTC+0900_DST0_20190612_203359.387,48.0,50.0,243,648,1000.0
327,pohang__1khz_50ns_20deci_2m_UTC+0900_DST0_20190612_203359.387,pohang,pohang,pohang,unlabel,2,/home/ted1204/MS_Detection_Datamaker/MS_datamaker_PH/data/unlabel/1khz_50ns_20deci_2m_UTC+0900_DST0_20190612_203359.387.tdms,1khz_50ns_20deci_2m_UTC+0900_DST0_20190612_203359.387.tdms,1khz_50ns_20deci_2m_UTC+0900_DST0_20190612_203359.387,50.0,52.0,243,648,1000.0
328,pohang__1khz_50ns_20deci_2m_UTC+0900_DST0_20190612_203359.387,pohang,pohang,pohang,unlabel,2,/home/ted1204/MS_Detection_Datamaker/MS_datamaker_PH/data/unlabel/1khz_50ns_20deci_2m_UTC+0900_DST0_20190612_203359.387.tdms,1khz_50ns_20deci_2m_UTC+0900_DST0_20190612_203359.387.tdms,1khz_50ns_20deci_2m_UTC+0900_DST0_20190612_203359.387,54.0,56.0,243,648,1000.0
329,pohang__1khz_50ns_20deci_2m_UTC+0900_DST0_20190612_203359.387,pohang,pohang,pohang,unlabel,2,/home/ted1204/MS_Detection_Datamaker/MS_datamaker_PH/data/unlabel/1khz_50ns_20deci_2m_UTC+0900_DST0_20190612_203359.387.tdms,1khz_50ns_20deci_2m_UTC+0900_DST0_20190612_203359.387.tdms,1khz_50ns_20deci_2m_UTC+0900_DST0_20190612_203359.387,55.0,57.0,243,648,1000.0
330,pohang__1khz_50ns_20deci_2m_UTC+0900_DST0_20190613_211900.986,pohang,pohang,pohang,unlabel,2,/home/ted1204/MS_Detection_Datamaker/MS_datamaker_PH/data/unlabel/1khz_50ns_20deci_2m_UTC+0900_DST0_20190613_211900.986.tdms,1khz_50ns_20deci_2m_UTC+0900_DST0_20190613_211900.986.tdms,1khz_50ns_20deci_2m_UTC+0900_DST0_20190613_211900.986,2.0,4.0,243,648,1000.0
331,pohang__1khz_50ns_20deci_2m_UTC+0900_DST0_20190613_211900.986,pohang,pohang,pohang,unlabel,2,/home/ted1204/MS_Detection_Datamaker/MS_datamaker_PH/data/unlabel/1khz_50ns_20deci_2m_UTC+0900_DST0_20190613_211900.986.tdms,1khz_50ns_20deci_2m_UTC+0900_DST0_20190613_211900.986.tdms,1khz_50ns_20deci_2m_UTC+0900_DST0_20190613_211900.986,3.0,5.0,243,648,1000.0
332,pohang__1khz_50ns_20deci_2m_UTC+0900_DST0_20190613_211900.986,pohang,pohang,pohang,unlabel,2,/home/ted1204/MS_Detection_Datamaker/MS_datamaker_PH/data/unlabel/1khz_50ns_20deci_2m_UTC+0900_DST0_20190613_211900.986.tdms,1khz_50ns_20deci_2m_UTC+0900_DST0_20190613_211900.986.tdms,1khz_50ns_20deci_2m_UTC+0900_DST0_20190613_211900.986,4.0,6.0,243,648,1000.0
333,pohang__1khz_50ns_20deci_2m_UTC+0900_DST0_20190613_211900.986,pohang,pohang,pohang,unlabel,2,/home/ted1204/MS_Detection_Datamaker/MS_datamaker_PH/data/unlabel/1khz_50ns_20deci_2m_UTC+0900_DST0_20190613_211900.986.tdms,1khz_50ns_20deci_2m_UTC+0900_DST0_20190613_211900.986.tdms,1khz_50ns_20deci_2m_UTC+0900_DST0_20190613_211900.986,5.0,7.0,243,648,1000.0
334,pohang__1khz_50ns_20deci_2m_UTC+0900_DST0_20190613_211900.986,pohang,pohang,pohang,unlabel,2,/home/ted1204/MS_Detection_Datamaker/MS_datamaker_PH/data/unlabel/1khz_50ns_20deci_2m_UTC+0900_DST0_20190613_211900.986.tdms,1khz_50ns_20deci_2m_UTC+0900_DST0_20190613_211900.986.tdms,1khz_50ns_20deci_2m_UTC+0900_DST0_20190613_211900.986,6.0,8.0,243,648,1000.0
335,pohang__1khz_50ns_20deci_2m_UTC+0900_DST0_20190613_211900.986,pohang,pohang,pohang,unlabel,2,/home/ted1204/MS_Detection_Datamaker/MS_datamaker_PH/data/unlabel/1khz_50ns_20deci_2m_UTC+0900_DST0_20190613_211900.986.tdms,1khz_50ns_20deci_2m_UTC+0900_DST0_20190613_211900.986.tdms,1khz_50ns_20deci_2m_UTC+0900_DST0_20190613_211900.986,7.0,9.0,243,648,1000.0
336,pohang__1khz_50ns_20deci_2m_UTC+0900_DST0_20190613_211900.986,pohang,pohang,pohang,unlabel,2,/home/ted1204/MS_Detection_Datamaker/MS_datamaker_PH/data/unlabel/1khz_50ns_20deci_2m_UTC+0900_DST0_20190613_211900.986.tdms,1khz_50ns_20deci_2m_UTC+0900_DST0_20190613_211900.986.tdms,1khz_50ns_20deci_2m_UTC+0900_DST0_20190613_211900.986,10.0,12.0,243,648,1000.0
337,pohang__1khz_50ns_20deci_2m_UTC+0900_DST0_20190613_211900.986,pohang,pohang,pohang,unlabel,2,/home/ted1204/MS_Detection_Datamaker/MS_datamaker_PH/data/unlabel/1khz_50ns_20deci_2m_UTC+0900_DST0_20190613_211900.986.tdms,1khz_50ns_20deci_2m_UTC+0900_DST0_20190613_211900.986.tdms,1khz_50ns_20deci_2m_UTC+0900_DST0_20190613_211900.986,11.0,13.0,243,648,1000.0
338,pohang__1khz_50ns_20deci_2m_UTC+0900_DST0_20190613_211900.986,pohang,pohang,pohang,unlabel,2,/home/ted1204/MS_Detection_Datamaker/MS_datamaker_PH/data/unlabel/1khz_50ns_20deci_2m_UTC+0900_DST0_20190613_211900.986.tdms,1khz_50ns_20deci_2m_UTC+0900_DST0_20190613_211900.986.tdms,1khz_50ns_20deci_2m_UTC+0900_DST0_20190613_211900.986,12.0,14.0,243,648,1000.0
339,pohang__1khz_50ns_20deci_2m_UTC+0900_DST0_20190613_211900.986,pohang,pohang,pohang,unlabel,2,/home/ted1204/MS_Detection_Datamaker/MS_datamaker_PH/data/unlabel/1khz_50ns_20deci_2m_UTC+0900_DST0_20190613_211900.986.tdms,1khz_50ns_20deci_2m_UTC+0900_DST0_20190613_211900.986.tdms,1khz_50ns_20deci_2m_UTC+0900_DST0_20190613_211900.986,13.0,15.0,243,648,1000.0
340,pohang__1khz_50ns_20deci_2m_UTC+0900_DST0_20190613_211900.986,pohang,pohang,pohang,unlabel,2,/home/ted1204/MS_Detection_Datamaker/MS_datamaker_PH/data/unlabel/1khz_50ns_20deci_2m_UTC+0900_DST0_20190613_211900.986.tdms,1khz_50ns_20deci_2m_UTC+0900_DST0_20190613_211900.986.tdms,1khz_50ns_20deci_2m_UTC+0900_DST0_20190613_211900.986,17.0,19.0,243,648,1000.0
341,pohang__1khz_50ns_20deci_2m_UTC+0900_DST0_20190613_211900.986,pohang,pohang,pohang,unlabel,2,/home/ted1204/MS_Detection_Datamaker/MS_datamaker_PH/data/unlabel/1khz_50ns_20deci_2m_UTC+0900_DST0_20190613_211900.986.tdms,1khz_50ns_20deci_2m_UTC+0900_DST0_20190613_211900.986.tdms,1khz_50ns_20deci_2m_UTC+0900_DST0_20190613_211900.986,20.0,22.0,243,648,1000.0
342,pohang__1khz_50ns_20deci_2m_UTC+0900_DST0_20190613_211900.986,pohang,pohang,pohang,unlabel,2,/home/ted1204/MS_Detection_Datamaker/MS_datamaker_PH/data/unlabel/1khz_50ns_20deci_2m_UTC+0900_DST0_20190613_211900.986.tdms,1khz_50ns_20deci_2m_UTC+0900_DST0_20190613_211900.986.tdms,1khz_50ns_20deci_2m_UTC+0900_DST0_20190613_211900.986,21.0,23.0,243,648,1000.0
343,pohang__1khz_50ns_20deci_2m_UTC+0900_DST0_20190613_211900.986,pohang,pohang,pohang,unlabel,2,/home/ted1204/MS_Detection_Datamaker/MS_datamaker_PH/data/unlabel/1khz_50ns_20deci_2m_UTC+0900_DST0_20190613_211900.986.tdms,1khz_50ns_20deci_2m_UTC+0900_DST0_20190613_211900.986.tdms,1khz_50ns_20deci_2m_UTC+0900_DST0_20190613_211900.986,22.0,24.0,243,648,1000.0
344,pohang__1khz_50ns_20deci_2m_UTC+0900_DST0_20190613_211900.986,pohang,pohang,pohang,unlabel,2,/home/ted1204/MS_Detection_Datamaker/MS_datamaker_PH/data/unlabel/1khz_50ns_20deci_2m_UTC+0900_DST0_20190613_211900.986.tdms,1khz_50ns_20deci_2m_UTC+0900_DST0_20190613_211900.986.tdms,1khz_50ns_20deci_2m_UTC+0900_DST0_20190613_211900.986,24.0,26.0,243,648,1000.0
345,pohang__1khz_50ns_20deci_2m_UTC+0900_DST0_20190614_222221.825,pohang,pohang,pohang,unlabel,2,/home/ted1204/MS_Detection_Datamaker/MS_datamaker_PH/data/unlabel/1khz_50ns_20deci_2m_UTC+0900_DST0_20190614_222221.825.tdms,1khz_50ns_20deci_2m_UTC+0900_DST0_20190614_222221.825.tdms,1khz_50ns_20deci_2m_UTC+0900_DST0_20190614_222221.825,0.0,2.0,243,648,1000.0
346,pohang__1khz_50ns_20deci_2m_UTC+0900_DST0_20190614_222221.825,pohang,pohang,pohang,unlabel,2,/home/ted1204/MS_Detection_Datamaker/MS_datamaker_PH/data/unlabel/1khz_50ns_20deci_2m_UTC+0900_DST0_20190614_222221.825.tdms,1khz_50ns_20deci_2m_UTC+0900_DST0_20190614_222221.825.tdms,1khz_50ns_20deci_2m_UTC+0900_DST0_20190614_222221.825,2.0,4.0,243,648,1000.0
347,pohang__1khz_50ns_20deci_2m_UTC+0900_DST0_20190614_222221.825,pohang,pohang,pohang,unlabel,2,/home/ted1204/MS_Detection_Datamaker/MS_datamaker_PH/data/unlabel/1khz_50ns_20deci_2m_UTC+0900_DST0_20190614_222221.825.tdms,1khz_50ns_20deci_2m_UTC+0900_DST0_20190614_222221.825.tdms,1khz_50ns_20deci_2m_UTC+0900_DST0_20190614_222221.825,3.0,5.0,243,648,1000.0
348,pohang__1khz_50ns_20deci_2m_UTC+0900_DST0_20190614_222221.825,pohang,pohang,pohang,unlabel,2,/home/ted1204/MS_Detection_Datamaker/MS_datamaker_PH/data/unlabel/1khz_50ns_20deci_2m_UTC+0900_DST0_20190614_222221.825.tdms,1khz_50ns_20deci_2m_UTC+0900_DST0_20190614_222221.825.tdms,1khz_50ns_20deci_2m_UTC+0900_DST0_20190614_222221.825,5.0,7.0,243,648,1000.0
349,pohang__1khz_50ns_20deci_2m_UTC+0900_DST0_20190614_222221.825,pohang,pohang,pohang,unlabel,2,/home/ted1204/MS_Detection_Datamaker/MS_datamaker_PH/data/unlabel/1khz_50ns_20deci_2m_UTC+0900_DST0_20190614_222221.825.tdms,1khz_50ns_20deci_2m_UTC+0900_DST0_20190614_222221.825.tdms,1khz_50ns_20deci_2m_UTC+0900_DST0_20190614_222221.825,6.0,8.0,243,648,1000.0
350,pohang__1khz_50ns_20deci_2m_UTC+0900_DST0_20190614_222221.825,pohang,pohang,pohang,unlabel,2,/home/ted1204/MS_Detection_Datamaker/MS_datamaker_PH/data/unlabel/1khz_50ns_20deci_2m_UTC+0900_DST0_20190614_222221.825.tdms,1khz_50ns_20deci_2m_UTC+0900_DST0_20190614_222221.825.tdms,1khz_50ns_20deci_2m_UTC+0900_DST0_20190614_222221.825,7.0,9.0,243,648,1000.0
351,pohang__1khz_50ns_20deci_2m_UTC+0900_DST0_20190614_222221.825,pohang,pohang,pohang,unlabel,2,/home/ted1204/MS_Detection_Datamaker/MS_datamaker_PH/data/unlabel/1khz_50ns_20deci_2m_UTC+0900_DST0_20190614_222221.825.tdms,1khz_50ns_20deci_2m_UTC+0900_DST0_20190614_222221.825.tdms,1khz_50ns_20deci_2m_UTC+0900_DST0_20190614_222221.825,9.0,11.0,243,648,1000.0
352,pohang__1khz_50ns_20deci_2m_UTC+0900_DST0_20190614_222221.825,pohang,pohang,pohang,unlabel,2,/home/ted1204/MS_Detection_Datamaker/MS_datamaker_PH/data/unlabel/1khz_50ns_20deci_2m_UTC+0900_DST0_20190614_222221.825.tdms,1khz_50ns_20deci_2m_UTC+0900_DST0_20190614_222221.825.tdms,1khz_50ns_20deci_2m_UTC+0900_DST0_20190614_222221.825,10.0,12.0,243,648,1000.0
353,pohang__1khz_50ns_20deci_2m_UTC+0900_DST0_20190614_222221.825,pohang,pohang,pohang,unlabel,2,/home/ted1204/MS_Detection_Datamaker/MS_datamaker_PH/data/unlabel/1khz_50ns_20deci_2m_UTC+0900_DST0_20190614_222221.825.tdms,1khz_50ns_20deci_2m_UTC+0900_DST0_20190614_222221.825.tdms,1khz_50ns_20deci_2m_UTC+0900_DST0_20190614_222221.825,12.0,14.0,243,648,1000.0
354,pohang__1khz_50ns_20deci_2m_UTC+0900_DST0_20190614_222221.825,pohang,pohang,pohang,unlabel,2,/home/ted1204/MS_Detection_Datamaker/MS_datamaker_PH/data/unlabel/1khz_50ns_20deci_2m_UTC+0900_DST0_20190614_222221.825.tdms,1khz_50ns_20deci_2m_UTC+0900_DST0_20190614_222221.825.tdms,1khz_50ns_20deci_2m_UTC+0900_DST0_20190614_222221.825,13.0,15.0,243,648,1000.0
355,pohang__1khz_50ns_20deci_2m_UTC+0900_DST0_20190614_222221.825,pohang,pohang,pohang,unlabel,2,/home/ted1204/MS_Detection_Datamaker/MS_datamaker_PH/data/unlabel/1khz_50ns_20deci_2m_UTC+0900_DST0_20190614_222221.825.tdms,1khz_50ns_20deci_2m_UTC+0900_DST0_20190614_222221.825.tdms,1khz_50ns_20deci_2m_UTC+0900_DST0_20190614_222221.825,14.0,16.0,243,648,1000.0
356,pohang__1khz_50ns_20deci_2m_UTC+0900_DST0_20190614_222221.825,pohang,pohang,pohang,unlabel,2,/home/ted1204/MS_Detection_Datamaker/MS_datamaker_PH/data/unlabel/1khz_50ns_20deci_2m_UTC+0900_DST0_20190614_222221.825.tdms,1khz_50ns_20deci_2m_UTC+0900_DST0_20190614_222221.825.tdms,1khz_50ns_20deci_2m_UTC+0900_DST0_20190614_222221.825,20.0,22.0,243,648,1000.0
357,pohang__1khz_50ns_20deci_2m_UTC+0900_DST0_20190614_222221.825,pohang,pohang,pohang,unlabel,2,/home/ted1204/MS_Detection_Datamaker/MS_datamaker_PH/data/unlabel/1khz_50ns_20deci_2m_UTC+0900_DST0_20190614_222221.825.tdms,1khz_50ns_20deci_2m_UTC+0900_DST0_20190614_222221.825.tdms,1khz_50ns_20deci_2m_UTC+0900_DST0_20190614_222221.825,22.0,24.0,243,648,1000.0
358,pohang__1khz_50ns_20deci_2m_UTC+0900_DST0_20190614_222221.825,pohang,pohang,pohang,unlabel,2,/home/ted1204/MS_Detection_Datamaker/MS_datamaker_PH/data/unlabel/1khz_50ns_20deci_2m_UTC+0900_DST0_20190614_222221.825.tdms,1khz_50ns_20deci_2m_UTC+0900_DST0_20190614_222221.825.tdms,1khz_50ns_20deci_2m_UTC+0900_DST0_20190614_222221.825,26.0,28.0,243,648,1000.0
359,pohang__1khz_50ns_20deci_2m_UTC+0900_DST0_20190614_222221.825,pohang,pohang,pohang,unlabel,2,/home/ted1204/MS_Detection_Datamaker/MS_datamaker_PH/data/unlabel/1khz_50ns_20deci_2m_UTC+0900_DST0_20190614_222221.825.tdms,1khz_50ns_20deci_2m_UTC+0900_DST0_20190614_222221.825.tdms,1khz_50ns_20deci_2m_UTC+0900_DST0_20190614_222221.825,28.0,30.0,243,648,1000.0
360,pohang__1khz_50ns_20deci_2m_UTC+0900_DST0_20190615_065651.825,pohang,pohang,pohang,unlabel,2,/home/ted1204/MS_Detection_Datamaker/MS_datamaker_PH/data/unlabel/1khz_50ns_20deci_2m_UTC+0900_DST0_20190615_065651.825.tdms,1khz_50ns_20deci_2m_UTC+0900_DST0_20190615_065651.825.tdms,1khz_50ns_20deci_2m_UTC+0900_DST0_20190615_065651.825,1.0,3.0,243,648,1000.0
361,pohang__1khz_50ns_20deci_2m_UTC+0900_DST0_20190615_065651.825,pohang,pohang,pohang,unlabel,2,/home/ted1204/MS_Detection_Datamaker/MS_datamaker_PH/data/unlabel/1khz_50ns_20deci_2m_UTC+0900_DST0_20190615_065651.825.tdms,1khz_50ns_20deci_2m_UTC+0900_DST0_20190615_065651.825.tdms,1khz_50ns_20deci_2m_UTC+0900_DST0_20190615_065651.825,2.0,4.0,243,648,1000.0
362,pohang__1khz_50ns_20deci_2m_UTC+0900_DST0_20190615_065651.825,pohang,pohang,pohang,unlabel,2,/home/ted1204/MS_Detection_Datamaker/MS_datamaker_PH/data/unlabel/1khz_50ns_20deci_2m_UTC+0900_DST0_20190615_065651.825.tdms,1khz_50ns_20deci_2m_UTC+0900_DST0_20190615_065651.825.tdms,1khz_50ns_20deci_2m_UTC+0900_DST0_20190615_065651.825,6.0,8.0,243,648,1000.0
363,pohang__1khz_50ns_20deci_2m_UTC+0900_DST0_20190615_065651.825,pohang,pohang,pohang,unlabel,2,/home/ted1204/MS_Detection_Datamaker/MS_datamaker_PH/data/unlabel/1khz_50ns_20deci_2m_UTC+0900_DST0_20190615_065651.825.tdms,1khz_50ns_20deci_2m_UTC+0900_DST0_20190615_065651.825.tdms,1khz_50ns_20deci_2m_UTC+0900_DST0_20190615_065651.825,7.0,9.0,243,648,1000.0
364,pohang__1khz_50ns_20deci_2m_UTC+0900_DST0_20190615_065651.825,pohang,pohang,pohang,unlabel,2,/home/ted1204/MS_Detection_Datamaker/MS_datamaker_PH/data/unlabel/1khz_50ns_20deci_2m_UTC+0900_DST0_20190615_065651.825.tdms,1khz_50ns_20deci_2m_UTC+0900_DST0_20190615_065651.825.tdms,1khz_50ns_20deci_2m_UTC+0900_DST0_20190615_065651.825,10.0,12.0,243,648,1000.0
365,pohang__1khz_50ns_20deci_2m_UTC+0900_DST0_20190615_065651.825,pohang,pohang,pohang,unlabel,2,/home/ted1204/MS_Detection_Datamaker/MS_datamaker_PH/data/unlabel/1khz_50ns_20deci_2m_UTC+0900_DST0_20190615_065651.825.tdms,1khz_50ns_20deci_2m_UTC+0900_DST0_20190615_065651.825.tdms,1khz_50ns_20deci_2m_UTC+0900_DST0_20190615_065651.825,11.0,13.0,243,648,1000.0
366,pohang__1khz_50ns_20deci_2m_UTC+0900_DST0_20190615_065651.825,pohang,pohang,pohang,unlabel,2,/home/ted1204/MS_Detection_Datamaker/MS_datamaker_PH/data/unlabel/1khz_50ns_20deci_2m_UTC+0900_DST0_20190615_065651.825.tdms,1khz_50ns_20deci_2m_UTC+0900_DST0_20190615_065651.825.tdms,1khz_50ns_20deci_2m_UTC+0900_DST0_20190615_065651.825,14.0,16.0,243,648,1000.0
367,pohang__1khz_50ns_20deci_2m_UTC+0900_DST0_20190615_065651.825,pohang,pohang,pohang,unlabel,2,/home/ted1204/MS_Detection_Datamaker/MS_datamaker_PH/data/unlabel/1khz_50ns_20deci_2m_UTC+0900_DST0_20190615_065651.825.tdms,1khz_50ns_20deci_2m_UTC+0900_DST0_20190615_065651.825.tdms,1khz_50ns_20deci_2m_UTC+0900_DST0_20190615_065651.825,15.0,17.0,243,648,1000.0
368,pohang__1khz_50ns_20deci_2m_UTC+0900_DST0_20190615_065651.825,pohang,pohang,pohang,unlabel,2,/home/ted1204/MS_Detection_Datamaker/MS_datamaker_PH/data/unlabel/1khz_50ns_20deci_2m_UTC+0900_DST0_20190615_065651.825.tdms,1khz_50ns_20deci_2m_UTC+0900_DST0_20190615_065651.825.tdms,1khz_50ns_20deci_2m_UTC+0900_DST0_20190615_065651.825,16.0,18.0,243,648,1000.0
369,pohang__1khz_50ns_20deci_2m_UTC+0900_DST0_20190615_065651.825,pohang,pohang,pohang,unlabel,2,/home/ted1204/MS_Detection_Datamaker/MS_datamaker_PH/data/unlabel/1khz_50ns_20deci_2m_UTC+0900_DST0_20190615_065651.825.tdms,1khz_50ns_20deci_2m_UTC+0900_DST0_20190615_065651.825.tdms,1khz_50ns_20deci_2m_UTC+0900_DST0_20190615_065651.825,17.0,19.0,243,648,1000.0
370,pohang__1khz_50ns_20deci_2m_UTC+0900_DST0_20190615_065651.825,pohang,pohang,pohang,unlabel,2,/home/ted1204/MS_Detection_Datamaker/MS_datamaker_PH/data/unlabel/1khz_50ns_20deci_2m_UTC+0900_DST0_20190615_065651.825.tdms,1khz_50ns_20deci_2m_UTC+0900_DST0_20190615_065651.825.tdms,1khz_50ns_20deci_2m_UTC+0900_DST0_20190615_065651.825,19.0,21.0,243,648,1000.0
371,pohang__1khz_50ns_20deci_2m_UTC+0900_DST0_20190615_065651.825,pohang,pohang,pohang,unlabel,2,/home/ted1204/MS_Detection_Datamaker/MS_datamaker_PH/data/unlabel/1khz_50ns_20deci_2m_UTC+0900_DST0_20190615_065651.825.tdms,1khz_50ns_20deci_2m_UTC+0900_DST0_20190615_065651.825.tdms,1khz_50ns_20deci_2m_UTC+0900_DST0_20190615_065651.825,21.0,23.0,243,648,1000.0
372,pohang__1khz_50ns_20deci_2m_UTC+0900_DST0_20190615_065651.825,pohang,pohang,pohang,unlabel,2,/home/ted1204/MS_Detection_Datamaker/MS_datamaker_PH/data/unlabel/1khz_50ns_20deci_2m_UTC+0900_DST0_20190615_065651.825.tdms,1khz_50ns_20deci_2m_UTC+0900_DST0_20190615_065651.825.tdms,1khz_50ns_20deci_2m_UTC+0900_DST0_20190615_065651.825,24.0,26.0,243,648,1000.0
373,pohang__1khz_50ns_20deci_2m_UTC+0900_DST0_20190615_065651.825,pohang,pohang,pohang,unlabel,2,/home/ted1204/MS_Detection_Datamaker/MS_datamaker_PH/data/unlabel/1khz_50ns_20deci_2m_UTC+0900_DST0_20190615_065651.825.tdms,1khz_50ns_20deci_2m_UTC+0900_DST0_20190615_065651.825.tdms,1khz_50ns_20deci_2m_UTC+0900_DST0_20190615_065651.825,25.0,27.0,243,648,1000.0
374,pohang__1khz_50ns_20deci_2m_UTC+0900_DST0_20190615_065651.825,pohang,pohang,pohang,unlabel,2,/home/ted1204/MS_Detection_Datamaker/MS_datamaker_PH/data/unlabel/1khz_50ns_20deci_2m_UTC+0900_DST0_20190615_065651.825.tdms,1khz_50ns_20deci_2m_UTC+0900_DST0_20190615_065651.825.tdms,1khz_50ns_20deci_2m_UTC+0900_DST0_20190615_065651.825,26.0,28.0,243,648,1000.0
375,pohang__1khz_50ns_20deci_2m_UTC+0900_DST0_20190615_183951.825,pohang,pohang,pohang,unlabel,2,/home/ted1204/MS_Detection_Datamaker/MS_datamaker_PH/data/unlabel/1khz_50ns_20deci_2m_UTC+0900_DST0_20190615_183951.825.tdms,1khz_50ns_20deci_2m_UTC+0900_DST0_20190615_183951.825.tdms,1khz_50ns_20deci_2m_UTC+0900_DST0_20190615_183951.825,0.0,2.0,243,648,1000.0
376,pohang__1khz_50ns_20deci_2m_UTC+0900_DST0_20190615_183951.825,pohang,pohang,pohang,unlabel,2,/home/ted1204/MS_Detection_Datamaker/MS_datamaker_PH/data/unlabel/1khz_50ns_20deci_2m_UTC+0900_DST0_20190615_183951.825.tdms,1khz_50ns_20deci_2m_UTC+0900_DST0_20190615_183951.825.tdms,1khz_50ns_20deci_2m_UTC+0900_DST0_20190615_183951.825,2.0,4.0,243,648,1000.0
377,pohang__1khz_50ns_20deci_2m_UTC+0900_DST0_20190615_183951.825,pohang,pohang,pohang,unlabel,2,/home/ted1204/MS_Detection_Datamaker/MS_datamaker_PH/data/unlabel/1khz_50ns_20deci_2m_UTC+0900_DST0_20190615_183951.825.tdms,1khz_50ns_20deci_2m_UTC+0900_DST0_20190615_183951.825.tdms,1khz_50ns_20deci_2m_UTC+0900_DST0_20190615_183951.825,3.0,5.0,243,648,1000.0
378,pohang__1khz_50ns_20deci_2m_UTC+0900_DST0_20190615_183951.825,pohang,pohang,pohang,unlabel,2,/home/ted1204/MS_Detection_Datamaker/MS_datamaker_PH/data/unlabel/1khz_50ns_20deci_2m_UTC+0900_DST0_20190615_183951.825.tdms,1khz_50ns_20deci_2m_UTC+0900_DST0_20190615_183951.825.tdms,1khz_50ns_20deci_2m_UTC+0900_DST0_20190615_183951.825,4.0,6.0,243,648,1000.0
379,pohang__1khz_50ns_20deci_2m_UTC+0900_DST0_20190615_183951.825,pohang,pohang,pohang,unlabel,2,/home/ted1204/MS_Detection_Datamaker/MS_datamaker_PH/data/unlabel/1khz_50ns_20deci_2m_UTC+0900_DST0_20190615_183951.825.tdms,1khz_50ns_20deci_2m_UTC+0900_DST0_20190615_183951.825.tdms,1khz_50ns_20deci_2m_UTC+0900_DST0_20190615_183951.825,5.0,7.0,243,648,1000.0
380,pohang__1khz_50ns_20deci_2m_UTC+0900_DST0_20190615_183951.825,pohang,pohang,pohang,unlabel,2,/home/ted1204/MS_Detection_Datamaker/MS_datamaker_PH/data/unlabel/1khz_50ns_20deci_2m_UTC+0900_DST0_20190615_183951.825.tdms,1khz_50ns_20deci_2m_UTC+0900_DST0_20190615_183951.825.tdms,1khz_50ns_20deci_2m_UTC+0900_DST0_20190615_183951.825,6.0,8.0,243,648,1000.0
381,pohang__1khz_50ns_20deci_2m_UTC+0900_DST0_20190615_183951.825,pohang,pohang,pohang,unlabel,2,/home/ted1204/MS_Detection_Datamaker/MS_datamaker_PH/data/unlabel/1khz_50ns_20deci_2m_UTC+0900_DST0_20190615_183951.825.tdms,1khz_50ns_20deci_2m_UTC+0900_DST0_20190615_183951.825.tdms,1khz_50ns_20deci_2m_UTC+0900_DST0_20190615_183951.825,7.0,9.0,243,648,1000.0
382,pohang__1khz_50ns_20deci_2m_UTC+0900_DST0_20190615_183951.825,pohang,pohang,pohang,unlabel,2,/home/ted1204/MS_Detection_Datamaker/MS_datamaker_PH/data/unlabel/1khz_50ns_20deci_2m_UTC+0900_DST0_20190615_183951.825.tdms,1khz_50ns_20deci_2m_UTC+0900_DST0_20190615_183951.825.tdms,1khz_50ns_20deci_2m_UTC+0900_DST0_20190615_183951.825,8.0,10.0,243,648,1000.0
383,pohang__1khz_50ns_20deci_2m_UTC+0900_DST0_20190615_183951.825,pohang,pohang,pohang,unlabel,2,/home/ted1204/MS_Detection_Datamaker/MS_datamaker_PH/data/unlabel/1khz_50ns_20deci_2m_UTC+0900_DST0_20190615_183951.825.tdms,1khz_50ns_20deci_2m_UTC+0900_DST0_20190615_183951.825.tdms,1khz_50ns_20deci_2m_UTC+0900_DST0_20190615_183951.825,9.0,11.0,243,648,1000.0
384,pohang__1khz_50ns_20deci_2m_UTC+0900_DST0_20190615_183951.825,pohang,pohang,pohang,unlabel,2,/home/ted1204/MS_Detection_Datamaker/MS_datamaker_PH/data/unlabel/1khz_50ns_20deci_2m_UTC+0900_DST0_20190615_183951.825.tdms,1khz_50ns_20deci_2m_UTC+0900_DST0_20190615_183951.825.tdms,1khz_50ns_20deci_2m_UTC+0900_DST0_20190615_183951.825,12.0,14.0,243,648,1000.0
385,pohang__1khz_50ns_20deci_2m_UTC+0900_DST0_20190615_183951.825,pohang,pohang,pohang,unlabel,2,/home/ted1204/MS_Detection_Datamaker/MS_datamaker_PH/data/unlabel/1khz_50ns_20deci_2m_UTC+0900_DST0_20190615_183951.825.tdms,1khz_50ns_20deci_2m_UTC+0900_DST0_20190615_183951.825.tdms,1khz_50ns_20deci_2m_UTC+0900_DST0_20190615_183951.825,13.0,15.0,243,648,1000.0
386,pohang__1khz_50ns_20deci_2m_UTC+0900_DST0_20190615_183951.825,pohang,pohang,pohang,unlabel,2,/home/ted1204/MS_Detection_Datamaker/MS_datamaker_PH/data/unlabel/1khz_50ns_20deci_2m_UTC+0900_DST0_20190615_183951.825.tdms,1khz_50ns_20deci_2m_UTC+0900_DST0_20190615_183951.825.tdms,1khz_50ns_20deci_2m_UTC+0900_DST0_20190615_183951.825,18.0,20.0,243,648,1000.0
387,pohang__1khz_50ns_20deci_2m_UTC+0900_DST0_20190615_183951.825,pohang,pohang,pohang,unlabel,2,/home/ted1204/MS_Detection_Datamaker/MS_datamaker_PH/data/unlabel/1khz_50ns_20deci_2m_UTC+0900_DST0_20190615_183951.825.tdms,1khz_50ns_20deci_2m_UTC+0900_DST0_20190615_183951.825.tdms,1khz_50ns_20deci_2m_UTC+0900_DST0_20190615_183951.825,24.0,26.0,243,648,1000.0
388,pohang__1khz_50ns_20deci_2m_UTC+0900_DST0_20190615_183951.825,pohang,pohang,pohang,unlabel,2,/home/ted1204/MS_Detection_Datamaker/MS_datamaker_PH/data/unlabel/1khz_50ns_20deci_2m_UTC+0900_DST0_20190615_183951.825.tdms,1khz_50ns_20deci_2m_UTC+0900_DST0_20190615_183951.825.tdms,1khz_50ns_20deci_2m_UTC+0900_DST0_20190615_183951.825,26.0,28.0,243,648,1000.0
389,pohang__1khz_50ns_20deci_2m_UTC+0900_DST0_20190615_183951.825,pohang,pohang,pohang,unlabel,2,/home/ted1204/MS_Detection_Datamaker/MS_datamaker_PH/data/unlabel/1khz_50ns_20deci_2m_UTC+0900_DST0_20190615_183951.825.tdms,1khz_50ns_20deci_2m_UTC+0900_DST0_20190615_183951.825.tdms,1khz_50ns_20deci_2m_UTC+0900_DST0_20190615_183951.825,27.0,29.0,243,648,1000.0
390,pohang__1khz_50ns_20deci_2m_UTC+0900_DST0_20190615_222221.825,pohang,pohang,pohang,unlabel,2,/home/ted1204/MS_Detection_Datamaker/MS_datamaker_PH/data/unlabel/1khz_50ns_20deci_2m_UTC+0900_DST0_20190615_222221.825.tdms,1khz_50ns_20deci_2m_UTC+0900_DST0_20190615_222221.825.tdms,1khz_50ns_20deci_2m_UTC+0900_DST0_20190615_222221.825,4.0,6.0,243,648,1000.0
391,pohang__1khz_50ns_20deci_2m_UTC+0900_DST0_20190615_222221.825,pohang,pohang,pohang,unlabel,2,/home/ted1204/MS_Detection_Datamaker/MS_datamaker_PH/data/unlabel/1khz_50ns_20deci_2m_UTC+0900_DST0_20190615_222221.825.tdms,1khz_50ns_20deci_2m_UTC+0900_DST0_20190615_222221.825.tdms,1khz_50ns_20deci_2m_UTC+0900_DST0_20190615_222221.825,5.0,7.0,243,648,1000.0
392,pohang__1khz_50ns_20deci_2m_UTC+0900_DST0_20190615_222221.825,pohang,pohang,pohang,unlabel,2,/home/ted1204/MS_Detection_Datamaker/MS_datamaker_PH/data/unlabel/1khz_50ns_20deci_2m_UTC+0900_DST0_20190615_222221.825.tdms,1khz_50ns_20deci_2m_UTC+0900_DST0_20190615_222221.825.tdms,1khz_50ns_20deci_2m_UTC+0900_DST0_20190615_222221.825,6.0,8.0,243,648,1000.0
393,pohang__1khz_50ns_20deci_2m_UTC+0900_DST0_20190615_222221.825,pohang,pohang,pohang,unlabel,2,/home/ted1204/MS_Detection_Datamaker/MS_datamaker_PH/data/unlabel/1khz_50ns_20deci_2m_UTC+0900_DST0_20190615_222221.825.tdms,1khz_50ns_20deci_2m_UTC+0900_DST0_20190615_222221.825.tdms,1khz_50ns_20deci_2m_UTC+0900_DST0_20190615_222221.825,8.0,10.0,243,648,1000.0
394,pohang__1khz_50ns_20deci_2m_UTC+0900_DST0_20190615_222221.825,pohang,pohang,pohang,unlabel,2,/home/ted1204/MS_Detection_Datamaker/MS_datamaker_PH/data/unlabel/1khz_50ns_20deci_2m_UTC+0900_DST0_20190615_222221.825.tdms,1khz_50ns_20deci_2m_UTC+0900_DST0_20190615_222221.825.tdms,1khz_50ns_20deci_2m_UTC+0900_DST0_20190615_222221.825,9.0,11.0,243,648,1000.0
395,pohang__1khz_50ns_20deci_2m_UTC+0900_DST0_20190615_222221.825,pohang,pohang,pohang,unlabel,2,/home/ted1204/MS_Detection_Datamaker/MS_datamaker_PH/data/unlabel/1khz_50ns_20deci_2m_UTC+0900_DST0_20190615_222221.825.tdms,1khz_50ns_20deci_2m_UTC+0900_DST0_20190615_222221.825.tdms,1khz_50ns_20deci_2m_UTC+0900_DST0_20190615_222221.825,10.0,12.0,243,648,1000.0
396,pohang__1khz_50ns_20deci_2m_UTC+0900_DST0_20190615_222221.825,pohang,pohang,pohang,unlabel,2,/home/ted1204/MS_Detection_Datamaker/MS_datamaker_PH/data/unlabel/1khz_50ns_20deci_2m_UTC+0900_DST0_20190615_222221.825.tdms,1khz_50ns_20deci_2m_UTC+0900_DST0_20190615_222221.825.tdms,1khz_50ns_20deci_2m_UTC+0900_DST0_20190615_222221.825,13.0,15.0,243,648,1000.0
397,pohang__1khz_50ns_20deci_2m_UTC+0900_DST0_20190615_222221.825,pohang,pohang,pohang,unlabel,2,/home/ted1204/MS_Detection_Datamaker/MS_datamaker_PH/data/unlabel/1khz_50ns_20deci_2m_UTC+0900_DST0_20190615_222221.825.tdms,1khz_50ns_20deci_2m_UTC+0900_DST0_20190615_222221.825.tdms,1khz_50ns_20deci_2m_UTC+0900_DST0_20190615_222221.825,16.0,18.0,243,648,1000.0
398,pohang__1khz_50ns_20deci_2m_UTC+0900_DST0_20190615_222221.825,pohang,pohang,pohang,unlabel,2,/home/ted1204/MS_Detection_Datamaker/MS_datamaker_PH/data/unlabel/1khz_50ns_20deci_2m_UTC+0900_DST0_20190615_222221.825.tdms,1khz_50ns_20deci_2m_UTC+0900_DST0_20190615_222221.825.tdms,1khz_50ns_20deci_2m_UTC+0900_DST0_20190615_222221.825,18.0,20.0,243,648,1000.0
399,pohang__1khz_50ns_20deci_2m_UTC+0900_DST0_20190615_222221.825,pohang,pohang,pohang,unlabel,2,/home/ted1204/MS_Detection_Datamaker/MS_datamaker_PH/data/unlabel/1khz_50ns_20deci_2m_UTC+0900_DST0_20190615_222221.825.tdms,1khz_50ns_20deci_2m_UTC+0900_DST0_20190615_222221.825.tdms,1khz_50ns_20deci_2m_UTC+0900_DST0_20190615_222221.825,20.0,22.0,243,648,1000.0
400,pohang__1khz_50ns_20deci_2m_UTC+0900_DST0_20190615_222221.825,pohang,pohang,pohang,unlabel,2,/home/ted1204/MS_Detection_Datamaker/MS_datamaker_PH/data/unlabel/1khz_50ns_20deci_2m_UTC+0900_DST0_20190615_222221.825.tdms,1khz_50ns_20deci_2m_UTC+0900_DST0_20190615_222221.825.tdms,1khz_50ns_20deci_2m_UTC+0900_DST0_20190615_222221.825,21.0,23.0,243,648,1000.0
401,pohang__1khz_50ns_20deci_2m_UTC+0900_DST0_20190615_222221.825,pohang,pohang,pohang,unlabel,2,/home/ted1204/MS_Detection_Datamaker/MS_datamaker_PH/data/unlabel/1khz_50ns_20deci_2m_UTC+0900_DST0_20190615_222221.825.tdms,1khz_50ns_20deci_2m_UTC+0900_DST0_20190615_222221.825.tdms,1khz_50ns_20deci_2m_UTC+0900_DST0_20190615_222221.825,22.0,24.0,243,648,1000.0
402,pohang__1khz_50ns_20deci_2m_UTC+0900_DST0_20190615_222221.825,pohang,pohang,pohang,unlabel,2,/home/ted1204/MS_Detection_Datamaker/MS_datamaker_PH/data/unlabel/1khz_50ns_20deci_2m_UTC+0900_DST0_20190615_222221.825.tdms,1khz_50ns_20deci_2m_UTC+0900_DST0_20190615_222221.825.tdms,1khz_50ns_20deci_2m_UTC+0900_DST0_20190615_222221.825,23.0,25.0,243,648,1000.0
403,pohang__1khz_50ns_20deci_2m_UTC+0900_DST0_20190615_222221.825,pohang,pohang,pohang,unlabel,2,/home/ted1204/MS_Detection_Datamaker/MS_datamaker_PH/data/unlabel/1khz_50ns_20deci_2m_UTC+0900_DST0_20190615_222221.825.tdms,1khz_50ns_20deci_2m_UTC+0900_DST0_20190615_222221.825.tdms,1khz_50ns_20deci_2m_UTC+0900_DST0_20190615_222221.825,25.0,27.0,243,648,1000.0
404,pohang__1khz_50ns_20deci_2m_UTC+0900_DST0_20190615_222221.825,pohang,pohang,pohang,unlabel,2,/home/ted1204/MS_Detection_Datamaker/MS_datamaker_PH/data/unlabel/1khz_50ns_20deci_2m_UTC+0900_DST0_20190615_222221.825.tdms,1khz_50ns_20deci_2m_UTC+0900_DST0_20190615_222221.825.tdms,1khz_50ns_20deci_2m_UTC+0900_DST0_20190615_222221.825,26.0,28.0,243,648,1000.0
405,pohang__1khz_50ns_20deci_2m_UTC+0900_DST0_20190616_084321.825,pohang,pohang,pohang,unlabel,2,/home/ted1204/MS_Detection_Datamaker/MS_datamaker_PH/data/unlabel/1khz_50ns_20deci_2m_UTC+0900_DST0_20190616_084321.825.tdms,1khz_50ns_20deci_2m_UTC+0900_DST0_20190616_084321.825.tdms,1khz_50ns_20deci_2m_UTC+0900_DST0_20190616_084321.825,3.0,5.0,243,648,1000.0
406,pohang__1khz_50ns_20deci_2m_UTC+0900_DST0_20190616_084321.825,pohang,pohang,pohang,unlabel,2,/home/ted1204/MS_Detection_Datamaker/MS_datamaker_PH/data/unlabel/1khz_50ns_20deci_2m_UTC+0900_DST0_20190616_084321.825.tdms,1khz_50ns_20deci_2m_UTC+0900_DST0_20190616_084321.825.tdms,1khz_50ns_20deci_2m_UTC+0900_DST0_20190616_084321.825,4.0,6.0,243,648,1000.0
407,pohang__1khz_50ns_20deci_2m_UTC+0900_DST0_20190616_084321.825,pohang,pohang,pohang,unlabel,2,/home/ted1204/MS_Detection_Datamaker/MS_datamaker_PH/data/unlabel/1khz_50ns_20deci_2m_UTC+0900_DST0_20190616_084321.825.tdms,1khz_50ns_20deci_2m_UTC+0900_DST0_20190616_084321.825.tdms,1khz_50ns_20deci_2m_UTC+0900_DST0_20190616_084321.825,5.0,7.0,243,648,1000.0
408,pohang__1khz_50ns_20deci_2m_UTC+0900_DST0_20190616_084321.825,pohang,pohang,pohang,unlabel,2,/home/ted1204/MS_Detection_Datamaker/MS_datamaker_PH/data/unlabel/1khz_50ns_20deci_2m_UTC+0900_DST0_20190616_084321.825.tdms,1khz_50ns_20deci_2m_UTC+0900_DST0_20190616_084321.825.tdms,1khz_50ns_20deci_2m_UTC+0900_DST0_20190616_084321.825,10.0,12.0,243,648,1000.0
409,pohang__1khz_50ns_20deci_2m_UTC+0900_DST0_20190616_084321.825,pohang,pohang,pohang,unlabel,2,/home/ted1204/MS_Detection_Datamaker/MS_datamaker_PH/data/unlabel/1khz_50ns_20deci_2m_UTC+0900_DST0_20190616_084321.825.tdms,1khz_50ns_20deci_2m_UTC+0900_DST0_20190616_084321.825.tdms,1khz_50ns_20deci_2m_UTC+0900_DST0_20190616_084321.825,12.0,14.0,243,648,1000.0
410,pohang__1khz_50ns_20deci_2m_UTC+0900_DST0_20190616_084321.825,pohang,pohang,pohang,unlabel,2,/home/ted1204/MS_Detection_Datamaker/MS_datamaker_PH/data/unlabel/1khz_50ns_20deci_2m_UTC+0900_DST0_20190616_084321.825.tdms,1khz_50ns_20deci_2m_UTC+0900_DST0_20190616_084321.825.tdms,1khz_50ns_20deci_2m_UTC+0900_DST0_20190616_084321.825,13.0,15.0,243,648,1000.0
411,pohang__1khz_50ns_20deci_2m_UTC+0900_DST0_20190616_084321.825,pohang,pohang,pohang,unlabel,2,/home/ted1204/MS_Detection_Datamaker/MS_datamaker_PH/data/unlabel/1khz_50ns_20deci_2m_UTC+0900_DST0_20190616_084321.825.tdms,1khz_50ns_20deci_2m_UTC+0900_DST0_20190616_084321.825.tdms,1khz_50ns_20deci_2m_UTC+0900_DST0_20190616_084321.825,14.0,16.0,243,648,1000.0
412,pohang__1khz_50ns_20deci_2m_UTC+0900_DST0_20190616_084321.825,pohang,pohang,pohang,unlabel,2,/home/ted1204/MS_Detection_Datamaker/MS_datamaker_PH/data/unlabel/1khz_50ns_20deci_2m_UTC+0900_DST0_20190616_084321.825.tdms,1khz_50ns_20deci_2m_UTC+0900_DST0_20190616_084321.825.tdms,1khz_50ns_20deci_2m_UTC+0900_DST0_20190616_084321.825,16.0,18.0,243,648,1000.0
413,pohang__1khz_50ns_20deci_2m_UTC+0900_DST0_20190616_084321.825,pohang,pohang,pohang,unlabel,2,/home/ted1204/MS_Detection_Datamaker/MS_datamaker_PH/data/unlabel/1khz_50ns_20deci_2m_UTC+0900_DST0_20190616_084321.825.tdms,1khz_50ns_20deci_2m_UTC+0900_DST0_20190616_084321.825.tdms,1khz_50ns_20deci_2m_UTC+0900_DST0_20190616_084321.825,17.0,19.0,243,648,1000.0
414,pohang__1khz_50ns_20deci_2m_UTC+0900_DST0_20190616_084321.825,pohang,pohang,pohang,unlabel,2,/home/ted1204/MS_Detection_Datamaker/MS_datamaker_PH/data/unlabel/1khz_50ns_20deci_2m_UTC+0900_DST0_20190616_084321.825.tdms,1khz_50ns_20deci_2m_UTC+0900_DST0_20190616_084321.825.tdms,1khz_50ns_20deci_2m_UTC+0900_DST0_20190616_084321.825,18.0,20.0,243,648,1000.0
415,pohang__1khz_50ns_20deci_2m_UTC+0900_DST0_20190616_084321.825,pohang,pohang,pohang,unlabel,2,/home/ted1204/MS_Detection_Datamaker/MS_datamaker_PH/data/unlabel/1khz_50ns_20deci_2m_UTC+0900_DST0_20190616_084321.825.tdms,1khz_50ns_20deci_2m_UTC+0900_DST0_20190616_084321.825.tdms,1khz_50ns_20deci_2m_UTC+0900_DST0_20190616_084321.825,20.0,22.0,243,648,1000.0
416,pohang__1khz_50ns_20deci_2m_UTC+0900_DST0_20190616_084321.825,pohang,pohang,pohang,unlabel,2,/home/ted1204/MS_Detection_Datamaker/MS_datamaker_PH/data/unlabel/1khz_50ns_20deci_2m_UTC+0900_DST0_20190616_084321.825.tdms,1khz_50ns_20deci_2m_UTC+0900_DST0_20190616_084321.825.tdms,1khz_50ns_20deci_2m_UTC+0900_DST0_20190616_084321.825,21.0,23.0,243,648,1000.0
417,pohang__1khz_50ns_20deci_2m_UTC+0900_DST0_20190616_084321.825,pohang,pohang,pohang,unlabel,2,/home/ted1204/MS_Detection_Datamaker/MS_datamaker_PH/data/unlabel/1khz_50ns_20deci_2m_UTC+0900_DST0_20190616_084321.825.tdms,1khz_50ns_20deci_2m_UTC+0900_DST0_20190616_084321.825.tdms,1khz_50ns_20deci_2m_UTC+0900_DST0_20190616_084321.825,22.0,24.0,243,648,1000.0
418,pohang__1khz_50ns_20deci_2m_UTC+0900_DST0_20190616_084321.825,pohang,pohang,pohang,unlabel,2,/home/ted1204/MS_Detection_Datamaker/MS_datamaker_PH/data/unlabel/1khz_50ns_20deci_2m_UTC+0900_DST0_20190616_084321.825.tdms,1khz_50ns_20deci_2m_UTC+0900_DST0_20190616_084321.825.tdms,1khz_50ns_20deci_2m_UTC+0900_DST0_20190616_084321.825,26.0,28.0,243,648,1000.0
419,pohang__1khz_50ns_20deci_2m_UTC+0900_DST0_20190616_084321.825,pohang,pohang,pohang,unlabel,2,/home/ted1204/MS_Detection_Datamaker/MS_datamaker_PH/data/unlabel/1khz_50ns_20deci_2m_UTC+0900_DST0_20190616_084321.825.tdms,1khz_50ns_20deci_2m_UTC+0900_DST0_20190616_084321.825.tdms,1khz_50ns_20deci_2m_UTC+0900_DST0_20190616_084321.825,28.0,30.0,243,648,1000.0
420,pohang__1khz_50ns_20deci_2m_UTC+0900_DST0_20190617_122051.825,pohang,pohang,pohang,unlabel,2,/home/ted1204/MS_Detection_Datamaker/MS_datamaker_PH/data/unlabel/1khz_50ns_20deci_2m_UTC+0900_DST0_20190617_122051.825.tdms,1khz_50ns_20deci_2m_UTC+0900_DST0_20190617_122051.825.tdms,1khz_50ns_20deci_2m_UTC+0900_DST0_20190617_122051.825,0.0,2.0,243,648,1000.0
421,pohang__1khz_50ns_20deci_2m_UTC+0900_DST0_20190617_122051.825,pohang,pohang,pohang,unlabel,2,/home/ted1204/MS_Detection_Datamaker/MS_datamaker_PH/data/unlabel/1khz_50ns_20deci_2m_UTC+0900_DST0_20190617_122051.825.tdms,1khz_50ns_20deci_2m_UTC+0900_DST0_20190617_122051.825.tdms,1khz_50ns_20deci_2m_UTC+0900_DST0_20190617_122051.825,2.0,4.0,243,648,1000.0
422,pohang__1khz_50ns_20deci_2m_UTC+0900_DST0_20190617_122051.825,pohang,pohang,pohang,unlabel,2,/home/ted1204/MS_Detection_Datamaker/MS_datamaker_PH/data/unlabel/1khz_50ns_20deci_2m_UTC+0900_DST0_20190617_122051.825.tdms,1khz_50ns_20deci_2m_UTC+0900_DST0_20190617_122051.825.tdms,1khz_50ns_20deci_2m_UTC+0900_DST0_20190617_122051.825,4.0,6.0,243,648,1000.0
423,pohang__1khz_50ns_20deci_2m_UTC+0900_DST0_20190617_122051.825,pohang,pohang,pohang,unlabel,2,/home/ted1204/MS_Detection_Datamaker/MS_datamaker_PH/data/unlabel/1khz_50ns_20deci_2m_UTC+0900_DST0_20190617_122051.825.tdms,1khz_50ns_20deci_2m_UTC+0900_DST0_20190617_122051.825.tdms,1khz_50ns_20deci_2m_UTC+0900_DST0_20190617_122051.825,5.0,7.0,243,648,1000.0
424,pohang__1khz_50ns_20deci_2m_UTC+0900_DST0_20190617_122051.825,pohang,pohang,pohang,unlabel,2,/home/ted1204/MS_Detection_Datamaker/MS_datamaker_PH/data/unlabel/1khz_50ns_20deci_2m_UTC+0900_DST0_20190617_122051.825.tdms,1khz_50ns_20deci_2m_UTC+0900_DST0_20190617_122051.825.tdms,1khz_50ns_20deci_2m_UTC+0900_DST0_20190617_122051.825,10.0,12.0,243,648,1000.0
425,pohang__1khz_50ns_20deci_2m_UTC+0900_DST0_20190617_122051.825,pohang,pohang,pohang,unlabel,2,/home/ted1204/MS_Detection_Datamaker/MS_datamaker_PH/data/unlabel/1khz_50ns_20deci_2m_UTC+0900_DST0_20190617_122051.825.tdms,1khz_50ns_20deci_2m_UTC+0900_DST0_20190617_122051.825.tdms,1khz_50ns_20deci_2m_UTC+0900_DST0_20190617_122051.825,11.0,13.0,243,648,1000.0
426,pohang__1khz_50ns_20deci_2m_UTC+0900_DST0_20190617_122051.825,pohang,pohang,pohang,unlabel,2,/home/ted1204/MS_Detection_Datamaker/MS_datamaker_PH/data/unlabel/1khz_50ns_20deci_2m_UTC+0900_DST0_20190617_122051.825.tdms,1khz_50ns_20deci_2m_UTC+0900_DST0_20190617_122051.825.tdms,1khz_50ns_20deci_2m_UTC+0900_DST0_20190617_122051.825,12.0,14.0,243,648,1000.0
427,pohang__1khz_50ns_20deci_2m_UTC+0900_DST0_20190617_122051.825,pohang,pohang,pohang,unlabel,2,/home/ted1204/MS_Detection_Datamaker/MS_datamaker_PH/data/unlabel/1khz_50ns_20deci_2m_UTC+0900_DST0_20190617_122051.825.tdms,1khz_50ns_20deci_2m_UTC+0900_DST0_20190617_122051.825.tdms,1khz_50ns_20deci_2m_UTC+0900_DST0_20190617_122051.825,13.0,15.0,243,648,1000.0
428,pohang__1khz_50ns_20deci_2m_UTC+0900_DST0_20190617_122051.825,pohang,pohang,pohang,unlabel,2,/home/ted1204/MS_Detection_Datamaker/MS_datamaker_PH/data/unlabel/1khz_50ns_20deci_2m_UTC+0900_DST0_20190617_122051.825.tdms,1khz_50ns_20deci_2m_UTC+0900_DST0_20190617_122051.825.tdms,1khz_50ns_20deci_2m_UTC+0900_DST0_20190617_122051.825,16.0,18.0,243,648,1000.0
429,pohang__1khz_50ns_20deci_2m_UTC+0900_DST0_20190617_122051.825,pohang,pohang,pohang,unlabel,2,/home/ted1204/MS_Detection_Datamaker/MS_datamaker_PH/data/unlabel/1khz_50ns_20deci_2m_UTC+0900_DST0_20190617_122051.825.tdms,1khz_50ns_20deci_2m_UTC+0900_DST0_20190617_122051.825.tdms,1khz_50ns_20deci_2m_UTC+0900_DST0_20190617_122051.825,17.0,19.0,243,648,1000.0
430,pohang__1khz_50ns_20deci_2m_UTC+0900_DST0_20190617_122051.825,pohang,pohang,pohang,unlabel,2,/home/ted1204/MS_Detection_Datamaker/MS_datamaker_PH/data/unlabel/1khz_50ns_20deci_2m_UTC+0900_DST0_20190617_122051.825.tdms,1khz_50ns_20deci_2m_UTC+0900_DST0_20190617_122051.825.tdms,1khz_50ns_20deci_2m_UTC+0900_DST0_20190617_122051.825,19.0,21.0,243,648,1000.0
431,pohang__1khz_50ns_20deci_2m_UTC+0900_DST0_20190617_122051.825,pohang,pohang,pohang,unlabel,2,/home/ted1204/MS_Detection_Datamaker/MS_datamaker_PH/data/unlabel/1khz_50ns_20deci_2m_UTC+0900_DST0_20190617_122051.825.tdms,1khz_50ns_20deci_2m_UTC+0900_DST0_20190617_122051.825.tdms,1khz_50ns_20deci_2m_UTC+0900_DST0_20190617_122051.825,21.0,23.0,243,648,1000.0
432,pohang__1khz_50ns_20deci_2m_UTC+0900_DST0_20190617_122051.825,pohang,pohang,pohang,unlabel,2,/home/ted1204/MS_Detection_Datamaker/MS_datamaker_PH/data/unlabel/1khz_50ns_20deci_2m_UTC+0900_DST0_20190617_122051.825.tdms,1khz_50ns_20deci_2m_UTC+0900_DST0_20190617_122051.825.tdms,1khz_50ns_20deci_2m_UTC+0900_DST0_20190617_122051.825,22.0,24.0,243,648,1000.0
433,pohang__1khz_50ns_20deci_2m_UTC+0900_DST0_20190617_122051.825,pohang,pohang,pohang,unlabel,2,/home/ted1204/MS_Detection_Datamaker/MS_datamaker_PH/data/unlabel/1khz_50ns_20deci_2m_UTC+0900_DST0_20190617_122051.825.tdms,1khz_50ns_20deci_2m_UTC+0900_DST0_20190617_122051.825.tdms,1khz_50ns_20deci_2m_UTC+0900_DST0_20190617_122051.825,25.0,27.0,243,648,1000.0
434,pohang__1khz_50ns_20deci_2m_UTC+0900_DST0_20190617_122051.825,pohang,pohang,pohang,unlabel,2,/home/ted1204/MS_Detection_Datamaker/MS_datamaker_PH/data/unlabel/1khz_50ns_20deci_2m_UTC+0900_DST0_20190617_122051.825.tdms,1khz_50ns_20deci_2m_UTC+0900_DST0_20190617_122051.825.tdms,1khz_50ns_20deci_2m_UTC+0900_DST0_20190617_122051.825,27.0,29.0,243,648,1000.0
435,pohang__1khz_50ns_20deci_2m_UTC+0900_DST0_20190618_002851.825,pohang,pohang,pohang,unlabel,2,/home/ted1204/MS_Detection_Datamaker/MS_datamaker_PH/data/unlabel/1khz_50ns_20deci_2m_UTC+0900_DST0_20190618_002851.825.tdms,1khz_50ns_20deci_2m_UTC+0900_DST0_20190618_002851.825.tdms,1khz_50ns_20deci_2m_UTC+0900_DST0_20190618_002851.825,0.0,2.0,243,648,1000.0
436,pohang__1khz_50ns_20deci_2m_UTC+0900_DST0_20190618_002851.825,pohang,pohang,pohang,unlabel,2,/home/ted1204/MS_Detection_Datamaker/MS_datamaker_PH/data/unlabel/1khz_50ns_20deci_2m_UTC+0900_DST0_20190618_002851.825.tdms,1khz_50ns_20deci_2m_UTC+0900_DST0_20190618_002851.825.tdms,1khz_50ns_20deci_2m_UTC+0900_DST0_20190618_002851.825,3.0,5.0,243,648,1000.0
437,pohang__1khz_50ns_20deci_2m_UTC+0900_DST0_20190618_002851.825,pohang,pohang,pohang,unlabel,2,/home/ted1204/MS_Detection_Datamaker/MS_datamaker_PH/data/unlabel/1khz_50ns_20deci_2m_UTC+0900_DST0_20190618_002851.825.tdms,1khz_50ns_20deci_2m_UTC+0900_DST0_20190618_002851.825.tdms,1khz_50ns_20deci_2m_UTC+0900_DST0_20190618_002851.825,7.0,9.0,243,648,1000.0
438,pohang__1khz_50ns_20deci_2m_UTC+0900_DST0_20190618_002851.825,pohang,pohang,pohang,unlabel,2,/home/ted1204/MS_Detection_Datamaker/MS_datamaker_PH/data/unlabel/1khz_50ns_20deci_2m_UTC+0900_DST0_20190618_002851.825.tdms,1khz_50ns_20deci_2m_UTC+0900_DST0_20190618_002851.825.tdms,1khz_50ns_20deci_2m_UTC+0900_DST0_20190618_002851.825,8.0,10.0,243,648,1000.0
439,pohang__1khz_50ns_20deci_2m_UTC+0900_DST0_20190618_002851.825,pohang,pohang,pohang,unlabel,2,/home/ted1204/MS_Detection_Datamaker/MS_datamaker_PH/data/unlabel/1khz_50ns_20deci_2m_UTC+0900_DST0_20190618_002851.825.tdms,1khz_50ns_20deci_2m_UTC+0900_DST0_20190618_002851.825.tdms,1khz_50ns_20deci_2m_UTC+0900_DST0_20190618_002851.825,10.0,12.0,243,648,1000.0
440,pohang__1khz_50ns_20deci_2m_UTC+0900_DST0_20190618_002851.825,pohang,pohang,pohang,unlabel,2,/home/ted1204/MS_Detection_Datamaker/MS_datamaker_PH/data/unlabel/1khz_50ns_20deci_2m_UTC+0900_DST0_20190618_002851.825.tdms,1khz_50ns_20deci_2m_UTC+0900_DST0_20190618_002851.825.tdms,1khz_50ns_20deci_2m_UTC+0900_DST0_20190618_002851.825,11.0,13.0,243,648,1000.0
441,pohang__1khz_50ns_20deci_2m_UTC+0900_DST0_20190618_002851.825,pohang,pohang,pohang,unlabel,2,/home/ted1204/MS_Detection_Datamaker/MS_datamaker_PH/data/unlabel/1khz_50ns_20deci_2m_UTC+0900_DST0_20190618_002851.825.tdms,1khz_50ns_20deci_2m_UTC+0900_DST0_20190618_002851.825.tdms,1khz_50ns_20deci_2m_UTC+0900_DST0_20190618_002851.825,13.0,15.0,243,648,1000.0
442,pohang__1khz_50ns_20deci_2m_UTC+0900_DST0_20190618_002851.825,pohang,pohang,pohang,unlabel,2,/home/ted1204/MS_Detection_Datamaker/MS_datamaker_PH/data/unlabel/1khz_50ns_20deci_2m_UTC+0900_DST0_20190618_002851.825.tdms,1khz_50ns_20deci_2m_UTC+0900_DST0_20190618_002851.825.tdms,1khz_50ns_20deci_2m_UTC+0900_DST0_20190618_002851.825,14.0,16.0,243,648,1000.0
443,pohang__1khz_50ns_20deci_2m_UTC+0900_DST0_20190618_002851.825,pohang,pohang,pohang,unlabel,2,/home/ted1204/MS_Detection_Datamaker/MS_datamaker_PH/data/unlabel/1khz_50ns_20deci_2m_UTC+0900_DST0_20190618_002851.825.tdms,1khz_50ns_20deci_2m_UTC+0900_DST0_20190618_002851.825.tdms,1khz_50ns_20deci_2m_UTC+0900_DST0_20190618_002851.825,15.0,17.0,243,648,1000.0
444,pohang__1khz_50ns_20deci_2m_UTC+0900_DST0_20190618_002851.825,pohang,pohang,pohang,unlabel,2,/home/ted1204/MS_Detection_Datamaker/MS_datamaker_PH/data/unlabel/1khz_50ns_20deci_2m_UTC+0900_DST0_20190618_002851.825.tdms,1khz_50ns_20deci_2m_UTC+0900_DST0_20190618_002851.825.tdms,1khz_50ns_20deci_2m_UTC+0900_DST0_20190618_002851.825,17.0,19.0,243,648,1000.0
445,pohang__1khz_50ns_20deci_2m_UTC+0900_DST0_20190618_002851.825,pohang,pohang,pohang,unlabel,2,/home/ted1204/MS_Detection_Datamaker/MS_datamaker_PH/data/unlabel/1khz_50ns_20deci_2m_UTC+0900_DST0_20190618_002851.825.tdms,1khz_50ns_20deci_2m_UTC+0900_DST0_20190618_002851.825.tdms,1khz_50ns_20deci_2m_UTC+0900_DST0_20190618_002851.825,18.0,20.0,243,648,1000.0
446,pohang__1khz_50ns_20deci_2m_UTC+0900_DST0_20190618_002851.825,pohang,pohang,pohang,unlabel,2,/home/ted1204/MS_Detection_Datamaker/MS_datamaker_PH/data/unlabel/1khz_50ns_20deci_2m_UTC+0900_DST0_20190618_002851.825.tdms,1khz_50ns_20deci_2m_UTC+0900_DST0_20190618_002851.825.tdms,1khz_50ns_20deci_2m_UTC+0900_DST0_20190618_002851.825,20.0,22.0,243,648,1000.0
447,pohang__1khz_50ns_20deci_2m_UTC+0900_DST0_20190618_002851.825,pohang,pohang,pohang,unlabel,2,/home/ted1204/MS_Detection_Datamaker/MS_datamaker_PH/data/unlabel/1khz_50ns_20deci_2m_UTC+0900_DST0_20190618_002851.825.tdms,1khz_50ns_20deci_2m_UTC+0900_DST0_20190618_002851.825.tdms,1khz_50ns_20deci_2m_UTC+0900_DST0_20190618_002851.825,23.0,25.0,243,648,1000.0
448,pohang__1khz_50ns_20deci_2m_UTC+0900_DST0_20190618_002851.825,pohang,pohang,pohang,unlabel,2,/home/ted1204/MS_Detection_Datamaker/MS_datamaker_PH/data/unlabel/1khz_50ns_20deci_2m_UTC+0900_DST0_20190618_002851.825.tdms,1khz_50ns_20deci_2m_UTC+0900_DST0_20190618_002851.825.tdms,1khz_50ns_20deci_2m_UTC+0900_DST0_20190618_002851.825,25.0,27.0,243,648,1000.0
449,pohang__1khz_50ns_20deci_2m_UTC+0900_DST0_20190618_002851.825,pohang,pohang,pohang,unlabel,2,/home/ted1204/MS_Detection_Datamaker/MS_datamaker_PH/data/unlabel/1khz_50ns_20deci_2m_UTC+0900_DST0_20190618_002851.825.tdms,1khz_50ns_20deci_2m_UTC+0900_DST0_20190618_002851.825.tdms,1khz_50ns_20deci_2m_UTC+0900_DST0_20190618_002851.825,27.0,29.0,243,648,1000.0
450,pohang__1khz_50ns_20deci_2m_UTC+0900_DST0_20190618_182121.825,pohang,pohang,pohang,unlabel,2,/home/ted1204/MS_Detection_Datamaker/MS_datamaker_PH/data/unlabel/1khz_50ns_20deci_2m_UTC+0900_DST0_20190618_182121.825.tdms,1khz_50ns_20deci_2m_UTC+0900_DST0_20190618_182121.825.tdms,1khz_50ns_20deci_2m_UTC+0900_DST0_20190618_182121.825,0.0,2.0,243,648,1000.0
451,pohang__1khz_50ns_20deci_2m_UTC+0900_DST0_20190618_182121.825,pohang,pohang,pohang,unlabel,2,/home/ted1204/MS_Detection_Datamaker/MS_datamaker_PH/data/unlabel/1khz_50ns_20deci_2m_UTC+0900_DST0_20190618_182121.825.tdms,1khz_50ns_20deci_2m_UTC+0900_DST0_20190618_182121.825.tdms,1khz_50ns_20deci_2m_UTC+0900_DST0_20190618_182121.825,1.0,3.0,243,648,1000.0
452,pohang__1khz_50ns_20deci_2m_UTC+0900_DST0_20190618_182121.825,pohang,pohang,pohang,unlabel,2,/home/ted1204/MS_Detection_Datamaker/MS_datamaker_PH/data/unlabel/1khz_50ns_20deci_2m_UTC+0900_DST0_20190618_182121.825.tdms,1khz_50ns_20deci_2m_UTC+0900_DST0_20190618_182121.825.tdms,1khz_50ns_20deci_2m_UTC+0900_DST0_20190618_182121.825,3.0,5.0,243,648,1000.0
453,pohang__1khz_50ns_20deci_2m_UTC+0900_DST0_20190618_182121.825,pohang,pohang,pohang,unlabel,2,/home/ted1204/MS_Detection_Datamaker/MS_datamaker_PH/data/unlabel/1khz_50ns_20deci_2m_UTC+0900_DST0_20190618_182121.825.tdms,1khz_50ns_20deci_2m_UTC+0900_DST0_20190618_182121.825.tdms,1khz_50ns_20deci_2m_UTC+0900_DST0_20190618_182121.825,4.0,6.0,243,648,1000.0
454,pohang__1khz_50ns_20deci_2m_UTC+0900_DST0_20190618_182121.825,pohang,pohang,pohang,unlabel,2,/home/ted1204/MS_Detection_Datamaker/MS_datamaker_PH/data/unlabel/1khz_50ns_20deci_2m_UTC+0900_DST0_20190618_182121.825.tdms,1khz_50ns_20deci_2m_UTC+0900_DST0_20190618_182121.825.tdms,1khz_50ns_20deci_2m_UTC+0900_DST0_20190618_182121.825,7.0,9.0,243,648,1000.0
455,pohang__1khz_50ns_20deci_2m_UTC+0900_DST0_20190618_182121.825,pohang,pohang,pohang,unlabel,2,/home/ted1204/MS_Detection_Datamaker/MS_datamaker_PH/data/unlabel/1khz_50ns_20deci_2m_UTC+0900_DST0_20190618_182121.825.tdms,1khz_50ns_20deci_2m_UTC+0900_DST0_20190618_182121.825.tdms,1khz_50ns_20deci_2m_UTC+0900_DST0_20190618_182121.825,9.0,11.0,243,648,1000.0
456,pohang__1khz_50ns_20deci_2m_UTC+0900_DST0_20190618_182121.825,pohang,pohang,pohang,unlabel,2,/home/ted1204/MS_Detection_Datamaker/MS_datamaker_PH/data/unlabel/1khz_50ns_20deci_2m_UTC+0900_DST0_20190618_182121.825.tdms,1khz_50ns_20deci_2m_UTC+0900_DST0_20190618_182121.825.tdms,1khz_50ns_20deci_2m_UTC+0900_DST0_20190618_182121.825,10.0,12.0,243,648,1000.0
457,pohang__1khz_50ns_20deci_2m_UTC+0900_DST0_20190618_182121.825,pohang,pohang,pohang,unlabel,2,/home/ted1204/MS_Detection_Datamaker/MS_datamaker_PH/data/unlabel/1khz_50ns_20deci_2m_UTC+0900_DST0_20190618_182121.825.tdms,1khz_50ns_20deci_2m_UTC+0900_DST0_20190618_182121.825.tdms,1khz_50ns_20deci_2m_UTC+0900_DST0_20190618_182121.825,14.0,16.0,243,648,1000.0
458,pohang__1khz_50ns_20deci_2m_UTC+0900_DST0_20190618_182121.825,pohang,pohang,pohang,unlabel,2,/home/ted1204/MS_Detection_Datamaker/MS_datamaker_PH/data/unlabel/1khz_50ns_20deci_2m_UTC+0900_DST0_20190618_182121.825.tdms,1khz_50ns_20deci_2m_UTC+0900_DST0_20190618_182121.825.tdms,1khz_50ns_20deci_2m_UTC+0900_DST0_20190618_182121.825,16.0,18.0,243,648,1000.0
459,pohang__1khz_50ns_20deci_2m_UTC+0900_DST0_20190618_182121.825,pohang,pohang,pohang,unlabel,2,/home/ted1204/MS_Detection_Datamaker/MS_datamaker_PH/data/unlabel/1khz_50ns_20deci_2m_UTC+0900_DST0_20190618_182121.825.tdms,1khz_50ns_20deci_2m_UTC+0900_DST0_20190618_182121.825.tdms,1khz_50ns_20deci_2m_UTC+0900_DST0_20190618_182121.825,18.0,20.0,243,648,1000.0
460,pohang__1khz_50ns_20deci_2m_UTC+0900_DST0_20190618_182121.825,pohang,pohang,pohang,unlabel,2,/home/ted1204/MS_Detection_Datamaker/MS_datamaker_PH/data/unlabel/1khz_50ns_20deci_2m_UTC+0900_DST0_20190618_182121.825.tdms,1khz_50ns_20deci_2m_UTC+0900_DST0_20190618_182121.825.tdms,1khz_50ns_20deci_2m_UTC+0900_DST0_20190618_182121.825,19.0,21.0,243,648,1000.0
461,pohang__1khz_50ns_20deci_2m_UTC+0900_DST0_20190618_182121.825,pohang,pohang,pohang,unlabel,2,/home/ted1204/MS_Detection_Datamaker/MS_datamaker_PH/data/unlabel/1khz_50ns_20deci_2m_UTC+0900_DST0_20190618_182121.825.tdms,1khz_50ns_20deci_2m_UTC+0900_DST0_20190618_182121.825.tdms,1khz_50ns_20deci_2m_UTC+0900_DST0_20190618_182121.825,20.0,22.0,243,648,1000.0
462,pohang__1khz_50ns_20deci_2m_UTC+0900_DST0_20190618_182121.825,pohang,pohang,pohang,unlabel,2,/home/ted1204/MS_Detection_Datamaker/MS_datamaker_PH/data/unlabel/1khz_50ns_20deci_2m_UTC+0900_DST0_20190618_182121.825.tdms,1khz_50ns_20deci_2m_UTC+0900_DST0_20190618_182121.825.tdms,1khz_50ns_20deci_2m_UTC+0900_DST0_20190618_182121.825,21.0,23.0,243,648,1000.0
463,pohang__1khz_50ns_20deci_2m_UTC+0900_DST0_20190618_182121.825,pohang,pohang,pohang,unlabel,2,/home/ted1204/MS_Detection_Datamaker/MS_datamaker_PH/data/unlabel/1khz_50ns_20deci_2m_UTC+0900_DST0_20190618_182121.825.tdms,1khz_50ns_20deci_2m_UTC+0900_DST0_20190618_182121.825.tdms,1khz_50ns_20deci_2m_UTC+0900_DST0_20190618_182121.825,22.0,24.0,243,648,1000.0
464,pohang__1khz_50ns_20deci_2m_UTC+0900_DST0_20190618_182121.825,pohang,pohang,pohang,unlabel,2,/home/ted1204/MS_Detection_Datamaker/MS_datamaker_PH/data/unlabel/1khz_50ns_20deci_2m_UTC+0900_DST0_20190618_182121.825.tdms,1khz_50ns_20deci_2m_UTC+0900_DST0_20190618_182121.825.tdms,1khz_50ns_20deci_2m_UTC+0900_DST0_20190618_182121.825,24.0,26.0,243,648,1000.0
465,pohang__1khz_50ns_20deci_2m_UTC+0900_DST0_20190619_113821.825,pohang,pohang,pohang,unlabel,2,/home/ted1204/MS_Detection_Datamaker/MS_datamaker_PH/data/unlabel/1khz_50ns_20deci_2m_UTC+0900_DST0_20190619_113821.825.tdms,1khz_50ns_20deci_2m_UTC+0900_DST0_20190619_113821.825.tdms,1khz_50ns_20deci_2m_UTC+0900_DST0_20190619_113821.825,0.0,2.0,243,648,1000.0
466,pohang__1khz_50ns_20deci_2m_UTC+0900_DST0_20190619_113821.825,pohang,pohang,pohang,unlabel,2,/home/ted1204/MS_Detection_Datamaker/MS_datamaker_PH/data/unlabel/1khz_50ns_20deci_2m_UTC+0900_DST0_20190619_113821.825.tdms,1khz_50ns_20deci_2m_UTC+0900_DST0_20190619_113821.825.tdms,1khz_50ns_20deci_2m_UTC+0900_DST0_20190619_113821.825,4.0,6.0,243,648,1000.0
467,pohang__1khz_50ns_20deci_2m_UTC+0900_DST0_20190619_113821.825,pohang,pohang,pohang,unlabel,2,/home/ted1204/MS_Detection_Datamaker/MS_datamaker_PH/data/unlabel/1khz_50ns_20deci_2m_UTC+0900_DST0_20190619_113821.825.tdms,1khz_50ns_20deci_2m_UTC+0900_DST0_20190619_113821.825.tdms,1khz_50ns_20deci_2m_UTC+0900_DST0_20190619_113821.825,5.0,7.0,243,648,1000.0
468,pohang__1khz_50ns_20deci_2m_UTC+0900_DST0_20190619_113821.825,pohang,pohang,pohang,unlabel,2,/home/ted1204/MS_Detection_Datamaker/MS_datamaker_PH/data/unlabel/1khz_50ns_20deci_2m_UTC+0900_DST0_20190619_113821.825.tdms,1khz_50ns_20deci_2m_UTC+0900_DST0_20190619_113821.825.tdms,1khz_50ns_20deci_2m_UTC+0900_DST0_20190619_113821.825,6.0,8.0,243,648,1000.0
469,pohang__1khz_50ns_20deci_2m_UTC+0900_DST0_20190619_113821.825,pohang,pohang,pohang,unlabel,2,/home/ted1204/MS_Detection_Datamaker/MS_datamaker_PH/data/unlabel/1khz_50ns_20deci_2m_UTC+0900_DST0_20190619_113821.825.tdms,1khz_50ns_20deci_2m_UTC+0900_DST0_20190619_113821.825.tdms,1khz_50ns_20deci_2m_UTC+0900_DST0_20190619_113821.825,10.0,12.0,243,648,1000.0
470,pohang__1khz_50ns_20deci_2m_UTC+0900_DST0_20190619_113821.825,pohang,pohang,pohang,unlabel,2,/home/ted1204/MS_Detection_Datamaker/MS_datamaker_PH/data/unlabel/1khz_50ns_20deci_2m_UTC+0900_DST0_20190619_113821.825.tdms,1khz_50ns_20deci_2m_UTC+0900_DST0_20190619_113821.825.tdms,1khz_50ns_20deci_2m_UTC+0900_DST0_20190619_113821.825,12.0,14.0,243,648,1000.0
471,pohang__1khz_50ns_20deci_2m_UTC+0900_DST0_20190619_113821.825,pohang,pohang,pohang,unlabel,2,/home/ted1204/MS_Detection_Datamaker/MS_datamaker_PH/data/unlabel/1khz_50ns_20deci_2m_UTC+0900_DST0_20190619_113821.825.tdms,1khz_50ns_20deci_2m_UTC+0900_DST0_20190619_113821.825.tdms,1khz_50ns_20deci_2m_UTC+0900_DST0_20190619_113821.825,13.0,15.0,243,648,1000.0
472,pohang__1khz_50ns_20deci_2m_UTC+0900_DST0_20190619_113821.825,pohang,pohang,pohang,unlabel,2,/home/ted1204/MS_Detection_Datamaker/MS_datamaker_PH/data/unlabel/1khz_50ns_20deci_2m_UTC+0900_DST0_20190619_113821.825.tdms,1khz_50ns_20deci_2m_UTC+0900_DST0_20190619_113821.825.tdms,1khz_50ns_20deci_2m_UTC+0900_DST0_20190619_113821.825,14.0,16.0,243,648,1000.0
473,pohang__1khz_50ns_20deci_2m_UTC+0900_DST0_20190619_113821.825,pohang,pohang,pohang,unlabel,2,/home/ted1204/MS_Detection_Datamaker/MS_datamaker_PH/data/unlabel/1khz_50ns_20deci_2m_UTC+0900_DST0_20190619_113821.825.tdms,1khz_50ns_20deci_2m_UTC+0900_DST0_20190619_113821.825.tdms,1khz_50ns_20deci_2m_UTC+0900_DST0_20190619_113821.825,15.0,17.0,243,648,1000.0
474,pohang__1khz_50ns_20deci_2m_UTC+0900_DST0_20190619_113821.825,pohang,pohang,pohang,unlabel,2,/home/ted1204/MS_Detection_Datamaker/MS_datamaker_PH/data/unlabel/1khz_50ns_20deci_2m_UTC+0900_DST0_20190619_113821.825.tdms,1khz_50ns_20deci_2m_UTC+0900_DST0_20190619_113821.825.tdms,1khz_50ns_20deci_2m_UTC+0900_DST0_20190619_113821.825,16.0,18.0,243,648,1000.0
475,pohang__1khz_50ns_20deci_2m_UTC+0900_DST0_20190619_113821.825,pohang,pohang,pohang,unlabel,2,/home/ted1204/MS_Detection_Datamaker/MS_datamaker_PH/data/unlabel/1khz_50ns_20deci_2m_UTC+0900_DST0_20190619_113821.825.tdms,1khz_50ns_20deci_2m_UTC+0900_DST0_20190619_113821.825.tdms,1khz_50ns_20deci_2m_UTC+0900_DST0_20190619_113821.825,18.0,20.0,243,648,1000.0
476,pohang__1khz_50ns_20deci_2m_UTC+0900_DST0_20190619_113821.825,pohang,pohang,pohang,unlabel,2,/home/ted1204/MS_Detection_Datamaker/MS_datamaker_PH/data/unlabel/1khz_50ns_20deci_2m_UTC+0900_DST0_20190619_113821.825.tdms,1khz_50ns_20deci_2m_UTC+0900_DST0_20190619_113821.825.tdms,1khz_50ns_20deci_2m_UTC+0900_DST0_20190619_113821.825,24.0,26.0,243,648,1000.0
477,pohang__1khz_50ns_20deci_2m_UTC+0900_DST0_20190619_113821.825,pohang,pohang,pohang,unlabel,2,/home/ted1204/MS_Detection_Datamaker/MS_datamaker_PH/data/unlabel/1khz_50ns_20deci_2m_UTC+0900_DST0_20190619_113821.825.tdms,1khz_50ns_20deci_2m_UTC+0900_DST0_20190619_113821.825.tdms,1khz_50ns_20deci_2m_UTC+0900_DST0_20190619_113821.825,25.0,27.0,243,648,1000.0
478,pohang__1khz_50ns_20deci_2m_UTC+0900_DST0_20190619_113821.825,pohang,pohang,pohang,unlabel,2,/home/ted1204/MS_Detection_Datamaker/MS_datamaker_PH/data/unlabel/1khz_50ns_20deci_2m_UTC+0900_DST0_20190619_113821.825.tdms,1khz_50ns_20deci_2m_UTC+0900_DST0_20190619_113821.825.tdms,1khz_50ns_20deci_2m_UTC+0900_DST0_20190619_113821.825,26.0,28.0,243,648,1000.0
479,pohang__1khz_50ns_20deci_2m_UTC+0900_DST0_20190619_113821.825,pohang,pohang,pohang,unlabel,2,/home/ted1204/MS_Detection_Datamaker/MS_datamaker_PH/data/unlabel/1khz_50ns_20deci_2m_UTC+0900_DST0_20190619_113821.825.tdms,1khz_50ns_20deci_2m_UTC+0900_DST0_20190619_113821.825.tdms,1khz_50ns_20deci_2m_UTC+0900_DST0_20190619_113821.825,28.0,30.0,243,648,1000.0
480,pohang__1khz_50ns_20deci_2m_UTC+0900_DST0_20190620_025821.825,pohang,pohang,pohang,unlabel,2,/home/ted1204/MS_Detection_Datamaker/MS_datamaker_PH/data/unlabel/1khz_50ns_20deci_2m_UTC+0900_DST0_20190620_025821.825.tdms,1khz_50ns_20deci_2m_UTC+0900_DST0_20190620_025821.825.tdms,1khz_50ns_20deci_2m_UTC+0900_DST0_20190620_025821.825,0.0,2.0,243,648,1000.0
481,pohang__1khz_50ns_20deci_2m_UTC+0900_DST0_20190620_025821.825,pohang,pohang,pohang,unlabel,2,/home/ted1204/MS_Detection_Datamaker/MS_datamaker_PH/data/unlabel/1khz_50ns_20deci_2m_UTC+0900_DST0_20190620_025821.825.tdms,1khz_50ns_20deci_2m_UTC+0900_DST0_20190620_025821.825.tdms,1khz_50ns_20deci_2m_UTC+0900_DST0_20190620_025821.825,2.0,4.0,243,648,1000.0
482,pohang__1khz_50ns_20deci_2m_UTC+0900_DST0_20190620_025821.825,pohang,pohang,pohang,unlabel,2,/home/ted1204/MS_Detection_Datamaker/MS_datamaker_PH/data/unlabel/1khz_50ns_20deci_2m_UTC+0900_DST0_20190620_025821.825.tdms,1khz_50ns_20deci_2m_UTC+0900_DST0_20190620_025821.825.tdms,1khz_50ns_20deci_2m_UTC+0900_DST0_20190620_025821.825,3.0,5.0,243,648,1000.0
483,pohang__1khz_50ns_20deci_2m_UTC+0900_DST0_20190620_025821.825,pohang,pohang,pohang,unlabel,2,/home/ted1204/MS_Detection_Datamaker/MS_datamaker_PH/data/unlabel/1khz_50ns_20deci_2m_UTC+0900_DST0_20190620_025821.825.tdms,1khz_50ns_20deci_2m_UTC+0900_DST0_20190620_025821.825.tdms,1khz_50ns_20deci_2m_UTC+0900_DST0_20190620_025821.825,4.0,6.0,243,648,1000.0
484,pohang__1khz_50ns_20deci_2m_UTC+0900_DST0_20190620_025821.825,pohang,pohang,pohang,unlabel,2,/home/ted1204/MS_Detection_Datamaker/MS_datamaker_PH/data/unlabel/1khz_50ns_20deci_2m_UTC+0900_DST0_20190620_025821.825.tdms,1khz_50ns_20deci_2m_UTC+0900_DST0_20190620_025821.825.tdms,1khz_50ns_20deci_2m_UTC+0900_DST0_20190620_025821.825,8.0,10.0,243,648,1000.0
485,pohang__1khz_50ns_20deci_2m_UTC+0900_DST0_20190620_025821.825,pohang,pohang,pohang,unlabel,2,/home/ted1204/MS_Detection_Datamaker/MS_datamaker_PH/data/unlabel/1khz_50ns_20deci_2m_UTC+0900_DST0_20190620_025821.825.tdms,1khz_50ns_20deci_2m_UTC+0900_DST0_20190620_025821.825.tdms,1khz_50ns_20deci_2m_UTC+0900_DST0_20190620_025821.825,9.0,11.0,243,648,1000.0
486,pohang__1khz_50ns_20deci_2m_UTC+0900_DST0_20190620_025821.825,pohang,pohang,pohang,unlabel,2,/home/ted1204/MS_Detection_Datamaker/MS_datamaker_PH/data/unlabel/1khz_50ns_20deci_2m_UTC+0900_DST0_20190620_025821.825.tdms,1khz_50ns_20deci_2m_UTC+0900_DST0_20190620_025821.825.tdms,1khz_50ns_20deci_2m_UTC+0900_DST0_20190620_025821.825,10.0,12.0,243,648,1000.0
487,pohang__1khz_50ns_20deci_2m_UTC+0900_DST0_20190620_025821.825,pohang,pohang,pohang,unlabel,2,/home/ted1204/MS_Detection_Datamaker/MS_datamaker_PH/data/unlabel/1khz_50ns_20deci_2m_UTC+0900_DST0_20190620_025821.825.tdms,1khz_50ns_20deci_2m_UTC+0900_DST0_20190620_025821.825.tdms,1khz_50ns_20deci_2m_UTC+0900_DST0_20190620_025821.825,11.0,13.0,243,648,1000.0
488,pohang__1khz_50ns_20deci_2m_UTC+0900_DST0_20190620_025821.825,pohang,pohang,pohang,unlabel,2,/home/ted1204/MS_Detection_Datamaker/MS_datamaker_PH/data/unlabel/1khz_50ns_20deci_2m_UTC+0900_DST0_20190620_025821.825.tdms,1khz_50ns_20deci_2m_UTC+0900_DST0_20190620_025821.825.tdms,1khz_50ns_20deci_2m_UTC+0900_DST0_20190620_025821.825,12.0,14.0,243,648,1000.0
489,pohang__1khz_50ns_20deci_2m_UTC+0900_DST0_20190620_025821.825,pohang,pohang,pohang,unlabel,2,/home/ted1204/MS_Detection_Datamaker/MS_datamaker_PH/data/unlabel/1khz_50ns_20deci_2m_UTC+0900_DST0_20190620_025821.825.tdms,1khz_50ns_20deci_2m_UTC+0900_DST0_20190620_025821.825.tdms,1khz_50ns_20deci_2m_UTC+0900_DST0_20190620_025821.825,16.0,18.0,243,648,1000.0
490,pohang__1khz_50ns_20deci_2m_UTC+0900_DST0_20190620_025821.825,pohang,pohang,pohang,unlabel,2,/home/ted1204/MS_Detection_Datamaker/MS_datamaker_PH/data/unlabel/1khz_50ns_20deci_2m_UTC+0900_DST0_20190620_025821.825.tdms,1khz_50ns_20deci_2m_UTC+0900_DST0_20190620_025821.825.tdms,1khz_50ns_20deci_2m_UTC+0900_DST0_20190620_025821.825,18.0,20.0,243,648,1000.0
491,pohang__1khz_50ns_20deci_2m_UTC+0900_DST0_20190620_025821.825,pohang,pohang,pohang,unlabel,2,/home/ted1204/MS_Detection_Datamaker/MS_datamaker_PH/data/unlabel/1khz_50ns_20deci_2m_UTC+0900_DST0_20190620_025821.825.tdms,1khz_50ns_20deci_2m_UTC+0900_DST0_20190620_025821.825.tdms,1khz_50ns_20deci_2m_UTC+0900_DST0_20190620_025821.825,20.0,22.0,243,648,1000.0
492,pohang__1khz_50ns_20deci_2m_UTC+0900_DST0_20190620_025821.825,pohang,pohang,pohang,unlabel,2,/home/ted1204/MS_Detection_Datamaker/MS_datamaker_PH/data/unlabel/1khz_50ns_20deci_2m_UTC+0900_DST0_20190620_025821.825.tdms,1khz_50ns_20deci_2m_UTC+0900_DST0_20190620_025821.825.tdms,1khz_50ns_20deci_2m_UTC+0900_DST0_20190620_025821.825,23.0,25.0,243,648,1000.0
493,pohang__1khz_50ns_20deci_2m_UTC+0900_DST0_20190620_025821.825,pohang,pohang,pohang,unlabel,2,/home/ted1204/MS_Detection_Datamaker/MS_datamaker_PH/data/unlabel/1khz_50ns_20deci_2m_UTC+0900_DST0_20190620_025821.825.tdms,1khz_50ns_20deci_2m_UTC+0900_DST0_20190620_025821.825.tdms,1khz_50ns_20deci_2m_UTC+0900_DST0_20190620_025821.825,26.0,28.0,243,648,1000.0
494,pohang__1khz_50ns_20deci_2m_UTC+0900_DST0_20190620_025821.825,pohang,pohang,pohang,unlabel,2,/home/ted1204/MS_Detection_Datamaker/MS_datamaker_PH/data/unlabel/1khz_50ns_20deci_2m_UTC+0900_DST0_20190620_025821.825.tdms,1khz_50ns_20deci_2m_UTC+0900_DST0_20190620_025821.825.tdms,1khz_50ns_20deci_2m_UTC+0900_DST0_20190620_025821.825,27.0,29.0,243,648,1000.0
495,pohang__1khz_50ns_20deci_2m_UTC+0900_DST0_20190620_162621.825,pohang,pohang,pohang,unlabel,2,/home/ted1204/MS_Detection_Datamaker/MS_datamaker_PH/data/unlabel/1khz_50ns_20deci_2m_UTC+0900_DST0_20190620_162621.825.tdms,1khz_50ns_20deci_2m_UTC+0900_DST0_20190620_162621.825.tdms,1khz_50ns_20deci_2m_UTC+0900_DST0_20190620_162621.825,3.0,5.0,243,648,1000.0
496,pohang__1khz_50ns_20deci_2m_UTC+0900_DST0_20190620_162621.825,pohang,pohang,pohang,unlabel,2,/home/ted1204/MS_Detection_Datamaker/MS_datamaker_PH/data/unlabel/1khz_50ns_20deci_2m_UTC+0900_DST0_20190620_162621.825.tdms,1khz_50ns_20deci_2m_UTC+0900_DST0_20190620_162621.825.tdms,1khz_50ns_20deci_2m_UTC+0900_DST0_20190620_162621.825,4.0,6.0,243,648,1000.0
497,pohang__1khz_50ns_20deci_2m_UTC+0900_DST0_20190620_162621.825,pohang,pohang,pohang,unlabel,2,/home/ted1204/MS_Detection_Datamaker/MS_datamaker_PH/data/unlabel/1khz_50ns_20deci_2m_UTC+0900_DST0_20190620_162621.825.tdms,1khz_50ns_20deci_2m_UTC+0900_DST0_20190620_162621.825.tdms,1khz_50ns_20deci_2m_UTC+0900_DST0_20190620_162621.825,5.0,7.0,243,648,1000.0
498,pohang__1khz_50ns_20deci_2m_UTC+0900_DST0_20190620_162621.825,pohang,pohang,pohang,unlabel,2,/home/ted1204/MS_Detection_Datamaker/MS_datamaker_PH/data/unlabel/1khz_50ns_20deci_2m_UTC+0900_DST0_20190620_162621.825.tdms,1khz_50ns_20deci_2m_UTC+0900_DST0_20190620_162621.825.tdms,1khz_50ns_20deci_2m_UTC+0900_DST0_20190620_162621.825,7.0,9.0,243,648,1000.0
499,pohang__1khz_50ns_20deci_2m_UTC+0900_DST0_20190620_162621.825,pohang,pohang,pohang,unlabel,2,/home/ted1204/MS_Detection_Datamaker/MS_datamaker_PH/data/unlabel/1khz_50ns_20deci_2m_UTC+0900_DST0_20190620_162621.825.tdms,1khz_50ns_20deci_2m_UTC+0900_DST0_20190620_162621.825.tdms,1khz_50ns_20deci_2m_UTC+0900_DST0_20190620_162621.825,8.0,10.0,243,648,1000.0
500,pohang__1khz_50ns_20deci_2m_UTC+0900_DST0_20190620_162621.825,pohang,pohang,pohang,unlabel,2,/home/ted1204/MS_Detection_Datamaker/MS_datamaker_PH/data/unlabel/1khz_50ns_20deci_2m_UTC+0900_DST0_20190620_162621.825.tdms,1khz_50ns_20deci_2m_UTC+0900_DST0_20190620_162621.825.tdms,1khz_50ns_20deci_2m_UTC+0900_DST0_20190620_162621.825,9.0,11.0,243,648,1000.0
501,pohang__1khz_50ns_20deci_2m_UTC+0900_DST0_20190620_162621.825,pohang,pohang,pohang,unlabel,2,/home/ted1204/MS_Detection_Datamaker/MS_datamaker_PH/data/unlabel/1khz_50ns_20deci_2m_UTC+0900_DST0_20190620_162621.825.tdms,1khz_50ns_20deci_2m_UTC+0900_DST0_20190620_162621.825.tdms,1khz_50ns_20deci_2m_UTC+0900_DST0_20190620_162621.825,10.0,12.0,243,648,1000.0
502,pohang__1khz_50ns_20deci_2m_UTC+0900_DST0_20190620_162621.825,pohang,pohang,pohang,unlabel,2,/home/ted1204/MS_Detection_Datamaker/MS_datamaker_PH/data/unlabel/1khz_50ns_20deci_2m_UTC+0900_DST0_20190620_162621.825.tdms,1khz_50ns_20deci_2m_UTC+0900_DST0_20190620_162621.825.tdms,1khz_50ns_20deci_2m_UTC+0900_DST0_20190620_162621.825,11.0,13.0,243,648,1000.0
503,pohang__1khz_50ns_20deci_2m_UTC+0900_DST0_20190620_162621.825,pohang,pohang,pohang,unlabel,2,/home/ted1204/MS_Detection_Datamaker/MS_datamaker_PH/data/unlabel/1khz_50ns_20deci_2m_UTC+0900_DST0_20190620_162621.825.tdms,1khz_50ns_20deci_2m_UTC+0900_DST0_20190620_162621.825.tdms,1khz_50ns_20deci_2m_UTC+0900_DST0_20190620_162621.825,13.0,15.0,243,648,1000.0
504,pohang__1khz_50ns_20deci_2m_UTC+0900_DST0_20190620_162621.825,pohang,pohang,pohang,unlabel,2,/home/ted1204/MS_Detection_Datamaker/MS_datamaker_PH/data/unlabel/1khz_50ns_20deci_2m_UTC+0900_DST0_20190620_162621.825.tdms,1khz_50ns_20deci_2m_UTC+0900_DST0_20190620_162621.825.tdms,1khz_50ns_20deci_2m_UTC+0900_DST0_20190620_162621.825,18.0,20.0,243,648,1000.0
505,pohang__1khz_50ns_20deci_2m_UTC+0900_DST0_20190620_162621.825,pohang,pohang,pohang,unlabel,2,/home/ted1204/MS_Detection_Datamaker/MS_datamaker_PH/data/unlabel/1khz_50ns_20deci_2m_UTC+0900_DST0_20190620_162621.825.tdms,1khz_50ns_20deci_2m_UTC+0900_DST0_20190620_162621.825.tdms,1khz_50ns_20deci_2m_UTC+0900_DST0_20190620_162621.825,20.0,22.0,243,648,1000.0
506,pohang__1khz_50ns_20deci_2m_UTC+0900_DST0_20190620_162621.825,pohang,pohang,pohang,unlabel,2,/home/ted1204/MS_Detection_Datamaker/MS_datamaker_PH/data/unlabel/1khz_50ns_20deci_2m_UTC+0900_DST0_20190620_162621.825.tdms,1khz_50ns_20deci_2m_UTC+0900_DST0_20190620_162621.825.tdms,1khz_50ns_20deci_2m_UTC+0900_DST0_20190620_162621.825,21.0,23.0,243,648,1000.0
507,pohang__1khz_50ns_20deci_2m_UTC+0900_DST0_20190620_162621.825,pohang,pohang,pohang,unlabel,2,/home/ted1204/MS_Detection_Datamaker/MS_datamaker_PH/data/unlabel/1khz_50ns_20deci_2m_UTC+0900_DST0_20190620_162621.825.tdms,1khz_50ns_20deci_2m_UTC+0900_DST0_20190620_162621.825.tdms,1khz_50ns_20deci_2m_UTC+0900_DST0_20190620_162621.825,22.0,24.0,243,648,1000.0
508,pohang__1khz_50ns_20deci_2m_UTC+0900_DST0_20190620_162621.825,pohang,pohang,pohang,unlabel,2,/home/ted1204/MS_Detection_Datamaker/MS_datamaker_PH/data/unlabel/1khz_50ns_20deci_2m_UTC+0900_DST0_20190620_162621.825.tdms,1khz_50ns_20deci_2m_UTC+0900_DST0_20190620_162621.825.tdms,1khz_50ns_20deci_2m_UTC+0900_DST0_20190620_162621.825,24.0,26.0,243,648,1000.0
509,pohang__1khz_50ns_20deci_2m_UTC+0900_DST0_20190620_162621.825,pohang,pohang,pohang,unlabel,2,/home/ted1204/MS_Detection_Datamaker/MS_datamaker_PH/data/unlabel/1khz_50ns_20deci_2m_UTC+0900_DST0_20190620_162621.825.tdms,1khz_50ns_20deci_2m_UTC+0900_DST0_20190620_162621.825.tdms,1khz_50ns_20deci_2m_UTC+0900_DST0_20190620_162621.825,25.0,27.0,243,648,1000.0
510,pohang__1khz_50ns_20deci_2m_UTC+0900_DST0_20190621_095521.825,pohang,pohang,pohang,unlabel,2,/home/ted1204/MS_Detection_Datamaker/MS_datamaker_PH/data/unlabel/1khz_50ns_20deci_2m_UTC+0900_DST0_20190621_095521.825.tdms,1khz_50ns_20deci_2m_UTC+0900_DST0_20190621_095521.825.tdms,1khz_50ns_20deci_2m_UTC+0900_DST0_20190621_095521.825,1.0,3.0,243,648,1000.0
511,pohang__1khz_50ns_20deci_2m_UTC+0900_DST0_20190621_095521.825,pohang,pohang,pohang,unlabel,2,/home/ted1204/MS_Detection_Datamaker/MS_datamaker_PH/data/unlabel/1khz_50ns_20deci_2m_UTC+0900_DST0_20190621_095521.825.tdms,1khz_50ns_20deci_2m_UTC+0900_DST0_20190621_095521.825.tdms,1khz_50ns_20deci_2m_UTC+0900_DST0_20190621_095521.825,2.0,4.0,243,648,1000.0
512,pohang__1khz_50ns_20deci_2m_UTC+0900_DST0_20190621_095521.825,pohang,pohang,pohang,unlabel,2,/home/ted1204/MS_Detection_Datamaker/MS_datamaker_PH/data/unlabel/1khz_50ns_20deci_2m_UTC+0900_DST0_20190621_095521.825.tdms,1khz_50ns_20deci_2m_UTC+0900_DST0_20190621_095521.825.tdms,1khz_50ns_20deci_2m_UTC+0900_DST0_20190621_095521.825,4.0,6.0,243,648,1000.0
513,pohang__1khz_50ns_20deci_2m_UTC+0900_DST0_20190621_095521.825,pohang,pohang,pohang,unlabel,2,/home/ted1204/MS_Detection_Datamaker/MS_datamaker_PH/data/unlabel/1khz_50ns_20deci_2m_UTC+0900_DST0_20190621_095521.825.tdms,1khz_50ns_20deci_2m_UTC+0900_DST0_20190621_095521.825.tdms,1khz_50ns_20deci_2m_UTC+0900_DST0_20190621_095521.825,8.0,10.0,243,648,1000.0
514,pohang__1khz_50ns_20deci_2m_UTC+0900_DST0_20190621_095521.825,pohang,pohang,pohang,unlabel,2,/home/ted1204/MS_Detection_Datamaker/MS_datamaker_PH/data/unlabel/1khz_50ns_20deci_2m_UTC+0900_DST0_20190621_095521.825.tdms,1khz_50ns_20deci_2m_UTC+0900_DST0_20190621_095521.825.tdms,1khz_50ns_20deci_2m_UTC+0900_DST0_20190621_095521.825,9.0,11.0,243,648,1000.0
515,pohang__1khz_50ns_20deci_2m_UTC+0900_DST0_20190621_095521.825,pohang,pohang,pohang,unlabel,2,/home/ted1204/MS_Detection_Datamaker/MS_datamaker_PH/data/unlabel/1khz_50ns_20deci_2m_UTC+0900_DST0_20190621_095521.825.tdms,1khz_50ns_20deci_2m_UTC+0900_DST0_20190621_095521.825.tdms,1khz_50ns_20deci_2m_UTC+0900_DST0_20190621_095521.825,10.0,12.0,243,648,1000.0
516,pohang__1khz_50ns_20deci_2m_UTC+0900_DST0_20190621_095521.825,pohang,pohang,pohang,unlabel,2,/home/ted1204/MS_Detection_Datamaker/MS_datamaker_PH/data/unlabel/1khz_50ns_20deci_2m_UTC+0900_DST0_20190621_095521.825.tdms,1khz_50ns_20deci_2m_UTC+0900_DST0_20190621_095521.825.tdms,1khz_50ns_20deci_2m_UTC+0900_DST0_20190621_095521.825,11.0,13.0,243,648,1000.0
517,pohang__1khz_50ns_20deci_2m_UTC+0900_DST0_20190621_095521.825,pohang,pohang,pohang,unlabel,2,/home/ted1204/MS_Detection_Datamaker/MS_datamaker_PH/data/unlabel/1khz_50ns_20deci_2m_UTC+0900_DST0_20190621_095521.825.tdms,1khz_50ns_20deci_2m_UTC+0900_DST0_20190621_095521.825.tdms,1khz_50ns_20deci_2m_UTC+0900_DST0_20190621_095521.825,12.0,14.0,243,648,1000.0
518,pohang__1khz_50ns_20deci_2m_UTC+0900_DST0_20190621_095521.825,pohang,pohang,pohang,unlabel,2,/home/ted1204/MS_Detection_Datamaker/MS_datamaker_PH/data/unlabel/1khz_50ns_20deci_2m_UTC+0900_DST0_20190621_095521.825.tdms,1khz_50ns_20deci_2m_UTC+0900_DST0_20190621_095521.825.tdms,1khz_50ns_20deci_2m_UTC+0900_DST0_20190621_095521.825,13.0,15.0,243,648,1000.0
519,pohang__1khz_50ns_20deci_2m_UTC+0900_DST0_20190621_095521.825,pohang,pohang,pohang,unlabel,2,/home/ted1204/MS_Detection_Datamaker/MS_datamaker_PH/data/unlabel/1khz_50ns_20deci_2m_UTC+0900_DST0_20190621_095521.825.tdms,1khz_50ns_20deci_2m_UTC+0900_DST0_20190621_095521.825.tdms,1khz_50ns_20deci_2m_UTC+0900_DST0_20190621_095521.825,17.0,19.0,243,648,1000.0
520,pohang__1khz_50ns_20deci_2m_UTC+0900_DST0_20190621_095521.825,pohang,pohang,pohang,unlabel,2,/home/ted1204/MS_Detection_Datamaker/MS_datamaker_PH/data/unlabel/1khz_50ns_20deci_2m_UTC+0900_DST0_20190621_095521.825.tdms,1khz_50ns_20deci_2m_UTC+0900_DST0_20190621_095521.825.tdms,1khz_50ns_20deci_2m_UTC+0900_DST0_20190621_095521.825,20.0,22.0,243,648,1000.0
521,pohang__1khz_50ns_20deci_2m_UTC+0900_DST0_20190621_095521.825,pohang,pohang,pohang,unlabel,2,/home/ted1204/MS_Detection_Datamaker/MS_datamaker_PH/data/unlabel/1khz_50ns_20deci_2m_UTC+0900_DST0_20190621_095521.825.tdms,1khz_50ns_20deci_2m_UTC+0900_DST0_20190621_095521.825.tdms,1khz_50ns_20deci_2m_UTC+0900_DST0_20190621_095521.825,24.0,26.0,243,648,1000.0
522,pohang__1khz_50ns_20deci_2m_UTC+0900_DST0_20190621_095521.825,pohang,pohang,pohang,unlabel,2,/home/ted1204/MS_Detection_Datamaker/MS_datamaker_PH/data/unlabel/1khz_50ns_20deci_2m_UTC+0900_DST0_20190621_095521.825.tdms,1khz_50ns_20deci_2m_UTC+0900_DST0_20190621_095521.825.tdms,1khz_50ns_20deci_2m_UTC+0900_DST0_20190621_095521.825,25.0,27.0,243,648,1000.0
523,pohang__1khz_50ns_20deci_2m_UTC+0900_DST0_20190621_095521.825,pohang,pohang,pohang,unlabel,2,/home/ted1204/MS_Detection_Datamaker/MS_datamaker_PH/data/unlabel/1khz_50ns_20deci_2m_UTC+0900_DST0_20190621_095521.825.tdms,1khz_50ns_20deci_2m_UTC+0900_DST0_20190621_095521.825.tdms,1khz_50ns_20deci_2m_UTC+0900_DST0_20190621_095521.825,26.0,28.0,243,648,1000.0
524,pohang__1khz_50ns_20deci_2m_UTC+0900_DST0_20190621_095521.825,pohang,pohang,pohang,unlabel,2,/home/ted1204/MS_Detection_Datamaker/MS_datamaker_PH/data/unlabel/1khz_50ns_20deci_2m_UTC+0900_DST0_20190621_095521.825.tdms,1khz_50ns_20deci_2m_UTC+0900_DST0_20190621_095521.825.tdms,1khz_50ns_20deci_2m_UTC+0900_DST0_20190621_095521.825,28.0,30.0,243,648,1000.0
525,pohang__1khz_50ns_20deci_2m_UTC+0900_DST0_20190621_184551.825,pohang,pohang,pohang,unlabel,2,/home/ted1204/MS_Detection_Datamaker/MS_datamaker_PH/data/unlabel/1khz_50ns_20deci_2m_UTC+0900_DST0_20190621_184551.825.tdms,1khz_50ns_20deci_2m_UTC+0900_DST0_20190621_184551.825.tdms,1khz_50ns_20deci_2m_UTC+0900_DST0_20190621_184551.825,1.0,3.0,243,648,1000.0
526,pohang__1khz_50ns_20deci_2m_UTC+0900_DST0_20190621_184551.825,pohang,pohang,pohang,unlabel,2,/home/ted1204/MS_Detection_Datamaker/MS_datamaker_PH/data/unlabel/1khz_50ns_20deci_2m_UTC+0900_DST0_20190621_184551.825.tdms,1khz_50ns_20deci_2m_UTC+0900_DST0_20190621_184551.825.tdms,1khz_50ns_20deci_2m_UTC+0900_DST0_20190621_184551.825,4.0,6.0,243,648,1000.0
527,pohang__1khz_50ns_20deci_2m_UTC+0900_DST0_20190621_184551.825,pohang,pohang,pohang,unlabel,2,/home/ted1204/MS_Detection_Datamaker/MS_datamaker_PH/data/unlabel/1khz_50ns_20deci_2m_UTC+0900_DST0_20190621_184551.825.tdms,1khz_50ns_20deci_2m_UTC+0900_DST0_20190621_184551.825.tdms,1khz_50ns_20deci_2m_UTC+0900_DST0_20190621_184551.825,5.0,7.0,243,648,1000.0
528,pohang__1khz_50ns_20deci_2m_UTC+0900_DST0_20190621_184551.825,pohang,pohang,pohang,unlabel,2,/home/ted1204/MS_Detection_Datamaker/MS_datamaker_PH/data/unlabel/1khz_50ns_20deci_2m_UTC+0900_DST0_20190621_184551.825.tdms,1khz_50ns_20deci_2m_UTC+0900_DST0_20190621_184551.825.tdms,1khz_50ns_20deci_2m_UTC+0900_DST0_20190621_184551.825,6.0,8.0,243,648,1000.0
529,pohang__1khz_50ns_20deci_2m_UTC+0900_DST0_20190621_184551.825,pohang,pohang,pohang,unlabel,2,/home/ted1204/MS_Detection_Datamaker/MS_datamaker_PH/data/unlabel/1khz_50ns_20deci_2m_UTC+0900_DST0_20190621_184551.825.tdms,1khz_50ns_20deci_2m_UTC+0900_DST0_20190621_184551.825.tdms,1khz_50ns_20deci_2m_UTC+0900_DST0_20190621_184551.825,8.0,10.0,243,648,1000.0
530,pohang__1khz_50ns_20deci_2m_UTC+0900_DST0_20190621_184551.825,pohang,pohang,pohang,unlabel,2,/home/ted1204/MS_Detection_Datamaker/MS_datamaker_PH/data/unlabel/1khz_50ns_20deci_2m_UTC+0900_DST0_20190621_184551.825.tdms,1khz_50ns_20deci_2m_UTC+0900_DST0_20190621_184551.825.tdms,1khz_50ns_20deci_2m_UTC+0900_DST0_20190621_184551.825,9.0,11.0,243,648,1000.0
531,pohang__1khz_50ns_20deci_2m_UTC+0900_DST0_20190621_184551.825,pohang,pohang,pohang,unlabel,2,/home/ted1204/MS_Detection_Datamaker/MS_datamaker_PH/data/unlabel/1khz_50ns_20deci_2m_UTC+0900_DST0_20190621_184551.825.tdms,1khz_50ns_20deci_2m_UTC+0900_DST0_20190621_184551.825.tdms,1khz_50ns_20deci_2m_UTC+0900_DST0_20190621_184551.825,10.0,12.0,243,648,1000.0
532,pohang__1khz_50ns_20deci_2m_UTC+0900_DST0_20190621_184551.825,pohang,pohang,pohang,unlabel,2,/home/ted1204/MS_Detection_Datamaker/MS_datamaker_PH/data/unlabel/1khz_50ns_20deci_2m_UTC+0900_DST0_20190621_184551.825.tdms,1khz_50ns_20deci_2m_UTC+0900_DST0_20190621_184551.825.tdms,1khz_50ns_20deci_2m_UTC+0900_DST0_20190621_184551.825,15.0,17.0,243,648,1000.0
533,pohang__1khz_50ns_20deci_2m_UTC+0900_DST0_20190621_184551.825,pohang,pohang,pohang,unlabel,2,/home/ted1204/MS_Detection_Datamaker/MS_datamaker_PH/data/unlabel/1khz_50ns_20deci_2m_UTC+0900_DST0_20190621_184551.825.tdms,1khz_50ns_20deci_2m_UTC+0900_DST0_20190621_184551.825.tdms,1khz_50ns_20deci_2m_UTC+0900_DST0_20190621_184551.825,16.0,18.0,243,648,1000.0
534,pohang__1khz_50ns_20deci_2m_UTC+0900_DST0_20190621_184551.825,pohang,pohang,pohang,unlabel,2,/home/ted1204/MS_Detection_Datamaker/MS_datamaker_PH/data/unlabel/1khz_50ns_20deci_2m_UTC+0900_DST0_20190621_184551.825.tdms,1khz_50ns_20deci_2m_UTC+0900_DST0_20190621_184551.825.tdms,1khz_50ns_20deci_2m_UTC+0900_DST0_20190621_184551.825,19.0,21.0,243,648,1000.0
535,pohang__1khz_50ns_20deci_2m_UTC+0900_DST0_20190621_184551.825,pohang,pohang,pohang,unlabel,2,/home/ted1204/MS_Detection_Datamaker/MS_datamaker_PH/data/unlabel/1khz_50ns_20deci_2m_UTC+0900_DST0_20190621_184551.825.tdms,1khz_50ns_20deci_2m_UTC+0900_DST0_20190621_184551.825.tdms,1khz_50ns_20deci_2m_UTC+0900_DST0_20190621_184551.825,20.0,22.0,243,648,1000.0
536,pohang__1khz_50ns_20deci_2m_UTC+0900_DST0_20190621_184551.825,pohang,pohang,pohang,unlabel,2,/home/ted1204/MS_Detection_Datamaker/MS_datamaker_PH/data/unlabel/1khz_50ns_20deci_2m_UTC+0900_DST0_20190621_184551.825.tdms,1khz_50ns_20deci_2m_UTC+0900_DST0_20190621_184551.825.tdms,1khz_50ns_20deci_2m_UTC+0900_DST0_20190621_184551.825,21.0,23.0,243,648,1000.0
537,pohang__1khz_50ns_20deci_2m_UTC+0900_DST0_20190621_184551.825,pohang,pohang,pohang,unlabel,2,/home/ted1204/MS_Detection_Datamaker/MS_datamaker_PH/data/unlabel/1khz_50ns_20deci_2m_UTC+0900_DST0_20190621_184551.825.tdms,1khz_50ns_20deci_2m_UTC+0900_DST0_20190621_184551.825.tdms,1khz_50ns_20deci_2m_UTC+0900_DST0_20190621_184551.825,25.0,27.0,243,648,1000.0
538,pohang__1khz_50ns_20deci_2m_UTC+0900_DST0_20190621_184551.825,pohang,pohang,pohang,unlabel,2,/home/ted1204/MS_Detection_Datamaker/MS_datamaker_PH/data/unlabel/1khz_50ns_20deci_2m_UTC+0900_DST0_20190621_184551.825.tdms,1khz_50ns_20deci_2m_UTC+0900_DST0_20190621_184551.825.tdms,1khz_50ns_20deci_2m_UTC+0900_DST0_20190621_184551.825,27.0,29.0,243,648,1000.0
539,pohang__1khz_50ns_20deci_2m_UTC+0900_DST0_20190621_184551.825,pohang,pohang,pohang,unlabel,2,/home/ted1204/MS_Detection_Datamaker/MS_datamaker_PH/data/unlabel/1khz_50ns_20deci_2m_UTC+0900_DST0_20190621_184551.825.tdms,1khz_50ns_20deci_2m_UTC+0900_DST0_20190621_184551.825.tdms,1khz_50ns_20deci_2m_UTC+0900_DST0_20190621_184551.825,28.0,30.0,243,648,1000.0
540,pohang__1khz_50ns_20deci_2m_UTC+0900_DST0_20190621_221021.825,pohang,pohang,pohang,unlabel,2,/home/ted1204/MS_Detection_Datamaker/MS_datamaker_PH/data/unlabel/1khz_50ns_20deci_2m_UTC+0900_DST0_20190621_221021.825.tdms,1khz_50ns_20deci_2m_UTC+0900_DST0_20190621_221021.825.tdms,1khz_50ns_20deci_2m_UTC+0900_DST0_20190621_221021.825,2.0,4.0,243,648,1000.0
541,pohang__1khz_50ns_20deci_2m_UTC+0900_DST0_20190621_221021.825,pohang,pohang,pohang,unlabel,2,/home/ted1204/MS_Detection_Datamaker/MS_datamaker_PH/data/unlabel/1khz_50ns_20deci_2m_UTC+0900_DST0_20190621_221021.825.tdms,1khz_50ns_20deci_2m_UTC+0900_DST0_20190621_221021.825.tdms,1khz_50ns_20deci_2m_UTC+0900_DST0_20190621_221021.825,4.0,6.0,243,648,1000.0
542,pohang__1khz_50ns_20deci_2m_UTC+0900_DST0_20190621_221021.825,pohang,pohang,pohang,unlabel,2,/home/ted1204/MS_Detection_Datamaker/MS_datamaker_PH/data/unlabel/1khz_50ns_20deci_2m_UTC+0900_DST0_20190621_221021.825.tdms,1khz_50ns_20deci_2m_UTC+0900_DST0_20190621_221021.825.tdms,1khz_50ns_20deci_2m_UTC+0900_DST0_20190621_221021.825,6.0,8.0,243,648,1000.0
543,pohang__1khz_50ns_20deci_2m_UTC+0900_DST0_20190621_221021.825,pohang,pohang,pohang,unlabel,2,/home/ted1204/MS_Detection_Datamaker/MS_datamaker_PH/data/unlabel/1khz_50ns_20deci_2m_UTC+0900_DST0_20190621_221021.825.tdms,1khz_50ns_20deci_2m_UTC+0900_DST0_20190621_221021.825.tdms,1khz_50ns_20deci_2m_UTC+0900_DST0_20190621_221021.825,8.0,10.0,243,648,1000.0
544,pohang__1khz_50ns_20deci_2m_UTC+0900_DST0_20190621_221021.825,pohang,pohang,pohang,unlabel,2,/home/ted1204/MS_Detection_Datamaker/MS_datamaker_PH/data/unlabel/1khz_50ns_20deci_2m_UTC+0900_DST0_20190621_221021.825.tdms,1khz_50ns_20deci_2m_UTC+0900_DST0_20190621_221021.825.tdms,1khz_50ns_20deci_2m_UTC+0900_DST0_20190621_221021.825,9.0,11.0,243,648,1000.0
545,pohang__1khz_50ns_20deci_2m_UTC+0900_DST0_20190621_221021.825,pohang,pohang,pohang,unlabel,2,/home/ted1204/MS_Detection_Datamaker/MS_datamaker_PH/data/unlabel/1khz_50ns_20deci_2m_UTC+0900_DST0_20190621_221021.825.tdms,1khz_50ns_20deci_2m_UTC+0900_DST0_20190621_221021.825.tdms,1khz_50ns_20deci_2m_UTC+0900_DST0_20190621_221021.825,10.0,12.0,243,648,1000.0
546,pohang__1khz_50ns_20deci_2m_UTC+0900_DST0_20190621_221021.825,pohang,pohang,pohang,unlabel,2,/home/ted1204/MS_Detection_Datamaker/MS_datamaker_PH/data/unlabel/1khz_50ns_20deci_2m_UTC+0900_DST0_20190621_221021.825.tdms,1khz_50ns_20deci_2m_UTC+0900_DST0_20190621_221021.825.tdms,1khz_50ns_20deci_2m_UTC+0900_DST0_20190621_221021.825,14.0,16.0,243,648,1000.0
547,pohang__1khz_50ns_20deci_2m_UTC+0900_DST0_20190621_221021.825,pohang,pohang,pohang,unlabel,2,/home/ted1204/MS_Detection_Datamaker/MS_datamaker_PH/data/unlabel/1khz_50ns_20deci_2m_UTC+0900_DST0_20190621_221021.825.tdms,1khz_50ns_20deci_2m_UTC+0900_DST0_20190621_221021.825.tdms,1khz_50ns_20deci_2m_UTC+0900_DST0_20190621_221021.825,16.0,18.0,243,648,1000.0
548,pohang__1khz_50ns_20deci_2m_UTC+0900_DST0_20190621_221021.825,pohang,pohang,pohang,unlabel,2,/home/ted1204/MS_Detection_Datamaker/MS_datamaker_PH/data/unlabel/1khz_50ns_20deci_2m_UTC+0900_DST0_20190621_221021.825.tdms,1khz_50ns_20deci_2m_UTC+0900_DST0_20190621_221021.825.tdms,1khz_50ns_20deci_2m_UTC+0900_DST0_20190621_221021.825,17.0,19.0,243,648,1000.0
549,pohang__1khz_50ns_20deci_2m_UTC+0900_DST0_20190621_221021.825,pohang,pohang,pohang,unlabel,2,/home/ted1204/MS_Detection_Datamaker/MS_datamaker_PH/data/unlabel/1khz_50ns_20deci_2m_UTC+0900_DST0_20190621_221021.825.tdms,1khz_50ns_20deci_2m_UTC+0900_DST0_20190621_221021.825.tdms,1khz_50ns_20deci_2m_UTC+0900_DST0_20190621_221021.825,19.0,21.0,243,648,1000.0
550,pohang__1khz_50ns_20deci_2m_UTC+0900_DST0_20190621_221021.825,pohang,pohang,pohang,unlabel,2,/home/ted1204/MS_Detection_Datamaker/MS_datamaker_PH/data/unlabel/1khz_50ns_20deci_2m_UTC+0900_DST0_20190621_221021.825.tdms,1khz_50ns_20deci_2m_UTC+0900_DST0_20190621_221021.825.tdms,1khz_50ns_20deci_2m_UTC+0900_DST0_20190621_221021.825,21.0,23.0,243,648,1000.0
551,pohang__1khz_50ns_20deci_2m_UTC+0900_DST0_20190621_221021.825,pohang,pohang,pohang,unlabel,2,/home/ted1204/MS_Detection_Datamaker/MS_datamaker_PH/data/unlabel/1khz_50ns_20deci_2m_UTC+0900_DST0_20190621_221021.825.tdms,1khz_50ns_20deci_2m_UTC+0900_DST0_20190621_221021.825.tdms,1khz_50ns_20deci_2m_UTC+0900_DST0_20190621_221021.825,22.0,24.0,243,648,1000.0
552,pohang__1khz_50ns_20deci_2m_UTC+0900_DST0_20190621_221021.825,pohang,pohang,pohang,unlabel,2,/home/ted1204/MS_Detection_Datamaker/MS_datamaker_PH/data/unlabel/1khz_50ns_20deci_2m_UTC+0900_DST0_20190621_221021.825.tdms,1khz_50ns_20deci_2m_UTC+0900_DST0_20190621_221021.825.tdms,1khz_50ns_20deci_2m_UTC+0900_DST0_20190621_221021.825,24.0,26.0,243,648,1000.0
553,pohang__1khz_50ns_20deci_2m_UTC+0900_DST0_20190621_221021.825,pohang,pohang,pohang,unlabel,2,/home/ted1204/MS_Detection_Datamaker/MS_datamaker_PH/data/unlabel/1khz_50ns_20deci_2m_UTC+0900_DST0_20190621_221021.825.tdms,1khz_50ns_20deci_2m_UTC+0900_DST0_20190621_221021.825.tdms,1khz_50ns_20deci_2m_UTC+0900_DST0_20190621_221021.825,25.0,27.0,243,648,1000.0
554,pohang__1khz_50ns_20deci_2m_UTC+0900_DST0_20190621_221021.825,pohang,pohang,pohang,unlabel,2,/home/ted1204/MS_Detection_Datamaker/MS_datamaker_PH/data/unlabel/1khz_50ns_20deci_2m_UTC+0900_DST0_20190621_221021.825.tdms,1khz_50ns_20deci_2m_UTC+0900_DST0_20190621_221021.825.tdms,1khz_50ns_20deci_2m_UTC+0900_DST0_20190621_221021.825,28.0,30.0,243,648,1000.0
555,pohang__1khz_50ns_20deci_2m_UTC+0900_DST0_20190622_043721.825,pohang,pohang,pohang,unlabel,2,/home/ted1204/MS_Detection_Datamaker/MS_datamaker_PH/data/unlabel/1khz_50ns_20deci_2m_UTC+0900_DST0_20190622_043721.825.tdms,1khz_50ns_20deci_2m_UTC+0900_DST0_20190622_043721.825.tdms,1khz_50ns_20deci_2m_UTC+0900_DST0_20190622_043721.825,0.0,2.0,243,648,1000.0
556,pohang__1khz_50ns_20deci_2m_UTC+0900_DST0_20190622_043721.825,pohang,pohang,pohang,unlabel,2,/home/ted1204/MS_Detection_Datamaker/MS_datamaker_PH/data/unlabel/1khz_50ns_20deci_2m_UTC+0900_DST0_20190622_043721.825.tdms,1khz_50ns_20deci_2m_UTC+0900_DST0_20190622_043721.825.tdms,1khz_50ns_20deci_2m_UTC+0900_DST0_20190622_043721.825,4.0,6.0,243,648,1000.0
557,pohang__1khz_50ns_20deci_2m_UTC+0900_DST0_20190622_043721.825,pohang,pohang,pohang,unlabel,2,/home/ted1204/MS_Detection_Datamaker/MS_datamaker_PH/data/unlabel/1khz_50ns_20deci_2m_UTC+0900_DST0_20190622_043721.825.tdms,1khz_50ns_20deci_2m_UTC+0900_DST0_20190622_043721.825.tdms,1khz_50ns_20deci_2m_UTC+0900_DST0_20190622_043721.825,5.0,7.0,243,648,1000.0
558,pohang__1khz_50ns_20deci_2m_UTC+0900_DST0_20190622_043721.825,pohang,pohang,pohang,unlabel,2,/home/ted1204/MS_Detection_Datamaker/MS_datamaker_PH/data/unlabel/1khz_50ns_20deci_2m_UTC+0900_DST0_20190622_043721.825.tdms,1khz_50ns_20deci_2m_UTC+0900_DST0_20190622_043721.825.tdms,1khz_50ns_20deci_2m_UTC+0900_DST0_20190622_043721.825,6.0,8.0,243,648,1000.0
559,pohang__1khz_50ns_20deci_2m_UTC+0900_DST0_20190622_043721.825,pohang,pohang,pohang,unlabel,2,/home/ted1204/MS_Detection_Datamaker/MS_datamaker_PH/data/unlabel/1khz_50ns_20deci_2m_UTC+0900_DST0_20190622_043721.825.tdms,1khz_50ns_20deci_2m_UTC+0900_DST0_20190622_043721.825.tdms,1khz_50ns_20deci_2m_UTC+0900_DST0_20190622_043721.825,7.0,9.0,243,648,1000.0
560,pohang__1khz_50ns_20deci_2m_UTC+0900_DST0_20190622_043721.825,pohang,pohang,pohang,unlabel,2,/home/ted1204/MS_Detection_Datamaker/MS_datamaker_PH/data/unlabel/1khz_50ns_20deci_2m_UTC+0900_DST0_20190622_043721.825.tdms,1khz_50ns_20deci_2m_UTC+0900_DST0_20190622_043721.825.tdms,1khz_50ns_20deci_2m_UTC+0900_DST0_20190622_043721.825,9.0,11.0,243,648,1000.0
561,pohang__1khz_50ns_20deci_2m_UTC+0900_DST0_20190622_043721.825,pohang,pohang,pohang,unlabel,2,/home/ted1204/MS_Detection_Datamaker/MS_datamaker_PH/data/unlabel/1khz_50ns_20deci_2m_UTC+0900_DST0_20190622_043721.825.tdms,1khz_50ns_20deci_2m_UTC+0900_DST0_20190622_043721.825.tdms,1khz_50ns_20deci_2m_UTC+0900_DST0_20190622_043721.825,12.0,14.0,243,648,1000.0
562,pohang__1khz_50ns_20deci_2m_UTC+0900_DST0_20190622_043721.825,pohang,pohang,pohang,unlabel,2,/home/ted1204/MS_Detection_Datamaker/MS_datamaker_PH/data/unlabel/1khz_50ns_20deci_2m_UTC+0900_DST0_20190622_043721.825.tdms,1khz_50ns_20deci_2m_UTC+0900_DST0_20190622_043721.825.tdms,1khz_50ns_20deci_2m_UTC+0900_DST0_20190622_043721.825,13.0,15.0,243,648,1000.0
563,pohang__1khz_50ns_20deci_2m_UTC+0900_DST0_20190622_043721.825,pohang,pohang,pohang,unlabel,2,/home/ted1204/MS_Detection_Datamaker/MS_datamaker_PH/data/unlabel/1khz_50ns_20deci_2m_UTC+0900_DST0_20190622_043721.825.tdms,1khz_50ns_20deci_2m_UTC+0900_DST0_20190622_043721.825.tdms,1khz_50ns_20deci_2m_UTC+0900_DST0_20190622_043721.825,14.0,16.0,243,648,1000.0
564,pohang__1khz_50ns_20deci_2m_UTC+0900_DST0_20190622_043721.825,pohang,pohang,pohang,unlabel,2,/home/ted1204/MS_Detection_Datamaker/MS_datamaker_PH/data/unlabel/1khz_50ns_20deci_2m_UTC+0900_DST0_20190622_043721.825.tdms,1khz_50ns_20deci_2m_UTC+0900_DST0_20190622_043721.825.tdms,1khz_50ns_20deci_2m_UTC+0900_DST0_20190622_043721.825,16.0,18.0,243,648,1000.0
565,pohang__1khz_50ns_20deci_2m_UTC+0900_DST0_20190622_043721.825,pohang,pohang,pohang,unlabel,2,/home/ted1204/MS_Detection_Datamaker/MS_datamaker_PH/data/unlabel/1khz_50ns_20deci_2m_UTC+0900_DST0_20190622_043721.825.tdms,1khz_50ns_20deci_2m_UTC+0900_DST0_20190622_043721.825.tdms,1khz_50ns_20deci_2m_UTC+0900_DST0_20190622_043721.825,19.0,21.0,243,648,1000.0
566,pohang__1khz_50ns_20deci_2m_UTC+0900_DST0_20190622_043721.825,pohang,pohang,pohang,unlabel,2,/home/ted1204/MS_Detection_Datamaker/MS_datamaker_PH/data/unlabel/1khz_50ns_20deci_2m_UTC+0900_DST0_20190622_043721.825.tdms,1khz_50ns_20deci_2m_UTC+0900_DST0_20190622_043721.825.tdms,1khz_50ns_20deci_2m_UTC+0900_DST0_20190622_043721.825,20.0,22.0,243,648,1000.0
567,pohang__1khz_50ns_20deci_2m_UTC+0900_DST0_20190622_043721.825,pohang,pohang,pohang,unlabel,2,/home/ted1204/MS_Detection_Datamaker/MS_datamaker_PH/data/unlabel/1khz_50ns_20deci_2m_UTC+0900_DST0_20190622_043721.825.tdms,1khz_50ns_20deci_2m_UTC+0900_DST0_20190622_043721.825.tdms,1khz_50ns_20deci_2m_UTC+0900_DST0_20190622_043721.825,23.0,25.0,243,648,1000.0
568,pohang__1khz_50ns_20deci_2m_UTC+0900_DST0_20190622_043721.825,pohang,pohang,pohang,unlabel,2,/home/ted1204/MS_Detection_Datamaker/MS_datamaker_PH/data/unlabel/1khz_50ns_20deci_2m_UTC+0900_DST0_20190622_043721.825.tdms,1khz_50ns_20deci_2m_UTC+0900_DST0_20190622_043721.825.tdms,1khz_50ns_20deci_2m_UTC+0900_DST0_20190622_043721.825,27.0,29.0,243,648,1000.0
569,pohang__1khz_50ns_20deci_2m_UTC+0900_DST0_20190622_043721.825,pohang,pohang,pohang,unlabel,2,/home/ted1204/MS_Detection_Datamaker/MS_datamaker_PH/data/unlabel/1khz_50ns_20deci_2m_UTC+0900_DST0_20190622_043721.825.tdms,1khz_50ns_20deci_2m_UTC+0900_DST0_20190622_043721.825.tdms,1khz_50ns_20deci_2m_UTC+0900_DST0_20190622_043721.825,28.0,30.0,243,648,1000.0
570,pohang__1khz_50ns_20deci_2m_UTC+0900_DST0_20190623_210221.825,pohang,pohang,pohang,unlabel,2,/home/ted1204/MS_Detection_Datamaker/MS_datamaker_PH/data/unlabel/1khz_50ns_20deci_2m_UTC+0900_DST0_20190623_210221.825.tdms,1khz_50ns_20deci_2m_UTC+0900_DST0_20190623_210221.825.tdms,1khz_50ns_20deci_2m_UTC+0900_DST0_20190623_210221.825,0.0,2.0,243,648,1000.0
571,pohang__1khz_50ns_20deci_2m_UTC+0900_DST0_20190623_210221.825,pohang,pohang,pohang,unlabel,2,/home/ted1204/MS_Detection_Datamaker/MS_datamaker_PH/data/unlabel/1khz_50ns_20deci_2m_UTC+0900_DST0_20190623_210221.825.tdms,1khz_50ns_20deci_2m_UTC+0900_DST0_20190623_210221.825.tdms,1khz_50ns_20deci_2m_UTC+0900_DST0_20190623_210221.825,1.0,3.0,243,648,1000.0
572,pohang__1khz_50ns_20deci_2m_UTC+0900_DST0_20190623_210221.825,pohang,pohang,pohang,unlabel,2,/home/ted1204/MS_Detection_Datamaker/MS_datamaker_PH/data/unlabel/1khz_50ns_20deci_2m_UTC+0900_DST0_20190623_210221.825.tdms,1khz_50ns_20deci_2m_UTC+0900_DST0_20190623_210221.825.tdms,1khz_50ns_20deci_2m_UTC+0900_DST0_20190623_210221.825,2.0,4.0,243,648,1000.0
573,pohang__1khz_50ns_20deci_2m_UTC+0900_DST0_20190623_210221.825,pohang,pohang,pohang,unlabel,2,/home/ted1204/MS_Detection_Datamaker/MS_datamaker_PH/data/unlabel/1khz_50ns_20deci_2m_UTC+0900_DST0_20190623_210221.825.tdms,1khz_50ns_20deci_2m_UTC+0900_DST0_20190623_210221.825.tdms,1khz_50ns_20deci_2m_UTC+0900_DST0_20190623_210221.825,3.0,5.0,243,648,1000.0
574,pohang__1khz_50ns_20deci_2m_UTC+0900_DST0_20190623_210221.825,pohang,pohang,pohang,unlabel,2,/home/ted1204/MS_Detection_Datamaker/MS_datamaker_PH/data/unlabel/1khz_50ns_20deci_2m_UTC+0900_DST0_20190623_210221.825.tdms,1khz_50ns_20deci_2m_UTC+0900_DST0_20190623_210221.825.tdms,1khz_50ns_20deci_2m_UTC+0900_DST0_20190623_210221.825,5.0,7.0,243,648,1000.0
575,pohang__1khz_50ns_20deci_2m_UTC+0900_DST0_20190623_210221.825,pohang,pohang,pohang,unlabel,2,/home/ted1204/MS_Detection_Datamaker/MS_datamaker_PH/data/unlabel/1khz_50ns_20deci_2m_UTC+0900_DST0_20190623_210221.825.tdms,1khz_50ns_20deci_2m_UTC+0900_DST0_20190623_210221.825.tdms,1khz_50ns_20deci_2m_UTC+0900_DST0_20190623_210221.825,6.0,8.0,243,648,1000.0
576,pohang__1khz_50ns_20deci_2m_UTC+0900_DST0_20190623_210221.825,pohang,pohang,pohang,unlabel,2,/home/ted1204/MS_Detection_Datamaker/MS_datamaker_PH/data/unlabel/1khz_50ns_20deci_2m_UTC+0900_DST0_20190623_210221.825.tdms,1khz_50ns_20deci_2m_UTC+0900_DST0_20190623_210221.825.tdms,1khz_50ns_20deci_2m_UTC+0900_DST0_20190623_210221.825,13.0,15.0,243,648,1000.0
577,pohang__1khz_50ns_20deci_2m_UTC+0900_DST0_20190623_210221.825,pohang,pohang,pohang,unlabel,2,/home/ted1204/MS_Detection_Datamaker/MS_datamaker_PH/data/unlabel/1khz_50ns_20deci_2m_UTC+0900_DST0_20190623_210221.825.tdms,1khz_50ns_20deci_2m_UTC+0900_DST0_20190623_210221.825.tdms,1khz_50ns_20deci_2m_UTC+0900_DST0_20190623_210221.825,15.0,17.0,243,648,1000.0
578,pohang__1khz_50ns_20deci_2m_UTC+0900_DST0_20190623_210221.825,pohang,pohang,pohang,unlabel,2,/home/ted1204/MS_Detection_Datamaker/MS_datamaker_PH/data/unlabel/1khz_50ns_20deci_2m_UTC+0900_DST0_20190623_210221.825.tdms,1khz_50ns_20deci_2m_UTC+0900_DST0_20190623_210221.825.tdms,1khz_50ns_20deci_2m_UTC+0900_DST0_20190623_210221.825,18.0,20.0,243,648,1000.0
579,pohang__1khz_50ns_20deci_2m_UTC+0900_DST0_20190623_210221.825,pohang,pohang,pohang,unlabel,2,/home/ted1204/MS_Detection_Datamaker/MS_datamaker_PH/data/unlabel/1khz_50ns_20deci_2m_UTC+0900_DST0_20190623_210221.825.tdms,1khz_50ns_20deci_2m_UTC+0900_DST0_20190623_210221.825.tdms,1khz_50ns_20deci_2m_UTC+0900_DST0_20190623_210221.825,19.0,21.0,243,648,1000.0
580,pohang__1khz_50ns_20deci_2m_UTC+0900_DST0_20190623_210221.825,pohang,pohang,pohang,unlabel,2,/home/ted1204/MS_Detection_Datamaker/MS_datamaker_PH/data/unlabel/1khz_50ns_20deci_2m_UTC+0900_DST0_20190623_210221.825.tdms,1khz_50ns_20deci_2m_UTC+0900_DST0_20190623_210221.825.tdms,1khz_50ns_20deci_2m_UTC+0900_DST0_20190623_210221.825,20.0,22.0,243,648,1000.0
581,pohang__1khz_50ns_20deci_2m_UTC+0900_DST0_20190623_210221.825,pohang,pohang,pohang,unlabel,2,/home/ted1204/MS_Detection_Datamaker/MS_datamaker_PH/data/unlabel/1khz_50ns_20deci_2m_UTC+0900_DST0_20190623_210221.825.tdms,1khz_50ns_20deci_2m_UTC+0900_DST0_20190623_210221.825.tdms,1khz_50ns_20deci_2m_UTC+0900_DST0_20190623_210221.825,21.0,23.0,243,648,1000.0
582,pohang__1khz_50ns_20deci_2m_UTC+0900_DST0_20190623_210221.825,pohang,pohang,pohang,unlabel,2,/home/ted1204/MS_Detection_Datamaker/MS_datamaker_PH/data/unlabel/1khz_50ns_20deci_2m_UTC+0900_DST0_20190623_210221.825.tdms,1khz_50ns_20deci_2m_UTC+0900_DST0_20190623_210221.825.tdms,1khz_50ns_20deci_2m_UTC+0900_DST0_20190623_210221.825,23.0,25.0,243,648,1000.0
583,pohang__1khz_50ns_20deci_2m_UTC+0900_DST0_20190623_210221.825,pohang,pohang,pohang,unlabel,2,/home/ted1204/MS_Detection_Datamaker/MS_datamaker_PH/data/unlabel/1khz_50ns_20deci_2m_UTC+0900_DST0_20190623_210221.825.tdms,1khz_50ns_20deci_2m_UTC+0900_DST0_20190623_210221.825.tdms,1khz_50ns_20deci_2m_UTC+0900_DST0_20190623_210221.825,26.0,28.0,243,648,1000.0
584,pohang__1khz_50ns_20deci_2m_UTC+0900_DST0_20190623_210221.825,pohang,pohang,pohang,unlabel,2,/home/ted1204/MS_Detection_Datamaker/MS_datamaker_PH/data/unlabel/1khz_50ns_20deci_2m_UTC+0900_DST0_20190623_210221.825.tdms,1khz_50ns_20deci_2m_UTC+0900_DST0_20190623_210221.825.tdms,1khz_50ns_20deci_2m_UTC+0900_DST0_20190623_210221.825,27.0,29.0,243,648,1000.0
585,pohang__1khz_50ns_20deci_2m_UTC+0900_DST0_20190624_161251.825,pohang,pohang,pohang,unlabel,2,/home/ted1204/MS_Detection_Datamaker/MS_datamaker_PH/data/unlabel/1khz_50ns_20deci_2m_UTC+0900_DST0_20190624_161251.825.tdms,1khz_50ns_20deci_2m_UTC+0900_DST0_20190624_161251.825.tdms,1khz_50ns_20deci_2m_UTC+0900_DST0_20190624_161251.825,1.0,3.0,243,648,1000.0
586,pohang__1khz_50ns_20deci_2m_UTC+0900_DST0_20190624_161251.825,pohang,pohang,pohang,unlabel,2,/home/ted1204/MS_Detection_Datamaker/MS_datamaker_PH/data/unlabel/1khz_50ns_20deci_2m_UTC+0900_DST0_20190624_161251.825.tdms,1khz_50ns_20deci_2m_UTC+0900_DST0_20190624_161251.825.tdms,1khz_50ns_20deci_2m_UTC+0900_DST0_20190624_161251.825,2.0,4.0,243,648,1000.0
587,pohang__1khz_50ns_20deci_2m_UTC+0900_DST0_20190624_161251.825,pohang,pohang,pohang,unlabel,2,/home/ted1204/MS_Detection_Datamaker/MS_datamaker_PH/data/unlabel/1khz_50ns_20deci_2m_UTC+0900_DST0_20190624_161251.825.tdms,1khz_50ns_20deci_2m_UTC+0900_DST0_20190624_161251.825.tdms,1khz_50ns_20deci_2m_UTC+0900_DST0_20190624_161251.825,3.0,5.0,243,648,1000.0
588,pohang__1khz_50ns_20deci_2m_UTC+0900_DST0_20190624_161251.825,pohang,pohang,pohang,unlabel,2,/home/ted1204/MS_Detection_Datamaker/MS_datamaker_PH/data/unlabel/1khz_50ns_20deci_2m_UTC+0900_DST0_20190624_161251.825.tdms,1khz_50ns_20deci_2m_UTC+0900_DST0_20190624_161251.825.tdms,1khz_50ns_20deci_2m_UTC+0900_DST0_20190624_161251.825,4.0,6.0,243,648,1000.0
589,pohang__1khz_50ns_20deci_2m_UTC+0900_DST0_20190624_161251.825,pohang,pohang,pohang,unlabel,2,/home/ted1204/MS_Detection_Datamaker/MS_datamaker_PH/data/unlabel/1khz_50ns_20deci_2m_UTC+0900_DST0_20190624_161251.825.tdms,1khz_50ns_20deci_2m_UTC+0900_DST0_20190624_161251.825.tdms,1khz_50ns_20deci_2m_UTC+0900_DST0_20190624_161251.825,6.0,8.0,243,648,1000.0
590,pohang__1khz_50ns_20deci_2m_UTC+0900_DST0_20190624_161251.825,pohang,pohang,pohang,unlabel,2,/home/ted1204/MS_Detection_Datamaker/MS_datamaker_PH/data/unlabel/1khz_50ns_20deci_2m_UTC+0900_DST0_20190624_161251.825.tdms,1khz_50ns_20deci_2m_UTC+0900_DST0_20190624_161251.825.tdms,1khz_50ns_20deci_2m_UTC+0900_DST0_20190624_161251.825,7.0,9.0,243,648,1000.0
591,pohang__1khz_50ns_20deci_2m_UTC+0900_DST0_20190624_161251.825,pohang,pohang,pohang,unlabel,2,/home/ted1204/MS_Detection_Datamaker/MS_datamaker_PH/data/unlabel/1khz_50ns_20deci_2m_UTC+0900_DST0_20190624_161251.825.tdms,1khz_50ns_20deci_2m_UTC+0900_DST0_20190624_161251.825.tdms,1khz_50ns_20deci_2m_UTC+0900_DST0_20190624_161251.825,11.0,13.0,243,648,1000.0
592,pohang__1khz_50ns_20deci_2m_UTC+0900_DST0_20190624_161251.825,pohang,pohang,pohang,unlabel,2,/home/ted1204/MS_Detection_Datamaker/MS_datamaker_PH/data/unlabel/1khz_50ns_20deci_2m_UTC+0900_DST0_20190624_161251.825.tdms,1khz_50ns_20deci_2m_UTC+0900_DST0_20190624_161251.825.tdms,1khz_50ns_20deci_2m_UTC+0900_DST0_20190624_161251.825,13.0,15.0,243,648,1000.0
593,pohang__1khz_50ns_20deci_2m_UTC+0900_DST0_20190624_161251.825,pohang,pohang,pohang,unlabel,2,/home/ted1204/MS_Detection_Datamaker/MS_datamaker_PH/data/unlabel/1khz_50ns_20deci_2m_UTC+0900_DST0_20190624_161251.825.tdms,1khz_50ns_20deci_2m_UTC+0900_DST0_20190624_161251.825.tdms,1khz_50ns_20deci_2m_UTC+0900_DST0_20190624_161251.825,15.0,17.0,243,648,1000.0
594,pohang__1khz_50ns_20deci_2m_UTC+0900_DST0_20190624_161251.825,pohang,pohang,pohang,unlabel,2,/home/ted1204/MS_Detection_Datamaker/MS_datamaker_PH/data/unlabel/1khz_50ns_20deci_2m_UTC+0900_DST0_20190624_161251.825.tdms,1khz_50ns_20deci_2m_UTC+0900_DST0_20190624_161251.825.tdms,1khz_50ns_20deci_2m_UTC+0900_DST0_20190624_161251.825,16.0,18.0,243,648,1000.0
595,pohang__1khz_50ns_20deci_2m_UTC+0900_DST0_20190624_161251.825,pohang,pohang,pohang,unlabel,2,/home/ted1204/MS_Detection_Datamaker/MS_datamaker_PH/data/unlabel/1khz_50ns_20deci_2m_UTC+0900_DST0_20190624_161251.825.tdms,1khz_50ns_20deci_2m_UTC+0900_DST0_20190624_161251.825.tdms,1khz_50ns_20deci_2m_UTC+0900_DST0_20190624_161251.825,17.0,19.0,243,648,1000.0
596,pohang__1khz_50ns_20deci_2m_UTC+0900_DST0_20190624_161251.825,pohang,pohang,pohang,unlabel,2,/home/ted1204/MS_Detection_Datamaker/MS_datamaker_PH/data/unlabel/1khz_50ns_20deci_2m_UTC+0900_DST0_20190624_161251.825.tdms,1khz_50ns_20deci_2m_UTC+0900_DST0_20190624_161251.825.tdms,1khz_50ns_20deci_2m_UTC+0900_DST0_20190624_161251.825,22.0,24.0,243,648,1000.0
597,pohang__1khz_50ns_20deci_2m_UTC+0900_DST0_20190624_161251.825,pohang,pohang,pohang,unlabel,2,/home/ted1204/MS_Detection_Datamaker/MS_datamaker_PH/data/unlabel/1khz_50ns_20deci_2m_UTC+0900_DST0_20190624_161251.825.tdms,1khz_50ns_20deci_2m_UTC+0900_DST0_20190624_161251.825.tdms,1khz_50ns_20deci_2m_UTC+0900_DST0_20190624_161251.825,23.0,25.0,243,648,1000.0
598,pohang__1khz_50ns_20deci_2m_UTC+0900_DST0_20190624_161251.825,pohang,pohang,pohang,unlabel,2,/home/ted1204/MS_Detection_Datamaker/MS_datamaker_PH/data/unlabel/1khz_50ns_20deci_2m_UTC+0900_DST0_20190624_161251.825.tdms,1khz_50ns_20deci_2m_UTC+0900_DST0_20190624_161251.825.tdms,1khz_50ns_20deci_2m_UTC+0900_DST0_20190624_161251.825,24.0,26.0,243,648,1000.0
599,pohang__1khz_50ns_20deci_2m_UTC+0900_DST0_20190624_161251.825,pohang,pohang,pohang,unlabel,2,/home/ted1204/MS_Detection_Datamaker/MS_datamaker_PH/data/unlabel/1khz_50ns_20deci_2m_UTC+0900_DST0_20190624_161251.825.tdms,1khz_50ns_20deci_2m_UTC+0900_DST0_20190624_161251.825.tdms,1khz_50ns_20deci_2m_UTC+0900_DST0_20190624_161251.825,25.0,27.0,243,648,1000.0
600,pohang__1khz_50ns_20deci_2m_UTC+0900_DST0_20190625_161521.825,pohang,pohang,pohang,unlabel,2,/home/ted1204/MS_Detection_Datamaker/MS_datamaker_PH/data/unlabel/1khz_50ns_20deci_2m_UTC+0900_DST0_20190625_161521.825.tdms,1khz_50ns_20deci_2m_UTC+0900_DST0_20190625_161521.825.tdms,1khz_50ns_20deci_2m_UTC+0900_DST0_20190625_161521.825,0.0,2.0,243,648,1000.0
601,pohang__1khz_50ns_20deci_2m_UTC+0900_DST0_20190625_161521.825,pohang,pohang,pohang,unlabel,2,/home/ted1204/MS_Detection_Datamaker/MS_datamaker_PH/data/unlabel/1khz_50ns_20deci_2m_UTC+0900_DST0_20190625_161521.825.tdms,1khz_50ns_20deci_2m_UTC+0900_DST0_20190625_161521.825.tdms,1khz_50ns_20deci_2m_UTC+0900_DST0_20190625_161521.825,4.0,6.0,243,648,1000.0
602,pohang__1khz_50ns_20deci_2m_UTC+0900_DST0_20190625_161521.825,pohang,pohang,pohang,unlabel,2,/home/ted1204/MS_Detection_Datamaker/MS_datamaker_PH/data/unlabel/1khz_50ns_20deci_2m_UTC+0900_DST0_20190625_161521.825.tdms,1khz_50ns_20deci_2m_UTC+0900_DST0_20190625_161521.825.tdms,1khz_50ns_20deci_2m_UTC+0900_DST0_20190625_161521.825,7.0,9.0,243,648,1000.0
603,pohang__1khz_50ns_20deci_2m_UTC+0900_DST0_20190625_161521.825,pohang,pohang,pohang,unlabel,2,/home/ted1204/MS_Detection_Datamaker/MS_datamaker_PH/data/unlabel/1khz_50ns_20deci_2m_UTC+0900_DST0_20190625_161521.825.tdms,1khz_50ns_20deci_2m_UTC+0900_DST0_20190625_161521.825.tdms,1khz_50ns_20deci_2m_UTC+0900_DST0_20190625_161521.825,8.0,10.0,243,648,1000.0
604,pohang__1khz_50ns_20deci_2m_UTC+0900_DST0_20190625_161521.825,pohang,pohang,pohang,unlabel,2,/home/ted1204/MS_Detection_Datamaker/MS_datamaker_PH/data/unlabel/1khz_50ns_20deci_2m_UTC+0900_DST0_20190625_161521.825.tdms,1khz_50ns_20deci_2m_UTC+0900_DST0_20190625_161521.825.tdms,1khz_50ns_20deci_2m_UTC+0900_DST0_20190625_161521.825,9.0,11.0,243,648,1000.0
605,pohang__1khz_50ns_20deci_2m_UTC+0900_DST0_20190625_161521.825,pohang,pohang,pohang,unlabel,2,/home/ted1204/MS_Detection_Datamaker/MS_datamaker_PH/data/unlabel/1khz_50ns_20deci_2m_UTC+0900_DST0_20190625_161521.825.tdms,1khz_50ns_20deci_2m_UTC+0900_DST0_20190625_161521.825.tdms,1khz_50ns_20deci_2m_UTC+0900_DST0_20190625_161521.825,11.0,13.0,243,648,1000.0
606,pohang__1khz_50ns_20deci_2m_UTC+0900_DST0_20190625_161521.825,pohang,pohang,pohang,unlabel,2,/home/ted1204/MS_Detection_Datamaker/MS_datamaker_PH/data/unlabel/1khz_50ns_20deci_2m_UTC+0900_DST0_20190625_161521.825.tdms,1khz_50ns_20deci_2m_UTC+0900_DST0_20190625_161521.825.tdms,1khz_50ns_20deci_2m_UTC+0900_DST0_20190625_161521.825,15.0,17.0,243,648,1000.0
607,pohang__1khz_50ns_20deci_2m_UTC+0900_DST0_20190625_161521.825,pohang,pohang,pohang,unlabel,2,/home/ted1204/MS_Detection_Datamaker/MS_datamaker_PH/data/unlabel/1khz_50ns_20deci_2m_UTC+0900_DST0_20190625_161521.825.tdms,1khz_50ns_20deci_2m_UTC+0900_DST0_20190625_161521.825.tdms,1khz_50ns_20deci_2m_UTC+0900_DST0_20190625_161521.825,16.0,18.0,243,648,1000.0
608,pohang__1khz_50ns_20deci_2m_UTC+0900_DST0_20190625_161521.825,pohang,pohang,pohang,unlabel,2,/home/ted1204/MS_Detection_Datamaker/MS_datamaker_PH/data/unlabel/1khz_50ns_20deci_2m_UTC+0900_DST0_20190625_161521.825.tdms,1khz_50ns_20deci_2m_UTC+0900_DST0_20190625_161521.825.tdms,1khz_50ns_20deci_2m_UTC+0900_DST0_20190625_161521.825,18.0,20.0,243,648,1000.0
609,pohang__1khz_50ns_20deci_2m_UTC+0900_DST0_20190625_161521.825,pohang,pohang,pohang,unlabel,2,/home/ted1204/MS_Detection_Datamaker/MS_datamaker_PH/data/unlabel/1khz_50ns_20deci_2m_UTC+0900_DST0_20190625_161521.825.tdms,1khz_50ns_20deci_2m_UTC+0900_DST0_20190625_161521.825.tdms,1khz_50ns_20deci_2m_UTC+0900_DST0_20190625_161521.825,19.0,21.0,243,648,1000.0
610,pohang__1khz_50ns_20deci_2m_UTC+0900_DST0_20190625_161521.825,pohang,pohang,pohang,unlabel,2,/home/ted1204/MS_Detection_Datamaker/MS_datamaker_PH/data/unlabel/1khz_50ns_20deci_2m_UTC+0900_DST0_20190625_161521.825.tdms,1khz_50ns_20deci_2m_UTC+0900_DST0_20190625_161521.825.tdms,1khz_50ns_20deci_2m_UTC+0900_DST0_20190625_161521.825,22.0,24.0,243,648,1000.0
611,pohang__1khz_50ns_20deci_2m_UTC+0900_DST0_20190625_161521.825,pohang,pohang,pohang,unlabel,2,/home/ted1204/MS_Detection_Datamaker/MS_datamaker_PH/data/unlabel/1khz_50ns_20deci_2m_UTC+0900_DST0_20190625_161521.825.tdms,1khz_50ns_20deci_2m_UTC+0900_DST0_20190625_161521.825.tdms,1khz_50ns_20deci_2m_UTC+0900_DST0_20190625_161521.825,24.0,26.0,243,648,1000.0
612,pohang__1khz_50ns_20deci_2m_UTC+0900_DST0_20190625_161521.825,pohang,pohang,pohang,unlabel,2,/home/ted1204/MS_Detection_Datamaker/MS_datamaker_PH/data/unlabel/1khz_50ns_20deci_2m_UTC+0900_DST0_20190625_161521.825.tdms,1khz_50ns_20deci_2m_UTC+0900_DST0_20190625_161521.825.tdms,1khz_50ns_20deci_2m_UTC+0900_DST0_20190625_161521.825,25.0,27.0,243,648,1000.0
613,pohang__1khz_50ns_20deci_2m_UTC+0900_DST0_20190625_161521.825,pohang,pohang,pohang,unlabel,2,/home/ted1204/MS_Detection_Datamaker/MS_datamaker_PH/data/unlabel/1khz_50ns_20deci_2m_UTC+0900_DST0_20190625_161521.825.tdms,1khz_50ns_20deci_2m_UTC+0900_DST0_20190625_161521.825.tdms,1khz_50ns_20deci_2m_UTC+0900_DST0_20190625_161521.825,26.0,28.0,243,648,1000.0
614,pohang__1khz_50ns_20deci_2m_UTC+0900_DST0_20190625_161521.825,pohang,pohang,pohang,unlabel,2,/home/ted1204/MS_Detection_Datamaker/MS_datamaker_PH/data/unlabel/1khz_50ns_20deci_2m_UTC+0900_DST0_20190625_161521.825.tdms,1khz_50ns_20deci_2m_UTC+0900_DST0_20190625_161521.825.tdms,1khz_50ns_20deci_2m_UTC+0900_DST0_20190625_161521.825,28.0,30.0,243,648,1000.0
615,pohang__1khz_50ns_20deci_2m_UTC+0900_DST0_20190628_121221.825,pohang,pohang,pohang,unlabel,2,/home/ted1204/MS_Detection_Datamaker/MS_datamaker_PH/data/unlabel/1khz_50ns_20deci_2m_UTC+0900_DST0_20190628_121221.825.tdms,1khz_50ns_20deci_2m_UTC+0900_DST0_20190628_121221.825.tdms,1khz_50ns_20deci_2m_UTC+0900_DST0_20190628_121221.825,2.0,4.0,243,648,1000.0
616,pohang__1khz_50ns_20deci_2m_UTC+0900_DST0_20190628_121221.825,pohang,pohang,pohang,unlabel,2,/home/ted1204/MS_Detection_Datamaker/MS_datamaker_PH/data/unlabel/1khz_50ns_20deci_2m_UTC+0900_DST0_20190628_121221.825.tdms,1khz_50ns_20deci_2m_UTC+0900_DST0_20190628_121221.825.tdms,1khz_50ns_20deci_2m_UTC+0900_DST0_20190628_121221.825,3.0,5.0,243,648,1000.0
617,pohang__1khz_50ns_20deci_2m_UTC+0900_DST0_20190628_121221.825,pohang,pohang,pohang,unlabel,2,/home/ted1204/MS_Detection_Datamaker/MS_datamaker_PH/data/unlabel/1khz_50ns_20deci_2m_UTC+0900_DST0_20190628_121221.825.tdms,1khz_50ns_20deci_2m_UTC+0900_DST0_20190628_121221.825.tdms,1khz_50ns_20deci_2m_UTC+0900_DST0_20190628_121221.825,5.0,7.0,243,648,1000.0
618,pohang__1khz_50ns_20deci_2m_UTC+0900_DST0_20190628_121221.825,pohang,pohang,pohang,unlabel,2,/home/ted1204/MS_Detection_Datamaker/MS_datamaker_PH/data/unlabel/1khz_50ns_20deci_2m_UTC+0900_DST0_20190628_121221.825.tdms,1khz_50ns_20deci_2m_UTC+0900_DST0_20190628_121221.825.tdms,1khz_50ns_20deci_2m_UTC+0900_DST0_20190628_121221.825,7.0,9.0,243,648,1000.0
619,pohang__1khz_50ns_20deci_2m_UTC+0900_DST0_20190628_121221.825,pohang,pohang,pohang,unlabel,2,/home/ted1204/MS_Detection_Datamaker/MS_datamaker_PH/data/unlabel/1khz_50ns_20deci_2m_UTC+0900_DST0_20190628_121221.825.tdms,1khz_50ns_20deci_2m_UTC+0900_DST0_20190628_121221.825.tdms,1khz_50ns_20deci_2m_UTC+0900_DST0_20190628_121221.825,9.0,11.0,243,648,1000.0
620,pohang__1khz_50ns_20deci_2m_UTC+0900_DST0_20190628_121221.825,pohang,pohang,pohang,unlabel,2,/home/ted1204/MS_Detection_Datamaker/MS_datamaker_PH/data/unlabel/1khz_50ns_20deci_2m_UTC+0900_DST0_20190628_121221.825.tdms,1khz_50ns_20deci_2m_UTC+0900_DST0_20190628_121221.825.tdms,1khz_50ns_20deci_2m_UTC+0900_DST0_20190628_121221.825,10.0,12.0,243,648,1000.0
621,pohang__1khz_50ns_20deci_2m_UTC+0900_DST0_20190628_121221.825,pohang,pohang,pohang,unlabel,2,/home/ted1204/MS_Detection_Datamaker/MS_datamaker_PH/data/unlabel/1khz_50ns_20deci_2m_UTC+0900_DST0_20190628_121221.825.tdms,1khz_50ns_20deci_2m_UTC+0900_DST0_20190628_121221.825.tdms,1khz_50ns_20deci_2m_UTC+0900_DST0_20190628_121221.825,14.0,16.0,243,648,1000.0
622,pohang__1khz_50ns_20deci_2m_UTC+0900_DST0_20190628_121221.825,pohang,pohang,pohang,unlabel,2,/home/ted1204/MS_Detection_Datamaker/MS_datamaker_PH/data/unlabel/1khz_50ns_20deci_2m_UTC+0900_DST0_20190628_121221.825.tdms,1khz_50ns_20deci_2m_UTC+0900_DST0_20190628_121221.825.tdms,1khz_50ns_20deci_2m_UTC+0900_DST0_20190628_121221.825,15.0,17.0,243,648,1000.0
623,pohang__1khz_50ns_20deci_2m_UTC+0900_DST0_20190628_121221.825,pohang,pohang,pohang,unlabel,2,/home/ted1204/MS_Detection_Datamaker/MS_datamaker_PH/data/unlabel/1khz_50ns_20deci_2m_UTC+0900_DST0_20190628_121221.825.tdms,1khz_50ns_20deci_2m_UTC+0900_DST0_20190628_121221.825.tdms,1khz_50ns_20deci_2m_UTC+0900_DST0_20190628_121221.825,18.0,20.0,243,648,1000.0
624,pohang__1khz_50ns_20deci_2m_UTC+0900_DST0_20190628_121221.825,pohang,pohang,pohang,unlabel,2,/home/ted1204/MS_Detection_Datamaker/MS_datamaker_PH/data/unlabel/1khz_50ns_20deci_2m_UTC+0900_DST0_20190628_121221.825.tdms,1khz_50ns_20deci_2m_UTC+0900_DST0_20190628_121221.825.tdms,1khz_50ns_20deci_2m_UTC+0900_DST0_20190628_121221.825,21.0,23.0,243,648,1000.0
625,pohang__1khz_50ns_20deci_2m_UTC+0900_DST0_20190628_121221.825,pohang,pohang,pohang,unlabel,2,/home/ted1204/MS_Detection_Datamaker/MS_datamaker_PH/data/unlabel/1khz_50ns_20deci_2m_UTC+0900_DST0_20190628_121221.825.tdms,1khz_50ns_20deci_2m_UTC+0900_DST0_20190628_121221.825.tdms,1khz_50ns_20deci_2m_UTC+0900_DST0_20190628_121221.825,22.0,24.0,243,648,1000.0
626,pohang__1khz_50ns_20deci_2m_UTC+0900_DST0_20190628_121221.825,pohang,pohang,pohang,unlabel,2,/home/ted1204/MS_Detection_Datamaker/MS_datamaker_PH/data/unlabel/1khz_50ns_20deci_2m_UTC+0900_DST0_20190628_121221.825.tdms,1khz_50ns_20deci_2m_UTC+0900_DST0_20190628_121221.825.tdms,1khz_50ns_20deci_2m_UTC+0900_DST0_20190628_121221.825,23.0,25.0,243,648,1000.0
627,pohang__1khz_50ns_20deci_2m_UTC+0900_DST0_20190628_121221.825,pohang,pohang,pohang,unlabel,2,/home/ted1204/MS_Detection_Datamaker/MS_datamaker_PH/data/unlabel/1khz_50ns_20deci_2m_UTC+0900_DST0_20190628_121221.825.tdms,1khz_50ns_20deci_2m_UTC+0900_DST0_20190628_121221.825.tdms,1khz_50ns_20deci_2m_UTC+0900_DST0_20190628_121221.825,24.0,26.0,243,648,1000.0
628,pohang__1khz_50ns_20deci_2m_UTC+0900_DST0_20190628_121221.825,pohang,pohang,pohang,unlabel,2,/home/ted1204/MS_Detection_Datamaker/MS_datamaker_PH/data/unlabel/1khz_50ns_20deci_2m_UTC+0900_DST0_20190628_121221.825.tdms,1khz_50ns_20deci_2m_UTC+0900_DST0_20190628_121221.825.tdms,1khz_50ns_20deci_2m_UTC+0900_DST0_20190628_121221.825,25.0,27.0,243,648,1000.0
629,pohang__1khz_50ns_20deci_2m_UTC+0900_DST0_20190628_121221.825,pohang,pohang,pohang,unlabel,2,/home/ted1204/MS_Detection_Datamaker/MS_datamaker_PH/data/unlabel/1khz_50ns_20deci_2m_UTC+0900_DST0_20190628_121221.825.tdms,1khz_50ns_20deci_2m_UTC+0900_DST0_20190628_121221.825.tdms,1khz_50ns_20deci_2m_UTC+0900_DST0_20190628_121221.825,28.0,30.0,243,648,1000.0
630,pohang__1khz_50ns_20deci_2m_UTC+0900_DST0_20190628_141251.825,pohang,pohang,pohang,unlabel,2,/home/ted1204/MS_Detection_Datamaker/MS_datamaker_PH/data/unlabel/1khz_50ns_20deci_2m_UTC+0900_DST0_20190628_141251.825.tdms,1khz_50ns_20deci_2m_UTC+0900_DST0_20190628_141251.825.tdms,1khz_50ns_20deci_2m_UTC+0900_DST0_20190628_141251.825,5.0,7.0,243,648,1000.0
631,pohang__1khz_50ns_20deci_2m_UTC+0900_DST0_20190628_141251.825,pohang,pohang,pohang,unlabel,2,/home/ted1204/MS_Detection_Datamaker/MS_datamaker_PH/data/unlabel/1khz_50ns_20deci_2m_UTC+0900_DST0_20190628_141251.825.tdms,1khz_50ns_20deci_2m_UTC+0900_DST0_20190628_141251.825.tdms,1khz_50ns_20deci_2m_UTC+0900_DST0_20190628_141251.825,6.0,8.0,243,648,1000.0
632,pohang__1khz_50ns_20deci_2m_UTC+0900_DST0_20190628_141251.825,pohang,pohang,pohang,unlabel,2,/home/ted1204/MS_Detection_Datamaker/MS_datamaker_PH/data/unlabel/1khz_50ns_20deci_2m_UTC+0900_DST0_20190628_141251.825.tdms,1khz_50ns_20deci_2m_UTC+0900_DST0_20190628_141251.825.tdms,1khz_50ns_20deci_2m_UTC+0900_DST0_20190628_141251.825,8.0,10.0,243,648,1000.0
633,pohang__1khz_50ns_20deci_2m_UTC+0900_DST0_20190628_141251.825,pohang,pohang,pohang,unlabel,2,/home/ted1204/MS_Detection_Datamaker/MS_datamaker_PH/data/unlabel/1khz_50ns_20deci_2m_UTC+0900_DST0_20190628_141251.825.tdms,1khz_50ns_20deci_2m_UTC+0900_DST0_20190628_141251.825.tdms,1khz_50ns_20deci_2m_UTC+0900_DST0_20190628_141251.825,9.0,11.0,243,648,1000.0
634,pohang__1khz_50ns_20deci_2m_UTC+0900_DST0_20190628_141251.825,pohang,pohang,pohang,unlabel,2,/home/ted1204/MS_Detection_Datamaker/MS_datamaker_PH/data/unlabel/1khz_50ns_20deci_2m_UTC+0900_DST0_20190628_141251.825.tdms,1khz_50ns_20deci_2m_UTC+0900_DST0_20190628_141251.825.tdms,1khz_50ns_20deci_2m_UTC+0900_DST0_20190628_141251.825,10.0,12.0,243,648,1000.0
635,pohang__1khz_50ns_20deci_2m_UTC+0900_DST0_20190628_141251.825,pohang,pohang,pohang,unlabel,2,/home/ted1204/MS_Detection_Datamaker/MS_datamaker_PH/data/unlabel/1khz_50ns_20deci_2m_UTC+0900_DST0_20190628_141251.825.tdms,1khz_50ns_20deci_2m_UTC+0900_DST0_20190628_141251.825.tdms,1khz_50ns_20deci_2m_UTC+0900_DST0_20190628_141251.825,12.0,14.0,243,648,1000.0
636,pohang__1khz_50ns_20deci_2m_UTC+0900_DST0_20190628_141251.825,pohang,pohang,pohang,unlabel,2,/home/ted1204/MS_Detection_Datamaker/MS_datamaker_PH/data/unlabel/1khz_50ns_20deci_2m_UTC+0900_DST0_20190628_141251.825.tdms,1khz_50ns_20deci_2m_UTC+0900_DST0_20190628_141251.825.tdms,1khz_50ns_20deci_2m_UTC+0900_DST0_20190628_141251.825,16.0,18.0,243,648,1000.0
637,pohang__1khz_50ns_20deci_2m_UTC+0900_DST0_20190628_141251.825,pohang,pohang,pohang,unlabel,2,/home/ted1204/MS_Detection_Datamaker/MS_datamaker_PH/data/unlabel/1khz_50ns_20deci_2m_UTC+0900_DST0_20190628_141251.825.tdms,1khz_50ns_20deci_2m_UTC+0900_DST0_20190628_141251.825.tdms,1khz_50ns_20deci_2m_UTC+0900_DST0_20190628_141251.825,19.0,21.0,243,648,1000.0
638,pohang__1khz_50ns_20deci_2m_UTC+0900_DST0_20190628_141251.825,pohang,pohang,pohang,unlabel,2,/home/ted1204/MS_Detection_Datamaker/MS_datamaker_PH/data/unlabel/1khz_50ns_20deci_2m_UTC+0900_DST0_20190628_141251.825.tdms,1khz_50ns_20deci_2m_UTC+0900_DST0_20190628_141251.825.tdms,1khz_50ns_20deci_2m_UTC+0900_DST0_20190628_141251.825,20.0,22.0,243,648,1000.0
639,pohang__1khz_50ns_20deci_2m_UTC+0900_DST0_20190628_141251.825,pohang,pohang,pohang,unlabel,2,/home/ted1204/MS_Detection_Datamaker/MS_datamaker_PH/data/unlabel/1khz_50ns_20deci_2m_UTC+0900_DST0_20190628_141251.825.tdms,1khz_50ns_20deci_2m_UTC+0900_DST0_20190628_141251.825.tdms,1khz_50ns_20deci_2m_UTC+0900_DST0_20190628_141251.825,22.0,24.0,243,648,1000.0
640,pohang__1khz_50ns_20deci_2m_UTC+0900_DST0_20190628_141251.825,pohang,pohang,pohang,unlabel,2,/home/ted1204/MS_Detection_Datamaker/MS_datamaker_PH/data/unlabel/1khz_50ns_20deci_2m_UTC+0900_DST0_20190628_141251.825.tdms,1khz_50ns_20deci_2m_UTC+0900_DST0_20190628_141251.825.tdms,1khz_50ns_20deci_2m_UTC+0900_DST0_20190628_141251.825,23.0,25.0,243,648,1000.0
641,pohang__1khz_50ns_20deci_2m_UTC+0900_DST0_20190628_141251.825,pohang,pohang,pohang,unlabel,2,/home/ted1204/MS_Detection_Datamaker/MS_datamaker_PH/data/unlabel/1khz_50ns_20deci_2m_UTC+0900_DST0_20190628_141251.825.tdms,1khz_50ns_20deci_2m_UTC+0900_DST0_20190628_141251.825.tdms,1khz_50ns_20deci_2m_UTC+0900_DST0_20190628_141251.825,25.0,27.0,243,648,1000.0
642,pohang__1khz_50ns_20deci_2m_UTC+0900_DST0_20190628_141251.825,pohang,pohang,pohang,unlabel,2,/home/ted1204/MS_Detection_Datamaker/MS_datamaker_PH/data/unlabel/1khz_50ns_20deci_2m_UTC+0900_DST0_20190628_141251.825.tdms,1khz_50ns_20deci_2m_UTC+0900_DST0_20190628_141251.825.tdms,1khz_50ns_20deci_2m_UTC+0900_DST0_20190628_141251.825,26.0,28.0,243,648,1000.0
643,pohang__1khz_50ns_20deci_2m_UTC+0900_DST0_20190628_141251.825,pohang,pohang,pohang,unlabel,2,/home/ted1204/MS_Detection_Datamaker/MS_datamaker_PH/data/unlabel/1khz_50ns_20deci_2m_UTC+0900_DST0_20190628_141251.825.tdms,1khz_50ns_20deci_2m_UTC+0900_DST0_20190628_141251.825.tdms,1khz_50ns_20deci_2m_UTC+0900_DST0_20190628_141251.825,27.0,29.0,243,648,1000.0
644,pohang__1khz_50ns_20deci_2m_UTC+0900_DST0_20190628_141251.825,pohang,pohang,pohang,unlabel,2,/home/ted1204/MS_Detection_Datamaker/MS_datamaker_PH/data/unlabel/1khz_50ns_20deci_2m_UTC+0900_DST0_20190628_141251.825.tdms,1khz_50ns_20deci_2m_UTC+0900_DST0_20190628_141251.825.tdms,1khz_50ns_20deci_2m_UTC+0900_DST0_20190628_141251.825,28.0,30.0,243,648,1000.0
645,pohang__1khz_50ns_20deci_2m_UTC+0900_DST0_20190628_161851.825,pohang,pohang,pohang,unlabel,2,/home/ted1204/MS_Detection_Datamaker/MS_datamaker_PH/data/unlabel/1khz_50ns_20deci_2m_UTC+0900_DST0_20190628_161851.825.tdms,1khz_50ns_20deci_2m_UTC+0900_DST0_20190628_161851.825.tdms,1khz_50ns_20deci_2m_UTC+0900_DST0_20190628_161851.825,0.0,2.0,243,648,1000.0
646,pohang__1khz_50ns_20deci_2m_UTC+0900_DST0_20190628_161851.825,pohang,pohang,pohang,unlabel,2,/home/ted1204/MS_Detection_Datamaker/MS_datamaker_PH/data/unlabel/1khz_50ns_20deci_2m_UTC+0900_DST0_20190628_161851.825.tdms,1khz_50ns_20deci_2m_UTC+0900_DST0_20190628_161851.825.tdms,1khz_50ns_20deci_2m_UTC+0900_DST0_20190628_161851.825,1.0,3.0,243,648,1000.0
647,pohang__1khz_50ns_20deci_2m_UTC+0900_DST0_20190628_161851.825,pohang,pohang,pohang,unlabel,2,/home/ted1204/MS_Detection_Datamaker/MS_datamaker_PH/data/unlabel/1khz_50ns_20deci_2m_UTC+0900_DST0_20190628_161851.825.tdms,1khz_50ns_20deci_2m_UTC+0900_DST0_20190628_161851.825.tdms,1khz_50ns_20deci_2m_UTC+0900_DST0_20190628_161851.825,3.0,5.0,243,648,1000.0
648,pohang__1khz_50ns_20deci_2m_UTC+0900_DST0_20190628_161851.825,pohang,pohang,pohang,unlabel,2,/home/ted1204/MS_Detection_Datamaker/MS_datamaker_PH/data/unlabel/1khz_50ns_20deci_2m_UTC+0900_DST0_20190628_161851.825.tdms,1khz_50ns_20deci_2m_UTC+0900_DST0_20190628_161851.825.tdms,1khz_50ns_20deci_2m_UTC+0900_DST0_20190628_161851.825,4.0,6.0,243,648,1000.0
649,pohang__1khz_50ns_20deci_2m_UTC+0900_DST0_20190628_161851.825,pohang,pohang,pohang,unlabel,2,/home/ted1204/MS_Detection_Datamaker/MS_datamaker_PH/data/unlabel/1khz_50ns_20deci_2m_UTC+0900_DST0_20190628_161851.825.tdms,1khz_50ns_20deci_2m_UTC+0900_DST0_20190628_161851.825.tdms,1khz_50ns_20deci_2m_UTC+0900_DST0_20190628_161851.825,5.0,7.0,243,648,1000.0
650,pohang__1khz_50ns_20deci_2m_UTC+0900_DST0_20190628_161851.825,pohang,pohang,pohang,unlabel,2,/home/ted1204/MS_Detection_Datamaker/MS_datamaker_PH/data/unlabel/1khz_50ns_20deci_2m_UTC+0900_DST0_20190628_161851.825.tdms,1khz_50ns_20deci_2m_UTC+0900_DST0_20190628_161851.825.tdms,1khz_50ns_20deci_2m_UTC+0900_DST0_20190628_161851.825,7.0,9.0,243,648,1000.0
651,pohang__1khz_50ns_20deci_2m_UTC+0900_DST0_20190628_161851.825,pohang,pohang,pohang,unlabel,2,/home/ted1204/MS_Detection_Datamaker/MS_datamaker_PH/data/unlabel/1khz_50ns_20deci_2m_UTC+0900_DST0_20190628_161851.825.tdms,1khz_50ns_20deci_2m_UTC+0900_DST0_20190628_161851.825.tdms,1khz_50ns_20deci_2m_UTC+0900_DST0_20190628_161851.825,8.0,10.0,243,648,1000.0
652,pohang__1khz_50ns_20deci_2m_UTC+0900_DST0_20190628_161851.825,pohang,pohang,pohang,unlabel,2,/home/ted1204/MS_Detection_Datamaker/MS_datamaker_PH/data/unlabel/1khz_50ns_20deci_2m_UTC+0900_DST0_20190628_161851.825.tdms,1khz_50ns_20deci_2m_UTC+0900_DST0_20190628_161851.825.tdms,1khz_50ns_20deci_2m_UTC+0900_DST0_20190628_161851.825,10.0,12.0,243,648,1000.0
653,pohang__1khz_50ns_20deci_2m_UTC+0900_DST0_20190628_161851.825,pohang,pohang,pohang,unlabel,2,/home/ted1204/MS_Detection_Datamaker/MS_datamaker_PH/data/unlabel/1khz_50ns_20deci_2m_UTC+0900_DST0_20190628_161851.825.tdms,1khz_50ns_20deci_2m_UTC+0900_DST0_20190628_161851.825.tdms,1khz_50ns_20deci_2m_UTC+0900_DST0_20190628_161851.825,11.0,13.0,243,648,1000.0
654,pohang__1khz_50ns_20deci_2m_UTC+0900_DST0_20190628_161851.825,pohang,pohang,pohang,unlabel,2,/home/ted1204/MS_Detection_Datamaker/MS_datamaker_PH/data/unlabel/1khz_50ns_20deci_2m_UTC+0900_DST0_20190628_161851.825.tdms,1khz_50ns_20deci_2m_UTC+0900_DST0_20190628_161851.825.tdms,1khz_50ns_20deci_2m_UTC+0900_DST0_20190628_161851.825,12.0,14.0,243,648,1000.0
655,pohang__1khz_50ns_20deci_2m_UTC+0900_DST0_20190628_161851.825,pohang,pohang,pohang,unlabel,2,/home/ted1204/MS_Detection_Datamaker/MS_datamaker_PH/data/unlabel/1khz_50ns_20deci_2m_UTC+0900_DST0_20190628_161851.825.tdms,1khz_50ns_20deci_2m_UTC+0900_DST0_20190628_161851.825.tdms,1khz_50ns_20deci_2m_UTC+0900_DST0_20190628_161851.825,19.0,21.0,243,648,1000.0
656,pohang__1khz_50ns_20deci_2m_UTC+0900_DST0_20190628_161851.825,pohang,pohang,pohang,unlabel,2,/home/ted1204/MS_Detection_Datamaker/MS_datamaker_PH/data/unlabel/1khz_50ns_20deci_2m_UTC+0900_DST0_20190628_161851.825.tdms,1khz_50ns_20deci_2m_UTC+0900_DST0_20190628_161851.825.tdms,1khz_50ns_20deci_2m_UTC+0900_DST0_20190628_161851.825,20.0,22.0,243,648,1000.0
657,pohang__1khz_50ns_20deci_2m_UTC+0900_DST0_20190628_161851.825,pohang,pohang,pohang,unlabel,2,/home/ted1204/MS_Detection_Datamaker/MS_datamaker_PH/data/unlabel/1khz_50ns_20deci_2m_UTC+0900_DST0_20190628_161851.825.tdms,1khz_50ns_20deci_2m_UTC+0900_DST0_20190628_161851.825.tdms,1khz_50ns_20deci_2m_UTC+0900_DST0_20190628_161851.825,22.0,24.0,243,648,1000.0
658,pohang__1khz_50ns_20deci_2m_UTC+0900_DST0_20190628_161851.825,pohang,pohang,pohang,unlabel,2,/home/ted1204/MS_Detection_Datamaker/MS_datamaker_PH/data/unlabel/1khz_50ns_20deci_2m_UTC+0900_DST0_20190628_161851.825.tdms,1khz_50ns_20deci_2m_UTC+0900_DST0_20190628_161851.825.tdms,1khz_50ns_20deci_2m_UTC+0900_DST0_20190628_161851.825,23.0,25.0,243,648,1000.0
659,pohang__1khz_50ns_20deci_2m_UTC+0900_DST0_20190628_161851.825,pohang,pohang,pohang,unlabel,2,/home/ted1204/MS_Detection_Datamaker/MS_datamaker_PH/data/unlabel/1khz_50ns_20deci_2m_UTC+0900_DST0_20190628_161851.825.tdms,1khz_50ns_20deci_2m_UTC+0900_DST0_20190628_161851.825.tdms,1khz_50ns_20deci_2m_UTC+0900_DST0_20190628_161851.825,27.0,29.0,243,648,1000.0
660,pohang__1khz_50ns_20deci_2m_UTC+0900_DST0_20190629_033651.825,pohang,pohang,pohang,unlabel,2,/home/ted1204/MS_Detection_Datamaker/MS_datamaker_PH/data/unlabel/1khz_50ns_20deci_2m_UTC+0900_DST0_20190629_033651.825.tdms,1khz_50ns_20deci_2m_UTC+0900_DST0_20190629_033651.825.tdms,1khz_50ns_20deci_2m_UTC+0900_DST0_20190629_033651.825,0.0,2.0,243,648,1000.0
661,pohang__1khz_50ns_20deci_2m_UTC+0900_DST0_20190629_033651.825,pohang,pohang,pohang,unlabel,2,/home/ted1204/MS_Detection_Datamaker/MS_datamaker_PH/data/unlabel/1khz_50ns_20deci_2m_UTC+0900_DST0_20190629_033651.825.tdms,1khz_50ns_20deci_2m_UTC+0900_DST0_20190629_033651.825.tdms,1khz_50ns_20deci_2m_UTC+0900_DST0_20190629_033651.825,1.0,3.0,243,648,1000.0
662,pohang__1khz_50ns_20deci_2m_UTC+0900_DST0_20190629_033651.825,pohang,pohang,pohang,unlabel,2,/home/ted1204/MS_Detection_Datamaker/MS_datamaker_PH/data/unlabel/1khz_50ns_20deci_2m_UTC+0900_DST0_20190629_033651.825.tdms,1khz_50ns_20deci_2m_UTC+0900_DST0_20190629_033651.825.tdms,1khz_50ns_20deci_2m_UTC+0900_DST0_20190629_033651.825,3.0,5.0,243,648,1000.0
663,pohang__1khz_50ns_20deci_2m_UTC+0900_DST0_20190629_033651.825,pohang,pohang,pohang,unlabel,2,/home/ted1204/MS_Detection_Datamaker/MS_datamaker_PH/data/unlabel/1khz_50ns_20deci_2m_UTC+0900_DST0_20190629_033651.825.tdms,1khz_50ns_20deci_2m_UTC+0900_DST0_20190629_033651.825.tdms,1khz_50ns_20deci_2m_UTC+0900_DST0_20190629_033651.825,8.0,10.0,243,648,1000.0
664,pohang__1khz_50ns_20deci_2m_UTC+0900_DST0_20190629_033651.825,pohang,pohang,pohang,unlabel,2,/home/ted1204/MS_Detection_Datamaker/MS_datamaker_PH/data/unlabel/1khz_50ns_20deci_2m_UTC+0900_DST0_20190629_033651.825.tdms,1khz_50ns_20deci_2m_UTC+0900_DST0_20190629_033651.825.tdms,1khz_50ns_20deci_2m_UTC+0900_DST0_20190629_033651.825,9.0,11.0,243,648,1000.0
665,pohang__1khz_50ns_20deci_2m_UTC+0900_DST0_20190629_033651.825,pohang,pohang,pohang,unlabel,2,/home/ted1204/MS_Detection_Datamaker/MS_datamaker_PH/data/unlabel/1khz_50ns_20deci_2m_UTC+0900_DST0_20190629_033651.825.tdms,1khz_50ns_20deci_2m_UTC+0900_DST0_20190629_033651.825.tdms,1khz_50ns_20deci_2m_UTC+0900_DST0_20190629_033651.825,11.0,13.0,243,648,1000.0
666,pohang__1khz_50ns_20deci_2m_UTC+0900_DST0_20190629_033651.825,pohang,pohang,pohang,unlabel,2,/home/ted1204/MS_Detection_Datamaker/MS_datamaker_PH/data/unlabel/1khz_50ns_20deci_2m_UTC+0900_DST0_20190629_033651.825.tdms,1khz_50ns_20deci_2m_UTC+0900_DST0_20190629_033651.825.tdms,1khz_50ns_20deci_2m_UTC+0900_DST0_20190629_033651.825,13.0,15.0,243,648,1000.0
667,pohang__1khz_50ns_20deci_2m_UTC+0900_DST0_20190629_033651.825,pohang,pohang,pohang,unlabel,2,/home/ted1204/MS_Detection_Datamaker/MS_datamaker_PH/data/unlabel/1khz_50ns_20deci_2m_UTC+0900_DST0_20190629_033651.825.tdms,1khz_50ns_20deci_2m_UTC+0900_DST0_20190629_033651.825.tdms,1khz_50ns_20deci_2m_UTC+0900_DST0_20190629_033651.825,17.0,19.0,243,648,1000.0
668,pohang__1khz_50ns_20deci_2m_UTC+0900_DST0_20190629_033651.825,pohang,pohang,pohang,unlabel,2,/home/ted1204/MS_Detection_Datamaker/MS_datamaker_PH/data/unlabel/1khz_50ns_20deci_2m_UTC+0900_DST0_20190629_033651.825.tdms,1khz_50ns_20deci_2m_UTC+0900_DST0_20190629_033651.825.tdms,1khz_50ns_20deci_2m_UTC+0900_DST0_20190629_033651.825,18.0,20.0,243,648,1000.0
669,pohang__1khz_50ns_20deci_2m_UTC+0900_DST0_20190629_033651.825,pohang,pohang,pohang,unlabel,2,/home/ted1204/MS_Detection_Datamaker/MS_datamaker_PH/data/unlabel/1khz_50ns_20deci_2m_UTC+0900_DST0_20190629_033651.825.tdms,1khz_50ns_20deci_2m_UTC+0900_DST0_20190629_033651.825.tdms,1khz_50ns_20deci_2m_UTC+0900_DST0_20190629_033651.825,22.0,24.0,243,648,1000.0
670,pohang__1khz_50ns_20deci_2m_UTC+0900_DST0_20190629_033651.825,pohang,pohang,pohang,unlabel,2,/home/ted1204/MS_Detection_Datamaker/MS_datamaker_PH/data/unlabel/1khz_50ns_20deci_2m_UTC+0900_DST0_20190629_033651.825.tdms,1khz_50ns_20deci_2m_UTC+0900_DST0_20190629_033651.825.tdms,1khz_50ns_20deci_2m_UTC+0900_DST0_20190629_033651.825,23.0,25.0,243,648,1000.0
671,pohang__1khz_50ns_20deci_2m_UTC+0900_DST0_20190629_033651.825,pohang,pohang,pohang,unlabel,2,/home/ted1204/MS_Detection_Datamaker/MS_datamaker_PH/data/unlabel/1khz_50ns_20deci_2m_UTC+0900_DST0_20190629_033651.825.tdms,1khz_50ns_20deci_2m_UTC+0900_DST0_20190629_033651.825.tdms,1khz_50ns_20deci_2m_UTC+0900_DST0_20190629_033651.825,24.0,26.0,243,648,1000.0
672,pohang__1khz_50ns_20deci_2m_UTC+0900_DST0_20190629_033651.825,pohang,pohang,pohang,unlabel,2,/home/ted1204/MS_Detection_Datamaker/MS_datamaker_PH/data/unlabel/1khz_50ns_20deci_2m_UTC+0900_DST0_20190629_033651.825.tdms,1khz_50ns_20deci_2m_UTC+0900_DST0_20190629_033651.825.tdms,1khz_50ns_20deci_2m_UTC+0900_DST0_20190629_033651.825,25.0,27.0,243,648,1000.0
673,pohang__1khz_50ns_20deci_2m_UTC+0900_DST0_20190629_033651.825,pohang,pohang,pohang,unlabel,2,/home/ted1204/MS_Detection_Datamaker/MS_datamaker_PH/data/unlabel/1khz_50ns_20deci_2m_UTC+0900_DST0_20190629_033651.825.tdms,1khz_50ns_20deci_2m_UTC+0900_DST0_20190629_033651.825.tdms,1khz_50ns_20deci_2m_UTC+0900_DST0_20190629_033651.825,27.0,29.0,243,648,1000.0
674,pohang__1khz_50ns_20deci_2m_UTC+0900_DST0_20190629_033651.825,pohang,pohang,pohang,unlabel,2,/home/ted1204/MS_Detection_Datamaker/MS_datamaker_PH/data/unlabel/1khz_50ns_20deci_2m_UTC+0900_DST0_20190629_033651.825.tdms,1khz_50ns_20deci_2m_UTC+0900_DST0_20190629_033651.825.tdms,1khz_50ns_20deci_2m_UTC+0900_DST0_20190629_033651.825,28.0,30.0,243,648,1000.0
675,pohang__1khz_50ns_20deci_2m_UTC+0900_DST0_20190629_081351.825,pohang,pohang,pohang,unlabel,2,/home/ted1204/MS_Detection_Datamaker/MS_datamaker_PH/data/unlabel/1khz_50ns_20deci_2m_UTC+0900_DST0_20190629_081351.825.tdms,1khz_50ns_20deci_2m_UTC+0900_DST0_20190629_081351.825.tdms,1khz_50ns_20deci_2m_UTC+0900_DST0_20190629_081351.825,1.0,3.0,243,648,1000.0
676,pohang__1khz_50ns_20deci_2m_UTC+0900_DST0_20190629_081351.825,pohang,pohang,pohang,unlabel,2,/home/ted1204/MS_Detection_Datamaker/MS_datamaker_PH/data/unlabel/1khz_50ns_20deci_2m_UTC+0900_DST0_20190629_081351.825.tdms,1khz_50ns_20deci_2m_UTC+0900_DST0_20190629_081351.825.tdms,1khz_50ns_20deci_2m_UTC+0900_DST0_20190629_081351.825,8.0,10.0,243,648,1000.0
677,pohang__1khz_50ns_20deci_2m_UTC+0900_DST0_20190629_081351.825,pohang,pohang,pohang,unlabel,2,/home/ted1204/MS_Detection_Datamaker/MS_datamaker_PH/data/unlabel/1khz_50ns_20deci_2m_UTC+0900_DST0_20190629_081351.825.tdms,1khz_50ns_20deci_2m_UTC+0900_DST0_20190629_081351.825.tdms,1khz_50ns_20deci_2m_UTC+0900_DST0_20190629_081351.825,9.0,11.0,243,648,1000.0
678,pohang__1khz_50ns_20deci_2m_UTC+0900_DST0_20190629_081351.825,pohang,pohang,pohang,unlabel,2,/home/ted1204/MS_Detection_Datamaker/MS_datamaker_PH/data/unlabel/1khz_50ns_20deci_2m_UTC+0900_DST0_20190629_081351.825.tdms,1khz_50ns_20deci_2m_UTC+0900_DST0_20190629_081351.825.tdms,1khz_50ns_20deci_2m_UTC+0900_DST0_20190629_081351.825,10.0,12.0,243,648,1000.0
679,pohang__1khz_50ns_20deci_2m_UTC+0900_DST0_20190629_081351.825,pohang,pohang,pohang,unlabel,2,/home/ted1204/MS_Detection_Datamaker/MS_datamaker_PH/data/unlabel/1khz_50ns_20deci_2m_UTC+0900_DST0_20190629_081351.825.tdms,1khz_50ns_20deci_2m_UTC+0900_DST0_20190629_081351.825.tdms,1khz_50ns_20deci_2m_UTC+0900_DST0_20190629_081351.825,11.0,13.0,243,648,1000.0
680,pohang__1khz_50ns_20deci_2m_UTC+0900_DST0_20190629_081351.825,pohang,pohang,pohang,unlabel,2,/home/ted1204/MS_Detection_Datamaker/MS_datamaker_PH/data/unlabel/1khz_50ns_20deci_2m_UTC+0900_DST0_20190629_081351.825.tdms,1khz_50ns_20deci_2m_UTC+0900_DST0_20190629_081351.825.tdms,1khz_50ns_20deci_2m_UTC+0900_DST0_20190629_081351.825,13.0,15.0,243,648,1000.0
681,pohang__1khz_50ns_20deci_2m_UTC+0900_DST0_20190629_081351.825,pohang,pohang,pohang,unlabel,2,/home/ted1204/MS_Detection_Datamaker/MS_datamaker_PH/data/unlabel/1khz_50ns_20deci_2m_UTC+0900_DST0_20190629_081351.825.tdms,1khz_50ns_20deci_2m_UTC+0900_DST0_20190629_081351.825.tdms,1khz_50ns_20deci_2m_UTC+0900_DST0_20190629_081351.825,14.0,16.0,243,648,1000.0
682,pohang__1khz_50ns_20deci_2m_UTC+0900_DST0_20190629_081351.825,pohang,pohang,pohang,unlabel,2,/home/ted1204/MS_Detection_Datamaker/MS_datamaker_PH/data/unlabel/1khz_50ns_20deci_2m_UTC+0900_DST0_20190629_081351.825.tdms,1khz_50ns_20deci_2m_UTC+0900_DST0_20190629_081351.825.tdms,1khz_50ns_20deci_2m_UTC+0900_DST0_20190629_081351.825,15.0,17.0,243,648,1000.0
683,pohang__1khz_50ns_20deci_2m_UTC+0900_DST0_20190629_081351.825,pohang,pohang,pohang,unlabel,2,/home/ted1204/MS_Detection_Datamaker/MS_datamaker_PH/data/unlabel/1khz_50ns_20deci_2m_UTC+0900_DST0_20190629_081351.825.tdms,1khz_50ns_20deci_2m_UTC+0900_DST0_20190629_081351.825.tdms,1khz_50ns_20deci_2m_UTC+0900_DST0_20190629_081351.825,18.0,20.0,243,648,1000.0
684,pohang__1khz_50ns_20deci_2m_UTC+0900_DST0_20190629_081351.825,pohang,pohang,pohang,unlabel,2,/home/ted1204/MS_Detection_Datamaker/MS_datamaker_PH/data/unlabel/1khz_50ns_20deci_2m_UTC+0900_DST0_20190629_081351.825.tdms,1khz_50ns_20deci_2m_UTC+0900_DST0_20190629_081351.825.tdms,1khz_50ns_20deci_2m_UTC+0900_DST0_20190629_081351.825,19.0,21.0,243,648,1000.0
685,pohang__1khz_50ns_20deci_2m_UTC+0900_DST0_20190629_081351.825,pohang,pohang,pohang,unlabel,2,/home/ted1204/MS_Detection_Datamaker/MS_datamaker_PH/data/unlabel/1khz_50ns_20deci_2m_UTC+0900_DST0_20190629_081351.825.tdms,1khz_50ns_20deci_2m_UTC+0900_DST0_20190629_081351.825.tdms,1khz_50ns_20deci_2m_UTC+0900_DST0_20190629_081351.825,23.0,25.0,243,648,1000.0
686,pohang__1khz_50ns_20deci_2m_UTC+0900_DST0_20190629_081351.825,pohang,pohang,pohang,unlabel,2,/home/ted1204/MS_Detection_Datamaker/MS_datamaker_PH/data/unlabel/1khz_50ns_20deci_2m_UTC+0900_DST0_20190629_081351.825.tdms,1khz_50ns_20deci_2m_UTC+0900_DST0_20190629_081351.825.tdms,1khz_50ns_20deci_2m_UTC+0900_DST0_20190629_081351.825,25.0,27.0,243,648,1000.0
687,pohang__1khz_50ns_20deci_2m_UTC+0900_DST0_20190629_081351.825,pohang,pohang,pohang,unlabel,2,/home/ted1204/MS_Detection_Datamaker/MS_datamaker_PH/data/unlabel/1khz_50ns_20deci_2m_UTC+0900_DST0_20190629_081351.825.tdms,1khz_50ns_20deci_2m_UTC+0900_DST0_20190629_081351.825.tdms,1khz_50ns_20deci_2m_UTC+0900_DST0_20190629_081351.825,26.0,28.0,243,648,1000.0
688,pohang__1khz_50ns_20deci_2m_UTC+0900_DST0_20190629_081351.825,pohang,pohang,pohang,unlabel,2,/home/ted1204/MS_Detection_Datamaker/MS_datamaker_PH/data/unlabel/1khz_50ns_20deci_2m_UTC+0900_DST0_20190629_081351.825.tdms,1khz_50ns_20deci_2m_UTC+0900_DST0_20190629_081351.825.tdms,1khz_50ns_20deci_2m_UTC+0900_DST0_20190629_081351.825,27.0,29.0,243,648,1000.0
689,pohang__1khz_50ns_20deci_2m_UTC+0900_DST0_20190629_081351.825,pohang,pohang,pohang,unlabel,2,/home/ted1204/MS_Detection_Datamaker/MS_datamaker_PH/data/unlabel/1khz_50ns_20deci_2m_UTC+0900_DST0_20190629_081351.825.tdms,1khz_50ns_20deci_2m_UTC+0900_DST0_20190629_081351.825.tdms,1khz_50ns_20deci_2m_UTC+0900_DST0_20190629_081351.825,28.0,30.0,243,648,1000.0
690,pohang__1khz_50ns_20deci_2m_UTC+0900_DST0_20190629_085651.825,pohang,pohang,pohang,unlabel,2,/home/ted1204/MS_Detection_Datamaker/MS_datamaker_PH/data/unlabel/1khz_50ns_20deci_2m_UTC+0900_DST0_20190629_085651.825.tdms,1khz_50ns_20deci_2m_UTC+0900_DST0_20190629_085651.825.tdms,1khz_50ns_20deci_2m_UTC+0900_DST0_20190629_085651.825,1.0,3.0,243,648,1000.0
691,pohang__1khz_50ns_20deci_2m_UTC+0900_DST0_20190629_085651.825,pohang,pohang,pohang,unlabel,2,/home/ted1204/MS_Detection_Datamaker/MS_datamaker_PH/data/unlabel/1khz_50ns_20deci_2m_UTC+0900_DST0_20190629_085651.825.tdms,1khz_50ns_20deci_2m_UTC+0900_DST0_20190629_085651.825.tdms,1khz_50ns_20deci_2m_UTC+0900_DST0_20190629_085651.825,2.0,4.0,243,648,1000.0
692,pohang__1khz_50ns_20deci_2m_UTC+0900_DST0_20190629_085651.825,pohang,pohang,pohang,unlabel,2,/home/ted1204/MS_Detection_Datamaker/MS_datamaker_PH/data/unlabel/1khz_50ns_20deci_2m_UTC+0900_DST0_20190629_085651.825.tdms,1khz_50ns_20deci_2m_UTC+0900_DST0_20190629_085651.825.tdms,1khz_50ns_20deci_2m_UTC+0900_DST0_20190629_085651.825,3.0,5.0,243,648,1000.0
693,pohang__1khz_50ns_20deci_2m_UTC+0900_DST0_20190629_085651.825,pohang,pohang,pohang,unlabel,2,/home/ted1204/MS_Detection_Datamaker/MS_datamaker_PH/data/unlabel/1khz_50ns_20deci_2m_UTC+0900_DST0_20190629_085651.825.tdms,1khz_50ns_20deci_2m_UTC+0900_DST0_20190629_085651.825.tdms,1khz_50ns_20deci_2m_UTC+0900_DST0_20190629_085651.825,5.0,7.0,243,648,1000.0
694,pohang__1khz_50ns_20deci_2m_UTC+0900_DST0_20190629_085651.825,pohang,pohang,pohang,unlabel,2,/home/ted1204/MS_Detection_Datamaker/MS_datamaker_PH/data/unlabel/1khz_50ns_20deci_2m_UTC+0900_DST0_20190629_085651.825.tdms,1khz_50ns_20deci_2m_UTC+0900_DST0_20190629_085651.825.tdms,1khz_50ns_20deci_2m_UTC+0900_DST0_20190629_085651.825,8.0,10.0,243,648,1000.0
695,pohang__1khz_50ns_20deci_2m_UTC+0900_DST0_20190629_085651.825,pohang,pohang,pohang,unlabel,2,/home/ted1204/MS_Detection_Datamaker/MS_datamaker_PH/data/unlabel/1khz_50ns_20deci_2m_UTC+0900_DST0_20190629_085651.825.tdms,1khz_50ns_20deci_2m_UTC+0900_DST0_20190629_085651.825.tdms,1khz_50ns_20deci_2m_UTC+0900_DST0_20190629_085651.825,11.0,13.0,243,648,1000.0
696,pohang__1khz_50ns_20deci_2m_UTC+0900_DST0_20190629_085651.825,pohang,pohang,pohang,unlabel,2,/home/ted1204/MS_Detection_Datamaker/MS_datamaker_PH/data/unlabel/1khz_50ns_20deci_2m_UTC+0900_DST0_20190629_085651.825.tdms,1khz_50ns_20deci_2m_UTC+0900_DST0_20190629_085651.825.tdms,1khz_50ns_20deci_2m_UTC+0900_DST0_20190629_085651.825,13.0,15.0,243,648,1000.0
697,pohang__1khz_50ns_20deci_2m_UTC+0900_DST0_20190629_085651.825,pohang,pohang,pohang,unlabel,2,/home/ted1204/MS_Detection_Datamaker/MS_datamaker_PH/data/unlabel/1khz_50ns_20deci_2m_UTC+0900_DST0_20190629_085651.825.tdms,1khz_50ns_20deci_2m_UTC+0900_DST0_20190629_085651.825.tdms,1khz_50ns_20deci_2m_UTC+0900_DST0_20190629_085651.825,16.0,18.0,243,648,1000.0
698,pohang__1khz_50ns_20deci_2m_UTC+0900_DST0_20190629_085651.825,pohang,pohang,pohang,unlabel,2,/home/ted1204/MS_Detection_Datamaker/MS_datamaker_PH/data/unlabel/1khz_50ns_20deci_2m_UTC+0900_DST0_20190629_085651.825.tdms,1khz_50ns_20deci_2m_UTC+0900_DST0_20190629_085651.825.tdms,1khz_50ns_20deci_2m_UTC+0900_DST0_20190629_085651.825,17.0,19.0,243,648,1000.0
699,pohang__1khz_50ns_20deci_2m_UTC+0900_DST0_20190629_085651.825,pohang,pohang,pohang,unlabel,2,/home/ted1204/MS_Detection_Datamaker/MS_datamaker_PH/data/unlabel/1khz_50ns_20deci_2m_UTC+0900_DST0_20190629_085651.825.tdms,1khz_50ns_20deci_2m_UTC+0900_DST0_20190629_085651.825.tdms,1khz_50ns_20deci_2m_UTC+0900_DST0_20190629_085651.825,21.0,23.0,243,648,1000.0
700,pohang__1khz_50ns_20deci_2m_UTC+0900_DST0_20190629_085651.825,pohang,pohang,pohang,unlabel,2,/home/ted1204/MS_Detection_Datamaker/MS_datamaker_PH/data/unlabel/1khz_50ns_20deci_2m_UTC+0900_DST0_20190629_085651.825.tdms,1khz_50ns_20deci_2m_UTC+0900_DST0_20190629_085651.825.tdms,1khz_50ns_20deci_2m_UTC+0900_DST0_20190629_085651.825,22.0,24.0,243,648,1000.0
701,pohang__1khz_50ns_20deci_2m_UTC+0900_DST0_20190629_085651.825,pohang,pohang,pohang,unlabel,2,/home/ted1204/MS_Detection_Datamaker/MS_datamaker_PH/data/unlabel/1khz_50ns_20deci_2m_UTC+0900_DST0_20190629_085651.825.tdms,1khz_50ns_20deci_2m_UTC+0900_DST0_20190629_085651.825.tdms,1khz_50ns_20deci_2m_UTC+0900_DST0_20190629_085651.825,23.0,25.0,243,648,1000.0
702,pohang__1khz_50ns_20deci_2m_UTC+0900_DST0_20190629_085651.825,pohang,pohang,pohang,unlabel,2,/home/ted1204/MS_Detection_Datamaker/MS_datamaker_PH/data/unlabel/1khz_50ns_20deci_2m_UTC+0900_DST0_20190629_085651.825.tdms,1khz_50ns_20deci_2m_UTC+0900_DST0_20190629_085651.825.tdms,1khz_50ns_20deci_2m_UTC+0900_DST0_20190629_085651.825,24.0,26.0,243,648,1000.0
703,pohang__1khz_50ns_20deci_2m_UTC+0900_DST0_20190629_085651.825,pohang,pohang,pohang,unlabel,2,/home/ted1204/MS_Detection_Datamaker/MS_datamaker_PH/data/unlabel/1khz_50ns_20deci_2m_UTC+0900_DST0_20190629_085651.825.tdms,1khz_50ns_20deci_2m_UTC+0900_DST0_20190629_085651.825.tdms,1khz_50ns_20deci_2m_UTC+0900_DST0_20190629_085651.825,27.0,29.0,243,648,1000.0
704,pohang__1khz_50ns_20deci_2m_UTC+0900_DST0_20190629_085651.825,pohang,pohang,pohang,unlabel,2,/home/ted1204/MS_Detection_Datamaker/MS_datamaker_PH/data/unlabel/1khz_50ns_20deci_2m_UTC+0900_DST0_20190629_085651.825.tdms,1khz_50ns_20deci_2m_UTC+0900_DST0_20190629_085651.825.tdms,1khz_50ns_20deci_2m_UTC+0900_DST0_20190629_085651.825,28.0,30.0,243,648,1000.0
705,pohang__1khz_50ns_20deci_2m_UTC+0900_DST0_20190629_194621.825,pohang,pohang,pohang,unlabel,2,/home/ted1204/MS_Detection_Datamaker/MS_datamaker_PH/data/unlabel/1khz_50ns_20deci_2m_UTC+0900_DST0_20190629_194621.825.tdms,1khz_50ns_20deci_2m_UTC+0900_DST0_20190629_194621.825.tdms,1khz_50ns_20deci_2m_UTC+0900_DST0_20190629_194621.825,0.0,2.0,243,648,1000.0
706,pohang__1khz_50ns_20deci_2m_UTC+0900_DST0_20190629_194621.825,pohang,pohang,pohang,unlabel,2,/home/ted1204/MS_Detection_Datamaker/MS_datamaker_PH/data/unlabel/1khz_50ns_20deci_2m_UTC+0900_DST0_20190629_194621.825.tdms,1khz_50ns_20deci_2m_UTC+0900_DST0_20190629_194621.825.tdms,1khz_50ns_20deci_2m_UTC+0900_DST0_20190629_194621.825,3.0,5.0,243,648,1000.0
707,pohang__1khz_50ns_20deci_2m_UTC+0900_DST0_20190629_194621.825,pohang,pohang,pohang,unlabel,2,/home/ted1204/MS_Detection_Datamaker/MS_datamaker_PH/data/unlabel/1khz_50ns_20deci_2m_UTC+0900_DST0_20190629_194621.825.tdms,1khz_50ns_20deci_2m_UTC+0900_DST0_20190629_194621.825.tdms,1khz_50ns_20deci_2m_UTC+0900_DST0_20190629_194621.825,6.0,8.0,243,648,1000.0
708,pohang__1khz_50ns_20deci_2m_UTC+0900_DST0_20190629_194621.825,pohang,pohang,pohang,unlabel,2,/home/ted1204/MS_Detection_Datamaker/MS_datamaker_PH/data/unlabel/1khz_50ns_20deci_2m_UTC+0900_DST0_20190629_194621.825.tdms,1khz_50ns_20deci_2m_UTC+0900_DST0_20190629_194621.825.tdms,1khz_50ns_20deci_2m_UTC+0900_DST0_20190629_194621.825,10.0,12.0,243,648,1000.0
709,pohang__1khz_50ns_20deci_2m_UTC+0900_DST0_20190629_194621.825,pohang,pohang,pohang,unlabel,2,/home/ted1204/MS_Detection_Datamaker/MS_datamaker_PH/data/unlabel/1khz_50ns_20deci_2m_UTC+0900_DST0_20190629_194621.825.tdms,1khz_50ns_20deci_2m_UTC+0900_DST0_20190629_194621.825.tdms,1khz_50ns_20deci_2m_UTC+0900_DST0_20190629_194621.825,12.0,14.0,243,648,1000.0
710,pohang__1khz_50ns_20deci_2m_UTC+0900_DST0_20190629_194621.825,pohang,pohang,pohang,unlabel,2,/home/ted1204/MS_Detection_Datamaker/MS_datamaker_PH/data/unlabel/1khz_50ns_20deci_2m_UTC+0900_DST0_20190629_194621.825.tdms,1khz_50ns_20deci_2m_UTC+0900_DST0_20190629_194621.825.tdms,1khz_50ns_20deci_2m_UTC+0900_DST0_20190629_194621.825,14.0,16.0,243,648,1000.0
711,pohang__1khz_50ns_20deci_2m_UTC+0900_DST0_20190629_194621.825,pohang,pohang,pohang,unlabel,2,/home/ted1204/MS_Detection_Datamaker/MS_datamaker_PH/data/unlabel/1khz_50ns_20deci_2m_UTC+0900_DST0_20190629_194621.825.tdms,1khz_50ns_20deci_2m_UTC+0900_DST0_20190629_194621.825.tdms,1khz_50ns_20deci_2m_UTC+0900_DST0_20190629_194621.825,15.0,17.0,243,648,1000.0
712,pohang__1khz_50ns_20deci_2m_UTC+0900_DST0_20190629_194621.825,pohang,pohang,pohang,unlabel,2,/home/ted1204/MS_Detection_Datamaker/MS_datamaker_PH/data/unlabel/1khz_50ns_20deci_2m_UTC+0900_DST0_20190629_194621.825.tdms,1khz_50ns_20deci_2m_UTC+0900_DST0_20190629_194621.825.tdms,1khz_50ns_20deci_2m_UTC+0900_DST0_20190629_194621.825,16.0,18.0,243,648,1000.0
713,pohang__1khz_50ns_20deci_2m_UTC+0900_DST0_20190629_194621.825,pohang,pohang,pohang,unlabel,2,/home/ted1204/MS_Detection_Datamaker/MS_datamaker_PH/data/unlabel/1khz_50ns_20deci_2m_UTC+0900_DST0_20190629_194621.825.tdms,1khz_50ns_20deci_2m_UTC+0900_DST0_20190629_194621.825.tdms,1khz_50ns_20deci_2m_UTC+0900_DST0_20190629_194621.825,17.0,19.0,243,648,1000.0
714,pohang__1khz_50ns_20deci_2m_UTC+0900_DST0_20190629_194621.825,pohang,pohang,pohang,unlabel,2,/home/ted1204/MS_Detection_Datamaker/MS_datamaker_PH/data/unlabel/1khz_50ns_20deci_2m_UTC+0900_DST0_20190629_194621.825.tdms,1khz_50ns_20deci_2m_UTC+0900_DST0_20190629_194621.825.tdms,1khz_50ns_20deci_2m_UTC+0900_DST0_20190629_194621.825,18.0,20.0,243,648,1000.0
715,pohang__1khz_50ns_20deci_2m_UTC+0900_DST0_20190629_194621.825,pohang,pohang,pohang,unlabel,2,/home/ted1204/MS_Detection_Datamaker/MS_datamaker_PH/data/unlabel/1khz_50ns_20deci_2m_UTC+0900_DST0_20190629_194621.825.tdms,1khz_50ns_20deci_2m_UTC+0900_DST0_20190629_194621.825.tdms,1khz_50ns_20deci_2m_UTC+0900_DST0_20190629_194621.825,21.0,23.0,243,648,1000.0
716,pohang__1khz_50ns_20deci_2m_UTC+0900_DST0_20190629_194621.825,pohang,pohang,pohang,unlabel,2,/home/ted1204/MS_Detection_Datamaker/MS_datamaker_PH/data/unlabel/1khz_50ns_20deci_2m_UTC+0900_DST0_20190629_194621.825.tdms,1khz_50ns_20deci_2m_UTC+0900_DST0_20190629_194621.825.tdms,1khz_50ns_20deci_2m_UTC+0900_DST0_20190629_194621.825,22.0,24.0,243,648,1000.0
717,pohang__1khz_50ns_20deci_2m_UTC+0900_DST0_20190629_194621.825,pohang,pohang,pohang,unlabel,2,/home/ted1204/MS_Detection_Datamaker/MS_datamaker_PH/data/unlabel/1khz_50ns_20deci_2m_UTC+0900_DST0_20190629_194621.825.tdms,1khz_50ns_20deci_2m_UTC+0900_DST0_20190629_194621.825.tdms,1khz_50ns_20deci_2m_UTC+0900_DST0_20190629_194621.825,24.0,26.0,243,648,1000.0
718,pohang__1khz_50ns_20deci_2m_UTC+0900_DST0_20190629_194621.825,pohang,pohang,pohang,unlabel,2,/home/ted1204/MS_Detection_Datamaker/MS_datamaker_PH/data/unlabel/1khz_50ns_20deci_2m_UTC+0900_DST0_20190629_194621.825.tdms,1khz_50ns_20deci_2m_UTC+0900_DST0_20190629_194621.825.tdms,1khz_50ns_20deci_2m_UTC+0900_DST0_20190629_194621.825,25.0,27.0,243,648,1000.0
719,pohang__1khz_50ns_20deci_2m_UTC+0900_DST0_20190629_194621.825,pohang,pohang,pohang,unlabel,2,/home/ted1204/MS_Detection_Datamaker/MS_datamaker_PH/data/unlabel/1khz_50ns_20deci_2m_UTC+0900_DST0_20190629_194621.825.tdms,1khz_50ns_20deci_2m_UTC+0900_DST0_20190629_194621.825.tdms,1khz_50ns_20deci_2m_UTC+0900_DST0_20190629_194621.825,28.0,30.0,243,648,1000.0
720,pohang__1khz_50ns_20deci_2m_UTC+0900_DST0_20190630_061951.825,pohang,pohang,pohang,unlabel,2,/home/ted1204/MS_Detection_Datamaker/MS_datamaker_PH/data/unlabel/1khz_50ns_20deci_2m_UTC+0900_DST0_20190630_061951.825.tdms,1khz_50ns_20deci_2m_UTC+0900_DST0_20190630_061951.825.tdms,1khz_50ns_20deci_2m_UTC+0900_DST0_20190630_061951.825,0.0,2.0,243,648,1000.0
721,pohang__1khz_50ns_20deci_2m_UTC+0900_DST0_20190630_061951.825,pohang,pohang,pohang,unlabel,2,/home/ted1204/MS_Detection_Datamaker/MS_datamaker_PH/data/unlabel/1khz_50ns_20deci_2m_UTC+0900_DST0_20190630_061951.825.tdms,1khz_50ns_20deci_2m_UTC+0900_DST0_20190630_061951.825.tdms,1khz_50ns_20deci_2m_UTC+0900_DST0_20190630_061951.825,3.0,5.0,243,648,1000.0
722,pohang__1khz_50ns_20deci_2m_UTC+0900_DST0_20190630_061951.825,pohang,pohang,pohang,unlabel,2,/home/ted1204/MS_Detection_Datamaker/MS_datamaker_PH/data/unlabel/1khz_50ns_20deci_2m_UTC+0900_DST0_20190630_061951.825.tdms,1khz_50ns_20deci_2m_UTC+0900_DST0_20190630_061951.825.tdms,1khz_50ns_20deci_2m_UTC+0900_DST0_20190630_061951.825,6.0,8.0,243,648,1000.0
723,pohang__1khz_50ns_20deci_2m_UTC+0900_DST0_20190630_061951.825,pohang,pohang,pohang,unlabel,2,/home/ted1204/MS_Detection_Datamaker/MS_datamaker_PH/data/unlabel/1khz_50ns_20deci_2m_UTC+0900_DST0_20190630_061951.825.tdms,1khz_50ns_20deci_2m_UTC+0900_DST0_20190630_061951.825.tdms,1khz_50ns_20deci_2m_UTC+0900_DST0_20190630_061951.825,7.0,9.0,243,648,1000.0
724,pohang__1khz_50ns_20deci_2m_UTC+0900_DST0_20190630_061951.825,pohang,pohang,pohang,unlabel,2,/home/ted1204/MS_Detection_Datamaker/MS_datamaker_PH/data/unlabel/1khz_50ns_20deci_2m_UTC+0900_DST0_20190630_061951.825.tdms,1khz_50ns_20deci_2m_UTC+0900_DST0_20190630_061951.825.tdms,1khz_50ns_20deci_2m_UTC+0900_DST0_20190630_061951.825,8.0,10.0,243,648,1000.0
725,pohang__1khz_50ns_20deci_2m_UTC+0900_DST0_20190630_061951.825,pohang,pohang,pohang,unlabel,2,/home/ted1204/MS_Detection_Datamaker/MS_datamaker_PH/data/unlabel/1khz_50ns_20deci_2m_UTC+0900_DST0_20190630_061951.825.tdms,1khz_50ns_20deci_2m_UTC+0900_DST0_20190630_061951.825.tdms,1khz_50ns_20deci_2m_UTC+0900_DST0_20190630_061951.825,9.0,11.0,243,648,1000.0
726,pohang__1khz_50ns_20deci_2m_UTC+0900_DST0_20190630_061951.825,pohang,pohang,pohang,unlabel,2,/home/ted1204/MS_Detection_Datamaker/MS_datamaker_PH/data/unlabel/1khz_50ns_20deci_2m_UTC+0900_DST0_20190630_061951.825.tdms,1khz_50ns_20deci_2m_UTC+0900_DST0_20190630_061951.825.tdms,1khz_50ns_20deci_2m_UTC+0900_DST0_20190630_061951.825,11.0,13.0,243,648,1000.0
727,pohang__1khz_50ns_20deci_2m_UTC+0900_DST0_20190630_061951.825,pohang,pohang,pohang,unlabel,2,/home/ted1204/MS_Detection_Datamaker/MS_datamaker_PH/data/unlabel/1khz_50ns_20deci_2m_UTC+0900_DST0_20190630_061951.825.tdms,1khz_50ns_20deci_2m_UTC+0900_DST0_20190630_061951.825.tdms,1khz_50ns_20deci_2m_UTC+0900_DST0_20190630_061951.825,12.0,14.0,243,648,1000.0
728,pohang__1khz_50ns_20deci_2m_UTC+0900_DST0_20190630_061951.825,pohang,pohang,pohang,unlabel,2,/home/ted1204/MS_Detection_Datamaker/MS_datamaker_PH/data/unlabel/1khz_50ns_20deci_2m_UTC+0900_DST0_20190630_061951.825.tdms,1khz_50ns_20deci_2m_UTC+0900_DST0_20190630_061951.825.tdms,1khz_50ns_20deci_2m_UTC+0900_DST0_20190630_061951.825,13.0,15.0,243,648,1000.0
729,pohang__1khz_50ns_20deci_2m_UTC+0900_DST0_20190630_061951.825,pohang,pohang,pohang,unlabel,2,/home/ted1204/MS_Detection_Datamaker/MS_datamaker_PH/data/unlabel/1khz_50ns_20deci_2m_UTC+0900_DST0_20190630_061951.825.tdms,1khz_50ns_20deci_2m_UTC+0900_DST0_20190630_061951.825.tdms,1khz_50ns_20deci_2m_UTC+0900_DST0_20190630_061951.825,16.0,18.0,243,648,1000.0
730,pohang__1khz_50ns_20deci_2m_UTC+0900_DST0_20190630_061951.825,pohang,pohang,pohang,unlabel,2,/home/ted1204/MS_Detection_Datamaker/MS_datamaker_PH/data/unlabel/1khz_50ns_20deci_2m_UTC+0900_DST0_20190630_061951.825.tdms,1khz_50ns_20deci_2m_UTC+0900_DST0_20190630_061951.825.tdms,1khz_50ns_20deci_2m_UTC+0900_DST0_20190630_061951.825,19.0,21.0,243,648,1000.0
731,pohang__1khz_50ns_20deci_2m_UTC+0900_DST0_20190630_061951.825,pohang,pohang,pohang,unlabel,2,/home/ted1204/MS_Detection_Datamaker/MS_datamaker_PH/data/unlabel/1khz_50ns_20deci_2m_UTC+0900_DST0_20190630_061951.825.tdms,1khz_50ns_20deci_2m_UTC+0900_DST0_20190630_061951.825.tdms,1khz_50ns_20deci_2m_UTC+0900_DST0_20190630_061951.825,20.0,22.0,243,648,1000.0
732,pohang__1khz_50ns_20deci_2m_UTC+0900_DST0_20190630_061951.825,pohang,pohang,pohang,unlabel,2,/home/ted1204/MS_Detection_Datamaker/MS_datamaker_PH/data/unlabel/1khz_50ns_20deci_2m_UTC+0900_DST0_20190630_061951.825.tdms,1khz_50ns_20deci_2m_UTC+0900_DST0_20190630_061951.825.tdms,1khz_50ns_20deci_2m_UTC+0900_DST0_20190630_061951.825,21.0,23.0,243,648,1000.0
733,pohang__1khz_50ns_20deci_2m_UTC+0900_DST0_20190630_061951.825,pohang,pohang,pohang,unlabel,2,/home/ted1204/MS_Detection_Datamaker/MS_datamaker_PH/data/unlabel/1khz_50ns_20deci_2m_UTC+0900_DST0_20190630_061951.825.tdms,1khz_50ns_20deci_2m_UTC+0900_DST0_20190630_061951.825.tdms,1khz_50ns_20deci_2m_UTC+0900_DST0_20190630_061951.825,23.0,25.0,243,648,1000.0
734,pohang__1khz_50ns_20deci_2m_UTC+0900_DST0_20190630_061951.825,pohang,pohang,pohang,unlabel,2,/home/ted1204/MS_Detection_Datamaker/MS_datamaker_PH/data/unlabel/1khz_50ns_20deci_2m_UTC+0900_DST0_20190630_061951.825.tdms,1khz_50ns_20deci_2m_UTC+0900_DST0_20190630_061951.825.tdms,1khz_50ns_20deci_2m_UTC+0900_DST0_20190630_061951.825,24.0,26.0,243,648,1000.0
735,pohang__1khz_50ns_20deci_2m_UTC+0900_DST0_20190630_173221.825,pohang,pohang,pohang,unlabel,2,/home/ted1204/MS_Detection_Datamaker/MS_datamaker_PH/data/unlabel/1khz_50ns_20deci_2m_UTC+0900_DST0_20190630_173221.825.tdms,1khz_50ns_20deci_2m_UTC+0900_DST0_20190630_173221.825.tdms,1khz_50ns_20deci_2m_UTC+0900_DST0_20190630_173221.825,1.0,3.0,243,648,1000.0
736,pohang__1khz_50ns_20deci_2m_UTC+0900_DST0_20190630_173221.825,pohang,pohang,pohang,unlabel,2,/home/ted1204/MS_Detection_Datamaker/MS_datamaker_PH/data/unlabel/1khz_50ns_20deci_2m_UTC+0900_DST0_20190630_173221.825.tdms,1khz_50ns_20deci_2m_UTC+0900_DST0_20190630_173221.825.tdms,1khz_50ns_20deci_2m_UTC+0900_DST0_20190630_173221.825,2.0,4.0,243,648,1000.0
737,pohang__1khz_50ns_20deci_2m_UTC+0900_DST0_20190630_173221.825,pohang,pohang,pohang,unlabel,2,/home/ted1204/MS_Detection_Datamaker/MS_datamaker_PH/data/unlabel/1khz_50ns_20deci_2m_UTC+0900_DST0_20190630_173221.825.tdms,1khz_50ns_20deci_2m_UTC+0900_DST0_20190630_173221.825.tdms,1khz_50ns_20deci_2m_UTC+0900_DST0_20190630_173221.825,4.0,6.0,243,648,1000.0
738,pohang__1khz_50ns_20deci_2m_UTC+0900_DST0_20190630_173221.825,pohang,pohang,pohang,unlabel,2,/home/ted1204/MS_Detection_Datamaker/MS_datamaker_PH/data/unlabel/1khz_50ns_20deci_2m_UTC+0900_DST0_20190630_173221.825.tdms,1khz_50ns_20deci_2m_UTC+0900_DST0_20190630_173221.825.tdms,1khz_50ns_20deci_2m_UTC+0900_DST0_20190630_173221.825,5.0,7.0,243,648,1000.0
739,pohang__1khz_50ns_20deci_2m_UTC+0900_DST0_20190630_173221.825,pohang,pohang,pohang,unlabel,2,/home/ted1204/MS_Detection_Datamaker/MS_datamaker_PH/data/unlabel/1khz_50ns_20deci_2m_UTC+0900_DST0_20190630_173221.825.tdms,1khz_50ns_20deci_2m_UTC+0900_DST0_20190630_173221.825.tdms,1khz_50ns_20deci_2m_UTC+0900_DST0_20190630_173221.825,7.0,9.0,243,648,1000.0
740,pohang__1khz_50ns_20deci_2m_UTC+0900_DST0_20190630_173221.825,pohang,pohang,pohang,unlabel,2,/home/ted1204/MS_Detection_Datamaker/MS_datamaker_PH/data/unlabel/1khz_50ns_20deci_2m_UTC+0900_DST0_20190630_173221.825.tdms,1khz_50ns_20deci_2m_UTC+0900_DST0_20190630_173221.825.tdms,1khz_50ns_20deci_2m_UTC+0900_DST0_20190630_173221.825,9.0,11.0,243,648,1000.0
741,pohang__1khz_50ns_20deci_2m_UTC+0900_DST0_20190630_173221.825,pohang,pohang,pohang,unlabel,2,/home/ted1204/MS_Detection_Datamaker/MS_datamaker_PH/data/unlabel/1khz_50ns_20deci_2m_UTC+0900_DST0_20190630_173221.825.tdms,1khz_50ns_20deci_2m_UTC+0900_DST0_20190630_173221.825.tdms,1khz_50ns_20deci_2m_UTC+0900_DST0_20190630_173221.825,12.0,14.0,243,648,1000.0
742,pohang__1khz_50ns_20deci_2m_UTC+0900_DST0_20190630_173221.825,pohang,pohang,pohang,unlabel,2,/home/ted1204/MS_Detection_Datamaker/MS_datamaker_PH/data/unlabel/1khz_50ns_20deci_2m_UTC+0900_DST0_20190630_173221.825.tdms,1khz_50ns_20deci_2m_UTC+0900_DST0_20190630_173221.825.tdms,1khz_50ns_20deci_2m_UTC+0900_DST0_20190630_173221.825,13.0,15.0,243,648,1000.0
743,pohang__1khz_50ns_20deci_2m_UTC+0900_DST0_20190630_173221.825,pohang,pohang,pohang,unlabel,2,/home/ted1204/MS_Detection_Datamaker/MS_datamaker_PH/data/unlabel/1khz_50ns_20deci_2m_UTC+0900_DST0_20190630_173221.825.tdms,1khz_50ns_20deci_2m_UTC+0900_DST0_20190630_173221.825.tdms,1khz_50ns_20deci_2m_UTC+0900_DST0_20190630_173221.825,17.0,19.0,243,648,1000.0
744,pohang__1khz_50ns_20deci_2m_UTC+0900_DST0_20190630_173221.825,pohang,pohang,pohang,unlabel,2,/home/ted1204/MS_Detection_Datamaker/MS_datamaker_PH/data/unlabel/1khz_50ns_20deci_2m_UTC+0900_DST0_20190630_173221.825.tdms,1khz_50ns_20deci_2m_UTC+0900_DST0_20190630_173221.825.tdms,1khz_50ns_20deci_2m_UTC+0900_DST0_20190630_173221.825,18.0,20.0,243,648,1000.0
745,pohang__1khz_50ns_20deci_2m_UTC+0900_DST0_20190630_173221.825,pohang,pohang,pohang,unlabel,2,/home/ted1204/MS_Detection_Datamaker/MS_datamaker_PH/data/unlabel/1khz_50ns_20deci_2m_UTC+0900_DST0_20190630_173221.825.tdms,1khz_50ns_20deci_2m_UTC+0900_DST0_20190630_173221.825.tdms,1khz_50ns_20deci_2m_UTC+0900_DST0_20190630_173221.825,19.0,21.0,243,648,1000.0
746,pohang__1khz_50ns_20deci_2m_UTC+0900_DST0_20190630_173221.825,pohang,pohang,pohang,unlabel,2,/home/ted1204/MS_Detection_Datamaker/MS_datamaker_PH/data/unlabel/1khz_50ns_20deci_2m_UTC+0900_DST0_20190630_173221.825.tdms,1khz_50ns_20deci_2m_UTC+0900_DST0_20190630_173221.825.tdms,1khz_50ns_20deci_2m_UTC+0900_DST0_20190630_173221.825,25.0,27.0,243,648,1000.0
747,pohang__1khz_50ns_20deci_2m_UTC+0900_DST0_20190630_173221.825,pohang,pohang,pohang,unlabel,2,/home/ted1204/MS_Detection_Datamaker/MS_datamaker_PH/data/unlabel/1khz_50ns_20deci_2m_UTC+0900_DST0_20190630_173221.825.tdms,1khz_50ns_20deci_2m_UTC+0900_DST0_20190630_173221.825.tdms,1khz_50ns_20deci_2m_UTC+0900_DST0_20190630_173221.825,26.0,28.0,243,648,1000.0
748,pohang__1khz_50ns_20deci_2m_UTC+0900_DST0_20190630_173221.825,pohang,pohang,pohang,unlabel,2,/home/ted1204/MS_Detection_Datamaker/MS_datamaker_PH/data/unlabel/1khz_50ns_20deci_2m_UTC+0900_DST0_20190630_173221.825.tdms,1khz_50ns_20deci_2m_UTC+0900_DST0_20190630_173221.825.tdms,1khz_50ns_20deci_2m_UTC+0900_DST0_20190630_173221.825,27.0,29.0,243,648,1000.0
749,pohang__1khz_50ns_20deci_2m_UTC+0900_DST0_20190630_173221.825,pohang,pohang,pohang,unlabel,2,/home/ted1204/MS_Detection_Datamaker/MS_datamaker_PH/data/unlabel/1khz_50ns_20deci_2m_UTC+0900_DST0_20190630_173221.825.tdms,1khz_50ns_20deci_2m_UTC+0900_DST0_20190630_173221.825.tdms,1khz_50ns_20deci_2m_UTC+0900_DST0_20190630_173221.825,28.0,30.0,243,648,1000.0
750,pohang__1khz_50ns_20deci_2m_UTC+0900_DST0_20190701_014821.825,pohang,pohang,pohang,unlabel,2,/home/ted1204/MS_Detection_Datamaker/MS_datamaker_PH/data/unlabel/1khz_50ns_20deci_2m_UTC+0900_DST0_20190701_014821.825.tdms,1khz_50ns_20deci_2m_UTC+0900_DST0_20190701_014821.825.tdms,1khz_50ns_20deci_2m_UTC+0900_DST0_20190701_014821.825,0.0,2.0,243,648,1000.0
751,pohang__1khz_50ns_20deci_2m_UTC+0900_DST0_20190701_014821.825,pohang,pohang,pohang,unlabel,2,/home/ted1204/MS_Detection_Datamaker/MS_datamaker_PH/data/unlabel/1khz_50ns_20deci_2m_UTC+0900_DST0_20190701_014821.825.tdms,1khz_50ns_20deci_2m_UTC+0900_DST0_20190701_014821.825.tdms,1khz_50ns_20deci_2m_UTC+0900_DST0_20190701_014821.825,1.0,3.0,243,648,1000.0
752,pohang__1khz_50ns_20deci_2m_UTC+0900_DST0_20190701_014821.825,pohang,pohang,pohang,unlabel,2,/home/ted1204/MS_Detection_Datamaker/MS_datamaker_PH/data/unlabel/1khz_50ns_20deci_2m_UTC+0900_DST0_20190701_014821.825.tdms,1khz_50ns_20deci_2m_UTC+0900_DST0_20190701_014821.825.tdms,1khz_50ns_20deci_2m_UTC+0900_DST0_20190701_014821.825,2.0,4.0,243,648,1000.0
753,pohang__1khz_50ns_20deci_2m_UTC+0900_DST0_20190701_014821.825,pohang,pohang,pohang,unlabel,2,/home/ted1204/MS_Detection_Datamaker/MS_datamaker_PH/data/unlabel/1khz_50ns_20deci_2m_UTC+0900_DST0_20190701_014821.825.tdms,1khz_50ns_20deci_2m_UTC+0900_DST0_20190701_014821.825.tdms,1khz_50ns_20deci_2m_UTC+0900_DST0_20190701_014821.825,8.0,10.0,243,648,1000.0
754,pohang__1khz_50ns_20deci_2m_UTC+0900_DST0_20190701_014821.825,pohang,pohang,pohang,unlabel,2,/home/ted1204/MS_Detection_Datamaker/MS_datamaker_PH/data/unlabel/1khz_50ns_20deci_2m_UTC+0900_DST0_20190701_014821.825.tdms,1khz_50ns_20deci_2m_UTC+0900_DST0_20190701_014821.825.tdms,1khz_50ns_20deci_2m_UTC+0900_DST0_20190701_014821.825,10.0,12.0,243,648,1000.0
755,pohang__1khz_50ns_20deci_2m_UTC+0900_DST0_20190701_014821.825,pohang,pohang,pohang,unlabel,2,/home/ted1204/MS_Detection_Datamaker/MS_datamaker_PH/data/unlabel/1khz_50ns_20deci_2m_UTC+0900_DST0_20190701_014821.825.tdms,1khz_50ns_20deci_2m_UTC+0900_DST0_20190701_014821.825.tdms,1khz_50ns_20deci_2m_UTC+0900_DST0_20190701_014821.825,11.0,13.0,243,648,1000.0
756,pohang__1khz_50ns_20deci_2m_UTC+0900_DST0_20190701_014821.825,pohang,pohang,pohang,unlabel,2,/home/ted1204/MS_Detection_Datamaker/MS_datamaker_PH/data/unlabel/1khz_50ns_20deci_2m_UTC+0900_DST0_20190701_014821.825.tdms,1khz_50ns_20deci_2m_UTC+0900_DST0_20190701_014821.825.tdms,1khz_50ns_20deci_2m_UTC+0900_DST0_20190701_014821.825,17.0,19.0,243,648,1000.0
757,pohang__1khz_50ns_20deci_2m_UTC+0900_DST0_20190701_014821.825,pohang,pohang,pohang,unlabel,2,/home/ted1204/MS_Detection_Datamaker/MS_datamaker_PH/data/unlabel/1khz_50ns_20deci_2m_UTC+0900_DST0_20190701_014821.825.tdms,1khz_50ns_20deci_2m_UTC+0900_DST0_20190701_014821.825.tdms,1khz_50ns_20deci_2m_UTC+0900_DST0_20190701_014821.825,18.0,20.0,243,648,1000.0
758,pohang__1khz_50ns_20deci_2m_UTC+0900_DST0_20190701_014821.825,pohang,pohang,pohang,unlabel,2,/home/ted1204/MS_Detection_Datamaker/MS_datamaker_PH/data/unlabel/1khz_50ns_20deci_2m_UTC+0900_DST0_20190701_014821.825.tdms,1khz_50ns_20deci_2m_UTC+0900_DST0_20190701_014821.825.tdms,1khz_50ns_20deci_2m_UTC+0900_DST0_20190701_014821.825,20.0,22.0,243,648,1000.0
759,pohang__1khz_50ns_20deci_2m_UTC+0900_DST0_20190701_014821.825,pohang,pohang,pohang,unlabel,2,/home/ted1204/MS_Detection_Datamaker/MS_datamaker_PH/data/unlabel/1khz_50ns_20deci_2m_UTC+0900_DST0_20190701_014821.825.tdms,1khz_50ns_20deci_2m_UTC+0900_DST0_20190701_014821.825.tdms,1khz_50ns_20deci_2m_UTC+0900_DST0_20190701_014821.825,21.0,23.0,243,648,1000.0
760,pohang__1khz_50ns_20deci_2m_UTC+0900_DST0_20190701_014821.825,pohang,pohang,pohang,unlabel,2,/home/ted1204/MS_Detection_Datamaker/MS_datamaker_PH/data/unlabel/1khz_50ns_20deci_2m_UTC+0900_DST0_20190701_014821.825.tdms,1khz_50ns_20deci_2m_UTC+0900_DST0_20190701_014821.825.tdms,1khz_50ns_20deci_2m_UTC+0900_DST0_20190701_014821.825,22.0,24.0,243,648,1000.0
761,pohang__1khz_50ns_20deci_2m_UTC+0900_DST0_20190701_014821.825,pohang,pohang,pohang,unlabel,2,/home/ted1204/MS_Detection_Datamaker/MS_datamaker_PH/data/unlabel/1khz_50ns_20deci_2m_UTC+0900_DST0_20190701_014821.825.tdms,1khz_50ns_20deci_2m_UTC+0900_DST0_20190701_014821.825.tdms,1khz_50ns_20deci_2m_UTC+0900_DST0_20190701_014821.825,23.0,25.0,243,648,1000.0
762,pohang__1khz_50ns_20deci_2m_UTC+0900_DST0_20190701_014821.825,pohang,pohang,pohang,unlabel,2,/home/ted1204/MS_Detection_Datamaker/MS_datamaker_PH/data/unlabel/1khz_50ns_20deci_2m_UTC+0900_DST0_20190701_014821.825.tdms,1khz_50ns_20deci_2m_UTC+0900_DST0_20190701_014821.825.tdms,1khz_50ns_20deci_2m_UTC+0900_DST0_20190701_014821.825,24.0,26.0,243,648,1000.0
763,pohang__1khz_50ns_20deci_2m_UTC+0900_DST0_20190701_014821.825,pohang,pohang,pohang,unlabel,2,/home/ted1204/MS_Detection_Datamaker/MS_datamaker_PH/data/unlabel/1khz_50ns_20deci_2m_UTC+0900_DST0_20190701_014821.825.tdms,1khz_50ns_20deci_2m_UTC+0900_DST0_20190701_014821.825.tdms,1khz_50ns_20deci_2m_UTC+0900_DST0_20190701_014821.825,25.0,27.0,243,648,1000.0
764,pohang__1khz_50ns_20deci_2m_UTC+0900_DST0_20190701_014821.825,pohang,pohang,pohang,unlabel,2,/home/ted1204/MS_Detection_Datamaker/MS_datamaker_PH/data/unlabel/1khz_50ns_20deci_2m_UTC+0900_DST0_20190701_014821.825.tdms,1khz_50ns_20deci_2m_UTC+0900_DST0_20190701_014821.825.tdms,1khz_50ns_20deci_2m_UTC+0900_DST0_20190701_014821.825,27.0,29.0,243,648,1000.0
765,pohang__1khz_50ns_20deci_2m_UTC+0900_DST0_20190701_070651.825,pohang,pohang,pohang,unlabel,2,/home/ted1204/MS_Detection_Datamaker/MS_datamaker_PH/data/unlabel/1khz_50ns_20deci_2m_UTC+0900_DST0_20190701_070651.825.tdms,1khz_50ns_20deci_2m_UTC+0900_DST0_20190701_070651.825.tdms,1khz_50ns_20deci_2m_UTC+0900_DST0_20190701_070651.825,1.0,3.0,243,648,1000.0
766,pohang__1khz_50ns_20deci_2m_UTC+0900_DST0_20190701_070651.825,pohang,pohang,pohang,unlabel,2,/home/ted1204/MS_Detection_Datamaker/MS_datamaker_PH/data/unlabel/1khz_50ns_20deci_2m_UTC+0900_DST0_20190701_070651.825.tdms,1khz_50ns_20deci_2m_UTC+0900_DST0_20190701_070651.825.tdms,1khz_50ns_20deci_2m_UTC+0900_DST0_20190701_070651.825,2.0,4.0,243,648,1000.0
767,pohang__1khz_50ns_20deci_2m_UTC+0900_DST0_20190701_070651.825,pohang,pohang,pohang,unlabel,2,/home/ted1204/MS_Detection_Datamaker/MS_datamaker_PH/data/unlabel/1khz_50ns_20deci_2m_UTC+0900_DST0_20190701_070651.825.tdms,1khz_50ns_20deci_2m_UTC+0900_DST0_20190701_070651.825.tdms,1khz_50ns_20deci_2m_UTC+0900_DST0_20190701_070651.825,3.0,5.0,243,648,1000.0
768,pohang__1khz_50ns_20deci_2m_UTC+0900_DST0_20190701_070651.825,pohang,pohang,pohang,unlabel,2,/home/ted1204/MS_Detection_Datamaker/MS_datamaker_PH/data/unlabel/1khz_50ns_20deci_2m_UTC+0900_DST0_20190701_070651.825.tdms,1khz_50ns_20deci_2m_UTC+0900_DST0_20190701_070651.825.tdms,1khz_50ns_20deci_2m_UTC+0900_DST0_20190701_070651.825,5.0,7.0,243,648,1000.0
769,pohang__1khz_50ns_20deci_2m_UTC+0900_DST0_20190701_070651.825,pohang,pohang,pohang,unlabel,2,/home/ted1204/MS_Detection_Datamaker/MS_datamaker_PH/data/unlabel/1khz_50ns_20deci_2m_UTC+0900_DST0_20190701_070651.825.tdms,1khz_50ns_20deci_2m_UTC+0900_DST0_20190701_070651.825.tdms,1khz_50ns_20deci_2m_UTC+0900_DST0_20190701_070651.825,7.0,9.0,243,648,1000.0
770,pohang__1khz_50ns_20deci_2m_UTC+0900_DST0_20190701_070651.825,pohang,pohang,pohang,unlabel,2,/home/ted1204/MS_Detection_Datamaker/MS_datamaker_PH/data/unlabel/1khz_50ns_20deci_2m_UTC+0900_DST0_20190701_070651.825.tdms,1khz_50ns_20deci_2m_UTC+0900_DST0_20190701_070651.825.tdms,1khz_50ns_20deci_2m_UTC+0900_DST0_20190701_070651.825,11.0,13.0,243,648,1000.0
771,pohang__1khz_50ns_20deci_2m_UTC+0900_DST0_20190701_070651.825,pohang,pohang,pohang,unlabel,2,/home/ted1204/MS_Detection_Datamaker/MS_datamaker_PH/data/unlabel/1khz_50ns_20deci_2m_UTC+0900_DST0_20190701_070651.825.tdms,1khz_50ns_20deci_2m_UTC+0900_DST0_20190701_070651.825.tdms,1khz_50ns_20deci_2m_UTC+0900_DST0_20190701_070651.825,12.0,14.0,243,648,1000.0
772,pohang__1khz_50ns_20deci_2m_UTC+0900_DST0_20190701_070651.825,pohang,pohang,pohang,unlabel,2,/home/ted1204/MS_Detection_Datamaker/MS_datamaker_PH/data/unlabel/1khz_50ns_20deci_2m_UTC+0900_DST0_20190701_070651.825.tdms,1khz_50ns_20deci_2m_UTC+0900_DST0_20190701_070651.825.tdms,1khz_50ns_20deci_2m_UTC+0900_DST0_20190701_070651.825,13.0,15.0,243,648,1000.0
773,pohang__1khz_50ns_20deci_2m_UTC+0900_DST0_20190701_070651.825,pohang,pohang,pohang,unlabel,2,/home/ted1204/MS_Detection_Datamaker/MS_datamaker_PH/data/unlabel/1khz_50ns_20deci_2m_UTC+0900_DST0_20190701_070651.825.tdms,1khz_50ns_20deci_2m_UTC+0900_DST0_20190701_070651.825.tdms,1khz_50ns_20deci_2m_UTC+0900_DST0_20190701_070651.825,15.0,17.0,243,648,1000.0
774,pohang__1khz_50ns_20deci_2m_UTC+0900_DST0_20190701_070651.825,pohang,pohang,pohang,unlabel,2,/home/ted1204/MS_Detection_Datamaker/MS_datamaker_PH/data/unlabel/1khz_50ns_20deci_2m_UTC+0900_DST0_20190701_070651.825.tdms,1khz_50ns_20deci_2m_UTC+0900_DST0_20190701_070651.825.tdms,1khz_50ns_20deci_2m_UTC+0900_DST0_20190701_070651.825,21.0,23.0,243,648,1000.0
775,pohang__1khz_50ns_20deci_2m_UTC+0900_DST0_20190701_070651.825,pohang,pohang,pohang,unlabel,2,/home/ted1204/MS_Detection_Datamaker/MS_datamaker_PH/data/unlabel/1khz_50ns_20deci_2m_UTC+0900_DST0_20190701_070651.825.tdms,1khz_50ns_20deci_2m_UTC+0900_DST0_20190701_070651.825.tdms,1khz_50ns_20deci_2m_UTC+0900_DST0_20190701_070651.825,22.0,24.0,243,648,1000.0
776,pohang__1khz_50ns_20deci_2m_UTC+0900_DST0_20190701_070651.825,pohang,pohang,pohang,unlabel,2,/home/ted1204/MS_Detection_Datamaker/MS_datamaker_PH/data/unlabel/1khz_50ns_20deci_2m_UTC+0900_DST0_20190701_070651.825.tdms,1khz_50ns_20deci_2m_UTC+0900_DST0_20190701_070651.825.tdms,1khz_50ns_20deci_2m_UTC+0900_DST0_20190701_070651.825,23.0,25.0,243,648,1000.0
777,pohang__1khz_50ns_20deci_2m_UTC+0900_DST0_20190701_070651.825,pohang,pohang,pohang,unlabel,2,/home/ted1204/MS_Detection_Datamaker/MS_datamaker_PH/data/unlabel/1khz_50ns_20deci_2m_UTC+0900_DST0_20190701_070651.825.tdms,1khz_50ns_20deci_2m_UTC+0900_DST0_20190701_070651.825.tdms,1khz_50ns_20deci_2m_UTC+0900_DST0_20190701_070651.825,24.0,26.0,243,648,1000.0
778,pohang__1khz_50ns_20deci_2m_UTC+0900_DST0_20190701_070651.825,pohang,pohang,pohang,unlabel,2,/home/ted1204/MS_Detection_Datamaker/MS_datamaker_PH/data/unlabel/1khz_50ns_20deci_2m_UTC+0900_DST0_20190701_070651.825.tdms,1khz_50ns_20deci_2m_UTC+0900_DST0_20190701_070651.825.tdms,1khz_50ns_20deci_2m_UTC+0900_DST0_20190701_070651.825,26.0,28.0,243,648,1000.0
779,pohang__1khz_50ns_20deci_2m_UTC+0900_DST0_20190701_070651.825,pohang,pohang,pohang,unlabel,2,/home/ted1204/MS_Detection_Datamaker/MS_datamaker_PH/data/unlabel/1khz_50ns_20deci_2m_UTC+0900_DST0_20190701_070651.825.tdms,1khz_50ns_20deci_2m_UTC+0900_DST0_20190701_070651.825.tdms,1khz_50ns_20deci_2m_UTC+0900_DST0_20190701_070651.825,27.0,29.0,243,648,1000.0
780,pohang__1khz_50ns_20deci_2m_UTC+0900_DST0_20190701_163451.825,pohang,pohang,pohang,unlabel,2,/home/ted1204/MS_Detection_Datamaker/MS_datamaker_PH/data/unlabel/1khz_50ns_20deci_2m_UTC+0900_DST0_20190701_163451.825.tdms,1khz_50ns_20deci_2m_UTC+0900_DST0_20190701_163451.825.tdms,1khz_50ns_20deci_2m_UTC+0900_DST0_20190701_163451.825,1.0,3.0,243,648,1000.0
781,pohang__1khz_50ns_20deci_2m_UTC+0900_DST0_20190701_163451.825,pohang,pohang,pohang,unlabel,2,/home/ted1204/MS_Detection_Datamaker/MS_datamaker_PH/data/unlabel/1khz_50ns_20deci_2m_UTC+0900_DST0_20190701_163451.825.tdms,1khz_50ns_20deci_2m_UTC+0900_DST0_20190701_163451.825.tdms,1khz_50ns_20deci_2m_UTC+0900_DST0_20190701_163451.825,4.0,6.0,243,648,1000.0
782,pohang__1khz_50ns_20deci_2m_UTC+0900_DST0_20190701_163451.825,pohang,pohang,pohang,unlabel,2,/home/ted1204/MS_Detection_Datamaker/MS_datamaker_PH/data/unlabel/1khz_50ns_20deci_2m_UTC+0900_DST0_20190701_163451.825.tdms,1khz_50ns_20deci_2m_UTC+0900_DST0_20190701_163451.825.tdms,1khz_50ns_20deci_2m_UTC+0900_DST0_20190701_163451.825,5.0,7.0,243,648,1000.0
783,pohang__1khz_50ns_20deci_2m_UTC+0900_DST0_20190701_163451.825,pohang,pohang,pohang,unlabel,2,/home/ted1204/MS_Detection_Datamaker/MS_datamaker_PH/data/unlabel/1khz_50ns_20deci_2m_UTC+0900_DST0_20190701_163451.825.tdms,1khz_50ns_20deci_2m_UTC+0900_DST0_20190701_163451.825.tdms,1khz_50ns_20deci_2m_UTC+0900_DST0_20190701_163451.825,9.0,11.0,243,648,1000.0
784,pohang__1khz_50ns_20deci_2m_UTC+0900_DST0_20190701_163451.825,pohang,pohang,pohang,unlabel,2,/home/ted1204/MS_Detection_Datamaker/MS_datamaker_PH/data/unlabel/1khz_50ns_20deci_2m_UTC+0900_DST0_20190701_163451.825.tdms,1khz_50ns_20deci_2m_UTC+0900_DST0_20190701_163451.825.tdms,1khz_50ns_20deci_2m_UTC+0900_DST0_20190701_163451.825,11.0,13.0,243,648,1000.0
785,pohang__1khz_50ns_20deci_2m_UTC+0900_DST0_20190701_163451.825,pohang,pohang,pohang,unlabel,2,/home/ted1204/MS_Detection_Datamaker/MS_datamaker_PH/data/unlabel/1khz_50ns_20deci_2m_UTC+0900_DST0_20190701_163451.825.tdms,1khz_50ns_20deci_2m_UTC+0900_DST0_20190701_163451.825.tdms,1khz_50ns_20deci_2m_UTC+0900_DST0_20190701_163451.825,12.0,14.0,243,648,1000.0
786,pohang__1khz_50ns_20deci_2m_UTC+0900_DST0_20190701_163451.825,pohang,pohang,pohang,unlabel,2,/home/ted1204/MS_Detection_Datamaker/MS_datamaker_PH/data/unlabel/1khz_50ns_20deci_2m_UTC+0900_DST0_20190701_163451.825.tdms,1khz_50ns_20deci_2m_UTC+0900_DST0_20190701_163451.825.tdms,1khz_50ns_20deci_2m_UTC+0900_DST0_20190701_163451.825,13.0,15.0,243,648,1000.0
787,pohang__1khz_50ns_20deci_2m_UTC+0900_DST0_20190701_163451.825,pohang,pohang,pohang,unlabel,2,/home/ted1204/MS_Detection_Datamaker/MS_datamaker_PH/data/unlabel/1khz_50ns_20deci_2m_UTC+0900_DST0_20190701_163451.825.tdms,1khz_50ns_20deci_2m_UTC+0900_DST0_20190701_163451.825.tdms,1khz_50ns_20deci_2m_UTC+0900_DST0_20190701_163451.825,14.0,16.0,243,648,1000.0
788,pohang__1khz_50ns_20deci_2m_UTC+0900_DST0_20190701_163451.825,pohang,pohang,pohang,unlabel,2,/home/ted1204/MS_Detection_Datamaker/MS_datamaker_PH/data/unlabel/1khz_50ns_20deci_2m_UTC+0900_DST0_20190701_163451.825.tdms,1khz_50ns_20deci_2m_UTC+0900_DST0_20190701_163451.825.tdms,1khz_50ns_20deci_2m_UTC+0900_DST0_20190701_163451.825,17.0,19.0,243,648,1000.0
789,pohang__1khz_50ns_20deci_2m_UTC+0900_DST0_20190701_163451.825,pohang,pohang,pohang,unlabel,2,/home/ted1204/MS_Detection_Datamaker/MS_datamaker_PH/data/unlabel/1khz_50ns_20deci_2m_UTC+0900_DST0_20190701_163451.825.tdms,1khz_50ns_20deci_2m_UTC+0900_DST0_20190701_163451.825.tdms,1khz_50ns_20deci_2m_UTC+0900_DST0_20190701_163451.825,19.0,21.0,243,648,1000.0
790,pohang__1khz_50ns_20deci_2m_UTC+0900_DST0_20190701_163451.825,pohang,pohang,pohang,unlabel,2,/home/ted1204/MS_Detection_Datamaker/MS_datamaker_PH/data/unlabel/1khz_50ns_20deci_2m_UTC+0900_DST0_20190701_163451.825.tdms,1khz_50ns_20deci_2m_UTC+0900_DST0_20190701_163451.825.tdms,1khz_50ns_20deci_2m_UTC+0900_DST0_20190701_163451.825,21.0,23.0,243,648,1000.0
791,pohang__1khz_50ns_20deci_2m_UTC+0900_DST0_20190701_163451.825,pohang,pohang,pohang,unlabel,2,/home/ted1204/MS_Detection_Datamaker/MS_datamaker_PH/data/unlabel/1khz_50ns_20deci_2m_UTC+0900_DST0_20190701_163451.825.tdms,1khz_50ns_20deci_2m_UTC+0900_DST0_20190701_163451.825.tdms,1khz_50ns_20deci_2m_UTC+0900_DST0_20190701_163451.825,23.0,25.0,243,648,1000.0
792,pohang__1khz_50ns_20deci_2m_UTC+0900_DST0_20190701_163451.825,pohang,pohang,pohang,unlabel,2,/home/ted1204/MS_Detection_Datamaker/MS_datamaker_PH/data/unlabel/1khz_50ns_20deci_2m_UTC+0900_DST0_20190701_163451.825.tdms,1khz_50ns_20deci_2m_UTC+0900_DST0_20190701_163451.825.tdms,1khz_50ns_20deci_2m_UTC+0900_DST0_20190701_163451.825,25.0,27.0,243,648,1000.0
793,pohang__1khz_50ns_20deci_2m_UTC+0900_DST0_20190701_163451.825,pohang,pohang,pohang,unlabel,2,/home/ted1204/MS_Detection_Datamaker/MS_datamaker_PH/data/unlabel/1khz_50ns_20deci_2m_UTC+0900_DST0_20190701_163451.825.tdms,1khz_50ns_20deci_2m_UTC+0900_DST0_20190701_163451.825.tdms,1khz_50ns_20deci_2m_UTC+0900_DST0_20190701_163451.825,26.0,28.0,243,648,1000.0
794,pohang__1khz_50ns_20deci_2m_UTC+0900_DST0_20190701_163451.825,pohang,pohang,pohang,unlabel,2,/home/ted1204/MS_Detection_Datamaker/MS_datamaker_PH/data/unlabel/1khz_50ns_20deci_2m_UTC+0900_DST0_20190701_163451.825.tdms,1khz_50ns_20deci_2m_UTC+0900_DST0_20190701_163451.825.tdms,1khz_50ns_20deci_2m_UTC+0900_DST0_20190701_163451.825,27.0,29.0,243,648,1000.0
795,pohang__1khz_50ns_20deci_2m_UTC+0900_DST0_20190701_170051.825,pohang,pohang,pohang,unlabel,2,/home/ted1204/MS_Detection_Datamaker/MS_datamaker_PH/data/unlabel/1khz_50ns_20deci_2m_UTC+0900_DST0_20190701_170051.825.tdms,1khz_50ns_20deci_2m_UTC+0900_DST0_20190701_170051.825.tdms,1khz_50ns_20deci_2m_UTC+0900_DST0_20190701_170051.825,0.0,2.0,243,648,1000.0
796,pohang__1khz_50ns_20deci_2m_UTC+0900_DST0_20190701_170051.825,pohang,pohang,pohang,unlabel,2,/home/ted1204/MS_Detection_Datamaker/MS_datamaker_PH/data/unlabel/1khz_50ns_20deci_2m_UTC+0900_DST0_20190701_170051.825.tdms,1khz_50ns_20deci_2m_UTC+0900_DST0_20190701_170051.825.tdms,1khz_50ns_20deci_2m_UTC+0900_DST0_20190701_170051.825,1.0,3.0,243,648,1000.0
797,pohang__1khz_50ns_20deci_2m_UTC+0900_DST0_20190701_170051.825,pohang,pohang,pohang,unlabel,2,/home/ted1204/MS_Detection_Datamaker/MS_datamaker_PH/data/unlabel/1khz_50ns_20deci_2m_UTC+0900_DST0_20190701_170051.825.tdms,1khz_50ns_20deci_2m_UTC+0900_DST0_20190701_170051.825.tdms,1khz_50ns_20deci_2m_UTC+0900_DST0_20190701_170051.825,3.0,5.0,243,648,1000.0
798,pohang__1khz_50ns_20deci_2m_UTC+0900_DST0_20190701_170051.825,pohang,pohang,pohang,unlabel,2,/home/ted1204/MS_Detection_Datamaker/MS_datamaker_PH/data/unlabel/1khz_50ns_20deci_2m_UTC+0900_DST0_20190701_170051.825.tdms,1khz_50ns_20deci_2m_UTC+0900_DST0_20190701_170051.825.tdms,1khz_50ns_20deci_2m_UTC+0900_DST0_20190701_170051.825,5.0,7.0,243,648,1000.0
799,pohang__1khz_50ns_20deci_2m_UTC+0900_DST0_20190701_170051.825,pohang,pohang,pohang,unlabel,2,/home/ted1204/MS_Detection_Datamaker/MS_datamaker_PH/data/unlabel/1khz_50ns_20deci_2m_UTC+0900_DST0_20190701_170051.825.tdms,1khz_50ns_20deci_2m_UTC+0900_DST0_20190701_170051.825.tdms,1khz_50ns_20deci_2m_UTC+0900_DST0_20190701_170051.825,7.0,9.0,243,648,1000.0
800,pohang__1khz_50ns_20deci_2m_UTC+0900_DST0_20190701_170051.825,pohang,pohang,pohang,unlabel,2,/home/ted1204/MS_Detection_Datamaker/MS_datamaker_PH/data/unlabel/1khz_50ns_20deci_2m_UTC+0900_DST0_20190701_170051.825.tdms,1khz_50ns_20deci_2m_UTC+0900_DST0_20190701_170051.825.tdms,1khz_50ns_20deci_2m_UTC+0900_DST0_20190701_170051.825,8.0,10.0,243,648,1000.0
801,pohang__1khz_50ns_20deci_2m_UTC+0900_DST0_20190701_170051.825,pohang,pohang,pohang,unlabel,2,/home/ted1204/MS_Detection_Datamaker/MS_datamaker_PH/data/unlabel/1khz_50ns_20deci_2m_UTC+0900_DST0_20190701_170051.825.tdms,1khz_50ns_20deci_2m_UTC+0900_DST0_20190701_170051.825.tdms,1khz_50ns_20deci_2m_UTC+0900_DST0_20190701_170051.825,14.0,16.0,243,648,1000.0
802,pohang__1khz_50ns_20deci_2m_UTC+0900_DST0_20190701_170051.825,pohang,pohang,pohang,unlabel,2,/home/ted1204/MS_Detection_Datamaker/MS_datamaker_PH/data/unlabel/1khz_50ns_20deci_2m_UTC+0900_DST0_20190701_170051.825.tdms,1khz_50ns_20deci_2m_UTC+0900_DST0_20190701_170051.825.tdms,1khz_50ns_20deci_2m_UTC+0900_DST0_20190701_170051.825,15.0,17.0,243,648,1000.0
803,pohang__1khz_50ns_20deci_2m_UTC+0900_DST0_20190701_170051.825,pohang,pohang,pohang,unlabel,2,/home/ted1204/MS_Detection_Datamaker/MS_datamaker_PH/data/unlabel/1khz_50ns_20deci_2m_UTC+0900_DST0_20190701_170051.825.tdms,1khz_50ns_20deci_2m_UTC+0900_DST0_20190701_170051.825.tdms,1khz_50ns_20deci_2m_UTC+0900_DST0_20190701_170051.825,17.0,19.0,243,648,1000.0
804,pohang__1khz_50ns_20deci_2m_UTC+0900_DST0_20190701_170051.825,pohang,pohang,pohang,unlabel,2,/home/ted1204/MS_Detection_Datamaker/MS_datamaker_PH/data/unlabel/1khz_50ns_20deci_2m_UTC+0900_DST0_20190701_170051.825.tdms,1khz_50ns_20deci_2m_UTC+0900_DST0_20190701_170051.825.tdms,1khz_50ns_20deci_2m_UTC+0900_DST0_20190701_170051.825,18.0,20.0,243,648,1000.0
805,pohang__1khz_50ns_20deci_2m_UTC+0900_DST0_20190701_170051.825,pohang,pohang,pohang,unlabel,2,/home/ted1204/MS_Detection_Datamaker/MS_datamaker_PH/data/unlabel/1khz_50ns_20deci_2m_UTC+0900_DST0_20190701_170051.825.tdms,1khz_50ns_20deci_2m_UTC+0900_DST0_20190701_170051.825.tdms,1khz_50ns_20deci_2m_UTC+0900_DST0_20190701_170051.825,19.0,21.0,243,648,1000.0
806,pohang__1khz_50ns_20deci_2m_UTC+0900_DST0_20190701_170051.825,pohang,pohang,pohang,unlabel,2,/home/ted1204/MS_Detection_Datamaker/MS_datamaker_PH/data/unlabel/1khz_50ns_20deci_2m_UTC+0900_DST0_20190701_170051.825.tdms,1khz_50ns_20deci_2m_UTC+0900_DST0_20190701_170051.825.tdms,1khz_50ns_20deci_2m_UTC+0900_DST0_20190701_170051.825,20.0,22.0,243,648,1000.0
807,pohang__1khz_50ns_20deci_2m_UTC+0900_DST0_20190701_170051.825,pohang,pohang,pohang,unlabel,2,/home/ted1204/MS_Detection_Datamaker/MS_datamaker_PH/data/unlabel/1khz_50ns_20deci_2m_UTC+0900_DST0_20190701_170051.825.tdms,1khz_50ns_20deci_2m_UTC+0900_DST0_20190701_170051.825.tdms,1khz_50ns_20deci_2m_UTC+0900_DST0_20190701_170051.825,23.0,25.0,243,648,1000.0
808,pohang__1khz_50ns_20deci_2m_UTC+0900_DST0_20190701_170051.825,pohang,pohang,pohang,unlabel,2,/home/ted1204/MS_Detection_Datamaker/MS_datamaker_PH/data/unlabel/1khz_50ns_20deci_2m_UTC+0900_DST0_20190701_170051.825.tdms,1khz_50ns_20deci_2m_UTC+0900_DST0_20190701_170051.825.tdms,1khz_50ns_20deci_2m_UTC+0900_DST0_20190701_170051.825,27.0,29.0,243,648,1000.0
809,pohang__1khz_50ns_20deci_2m_UTC+0900_DST0_20190701_170051.825,pohang,pohang,pohang,unlabel,2,/home/ted1204/MS_Detection_Datamaker/MS_datamaker_PH/data/unlabel/1khz_50ns_20deci_2m_UTC+0900_DST0_20190701_170051.825.tdms,1khz_50ns_20deci_2m_UTC+0900_DST0_20190701_170051.825.tdms,1khz_50ns_20deci_2m_UTC+0900_DST0_20190701_170051.825,28.0,30.0,243,648,1000.0
810,pohang__1khz_50ns_20deci_2m_UTC+0900_DST0_20190702_005951.825,pohang,pohang,pohang,unlabel,2,/home/ted1204/MS_Detection_Datamaker/MS_datamaker_PH/data/unlabel/1khz_50ns_20deci_2m_UTC+0900_DST0_20190702_005951.825.tdms,1khz_50ns_20deci_2m_UTC+0900_DST0_20190702_005951.825.tdms,1khz_50ns_20deci_2m_UTC+0900_DST0_20190702_005951.825,6.0,8.0,243,648,1000.0
811,pohang__1khz_50ns_20deci_2m_UTC+0900_DST0_20190702_005951.825,pohang,pohang,pohang,unlabel,2,/home/ted1204/MS_Detection_Datamaker/MS_datamaker_PH/data/unlabel/1khz_50ns_20deci_2m_UTC+0900_DST0_20190702_005951.825.tdms,1khz_50ns_20deci_2m_UTC+0900_DST0_20190702_005951.825.tdms,1khz_50ns_20deci_2m_UTC+0900_DST0_20190702_005951.825,10.0,12.0,243,648,1000.0
812,pohang__1khz_50ns_20deci_2m_UTC+0900_DST0_20190702_005951.825,pohang,pohang,pohang,unlabel,2,/home/ted1204/MS_Detection_Datamaker/MS_datamaker_PH/data/unlabel/1khz_50ns_20deci_2m_UTC+0900_DST0_20190702_005951.825.tdms,1khz_50ns_20deci_2m_UTC+0900_DST0_20190702_005951.825.tdms,1khz_50ns_20deci_2m_UTC+0900_DST0_20190702_005951.825,11.0,13.0,243,648,1000.0
813,pohang__1khz_50ns_20deci_2m_UTC+0900_DST0_20190702_005951.825,pohang,pohang,pohang,unlabel,2,/home/ted1204/MS_Detection_Datamaker/MS_datamaker_PH/data/unlabel/1khz_50ns_20deci_2m_UTC+0900_DST0_20190702_005951.825.tdms,1khz_50ns_20deci_2m_UTC+0900_DST0_20190702_005951.825.tdms,1khz_50ns_20deci_2m_UTC+0900_DST0_20190702_005951.825,12.0,14.0,243,648,1000.0
814,pohang__1khz_50ns_20deci_2m_UTC+0900_DST0_20190702_005951.825,pohang,pohang,pohang,unlabel,2,/home/ted1204/MS_Detection_Datamaker/MS_datamaker_PH/data/unlabel/1khz_50ns_20deci_2m_UTC+0900_DST0_20190702_005951.825.tdms,1khz_50ns_20deci_2m_UTC+0900_DST0_20190702_005951.825.tdms,1khz_50ns_20deci_2m_UTC+0900_DST0_20190702_005951.825,13.0,15.0,243,648,1000.0
815,pohang__1khz_50ns_20deci_2m_UTC+0900_DST0_20190702_005951.825,pohang,pohang,pohang,unlabel,2,/home/ted1204/MS_Detection_Datamaker/MS_datamaker_PH/data/unlabel/1khz_50ns_20deci_2m_UTC+0900_DST0_20190702_005951.825.tdms,1khz_50ns_20deci_2m_UTC+0900_DST0_20190702_005951.825.tdms,1khz_50ns_20deci_2m_UTC+0900_DST0_20190702_005951.825,16.0,18.0,243,648,1000.0
816,pohang__1khz_50ns_20deci_2m_UTC+0900_DST0_20190702_005951.825,pohang,pohang,pohang,unlabel,2,/home/ted1204/MS_Detection_Datamaker/MS_datamaker_PH/data/unlabel/1khz_50ns_20deci_2m_UTC+0900_DST0_20190702_005951.825.tdms,1khz_50ns_20deci_2m_UTC+0900_DST0_20190702_005951.825.tdms,1khz_50ns_20deci_2m_UTC+0900_DST0_20190702_005951.825,18.0,20.0,243,648,1000.0
817,pohang__1khz_50ns_20deci_2m_UTC+0900_DST0_20190702_005951.825,pohang,pohang,pohang,unlabel,2,/home/ted1204/MS_Detection_Datamaker/MS_datamaker_PH/data/unlabel/1khz_50ns_20deci_2m_UTC+0900_DST0_20190702_005951.825.tdms,1khz_50ns_20deci_2m_UTC+0900_DST0_20190702_005951.825.tdms,1khz_50ns_20deci_2m_UTC+0900_DST0_20190702_005951.825,19.0,21.0,243,648,1000.0
818,pohang__1khz_50ns_20deci_2m_UTC+0900_DST0_20190702_005951.825,pohang,pohang,pohang,unlabel,2,/home/ted1204/MS_Detection_Datamaker/MS_datamaker_PH/data/unlabel/1khz_50ns_20deci_2m_UTC+0900_DST0_20190702_005951.825.tdms,1khz_50ns_20deci_2m_UTC+0900_DST0_20190702_005951.825.tdms,1khz_50ns_20deci_2m_UTC+0900_DST0_20190702_005951.825,22.0,24.0,243,648,1000.0
819,pohang__1khz_50ns_20deci_2m_UTC+0900_DST0_20190702_005951.825,pohang,pohang,pohang,unlabel,2,/home/ted1204/MS_Detection_Datamaker/MS_datamaker_PH/data/unlabel/1khz_50ns_20deci_2m_UTC+0900_DST0_20190702_005951.825.tdms,1khz_50ns_20deci_2m_UTC+0900_DST0_20190702_005951.825.tdms,1khz_50ns_20deci_2m_UTC+0900_DST0_20190702_005951.825,23.0,25.0,243,648,1000.0
820,pohang__1khz_50ns_20deci_2m_UTC+0900_DST0_20190702_005951.825,pohang,pohang,pohang,unlabel,2,/home/ted1204/MS_Detection_Datamaker/MS_datamaker_PH/data/unlabel/1khz_50ns_20deci_2m_UTC+0900_DST0_20190702_005951.825.tdms,1khz_50ns_20deci_2m_UTC+0900_DST0_20190702_005951.825.tdms,1khz_50ns_20deci_2m_UTC+0900_DST0_20190702_005951.825,24.0,26.0,243,648,1000.0
821,pohang__1khz_50ns_20deci_2m_UTC+0900_DST0_20190702_005951.825,pohang,pohang,pohang,unlabel,2,/home/ted1204/MS_Detection_Datamaker/MS_datamaker_PH/data/unlabel/1khz_50ns_20deci_2m_UTC+0900_DST0_20190702_005951.825.tdms,1khz_50ns_20deci_2m_UTC+0900_DST0_20190702_005951.825.tdms,1khz_50ns_20deci_2m_UTC+0900_DST0_20190702_005951.825,25.0,27.0,243,648,1000.0
822,pohang__1khz_50ns_20deci_2m_UTC+0900_DST0_20190702_005951.825,pohang,pohang,pohang,unlabel,2,/home/ted1204/MS_Detection_Datamaker/MS_datamaker_PH/data/unlabel/1khz_50ns_20deci_2m_UTC+0900_DST0_20190702_005951.825.tdms,1khz_50ns_20deci_2m_UTC+0900_DST0_20190702_005951.825.tdms,1khz_50ns_20deci_2m_UTC+0900_DST0_20190702_005951.825,26.0,28.0,243,648,1000.0
823,pohang__1khz_50ns_20deci_2m_UTC+0900_DST0_20190702_005951.825,pohang,pohang,pohang,unlabel,2,/home/ted1204/MS_Detection_Datamaker/MS_datamaker_PH/data/unlabel/1khz_50ns_20deci_2m_UTC+0900_DST0_20190702_005951.825.tdms,1khz_50ns_20deci_2m_UTC+0900_DST0_20190702_005951.825.tdms,1khz_50ns_20deci_2m_UTC+0900_DST0_20190702_005951.825,27.0,29.0,243,648,1000.0
824,pohang__1khz_50ns_20deci_2m_UTC+0900_DST0_20190702_005951.825,pohang,pohang,pohang,unlabel,2,/home/ted1204/MS_Detection_Datamaker/MS_datamaker_PH/data/unlabel/1khz_50ns_20deci_2m_UTC+0900_DST0_20190702_005951.825.tdms,1khz_50ns_20deci_2m_UTC+0900_DST0_20190702_005951.825.tdms,1khz_50ns_20deci_2m_UTC+0900_DST0_20190702_005951.825,28.0,30.0,243,648,1000.0
825,pohang__1khz_50ns_20deci_2m_UTC+0900_DST0_20190702_053421.825,pohang,pohang,pohang,unlabel,2,/home/ted1204/MS_Detection_Datamaker/MS_datamaker_PH/data/unlabel/1khz_50ns_20deci_2m_UTC+0900_DST0_20190702_053421.825.tdms,1khz_50ns_20deci_2m_UTC+0900_DST0_20190702_053421.825.tdms,1khz_50ns_20deci_2m_UTC+0900_DST0_20190702_053421.825,1.0,3.0,243,648,1000.0
826,pohang__1khz_50ns_20deci_2m_UTC+0900_DST0_20190702_053421.825,pohang,pohang,pohang,unlabel,2,/home/ted1204/MS_Detection_Datamaker/MS_datamaker_PH/data/unlabel/1khz_50ns_20deci_2m_UTC+0900_DST0_20190702_053421.825.tdms,1khz_50ns_20deci_2m_UTC+0900_DST0_20190702_053421.825.tdms,1khz_50ns_20deci_2m_UTC+0900_DST0_20190702_053421.825,6.0,8.0,243,648,1000.0
827,pohang__1khz_50ns_20deci_2m_UTC+0900_DST0_20190702_053421.825,pohang,pohang,pohang,unlabel,2,/home/ted1204/MS_Detection_Datamaker/MS_datamaker_PH/data/unlabel/1khz_50ns_20deci_2m_UTC+0900_DST0_20190702_053421.825.tdms,1khz_50ns_20deci_2m_UTC+0900_DST0_20190702_053421.825.tdms,1khz_50ns_20deci_2m_UTC+0900_DST0_20190702_053421.825,8.0,10.0,243,648,1000.0
828,pohang__1khz_50ns_20deci_2m_UTC+0900_DST0_20190702_053421.825,pohang,pohang,pohang,unlabel,2,/home/ted1204/MS_Detection_Datamaker/MS_datamaker_PH/data/unlabel/1khz_50ns_20deci_2m_UTC+0900_DST0_20190702_053421.825.tdms,1khz_50ns_20deci_2m_UTC+0900_DST0_20190702_053421.825.tdms,1khz_50ns_20deci_2m_UTC+0900_DST0_20190702_053421.825,9.0,11.0,243,648,1000.0
829,pohang__1khz_50ns_20deci_2m_UTC+0900_DST0_20190702_053421.825,pohang,pohang,pohang,unlabel,2,/home/ted1204/MS_Detection_Datamaker/MS_datamaker_PH/data/unlabel/1khz_50ns_20deci_2m_UTC+0900_DST0_20190702_053421.825.tdms,1khz_50ns_20deci_2m_UTC+0900_DST0_20190702_053421.825.tdms,1khz_50ns_20deci_2m_UTC+0900_DST0_20190702_053421.825,10.0,12.0,243,648,1000.0
830,pohang__1khz_50ns_20deci_2m_UTC+0900_DST0_20190702_053421.825,pohang,pohang,pohang,unlabel,2,/home/ted1204/MS_Detection_Datamaker/MS_datamaker_PH/data/unlabel/1khz_50ns_20deci_2m_UTC+0900_DST0_20190702_053421.825.tdms,1khz_50ns_20deci_2m_UTC+0900_DST0_20190702_053421.825.tdms,1khz_50ns_20deci_2m_UTC+0900_DST0_20190702_053421.825,12.0,14.0,243,648,1000.0
831,pohang__1khz_50ns_20deci_2m_UTC+0900_DST0_20190702_053421.825,pohang,pohang,pohang,unlabel,2,/home/ted1204/MS_Detection_Datamaker/MS_datamaker_PH/data/unlabel/1khz_50ns_20deci_2m_UTC+0900_DST0_20190702_053421.825.tdms,1khz_50ns_20deci_2m_UTC+0900_DST0_20190702_053421.825.tdms,1khz_50ns_20deci_2m_UTC+0900_DST0_20190702_053421.825,14.0,16.0,243,648,1000.0
832,pohang__1khz_50ns_20deci_2m_UTC+0900_DST0_20190702_053421.825,pohang,pohang,pohang,unlabel,2,/home/ted1204/MS_Detection_Datamaker/MS_datamaker_PH/data/unlabel/1khz_50ns_20deci_2m_UTC+0900_DST0_20190702_053421.825.tdms,1khz_50ns_20deci_2m_UTC+0900_DST0_20190702_053421.825.tdms,1khz_50ns_20deci_2m_UTC+0900_DST0_20190702_053421.825,15.0,17.0,243,648,1000.0
833,pohang__1khz_50ns_20deci_2m_UTC+0900_DST0_20190702_053421.825,pohang,pohang,pohang,unlabel,2,/home/ted1204/MS_Detection_Datamaker/MS_datamaker_PH/data/unlabel/1khz_50ns_20deci_2m_UTC+0900_DST0_20190702_053421.825.tdms,1khz_50ns_20deci_2m_UTC+0900_DST0_20190702_053421.825.tdms,1khz_50ns_20deci_2m_UTC+0900_DST0_20190702_053421.825,16.0,18.0,243,648,1000.0
834,pohang__1khz_50ns_20deci_2m_UTC+0900_DST0_20190702_053421.825,pohang,pohang,pohang,unlabel,2,/home/ted1204/MS_Detection_Datamaker/MS_datamaker_PH/data/unlabel/1khz_50ns_20deci_2m_UTC+0900_DST0_20190702_053421.825.tdms,1khz_50ns_20deci_2m_UTC+0900_DST0_20190702_053421.825.tdms,1khz_50ns_20deci_2m_UTC+0900_DST0_20190702_053421.825,18.0,20.0,243,648,1000.0
835,pohang__1khz_50ns_20deci_2m_UTC+0900_DST0_20190702_053421.825,pohang,pohang,pohang,unlabel,2,/home/ted1204/MS_Detection_Datamaker/MS_datamaker_PH/data/unlabel/1khz_50ns_20deci_2m_UTC+0900_DST0_20190702_053421.825.tdms,1khz_50ns_20deci_2m_UTC+0900_DST0_20190702_053421.825.tdms,1khz_50ns_20deci_2m_UTC+0900_DST0_20190702_053421.825,19.0,21.0,243,648,1000.0
836,pohang__1khz_50ns_20deci_2m_UTC+0900_DST0_20190702_053421.825,pohang,pohang,pohang,unlabel,2,/home/ted1204/MS_Detection_Datamaker/MS_datamaker_PH/data/unlabel/1khz_50ns_20deci_2m_UTC+0900_DST0_20190702_053421.825.tdms,1khz_50ns_20deci_2m_UTC+0900_DST0_20190702_053421.825.tdms,1khz_50ns_20deci_2m_UTC+0900_DST0_20190702_053421.825,20.0,22.0,243,648,1000.0
837,pohang__1khz_50ns_20deci_2m_UTC+0900_DST0_20190702_053421.825,pohang,pohang,pohang,unlabel,2,/home/ted1204/MS_Detection_Datamaker/MS_datamaker_PH/data/unlabel/1khz_50ns_20deci_2m_UTC+0900_DST0_20190702_053421.825.tdms,1khz_50ns_20deci_2m_UTC+0900_DST0_20190702_053421.825.tdms,1khz_50ns_20deci_2m_UTC+0900_DST0_20190702_053421.825,22.0,24.0,243,648,1000.0
838,pohang__1khz_50ns_20deci_2m_UTC+0900_DST0_20190702_053421.825,pohang,pohang,pohang,unlabel,2,/home/ted1204/MS_Detection_Datamaker/MS_datamaker_PH/data/unlabel/1khz_50ns_20deci_2m_UTC+0900_DST0_20190702_053421.825.tdms,1khz_50ns_20deci_2m_UTC+0900_DST0_20190702_053421.825.tdms,1khz_50ns_20deci_2m_UTC+0900_DST0_20190702_053421.825,23.0,25.0,243,648,1000.0
839,pohang__1khz_50ns_20deci_2m_UTC+0900_DST0_20190702_053421.825,pohang,pohang,pohang,unlabel,2,/home/ted1204/MS_Detection_Datamaker/MS_datamaker_PH/data/unlabel/1khz_50ns_20deci_2m_UTC+0900_DST0_20190702_053421.825.tdms,1khz_50ns_20deci_2m_UTC+0900_DST0_20190702_053421.825.tdms,1khz_50ns_20deci_2m_UTC+0900_DST0_20190702_053421.825,27.0,29.0,243,648,1000.0
840,pohang__1khz_50ns_20deci_2m_UTC+0900_DST0_20190703_104451.825,pohang,pohang,pohang,unlabel,2,/home/ted1204/MS_Detection_Datamaker/MS_datamaker_PH/data/unlabel/1khz_50ns_20deci_2m_UTC+0900_DST0_20190703_104451.825.tdms,1khz_50ns_20deci_2m_UTC+0900_DST0_20190703_104451.825.tdms,1khz_50ns_20deci_2m_UTC+0900_DST0_20190703_104451.825,2.0,4.0,243,648,1000.0
841,pohang__1khz_50ns_20deci_2m_UTC+0900_DST0_20190703_104451.825,pohang,pohang,pohang,unlabel,2,/home/ted1204/MS_Detection_Datamaker/MS_datamaker_PH/data/unlabel/1khz_50ns_20deci_2m_UTC+0900_DST0_20190703_104451.825.tdms,1khz_50ns_20deci_2m_UTC+0900_DST0_20190703_104451.825.tdms,1khz_50ns_20deci_2m_UTC+0900_DST0_20190703_104451.825,3.0,5.0,243,648,1000.0
842,pohang__1khz_50ns_20deci_2m_UTC+0900_DST0_20190703_104451.825,pohang,pohang,pohang,unlabel,2,/home/ted1204/MS_Detection_Datamaker/MS_datamaker_PH/data/unlabel/1khz_50ns_20deci_2m_UTC+0900_DST0_20190703_104451.825.tdms,1khz_50ns_20deci_2m_UTC+0900_DST0_20190703_104451.825.tdms,1khz_50ns_20deci_2m_UTC+0900_DST0_20190703_104451.825,7.0,9.0,243,648,1000.0
843,pohang__1khz_50ns_20deci_2m_UTC+0900_DST0_20190703_104451.825,pohang,pohang,pohang,unlabel,2,/home/ted1204/MS_Detection_Datamaker/MS_datamaker_PH/data/unlabel/1khz_50ns_20deci_2m_UTC+0900_DST0_20190703_104451.825.tdms,1khz_50ns_20deci_2m_UTC+0900_DST0_20190703_104451.825.tdms,1khz_50ns_20deci_2m_UTC+0900_DST0_20190703_104451.825,8.0,10.0,243,648,1000.0
844,pohang__1khz_50ns_20deci_2m_UTC+0900_DST0_20190703_104451.825,pohang,pohang,pohang,unlabel,2,/home/ted1204/MS_Detection_Datamaker/MS_datamaker_PH/data/unlabel/1khz_50ns_20deci_2m_UTC+0900_DST0_20190703_104451.825.tdms,1khz_50ns_20deci_2m_UTC+0900_DST0_20190703_104451.825.tdms,1khz_50ns_20deci_2m_UTC+0900_DST0_20190703_104451.825,9.0,11.0,243,648,1000.0
845,pohang__1khz_50ns_20deci_2m_UTC+0900_DST0_20190703_104451.825,pohang,pohang,pohang,unlabel,2,/home/ted1204/MS_Detection_Datamaker/MS_datamaker_PH/data/unlabel/1khz_50ns_20deci_2m_UTC+0900_DST0_20190703_104451.825.tdms,1khz_50ns_20deci_2m_UTC+0900_DST0_20190703_104451.825.tdms,1khz_50ns_20deci_2m_UTC+0900_DST0_20190703_104451.825,10.0,12.0,243,648,1000.0
846,pohang__1khz_50ns_20deci_2m_UTC+0900_DST0_20190703_104451.825,pohang,pohang,pohang,unlabel,2,/home/ted1204/MS_Detection_Datamaker/MS_datamaker_PH/data/unlabel/1khz_50ns_20deci_2m_UTC+0900_DST0_20190703_104451.825.tdms,1khz_50ns_20deci_2m_UTC+0900_DST0_20190703_104451.825.tdms,1khz_50ns_20deci_2m_UTC+0900_DST0_20190703_104451.825,11.0,13.0,243,648,1000.0
847,pohang__1khz_50ns_20deci_2m_UTC+0900_DST0_20190703_104451.825,pohang,pohang,pohang,unlabel,2,/home/ted1204/MS_Detection_Datamaker/MS_datamaker_PH/data/unlabel/1khz_50ns_20deci_2m_UTC+0900_DST0_20190703_104451.825.tdms,1khz_50ns_20deci_2m_UTC+0900_DST0_20190703_104451.825.tdms,1khz_50ns_20deci_2m_UTC+0900_DST0_20190703_104451.825,13.0,15.0,243,648,1000.0
848,pohang__1khz_50ns_20deci_2m_UTC+0900_DST0_20190703_104451.825,pohang,pohang,pohang,unlabel,2,/home/ted1204/MS_Detection_Datamaker/MS_datamaker_PH/data/unlabel/1khz_50ns_20deci_2m_UTC+0900_DST0_20190703_104451.825.tdms,1khz_50ns_20deci_2m_UTC+0900_DST0_20190703_104451.825.tdms,1khz_50ns_20deci_2m_UTC+0900_DST0_20190703_104451.825,16.0,18.0,243,648,1000.0
849,pohang__1khz_50ns_20deci_2m_UTC+0900_DST0_20190703_104451.825,pohang,pohang,pohang,unlabel,2,/home/ted1204/MS_Detection_Datamaker/MS_datamaker_PH/data/unlabel/1khz_50ns_20deci_2m_UTC+0900_DST0_20190703_104451.825.tdms,1khz_50ns_20deci_2m_UTC+0900_DST0_20190703_104451.825.tdms,1khz_50ns_20deci_2m_UTC+0900_DST0_20190703_104451.825,17.0,19.0,243,648,1000.0
850,pohang__1khz_50ns_20deci_2m_UTC+0900_DST0_20190703_104451.825,pohang,pohang,pohang,unlabel,2,/home/ted1204/MS_Detection_Datamaker/MS_datamaker_PH/data/unlabel/1khz_50ns_20deci_2m_UTC+0900_DST0_20190703_104451.825.tdms,1khz_50ns_20deci_2m_UTC+0900_DST0_20190703_104451.825.tdms,1khz_50ns_20deci_2m_UTC+0900_DST0_20190703_104451.825,20.0,22.0,243,648,1000.0
851,pohang__1khz_50ns_20deci_2m_UTC+0900_DST0_20190703_104451.825,pohang,pohang,pohang,unlabel,2,/home/ted1204/MS_Detection_Datamaker/MS_datamaker_PH/data/unlabel/1khz_50ns_20deci_2m_UTC+0900_DST0_20190703_104451.825.tdms,1khz_50ns_20deci_2m_UTC+0900_DST0_20190703_104451.825.tdms,1khz_50ns_20deci_2m_UTC+0900_DST0_20190703_104451.825,22.0,24.0,243,648,1000.0
852,pohang__1khz_50ns_20deci_2m_UTC+0900_DST0_20190703_104451.825,pohang,pohang,pohang,unlabel,2,/home/ted1204/MS_Detection_Datamaker/MS_datamaker_PH/data/unlabel/1khz_50ns_20deci_2m_UTC+0900_DST0_20190703_104451.825.tdms,1khz_50ns_20deci_2m_UTC+0900_DST0_20190703_104451.825.tdms,1khz_50ns_20deci_2m_UTC+0900_DST0_20190703_104451.825,24.0,26.0,243,648,1000.0
853,pohang__1khz_50ns_20deci_2m_UTC+0900_DST0_20190703_104451.825,pohang,pohang,pohang,unlabel,2,/home/ted1204/MS_Detection_Datamaker/MS_datamaker_PH/data/unlabel/1khz_50ns_20deci_2m_UTC+0900_DST0_20190703_104451.825.tdms,1khz_50ns_20deci_2m_UTC+0900_DST0_20190703_104451.825.tdms,1khz_50ns_20deci_2m_UTC+0900_DST0_20190703_104451.825,25.0,27.0,243,648,1000.0
854,pohang__1khz_50ns_20deci_2m_UTC+0900_DST0_20190703_104451.825,pohang,pohang,pohang,unlabel,2,/home/ted1204/MS_Detection_Datamaker/MS_datamaker_PH/data/unlabel/1khz_50ns_20deci_2m_UTC+0900_DST0_20190703_104451.825.tdms,1khz_50ns_20deci_2m_UTC+0900_DST0_20190703_104451.825.tdms,1khz_50ns_20deci_2m_UTC+0900_DST0_20190703_104451.825,28.0,30.0,243,648,1000.0
855,pohang__1khz_50ns_20deci_2m_UTC+0900_DST0_20190703_133321.825,pohang,pohang,pohang,unlabel,2,/home/ted1204/MS_Detection_Datamaker/MS_datamaker_PH/data/unlabel/1khz_50ns_20deci_2m_UTC+0900_DST0_20190703_133321.825.tdms,1khz_50ns_20deci_2m_UTC+0900_DST0_20190703_133321.825.tdms,1khz_50ns_20deci_2m_UTC+0900_DST0_20190703_133321.825,0.0,2.0,243,648,1000.0
856,pohang__1khz_50ns_20deci_2m_UTC+0900_DST0_20190703_133321.825,pohang,pohang,pohang,unlabel,2,/home/ted1204/MS_Detection_Datamaker/MS_datamaker_PH/data/unlabel/1khz_50ns_20deci_2m_UTC+0900_DST0_20190703_133321.825.tdms,1khz_50ns_20deci_2m_UTC+0900_DST0_20190703_133321.825.tdms,1khz_50ns_20deci_2m_UTC+0900_DST0_20190703_133321.825,2.0,4.0,243,648,1000.0
857,pohang__1khz_50ns_20deci_2m_UTC+0900_DST0_20190703_133321.825,pohang,pohang,pohang,unlabel,2,/home/ted1204/MS_Detection_Datamaker/MS_datamaker_PH/data/unlabel/1khz_50ns_20deci_2m_UTC+0900_DST0_20190703_133321.825.tdms,1khz_50ns_20deci_2m_UTC+0900_DST0_20190703_133321.825.tdms,1khz_50ns_20deci_2m_UTC+0900_DST0_20190703_133321.825,5.0,7.0,243,648,1000.0
858,pohang__1khz_50ns_20deci_2m_UTC+0900_DST0_20190703_133321.825,pohang,pohang,pohang,unlabel,2,/home/ted1204/MS_Detection_Datamaker/MS_datamaker_PH/data/unlabel/1khz_50ns_20deci_2m_UTC+0900_DST0_20190703_133321.825.tdms,1khz_50ns_20deci_2m_UTC+0900_DST0_20190703_133321.825.tdms,1khz_50ns_20deci_2m_UTC+0900_DST0_20190703_133321.825,6.0,8.0,243,648,1000.0
859,pohang__1khz_50ns_20deci_2m_UTC+0900_DST0_20190703_133321.825,pohang,pohang,pohang,unlabel,2,/home/ted1204/MS_Detection_Datamaker/MS_datamaker_PH/data/unlabel/1khz_50ns_20deci_2m_UTC+0900_DST0_20190703_133321.825.tdms,1khz_50ns_20deci_2m_UTC+0900_DST0_20190703_133321.825.tdms,1khz_50ns_20deci_2m_UTC+0900_DST0_20190703_133321.825,7.0,9.0,243,648,1000.0
860,pohang__1khz_50ns_20deci_2m_UTC+0900_DST0_20190703_133321.825,pohang,pohang,pohang,unlabel,2,/home/ted1204/MS_Detection_Datamaker/MS_datamaker_PH/data/unlabel/1khz_50ns_20deci_2m_UTC+0900_DST0_20190703_133321.825.tdms,1khz_50ns_20deci_2m_UTC+0900_DST0_20190703_133321.825.tdms,1khz_50ns_20deci_2m_UTC+0900_DST0_20190703_133321.825,10.0,12.0,243,648,1000.0
861,pohang__1khz_50ns_20deci_2m_UTC+0900_DST0_20190703_133321.825,pohang,pohang,pohang,unlabel,2,/home/ted1204/MS_Detection_Datamaker/MS_datamaker_PH/data/unlabel/1khz_50ns_20deci_2m_UTC+0900_DST0_20190703_133321.825.tdms,1khz_50ns_20deci_2m_UTC+0900_DST0_20190703_133321.825.tdms,1khz_50ns_20deci_2m_UTC+0900_DST0_20190703_133321.825,11.0,13.0,243,648,1000.0
862,pohang__1khz_50ns_20deci_2m_UTC+0900_DST0_20190703_133321.825,pohang,pohang,pohang,unlabel,2,/home/ted1204/MS_Detection_Datamaker/MS_datamaker_PH/data/unlabel/1khz_50ns_20deci_2m_UTC+0900_DST0_20190703_133321.825.tdms,1khz_50ns_20deci_2m_UTC+0900_DST0_20190703_133321.825.tdms,1khz_50ns_20deci_2m_UTC+0900_DST0_20190703_133321.825,13.0,15.0,243,648,1000.0
863,pohang__1khz_50ns_20deci_2m_UTC+0900_DST0_20190703_133321.825,pohang,pohang,pohang,unlabel,2,/home/ted1204/MS_Detection_Datamaker/MS_datamaker_PH/data/unlabel/1khz_50ns_20deci_2m_UTC+0900_DST0_20190703_133321.825.tdms,1khz_50ns_20deci_2m_UTC+0900_DST0_20190703_133321.825.tdms,1khz_50ns_20deci_2m_UTC+0900_DST0_20190703_133321.825,15.0,17.0,243,648,1000.0
864,pohang__1khz_50ns_20deci_2m_UTC+0900_DST0_20190703_133321.825,pohang,pohang,pohang,unlabel,2,/home/ted1204/MS_Detection_Datamaker/MS_datamaker_PH/data/unlabel/1khz_50ns_20deci_2m_UTC+0900_DST0_20190703_133321.825.tdms,1khz_50ns_20deci_2m_UTC+0900_DST0_20190703_133321.825.tdms,1khz_50ns_20deci_2m_UTC+0900_DST0_20190703_133321.825,18.0,20.0,243,648,1000.0
865,pohang__1khz_50ns_20deci_2m_UTC+0900_DST0_20190703_133321.825,pohang,pohang,pohang,unlabel,2,/home/ted1204/MS_Detection_Datamaker/MS_datamaker_PH/data/unlabel/1khz_50ns_20deci_2m_UTC+0900_DST0_20190703_133321.825.tdms,1khz_50ns_20deci_2m_UTC+0900_DST0_20190703_133321.825.tdms,1khz_50ns_20deci_2m_UTC+0900_DST0_20190703_133321.825,19.0,21.0,243,648,1000.0
866,pohang__1khz_50ns_20deci_2m_UTC+0900_DST0_20190703_133321.825,pohang,pohang,pohang,unlabel,2,/home/ted1204/MS_Detection_Datamaker/MS_datamaker_PH/data/unlabel/1khz_50ns_20deci_2m_UTC+0900_DST0_20190703_133321.825.tdms,1khz_50ns_20deci_2m_UTC+0900_DST0_20190703_133321.825.tdms,1khz_50ns_20deci_2m_UTC+0900_DST0_20190703_133321.825,20.0,22.0,243,648,1000.0
867,pohang__1khz_50ns_20deci_2m_UTC+0900_DST0_20190703_133321.825,pohang,pohang,pohang,unlabel,2,/home/ted1204/MS_Detection_Datamaker/MS_datamaker_PH/data/unlabel/1khz_50ns_20deci_2m_UTC+0900_DST0_20190703_133321.825.tdms,1khz_50ns_20deci_2m_UTC+0900_DST0_20190703_133321.825.tdms,1khz_50ns_20deci_2m_UTC+0900_DST0_20190703_133321.825,24.0,26.0,243,648,1000.0
868,pohang__1khz_50ns_20deci_2m_UTC+0900_DST0_20190703_133321.825,pohang,pohang,pohang,unlabel,2,/home/ted1204/MS_Detection_Datamaker/MS_datamaker_PH/data/unlabel/1khz_50ns_20deci_2m_UTC+0900_DST0_20190703_133321.825.tdms,1khz_50ns_20deci_2m_UTC+0900_DST0_20190703_133321.825.tdms,1khz_50ns_20deci_2m_UTC+0900_DST0_20190703_133321.825,26.0,28.0,243,648,1000.0
869,pohang__1khz_50ns_20deci_2m_UTC+0900_DST0_20190703_133321.825,pohang,pohang,pohang,unlabel,2,/home/ted1204/MS_Detection_Datamaker/MS_datamaker_PH/data/unlabel/1khz_50ns_20deci_2m_UTC+0900_DST0_20190703_133321.825.tdms,1khz_50ns_20deci_2m_UTC+0900_DST0_20190703_133321.825.tdms,1khz_50ns_20deci_2m_UTC+0900_DST0_20190703_133321.825,28.0,30.0,243,648,1000.0
870,pohang__1khz_50ns_20deci_2m_UTC+0900_DST0_20190703_173251.825,pohang,pohang,pohang,unlabel,2,/home/ted1204/MS_Detection_Datamaker/MS_datamaker_PH/data/unlabel/1khz_50ns_20deci_2m_UTC+0900_DST0_20190703_173251.825.tdms,1khz_50ns_20deci_2m_UTC+0900_DST0_20190703_173251.825.tdms,1khz_50ns_20deci_2m_UTC+0900_DST0_20190703_173251.825,1.0,3.0,243,648,1000.0
871,pohang__1khz_50ns_20deci_2m_UTC+0900_DST0_20190703_173251.825,pohang,pohang,pohang,unlabel,2,/home/ted1204/MS_Detection_Datamaker/MS_datamaker_PH/data/unlabel/1khz_50ns_20deci_2m_UTC+0900_DST0_20190703_173251.825.tdms,1khz_50ns_20deci_2m_UTC+0900_DST0_20190703_173251.825.tdms,1khz_50ns_20deci_2m_UTC+0900_DST0_20190703_173251.825,3.0,5.0,243,648,1000.0
872,pohang__1khz_50ns_20deci_2m_UTC+0900_DST0_20190703_173251.825,pohang,pohang,pohang,unlabel,2,/home/ted1204/MS_Detection_Datamaker/MS_datamaker_PH/data/unlabel/1khz_50ns_20deci_2m_UTC+0900_DST0_20190703_173251.825.tdms,1khz_50ns_20deci_2m_UTC+0900_DST0_20190703_173251.825.tdms,1khz_50ns_20deci_2m_UTC+0900_DST0_20190703_173251.825,4.0,6.0,243,648,1000.0
873,pohang__1khz_50ns_20deci_2m_UTC+0900_DST0_20190703_173251.825,pohang,pohang,pohang,unlabel,2,/home/ted1204/MS_Detection_Datamaker/MS_datamaker_PH/data/unlabel/1khz_50ns_20deci_2m_UTC+0900_DST0_20190703_173251.825.tdms,1khz_50ns_20deci_2m_UTC+0900_DST0_20190703_173251.825.tdms,1khz_50ns_20deci_2m_UTC+0900_DST0_20190703_173251.825,5.0,7.0,243,648,1000.0
874,pohang__1khz_50ns_20deci_2m_UTC+0900_DST0_20190703_173251.825,pohang,pohang,pohang,unlabel,2,/home/ted1204/MS_Detection_Datamaker/MS_datamaker_PH/data/unlabel/1khz_50ns_20deci_2m_UTC+0900_DST0_20190703_173251.825.tdms,1khz_50ns_20deci_2m_UTC+0900_DST0_20190703_173251.825.tdms,1khz_50ns_20deci_2m_UTC+0900_DST0_20190703_173251.825,6.0,8.0,243,648,1000.0
875,pohang__1khz_50ns_20deci_2m_UTC+0900_DST0_20190703_173251.825,pohang,pohang,pohang,unlabel,2,/home/ted1204/MS_Detection_Datamaker/MS_datamaker_PH/data/unlabel/1khz_50ns_20deci_2m_UTC+0900_DST0_20190703_173251.825.tdms,1khz_50ns_20deci_2m_UTC+0900_DST0_20190703_173251.825.tdms,1khz_50ns_20deci_2m_UTC+0900_DST0_20190703_173251.825,8.0,10.0,243,648,1000.0
876,pohang__1khz_50ns_20deci_2m_UTC+0900_DST0_20190703_173251.825,pohang,pohang,pohang,unlabel,2,/home/ted1204/MS_Detection_Datamaker/MS_datamaker_PH/data/unlabel/1khz_50ns_20deci_2m_UTC+0900_DST0_20190703_173251.825.tdms,1khz_50ns_20deci_2m_UTC+0900_DST0_20190703_173251.825.tdms,1khz_50ns_20deci_2m_UTC+0900_DST0_20190703_173251.825,9.0,11.0,243,648,1000.0
877,pohang__1khz_50ns_20deci_2m_UTC+0900_DST0_20190703_173251.825,pohang,pohang,pohang,unlabel,2,/home/ted1204/MS_Detection_Datamaker/MS_datamaker_PH/data/unlabel/1khz_50ns_20deci_2m_UTC+0900_DST0_20190703_173251.825.tdms,1khz_50ns_20deci_2m_UTC+0900_DST0_20190703_173251.825.tdms,1khz_50ns_20deci_2m_UTC+0900_DST0_20190703_173251.825,12.0,14.0,243,648,1000.0
878,pohang__1khz_50ns_20deci_2m_UTC+0900_DST0_20190703_173251.825,pohang,pohang,pohang,unlabel,2,/home/ted1204/MS_Detection_Datamaker/MS_datamaker_PH/data/unlabel/1khz_50ns_20deci_2m_UTC+0900_DST0_20190703_173251.825.tdms,1khz_50ns_20deci_2m_UTC+0900_DST0_20190703_173251.825.tdms,1khz_50ns_20deci_2m_UTC+0900_DST0_20190703_173251.825,14.0,16.0,243,648,1000.0
879,pohang__1khz_50ns_20deci_2m_UTC+0900_DST0_20190703_173251.825,pohang,pohang,pohang,unlabel,2,/home/ted1204/MS_Detection_Datamaker/MS_datamaker_PH/data/unlabel/1khz_50ns_20deci_2m_UTC+0900_DST0_20190703_173251.825.tdms,1khz_50ns_20deci_2m_UTC+0900_DST0_20190703_173251.825.tdms,1khz_50ns_20deci_2m_UTC+0900_DST0_20190703_173251.825,16.0,18.0,243,648,1000.0
880,pohang__1khz_50ns_20deci_2m_UTC+0900_DST0_20190703_173251.825,pohang,pohang,pohang,unlabel,2,/home/ted1204/MS_Detection_Datamaker/MS_datamaker_PH/data/unlabel/1khz_50ns_20deci_2m_UTC+0900_DST0_20190703_173251.825.tdms,1khz_50ns_20deci_2m_UTC+0900_DST0_20190703_173251.825.tdms,1khz_50ns_20deci_2m_UTC+0900_DST0_20190703_173251.825,23.0,25.0,243,648,1000.0
881,pohang__1khz_50ns_20deci_2m_UTC+0900_DST0_20190703_173251.825,pohang,pohang,pohang,unlabel,2,/home/ted1204/MS_Detection_Datamaker/MS_datamaker_PH/data/unlabel/1khz_50ns_20deci_2m_UTC+0900_DST0_20190703_173251.825.tdms,1khz_50ns_20deci_2m_UTC+0900_DST0_20190703_173251.825.tdms,1khz_50ns_20deci_2m_UTC+0900_DST0_20190703_173251.825,24.0,26.0,243,648,1000.0
882,pohang__1khz_50ns_20deci_2m_UTC+0900_DST0_20190703_173251.825,pohang,pohang,pohang,unlabel,2,/home/ted1204/MS_Detection_Datamaker/MS_datamaker_PH/data/unlabel/1khz_50ns_20deci_2m_UTC+0900_DST0_20190703_173251.825.tdms,1khz_50ns_20deci_2m_UTC+0900_DST0_20190703_173251.825.tdms,1khz_50ns_20deci_2m_UTC+0900_DST0_20190703_173251.825,25.0,27.0,243,648,1000.0
883,pohang__1khz_50ns_20deci_2m_UTC+0900_DST0_20190703_173251.825,pohang,pohang,pohang,unlabel,2,/home/ted1204/MS_Detection_Datamaker/MS_datamaker_PH/data/unlabel/1khz_50ns_20deci_2m_UTC+0900_DST0_20190703_173251.825.tdms,1khz_50ns_20deci_2m_UTC+0900_DST0_20190703_173251.825.tdms,1khz_50ns_20deci_2m_UTC+0900_DST0_20190703_173251.825,27.0,29.0,243,648,1000.0
884,pohang__1khz_50ns_20deci_2m_UTC+0900_DST0_20190703_173251.825,pohang,pohang,pohang,unlabel,2,/home/ted1204/MS_Detection_Datamaker/MS_datamaker_PH/data/unlabel/1khz_50ns_20deci_2m_UTC+0900_DST0_20190703_173251.825.tdms,1khz_50ns_20deci_2m_UTC+0900_DST0_20190703_173251.825.tdms,1khz_50ns_20deci_2m_UTC+0900_DST0_20190703_173251.825,28.0,30.0,243,648,1000.0
885,pohang__1khz_50ns_20deci_2m_UTC+0900_DST0_20190703_185321.825,pohang,pohang,pohang,unlabel,2,/home/ted1204/MS_Detection_Datamaker/MS_datamaker_PH/data/unlabel/1khz_50ns_20deci_2m_UTC+0900_DST0_20190703_185321.825.tdms,1khz_50ns_20deci_2m_UTC+0900_DST0_20190703_185321.825.tdms,1khz_50ns_20deci_2m_UTC+0900_DST0_20190703_185321.825,0.0,2.0,243,648,1000.0
886,pohang__1khz_50ns_20deci_2m_UTC+0900_DST0_20190703_185321.825,pohang,pohang,pohang,unlabel,2,/home/ted1204/MS_Detection_Datamaker/MS_datamaker_PH/data/unlabel/1khz_50ns_20deci_2m_UTC+0900_DST0_20190703_185321.825.tdms,1khz_50ns_20deci_2m_UTC+0900_DST0_20190703_185321.825.tdms,1khz_50ns_20deci_2m_UTC+0900_DST0_20190703_185321.825,2.0,4.0,243,648,1000.0
887,pohang__1khz_50ns_20deci_2m_UTC+0900_DST0_20190703_185321.825,pohang,pohang,pohang,unlabel,2,/home/ted1204/MS_Detection_Datamaker/MS_datamaker_PH/data/unlabel/1khz_50ns_20deci_2m_UTC+0900_DST0_20190703_185321.825.tdms,1khz_50ns_20deci_2m_UTC+0900_DST0_20190703_185321.825.tdms,1khz_50ns_20deci_2m_UTC+0900_DST0_20190703_185321.825,3.0,5.0,243,648,1000.0
888,pohang__1khz_50ns_20deci_2m_UTC+0900_DST0_20190703_185321.825,pohang,pohang,pohang,unlabel,2,/home/ted1204/MS_Detection_Datamaker/MS_datamaker_PH/data/unlabel/1khz_50ns_20deci_2m_UTC+0900_DST0_20190703_185321.825.tdms,1khz_50ns_20deci_2m_UTC+0900_DST0_20190703_185321.825.tdms,1khz_50ns_20deci_2m_UTC+0900_DST0_20190703_185321.825,6.0,8.0,243,648,1000.0
889,pohang__1khz_50ns_20deci_2m_UTC+0900_DST0_20190703_185321.825,pohang,pohang,pohang,unlabel,2,/home/ted1204/MS_Detection_Datamaker/MS_datamaker_PH/data/unlabel/1khz_50ns_20deci_2m_UTC+0900_DST0_20190703_185321.825.tdms,1khz_50ns_20deci_2m_UTC+0900_DST0_20190703_185321.825.tdms,1khz_50ns_20deci_2m_UTC+0900_DST0_20190703_185321.825,10.0,12.0,243,648,1000.0
890,pohang__1khz_50ns_20deci_2m_UTC+0900_DST0_20190703_185321.825,pohang,pohang,pohang,unlabel,2,/home/ted1204/MS_Detection_Datamaker/MS_datamaker_PH/data/unlabel/1khz_50ns_20deci_2m_UTC+0900_DST0_20190703_185321.825.tdms,1khz_50ns_20deci_2m_UTC+0900_DST0_20190703_185321.825.tdms,1khz_50ns_20deci_2m_UTC+0900_DST0_20190703_185321.825,11.0,13.0,243,648,1000.0
891,pohang__1khz_50ns_20deci_2m_UTC+0900_DST0_20190703_185321.825,pohang,pohang,pohang,unlabel,2,/home/ted1204/MS_Detection_Datamaker/MS_datamaker_PH/data/unlabel/1khz_50ns_20deci_2m_UTC+0900_DST0_20190703_185321.825.tdms,1khz_50ns_20deci_2m_UTC+0900_DST0_20190703_185321.825.tdms,1khz_50ns_20deci_2m_UTC+0900_DST0_20190703_185321.825,13.0,15.0,243,648,1000.0
892,pohang__1khz_50ns_20deci_2m_UTC+0900_DST0_20190703_185321.825,pohang,pohang,pohang,unlabel,2,/home/ted1204/MS_Detection_Datamaker/MS_datamaker_PH/data/unlabel/1khz_50ns_20deci_2m_UTC+0900_DST0_20190703_185321.825.tdms,1khz_50ns_20deci_2m_UTC+0900_DST0_20190703_185321.825.tdms,1khz_50ns_20deci_2m_UTC+0900_DST0_20190703_185321.825,14.0,16.0,243,648,1000.0
893,pohang__1khz_50ns_20deci_2m_UTC+0900_DST0_20190703_185321.825,pohang,pohang,pohang,unlabel,2,/home/ted1204/MS_Detection_Datamaker/MS_datamaker_PH/data/unlabel/1khz_50ns_20deci_2m_UTC+0900_DST0_20190703_185321.825.tdms,1khz_50ns_20deci_2m_UTC+0900_DST0_20190703_185321.825.tdms,1khz_50ns_20deci_2m_UTC+0900_DST0_20190703_185321.825,17.0,19.0,243,648,1000.0
894,pohang__1khz_50ns_20deci_2m_UTC+0900_DST0_20190703_185321.825,pohang,pohang,pohang,unlabel,2,/home/ted1204/MS_Detection_Datamaker/MS_datamaker_PH/data/unlabel/1khz_50ns_20deci_2m_UTC+0900_DST0_20190703_185321.825.tdms,1khz_50ns_20deci_2m_UTC+0900_DST0_20190703_185321.825.tdms,1khz_50ns_20deci_2m_UTC+0900_DST0_20190703_185321.825,18.0,20.0,243,648,1000.0
895,pohang__1khz_50ns_20deci_2m_UTC+0900_DST0_20190703_185321.825,pohang,pohang,pohang,unlabel,2,/home/ted1204/MS_Detection_Datamaker/MS_datamaker_PH/data/unlabel/1khz_50ns_20deci_2m_UTC+0900_DST0_20190703_185321.825.tdms,1khz_50ns_20deci_2m_UTC+0900_DST0_20190703_185321.825.tdms,1khz_50ns_20deci_2m_UTC+0900_DST0_20190703_185321.825,19.0,21.0,243,648,1000.0
896,pohang__1khz_50ns_20deci_2m_UTC+0900_DST0_20190703_185321.825,pohang,pohang,pohang,unlabel,2,/home/ted1204/MS_Detection_Datamaker/MS_datamaker_PH/data/unlabel/1khz_50ns_20deci_2m_UTC+0900_DST0_20190703_185321.825.tdms,1khz_50ns_20deci_2m_UTC+0900_DST0_20190703_185321.825.tdms,1khz_50ns_20deci_2m_UTC+0900_DST0_20190703_185321.825,23.0,25.0,243,648,1000.0
897,pohang__1khz_50ns_20deci_2m_UTC+0900_DST0_20190703_185321.825,pohang,pohang,pohang,unlabel,2,/home/ted1204/MS_Detection_Datamaker/MS_datamaker_PH/data/unlabel/1khz_50ns_20deci_2m_UTC+0900_DST0_20190703_185321.825.tdms,1khz_50ns_20deci_2m_UTC+0900_DST0_20190703_185321.825.tdms,1khz_50ns_20deci_2m_UTC+0900_DST0_20190703_185321.825,26.0,28.0,243,648,1000.0
898,pohang__1khz_50ns_20deci_2m_UTC+0900_DST0_20190703_185321.825,pohang,pohang,pohang,unlabel,2,/home/ted1204/MS_Detection_Datamaker/MS_datamaker_PH/data/unlabel/1khz_50ns_20deci_2m_UTC+0900_DST0_20190703_185321.825.tdms,1khz_50ns_20deci_2m_UTC+0900_DST0_20190703_185321.825.tdms,1khz_50ns_20deci_2m_UTC+0900_DST0_20190703_185321.825,27.0,29.0,243,648,1000.0
899,pohang__1khz_50ns_20deci_2m_UTC+0900_DST0_20190703_185321.825,pohang,pohang,pohang,unlabel,2,/home/ted1204/MS_Detection_Datamaker/MS_datamaker_PH/data/unlabel/1khz_50ns_20deci_2m_UTC+0900_DST0_20190703_185321.825.tdms,1khz_50ns_20deci_2m_UTC+0900_DST0_20190703_185321.825.tdms,1khz_50ns_20deci_2m_UTC+0900_DST0_20190703_185321.825,28.0,30.0,243,648,1000.0
900,pohang__1khz_50ns_20deci_2m_UTC+0900_DST0_20190703_213651.825,pohang,pohang,pohang,unlabel,2,/home/ted1204/MS_Detection_Datamaker/MS_datamaker_PH/data/unlabel/1khz_50ns_20deci_2m_UTC+0900_DST0_20190703_213651.825.tdms,1khz_50ns_20deci_2m_UTC+0900_DST0_20190703_213651.825.tdms,1khz_50ns_20deci_2m_UTC+0900_DST0_20190703_213651.825,1.0,3.0,243,648,1000.0
901,pohang__1khz_50ns_20deci_2m_UTC+0900_DST0_20190703_213651.825,pohang,pohang,pohang,unlabel,2,/home/ted1204/MS_Detection_Datamaker/MS_datamaker_PH/data/unlabel/1khz_50ns_20deci_2m_UTC+0900_DST0_20190703_213651.825.tdms,1khz_50ns_20deci_2m_UTC+0900_DST0_20190703_213651.825.tdms,1khz_50ns_20deci_2m_UTC+0900_DST0_20190703_213651.825,2.0,4.0,243,648,1000.0
902,pohang__1khz_50ns_20deci_2m_UTC+0900_DST0_20190703_213651.825,pohang,pohang,pohang,unlabel,2,/home/ted1204/MS_Detection_Datamaker/MS_datamaker_PH/data/unlabel/1khz_50ns_20deci_2m_UTC+0900_DST0_20190703_213651.825.tdms,1khz_50ns_20deci_2m_UTC+0900_DST0_20190703_213651.825.tdms,1khz_50ns_20deci_2m_UTC+0900_DST0_20190703_213651.825,3.0,5.0,243,648,1000.0
903,pohang__1khz_50ns_20deci_2m_UTC+0900_DST0_20190703_213651.825,pohang,pohang,pohang,unlabel,2,/home/ted1204/MS_Detection_Datamaker/MS_datamaker_PH/data/unlabel/1khz_50ns_20deci_2m_UTC+0900_DST0_20190703_213651.825.tdms,1khz_50ns_20deci_2m_UTC+0900_DST0_20190703_213651.825.tdms,1khz_50ns_20deci_2m_UTC+0900_DST0_20190703_213651.825,4.0,6.0,243,648,1000.0
904,pohang__1khz_50ns_20deci_2m_UTC+0900_DST0_20190703_213651.825,pohang,pohang,pohang,unlabel,2,/home/ted1204/MS_Detection_Datamaker/MS_datamaker_PH/data/unlabel/1khz_50ns_20deci_2m_UTC+0900_DST0_20190703_213651.825.tdms,1khz_50ns_20deci_2m_UTC+0900_DST0_20190703_213651.825.tdms,1khz_50ns_20deci_2m_UTC+0900_DST0_20190703_213651.825,5.0,7.0,243,648,1000.0
905,pohang__1khz_50ns_20deci_2m_UTC+0900_DST0_20190703_213651.825,pohang,pohang,pohang,unlabel,2,/home/ted1204/MS_Detection_Datamaker/MS_datamaker_PH/data/unlabel/1khz_50ns_20deci_2m_UTC+0900_DST0_20190703_213651.825.tdms,1khz_50ns_20deci_2m_UTC+0900_DST0_20190703_213651.825.tdms,1khz_50ns_20deci_2m_UTC+0900_DST0_20190703_213651.825,6.0,8.0,243,648,1000.0
906,pohang__1khz_50ns_20deci_2m_UTC+0900_DST0_20190703_213651.825,pohang,pohang,pohang,unlabel,2,/home/ted1204/MS_Detection_Datamaker/MS_datamaker_PH/data/unlabel/1khz_50ns_20deci_2m_UTC+0900_DST0_20190703_213651.825.tdms,1khz_50ns_20deci_2m_UTC+0900_DST0_20190703_213651.825.tdms,1khz_50ns_20deci_2m_UTC+0900_DST0_20190703_213651.825,8.0,10.0,243,648,1000.0
907,pohang__1khz_50ns_20deci_2m_UTC+0900_DST0_20190703_213651.825,pohang,pohang,pohang,unlabel,2,/home/ted1204/MS_Detection_Datamaker/MS_datamaker_PH/data/unlabel/1khz_50ns_20deci_2m_UTC+0900_DST0_20190703_213651.825.tdms,1khz_50ns_20deci_2m_UTC+0900_DST0_20190703_213651.825.tdms,1khz_50ns_20deci_2m_UTC+0900_DST0_20190703_213651.825,10.0,12.0,243,648,1000.0
908,pohang__1khz_50ns_20deci_2m_UTC+0900_DST0_20190703_213651.825,pohang,pohang,pohang,unlabel,2,/home/ted1204/MS_Detection_Datamaker/MS_datamaker_PH/data/unlabel/1khz_50ns_20deci_2m_UTC+0900_DST0_20190703_213651.825.tdms,1khz_50ns_20deci_2m_UTC+0900_DST0_20190703_213651.825.tdms,1khz_50ns_20deci_2m_UTC+0900_DST0_20190703_213651.825,11.0,13.0,243,648,1000.0
909,pohang__1khz_50ns_20deci_2m_UTC+0900_DST0_20190703_213651.825,pohang,pohang,pohang,unlabel,2,/home/ted1204/MS_Detection_Datamaker/MS_datamaker_PH/data/unlabel/1khz_50ns_20deci_2m_UTC+0900_DST0_20190703_213651.825.tdms,1khz_50ns_20deci_2m_UTC+0900_DST0_20190703_213651.825.tdms,1khz_50ns_20deci_2m_UTC+0900_DST0_20190703_213651.825,14.0,16.0,243,648,1000.0
910,pohang__1khz_50ns_20deci_2m_UTC+0900_DST0_20190703_213651.825,pohang,pohang,pohang,unlabel,2,/home/ted1204/MS_Detection_Datamaker/MS_datamaker_PH/data/unlabel/1khz_50ns_20deci_2m_UTC+0900_DST0_20190703_213651.825.tdms,1khz_50ns_20deci_2m_UTC+0900_DST0_20190703_213651.825.tdms,1khz_50ns_20deci_2m_UTC+0900_DST0_20190703_213651.825,15.0,17.0,243,648,1000.0
911,pohang__1khz_50ns_20deci_2m_UTC+0900_DST0_20190703_213651.825,pohang,pohang,pohang,unlabel,2,/home/ted1204/MS_Detection_Datamaker/MS_datamaker_PH/data/unlabel/1khz_50ns_20deci_2m_UTC+0900_DST0_20190703_213651.825.tdms,1khz_50ns_20deci_2m_UTC+0900_DST0_20190703_213651.825.tdms,1khz_50ns_20deci_2m_UTC+0900_DST0_20190703_213651.825,16.0,18.0,243,648,1000.0
912,pohang__1khz_50ns_20deci_2m_UTC+0900_DST0_20190703_213651.825,pohang,pohang,pohang,unlabel,2,/home/ted1204/MS_Detection_Datamaker/MS_datamaker_PH/data/unlabel/1khz_50ns_20deci_2m_UTC+0900_DST0_20190703_213651.825.tdms,1khz_50ns_20deci_2m_UTC+0900_DST0_20190703_213651.825.tdms,1khz_50ns_20deci_2m_UTC+0900_DST0_20190703_213651.825,19.0,21.0,243,648,1000.0
913,pohang__1khz_50ns_20deci_2m_UTC+0900_DST0_20190703_213651.825,pohang,pohang,pohang,unlabel,2,/home/ted1204/MS_Detection_Datamaker/MS_datamaker_PH/data/unlabel/1khz_50ns_20deci_2m_UTC+0900_DST0_20190703_213651.825.tdms,1khz_50ns_20deci_2m_UTC+0900_DST0_20190703_213651.825.tdms,1khz_50ns_20deci_2m_UTC+0900_DST0_20190703_213651.825,20.0,22.0,243,648,1000.0
914,pohang__1khz_50ns_20deci_2m_UTC+0900_DST0_20190703_213651.825,pohang,pohang,pohang,unlabel,2,/home/ted1204/MS_Detection_Datamaker/MS_datamaker_PH/data/unlabel/1khz_50ns_20deci_2m_UTC+0900_DST0_20190703_213651.825.tdms,1khz_50ns_20deci_2m_UTC+0900_DST0_20190703_213651.825.tdms,1khz_50ns_20deci_2m_UTC+0900_DST0_20190703_213651.825,24.0,26.0,243,648,1000.0
915,pohang__1khz_50ns_20deci_2m_UTC+0900_DST0_20190703_225021.825,pohang,pohang,pohang,unlabel,2,/home/ted1204/MS_Detection_Datamaker/MS_datamaker_PH/data/unlabel/1khz_50ns_20deci_2m_UTC+0900_DST0_20190703_225021.825.tdms,1khz_50ns_20deci_2m_UTC+0900_DST0_20190703_225021.825.tdms,1khz_50ns_20deci_2m_UTC+0900_DST0_20190703_225021.825,0.0,2.0,243,648,1000.0
916,pohang__1khz_50ns_20deci_2m_UTC+0900_DST0_20190703_225021.825,pohang,pohang,pohang,unlabel,2,/home/ted1204/MS_Detection_Datamaker/MS_datamaker_PH/data/unlabel/1khz_50ns_20deci_2m_UTC+0900_DST0_20190703_225021.825.tdms,1khz_50ns_20deci_2m_UTC+0900_DST0_20190703_225021.825.tdms,1khz_50ns_20deci_2m_UTC+0900_DST0_20190703_225021.825,2.0,4.0,243,648,1000.0
917,pohang__1khz_50ns_20deci_2m_UTC+0900_DST0_20190703_225021.825,pohang,pohang,pohang,unlabel,2,/home/ted1204/MS_Detection_Datamaker/MS_datamaker_PH/data/unlabel/1khz_50ns_20deci_2m_UTC+0900_DST0_20190703_225021.825.tdms,1khz_50ns_20deci_2m_UTC+0900_DST0_20190703_225021.825.tdms,1khz_50ns_20deci_2m_UTC+0900_DST0_20190703_225021.825,6.0,8.0,243,648,1000.0
918,pohang__1khz_50ns_20deci_2m_UTC+0900_DST0_20190703_225021.825,pohang,pohang,pohang,unlabel,2,/home/ted1204/MS_Detection_Datamaker/MS_datamaker_PH/data/unlabel/1khz_50ns_20deci_2m_UTC+0900_DST0_20190703_225021.825.tdms,1khz_50ns_20deci_2m_UTC+0900_DST0_20190703_225021.825.tdms,1khz_50ns_20deci_2m_UTC+0900_DST0_20190703_225021.825,7.0,9.0,243,648,1000.0
919,pohang__1khz_50ns_20deci_2m_UTC+0900_DST0_20190703_225021.825,pohang,pohang,pohang,unlabel,2,/home/ted1204/MS_Detection_Datamaker/MS_datamaker_PH/data/unlabel/1khz_50ns_20deci_2m_UTC+0900_DST0_20190703_225021.825.tdms,1khz_50ns_20deci_2m_UTC+0900_DST0_20190703_225021.825.tdms,1khz_50ns_20deci_2m_UTC+0900_DST0_20190703_225021.825,10.0,12.0,243,648,1000.0
920,pohang__1khz_50ns_20deci_2m_UTC+0900_DST0_20190703_225021.825,pohang,pohang,pohang,unlabel,2,/home/ted1204/MS_Detection_Datamaker/MS_datamaker_PH/data/unlabel/1khz_50ns_20deci_2m_UTC+0900_DST0_20190703_225021.825.tdms,1khz_50ns_20deci_2m_UTC+0900_DST0_20190703_225021.825.tdms,1khz_50ns_20deci_2m_UTC+0900_DST0_20190703_225021.825,11.0,13.0,243,648,1000.0
921,pohang__1khz_50ns_20deci_2m_UTC+0900_DST0_20190703_225021.825,pohang,pohang,pohang,unlabel,2,/home/ted1204/MS_Detection_Datamaker/MS_datamaker_PH/data/unlabel/1khz_50ns_20deci_2m_UTC+0900_DST0_20190703_225021.825.tdms,1khz_50ns_20deci_2m_UTC+0900_DST0_20190703_225021.825.tdms,1khz_50ns_20deci_2m_UTC+0900_DST0_20190703_225021.825,12.0,14.0,243,648,1000.0
922,pohang__1khz_50ns_20deci_2m_UTC+0900_DST0_20190703_225021.825,pohang,pohang,pohang,unlabel,2,/home/ted1204/MS_Detection_Datamaker/MS_datamaker_PH/data/unlabel/1khz_50ns_20deci_2m_UTC+0900_DST0_20190703_225021.825.tdms,1khz_50ns_20deci_2m_UTC+0900_DST0_20190703_225021.825.tdms,1khz_50ns_20deci_2m_UTC+0900_DST0_20190703_225021.825,14.0,16.0,243,648,1000.0
923,pohang__1khz_50ns_20deci_2m_UTC+0900_DST0_20190703_225021.825,pohang,pohang,pohang,unlabel,2,/home/ted1204/MS_Detection_Datamaker/MS_datamaker_PH/data/unlabel/1khz_50ns_20deci_2m_UTC+0900_DST0_20190703_225021.825.tdms,1khz_50ns_20deci_2m_UTC+0900_DST0_20190703_225021.825.tdms,1khz_50ns_20deci_2m_UTC+0900_DST0_20190703_225021.825,20.0,22.0,243,648,1000.0
924,pohang__1khz_50ns_20deci_2m_UTC+0900_DST0_20190703_225021.825,pohang,pohang,pohang,unlabel,2,/home/ted1204/MS_Detection_Datamaker/MS_datamaker_PH/data/unlabel/1khz_50ns_20deci_2m_UTC+0900_DST0_20190703_225021.825.tdms,1khz_50ns_20deci_2m_UTC+0900_DST0_20190703_225021.825.tdms,1khz_50ns_20deci_2m_UTC+0900_DST0_20190703_225021.825,21.0,23.0,243,648,1000.0
925,pohang__1khz_50ns_20deci_2m_UTC+0900_DST0_20190703_225021.825,pohang,pohang,pohang,unlabel,2,/home/ted1204/MS_Detection_Datamaker/MS_datamaker_PH/data/unlabel/1khz_50ns_20deci_2m_UTC+0900_DST0_20190703_225021.825.tdms,1khz_50ns_20deci_2m_UTC+0900_DST0_20190703_225021.825.tdms,1khz_50ns_20deci_2m_UTC+0900_DST0_20190703_225021.825,22.0,24.0,243,648,1000.0
926,pohang__1khz_50ns_20deci_2m_UTC+0900_DST0_20190703_225021.825,pohang,pohang,pohang,unlabel,2,/home/ted1204/MS_Detection_Datamaker/MS_datamaker_PH/data/unlabel/1khz_50ns_20deci_2m_UTC+0900_DST0_20190703_225021.825.tdms,1khz_50ns_20deci_2m_UTC+0900_DST0_20190703_225021.825.tdms,1khz_50ns_20deci_2m_UTC+0900_DST0_20190703_225021.825,23.0,25.0,243,648,1000.0
927,pohang__1khz_50ns_20deci_2m_UTC+0900_DST0_20190703_225021.825,pohang,pohang,pohang,unlabel,2,/home/ted1204/MS_Detection_Datamaker/MS_datamaker_PH/data/unlabel/1khz_50ns_20deci_2m_UTC+0900_DST0_20190703_225021.825.tdms,1khz_50ns_20deci_2m_UTC+0900_DST0_20190703_225021.825.tdms,1khz_50ns_20deci_2m_UTC+0900_DST0_20190703_225021.825,24.0,26.0,243,648,1000.0
928,pohang__1khz_50ns_20deci_2m_UTC+0900_DST0_20190703_225021.825,pohang,pohang,pohang,unlabel,2,/home/ted1204/MS_Detection_Datamaker/MS_datamaker_PH/data/unlabel/1khz_50ns_20deci_2m_UTC+0900_DST0_20190703_225021.825.tdms,1khz_50ns_20deci_2m_UTC+0900_DST0_20190703_225021.825.tdms,1khz_50ns_20deci_2m_UTC+0900_DST0_20190703_225021.825,26.0,28.0,243,648,1000.0
929,pohang__1khz_50ns_20deci_2m_UTC+0900_DST0_20190703_225021.825,pohang,pohang,pohang,unlabel,2,/home/ted1204/MS_Detection_Datamaker/MS_datamaker_PH/data/unlabel/1khz_50ns_20deci_2m_UTC+0900_DST0_20190703_225021.825.tdms,1khz_50ns_20deci_2m_UTC+0900_DST0_20190703_225021.825.tdms,1khz_50ns_20deci_2m_UTC+0900_DST0_20190703_225021.825,27.0,29.0,243,648,1000.0
930,pohang__1khz_50ns_20deci_2m_UTC+0900_DST0_20190704_123051.825,pohang,pohang,pohang,unlabel,2,/home/ted1204/MS_Detection_Datamaker/MS_datamaker_PH/data/unlabel/1khz_50ns_20deci_2m_UTC+0900_DST0_20190704_123051.825.tdms,1khz_50ns_20deci_2m_UTC+0900_DST0_20190704_123051.825.tdms,1khz_50ns_20deci_2m_UTC+0900_DST0_20190704_123051.825,0.0,2.0,243,648,1000.0
931,pohang__1khz_50ns_20deci_2m_UTC+0900_DST0_20190704_123051.825,pohang,pohang,pohang,unlabel,2,/home/ted1204/MS_Detection_Datamaker/MS_datamaker_PH/data/unlabel/1khz_50ns_20deci_2m_UTC+0900_DST0_20190704_123051.825.tdms,1khz_50ns_20deci_2m_UTC+0900_DST0_20190704_123051.825.tdms,1khz_50ns_20deci_2m_UTC+0900_DST0_20190704_123051.825,1.0,3.0,243,648,1000.0
932,pohang__1khz_50ns_20deci_2m_UTC+0900_DST0_20190704_123051.825,pohang,pohang,pohang,unlabel,2,/home/ted1204/MS_Detection_Datamaker/MS_datamaker_PH/data/unlabel/1khz_50ns_20deci_2m_UTC+0900_DST0_20190704_123051.825.tdms,1khz_50ns_20deci_2m_UTC+0900_DST0_20190704_123051.825.tdms,1khz_50ns_20deci_2m_UTC+0900_DST0_20190704_123051.825,3.0,5.0,243,648,1000.0
933,pohang__1khz_50ns_20deci_2m_UTC+0900_DST0_20190704_123051.825,pohang,pohang,pohang,unlabel,2,/home/ted1204/MS_Detection_Datamaker/MS_datamaker_PH/data/unlabel/1khz_50ns_20deci_2m_UTC+0900_DST0_20190704_123051.825.tdms,1khz_50ns_20deci_2m_UTC+0900_DST0_20190704_123051.825.tdms,1khz_50ns_20deci_2m_UTC+0900_DST0_20190704_123051.825,5.0,7.0,243,648,1000.0
934,pohang__1khz_50ns_20deci_2m_UTC+0900_DST0_20190704_123051.825,pohang,pohang,pohang,unlabel,2,/home/ted1204/MS_Detection_Datamaker/MS_datamaker_PH/data/unlabel/1khz_50ns_20deci_2m_UTC+0900_DST0_20190704_123051.825.tdms,1khz_50ns_20deci_2m_UTC+0900_DST0_20190704_123051.825.tdms,1khz_50ns_20deci_2m_UTC+0900_DST0_20190704_123051.825,6.0,8.0,243,648,1000.0
935,pohang__1khz_50ns_20deci_2m_UTC+0900_DST0_20190704_123051.825,pohang,pohang,pohang,unlabel,2,/home/ted1204/MS_Detection_Datamaker/MS_datamaker_PH/data/unlabel/1khz_50ns_20deci_2m_UTC+0900_DST0_20190704_123051.825.tdms,1khz_50ns_20deci_2m_UTC+0900_DST0_20190704_123051.825.tdms,1khz_50ns_20deci_2m_UTC+0900_DST0_20190704_123051.825,8.0,10.0,243,648,1000.0
936,pohang__1khz_50ns_20deci_2m_UTC+0900_DST0_20190704_123051.825,pohang,pohang,pohang,unlabel,2,/home/ted1204/MS_Detection_Datamaker/MS_datamaker_PH/data/unlabel/1khz_50ns_20deci_2m_UTC+0900_DST0_20190704_123051.825.tdms,1khz_50ns_20deci_2m_UTC+0900_DST0_20190704_123051.825.tdms,1khz_50ns_20deci_2m_UTC+0900_DST0_20190704_123051.825,11.0,13.0,243,648,1000.0
937,pohang__1khz_50ns_20deci_2m_UTC+0900_DST0_20190704_123051.825,pohang,pohang,pohang,unlabel,2,/home/ted1204/MS_Detection_Datamaker/MS_datamaker_PH/data/unlabel/1khz_50ns_20deci_2m_UTC+0900_DST0_20190704_123051.825.tdms,1khz_50ns_20deci_2m_UTC+0900_DST0_20190704_123051.825.tdms,1khz_50ns_20deci_2m_UTC+0900_DST0_20190704_123051.825,14.0,16.0,243,648,1000.0
938,pohang__1khz_50ns_20deci_2m_UTC+0900_DST0_20190704_123051.825,pohang,pohang,pohang,unlabel,2,/home/ted1204/MS_Detection_Datamaker/MS_datamaker_PH/data/unlabel/1khz_50ns_20deci_2m_UTC+0900_DST0_20190704_123051.825.tdms,1khz_50ns_20deci_2m_UTC+0900_DST0_20190704_123051.825.tdms,1khz_50ns_20deci_2m_UTC+0900_DST0_20190704_123051.825,19.0,21.0,243,648,1000.0
939,pohang__1khz_50ns_20deci_2m_UTC+0900_DST0_20190704_123051.825,pohang,pohang,pohang,unlabel,2,/home/ted1204/MS_Detection_Datamaker/MS_datamaker_PH/data/unlabel/1khz_50ns_20deci_2m_UTC+0900_DST0_20190704_123051.825.tdms,1khz_50ns_20deci_2m_UTC+0900_DST0_20190704_123051.825.tdms,1khz_50ns_20deci_2m_UTC+0900_DST0_20190704_123051.825,21.0,23.0,243,648,1000.0
940,pohang__1khz_50ns_20deci_2m_UTC+0900_DST0_20190704_123051.825,pohang,pohang,pohang,unlabel,2,/home/ted1204/MS_Detection_Datamaker/MS_datamaker_PH/data/unlabel/1khz_50ns_20deci_2m_UTC+0900_DST0_20190704_123051.825.tdms,1khz_50ns_20deci_2m_UTC+0900_DST0_20190704_123051.825.tdms,1khz_50ns_20deci_2m_UTC+0900_DST0_20190704_123051.825,22.0,24.0,243,648,1000.0
941,pohang__1khz_50ns_20deci_2m_UTC+0900_DST0_20190704_123051.825,pohang,pohang,pohang,unlabel,2,/home/ted1204/MS_Detection_Datamaker/MS_datamaker_PH/data/unlabel/1khz_50ns_20deci_2m_UTC+0900_DST0_20190704_123051.825.tdms,1khz_50ns_20deci_2m_UTC+0900_DST0_20190704_123051.825.tdms,1khz_50ns_20deci_2m_UTC+0900_DST0_20190704_123051.825,23.0,25.0,243,648,1000.0
942,pohang__1khz_50ns_20deci_2m_UTC+0900_DST0_20190704_123051.825,pohang,pohang,pohang,unlabel,2,/home/ted1204/MS_Detection_Datamaker/MS_datamaker_PH/data/unlabel/1khz_50ns_20deci_2m_UTC+0900_DST0_20190704_123051.825.tdms,1khz_50ns_20deci_2m_UTC+0900_DST0_20190704_123051.825.tdms,1khz_50ns_20deci_2m_UTC+0900_DST0_20190704_123051.825,25.0,27.0,243,648,1000.0
943,pohang__1khz_50ns_20deci_2m_UTC+0900_DST0_20190704_123051.825,pohang,pohang,pohang,unlabel,2,/home/ted1204/MS_Detection_Datamaker/MS_datamaker_PH/data/unlabel/1khz_50ns_20deci_2m_UTC+0900_DST0_20190704_123051.825.tdms,1khz_50ns_20deci_2m_UTC+0900_DST0_20190704_123051.825.tdms,1khz_50ns_20deci_2m_UTC+0900_DST0_20190704_123051.825,26.0,28.0,243,648,1000.0
944,pohang__1khz_50ns_20deci_2m_UTC+0900_DST0_20190704_123051.825,pohang,pohang,pohang,unlabel,2,/home/ted1204/MS_Detection_Datamaker/MS_datamaker_PH/data/unlabel/1khz_50ns_20deci_2m_UTC+0900_DST0_20190704_123051.825.tdms,1khz_50ns_20deci_2m_UTC+0900_DST0_20190704_123051.825.tdms,1khz_50ns_20deci_2m_UTC+0900_DST0_20190704_123051.825,28.0,30.0,243,648,1000.0
945,pohang__1khz_50ns_20deci_2m_UTC+0900_DST0_20190706_031751.825,pohang,pohang,pohang,unlabel,2,/home/ted1204/MS_Detection_Datamaker/MS_datamaker_PH/data/unlabel/1khz_50ns_20deci_2m_UTC+0900_DST0_20190706_031751.825.tdms,1khz_50ns_20deci_2m_UTC+0900_DST0_20190706_031751.825.tdms,1khz_50ns_20deci_2m_UTC+0900_DST0_20190706_031751.825,1.0,3.0,243,648,1000.0
946,pohang__1khz_50ns_20deci_2m_UTC+0900_DST0_20190706_031751.825,pohang,pohang,pohang,unlabel,2,/home/ted1204/MS_Detection_Datamaker/MS_datamaker_PH/data/unlabel/1khz_50ns_20deci_2m_UTC+0900_DST0_20190706_031751.825.tdms,1khz_50ns_20deci_2m_UTC+0900_DST0_20190706_031751.825.tdms,1khz_50ns_20deci_2m_UTC+0900_DST0_20190706_031751.825,2.0,4.0,243,648,1000.0
947,pohang__1khz_50ns_20deci_2m_UTC+0900_DST0_20190706_031751.825,pohang,pohang,pohang,unlabel,2,/home/ted1204/MS_Detection_Datamaker/MS_datamaker_PH/data/unlabel/1khz_50ns_20deci_2m_UTC+0900_DST0_20190706_031751.825.tdms,1khz_50ns_20deci_2m_UTC+0900_DST0_20190706_031751.825.tdms,1khz_50ns_20deci_2m_UTC+0900_DST0_20190706_031751.825,5.0,7.0,243,648,1000.0
948,pohang__1khz_50ns_20deci_2m_UTC+0900_DST0_20190706_031751.825,pohang,pohang,pohang,unlabel,2,/home/ted1204/MS_Detection_Datamaker/MS_datamaker_PH/data/unlabel/1khz_50ns_20deci_2m_UTC+0900_DST0_20190706_031751.825.tdms,1khz_50ns_20deci_2m_UTC+0900_DST0_20190706_031751.825.tdms,1khz_50ns_20deci_2m_UTC+0900_DST0_20190706_031751.825,7.0,9.0,243,648,1000.0
949,pohang__1khz_50ns_20deci_2m_UTC+0900_DST0_20190706_031751.825,pohang,pohang,pohang,unlabel,2,/home/ted1204/MS_Detection_Datamaker/MS_datamaker_PH/data/unlabel/1khz_50ns_20deci_2m_UTC+0900_DST0_20190706_031751.825.tdms,1khz_50ns_20deci_2m_UTC+0900_DST0_20190706_031751.825.tdms,1khz_50ns_20deci_2m_UTC+0900_DST0_20190706_031751.825,9.0,11.0,243,648,1000.0
950,pohang__1khz_50ns_20deci_2m_UTC+0900_DST0_20190706_031751.825,pohang,pohang,pohang,unlabel,2,/home/ted1204/MS_Detection_Datamaker/MS_datamaker_PH/data/unlabel/1khz_50ns_20deci_2m_UTC+0900_DST0_20190706_031751.825.tdms,1khz_50ns_20deci_2m_UTC+0900_DST0_20190706_031751.825.tdms,1khz_50ns_20deci_2m_UTC+0900_DST0_20190706_031751.825,10.0,12.0,243,648,1000.0
951,pohang__1khz_50ns_20deci_2m_UTC+0900_DST0_20190706_031751.825,pohang,pohang,pohang,unlabel,2,/home/ted1204/MS_Detection_Datamaker/MS_datamaker_PH/data/unlabel/1khz_50ns_20deci_2m_UTC+0900_DST0_20190706_031751.825.tdms,1khz_50ns_20deci_2m_UTC+0900_DST0_20190706_031751.825.tdms,1khz_50ns_20deci_2m_UTC+0900_DST0_20190706_031751.825,12.0,14.0,243,648,1000.0
952,pohang__1khz_50ns_20deci_2m_UTC+0900_DST0_20190706_031751.825,pohang,pohang,pohang,unlabel,2,/home/ted1204/MS_Detection_Datamaker/MS_datamaker_PH/data/unlabel/1khz_50ns_20deci_2m_UTC+0900_DST0_20190706_031751.825.tdms,1khz_50ns_20deci_2m_UTC+0900_DST0_20190706_031751.825.tdms,1khz_50ns_20deci_2m_UTC+0900_DST0_20190706_031751.825,13.0,15.0,243,648,1000.0
953,pohang__1khz_50ns_20deci_2m_UTC+0900_DST0_20190706_031751.825,pohang,pohang,pohang,unlabel,2,/home/ted1204/MS_Detection_Datamaker/MS_datamaker_PH/data/unlabel/1khz_50ns_20deci_2m_UTC+0900_DST0_20190706_031751.825.tdms,1khz_50ns_20deci_2m_UTC+0900_DST0_20190706_031751.825.tdms,1khz_50ns_20deci_2m_UTC+0900_DST0_20190706_031751.825,14.0,16.0,243,648,1000.0
954,pohang__1khz_50ns_20deci_2m_UTC+0900_DST0_20190706_031751.825,pohang,pohang,pohang,unlabel,2,/home/ted1204/MS_Detection_Datamaker/MS_datamaker_PH/data/unlabel/1khz_50ns_20deci_2m_UTC+0900_DST0_20190706_031751.825.tdms,1khz_50ns_20deci_2m_UTC+0900_DST0_20190706_031751.825.tdms,1khz_50ns_20deci_2m_UTC+0900_DST0_20190706_031751.825,16.0,18.0,243,648,1000.0
955,pohang__1khz_50ns_20deci_2m_UTC+0900_DST0_20190706_031751.825,pohang,pohang,pohang,unlabel,2,/home/ted1204/MS_Detection_Datamaker/MS_datamaker_PH/data/unlabel/1khz_50ns_20deci_2m_UTC+0900_DST0_20190706_031751.825.tdms,1khz_50ns_20deci_2m_UTC+0900_DST0_20190706_031751.825.tdms,1khz_50ns_20deci_2m_UTC+0900_DST0_20190706_031751.825,17.0,19.0,243,648,1000.0
956,pohang__1khz_50ns_20deci_2m_UTC+0900_DST0_20190706_031751.825,pohang,pohang,pohang,unlabel,2,/home/ted1204/MS_Detection_Datamaker/MS_datamaker_PH/data/unlabel/1khz_50ns_20deci_2m_UTC+0900_DST0_20190706_031751.825.tdms,1khz_50ns_20deci_2m_UTC+0900_DST0_20190706_031751.825.tdms,1khz_50ns_20deci_2m_UTC+0900_DST0_20190706_031751.825,19.0,21.0,243,648,1000.0
957,pohang__1khz_50ns_20deci_2m_UTC+0900_DST0_20190706_031751.825,pohang,pohang,pohang,unlabel,2,/home/ted1204/MS_Detection_Datamaker/MS_datamaker_PH/data/unlabel/1khz_50ns_20deci_2m_UTC+0900_DST0_20190706_031751.825.tdms,1khz_50ns_20deci_2m_UTC+0900_DST0_20190706_031751.825.tdms,1khz_50ns_20deci_2m_UTC+0900_DST0_20190706_031751.825,21.0,23.0,243,648,1000.0
958,pohang__1khz_50ns_20deci_2m_UTC+0900_DST0_20190706_031751.825,pohang,pohang,pohang,unlabel,2,/home/ted1204/MS_Detection_Datamaker/MS_datamaker_PH/data/unlabel/1khz_50ns_20deci_2m_UTC+0900_DST0_20190706_031751.825.tdms,1khz_50ns_20deci_2m_UTC+0900_DST0_20190706_031751.825.tdms,1khz_50ns_20deci_2m_UTC+0900_DST0_20190706_031751.825,27.0,29.0,243,648,1000.0
959,pohang__1khz_50ns_20deci_2m_UTC+0900_DST0_20190706_031751.825,pohang,pohang,pohang,unlabel,2,/home/ted1204/MS_Detection_Datamaker/MS_datamaker_PH/data/unlabel/1khz_50ns_20deci_2m_UTC+0900_DST0_20190706_031751.825.tdms,1khz_50ns_20deci_2m_UTC+0900_DST0_20190706_031751.825.tdms,1khz_50ns_20deci_2m_UTC+0900_DST0_20190706_031751.825,28.0,30.0,243,648,1000.0
960,pohang__1khz_50ns_20deci_2m_UTC+0900_DST0_20190707_121651.825,pohang,pohang,pohang,unlabel,2,/home/ted1204/MS_Detection_Datamaker/MS_datamaker_PH/data/unlabel/1khz_50ns_20deci_2m_UTC+0900_DST0_20190707_121651.825.tdms,1khz_50ns_20deci_2m_UTC+0900_DST0_20190707_121651.825.tdms,1khz_50ns_20deci_2m_UTC+0900_DST0_20190707_121651.825,0.0,2.0,243,648,1000.0
961,pohang__1khz_50ns_20deci_2m_UTC+0900_DST0_20190707_121651.825,pohang,pohang,pohang,unlabel,2,/home/ted1204/MS_Detection_Datamaker/MS_datamaker_PH/data/unlabel/1khz_50ns_20deci_2m_UTC+0900_DST0_20190707_121651.825.tdms,1khz_50ns_20deci_2m_UTC+0900_DST0_20190707_121651.825.tdms,1khz_50ns_20deci_2m_UTC+0900_DST0_20190707_121651.825,2.0,4.0,243,648,1000.0
962,pohang__1khz_50ns_20deci_2m_UTC+0900_DST0_20190707_121651.825,pohang,pohang,pohang,unlabel,2,/home/ted1204/MS_Detection_Datamaker/MS_datamaker_PH/data/unlabel/1khz_50ns_20deci_2m_UTC+0900_DST0_20190707_121651.825.tdms,1khz_50ns_20deci_2m_UTC+0900_DST0_20190707_121651.825.tdms,1khz_50ns_20deci_2m_UTC+0900_DST0_20190707_121651.825,3.0,5.0,243,648,1000.0
963,pohang__1khz_50ns_20deci_2m_UTC+0900_DST0_20190707_121651.825,pohang,pohang,pohang,unlabel,2,/home/ted1204/MS_Detection_Datamaker/MS_datamaker_PH/data/unlabel/1khz_50ns_20deci_2m_UTC+0900_DST0_20190707_121651.825.tdms,1khz_50ns_20deci_2m_UTC+0900_DST0_20190707_121651.825.tdms,1khz_50ns_20deci_2m_UTC+0900_DST0_20190707_121651.825,4.0,6.0,243,648,1000.0
964,pohang__1khz_50ns_20deci_2m_UTC+0900_DST0_20190707_121651.825,pohang,pohang,pohang,unlabel,2,/home/ted1204/MS_Detection_Datamaker/MS_datamaker_PH/data/unlabel/1khz_50ns_20deci_2m_UTC+0900_DST0_20190707_121651.825.tdms,1khz_50ns_20deci_2m_UTC+0900_DST0_20190707_121651.825.tdms,1khz_50ns_20deci_2m_UTC+0900_DST0_20190707_121651.825,5.0,7.0,243,648,1000.0
965,pohang__1khz_50ns_20deci_2m_UTC+0900_DST0_20190707_121651.825,pohang,pohang,pohang,unlabel,2,/home/ted1204/MS_Detection_Datamaker/MS_datamaker_PH/data/unlabel/1khz_50ns_20deci_2m_UTC+0900_DST0_20190707_121651.825.tdms,1khz_50ns_20deci_2m_UTC+0900_DST0_20190707_121651.825.tdms,1khz_50ns_20deci_2m_UTC+0900_DST0_20190707_121651.825,9.0,11.0,243,648,1000.0
966,pohang__1khz_50ns_20deci_2m_UTC+0900_DST0_20190707_121651.825,pohang,pohang,pohang,unlabel,2,/home/ted1204/MS_Detection_Datamaker/MS_datamaker_PH/data/unlabel/1khz_50ns_20deci_2m_UTC+0900_DST0_20190707_121651.825.tdms,1khz_50ns_20deci_2m_UTC+0900_DST0_20190707_121651.825.tdms,1khz_50ns_20deci_2m_UTC+0900_DST0_20190707_121651.825,14.0,16.0,243,648,1000.0
967,pohang__1khz_50ns_20deci_2m_UTC+0900_DST0_20190707_121651.825,pohang,pohang,pohang,unlabel,2,/home/ted1204/MS_Detection_Datamaker/MS_datamaker_PH/data/unlabel/1khz_50ns_20deci_2m_UTC+0900_DST0_20190707_121651.825.tdms,1khz_50ns_20deci_2m_UTC+0900_DST0_20190707_121651.825.tdms,1khz_50ns_20deci_2m_UTC+0900_DST0_20190707_121651.825,16.0,18.0,243,648,1000.0
968,pohang__1khz_50ns_20deci_2m_UTC+0900_DST0_20190707_121651.825,pohang,pohang,pohang,unlabel,2,/home/ted1204/MS_Detection_Datamaker/MS_datamaker_PH/data/unlabel/1khz_50ns_20deci_2m_UTC+0900_DST0_20190707_121651.825.tdms,1khz_50ns_20deci_2m_UTC+0900_DST0_20190707_121651.825.tdms,1khz_50ns_20deci_2m_UTC+0900_DST0_20190707_121651.825,21.0,23.0,243,648,1000.0
969,pohang__1khz_50ns_20deci_2m_UTC+0900_DST0_20190707_121651.825,pohang,pohang,pohang,unlabel,2,/home/ted1204/MS_Detection_Datamaker/MS_datamaker_PH/data/unlabel/1khz_50ns_20deci_2m_UTC+0900_DST0_20190707_121651.825.tdms,1khz_50ns_20deci_2m_UTC+0900_DST0_20190707_121651.825.tdms,1khz_50ns_20deci_2m_UTC+0900_DST0_20190707_121651.825,22.0,24.0,243,648,1000.0
970,pohang__1khz_50ns_20deci_2m_UTC+0900_DST0_20190707_121651.825,pohang,pohang,pohang,unlabel,2,/home/ted1204/MS_Detection_Datamaker/MS_datamaker_PH/data/unlabel/1khz_50ns_20deci_2m_UTC+0900_DST0_20190707_121651.825.tdms,1khz_50ns_20deci_2m_UTC+0900_DST0_20190707_121651.825.tdms,1khz_50ns_20deci_2m_UTC+0900_DST0_20190707_121651.825,23.0,25.0,243,648,1000.0
971,pohang__1khz_50ns_20deci_2m_UTC+0900_DST0_20190707_121651.825,pohang,pohang,pohang,unlabel,2,/home/ted1204/MS_Detection_Datamaker/MS_datamaker_PH/data/unlabel/1khz_50ns_20deci_2m_UTC+0900_DST0_20190707_121651.825.tdms,1khz_50ns_20deci_2m_UTC+0900_DST0_20190707_121651.825.tdms,1khz_50ns_20deci_2m_UTC+0900_DST0_20190707_121651.825,24.0,26.0,243,648,1000.0
972,pohang__1khz_50ns_20deci_2m_UTC+0900_DST0_20190707_121651.825,pohang,pohang,pohang,unlabel,2,/home/ted1204/MS_Detection_Datamaker/MS_datamaker_PH/data/unlabel/1khz_50ns_20deci_2m_UTC+0900_DST0_20190707_121651.825.tdms,1khz_50ns_20deci_2m_UTC+0900_DST0_20190707_121651.825.tdms,1khz_50ns_20deci_2m_UTC+0900_DST0_20190707_121651.825,25.0,27.0,243,648,1000.0
973,pohang__1khz_50ns_20deci_2m_UTC+0900_DST0_20190707_121651.825,pohang,pohang,pohang,unlabel,2,/home/ted1204/MS_Detection_Datamaker/MS_datamaker_PH/data/unlabel/1khz_50ns_20deci_2m_UTC+0900_DST0_20190707_121651.825.tdms,1khz_50ns_20deci_2m_UTC+0900_DST0_20190707_121651.825.tdms,1khz_50ns_20deci_2m_UTC+0900_DST0_20190707_121651.825,27.0,29.0,243,648,1000.0
974,pohang__1khz_50ns_20deci_2m_UTC+0900_DST0_20190707_121651.825,pohang,pohang,pohang,unlabel,2,/home/ted1204/MS_Detection_Datamaker/MS_datamaker_PH/data/unlabel/1khz_50ns_20deci_2m_UTC+0900_DST0_20190707_121651.825.tdms,1khz_50ns_20deci_2m_UTC+0900_DST0_20190707_121651.825.tdms,1khz_50ns_20deci_2m_UTC+0900_DST0_20190707_121651.825,28.0,30.0,243,648,1000.0
975,pohang__1khz_50ns_20deci_2m_UTC+0900_DST0_20190710_103851.825,pohang,pohang,pohang,unlabel,2,/home/ted1204/MS_Detection_Datamaker/MS_datamaker_PH/data/unlabel/1khz_50ns_20deci_2m_UTC+0900_DST0_20190710_103851.825.tdms,1khz_50ns_20deci_2m_UTC+0900_DST0_20190710_103851.825.tdms,1khz_50ns_20deci_2m_UTC+0900_DST0_20190710_103851.825,0.0,2.0,243,648,1000.0
976,pohang__1khz_50ns_20deci_2m_UTC+0900_DST0_20190710_103851.825,pohang,pohang,pohang,unlabel,2,/home/ted1204/MS_Detection_Datamaker/MS_datamaker_PH/data/unlabel/1khz_50ns_20deci_2m_UTC+0900_DST0_20190710_103851.825.tdms,1khz_50ns_20deci_2m_UTC+0900_DST0_20190710_103851.825.tdms,1khz_50ns_20deci_2m_UTC+0900_DST0_20190710_103851.825,1.0,3.0,243,648,1000.0
977,pohang__1khz_50ns_20deci_2m_UTC+0900_DST0_20190710_103851.825,pohang,pohang,pohang,unlabel,2,/home/ted1204/MS_Detection_Datamaker/MS_datamaker_PH/data/unlabel/1khz_50ns_20deci_2m_UTC+0900_DST0_20190710_103851.825.tdms,1khz_50ns_20deci_2m_UTC+0900_DST0_20190710_103851.825.tdms,1khz_50ns_20deci_2m_UTC+0900_DST0_20190710_103851.825,2.0,4.0,243,648,1000.0
978,pohang__1khz_50ns_20deci_2m_UTC+0900_DST0_20190710_103851.825,pohang,pohang,pohang,unlabel,2,/home/ted1204/MS_Detection_Datamaker/MS_datamaker_PH/data/unlabel/1khz_50ns_20deci_2m_UTC+0900_DST0_20190710_103851.825.tdms,1khz_50ns_20deci_2m_UTC+0900_DST0_20190710_103851.825.tdms,1khz_50ns_20deci_2m_UTC+0900_DST0_20190710_103851.825,4.0,6.0,243,648,1000.0
979,pohang__1khz_50ns_20deci_2m_UTC+0900_DST0_20190710_103851.825,pohang,pohang,pohang,unlabel,2,/home/ted1204/MS_Detection_Datamaker/MS_datamaker_PH/data/unlabel/1khz_50ns_20deci_2m_UTC+0900_DST0_20190710_103851.825.tdms,1khz_50ns_20deci_2m_UTC+0900_DST0_20190710_103851.825.tdms,1khz_50ns_20deci_2m_UTC+0900_DST0_20190710_103851.825,6.0,8.0,243,648,1000.0
980,pohang__1khz_50ns_20deci_2m_UTC+0900_DST0_20190710_103851.825,pohang,pohang,pohang,unlabel,2,/home/ted1204/MS_Detection_Datamaker/MS_datamaker_PH/data/unlabel/1khz_50ns_20deci_2m_UTC+0900_DST0_20190710_103851.825.tdms,1khz_50ns_20deci_2m_UTC+0900_DST0_20190710_103851.825.tdms,1khz_50ns_20deci_2m_UTC+0900_DST0_20190710_103851.825,8.0,10.0,243,648,1000.0
981,pohang__1khz_50ns_20deci_2m_UTC+0900_DST0_20190710_103851.825,pohang,pohang,pohang,unlabel,2,/home/ted1204/MS_Detection_Datamaker/MS_datamaker_PH/data/unlabel/1khz_50ns_20deci_2m_UTC+0900_DST0_20190710_103851.825.tdms,1khz_50ns_20deci_2m_UTC+0900_DST0_20190710_103851.825.tdms,1khz_50ns_20deci_2m_UTC+0900_DST0_20190710_103851.825,9.0,11.0,243,648,1000.0
982,pohang__1khz_50ns_20deci_2m_UTC+0900_DST0_20190710_103851.825,pohang,pohang,pohang,unlabel,2,/home/ted1204/MS_Detection_Datamaker/MS_datamaker_PH/data/unlabel/1khz_50ns_20deci_2m_UTC+0900_DST0_20190710_103851.825.tdms,1khz_50ns_20deci_2m_UTC+0900_DST0_20190710_103851.825.tdms,1khz_50ns_20deci_2m_UTC+0900_DST0_20190710_103851.825,12.0,14.0,243,648,1000.0
983,pohang__1khz_50ns_20deci_2m_UTC+0900_DST0_20190710_103851.825,pohang,pohang,pohang,unlabel,2,/home/ted1204/MS_Detection_Datamaker/MS_datamaker_PH/data/unlabel/1khz_50ns_20deci_2m_UTC+0900_DST0_20190710_103851.825.tdms,1khz_50ns_20deci_2m_UTC+0900_DST0_20190710_103851.825.tdms,1khz_50ns_20deci_2m_UTC+0900_DST0_20190710_103851.825,15.0,17.0,243,648,1000.0
984,pohang__1khz_50ns_20deci_2m_UTC+0900_DST0_20190710_103851.825,pohang,pohang,pohang,unlabel,2,/home/ted1204/MS_Detection_Datamaker/MS_datamaker_PH/data/unlabel/1khz_50ns_20deci_2m_UTC+0900_DST0_20190710_103851.825.tdms,1khz_50ns_20deci_2m_UTC+0900_DST0_20190710_103851.825.tdms,1khz_50ns_20deci_2m_UTC+0900_DST0_20190710_103851.825,16.0,18.0,243,648,1000.0
985,pohang__1khz_50ns_20deci_2m_UTC+0900_DST0_20190710_103851.825,pohang,pohang,pohang,unlabel,2,/home/ted1204/MS_Detection_Datamaker/MS_datamaker_PH/data/unlabel/1khz_50ns_20deci_2m_UTC+0900_DST0_20190710_103851.825.tdms,1khz_50ns_20deci_2m_UTC+0900_DST0_20190710_103851.825.tdms,1khz_50ns_20deci_2m_UTC+0900_DST0_20190710_103851.825,19.0,21.0,243,648,1000.0
986,pohang__1khz_50ns_20deci_2m_UTC+0900_DST0_20190710_103851.825,pohang,pohang,pohang,unlabel,2,/home/ted1204/MS_Detection_Datamaker/MS_datamaker_PH/data/unlabel/1khz_50ns_20deci_2m_UTC+0900_DST0_20190710_103851.825.tdms,1khz_50ns_20deci_2m_UTC+0900_DST0_20190710_103851.825.tdms,1khz_50ns_20deci_2m_UTC+0900_DST0_20190710_103851.825,20.0,22.0,243,648,1000.0
987,pohang__1khz_50ns_20deci_2m_UTC+0900_DST0_20190710_103851.825,pohang,pohang,pohang,unlabel,2,/home/ted1204/MS_Detection_Datamaker/MS_datamaker_PH/data/unlabel/1khz_50ns_20deci_2m_UTC+0900_DST0_20190710_103851.825.tdms,1khz_50ns_20deci_2m_UTC+0900_DST0_20190710_103851.825.tdms,1khz_50ns_20deci_2m_UTC+0900_DST0_20190710_103851.825,23.0,25.0,243,648,1000.0
988,pohang__1khz_50ns_20deci_2m_UTC+0900_DST0_20190710_103851.825,pohang,pohang,pohang,unlabel,2,/home/ted1204/MS_Detection_Datamaker/MS_datamaker_PH/data/unlabel/1khz_50ns_20deci_2m_UTC+0900_DST0_20190710_103851.825.tdms,1khz_50ns_20deci_2m_UTC+0900_DST0_20190710_103851.825.tdms,1khz_50ns_20deci_2m_UTC+0900_DST0_20190710_103851.825,24.0,26.0,243,648,1000.0
989,pohang__1khz_50ns_20deci_2m_UTC+0900_DST0_20190710_103851.825,pohang,pohang,pohang,unlabel,2,/home/ted1204/MS_Detection_Datamaker/MS_datamaker_PH/data/unlabel/1khz_50ns_20deci_2m_UTC+0900_DST0_20190710_103851.825.tdms,1khz_50ns_20deci_2m_UTC+0900_DST0_20190710_103851.825.tdms,1khz_50ns_20deci_2m_UTC+0900_DST0_20190710_103851.825,28.0,30.0,243,648,1000.0
990,pohang__1khz_50ns_20deci_2m_UTC+0900_DST0_20190710_152851.825,pohang,pohang,pohang,unlabel,2,/home/ted1204/MS_Detection_Datamaker/MS_datamaker_PH/data/unlabel/1khz_50ns_20deci_2m_UTC+0900_DST0_20190710_152851.825.tdms,1khz_50ns_20deci_2m_UTC+0900_DST0_20190710_152851.825.tdms,1khz_50ns_20deci_2m_UTC+0900_DST0_20190710_152851.825,1.0,3.0,243,648,1000.0
991,pohang__1khz_50ns_20deci_2m_UTC+0900_DST0_20190710_152851.825,pohang,pohang,pohang,unlabel,2,/home/ted1204/MS_Detection_Datamaker/MS_datamaker_PH/data/unlabel/1khz_50ns_20deci_2m_UTC+0900_DST0_20190710_152851.825.tdms,1khz_50ns_20deci_2m_UTC+0900_DST0_20190710_152851.825.tdms,1khz_50ns_20deci_2m_UTC+0900_DST0_20190710_152851.825,4.0,6.0,243,648,1000.0
992,pohang__1khz_50ns_20deci_2m_UTC+0900_DST0_20190710_152851.825,pohang,pohang,pohang,unlabel,2,/home/ted1204/MS_Detection_Datamaker/MS_datamaker_PH/data/unlabel/1khz_50ns_20deci_2m_UTC+0900_DST0_20190710_152851.825.tdms,1khz_50ns_20deci_2m_UTC+0900_DST0_20190710_152851.825.tdms,1khz_50ns_20deci_2m_UTC+0900_DST0_20190710_152851.825,5.0,7.0,243,648,1000.0
993,pohang__1khz_50ns_20deci_2m_UTC+0900_DST0_20190710_152851.825,pohang,pohang,pohang,unlabel,2,/home/ted1204/MS_Detection_Datamaker/MS_datamaker_PH/data/unlabel/1khz_50ns_20deci_2m_UTC+0900_DST0_20190710_152851.825.tdms,1khz_50ns_20deci_2m_UTC+0900_DST0_20190710_152851.825.tdms,1khz_50ns_20deci_2m_UTC+0900_DST0_20190710_152851.825,6.0,8.0,243,648,1000.0
994,pohang__1khz_50ns_20deci_2m_UTC+0900_DST0_20190710_152851.825,pohang,pohang,pohang,unlabel,2,/home/ted1204/MS_Detection_Datamaker/MS_datamaker_PH/data/unlabel/1khz_50ns_20deci_2m_UTC+0900_DST0_20190710_152851.825.tdms,1khz_50ns_20deci_2m_UTC+0900_DST0_20190710_152851.825.tdms,1khz_50ns_20deci_2m_UTC+0900_DST0_20190710_152851.825,7.0,9.0,243,648,1000.0
995,pohang__1khz_50ns_20deci_2m_UTC+0900_DST0_20190710_152851.825,pohang,pohang,pohang,unlabel,2,/home/ted1204/MS_Detection_Datamaker/MS_datamaker_PH/data/unlabel/1khz_50ns_20deci_2m_UTC+0900_DST0_20190710_152851.825.tdms,1khz_50ns_20deci_2m_UTC+0900_DST0_20190710_152851.825.tdms,1khz_50ns_20deci_2m_UTC+0900_DST0_20190710_152851.825,14.0,16.0,243,648,1000.0
996,pohang__1khz_50ns_20deci_2m_UTC+0900_DST0_20190710_152851.825,pohang,pohang,pohang,unlabel,2,/home/ted1204/MS_Detection_Datamaker/MS_datamaker_PH/data/unlabel/1khz_50ns_20deci_2m_UTC+0900_DST0_20190710_152851.825.tdms,1khz_50ns_20deci_2m_UTC+0900_DST0_20190710_152851.825.tdms,1khz_50ns_20deci_2m_UTC+0900_DST0_20190710_152851.825,15.0,17.0,243,648,1000.0
997,pohang__1khz_50ns_20deci_2m_UTC+0900_DST0_20190710_152851.825,pohang,pohang,pohang,unlabel,2,/home/ted1204/MS_Detection_Datamaker/MS_datamaker_PH/data/unlabel/1khz_50ns_20deci_2m_UTC+0900_DST0_20190710_152851.825.tdms,1khz_50ns_20deci_2m_UTC+0900_DST0_20190710_152851.825.tdms,1khz_50ns_20deci_2m_UTC+0900_DST0_20190710_152851.825,19.0,21.0,243,648,1000.0
998,pohang__1khz_50ns_20deci_2m_UTC+0900_DST0_20190710_152851.825,pohang,pohang,pohang,unlabel,2,/home/ted1204/MS_Detection_Datamaker/MS_datamaker_PH/data/unlabel/1khz_50ns_20deci_2m_UTC+0900_DST0_20190710_152851.825.tdms,1khz_50ns_20deci_2m_UTC+0900_DST0_20190710_152851.825.tdms,1khz_50ns_20deci_2m_UTC+0900_DST0_20190710_152851.825,20.0,22.0,243,648,1000.0
999,pohang__1khz_50ns_20deci_2m_UTC+0900_DST0_20190710_152851.825,pohang,pohang,pohang,unlabel,2,/home/ted1204/MS_Detection_Datamaker/MS_datamaker_PH/data/unlabel/1khz_50ns_20deci_2m_UTC+0900_DST0_20190710_152851.825.tdms,1khz_50ns_20deci_2m_UTC+0900_DST0_20190710_152851.825.tdms,1khz_50ns_20deci_2m_UTC+0900_DST0_20190710_152851.825,22.0,24.0,243,648,1000.0
1000,pohang__1khz_50ns_20deci_2m_UTC+0900_DST0_20190710_152851.825,pohang,pohang,pohang,unlabel,2,/home/ted1204/MS_Detection_Datamaker/MS_datamaker_PH/data/unlabel/1khz_50ns_20deci_2m_UTC+0900_DST0_20190710_152851.825.tdms,1khz_50ns_20deci_2m_UTC+0900_DST0_20190710_152851.825.tdms,1khz_50ns_20deci_2m_UTC+0900_DST0_20190710_152851.825,23.0,25.0,243,648,1000.0
1001,pohang__1khz_50ns_20deci_2m_UTC+0900_DST0_20190710_152851.825,pohang,pohang,pohang,unlabel,2,/home/ted1204/MS_Detection_Datamaker/MS_datamaker_PH/data/unlabel/1khz_50ns_20deci_2m_UTC+0900_DST0_20190710_152851.825.tdms,1khz_50ns_20deci_2m_UTC+0900_DST0_20190710_152851.825.tdms,1khz_50ns_20deci_2m_UTC+0900_DST0_20190710_152851.825,24.0,26.0,243,648,1000.0
1002,pohang__1khz_50ns_20deci_2m_UTC+0900_DST0_20190710_152851.825,pohang,pohang,pohang,unlabel,2,/home/ted1204/MS_Detection_Datamaker/MS_datamaker_PH/data/unlabel/1khz_50ns_20deci_2m_UTC+0900_DST0_20190710_152851.825.tdms,1khz_50ns_20deci_2m_UTC+0900_DST0_20190710_152851.825.tdms,1khz_50ns_20deci_2m_UTC+0900_DST0_20190710_152851.825,26.0,28.0,243,648,1000.0
1003,pohang__1khz_50ns_20deci_2m_UTC+0900_DST0_20190710_152851.825,pohang,pohang,pohang,unlabel,2,/home/ted1204/MS_Detection_Datamaker/MS_datamaker_PH/data/unlabel/1khz_50ns_20deci_2m_UTC+0900_DST0_20190710_152851.825.tdms,1khz_50ns_20deci_2m_UTC+0900_DST0_20190710_152851.825.tdms,1khz_50ns_20deci_2m_UTC+0900_DST0_20190710_152851.825,27.0,29.0,243,648,1000.0
1004,pohang__1khz_50ns_20deci_2m_UTC+0900_DST0_20190710_152851.825,pohang,pohang,pohang,unlabel,2,/home/ted1204/MS_Detection_Datamaker/MS_datamaker_PH/data/unlabel/1khz_50ns_20deci_2m_UTC+0900_DST0_20190710_152851.825.tdms,1khz_50ns_20deci_2m_UTC+0900_DST0_20190710_152851.825.tdms,1khz_50ns_20deci_2m_UTC+0900_DST0_20190710_152851.825,28.0,30.0,243,648,1000.0
1005,pohang__1khz_50ns_20deci_2m_UTC+0900_DST0_20190710_234621.825,pohang,pohang,pohang,unlabel,2,/home/ted1204/MS_Detection_Datamaker/MS_datamaker_PH/data/unlabel/1khz_50ns_20deci_2m_UTC+0900_DST0_20190710_234621.825.tdms,1khz_50ns_20deci_2m_UTC+0900_DST0_20190710_234621.825.tdms,1khz_50ns_20deci_2m_UTC+0900_DST0_20190710_234621.825,0.0,2.0,243,648,1000.0
1006,pohang__1khz_50ns_20deci_2m_UTC+0900_DST0_20190710_234621.825,pohang,pohang,pohang,unlabel,2,/home/ted1204/MS_Detection_Datamaker/MS_datamaker_PH/data/unlabel/1khz_50ns_20deci_2m_UTC+0900_DST0_20190710_234621.825.tdms,1khz_50ns_20deci_2m_UTC+0900_DST0_20190710_234621.825.tdms,1khz_50ns_20deci_2m_UTC+0900_DST0_20190710_234621.825,1.0,3.0,243,648,1000.0
1007,pohang__1khz_50ns_20deci_2m_UTC+0900_DST0_20190710_234621.825,pohang,pohang,pohang,unlabel,2,/home/ted1204/MS_Detection_Datamaker/MS_datamaker_PH/data/unlabel/1khz_50ns_20deci_2m_UTC+0900_DST0_20190710_234621.825.tdms,1khz_50ns_20deci_2m_UTC+0900_DST0_20190710_234621.825.tdms,1khz_50ns_20deci_2m_UTC+0900_DST0_20190710_234621.825,2.0,4.0,243,648,1000.0
1008,pohang__1khz_50ns_20deci_2m_UTC+0900_DST0_20190710_234621.825,pohang,pohang,pohang,unlabel,2,/home/ted1204/MS_Detection_Datamaker/MS_datamaker_PH/data/unlabel/1khz_50ns_20deci_2m_UTC+0900_DST0_20190710_234621.825.tdms,1khz_50ns_20deci_2m_UTC+0900_DST0_20190710_234621.825.tdms,1khz_50ns_20deci_2m_UTC+0900_DST0_20190710_234621.825,4.0,6.0,243,648,1000.0
1009,pohang__1khz_50ns_20deci_2m_UTC+0900_DST0_20190710_234621.825,pohang,pohang,pohang,unlabel,2,/home/ted1204/MS_Detection_Datamaker/MS_datamaker_PH/data/unlabel/1khz_50ns_20deci_2m_UTC+0900_DST0_20190710_234621.825.tdms,1khz_50ns_20deci_2m_UTC+0900_DST0_20190710_234621.825.tdms,1khz_50ns_20deci_2m_UTC+0900_DST0_20190710_234621.825,8.0,10.0,243,648,1000.0
1010,pohang__1khz_50ns_20deci_2m_UTC+0900_DST0_20190710_234621.825,pohang,pohang,pohang,unlabel,2,/home/ted1204/MS_Detection_Datamaker/MS_datamaker_PH/data/unlabel/1khz_50ns_20deci_2m_UTC+0900_DST0_20190710_234621.825.tdms,1khz_50ns_20deci_2m_UTC+0900_DST0_20190710_234621.825.tdms,1khz_50ns_20deci_2m_UTC+0900_DST0_20190710_234621.825,10.0,12.0,243,648,1000.0
1011,pohang__1khz_50ns_20deci_2m_UTC+0900_DST0_20190710_234621.825,pohang,pohang,pohang,unlabel,2,/home/ted1204/MS_Detection_Datamaker/MS_datamaker_PH/data/unlabel/1khz_50ns_20deci_2m_UTC+0900_DST0_20190710_234621.825.tdms,1khz_50ns_20deci_2m_UTC+0900_DST0_20190710_234621.825.tdms,1khz_50ns_20deci_2m_UTC+0900_DST0_20190710_234621.825,13.0,15.0,243,648,1000.0
1012,pohang__1khz_50ns_20deci_2m_UTC+0900_DST0_20190710_234621.825,pohang,pohang,pohang,unlabel,2,/home/ted1204/MS_Detection_Datamaker/MS_datamaker_PH/data/unlabel/1khz_50ns_20deci_2m_UTC+0900_DST0_20190710_234621.825.tdms,1khz_50ns_20deci_2m_UTC+0900_DST0_20190710_234621.825.tdms,1khz_50ns_20deci_2m_UTC+0900_DST0_20190710_234621.825,16.0,18.0,243,648,1000.0
1013,pohang__1khz_50ns_20deci_2m_UTC+0900_DST0_20190710_234621.825,pohang,pohang,pohang,unlabel,2,/home/ted1204/MS_Detection_Datamaker/MS_datamaker_PH/data/unlabel/1khz_50ns_20deci_2m_UTC+0900_DST0_20190710_234621.825.tdms,1khz_50ns_20deci_2m_UTC+0900_DST0_20190710_234621.825.tdms,1khz_50ns_20deci_2m_UTC+0900_DST0_20190710_234621.825,17.0,19.0,243,648,1000.0
1014,pohang__1khz_50ns_20deci_2m_UTC+0900_DST0_20190710_234621.825,pohang,pohang,pohang,unlabel,2,/home/ted1204/MS_Detection_Datamaker/MS_datamaker_PH/data/unlabel/1khz_50ns_20deci_2m_UTC+0900_DST0_20190710_234621.825.tdms,1khz_50ns_20deci_2m_UTC+0900_DST0_20190710_234621.825.tdms,1khz_50ns_20deci_2m_UTC+0900_DST0_20190710_234621.825,20.0,22.0,243,648,1000.0
1015,pohang__1khz_50ns_20deci_2m_UTC+0900_DST0_20190710_234621.825,pohang,pohang,pohang,unlabel,2,/home/ted1204/MS_Detection_Datamaker/MS_datamaker_PH/data/unlabel/1khz_50ns_20deci_2m_UTC+0900_DST0_20190710_234621.825.tdms,1khz_50ns_20deci_2m_UTC+0900_DST0_20190710_234621.825.tdms,1khz_50ns_20deci_2m_UTC+0900_DST0_20190710_234621.825,21.0,23.0,243,648,1000.0
1016,pohang__1khz_50ns_20deci_2m_UTC+0900_DST0_20190710_234621.825,pohang,pohang,pohang,unlabel,2,/home/ted1204/MS_Detection_Datamaker/MS_datamaker_PH/data/unlabel/1khz_50ns_20deci_2m_UTC+0900_DST0_20190710_234621.825.tdms,1khz_50ns_20deci_2m_UTC+0900_DST0_20190710_234621.825.tdms,1khz_50ns_20deci_2m_UTC+0900_DST0_20190710_234621.825,24.0,26.0,243,648,1000.0
1017,pohang__1khz_50ns_20deci_2m_UTC+0900_DST0_20190710_234621.825,pohang,pohang,pohang,unlabel,2,/home/ted1204/MS_Detection_Datamaker/MS_datamaker_PH/data/unlabel/1khz_50ns_20deci_2m_UTC+0900_DST0_20190710_234621.825.tdms,1khz_50ns_20deci_2m_UTC+0900_DST0_20190710_234621.825.tdms,1khz_50ns_20deci_2m_UTC+0900_DST0_20190710_234621.825,25.0,27.0,243,648,1000.0
1018,pohang__1khz_50ns_20deci_2m_UTC+0900_DST0_20190710_234621.825,pohang,pohang,pohang,unlabel,2,/home/ted1204/MS_Detection_Datamaker/MS_datamaker_PH/data/unlabel/1khz_50ns_20deci_2m_UTC+0900_DST0_20190710_234621.825.tdms,1khz_50ns_20deci_2m_UTC+0900_DST0_20190710_234621.825.tdms,1khz_50ns_20deci_2m_UTC+0900_DST0_20190710_234621.825,26.0,28.0,243,648,1000.0
1019,pohang__1khz_50ns_20deci_2m_UTC+0900_DST0_20190710_234621.825,pohang,pohang,pohang,unlabel,2,/home/ted1204/MS_Detection_Datamaker/MS_datamaker_PH/data/unlabel/1khz_50ns_20deci_2m_UTC+0900_DST0_20190710_234621.825.tdms,1khz_50ns_20deci_2m_UTC+0900_DST0_20190710_234621.825.tdms,1khz_50ns_20deci_2m_UTC+0900_DST0_20190710_234621.825,28.0,30.0,243,648,1000.0
1020,pohang__1khz_50ns_20deci_2m_UTC+0900_DST0_20190711_045121.825,pohang,pohang,pohang,unlabel,2,/home/ted1204/MS_Detection_Datamaker/MS_datamaker_PH/data/unlabel/1khz_50ns_20deci_2m_UTC+0900_DST0_20190711_045121.825.tdms,1khz_50ns_20deci_2m_UTC+0900_DST0_20190711_045121.825.tdms,1khz_50ns_20deci_2m_UTC+0900_DST0_20190711_045121.825,0.0,2.0,243,648,1000.0
1021,pohang__1khz_50ns_20deci_2m_UTC+0900_DST0_20190711_045121.825,pohang,pohang,pohang,unlabel,2,/home/ted1204/MS_Detection_Datamaker/MS_datamaker_PH/data/unlabel/1khz_50ns_20deci_2m_UTC+0900_DST0_20190711_045121.825.tdms,1khz_50ns_20deci_2m_UTC+0900_DST0_20190711_045121.825.tdms,1khz_50ns_20deci_2m_UTC+0900_DST0_20190711_045121.825,1.0,3.0,243,648,1000.0
1022,pohang__1khz_50ns_20deci_2m_UTC+0900_DST0_20190711_045121.825,pohang,pohang,pohang,unlabel,2,/home/ted1204/MS_Detection_Datamaker/MS_datamaker_PH/data/unlabel/1khz_50ns_20deci_2m_UTC+0900_DST0_20190711_045121.825.tdms,1khz_50ns_20deci_2m_UTC+0900_DST0_20190711_045121.825.tdms,1khz_50ns_20deci_2m_UTC+0900_DST0_20190711_045121.825,2.0,4.0,243,648,1000.0
1023,pohang__1khz_50ns_20deci_2m_UTC+0900_DST0_20190711_045121.825,pohang,pohang,pohang,unlabel,2,/home/ted1204/MS_Detection_Datamaker/MS_datamaker_PH/data/unlabel/1khz_50ns_20deci_2m_UTC+0900_DST0_20190711_045121.825.tdms,1khz_50ns_20deci_2m_UTC+0900_DST0_20190711_045121.825.tdms,1khz_50ns_20deci_2m_UTC+0900_DST0_20190711_045121.825,3.0,5.0,243,648,1000.0
1024,pohang__1khz_50ns_20deci_2m_UTC+0900_DST0_20190711_045121.825,pohang,pohang,pohang,unlabel,2,/home/ted1204/MS_Detection_Datamaker/MS_datamaker_PH/data/unlabel/1khz_50ns_20deci_2m_UTC+0900_DST0_20190711_045121.825.tdms,1khz_50ns_20deci_2m_UTC+0900_DST0_20190711_045121.825.tdms,1khz_50ns_20deci_2m_UTC+0900_DST0_20190711_045121.825,5.0,7.0,243,648,1000.0
1025,pohang__1khz_50ns_20deci_2m_UTC+0900_DST0_20190711_045121.825,pohang,pohang,pohang,unlabel,2,/home/ted1204/MS_Detection_Datamaker/MS_datamaker_PH/data/unlabel/1khz_50ns_20deci_2m_UTC+0900_DST0_20190711_045121.825.tdms,1khz_50ns_20deci_2m_UTC+0900_DST0_20190711_045121.825.tdms,1khz_50ns_20deci_2m_UTC+0900_DST0_20190711_045121.825,8.0,10.0,243,648,1000.0
1026,pohang__1khz_50ns_20deci_2m_UTC+0900_DST0_20190711_045121.825,pohang,pohang,pohang,unlabel,2,/home/ted1204/MS_Detection_Datamaker/MS_datamaker_PH/data/unlabel/1khz_50ns_20deci_2m_UTC+0900_DST0_20190711_045121.825.tdms,1khz_50ns_20deci_2m_UTC+0900_DST0_20190711_045121.825.tdms,1khz_50ns_20deci_2m_UTC+0900_DST0_20190711_045121.825,9.0,11.0,243,648,1000.0
1027,pohang__1khz_50ns_20deci_2m_UTC+0900_DST0_20190711_045121.825,pohang,pohang,pohang,unlabel,2,/home/ted1204/MS_Detection_Datamaker/MS_datamaker_PH/data/unlabel/1khz_50ns_20deci_2m_UTC+0900_DST0_20190711_045121.825.tdms,1khz_50ns_20deci_2m_UTC+0900_DST0_20190711_045121.825.tdms,1khz_50ns_20deci_2m_UTC+0900_DST0_20190711_045121.825,11.0,13.0,243,648,1000.0
1028,pohang__1khz_50ns_20deci_2m_UTC+0900_DST0_20190711_045121.825,pohang,pohang,pohang,unlabel,2,/home/ted1204/MS_Detection_Datamaker/MS_datamaker_PH/data/unlabel/1khz_50ns_20deci_2m_UTC+0900_DST0_20190711_045121.825.tdms,1khz_50ns_20deci_2m_UTC+0900_DST0_20190711_045121.825.tdms,1khz_50ns_20deci_2m_UTC+0900_DST0_20190711_045121.825,12.0,14.0,243,648,1000.0
1029,pohang__1khz_50ns_20deci_2m_UTC+0900_DST0_20190711_045121.825,pohang,pohang,pohang,unlabel,2,/home/ted1204/MS_Detection_Datamaker/MS_datamaker_PH/data/unlabel/1khz_50ns_20deci_2m_UTC+0900_DST0_20190711_045121.825.tdms,1khz_50ns_20deci_2m_UTC+0900_DST0_20190711_045121.825.tdms,1khz_50ns_20deci_2m_UTC+0900_DST0_20190711_045121.825,17.0,19.0,243,648,1000.0
1030,pohang__1khz_50ns_20deci_2m_UTC+0900_DST0_20190711_045121.825,pohang,pohang,pohang,unlabel,2,/home/ted1204/MS_Detection_Datamaker/MS_datamaker_PH/data/unlabel/1khz_50ns_20deci_2m_UTC+0900_DST0_20190711_045121.825.tdms,1khz_50ns_20deci_2m_UTC+0900_DST0_20190711_045121.825.tdms,1khz_50ns_20deci_2m_UTC+0900_DST0_20190711_045121.825,18.0,20.0,243,648,1000.0
1031,pohang__1khz_50ns_20deci_2m_UTC+0900_DST0_20190711_045121.825,pohang,pohang,pohang,unlabel,2,/home/ted1204/MS_Detection_Datamaker/MS_datamaker_PH/data/unlabel/1khz_50ns_20deci_2m_UTC+0900_DST0_20190711_045121.825.tdms,1khz_50ns_20deci_2m_UTC+0900_DST0_20190711_045121.825.tdms,1khz_50ns_20deci_2m_UTC+0900_DST0_20190711_045121.825,20.0,22.0,243,648,1000.0
1032,pohang__1khz_50ns_20deci_2m_UTC+0900_DST0_20190711_045121.825,pohang,pohang,pohang,unlabel,2,/home/ted1204/MS_Detection_Datamaker/MS_datamaker_PH/data/unlabel/1khz_50ns_20deci_2m_UTC+0900_DST0_20190711_045121.825.tdms,1khz_50ns_20deci_2m_UTC+0900_DST0_20190711_045121.825.tdms,1khz_50ns_20deci_2m_UTC+0900_DST0_20190711_045121.825,21.0,23.0,243,648,1000.0
1033,pohang__1khz_50ns_20deci_2m_UTC+0900_DST0_20190711_045121.825,pohang,pohang,pohang,unlabel,2,/home/ted1204/MS_Detection_Datamaker/MS_datamaker_PH/data/unlabel/1khz_50ns_20deci_2m_UTC+0900_DST0_20190711_045121.825.tdms,1khz_50ns_20deci_2m_UTC+0900_DST0_20190711_045121.825.tdms,1khz_50ns_20deci_2m_UTC+0900_DST0_20190711_045121.825,23.0,25.0,243,648,1000.0
1034,pohang__1khz_50ns_20deci_2m_UTC+0900_DST0_20190711_045121.825,pohang,pohang,pohang,unlabel,2,/home/ted1204/MS_Detection_Datamaker/MS_datamaker_PH/data/unlabel/1khz_50ns_20deci_2m_UTC+0900_DST0_20190711_045121.825.tdms,1khz_50ns_20deci_2m_UTC+0900_DST0_20190711_045121.825.tdms,1khz_50ns_20deci_2m_UTC+0900_DST0_20190711_045121.825,25.0,27.0,243,648,1000.0
1035,pohang__1khz_50ns_20deci_2m_UTC+0900_DST0_20190711_102651.825,pohang,pohang,pohang,unlabel,2,/home/ted1204/MS_Detection_Datamaker/MS_datamaker_PH/data/unlabel/1khz_50ns_20deci_2m_UTC+0900_DST0_20190711_102651.825.tdms,1khz_50ns_20deci_2m_UTC+0900_DST0_20190711_102651.825.tdms,1khz_50ns_20deci_2m_UTC+0900_DST0_20190711_102651.825,2.0,4.0,243,648,1000.0
1036,pohang__1khz_50ns_20deci_2m_UTC+0900_DST0_20190711_102651.825,pohang,pohang,pohang,unlabel,2,/home/ted1204/MS_Detection_Datamaker/MS_datamaker_PH/data/unlabel/1khz_50ns_20deci_2m_UTC+0900_DST0_20190711_102651.825.tdms,1khz_50ns_20deci_2m_UTC+0900_DST0_20190711_102651.825.tdms,1khz_50ns_20deci_2m_UTC+0900_DST0_20190711_102651.825,3.0,5.0,243,648,1000.0
1037,pohang__1khz_50ns_20deci_2m_UTC+0900_DST0_20190711_102651.825,pohang,pohang,pohang,unlabel,2,/home/ted1204/MS_Detection_Datamaker/MS_datamaker_PH/data/unlabel/1khz_50ns_20deci_2m_UTC+0900_DST0_20190711_102651.825.tdms,1khz_50ns_20deci_2m_UTC+0900_DST0_20190711_102651.825.tdms,1khz_50ns_20deci_2m_UTC+0900_DST0_20190711_102651.825,5.0,7.0,243,648,1000.0
1038,pohang__1khz_50ns_20deci_2m_UTC+0900_DST0_20190711_102651.825,pohang,pohang,pohang,unlabel,2,/home/ted1204/MS_Detection_Datamaker/MS_datamaker_PH/data/unlabel/1khz_50ns_20deci_2m_UTC+0900_DST0_20190711_102651.825.tdms,1khz_50ns_20deci_2m_UTC+0900_DST0_20190711_102651.825.tdms,1khz_50ns_20deci_2m_UTC+0900_DST0_20190711_102651.825,6.0,8.0,243,648,1000.0
1039,pohang__1khz_50ns_20deci_2m_UTC+0900_DST0_20190711_102651.825,pohang,pohang,pohang,unlabel,2,/home/ted1204/MS_Detection_Datamaker/MS_datamaker_PH/data/unlabel/1khz_50ns_20deci_2m_UTC+0900_DST0_20190711_102651.825.tdms,1khz_50ns_20deci_2m_UTC+0900_DST0_20190711_102651.825.tdms,1khz_50ns_20deci_2m_UTC+0900_DST0_20190711_102651.825,7.0,9.0,243,648,1000.0
1040,pohang__1khz_50ns_20deci_2m_UTC+0900_DST0_20190711_102651.825,pohang,pohang,pohang,unlabel,2,/home/ted1204/MS_Detection_Datamaker/MS_datamaker_PH/data/unlabel/1khz_50ns_20deci_2m_UTC+0900_DST0_20190711_102651.825.tdms,1khz_50ns_20deci_2m_UTC+0900_DST0_20190711_102651.825.tdms,1khz_50ns_20deci_2m_UTC+0900_DST0_20190711_102651.825,9.0,11.0,243,648,1000.0
1041,pohang__1khz_50ns_20deci_2m_UTC+0900_DST0_20190711_102651.825,pohang,pohang,pohang,unlabel,2,/home/ted1204/MS_Detection_Datamaker/MS_datamaker_PH/data/unlabel/1khz_50ns_20deci_2m_UTC+0900_DST0_20190711_102651.825.tdms,1khz_50ns_20deci_2m_UTC+0900_DST0_20190711_102651.825.tdms,1khz_50ns_20deci_2m_UTC+0900_DST0_20190711_102651.825,11.0,13.0,243,648,1000.0
1042,pohang__1khz_50ns_20deci_2m_UTC+0900_DST0_20190711_102651.825,pohang,pohang,pohang,unlabel,2,/home/ted1204/MS_Detection_Datamaker/MS_datamaker_PH/data/unlabel/1khz_50ns_20deci_2m_UTC+0900_DST0_20190711_102651.825.tdms,1khz_50ns_20deci_2m_UTC+0900_DST0_20190711_102651.825.tdms,1khz_50ns_20deci_2m_UTC+0900_DST0_20190711_102651.825,13.0,15.0,243,648,1000.0
1043,pohang__1khz_50ns_20deci_2m_UTC+0900_DST0_20190711_102651.825,pohang,pohang,pohang,unlabel,2,/home/ted1204/MS_Detection_Datamaker/MS_datamaker_PH/data/unlabel/1khz_50ns_20deci_2m_UTC+0900_DST0_20190711_102651.825.tdms,1khz_50ns_20deci_2m_UTC+0900_DST0_20190711_102651.825.tdms,1khz_50ns_20deci_2m_UTC+0900_DST0_20190711_102651.825,14.0,16.0,243,648,1000.0
1044,pohang__1khz_50ns_20deci_2m_UTC+0900_DST0_20190711_102651.825,pohang,pohang,pohang,unlabel,2,/home/ted1204/MS_Detection_Datamaker/MS_datamaker_PH/data/unlabel/1khz_50ns_20deci_2m_UTC+0900_DST0_20190711_102651.825.tdms,1khz_50ns_20deci_2m_UTC+0900_DST0_20190711_102651.825.tdms,1khz_50ns_20deci_2m_UTC+0900_DST0_20190711_102651.825,15.0,17.0,243,648,1000.0
1045,pohang__1khz_50ns_20deci_2m_UTC+0900_DST0_20190711_102651.825,pohang,pohang,pohang,unlabel,2,/home/ted1204/MS_Detection_Datamaker/MS_datamaker_PH/data/unlabel/1khz_50ns_20deci_2m_UTC+0900_DST0_20190711_102651.825.tdms,1khz_50ns_20deci_2m_UTC+0900_DST0_20190711_102651.825.tdms,1khz_50ns_20deci_2m_UTC+0900_DST0_20190711_102651.825,17.0,19.0,243,648,1000.0
1046,pohang__1khz_50ns_20deci_2m_UTC+0900_DST0_20190711_102651.825,pohang,pohang,pohang,unlabel,2,/home/ted1204/MS_Detection_Datamaker/MS_datamaker_PH/data/unlabel/1khz_50ns_20deci_2m_UTC+0900_DST0_20190711_102651.825.tdms,1khz_50ns_20deci_2m_UTC+0900_DST0_20190711_102651.825.tdms,1khz_50ns_20deci_2m_UTC+0900_DST0_20190711_102651.825,18.0,20.0,243,648,1000.0
1047,pohang__1khz_50ns_20deci_2m_UTC+0900_DST0_20190711_102651.825,pohang,pohang,pohang,unlabel,2,/home/ted1204/MS_Detection_Datamaker/MS_datamaker_PH/data/unlabel/1khz_50ns_20deci_2m_UTC+0900_DST0_20190711_102651.825.tdms,1khz_50ns_20deci_2m_UTC+0900_DST0_20190711_102651.825.tdms,1khz_50ns_20deci_2m_UTC+0900_DST0_20190711_102651.825,19.0,21.0,243,648,1000.0
1048,pohang__1khz_50ns_20deci_2m_UTC+0900_DST0_20190711_102651.825,pohang,pohang,pohang,unlabel,2,/home/ted1204/MS_Detection_Datamaker/MS_datamaker_PH/data/unlabel/1khz_50ns_20deci_2m_UTC+0900_DST0_20190711_102651.825.tdms,1khz_50ns_20deci_2m_UTC+0900_DST0_20190711_102651.825.tdms,1khz_50ns_20deci_2m_UTC+0900_DST0_20190711_102651.825,23.0,25.0,243,648,1000.0
1049,pohang__1khz_50ns_20deci_2m_UTC+0900_DST0_20190711_102651.825,pohang,pohang,pohang,unlabel,2,/home/ted1204/MS_Detection_Datamaker/MS_datamaker_PH/data/unlabel/1khz_50ns_20deci_2m_UTC+0900_DST0_20190711_102651.825.tdms,1khz_50ns_20deci_2m_UTC+0900_DST0_20190711_102651.825.tdms,1khz_50ns_20deci_2m_UTC+0900_DST0_20190711_102651.825,28.0,30.0,243,648,1000.0
1050,pohang__1khz_50ns_20deci_2m_UTC_20190712_135729.994,pohang,pohang,pohang,unlabel,2,/home/ted1204/MS_Detection_Datamaker/MS_datamaker_PH/data/unlabel/1khz_50ns_20deci_2m_UTC_20190712_135729.994.tdms,1khz_50ns_20deci_2m_UTC_20190712_135729.994.tdms,1khz_50ns_20deci_2m_UTC_20190712_135729.994,2.0,4.0,243,648,1000.0
1051,pohang__1khz_50ns_20deci_2m_UTC_20190712_135729.994,pohang,pohang,pohang,unlabel,2,/home/ted1204/MS_Detection_Datamaker/MS_datamaker_PH/data/unlabel/1khz_50ns_20deci_2m_UTC_20190712_135729.994.tdms,1khz_50ns_20deci_2m_UTC_20190712_135729.994.tdms,1khz_50ns_20deci_2m_UTC_20190712_135729.994,4.0,6.0,243,648,1000.0
1052,pohang__1khz_50ns_20deci_2m_UTC_20190712_135729.994,pohang,pohang,pohang,unlabel,2,/home/ted1204/MS_Detection_Datamaker/MS_datamaker_PH/data/unlabel/1khz_50ns_20deci_2m_UTC_20190712_135729.994.tdms,1khz_50ns_20deci_2m_UTC_20190712_135729.994.tdms,1khz_50ns_20deci_2m_UTC_20190712_135729.994,5.0,7.0,243,648,1000.0
1053,pohang__1khz_50ns_20deci_2m_UTC_20190712_135729.994,pohang,pohang,pohang,unlabel,2,/home/ted1204/MS_Detection_Datamaker/MS_datamaker_PH/data/unlabel/1khz_50ns_20deci_2m_UTC_20190712_135729.994.tdms,1khz_50ns_20deci_2m_UTC_20190712_135729.994.tdms,1khz_50ns_20deci_2m_UTC_20190712_135729.994,7.0,9.0,243,648,1000.0
1054,pohang__1khz_50ns_20deci_2m_UTC_20190712_135729.994,pohang,pohang,pohang,unlabel,2,/home/ted1204/MS_Detection_Datamaker/MS_datamaker_PH/data/unlabel/1khz_50ns_20deci_2m_UTC_20190712_135729.994.tdms,1khz_50ns_20deci_2m_UTC_20190712_135729.994.tdms,1khz_50ns_20deci_2m_UTC_20190712_135729.994,8.0,10.0,243,648,1000.0
1055,pohang__1khz_50ns_20deci_2m_UTC_20190712_135729.994,pohang,pohang,pohang,unlabel,2,/home/ted1204/MS_Detection_Datamaker/MS_datamaker_PH/data/unlabel/1khz_50ns_20deci_2m_UTC_20190712_135729.994.tdms,1khz_50ns_20deci_2m_UTC_20190712_135729.994.tdms,1khz_50ns_20deci_2m_UTC_20190712_135729.994,9.0,11.0,243,648,1000.0
1056,pohang__1khz_50ns_20deci_2m_UTC_20190712_135729.994,pohang,pohang,pohang,unlabel,2,/home/ted1204/MS_Detection_Datamaker/MS_datamaker_PH/data/unlabel/1khz_50ns_20deci_2m_UTC_20190712_135729.994.tdms,1khz_50ns_20deci_2m_UTC_20190712_135729.994.tdms,1khz_50ns_20deci_2m_UTC_20190712_135729.994,10.0,12.0,243,648,1000.0
1057,pohang__1khz_50ns_20deci_2m_UTC_20190712_135729.994,pohang,pohang,pohang,unlabel,2,/home/ted1204/MS_Detection_Datamaker/MS_datamaker_PH/data/unlabel/1khz_50ns_20deci_2m_UTC_20190712_135729.994.tdms,1khz_50ns_20deci_2m_UTC_20190712_135729.994.tdms,1khz_50ns_20deci_2m_UTC_20190712_135729.994,11.0,13.0,243,648,1000.0
1058,pohang__1khz_50ns_20deci_2m_UTC_20190712_135729.994,pohang,pohang,pohang,unlabel,2,/home/ted1204/MS_Detection_Datamaker/MS_datamaker_PH/data/unlabel/1khz_50ns_20deci_2m_UTC_20190712_135729.994.tdms,1khz_50ns_20deci_2m_UTC_20190712_135729.994.tdms,1khz_50ns_20deci_2m_UTC_20190712_135729.994,12.0,14.0,243,648,1000.0
1059,pohang__1khz_50ns_20deci_2m_UTC_20190712_135729.994,pohang,pohang,pohang,unlabel,2,/home/ted1204/MS_Detection_Datamaker/MS_datamaker_PH/data/unlabel/1khz_50ns_20deci_2m_UTC_20190712_135729.994.tdms,1khz_50ns_20deci_2m_UTC_20190712_135729.994.tdms,1khz_50ns_20deci_2m_UTC_20190712_135729.994,14.0,16.0,243,648,1000.0
1060,pohang__1khz_50ns_20deci_2m_UTC_20190712_135729.994,pohang,pohang,pohang,unlabel,2,/home/ted1204/MS_Detection_Datamaker/MS_datamaker_PH/data/unlabel/1khz_50ns_20deci_2m_UTC_20190712_135729.994.tdms,1khz_50ns_20deci_2m_UTC_20190712_135729.994.tdms,1khz_50ns_20deci_2m_UTC_20190712_135729.994,22.0,24.0,243,648,1000.0
1061,pohang__1khz_50ns_20deci_2m_UTC_20190712_135729.994,pohang,pohang,pohang,unlabel,2,/home/ted1204/MS_Detection_Datamaker/MS_datamaker_PH/data/unlabel/1khz_50ns_20deci_2m_UTC_20190712_135729.994.tdms,1khz_50ns_20deci_2m_UTC_20190712_135729.994.tdms,1khz_50ns_20deci_2m_UTC_20190712_135729.994,24.0,26.0,243,648,1000.0
1062,pohang__1khz_50ns_20deci_2m_UTC_20190712_135729.994,pohang,pohang,pohang,unlabel,2,/home/ted1204/MS_Detection_Datamaker/MS_datamaker_PH/data/unlabel/1khz_50ns_20deci_2m_UTC_20190712_135729.994.tdms,1khz_50ns_20deci_2m_UTC_20190712_135729.994.tdms,1khz_50ns_20deci_2m_UTC_20190712_135729.994,25.0,27.0,243,648,1000.0
1063,pohang__1khz_50ns_20deci_2m_UTC_20190712_135729.994,pohang,pohang,pohang,unlabel,2,/home/ted1204/MS_Detection_Datamaker/MS_datamaker_PH/data/unlabel/1khz_50ns_20deci_2m_UTC_20190712_135729.994.tdms,1khz_50ns_20deci_2m_UTC_20190712_135729.994.tdms,1khz_50ns_20deci_2m_UTC_20190712_135729.994,26.0,28.0,243,648,1000.0
1064,pohang__1khz_50ns_20deci_2m_UTC_20190712_135729.994,pohang,pohang,pohang,unlabel,2,/home/ted1204/MS_Detection_Datamaker/MS_datamaker_PH/data/unlabel/1khz_50ns_20deci_2m_UTC_20190712_135729.994.tdms,1khz_50ns_20deci_2m_UTC_20190712_135729.994.tdms,1khz_50ns_20deci_2m_UTC_20190712_135729.994,28.0,30.0,243,648,1000.0
1065,pohang__1khz_50ns_20deci_2m_UTC_20190712_231429.984,pohang,pohang,pohang,unlabel,2,/home/ted1204/MS_Detection_Datamaker/MS_datamaker_PH/data/unlabel/1khz_50ns_20deci_2m_UTC_20190712_231429.984.tdms,1khz_50ns_20deci_2m_UTC_20190712_231429.984.tdms,1khz_50ns_20deci_2m_UTC_20190712_231429.984,0.0,2.0,243,648,1000.0
1066,pohang__1khz_50ns_20deci_2m_UTC_20190712_231429.984,pohang,pohang,pohang,unlabel,2,/home/ted1204/MS_Detection_Datamaker/MS_datamaker_PH/data/unlabel/1khz_50ns_20deci_2m_UTC_20190712_231429.984.tdms,1khz_50ns_20deci_2m_UTC_20190712_231429.984.tdms,1khz_50ns_20deci_2m_UTC_20190712_231429.984,3.0,5.0,243,648,1000.0
1067,pohang__1khz_50ns_20deci_2m_UTC_20190712_231429.984,pohang,pohang,pohang,unlabel,2,/home/ted1204/MS_Detection_Datamaker/MS_datamaker_PH/data/unlabel/1khz_50ns_20deci_2m_UTC_20190712_231429.984.tdms,1khz_50ns_20deci_2m_UTC_20190712_231429.984.tdms,1khz_50ns_20deci_2m_UTC_20190712_231429.984,4.0,6.0,243,648,1000.0
1068,pohang__1khz_50ns_20deci_2m_UTC_20190712_231429.984,pohang,pohang,pohang,unlabel,2,/home/ted1204/MS_Detection_Datamaker/MS_datamaker_PH/data/unlabel/1khz_50ns_20deci_2m_UTC_20190712_231429.984.tdms,1khz_50ns_20deci_2m_UTC_20190712_231429.984.tdms,1khz_50ns_20deci_2m_UTC_20190712_231429.984,6.0,8.0,243,648,1000.0
1069,pohang__1khz_50ns_20deci_2m_UTC_20190712_231429.984,pohang,pohang,pohang,unlabel,2,/home/ted1204/MS_Detection_Datamaker/MS_datamaker_PH/data/unlabel/1khz_50ns_20deci_2m_UTC_20190712_231429.984.tdms,1khz_50ns_20deci_2m_UTC_20190712_231429.984.tdms,1khz_50ns_20deci_2m_UTC_20190712_231429.984,7.0,9.0,243,648,1000.0
1070,pohang__1khz_50ns_20deci_2m_UTC_20190712_231429.984,pohang,pohang,pohang,unlabel,2,/home/ted1204/MS_Detection_Datamaker/MS_datamaker_PH/data/unlabel/1khz_50ns_20deci_2m_UTC_20190712_231429.984.tdms,1khz_50ns_20deci_2m_UTC_20190712_231429.984.tdms,1khz_50ns_20deci_2m_UTC_20190712_231429.984,8.0,10.0,243,648,1000.0
1071,pohang__1khz_50ns_20deci_2m_UTC_20190712_231429.984,pohang,pohang,pohang,unlabel,2,/home/ted1204/MS_Detection_Datamaker/MS_datamaker_PH/data/unlabel/1khz_50ns_20deci_2m_UTC_20190712_231429.984.tdms,1khz_50ns_20deci_2m_UTC_20190712_231429.984.tdms,1khz_50ns_20deci_2m_UTC_20190712_231429.984,10.0,12.0,243,648,1000.0
1072,pohang__1khz_50ns_20deci_2m_UTC_20190712_231429.984,pohang,pohang,pohang,unlabel,2,/home/ted1204/MS_Detection_Datamaker/MS_datamaker_PH/data/unlabel/1khz_50ns_20deci_2m_UTC_20190712_231429.984.tdms,1khz_50ns_20deci_2m_UTC_20190712_231429.984.tdms,1khz_50ns_20deci_2m_UTC_20190712_231429.984,12.0,14.0,243,648,1000.0
1073,pohang__1khz_50ns_20deci_2m_UTC_20190712_231429.984,pohang,pohang,pohang,unlabel,2,/home/ted1204/MS_Detection_Datamaker/MS_datamaker_PH/data/unlabel/1khz_50ns_20deci_2m_UTC_20190712_231429.984.tdms,1khz_50ns_20deci_2m_UTC_20190712_231429.984.tdms,1khz_50ns_20deci_2m_UTC_20190712_231429.984,18.0,20.0,243,648,1000.0
1074,pohang__1khz_50ns_20deci_2m_UTC_20190712_231429.984,pohang,pohang,pohang,unlabel,2,/home/ted1204/MS_Detection_Datamaker/MS_datamaker_PH/data/unlabel/1khz_50ns_20deci_2m_UTC_20190712_231429.984.tdms,1khz_50ns_20deci_2m_UTC_20190712_231429.984.tdms,1khz_50ns_20deci_2m_UTC_20190712_231429.984,19.0,21.0,243,648,1000.0
1075,pohang__1khz_50ns_20deci_2m_UTC_20190712_231429.984,pohang,pohang,pohang,unlabel,2,/home/ted1204/MS_Detection_Datamaker/MS_datamaker_PH/data/unlabel/1khz_50ns_20deci_2m_UTC_20190712_231429.984.tdms,1khz_50ns_20deci_2m_UTC_20190712_231429.984.tdms,1khz_50ns_20deci_2m_UTC_20190712_231429.984,20.0,22.0,243,648,1000.0
1076,pohang__1khz_50ns_20deci_2m_UTC_20190712_231429.984,pohang,pohang,pohang,unlabel,2,/home/ted1204/MS_Detection_Datamaker/MS_datamaker_PH/data/unlabel/1khz_50ns_20deci_2m_UTC_20190712_231429.984.tdms,1khz_50ns_20deci_2m_UTC_20190712_231429.984.tdms,1khz_50ns_20deci_2m_UTC_20190712_231429.984,21.0,23.0,243,648,1000.0
1077,pohang__1khz_50ns_20deci_2m_UTC_20190712_231429.984,pohang,pohang,pohang,unlabel,2,/home/ted1204/MS_Detection_Datamaker/MS_datamaker_PH/data/unlabel/1khz_50ns_20deci_2m_UTC_20190712_231429.984.tdms,1khz_50ns_20deci_2m_UTC_20190712_231429.984.tdms,1khz_50ns_20deci_2m_UTC_20190712_231429.984,23.0,25.0,243,648,1000.0
1078,pohang__1khz_50ns_20deci_2m_UTC_20190712_231429.984,pohang,pohang,pohang,unlabel,2,/home/ted1204/MS_Detection_Datamaker/MS_datamaker_PH/data/unlabel/1khz_50ns_20deci_2m_UTC_20190712_231429.984.tdms,1khz_50ns_20deci_2m_UTC_20190712_231429.984.tdms,1khz_50ns_20deci_2m_UTC_20190712_231429.984,24.0,26.0,243,648,1000.0
1079,pohang__1khz_50ns_20deci_2m_UTC_20190712_231429.984,pohang,pohang,pohang,unlabel,2,/home/ted1204/MS_Detection_Datamaker/MS_datamaker_PH/data/unlabel/1khz_50ns_20deci_2m_UTC_20190712_231429.984.tdms,1khz_50ns_20deci_2m_UTC_20190712_231429.984.tdms,1khz_50ns_20deci_2m_UTC_20190712_231429.984,27.0,29.0,243,648,1000.0
1080,pohang__1khz_50ns_20deci_2m_UTC_20190713_081959.975,pohang,pohang,pohang,unlabel,2,/home/ted1204/MS_Detection_Datamaker/MS_datamaker_PH/data/unlabel/1khz_50ns_20deci_2m_UTC_20190713_081959.975.tdms,1khz_50ns_20deci_2m_UTC_20190713_081959.975.tdms,1khz_50ns_20deci_2m_UTC_20190713_081959.975,0.0,2.0,243,648,1000.0
1081,pohang__1khz_50ns_20deci_2m_UTC_20190713_081959.975,pohang,pohang,pohang,unlabel,2,/home/ted1204/MS_Detection_Datamaker/MS_datamaker_PH/data/unlabel/1khz_50ns_20deci_2m_UTC_20190713_081959.975.tdms,1khz_50ns_20deci_2m_UTC_20190713_081959.975.tdms,1khz_50ns_20deci_2m_UTC_20190713_081959.975,2.0,4.0,243,648,1000.0
1082,pohang__1khz_50ns_20deci_2m_UTC_20190713_081959.975,pohang,pohang,pohang,unlabel,2,/home/ted1204/MS_Detection_Datamaker/MS_datamaker_PH/data/unlabel/1khz_50ns_20deci_2m_UTC_20190713_081959.975.tdms,1khz_50ns_20deci_2m_UTC_20190713_081959.975.tdms,1khz_50ns_20deci_2m_UTC_20190713_081959.975,4.0,6.0,243,648,1000.0
1083,pohang__1khz_50ns_20deci_2m_UTC_20190713_081959.975,pohang,pohang,pohang,unlabel,2,/home/ted1204/MS_Detection_Datamaker/MS_datamaker_PH/data/unlabel/1khz_50ns_20deci_2m_UTC_20190713_081959.975.tdms,1khz_50ns_20deci_2m_UTC_20190713_081959.975.tdms,1khz_50ns_20deci_2m_UTC_20190713_081959.975,7.0,9.0,243,648,1000.0
1084,pohang__1khz_50ns_20deci_2m_UTC_20190713_081959.975,pohang,pohang,pohang,unlabel,2,/home/ted1204/MS_Detection_Datamaker/MS_datamaker_PH/data/unlabel/1khz_50ns_20deci_2m_UTC_20190713_081959.975.tdms,1khz_50ns_20deci_2m_UTC_20190713_081959.975.tdms,1khz_50ns_20deci_2m_UTC_20190713_081959.975,9.0,11.0,243,648,1000.0
1085,pohang__1khz_50ns_20deci_2m_UTC_20190713_081959.975,pohang,pohang,pohang,unlabel,2,/home/ted1204/MS_Detection_Datamaker/MS_datamaker_PH/data/unlabel/1khz_50ns_20deci_2m_UTC_20190713_081959.975.tdms,1khz_50ns_20deci_2m_UTC_20190713_081959.975.tdms,1khz_50ns_20deci_2m_UTC_20190713_081959.975,10.0,12.0,243,648,1000.0
1086,pohang__1khz_50ns_20deci_2m_UTC_20190713_081959.975,pohang,pohang,pohang,unlabel,2,/home/ted1204/MS_Detection_Datamaker/MS_datamaker_PH/data/unlabel/1khz_50ns_20deci_2m_UTC_20190713_081959.975.tdms,1khz_50ns_20deci_2m_UTC_20190713_081959.975.tdms,1khz_50ns_20deci_2m_UTC_20190713_081959.975,11.0,13.0,243,648,1000.0
1087,pohang__1khz_50ns_20deci_2m_UTC_20190713_081959.975,pohang,pohang,pohang,unlabel,2,/home/ted1204/MS_Detection_Datamaker/MS_datamaker_PH/data/unlabel/1khz_50ns_20deci_2m_UTC_20190713_081959.975.tdms,1khz_50ns_20deci_2m_UTC_20190713_081959.975.tdms,1khz_50ns_20deci_2m_UTC_20190713_081959.975,13.0,15.0,243,648,1000.0
1088,pohang__1khz_50ns_20deci_2m_UTC_20190713_081959.975,pohang,pohang,pohang,unlabel,2,/home/ted1204/MS_Detection_Datamaker/MS_datamaker_PH/data/unlabel/1khz_50ns_20deci_2m_UTC_20190713_081959.975.tdms,1khz_50ns_20deci_2m_UTC_20190713_081959.975.tdms,1khz_50ns_20deci_2m_UTC_20190713_081959.975,15.0,17.0,243,648,1000.0
1089,pohang__1khz_50ns_20deci_2m_UTC_20190713_081959.975,pohang,pohang,pohang,unlabel,2,/home/ted1204/MS_Detection_Datamaker/MS_datamaker_PH/data/unlabel/1khz_50ns_20deci_2m_UTC_20190713_081959.975.tdms,1khz_50ns_20deci_2m_UTC_20190713_081959.975.tdms,1khz_50ns_20deci_2m_UTC_20190713_081959.975,16.0,18.0,243,648,1000.0
1090,pohang__1khz_50ns_20deci_2m_UTC_20190713_081959.975,pohang,pohang,pohang,unlabel,2,/home/ted1204/MS_Detection_Datamaker/MS_datamaker_PH/data/unlabel/1khz_50ns_20deci_2m_UTC_20190713_081959.975.tdms,1khz_50ns_20deci_2m_UTC_20190713_081959.975.tdms,1khz_50ns_20deci_2m_UTC_20190713_081959.975,18.0,20.0,243,648,1000.0
1091,pohang__1khz_50ns_20deci_2m_UTC_20190713_081959.975,pohang,pohang,pohang,unlabel,2,/home/ted1204/MS_Detection_Datamaker/MS_datamaker_PH/data/unlabel/1khz_50ns_20deci_2m_UTC_20190713_081959.975.tdms,1khz_50ns_20deci_2m_UTC_20190713_081959.975.tdms,1khz_50ns_20deci_2m_UTC_20190713_081959.975,21.0,23.0,243,648,1000.0
1092,pohang__1khz_50ns_20deci_2m_UTC_20190713_081959.975,pohang,pohang,pohang,unlabel,2,/home/ted1204/MS_Detection_Datamaker/MS_datamaker_PH/data/unlabel/1khz_50ns_20deci_2m_UTC_20190713_081959.975.tdms,1khz_50ns_20deci_2m_UTC_20190713_081959.975.tdms,1khz_50ns_20deci_2m_UTC_20190713_081959.975,22.0,24.0,243,648,1000.0
1093,pohang__1khz_50ns_20deci_2m_UTC_20190713_081959.975,pohang,pohang,pohang,unlabel,2,/home/ted1204/MS_Detection_Datamaker/MS_datamaker_PH/data/unlabel/1khz_50ns_20deci_2m_UTC_20190713_081959.975.tdms,1khz_50ns_20deci_2m_UTC_20190713_081959.975.tdms,1khz_50ns_20deci_2m_UTC_20190713_081959.975,26.0,28.0,243,648,1000.0
1094,pohang__1khz_50ns_20deci_2m_UTC_20190713_081959.975,pohang,pohang,pohang,unlabel,2,/home/ted1204/MS_Detection_Datamaker/MS_datamaker_PH/data/unlabel/1khz_50ns_20deci_2m_UTC_20190713_081959.975.tdms,1khz_50ns_20deci_2m_UTC_20190713_081959.975.tdms,1khz_50ns_20deci_2m_UTC_20190713_081959.975,27.0,29.0,243,648,1000.0
1095,pohang__1khz_50ns_20deci_2m_UTC_20190713_112259.971,pohang,pohang,pohang,unlabel,2,/home/ted1204/MS_Detection_Datamaker/MS_datamaker_PH/data/unlabel/1khz_50ns_20deci_2m_UTC_20190713_112259.971.tdms,1khz_50ns_20deci_2m_UTC_20190713_112259.971.tdms,1khz_50ns_20deci_2m_UTC_20190713_112259.971,0.0,2.0,243,648,1000.0
1096,pohang__1khz_50ns_20deci_2m_UTC_20190713_112259.971,pohang,pohang,pohang,unlabel,2,/home/ted1204/MS_Detection_Datamaker/MS_datamaker_PH/data/unlabel/1khz_50ns_20deci_2m_UTC_20190713_112259.971.tdms,1khz_50ns_20deci_2m_UTC_20190713_112259.971.tdms,1khz_50ns_20deci_2m_UTC_20190713_112259.971,2.0,4.0,243,648,1000.0
1097,pohang__1khz_50ns_20deci_2m_UTC_20190713_112259.971,pohang,pohang,pohang,unlabel,2,/home/ted1204/MS_Detection_Datamaker/MS_datamaker_PH/data/unlabel/1khz_50ns_20deci_2m_UTC_20190713_112259.971.tdms,1khz_50ns_20deci_2m_UTC_20190713_112259.971.tdms,1khz_50ns_20deci_2m_UTC_20190713_112259.971,7.0,9.0,243,648,1000.0
1098,pohang__1khz_50ns_20deci_2m_UTC_20190713_112259.971,pohang,pohang,pohang,unlabel,2,/home/ted1204/MS_Detection_Datamaker/MS_datamaker_PH/data/unlabel/1khz_50ns_20deci_2m_UTC_20190713_112259.971.tdms,1khz_50ns_20deci_2m_UTC_20190713_112259.971.tdms,1khz_50ns_20deci_2m_UTC_20190713_112259.971,9.0,11.0,243,648,1000.0
1099,pohang__1khz_50ns_20deci_2m_UTC_20190713_112259.971,pohang,pohang,pohang,unlabel,2,/home/ted1204/MS_Detection_Datamaker/MS_datamaker_PH/data/unlabel/1khz_50ns_20deci_2m_UTC_20190713_112259.971.tdms,1khz_50ns_20deci_2m_UTC_20190713_112259.971.tdms,1khz_50ns_20deci_2m_UTC_20190713_112259.971,10.0,12.0,243,648,1000.0
1100,pohang__1khz_50ns_20deci_2m_UTC_20190713_112259.971,pohang,pohang,pohang,unlabel,2,/home/ted1204/MS_Detection_Datamaker/MS_datamaker_PH/data/unlabel/1khz_50ns_20deci_2m_UTC_20190713_112259.971.tdms,1khz_50ns_20deci_2m_UTC_20190713_112259.971.tdms,1khz_50ns_20deci_2m_UTC_20190713_112259.971,12.0,14.0,243,648,1000.0
1101,pohang__1khz_50ns_20deci_2m_UTC_20190713_112259.971,pohang,pohang,pohang,unlabel,2,/home/ted1204/MS_Detection_Datamaker/MS_datamaker_PH/data/unlabel/1khz_50ns_20deci_2m_UTC_20190713_112259.971.tdms,1khz_50ns_20deci_2m_UTC_20190713_112259.971.tdms,1khz_50ns_20deci_2m_UTC_20190713_112259.971,15.0,17.0,243,648,1000.0
1102,pohang__1khz_50ns_20deci_2m_UTC_20190713_112259.971,pohang,pohang,pohang,unlabel,2,/home/ted1204/MS_Detection_Datamaker/MS_datamaker_PH/data/unlabel/1khz_50ns_20deci_2m_UTC_20190713_112259.971.tdms,1khz_50ns_20deci_2m_UTC_20190713_112259.971.tdms,1khz_50ns_20deci_2m_UTC_20190713_112259.971,17.0,19.0,243,648,1000.0
1103,pohang__1khz_50ns_20deci_2m_UTC_20190713_112259.971,pohang,pohang,pohang,unlabel,2,/home/ted1204/MS_Detection_Datamaker/MS_datamaker_PH/data/unlabel/1khz_50ns_20deci_2m_UTC_20190713_112259.971.tdms,1khz_50ns_20deci_2m_UTC_20190713_112259.971.tdms,1khz_50ns_20deci_2m_UTC_20190713_112259.971,19.0,21.0,243,648,1000.0
1104,pohang__1khz_50ns_20deci_2m_UTC_20190713_112259.971,pohang,pohang,pohang,unlabel,2,/home/ted1204/MS_Detection_Datamaker/MS_datamaker_PH/data/unlabel/1khz_50ns_20deci_2m_UTC_20190713_112259.971.tdms,1khz_50ns_20deci_2m_UTC_20190713_112259.971.tdms,1khz_50ns_20deci_2m_UTC_20190713_112259.971,20.0,22.0,243,648,1000.0
1105,pohang__1khz_50ns_20deci_2m_UTC_20190713_112259.971,pohang,pohang,pohang,unlabel,2,/home/ted1204/MS_Detection_Datamaker/MS_datamaker_PH/data/unlabel/1khz_50ns_20deci_2m_UTC_20190713_112259.971.tdms,1khz_50ns_20deci_2m_UTC_20190713_112259.971.tdms,1khz_50ns_20deci_2m_UTC_20190713_112259.971,21.0,23.0,243,648,1000.0
1106,pohang__1khz_50ns_20deci_2m_UTC_20190713_112259.971,pohang,pohang,pohang,unlabel,2,/home/ted1204/MS_Detection_Datamaker/MS_datamaker_PH/data/unlabel/1khz_50ns_20deci_2m_UTC_20190713_112259.971.tdms,1khz_50ns_20deci_2m_UTC_20190713_112259.971.tdms,1khz_50ns_20deci_2m_UTC_20190713_112259.971,22.0,24.0,243,648,1000.0
1107,pohang__1khz_50ns_20deci_2m_UTC_20190713_112259.971,pohang,pohang,pohang,unlabel,2,/home/ted1204/MS_Detection_Datamaker/MS_datamaker_PH/data/unlabel/1khz_50ns_20deci_2m_UTC_20190713_112259.971.tdms,1khz_50ns_20deci_2m_UTC_20190713_112259.971.tdms,1khz_50ns_20deci_2m_UTC_20190713_112259.971,23.0,25.0,243,648,1000.0
1108,pohang__1khz_50ns_20deci_2m_UTC_20190713_112259.971,pohang,pohang,pohang,unlabel,2,/home/ted1204/MS_Detection_Datamaker/MS_datamaker_PH/data/unlabel/1khz_50ns_20deci_2m_UTC_20190713_112259.971.tdms,1khz_50ns_20deci_2m_UTC_20190713_112259.971.tdms,1khz_50ns_20deci_2m_UTC_20190713_112259.971,27.0,29.0,243,648,1000.0
1109,pohang__1khz_50ns_20deci_2m_UTC_20190713_112259.971,pohang,pohang,pohang,unlabel,2,/home/ted1204/MS_Detection_Datamaker/MS_datamaker_PH/data/unlabel/1khz_50ns_20deci_2m_UTC_20190713_112259.971.tdms,1khz_50ns_20deci_2m_UTC_20190713_112259.971.tdms,1khz_50ns_20deci_2m_UTC_20190713_112259.971,28.0,30.0,243,648,1000.0
1110,pohang__1khz_50ns_20deci_2m_UTC_20190714_034259.954,pohang,pohang,pohang,unlabel,2,/home/ted1204/MS_Detection_Datamaker/MS_datamaker_PH/data/unlabel/1khz_50ns_20deci_2m_UTC_20190714_034259.954.tdms,1khz_50ns_20deci_2m_UTC_20190714_034259.954.tdms,1khz_50ns_20deci_2m_UTC_20190714_034259.954,0.0,2.0,243,648,1000.0
1111,pohang__1khz_50ns_20deci_2m_UTC_20190714_034259.954,pohang,pohang,pohang,unlabel,2,/home/ted1204/MS_Detection_Datamaker/MS_datamaker_PH/data/unlabel/1khz_50ns_20deci_2m_UTC_20190714_034259.954.tdms,1khz_50ns_20deci_2m_UTC_20190714_034259.954.tdms,1khz_50ns_20deci_2m_UTC_20190714_034259.954,1.0,3.0,243,648,1000.0
1112,pohang__1khz_50ns_20deci_2m_UTC_20190714_034259.954,pohang,pohang,pohang,unlabel,2,/home/ted1204/MS_Detection_Datamaker/MS_datamaker_PH/data/unlabel/1khz_50ns_20deci_2m_UTC_20190714_034259.954.tdms,1khz_50ns_20deci_2m_UTC_20190714_034259.954.tdms,1khz_50ns_20deci_2m_UTC_20190714_034259.954,2.0,4.0,243,648,1000.0
1113,pohang__1khz_50ns_20deci_2m_UTC_20190714_034259.954,pohang,pohang,pohang,unlabel,2,/home/ted1204/MS_Detection_Datamaker/MS_datamaker_PH/data/unlabel/1khz_50ns_20deci_2m_UTC_20190714_034259.954.tdms,1khz_50ns_20deci_2m_UTC_20190714_034259.954.tdms,1khz_50ns_20deci_2m_UTC_20190714_034259.954,4.0,6.0,243,648,1000.0
1114,pohang__1khz_50ns_20deci_2m_UTC_20190714_034259.954,pohang,pohang,pohang,unlabel,2,/home/ted1204/MS_Detection_Datamaker/MS_datamaker_PH/data/unlabel/1khz_50ns_20deci_2m_UTC_20190714_034259.954.tdms,1khz_50ns_20deci_2m_UTC_20190714_034259.954.tdms,1khz_50ns_20deci_2m_UTC_20190714_034259.954,6.0,8.0,243,648,1000.0
1115,pohang__1khz_50ns_20deci_2m_UTC_20190714_034259.954,pohang,pohang,pohang,unlabel,2,/home/ted1204/MS_Detection_Datamaker/MS_datamaker_PH/data/unlabel/1khz_50ns_20deci_2m_UTC_20190714_034259.954.tdms,1khz_50ns_20deci_2m_UTC_20190714_034259.954.tdms,1khz_50ns_20deci_2m_UTC_20190714_034259.954,9.0,11.0,243,648,1000.0
1116,pohang__1khz_50ns_20deci_2m_UTC_20190714_034259.954,pohang,pohang,pohang,unlabel,2,/home/ted1204/MS_Detection_Datamaker/MS_datamaker_PH/data/unlabel/1khz_50ns_20deci_2m_UTC_20190714_034259.954.tdms,1khz_50ns_20deci_2m_UTC_20190714_034259.954.tdms,1khz_50ns_20deci_2m_UTC_20190714_034259.954,11.0,13.0,243,648,1000.0
1117,pohang__1khz_50ns_20deci_2m_UTC_20190714_034259.954,pohang,pohang,pohang,unlabel,2,/home/ted1204/MS_Detection_Datamaker/MS_datamaker_PH/data/unlabel/1khz_50ns_20deci_2m_UTC_20190714_034259.954.tdms,1khz_50ns_20deci_2m_UTC_20190714_034259.954.tdms,1khz_50ns_20deci_2m_UTC_20190714_034259.954,14.0,16.0,243,648,1000.0
1118,pohang__1khz_50ns_20deci_2m_UTC_20190714_034259.954,pohang,pohang,pohang,unlabel,2,/home/ted1204/MS_Detection_Datamaker/MS_datamaker_PH/data/unlabel/1khz_50ns_20deci_2m_UTC_20190714_034259.954.tdms,1khz_50ns_20deci_2m_UTC_20190714_034259.954.tdms,1khz_50ns_20deci_2m_UTC_20190714_034259.954,15.0,17.0,243,648,1000.0
1119,pohang__1khz_50ns_20deci_2m_UTC_20190714_034259.954,pohang,pohang,pohang,unlabel,2,/home/ted1204/MS_Detection_Datamaker/MS_datamaker_PH/data/unlabel/1khz_50ns_20deci_2m_UTC_20190714_034259.954.tdms,1khz_50ns_20deci_2m_UTC_20190714_034259.954.tdms,1khz_50ns_20deci_2m_UTC_20190714_034259.954,16.0,18.0,243,648,1000.0
1120,pohang__1khz_50ns_20deci_2m_UTC_20190714_034259.954,pohang,pohang,pohang,unlabel,2,/home/ted1204/MS_Detection_Datamaker/MS_datamaker_PH/data/unlabel/1khz_50ns_20deci_2m_UTC_20190714_034259.954.tdms,1khz_50ns_20deci_2m_UTC_20190714_034259.954.tdms,1khz_50ns_20deci_2m_UTC_20190714_034259.954,19.0,21.0,243,648,1000.0
1121,pohang__1khz_50ns_20deci_2m_UTC_20190714_034259.954,pohang,pohang,pohang,unlabel,2,/home/ted1204/MS_Detection_Datamaker/MS_datamaker_PH/data/unlabel/1khz_50ns_20deci_2m_UTC_20190714_034259.954.tdms,1khz_50ns_20deci_2m_UTC_20190714_034259.954.tdms,1khz_50ns_20deci_2m_UTC_20190714_034259.954,21.0,23.0,243,648,1000.0
1122,pohang__1khz_50ns_20deci_2m_UTC_20190714_034259.954,pohang,pohang,pohang,unlabel,2,/home/ted1204/MS_Detection_Datamaker/MS_datamaker_PH/data/unlabel/1khz_50ns_20deci_2m_UTC_20190714_034259.954.tdms,1khz_50ns_20deci_2m_UTC_20190714_034259.954.tdms,1khz_50ns_20deci_2m_UTC_20190714_034259.954,23.0,25.0,243,648,1000.0
1123,pohang__1khz_50ns_20deci_2m_UTC_20190714_034259.954,pohang,pohang,pohang,unlabel,2,/home/ted1204/MS_Detection_Datamaker/MS_datamaker_PH/data/unlabel/1khz_50ns_20deci_2m_UTC_20190714_034259.954.tdms,1khz_50ns_20deci_2m_UTC_20190714_034259.954.tdms,1khz_50ns_20deci_2m_UTC_20190714_034259.954,25.0,27.0,243,648,1000.0
1124,pohang__1khz_50ns_20deci_2m_UTC_20190714_034259.954,pohang,pohang,pohang,unlabel,2,/home/ted1204/MS_Detection_Datamaker/MS_datamaker_PH/data/unlabel/1khz_50ns_20deci_2m_UTC_20190714_034259.954.tdms,1khz_50ns_20deci_2m_UTC_20190714_034259.954.tdms,1khz_50ns_20deci_2m_UTC_20190714_034259.954,28.0,30.0,243,648,1000.0
1125,pohang__1khz_50ns_20deci_2m_UTC_20190714_210529.936,pohang,pohang,pohang,unlabel,2,/home/ted1204/MS_Detection_Datamaker/MS_datamaker_PH/data/unlabel/1khz_50ns_20deci_2m_UTC_20190714_210529.936.tdms,1khz_50ns_20deci_2m_UTC_20190714_210529.936.tdms,1khz_50ns_20deci_2m_UTC_20190714_210529.936,0.0,2.0,243,648,1000.0
1126,pohang__1khz_50ns_20deci_2m_UTC_20190714_210529.936,pohang,pohang,pohang,unlabel,2,/home/ted1204/MS_Detection_Datamaker/MS_datamaker_PH/data/unlabel/1khz_50ns_20deci_2m_UTC_20190714_210529.936.tdms,1khz_50ns_20deci_2m_UTC_20190714_210529.936.tdms,1khz_50ns_20deci_2m_UTC_20190714_210529.936,2.0,4.0,243,648,1000.0
1127,pohang__1khz_50ns_20deci_2m_UTC_20190714_210529.936,pohang,pohang,pohang,unlabel,2,/home/ted1204/MS_Detection_Datamaker/MS_datamaker_PH/data/unlabel/1khz_50ns_20deci_2m_UTC_20190714_210529.936.tdms,1khz_50ns_20deci_2m_UTC_20190714_210529.936.tdms,1khz_50ns_20deci_2m_UTC_20190714_210529.936,3.0,5.0,243,648,1000.0
1128,pohang__1khz_50ns_20deci_2m_UTC_20190714_210529.936,pohang,pohang,pohang,unlabel,2,/home/ted1204/MS_Detection_Datamaker/MS_datamaker_PH/data/unlabel/1khz_50ns_20deci_2m_UTC_20190714_210529.936.tdms,1khz_50ns_20deci_2m_UTC_20190714_210529.936.tdms,1khz_50ns_20deci_2m_UTC_20190714_210529.936,5.0,7.0,243,648,1000.0
1129,pohang__1khz_50ns_20deci_2m_UTC_20190714_210529.936,pohang,pohang,pohang,unlabel,2,/home/ted1204/MS_Detection_Datamaker/MS_datamaker_PH/data/unlabel/1khz_50ns_20deci_2m_UTC_20190714_210529.936.tdms,1khz_50ns_20deci_2m_UTC_20190714_210529.936.tdms,1khz_50ns_20deci_2m_UTC_20190714_210529.936,10.0,12.0,243,648,1000.0
1130,pohang__1khz_50ns_20deci_2m_UTC_20190714_210529.936,pohang,pohang,pohang,unlabel,2,/home/ted1204/MS_Detection_Datamaker/MS_datamaker_PH/data/unlabel/1khz_50ns_20deci_2m_UTC_20190714_210529.936.tdms,1khz_50ns_20deci_2m_UTC_20190714_210529.936.tdms,1khz_50ns_20deci_2m_UTC_20190714_210529.936,11.0,13.0,243,648,1000.0
1131,pohang__1khz_50ns_20deci_2m_UTC_20190714_210529.936,pohang,pohang,pohang,unlabel,2,/home/ted1204/MS_Detection_Datamaker/MS_datamaker_PH/data/unlabel/1khz_50ns_20deci_2m_UTC_20190714_210529.936.tdms,1khz_50ns_20deci_2m_UTC_20190714_210529.936.tdms,1khz_50ns_20deci_2m_UTC_20190714_210529.936,12.0,14.0,243,648,1000.0
1132,pohang__1khz_50ns_20deci_2m_UTC_20190714_210529.936,pohang,pohang,pohang,unlabel,2,/home/ted1204/MS_Detection_Datamaker/MS_datamaker_PH/data/unlabel/1khz_50ns_20deci_2m_UTC_20190714_210529.936.tdms,1khz_50ns_20deci_2m_UTC_20190714_210529.936.tdms,1khz_50ns_20deci_2m_UTC_20190714_210529.936,15.0,17.0,243,648,1000.0
1133,pohang__1khz_50ns_20deci_2m_UTC_20190714_210529.936,pohang,pohang,pohang,unlabel,2,/home/ted1204/MS_Detection_Datamaker/MS_datamaker_PH/data/unlabel/1khz_50ns_20deci_2m_UTC_20190714_210529.936.tdms,1khz_50ns_20deci_2m_UTC_20190714_210529.936.tdms,1khz_50ns_20deci_2m_UTC_20190714_210529.936,17.0,19.0,243,648,1000.0
1134,pohang__1khz_50ns_20deci_2m_UTC_20190714_210529.936,pohang,pohang,pohang,unlabel,2,/home/ted1204/MS_Detection_Datamaker/MS_datamaker_PH/data/unlabel/1khz_50ns_20deci_2m_UTC_20190714_210529.936.tdms,1khz_50ns_20deci_2m_UTC_20190714_210529.936.tdms,1khz_50ns_20deci_2m_UTC_20190714_210529.936,20.0,22.0,243,648,1000.0
1135,pohang__1khz_50ns_20deci_2m_UTC_20190714_210529.936,pohang,pohang,pohang,unlabel,2,/home/ted1204/MS_Detection_Datamaker/MS_datamaker_PH/data/unlabel/1khz_50ns_20deci_2m_UTC_20190714_210529.936.tdms,1khz_50ns_20deci_2m_UTC_20190714_210529.936.tdms,1khz_50ns_20deci_2m_UTC_20190714_210529.936,21.0,23.0,243,648,1000.0
1136,pohang__1khz_50ns_20deci_2m_UTC_20190714_210529.936,pohang,pohang,pohang,unlabel,2,/home/ted1204/MS_Detection_Datamaker/MS_datamaker_PH/data/unlabel/1khz_50ns_20deci_2m_UTC_20190714_210529.936.tdms,1khz_50ns_20deci_2m_UTC_20190714_210529.936.tdms,1khz_50ns_20deci_2m_UTC_20190714_210529.936,23.0,25.0,243,648,1000.0
1137,pohang__1khz_50ns_20deci_2m_UTC_20190714_210529.936,pohang,pohang,pohang,unlabel,2,/home/ted1204/MS_Detection_Datamaker/MS_datamaker_PH/data/unlabel/1khz_50ns_20deci_2m_UTC_20190714_210529.936.tdms,1khz_50ns_20deci_2m_UTC_20190714_210529.936.tdms,1khz_50ns_20deci_2m_UTC_20190714_210529.936,25.0,27.0,243,648,1000.0
1138,pohang__1khz_50ns_20deci_2m_UTC_20190714_210529.936,pohang,pohang,pohang,unlabel,2,/home/ted1204/MS_Detection_Datamaker/MS_datamaker_PH/data/unlabel/1khz_50ns_20deci_2m_UTC_20190714_210529.936.tdms,1khz_50ns_20deci_2m_UTC_20190714_210529.936.tdms,1khz_50ns_20deci_2m_UTC_20190714_210529.936,26.0,28.0,243,648,1000.0
1139,pohang__1khz_50ns_20deci_2m_UTC_20190714_210529.936,pohang,pohang,pohang,unlabel,2,/home/ted1204/MS_Detection_Datamaker/MS_datamaker_PH/data/unlabel/1khz_50ns_20deci_2m_UTC_20190714_210529.936.tdms,1khz_50ns_20deci_2m_UTC_20190714_210529.936.tdms,1khz_50ns_20deci_2m_UTC_20190714_210529.936,28.0,30.0,243,648,1000.0
1140,pohang__1khz_50ns_20deci_2m_UTC_20190715_191429.914,pohang,pohang,pohang,unlabel,2,/home/ted1204/MS_Detection_Datamaker/MS_datamaker_PH/data/unlabel/1khz_50ns_20deci_2m_UTC_20190715_191429.914.tdms,1khz_50ns_20deci_2m_UTC_20190715_191429.914.tdms,1khz_50ns_20deci_2m_UTC_20190715_191429.914,0.0,2.0,243,648,1000.0
1141,pohang__1khz_50ns_20deci_2m_UTC_20190715_191429.914,pohang,pohang,pohang,unlabel,2,/home/ted1204/MS_Detection_Datamaker/MS_datamaker_PH/data/unlabel/1khz_50ns_20deci_2m_UTC_20190715_191429.914.tdms,1khz_50ns_20deci_2m_UTC_20190715_191429.914.tdms,1khz_50ns_20deci_2m_UTC_20190715_191429.914,1.0,3.0,243,648,1000.0
1142,pohang__1khz_50ns_20deci_2m_UTC_20190715_191429.914,pohang,pohang,pohang,unlabel,2,/home/ted1204/MS_Detection_Datamaker/MS_datamaker_PH/data/unlabel/1khz_50ns_20deci_2m_UTC_20190715_191429.914.tdms,1khz_50ns_20deci_2m_UTC_20190715_191429.914.tdms,1khz_50ns_20deci_2m_UTC_20190715_191429.914,5.0,7.0,243,648,1000.0
1143,pohang__1khz_50ns_20deci_2m_UTC_20190715_191429.914,pohang,pohang,pohang,unlabel,2,/home/ted1204/MS_Detection_Datamaker/MS_datamaker_PH/data/unlabel/1khz_50ns_20deci_2m_UTC_20190715_191429.914.tdms,1khz_50ns_20deci_2m_UTC_20190715_191429.914.tdms,1khz_50ns_20deci_2m_UTC_20190715_191429.914,6.0,8.0,243,648,1000.0
1144,pohang__1khz_50ns_20deci_2m_UTC_20190715_191429.914,pohang,pohang,pohang,unlabel,2,/home/ted1204/MS_Detection_Datamaker/MS_datamaker_PH/data/unlabel/1khz_50ns_20deci_2m_UTC_20190715_191429.914.tdms,1khz_50ns_20deci_2m_UTC_20190715_191429.914.tdms,1khz_50ns_20deci_2m_UTC_20190715_191429.914,7.0,9.0,243,648,1000.0
1145,pohang__1khz_50ns_20deci_2m_UTC_20190715_191429.914,pohang,pohang,pohang,unlabel,2,/home/ted1204/MS_Detection_Datamaker/MS_datamaker_PH/data/unlabel/1khz_50ns_20deci_2m_UTC_20190715_191429.914.tdms,1khz_50ns_20deci_2m_UTC_20190715_191429.914.tdms,1khz_50ns_20deci_2m_UTC_20190715_191429.914,11.0,13.0,243,648,1000.0
1146,pohang__1khz_50ns_20deci_2m_UTC_20190715_191429.914,pohang,pohang,pohang,unlabel,2,/home/ted1204/MS_Detection_Datamaker/MS_datamaker_PH/data/unlabel/1khz_50ns_20deci_2m_UTC_20190715_191429.914.tdms,1khz_50ns_20deci_2m_UTC_20190715_191429.914.tdms,1khz_50ns_20deci_2m_UTC_20190715_191429.914,12.0,14.0,243,648,1000.0
1147,pohang__1khz_50ns_20deci_2m_UTC_20190715_191429.914,pohang,pohang,pohang,unlabel,2,/home/ted1204/MS_Detection_Datamaker/MS_datamaker_PH/data/unlabel/1khz_50ns_20deci_2m_UTC_20190715_191429.914.tdms,1khz_50ns_20deci_2m_UTC_20190715_191429.914.tdms,1khz_50ns_20deci_2m_UTC_20190715_191429.914,14.0,16.0,243,648,1000.0
1148,pohang__1khz_50ns_20deci_2m_UTC_20190715_191429.914,pohang,pohang,pohang,unlabel,2,/home/ted1204/MS_Detection_Datamaker/MS_datamaker_PH/data/unlabel/1khz_50ns_20deci_2m_UTC_20190715_191429.914.tdms,1khz_50ns_20deci_2m_UTC_20190715_191429.914.tdms,1khz_50ns_20deci_2m_UTC_20190715_191429.914,15.0,17.0,243,648,1000.0
1149,pohang__1khz_50ns_20deci_2m_UTC_20190715_191429.914,pohang,pohang,pohang,unlabel,2,/home/ted1204/MS_Detection_Datamaker/MS_datamaker_PH/data/unlabel/1khz_50ns_20deci_2m_UTC_20190715_191429.914.tdms,1khz_50ns_20deci_2m_UTC_20190715_191429.914.tdms,1khz_50ns_20deci_2m_UTC_20190715_191429.914,17.0,19.0,243,648,1000.0
1150,pohang__1khz_50ns_20deci_2m_UTC_20190715_191429.914,pohang,pohang,pohang,unlabel,2,/home/ted1204/MS_Detection_Datamaker/MS_datamaker_PH/data/unlabel/1khz_50ns_20deci_2m_UTC_20190715_191429.914.tdms,1khz_50ns_20deci_2m_UTC_20190715_191429.914.tdms,1khz_50ns_20deci_2m_UTC_20190715_191429.914,19.0,21.0,243,648,1000.0
1151,pohang__1khz_50ns_20deci_2m_UTC_20190715_191429.914,pohang,pohang,pohang,unlabel,2,/home/ted1204/MS_Detection_Datamaker/MS_datamaker_PH/data/unlabel/1khz_50ns_20deci_2m_UTC_20190715_191429.914.tdms,1khz_50ns_20deci_2m_UTC_20190715_191429.914.tdms,1khz_50ns_20deci_2m_UTC_20190715_191429.914,21.0,23.0,243,648,1000.0
1152,pohang__1khz_50ns_20deci_2m_UTC_20190715_191429.914,pohang,pohang,pohang,unlabel,2,/home/ted1204/MS_Detection_Datamaker/MS_datamaker_PH/data/unlabel/1khz_50ns_20deci_2m_UTC_20190715_191429.914.tdms,1khz_50ns_20deci_2m_UTC_20190715_191429.914.tdms,1khz_50ns_20deci_2m_UTC_20190715_191429.914,24.0,26.0,243,648,1000.0
1153,pohang__1khz_50ns_20deci_2m_UTC_20190715_191429.914,pohang,pohang,pohang,unlabel,2,/home/ted1204/MS_Detection_Datamaker/MS_datamaker_PH/data/unlabel/1khz_50ns_20deci_2m_UTC_20190715_191429.914.tdms,1khz_50ns_20deci_2m_UTC_20190715_191429.914.tdms,1khz_50ns_20deci_2m_UTC_20190715_191429.914,26.0,28.0,243,648,1000.0
1154,pohang__1khz_50ns_20deci_2m_UTC_20190715_191429.914,pohang,pohang,pohang,unlabel,2,/home/ted1204/MS_Detection_Datamaker/MS_datamaker_PH/data/unlabel/1khz_50ns_20deci_2m_UTC_20190715_191429.914.tdms,1khz_50ns_20deci_2m_UTC_20190715_191429.914.tdms,1khz_50ns_20deci_2m_UTC_20190715_191429.914,28.0,30.0,243,648,1000.0
1155,pohang__1khz_50ns_20deci_2m_UTC_20190716_012659.907,pohang,pohang,pohang,unlabel,2,/home/ted1204/MS_Detection_Datamaker/MS_datamaker_PH/data/unlabel/1khz_50ns_20deci_2m_UTC_20190716_012659.907.tdms,1khz_50ns_20deci_2m_UTC_20190716_012659.907.tdms,1khz_50ns_20deci_2m_UTC_20190716_012659.907,8.0,10.0,243,648,1000.0
1156,pohang__1khz_50ns_20deci_2m_UTC_20190716_012659.907,pohang,pohang,pohang,unlabel,2,/home/ted1204/MS_Detection_Datamaker/MS_datamaker_PH/data/unlabel/1khz_50ns_20deci_2m_UTC_20190716_012659.907.tdms,1khz_50ns_20deci_2m_UTC_20190716_012659.907.tdms,1khz_50ns_20deci_2m_UTC_20190716_012659.907,9.0,11.0,243,648,1000.0
1157,pohang__1khz_50ns_20deci_2m_UTC_20190716_012659.907,pohang,pohang,pohang,unlabel,2,/home/ted1204/MS_Detection_Datamaker/MS_datamaker_PH/data/unlabel/1khz_50ns_20deci_2m_UTC_20190716_012659.907.tdms,1khz_50ns_20deci_2m_UTC_20190716_012659.907.tdms,1khz_50ns_20deci_2m_UTC_20190716_012659.907,11.0,13.0,243,648,1000.0
1158,pohang__1khz_50ns_20deci_2m_UTC_20190716_012659.907,pohang,pohang,pohang,unlabel,2,/home/ted1204/MS_Detection_Datamaker/MS_datamaker_PH/data/unlabel/1khz_50ns_20deci_2m_UTC_20190716_012659.907.tdms,1khz_50ns_20deci_2m_UTC_20190716_012659.907.tdms,1khz_50ns_20deci_2m_UTC_20190716_012659.907,12.0,14.0,243,648,1000.0
1159,pohang__1khz_50ns_20deci_2m_UTC_20190716_012659.907,pohang,pohang,pohang,unlabel,2,/home/ted1204/MS_Detection_Datamaker/MS_datamaker_PH/data/unlabel/1khz_50ns_20deci_2m_UTC_20190716_012659.907.tdms,1khz_50ns_20deci_2m_UTC_20190716_012659.907.tdms,1khz_50ns_20deci_2m_UTC_20190716_012659.907,13.0,15.0,243,648,1000.0
1160,pohang__1khz_50ns_20deci_2m_UTC_20190716_012659.907,pohang,pohang,pohang,unlabel,2,/home/ted1204/MS_Detection_Datamaker/MS_datamaker_PH/data/unlabel/1khz_50ns_20deci_2m_UTC_20190716_012659.907.tdms,1khz_50ns_20deci_2m_UTC_20190716_012659.907.tdms,1khz_50ns_20deci_2m_UTC_20190716_012659.907,14.0,16.0,243,648,1000.0
1161,pohang__1khz_50ns_20deci_2m_UTC_20190716_012659.907,pohang,pohang,pohang,unlabel,2,/home/ted1204/MS_Detection_Datamaker/MS_datamaker_PH/data/unlabel/1khz_50ns_20deci_2m_UTC_20190716_012659.907.tdms,1khz_50ns_20deci_2m_UTC_20190716_012659.907.tdms,1khz_50ns_20deci_2m_UTC_20190716_012659.907,15.0,17.0,243,648,1000.0
1162,pohang__1khz_50ns_20deci_2m_UTC_20190716_012659.907,pohang,pohang,pohang,unlabel,2,/home/ted1204/MS_Detection_Datamaker/MS_datamaker_PH/data/unlabel/1khz_50ns_20deci_2m_UTC_20190716_012659.907.tdms,1khz_50ns_20deci_2m_UTC_20190716_012659.907.tdms,1khz_50ns_20deci_2m_UTC_20190716_012659.907,16.0,18.0,243,648,1000.0
1163,pohang__1khz_50ns_20deci_2m_UTC_20190716_012659.907,pohang,pohang,pohang,unlabel,2,/home/ted1204/MS_Detection_Datamaker/MS_datamaker_PH/data/unlabel/1khz_50ns_20deci_2m_UTC_20190716_012659.907.tdms,1khz_50ns_20deci_2m_UTC_20190716_012659.907.tdms,1khz_50ns_20deci_2m_UTC_20190716_012659.907,17.0,19.0,243,648,1000.0
1164,pohang__1khz_50ns_20deci_2m_UTC_20190716_012659.907,pohang,pohang,pohang,unlabel,2,/home/ted1204/MS_Detection_Datamaker/MS_datamaker_PH/data/unlabel/1khz_50ns_20deci_2m_UTC_20190716_012659.907.tdms,1khz_50ns_20deci_2m_UTC_20190716_012659.907.tdms,1khz_50ns_20deci_2m_UTC_20190716_012659.907,19.0,21.0,243,648,1000.0
1165,pohang__1khz_50ns_20deci_2m_UTC_20190716_012659.907,pohang,pohang,pohang,unlabel,2,/home/ted1204/MS_Detection_Datamaker/MS_datamaker_PH/data/unlabel/1khz_50ns_20deci_2m_UTC_20190716_012659.907.tdms,1khz_50ns_20deci_2m_UTC_20190716_012659.907.tdms,1khz_50ns_20deci_2m_UTC_20190716_012659.907,20.0,22.0,243,648,1000.0
1166,pohang__1khz_50ns_20deci_2m_UTC_20190716_012659.907,pohang,pohang,pohang,unlabel,2,/home/ted1204/MS_Detection_Datamaker/MS_datamaker_PH/data/unlabel/1khz_50ns_20deci_2m_UTC_20190716_012659.907.tdms,1khz_50ns_20deci_2m_UTC_20190716_012659.907.tdms,1khz_50ns_20deci_2m_UTC_20190716_012659.907,21.0,23.0,243,648,1000.0
1167,pohang__1khz_50ns_20deci_2m_UTC_20190716_012659.907,pohang,pohang,pohang,unlabel,2,/home/ted1204/MS_Detection_Datamaker/MS_datamaker_PH/data/unlabel/1khz_50ns_20deci_2m_UTC_20190716_012659.907.tdms,1khz_50ns_20deci_2m_UTC_20190716_012659.907.tdms,1khz_50ns_20deci_2m_UTC_20190716_012659.907,23.0,25.0,243,648,1000.0
1168,pohang__1khz_50ns_20deci_2m_UTC_20190716_012659.907,pohang,pohang,pohang,unlabel,2,/home/ted1204/MS_Detection_Datamaker/MS_datamaker_PH/data/unlabel/1khz_50ns_20deci_2m_UTC_20190716_012659.907.tdms,1khz_50ns_20deci_2m_UTC_20190716_012659.907.tdms,1khz_50ns_20deci_2m_UTC_20190716_012659.907,27.0,29.0,243,648,1000.0
1169,pohang__1khz_50ns_20deci_2m_UTC_20190716_012659.907,pohang,pohang,pohang,unlabel,2,/home/ted1204/MS_Detection_Datamaker/MS_datamaker_PH/data/unlabel/1khz_50ns_20deci_2m_UTC_20190716_012659.907.tdms,1khz_50ns_20deci_2m_UTC_20190716_012659.907.tdms,1khz_50ns_20deci_2m_UTC_20190716_012659.907,28.0,30.0,243,648,1000.0
1170,pohang__1khz_50ns_20deci_2m_UTC_20190716_175229.890,pohang,pohang,pohang,unlabel,2,/home/ted1204/MS_Detection_Datamaker/MS_datamaker_PH/data/unlabel/1khz_50ns_20deci_2m_UTC_20190716_175229.890.tdms,1khz_50ns_20deci_2m_UTC_20190716_175229.890.tdms,1khz_50ns_20deci_2m_UTC_20190716_175229.890,0.0,2.0,243,648,1000.0
1171,pohang__1khz_50ns_20deci_2m_UTC_20190716_175229.890,pohang,pohang,pohang,unlabel,2,/home/ted1204/MS_Detection_Datamaker/MS_datamaker_PH/data/unlabel/1khz_50ns_20deci_2m_UTC_20190716_175229.890.tdms,1khz_50ns_20deci_2m_UTC_20190716_175229.890.tdms,1khz_50ns_20deci_2m_UTC_20190716_175229.890,2.0,4.0,243,648,1000.0
1172,pohang__1khz_50ns_20deci_2m_UTC_20190716_175229.890,pohang,pohang,pohang,unlabel,2,/home/ted1204/MS_Detection_Datamaker/MS_datamaker_PH/data/unlabel/1khz_50ns_20deci_2m_UTC_20190716_175229.890.tdms,1khz_50ns_20deci_2m_UTC_20190716_175229.890.tdms,1khz_50ns_20deci_2m_UTC_20190716_175229.890,3.0,5.0,243,648,1000.0
1173,pohang__1khz_50ns_20deci_2m_UTC_20190716_175229.890,pohang,pohang,pohang,unlabel,2,/home/ted1204/MS_Detection_Datamaker/MS_datamaker_PH/data/unlabel/1khz_50ns_20deci_2m_UTC_20190716_175229.890.tdms,1khz_50ns_20deci_2m_UTC_20190716_175229.890.tdms,1khz_50ns_20deci_2m_UTC_20190716_175229.890,5.0,7.0,243,648,1000.0
1174,pohang__1khz_50ns_20deci_2m_UTC_20190716_175229.890,pohang,pohang,pohang,unlabel,2,/home/ted1204/MS_Detection_Datamaker/MS_datamaker_PH/data/unlabel/1khz_50ns_20deci_2m_UTC_20190716_175229.890.tdms,1khz_50ns_20deci_2m_UTC_20190716_175229.890.tdms,1khz_50ns_20deci_2m_UTC_20190716_175229.890,7.0,9.0,243,648,1000.0
1175,pohang__1khz_50ns_20deci_2m_UTC_20190716_175229.890,pohang,pohang,pohang,unlabel,2,/home/ted1204/MS_Detection_Datamaker/MS_datamaker_PH/data/unlabel/1khz_50ns_20deci_2m_UTC_20190716_175229.890.tdms,1khz_50ns_20deci_2m_UTC_20190716_175229.890.tdms,1khz_50ns_20deci_2m_UTC_20190716_175229.890,8.0,10.0,243,648,1000.0
1176,pohang__1khz_50ns_20deci_2m_UTC_20190716_175229.890,pohang,pohang,pohang,unlabel,2,/home/ted1204/MS_Detection_Datamaker/MS_datamaker_PH/data/unlabel/1khz_50ns_20deci_2m_UTC_20190716_175229.890.tdms,1khz_50ns_20deci_2m_UTC_20190716_175229.890.tdms,1khz_50ns_20deci_2m_UTC_20190716_175229.890,10.0,12.0,243,648,1000.0
1177,pohang__1khz_50ns_20deci_2m_UTC_20190716_175229.890,pohang,pohang,pohang,unlabel,2,/home/ted1204/MS_Detection_Datamaker/MS_datamaker_PH/data/unlabel/1khz_50ns_20deci_2m_UTC_20190716_175229.890.tdms,1khz_50ns_20deci_2m_UTC_20190716_175229.890.tdms,1khz_50ns_20deci_2m_UTC_20190716_175229.890,12.0,14.0,243,648,1000.0
1178,pohang__1khz_50ns_20deci_2m_UTC_20190716_175229.890,pohang,pohang,pohang,unlabel,2,/home/ted1204/MS_Detection_Datamaker/MS_datamaker_PH/data/unlabel/1khz_50ns_20deci_2m_UTC_20190716_175229.890.tdms,1khz_50ns_20deci_2m_UTC_20190716_175229.890.tdms,1khz_50ns_20deci_2m_UTC_20190716_175229.890,16.0,18.0,243,648,1000.0
1179,pohang__1khz_50ns_20deci_2m_UTC_20190716_175229.890,pohang,pohang,pohang,unlabel,2,/home/ted1204/MS_Detection_Datamaker/MS_datamaker_PH/data/unlabel/1khz_50ns_20deci_2m_UTC_20190716_175229.890.tdms,1khz_50ns_20deci_2m_UTC_20190716_175229.890.tdms,1khz_50ns_20deci_2m_UTC_20190716_175229.890,17.0,19.0,243,648,1000.0
1180,pohang__1khz_50ns_20deci_2m_UTC_20190716_175229.890,pohang,pohang,pohang,unlabel,2,/home/ted1204/MS_Detection_Datamaker/MS_datamaker_PH/data/unlabel/1khz_50ns_20deci_2m_UTC_20190716_175229.890.tdms,1khz_50ns_20deci_2m_UTC_20190716_175229.890.tdms,1khz_50ns_20deci_2m_UTC_20190716_175229.890,18.0,20.0,243,648,1000.0
1181,pohang__1khz_50ns_20deci_2m_UTC_20190716_175229.890,pohang,pohang,pohang,unlabel,2,/home/ted1204/MS_Detection_Datamaker/MS_datamaker_PH/data/unlabel/1khz_50ns_20deci_2m_UTC_20190716_175229.890.tdms,1khz_50ns_20deci_2m_UTC_20190716_175229.890.tdms,1khz_50ns_20deci_2m_UTC_20190716_175229.890,22.0,24.0,243,648,1000.0
1182,pohang__1khz_50ns_20deci_2m_UTC_20190716_175229.890,pohang,pohang,pohang,unlabel,2,/home/ted1204/MS_Detection_Datamaker/MS_datamaker_PH/data/unlabel/1khz_50ns_20deci_2m_UTC_20190716_175229.890.tdms,1khz_50ns_20deci_2m_UTC_20190716_175229.890.tdms,1khz_50ns_20deci_2m_UTC_20190716_175229.890,25.0,27.0,243,648,1000.0
1183,pohang__1khz_50ns_20deci_2m_UTC_20190716_175229.890,pohang,pohang,pohang,unlabel,2,/home/ted1204/MS_Detection_Datamaker/MS_datamaker_PH/data/unlabel/1khz_50ns_20deci_2m_UTC_20190716_175229.890.tdms,1khz_50ns_20deci_2m_UTC_20190716_175229.890.tdms,1khz_50ns_20deci_2m_UTC_20190716_175229.890,27.0,29.0,243,648,1000.0
1184,pohang__1khz_50ns_20deci_2m_UTC_20190716_175229.890,pohang,pohang,pohang,unlabel,2,/home/ted1204/MS_Detection_Datamaker/MS_datamaker_PH/data/unlabel/1khz_50ns_20deci_2m_UTC_20190716_175229.890.tdms,1khz_50ns_20deci_2m_UTC_20190716_175229.890.tdms,1khz_50ns_20deci_2m_UTC_20190716_175229.890,28.0,30.0,243,648,1000.0
1185,pohang__1khz_50ns_20deci_2m_UTC_20190717_084229.875,pohang,pohang,pohang,unlabel,2,/home/ted1204/MS_Detection_Datamaker/MS_datamaker_PH/data/unlabel/1khz_50ns_20deci_2m_UTC_20190717_084229.875.tdms,1khz_50ns_20deci_2m_UTC_20190717_084229.875.tdms,1khz_50ns_20deci_2m_UTC_20190717_084229.875,1.0,3.0,243,648,1000.0
1186,pohang__1khz_50ns_20deci_2m_UTC_20190717_084229.875,pohang,pohang,pohang,unlabel,2,/home/ted1204/MS_Detection_Datamaker/MS_datamaker_PH/data/unlabel/1khz_50ns_20deci_2m_UTC_20190717_084229.875.tdms,1khz_50ns_20deci_2m_UTC_20190717_084229.875.tdms,1khz_50ns_20deci_2m_UTC_20190717_084229.875,4.0,6.0,243,648,1000.0
1187,pohang__1khz_50ns_20deci_2m_UTC_20190717_084229.875,pohang,pohang,pohang,unlabel,2,/home/ted1204/MS_Detection_Datamaker/MS_datamaker_PH/data/unlabel/1khz_50ns_20deci_2m_UTC_20190717_084229.875.tdms,1khz_50ns_20deci_2m_UTC_20190717_084229.875.tdms,1khz_50ns_20deci_2m_UTC_20190717_084229.875,5.0,7.0,243,648,1000.0
1188,pohang__1khz_50ns_20deci_2m_UTC_20190717_084229.875,pohang,pohang,pohang,unlabel,2,/home/ted1204/MS_Detection_Datamaker/MS_datamaker_PH/data/unlabel/1khz_50ns_20deci_2m_UTC_20190717_084229.875.tdms,1khz_50ns_20deci_2m_UTC_20190717_084229.875.tdms,1khz_50ns_20deci_2m_UTC_20190717_084229.875,9.0,11.0,243,648,1000.0
1189,pohang__1khz_50ns_20deci_2m_UTC_20190717_084229.875,pohang,pohang,pohang,unlabel,2,/home/ted1204/MS_Detection_Datamaker/MS_datamaker_PH/data/unlabel/1khz_50ns_20deci_2m_UTC_20190717_084229.875.tdms,1khz_50ns_20deci_2m_UTC_20190717_084229.875.tdms,1khz_50ns_20deci_2m_UTC_20190717_084229.875,10.0,12.0,243,648,1000.0
1190,pohang__1khz_50ns_20deci_2m_UTC_20190717_084229.875,pohang,pohang,pohang,unlabel,2,/home/ted1204/MS_Detection_Datamaker/MS_datamaker_PH/data/unlabel/1khz_50ns_20deci_2m_UTC_20190717_084229.875.tdms,1khz_50ns_20deci_2m_UTC_20190717_084229.875.tdms,1khz_50ns_20deci_2m_UTC_20190717_084229.875,11.0,13.0,243,648,1000.0
1191,pohang__1khz_50ns_20deci_2m_UTC_20190717_084229.875,pohang,pohang,pohang,unlabel,2,/home/ted1204/MS_Detection_Datamaker/MS_datamaker_PH/data/unlabel/1khz_50ns_20deci_2m_UTC_20190717_084229.875.tdms,1khz_50ns_20deci_2m_UTC_20190717_084229.875.tdms,1khz_50ns_20deci_2m_UTC_20190717_084229.875,12.0,14.0,243,648,1000.0
1192,pohang__1khz_50ns_20deci_2m_UTC_20190717_084229.875,pohang,pohang,pohang,unlabel,2,/home/ted1204/MS_Detection_Datamaker/MS_datamaker_PH/data/unlabel/1khz_50ns_20deci_2m_UTC_20190717_084229.875.tdms,1khz_50ns_20deci_2m_UTC_20190717_084229.875.tdms,1khz_50ns_20deci_2m_UTC_20190717_084229.875,13.0,15.0,243,648,1000.0
1193,pohang__1khz_50ns_20deci_2m_UTC_20190717_084229.875,pohang,pohang,pohang,unlabel,2,/home/ted1204/MS_Detection_Datamaker/MS_datamaker_PH/data/unlabel/1khz_50ns_20deci_2m_UTC_20190717_084229.875.tdms,1khz_50ns_20deci_2m_UTC_20190717_084229.875.tdms,1khz_50ns_20deci_2m_UTC_20190717_084229.875,14.0,16.0,243,648,1000.0
1194,pohang__1khz_50ns_20deci_2m_UTC_20190717_084229.875,pohang,pohang,pohang,unlabel,2,/home/ted1204/MS_Detection_Datamaker/MS_datamaker_PH/data/unlabel/1khz_50ns_20deci_2m_UTC_20190717_084229.875.tdms,1khz_50ns_20deci_2m_UTC_20190717_084229.875.tdms,1khz_50ns_20deci_2m_UTC_20190717_084229.875,16.0,18.0,243,648,1000.0
1195,pohang__1khz_50ns_20deci_2m_UTC_20190717_084229.875,pohang,pohang,pohang,unlabel,2,/home/ted1204/MS_Detection_Datamaker/MS_datamaker_PH/data/unlabel/1khz_50ns_20deci_2m_UTC_20190717_084229.875.tdms,1khz_50ns_20deci_2m_UTC_20190717_084229.875.tdms,1khz_50ns_20deci_2m_UTC_20190717_084229.875,21.0,23.0,243,648,1000.0
1196,pohang__1khz_50ns_20deci_2m_UTC_20190717_084229.875,pohang,pohang,pohang,unlabel,2,/home/ted1204/MS_Detection_Datamaker/MS_datamaker_PH/data/unlabel/1khz_50ns_20deci_2m_UTC_20190717_084229.875.tdms,1khz_50ns_20deci_2m_UTC_20190717_084229.875.tdms,1khz_50ns_20deci_2m_UTC_20190717_084229.875,22.0,24.0,243,648,1000.0
1197,pohang__1khz_50ns_20deci_2m_UTC_20190717_084229.875,pohang,pohang,pohang,unlabel,2,/home/ted1204/MS_Detection_Datamaker/MS_datamaker_PH/data/unlabel/1khz_50ns_20deci_2m_UTC_20190717_084229.875.tdms,1khz_50ns_20deci_2m_UTC_20190717_084229.875.tdms,1khz_50ns_20deci_2m_UTC_20190717_084229.875,25.0,27.0,243,648,1000.0
1198,pohang__1khz_50ns_20deci_2m_UTC_20190717_084229.875,pohang,pohang,pohang,unlabel,2,/home/ted1204/MS_Detection_Datamaker/MS_datamaker_PH/data/unlabel/1khz_50ns_20deci_2m_UTC_20190717_084229.875.tdms,1khz_50ns_20deci_2m_UTC_20190717_084229.875.tdms,1khz_50ns_20deci_2m_UTC_20190717_084229.875,27.0,29.0,243,648,1000.0
1199,pohang__1khz_50ns_20deci_2m_UTC_20190717_084229.875,pohang,pohang,pohang,unlabel,2,/home/ted1204/MS_Detection_Datamaker/MS_datamaker_PH/data/unlabel/1khz_50ns_20deci_2m_UTC_20190717_084229.875.tdms,1khz_50ns_20deci_2m_UTC_20190717_084229.875.tdms,1khz_50ns_20deci_2m_UTC_20190717_084229.875,28.0,30.0,243,648,1000.0
1200,pohang__1khz_50ns_20deci_2m_UTC_20190717_104029.873,pohang,pohang,pohang,unlabel,2,/home/ted1204/MS_Detection_Datamaker/MS_datamaker_PH/data/unlabel/1khz_50ns_20deci_2m_UTC_20190717_104029.873.tdms,1khz_50ns_20deci_2m_UTC_20190717_104029.873.tdms,1khz_50ns_20deci_2m_UTC_20190717_104029.873,1.0,3.0,243,648,1000.0
1201,pohang__1khz_50ns_20deci_2m_UTC_20190717_104029.873,pohang,pohang,pohang,unlabel,2,/home/ted1204/MS_Detection_Datamaker/MS_datamaker_PH/data/unlabel/1khz_50ns_20deci_2m_UTC_20190717_104029.873.tdms,1khz_50ns_20deci_2m_UTC_20190717_104029.873.tdms,1khz_50ns_20deci_2m_UTC_20190717_104029.873,4.0,6.0,243,648,1000.0
1202,pohang__1khz_50ns_20deci_2m_UTC_20190717_104029.873,pohang,pohang,pohang,unlabel,2,/home/ted1204/MS_Detection_Datamaker/MS_datamaker_PH/data/unlabel/1khz_50ns_20deci_2m_UTC_20190717_104029.873.tdms,1khz_50ns_20deci_2m_UTC_20190717_104029.873.tdms,1khz_50ns_20deci_2m_UTC_20190717_104029.873,6.0,8.0,243,648,1000.0
1203,pohang__1khz_50ns_20deci_2m_UTC_20190717_104029.873,pohang,pohang,pohang,unlabel,2,/home/ted1204/MS_Detection_Datamaker/MS_datamaker_PH/data/unlabel/1khz_50ns_20deci_2m_UTC_20190717_104029.873.tdms,1khz_50ns_20deci_2m_UTC_20190717_104029.873.tdms,1khz_50ns_20deci_2m_UTC_20190717_104029.873,7.0,9.0,243,648,1000.0
1204,pohang__1khz_50ns_20deci_2m_UTC_20190717_104029.873,pohang,pohang,pohang,unlabel,2,/home/ted1204/MS_Detection_Datamaker/MS_datamaker_PH/data/unlabel/1khz_50ns_20deci_2m_UTC_20190717_104029.873.tdms,1khz_50ns_20deci_2m_UTC_20190717_104029.873.tdms,1khz_50ns_20deci_2m_UTC_20190717_104029.873,8.0,10.0,243,648,1000.0
1205,pohang__1khz_50ns_20deci_2m_UTC_20190717_104029.873,pohang,pohang,pohang,unlabel,2,/home/ted1204/MS_Detection_Datamaker/MS_datamaker_PH/data/unlabel/1khz_50ns_20deci_2m_UTC_20190717_104029.873.tdms,1khz_50ns_20deci_2m_UTC_20190717_104029.873.tdms,1khz_50ns_20deci_2m_UTC_20190717_104029.873,9.0,11.0,243,648,1000.0
1206,pohang__1khz_50ns_20deci_2m_UTC_20190717_104029.873,pohang,pohang,pohang,unlabel,2,/home/ted1204/MS_Detection_Datamaker/MS_datamaker_PH/data/unlabel/1khz_50ns_20deci_2m_UTC_20190717_104029.873.tdms,1khz_50ns_20deci_2m_UTC_20190717_104029.873.tdms,1khz_50ns_20deci_2m_UTC_20190717_104029.873,10.0,12.0,243,648,1000.0
1207,pohang__1khz_50ns_20deci_2m_UTC_20190717_104029.873,pohang,pohang,pohang,unlabel,2,/home/ted1204/MS_Detection_Datamaker/MS_datamaker_PH/data/unlabel/1khz_50ns_20deci_2m_UTC_20190717_104029.873.tdms,1khz_50ns_20deci_2m_UTC_20190717_104029.873.tdms,1khz_50ns_20deci_2m_UTC_20190717_104029.873,11.0,13.0,243,648,1000.0
1208,pohang__1khz_50ns_20deci_2m_UTC_20190717_104029.873,pohang,pohang,pohang,unlabel,2,/home/ted1204/MS_Detection_Datamaker/MS_datamaker_PH/data/unlabel/1khz_50ns_20deci_2m_UTC_20190717_104029.873.tdms,1khz_50ns_20deci_2m_UTC_20190717_104029.873.tdms,1khz_50ns_20deci_2m_UTC_20190717_104029.873,13.0,15.0,243,648,1000.0
1209,pohang__1khz_50ns_20deci_2m_UTC_20190717_104029.873,pohang,pohang,pohang,unlabel,2,/home/ted1204/MS_Detection_Datamaker/MS_datamaker_PH/data/unlabel/1khz_50ns_20deci_2m_UTC_20190717_104029.873.tdms,1khz_50ns_20deci_2m_UTC_20190717_104029.873.tdms,1khz_50ns_20deci_2m_UTC_20190717_104029.873,16.0,18.0,243,648,1000.0
1210,pohang__1khz_50ns_20deci_2m_UTC_20190717_104029.873,pohang,pohang,pohang,unlabel,2,/home/ted1204/MS_Detection_Datamaker/MS_datamaker_PH/data/unlabel/1khz_50ns_20deci_2m_UTC_20190717_104029.873.tdms,1khz_50ns_20deci_2m_UTC_20190717_104029.873.tdms,1khz_50ns_20deci_2m_UTC_20190717_104029.873,17.0,19.0,243,648,1000.0
1211,pohang__1khz_50ns_20deci_2m_UTC_20190717_104029.873,pohang,pohang,pohang,unlabel,2,/home/ted1204/MS_Detection_Datamaker/MS_datamaker_PH/data/unlabel/1khz_50ns_20deci_2m_UTC_20190717_104029.873.tdms,1khz_50ns_20deci_2m_UTC_20190717_104029.873.tdms,1khz_50ns_20deci_2m_UTC_20190717_104029.873,20.0,22.0,243,648,1000.0
1212,pohang__1khz_50ns_20deci_2m_UTC_20190717_104029.873,pohang,pohang,pohang,unlabel,2,/home/ted1204/MS_Detection_Datamaker/MS_datamaker_PH/data/unlabel/1khz_50ns_20deci_2m_UTC_20190717_104029.873.tdms,1khz_50ns_20deci_2m_UTC_20190717_104029.873.tdms,1khz_50ns_20deci_2m_UTC_20190717_104029.873,22.0,24.0,243,648,1000.0
1213,pohang__1khz_50ns_20deci_2m_UTC_20190717_104029.873,pohang,pohang,pohang,unlabel,2,/home/ted1204/MS_Detection_Datamaker/MS_datamaker_PH/data/unlabel/1khz_50ns_20deci_2m_UTC_20190717_104029.873.tdms,1khz_50ns_20deci_2m_UTC_20190717_104029.873.tdms,1khz_50ns_20deci_2m_UTC_20190717_104029.873,24.0,26.0,243,648,1000.0
1214,pohang__1khz_50ns_20deci_2m_UTC_20190717_104029.873,pohang,pohang,pohang,unlabel,2,/home/ted1204/MS_Detection_Datamaker/MS_datamaker_PH/data/unlabel/1khz_50ns_20deci_2m_UTC_20190717_104029.873.tdms,1khz_50ns_20deci_2m_UTC_20190717_104029.873.tdms,1khz_50ns_20deci_2m_UTC_20190717_104029.873,25.0,27.0,243,648,1000.0
1215,pohang__1khz_50ns_20deci_2m_UTC_20190717_151859.868,pohang,pohang,pohang,unlabel,2,/home/ted1204/MS_Detection_Datamaker/MS_datamaker_PH/data/unlabel/1khz_50ns_20deci_2m_UTC_20190717_151859.868.tdms,1khz_50ns_20deci_2m_UTC_20190717_151859.868.tdms,1khz_50ns_20deci_2m_UTC_20190717_151859.868,0.0,2.0,243,648,1000.0
1216,pohang__1khz_50ns_20deci_2m_UTC_20190717_151859.868,pohang,pohang,pohang,unlabel,2,/home/ted1204/MS_Detection_Datamaker/MS_datamaker_PH/data/unlabel/1khz_50ns_20deci_2m_UTC_20190717_151859.868.tdms,1khz_50ns_20deci_2m_UTC_20190717_151859.868.tdms,1khz_50ns_20deci_2m_UTC_20190717_151859.868,3.0,5.0,243,648,1000.0
1217,pohang__1khz_50ns_20deci_2m_UTC_20190717_151859.868,pohang,pohang,pohang,unlabel,2,/home/ted1204/MS_Detection_Datamaker/MS_datamaker_PH/data/unlabel/1khz_50ns_20deci_2m_UTC_20190717_151859.868.tdms,1khz_50ns_20deci_2m_UTC_20190717_151859.868.tdms,1khz_50ns_20deci_2m_UTC_20190717_151859.868,4.0,6.0,243,648,1000.0
1218,pohang__1khz_50ns_20deci_2m_UTC_20190717_151859.868,pohang,pohang,pohang,unlabel,2,/home/ted1204/MS_Detection_Datamaker/MS_datamaker_PH/data/unlabel/1khz_50ns_20deci_2m_UTC_20190717_151859.868.tdms,1khz_50ns_20deci_2m_UTC_20190717_151859.868.tdms,1khz_50ns_20deci_2m_UTC_20190717_151859.868,6.0,8.0,243,648,1000.0
1219,pohang__1khz_50ns_20deci_2m_UTC_20190717_151859.868,pohang,pohang,pohang,unlabel,2,/home/ted1204/MS_Detection_Datamaker/MS_datamaker_PH/data/unlabel/1khz_50ns_20deci_2m_UTC_20190717_151859.868.tdms,1khz_50ns_20deci_2m_UTC_20190717_151859.868.tdms,1khz_50ns_20deci_2m_UTC_20190717_151859.868,11.0,13.0,243,648,1000.0
1220,pohang__1khz_50ns_20deci_2m_UTC_20190717_151859.868,pohang,pohang,pohang,unlabel,2,/home/ted1204/MS_Detection_Datamaker/MS_datamaker_PH/data/unlabel/1khz_50ns_20deci_2m_UTC_20190717_151859.868.tdms,1khz_50ns_20deci_2m_UTC_20190717_151859.868.tdms,1khz_50ns_20deci_2m_UTC_20190717_151859.868,12.0,14.0,243,648,1000.0
1221,pohang__1khz_50ns_20deci_2m_UTC_20190717_151859.868,pohang,pohang,pohang,unlabel,2,/home/ted1204/MS_Detection_Datamaker/MS_datamaker_PH/data/unlabel/1khz_50ns_20deci_2m_UTC_20190717_151859.868.tdms,1khz_50ns_20deci_2m_UTC_20190717_151859.868.tdms,1khz_50ns_20deci_2m_UTC_20190717_151859.868,13.0,15.0,243,648,1000.0
1222,pohang__1khz_50ns_20deci_2m_UTC_20190717_151859.868,pohang,pohang,pohang,unlabel,2,/home/ted1204/MS_Detection_Datamaker/MS_datamaker_PH/data/unlabel/1khz_50ns_20deci_2m_UTC_20190717_151859.868.tdms,1khz_50ns_20deci_2m_UTC_20190717_151859.868.tdms,1khz_50ns_20deci_2m_UTC_20190717_151859.868,14.0,16.0,243,648,1000.0
1223,pohang__1khz_50ns_20deci_2m_UTC_20190717_151859.868,pohang,pohang,pohang,unlabel,2,/home/ted1204/MS_Detection_Datamaker/MS_datamaker_PH/data/unlabel/1khz_50ns_20deci_2m_UTC_20190717_151859.868.tdms,1khz_50ns_20deci_2m_UTC_20190717_151859.868.tdms,1khz_50ns_20deci_2m_UTC_20190717_151859.868,17.0,19.0,243,648,1000.0
1224,pohang__1khz_50ns_20deci_2m_UTC_20190717_151859.868,pohang,pohang,pohang,unlabel,2,/home/ted1204/MS_Detection_Datamaker/MS_datamaker_PH/data/unlabel/1khz_50ns_20deci_2m_UTC_20190717_151859.868.tdms,1khz_50ns_20deci_2m_UTC_20190717_151859.868.tdms,1khz_50ns_20deci_2m_UTC_20190717_151859.868,19.0,21.0,243,648,1000.0
1225,pohang__1khz_50ns_20deci_2m_UTC_20190717_151859.868,pohang,pohang,pohang,unlabel,2,/home/ted1204/MS_Detection_Datamaker/MS_datamaker_PH/data/unlabel/1khz_50ns_20deci_2m_UTC_20190717_151859.868.tdms,1khz_50ns_20deci_2m_UTC_20190717_151859.868.tdms,1khz_50ns_20deci_2m_UTC_20190717_151859.868,20.0,22.0,243,648,1000.0
1226,pohang__1khz_50ns_20deci_2m_UTC_20190717_151859.868,pohang,pohang,pohang,unlabel,2,/home/ted1204/MS_Detection_Datamaker/MS_datamaker_PH/data/unlabel/1khz_50ns_20deci_2m_UTC_20190717_151859.868.tdms,1khz_50ns_20deci_2m_UTC_20190717_151859.868.tdms,1khz_50ns_20deci_2m_UTC_20190717_151859.868,24.0,26.0,243,648,1000.0
1227,pohang__1khz_50ns_20deci_2m_UTC_20190717_151859.868,pohang,pohang,pohang,unlabel,2,/home/ted1204/MS_Detection_Datamaker/MS_datamaker_PH/data/unlabel/1khz_50ns_20deci_2m_UTC_20190717_151859.868.tdms,1khz_50ns_20deci_2m_UTC_20190717_151859.868.tdms,1khz_50ns_20deci_2m_UTC_20190717_151859.868,26.0,28.0,243,648,1000.0
1228,pohang__1khz_50ns_20deci_2m_UTC_20190717_151859.868,pohang,pohang,pohang,unlabel,2,/home/ted1204/MS_Detection_Datamaker/MS_datamaker_PH/data/unlabel/1khz_50ns_20deci_2m_UTC_20190717_151859.868.tdms,1khz_50ns_20deci_2m_UTC_20190717_151859.868.tdms,1khz_50ns_20deci_2m_UTC_20190717_151859.868,27.0,29.0,243,648,1000.0
1229,pohang__1khz_50ns_20deci_2m_UTC_20190717_151859.868,pohang,pohang,pohang,unlabel,2,/home/ted1204/MS_Detection_Datamaker/MS_datamaker_PH/data/unlabel/1khz_50ns_20deci_2m_UTC_20190717_151859.868.tdms,1khz_50ns_20deci_2m_UTC_20190717_151859.868.tdms,1khz_50ns_20deci_2m_UTC_20190717_151859.868,28.0,30.0,243,648,1000.0
1230,pohang__1khz_50ns_20deci_2m_UTC_20190719_021229.832,pohang,pohang,pohang,unlabel,2,/home/ted1204/MS_Detection_Datamaker/MS_datamaker_PH/data/unlabel/1khz_50ns_20deci_2m_UTC_20190719_021229.832.tdms,1khz_50ns_20deci_2m_UTC_20190719_021229.832.tdms,1khz_50ns_20deci_2m_UTC_20190719_021229.832,3.0,5.0,243,648,1000.0
1231,pohang__1khz_50ns_20deci_2m_UTC_20190719_021229.832,pohang,pohang,pohang,unlabel,2,/home/ted1204/MS_Detection_Datamaker/MS_datamaker_PH/data/unlabel/1khz_50ns_20deci_2m_UTC_20190719_021229.832.tdms,1khz_50ns_20deci_2m_UTC_20190719_021229.832.tdms,1khz_50ns_20deci_2m_UTC_20190719_021229.832,6.0,8.0,243,648,1000.0
1232,pohang__1khz_50ns_20deci_2m_UTC_20190719_021229.832,pohang,pohang,pohang,unlabel,2,/home/ted1204/MS_Detection_Datamaker/MS_datamaker_PH/data/unlabel/1khz_50ns_20deci_2m_UTC_20190719_021229.832.tdms,1khz_50ns_20deci_2m_UTC_20190719_021229.832.tdms,1khz_50ns_20deci_2m_UTC_20190719_021229.832,10.0,12.0,243,648,1000.0
1233,pohang__1khz_50ns_20deci_2m_UTC_20190719_021229.832,pohang,pohang,pohang,unlabel,2,/home/ted1204/MS_Detection_Datamaker/MS_datamaker_PH/data/unlabel/1khz_50ns_20deci_2m_UTC_20190719_021229.832.tdms,1khz_50ns_20deci_2m_UTC_20190719_021229.832.tdms,1khz_50ns_20deci_2m_UTC_20190719_021229.832,11.0,13.0,243,648,1000.0
1234,pohang__1khz_50ns_20deci_2m_UTC_20190719_021229.832,pohang,pohang,pohang,unlabel,2,/home/ted1204/MS_Detection_Datamaker/MS_datamaker_PH/data/unlabel/1khz_50ns_20deci_2m_UTC_20190719_021229.832.tdms,1khz_50ns_20deci_2m_UTC_20190719_021229.832.tdms,1khz_50ns_20deci_2m_UTC_20190719_021229.832,13.0,15.0,243,648,1000.0
1235,pohang__1khz_50ns_20deci_2m_UTC_20190719_021229.832,pohang,pohang,pohang,unlabel,2,/home/ted1204/MS_Detection_Datamaker/MS_datamaker_PH/data/unlabel/1khz_50ns_20deci_2m_UTC_20190719_021229.832.tdms,1khz_50ns_20deci_2m_UTC_20190719_021229.832.tdms,1khz_50ns_20deci_2m_UTC_20190719_021229.832,14.0,16.0,243,648,1000.0
1236,pohang__1khz_50ns_20deci_2m_UTC_20190719_021229.832,pohang,pohang,pohang,unlabel,2,/home/ted1204/MS_Detection_Datamaker/MS_datamaker_PH/data/unlabel/1khz_50ns_20deci_2m_UTC_20190719_021229.832.tdms,1khz_50ns_20deci_2m_UTC_20190719_021229.832.tdms,1khz_50ns_20deci_2m_UTC_20190719_021229.832,15.0,17.0,243,648,1000.0
1237,pohang__1khz_50ns_20deci_2m_UTC_20190719_021229.832,pohang,pohang,pohang,unlabel,2,/home/ted1204/MS_Detection_Datamaker/MS_datamaker_PH/data/unlabel/1khz_50ns_20deci_2m_UTC_20190719_021229.832.tdms,1khz_50ns_20deci_2m_UTC_20190719_021229.832.tdms,1khz_50ns_20deci_2m_UTC_20190719_021229.832,16.0,18.0,243,648,1000.0
1238,pohang__1khz_50ns_20deci_2m_UTC_20190719_021229.832,pohang,pohang,pohang,unlabel,2,/home/ted1204/MS_Detection_Datamaker/MS_datamaker_PH/data/unlabel/1khz_50ns_20deci_2m_UTC_20190719_021229.832.tdms,1khz_50ns_20deci_2m_UTC_20190719_021229.832.tdms,1khz_50ns_20deci_2m_UTC_20190719_021229.832,19.0,21.0,243,648,1000.0
1239,pohang__1khz_50ns_20deci_2m_UTC_20190719_021229.832,pohang,pohang,pohang,unlabel,2,/home/ted1204/MS_Detection_Datamaker/MS_datamaker_PH/data/unlabel/1khz_50ns_20deci_2m_UTC_20190719_021229.832.tdms,1khz_50ns_20deci_2m_UTC_20190719_021229.832.tdms,1khz_50ns_20deci_2m_UTC_20190719_021229.832,20.0,22.0,243,648,1000.0
1240,pohang__1khz_50ns_20deci_2m_UTC_20190719_021229.832,pohang,pohang,pohang,unlabel,2,/home/ted1204/MS_Detection_Datamaker/MS_datamaker_PH/data/unlabel/1khz_50ns_20deci_2m_UTC_20190719_021229.832.tdms,1khz_50ns_20deci_2m_UTC_20190719_021229.832.tdms,1khz_50ns_20deci_2m_UTC_20190719_021229.832,22.0,24.0,243,648,1000.0
1241,pohang__1khz_50ns_20deci_2m_UTC_20190719_021229.832,pohang,pohang,pohang,unlabel,2,/home/ted1204/MS_Detection_Datamaker/MS_datamaker_PH/data/unlabel/1khz_50ns_20deci_2m_UTC_20190719_021229.832.tdms,1khz_50ns_20deci_2m_UTC_20190719_021229.832.tdms,1khz_50ns_20deci_2m_UTC_20190719_021229.832,24.0,26.0,243,648,1000.0
1242,pohang__1khz_50ns_20deci_2m_UTC_20190719_021229.832,pohang,pohang,pohang,unlabel,2,/home/ted1204/MS_Detection_Datamaker/MS_datamaker_PH/data/unlabel/1khz_50ns_20deci_2m_UTC_20190719_021229.832.tdms,1khz_50ns_20deci_2m_UTC_20190719_021229.832.tdms,1khz_50ns_20deci_2m_UTC_20190719_021229.832,25.0,27.0,243,648,1000.0
1243,pohang__1khz_50ns_20deci_2m_UTC_20190719_021229.832,pohang,pohang,pohang,unlabel,2,/home/ted1204/MS_Detection_Datamaker/MS_datamaker_PH/data/unlabel/1khz_50ns_20deci_2m_UTC_20190719_021229.832.tdms,1khz_50ns_20deci_2m_UTC_20190719_021229.832.tdms,1khz_50ns_20deci_2m_UTC_20190719_021229.832,26.0,28.0,243,648,1000.0
1244,pohang__1khz_50ns_20deci_2m_UTC_20190719_021229.832,pohang,pohang,pohang,unlabel,2,/home/ted1204/MS_Detection_Datamaker/MS_datamaker_PH/data/unlabel/1khz_50ns_20deci_2m_UTC_20190719_021229.832.tdms,1khz_50ns_20deci_2m_UTC_20190719_021229.832.tdms,1khz_50ns_20deci_2m_UTC_20190719_021229.832,28.0,30.0,243,648,1000.0
1245,pohang__1khz_50ns_20deci_2m_UTC_20190719_051829.829,pohang,pohang,pohang,unlabel,2,/home/ted1204/MS_Detection_Datamaker/MS_datamaker_PH/data/unlabel/1khz_50ns_20deci_2m_UTC_20190719_051829.829.tdms,1khz_50ns_20deci_2m_UTC_20190719_051829.829.tdms,1khz_50ns_20deci_2m_UTC_20190719_051829.829,1.0,3.0,243,648,1000.0
1246,pohang__1khz_50ns_20deci_2m_UTC_20190719_051829.829,pohang,pohang,pohang,unlabel,2,/home/ted1204/MS_Detection_Datamaker/MS_datamaker_PH/data/unlabel/1khz_50ns_20deci_2m_UTC_20190719_051829.829.tdms,1khz_50ns_20deci_2m_UTC_20190719_051829.829.tdms,1khz_50ns_20deci_2m_UTC_20190719_051829.829,2.0,4.0,243,648,1000.0
1247,pohang__1khz_50ns_20deci_2m_UTC_20190719_051829.829,pohang,pohang,pohang,unlabel,2,/home/ted1204/MS_Detection_Datamaker/MS_datamaker_PH/data/unlabel/1khz_50ns_20deci_2m_UTC_20190719_051829.829.tdms,1khz_50ns_20deci_2m_UTC_20190719_051829.829.tdms,1khz_50ns_20deci_2m_UTC_20190719_051829.829,4.0,6.0,243,648,1000.0
1248,pohang__1khz_50ns_20deci_2m_UTC_20190719_051829.829,pohang,pohang,pohang,unlabel,2,/home/ted1204/MS_Detection_Datamaker/MS_datamaker_PH/data/unlabel/1khz_50ns_20deci_2m_UTC_20190719_051829.829.tdms,1khz_50ns_20deci_2m_UTC_20190719_051829.829.tdms,1khz_50ns_20deci_2m_UTC_20190719_051829.829,5.0,7.0,243,648,1000.0
1249,pohang__1khz_50ns_20deci_2m_UTC_20190719_051829.829,pohang,pohang,pohang,unlabel,2,/home/ted1204/MS_Detection_Datamaker/MS_datamaker_PH/data/unlabel/1khz_50ns_20deci_2m_UTC_20190719_051829.829.tdms,1khz_50ns_20deci_2m_UTC_20190719_051829.829.tdms,1khz_50ns_20deci_2m_UTC_20190719_051829.829,11.0,13.0,243,648,1000.0
1250,pohang__1khz_50ns_20deci_2m_UTC_20190719_051829.829,pohang,pohang,pohang,unlabel,2,/home/ted1204/MS_Detection_Datamaker/MS_datamaker_PH/data/unlabel/1khz_50ns_20deci_2m_UTC_20190719_051829.829.tdms,1khz_50ns_20deci_2m_UTC_20190719_051829.829.tdms,1khz_50ns_20deci_2m_UTC_20190719_051829.829,13.0,15.0,243,648,1000.0
1251,pohang__1khz_50ns_20deci_2m_UTC_20190719_051829.829,pohang,pohang,pohang,unlabel,2,/home/ted1204/MS_Detection_Datamaker/MS_datamaker_PH/data/unlabel/1khz_50ns_20deci_2m_UTC_20190719_051829.829.tdms,1khz_50ns_20deci_2m_UTC_20190719_051829.829.tdms,1khz_50ns_20deci_2m_UTC_20190719_051829.829,15.0,17.0,243,648,1000.0
1252,pohang__1khz_50ns_20deci_2m_UTC_20190719_051829.829,pohang,pohang,pohang,unlabel,2,/home/ted1204/MS_Detection_Datamaker/MS_datamaker_PH/data/unlabel/1khz_50ns_20deci_2m_UTC_20190719_051829.829.tdms,1khz_50ns_20deci_2m_UTC_20190719_051829.829.tdms,1khz_50ns_20deci_2m_UTC_20190719_051829.829,16.0,18.0,243,648,1000.0
1253,pohang__1khz_50ns_20deci_2m_UTC_20190719_051829.829,pohang,pohang,pohang,unlabel,2,/home/ted1204/MS_Detection_Datamaker/MS_datamaker_PH/data/unlabel/1khz_50ns_20deci_2m_UTC_20190719_051829.829.tdms,1khz_50ns_20deci_2m_UTC_20190719_051829.829.tdms,1khz_50ns_20deci_2m_UTC_20190719_051829.829,18.0,20.0,243,648,1000.0
1254,pohang__1khz_50ns_20deci_2m_UTC_20190719_051829.829,pohang,pohang,pohang,unlabel,2,/home/ted1204/MS_Detection_Datamaker/MS_datamaker_PH/data/unlabel/1khz_50ns_20deci_2m_UTC_20190719_051829.829.tdms,1khz_50ns_20deci_2m_UTC_20190719_051829.829.tdms,1khz_50ns_20deci_2m_UTC_20190719_051829.829,19.0,21.0,243,648,1000.0
1255,pohang__1khz_50ns_20deci_2m_UTC_20190719_051829.829,pohang,pohang,pohang,unlabel,2,/home/ted1204/MS_Detection_Datamaker/MS_datamaker_PH/data/unlabel/1khz_50ns_20deci_2m_UTC_20190719_051829.829.tdms,1khz_50ns_20deci_2m_UTC_20190719_051829.829.tdms,1khz_50ns_20deci_2m_UTC_20190719_051829.829,22.0,24.0,243,648,1000.0
1256,pohang__1khz_50ns_20deci_2m_UTC_20190719_051829.829,pohang,pohang,pohang,unlabel,2,/home/ted1204/MS_Detection_Datamaker/MS_datamaker_PH/data/unlabel/1khz_50ns_20deci_2m_UTC_20190719_051829.829.tdms,1khz_50ns_20deci_2m_UTC_20190719_051829.829.tdms,1khz_50ns_20deci_2m_UTC_20190719_051829.829,23.0,25.0,243,648,1000.0
1257,pohang__1khz_50ns_20deci_2m_UTC_20190719_051829.829,pohang,pohang,pohang,unlabel,2,/home/ted1204/MS_Detection_Datamaker/MS_datamaker_PH/data/unlabel/1khz_50ns_20deci_2m_UTC_20190719_051829.829.tdms,1khz_50ns_20deci_2m_UTC_20190719_051829.829.tdms,1khz_50ns_20deci_2m_UTC_20190719_051829.829,24.0,26.0,243,648,1000.0
1258,pohang__1khz_50ns_20deci_2m_UTC_20190719_051829.829,pohang,pohang,pohang,unlabel,2,/home/ted1204/MS_Detection_Datamaker/MS_datamaker_PH/data/unlabel/1khz_50ns_20deci_2m_UTC_20190719_051829.829.tdms,1khz_50ns_20deci_2m_UTC_20190719_051829.829.tdms,1khz_50ns_20deci_2m_UTC_20190719_051829.829,26.0,28.0,243,648,1000.0
1259,pohang__1khz_50ns_20deci_2m_UTC_20190719_051829.829,pohang,pohang,pohang,unlabel,2,/home/ted1204/MS_Detection_Datamaker/MS_datamaker_PH/data/unlabel/1khz_50ns_20deci_2m_UTC_20190719_051829.829.tdms,1khz_50ns_20deci_2m_UTC_20190719_051829.829.tdms,1khz_50ns_20deci_2m_UTC_20190719_051829.829,27.0,29.0,243,648,1000.0
1260,pohang__1khz_50ns_20deci_2m_UTC_20190719_054629.829,pohang,pohang,pohang,unlabel,2,/home/ted1204/MS_Detection_Datamaker/MS_datamaker_PH/data/unlabel/1khz_50ns_20deci_2m_UTC_20190719_054629.829.tdms,1khz_50ns_20deci_2m_UTC_20190719_054629.829.tdms,1khz_50ns_20deci_2m_UTC_20190719_054629.829,0.0,2.0,243,648,1000.0
1261,pohang__1khz_50ns_20deci_2m_UTC_20190719_054629.829,pohang,pohang,pohang,unlabel,2,/home/ted1204/MS_Detection_Datamaker/MS_datamaker_PH/data/unlabel/1khz_50ns_20deci_2m_UTC_20190719_054629.829.tdms,1khz_50ns_20deci_2m_UTC_20190719_054629.829.tdms,1khz_50ns_20deci_2m_UTC_20190719_054629.829,1.0,3.0,243,648,1000.0
1262,pohang__1khz_50ns_20deci_2m_UTC_20190719_054629.829,pohang,pohang,pohang,unlabel,2,/home/ted1204/MS_Detection_Datamaker/MS_datamaker_PH/data/unlabel/1khz_50ns_20deci_2m_UTC_20190719_054629.829.tdms,1khz_50ns_20deci_2m_UTC_20190719_054629.829.tdms,1khz_50ns_20deci_2m_UTC_20190719_054629.829,3.0,5.0,243,648,1000.0
1263,pohang__1khz_50ns_20deci_2m_UTC_20190719_054629.829,pohang,pohang,pohang,unlabel,2,/home/ted1204/MS_Detection_Datamaker/MS_datamaker_PH/data/unlabel/1khz_50ns_20deci_2m_UTC_20190719_054629.829.tdms,1khz_50ns_20deci_2m_UTC_20190719_054629.829.tdms,1khz_50ns_20deci_2m_UTC_20190719_054629.829,4.0,6.0,243,648,1000.0
1264,pohang__1khz_50ns_20deci_2m_UTC_20190719_054629.829,pohang,pohang,pohang,unlabel,2,/home/ted1204/MS_Detection_Datamaker/MS_datamaker_PH/data/unlabel/1khz_50ns_20deci_2m_UTC_20190719_054629.829.tdms,1khz_50ns_20deci_2m_UTC_20190719_054629.829.tdms,1khz_50ns_20deci_2m_UTC_20190719_054629.829,5.0,7.0,243,648,1000.0
1265,pohang__1khz_50ns_20deci_2m_UTC_20190719_054629.829,pohang,pohang,pohang,unlabel,2,/home/ted1204/MS_Detection_Datamaker/MS_datamaker_PH/data/unlabel/1khz_50ns_20deci_2m_UTC_20190719_054629.829.tdms,1khz_50ns_20deci_2m_UTC_20190719_054629.829.tdms,1khz_50ns_20deci_2m_UTC_20190719_054629.829,6.0,8.0,243,648,1000.0
1266,pohang__1khz_50ns_20deci_2m_UTC_20190719_054629.829,pohang,pohang,pohang,unlabel,2,/home/ted1204/MS_Detection_Datamaker/MS_datamaker_PH/data/unlabel/1khz_50ns_20deci_2m_UTC_20190719_054629.829.tdms,1khz_50ns_20deci_2m_UTC_20190719_054629.829.tdms,1khz_50ns_20deci_2m_UTC_20190719_054629.829,7.0,9.0,243,648,1000.0
1267,pohang__1khz_50ns_20deci_2m_UTC_20190719_054629.829,pohang,pohang,pohang,unlabel,2,/home/ted1204/MS_Detection_Datamaker/MS_datamaker_PH/data/unlabel/1khz_50ns_20deci_2m_UTC_20190719_054629.829.tdms,1khz_50ns_20deci_2m_UTC_20190719_054629.829.tdms,1khz_50ns_20deci_2m_UTC_20190719_054629.829,9.0,11.0,243,648,1000.0
1268,pohang__1khz_50ns_20deci_2m_UTC_20190719_054629.829,pohang,pohang,pohang,unlabel,2,/home/ted1204/MS_Detection_Datamaker/MS_datamaker_PH/data/unlabel/1khz_50ns_20deci_2m_UTC_20190719_054629.829.tdms,1khz_50ns_20deci_2m_UTC_20190719_054629.829.tdms,1khz_50ns_20deci_2m_UTC_20190719_054629.829,12.0,14.0,243,648,1000.0
1269,pohang__1khz_50ns_20deci_2m_UTC_20190719_054629.829,pohang,pohang,pohang,unlabel,2,/home/ted1204/MS_Detection_Datamaker/MS_datamaker_PH/data/unlabel/1khz_50ns_20deci_2m_UTC_20190719_054629.829.tdms,1khz_50ns_20deci_2m_UTC_20190719_054629.829.tdms,1khz_50ns_20deci_2m_UTC_20190719_054629.829,13.0,15.0,243,648,1000.0
1270,pohang__1khz_50ns_20deci_2m_UTC_20190719_054629.829,pohang,pohang,pohang,unlabel,2,/home/ted1204/MS_Detection_Datamaker/MS_datamaker_PH/data/unlabel/1khz_50ns_20deci_2m_UTC_20190719_054629.829.tdms,1khz_50ns_20deci_2m_UTC_20190719_054629.829.tdms,1khz_50ns_20deci_2m_UTC_20190719_054629.829,15.0,17.0,243,648,1000.0
1271,pohang__1khz_50ns_20deci_2m_UTC_20190719_054629.829,pohang,pohang,pohang,unlabel,2,/home/ted1204/MS_Detection_Datamaker/MS_datamaker_PH/data/unlabel/1khz_50ns_20deci_2m_UTC_20190719_054629.829.tdms,1khz_50ns_20deci_2m_UTC_20190719_054629.829.tdms,1khz_50ns_20deci_2m_UTC_20190719_054629.829,16.0,18.0,243,648,1000.0
1272,pohang__1khz_50ns_20deci_2m_UTC_20190719_054629.829,pohang,pohang,pohang,unlabel,2,/home/ted1204/MS_Detection_Datamaker/MS_datamaker_PH/data/unlabel/1khz_50ns_20deci_2m_UTC_20190719_054629.829.tdms,1khz_50ns_20deci_2m_UTC_20190719_054629.829.tdms,1khz_50ns_20deci_2m_UTC_20190719_054629.829,19.0,21.0,243,648,1000.0
1273,pohang__1khz_50ns_20deci_2m_UTC_20190719_054629.829,pohang,pohang,pohang,unlabel,2,/home/ted1204/MS_Detection_Datamaker/MS_datamaker_PH/data/unlabel/1khz_50ns_20deci_2m_UTC_20190719_054629.829.tdms,1khz_50ns_20deci_2m_UTC_20190719_054629.829.tdms,1khz_50ns_20deci_2m_UTC_20190719_054629.829,20.0,22.0,243,648,1000.0
1274,pohang__1khz_50ns_20deci_2m_UTC_20190719_054629.829,pohang,pohang,pohang,unlabel,2,/home/ted1204/MS_Detection_Datamaker/MS_datamaker_PH/data/unlabel/1khz_50ns_20deci_2m_UTC_20190719_054629.829.tdms,1khz_50ns_20deci_2m_UTC_20190719_054629.829.tdms,1khz_50ns_20deci_2m_UTC_20190719_054629.829,28.0,30.0,243,648,1000.0
1275,pohang__1khz_50ns_20deci_2m_UTC_20190720_010629.809,pohang,pohang,pohang,unlabel,2,/home/ted1204/MS_Detection_Datamaker/MS_datamaker_PH/data/unlabel/1khz_50ns_20deci_2m_UTC_20190720_010629.809.tdms,1khz_50ns_20deci_2m_UTC_20190720_010629.809.tdms,1khz_50ns_20deci_2m_UTC_20190720_010629.809,2.0,4.0,243,648,1000.0
1276,pohang__1khz_50ns_20deci_2m_UTC_20190720_010629.809,pohang,pohang,pohang,unlabel,2,/home/ted1204/MS_Detection_Datamaker/MS_datamaker_PH/data/unlabel/1khz_50ns_20deci_2m_UTC_20190720_010629.809.tdms,1khz_50ns_20deci_2m_UTC_20190720_010629.809.tdms,1khz_50ns_20deci_2m_UTC_20190720_010629.809,4.0,6.0,243,648,1000.0
1277,pohang__1khz_50ns_20deci_2m_UTC_20190720_010629.809,pohang,pohang,pohang,unlabel,2,/home/ted1204/MS_Detection_Datamaker/MS_datamaker_PH/data/unlabel/1khz_50ns_20deci_2m_UTC_20190720_010629.809.tdms,1khz_50ns_20deci_2m_UTC_20190720_010629.809.tdms,1khz_50ns_20deci_2m_UTC_20190720_010629.809,8.0,10.0,243,648,1000.0
1278,pohang__1khz_50ns_20deci_2m_UTC_20190720_010629.809,pohang,pohang,pohang,unlabel,2,/home/ted1204/MS_Detection_Datamaker/MS_datamaker_PH/data/unlabel/1khz_50ns_20deci_2m_UTC_20190720_010629.809.tdms,1khz_50ns_20deci_2m_UTC_20190720_010629.809.tdms,1khz_50ns_20deci_2m_UTC_20190720_010629.809,9.0,11.0,243,648,1000.0
1279,pohang__1khz_50ns_20deci_2m_UTC_20190720_010629.809,pohang,pohang,pohang,unlabel,2,/home/ted1204/MS_Detection_Datamaker/MS_datamaker_PH/data/unlabel/1khz_50ns_20deci_2m_UTC_20190720_010629.809.tdms,1khz_50ns_20deci_2m_UTC_20190720_010629.809.tdms,1khz_50ns_20deci_2m_UTC_20190720_010629.809,11.0,13.0,243,648,1000.0
1280,pohang__1khz_50ns_20deci_2m_UTC_20190720_010629.809,pohang,pohang,pohang,unlabel,2,/home/ted1204/MS_Detection_Datamaker/MS_datamaker_PH/data/unlabel/1khz_50ns_20deci_2m_UTC_20190720_010629.809.tdms,1khz_50ns_20deci_2m_UTC_20190720_010629.809.tdms,1khz_50ns_20deci_2m_UTC_20190720_010629.809,14.0,16.0,243,648,1000.0
1281,pohang__1khz_50ns_20deci_2m_UTC_20190720_010629.809,pohang,pohang,pohang,unlabel,2,/home/ted1204/MS_Detection_Datamaker/MS_datamaker_PH/data/unlabel/1khz_50ns_20deci_2m_UTC_20190720_010629.809.tdms,1khz_50ns_20deci_2m_UTC_20190720_010629.809.tdms,1khz_50ns_20deci_2m_UTC_20190720_010629.809,15.0,17.0,243,648,1000.0
1282,pohang__1khz_50ns_20deci_2m_UTC_20190720_010629.809,pohang,pohang,pohang,unlabel,2,/home/ted1204/MS_Detection_Datamaker/MS_datamaker_PH/data/unlabel/1khz_50ns_20deci_2m_UTC_20190720_010629.809.tdms,1khz_50ns_20deci_2m_UTC_20190720_010629.809.tdms,1khz_50ns_20deci_2m_UTC_20190720_010629.809,16.0,18.0,243,648,1000.0
1283,pohang__1khz_50ns_20deci_2m_UTC_20190720_010629.809,pohang,pohang,pohang,unlabel,2,/home/ted1204/MS_Detection_Datamaker/MS_datamaker_PH/data/unlabel/1khz_50ns_20deci_2m_UTC_20190720_010629.809.tdms,1khz_50ns_20deci_2m_UTC_20190720_010629.809.tdms,1khz_50ns_20deci_2m_UTC_20190720_010629.809,18.0,20.0,243,648,1000.0
1284,pohang__1khz_50ns_20deci_2m_UTC_20190720_010629.809,pohang,pohang,pohang,unlabel,2,/home/ted1204/MS_Detection_Datamaker/MS_datamaker_PH/data/unlabel/1khz_50ns_20deci_2m_UTC_20190720_010629.809.tdms,1khz_50ns_20deci_2m_UTC_20190720_010629.809.tdms,1khz_50ns_20deci_2m_UTC_20190720_010629.809,23.0,25.0,243,648,1000.0
1285,pohang__1khz_50ns_20deci_2m_UTC_20190720_010629.809,pohang,pohang,pohang,unlabel,2,/home/ted1204/MS_Detection_Datamaker/MS_datamaker_PH/data/unlabel/1khz_50ns_20deci_2m_UTC_20190720_010629.809.tdms,1khz_50ns_20deci_2m_UTC_20190720_010629.809.tdms,1khz_50ns_20deci_2m_UTC_20190720_010629.809,24.0,26.0,243,648,1000.0
1286,pohang__1khz_50ns_20deci_2m_UTC_20190720_010629.809,pohang,pohang,pohang,unlabel,2,/home/ted1204/MS_Detection_Datamaker/MS_datamaker_PH/data/unlabel/1khz_50ns_20deci_2m_UTC_20190720_010629.809.tdms,1khz_50ns_20deci_2m_UTC_20190720_010629.809.tdms,1khz_50ns_20deci_2m_UTC_20190720_010629.809,25.0,27.0,243,648,1000.0
1287,pohang__1khz_50ns_20deci_2m_UTC_20190720_010629.809,pohang,pohang,pohang,unlabel,2,/home/ted1204/MS_Detection_Datamaker/MS_datamaker_PH/data/unlabel/1khz_50ns_20deci_2m_UTC_20190720_010629.809.tdms,1khz_50ns_20deci_2m_UTC_20190720_010629.809.tdms,1khz_50ns_20deci_2m_UTC_20190720_010629.809,26.0,28.0,243,648,1000.0
1288,pohang__1khz_50ns_20deci_2m_UTC_20190720_010629.809,pohang,pohang,pohang,unlabel,2,/home/ted1204/MS_Detection_Datamaker/MS_datamaker_PH/data/unlabel/1khz_50ns_20deci_2m_UTC_20190720_010629.809.tdms,1khz_50ns_20deci_2m_UTC_20190720_010629.809.tdms,1khz_50ns_20deci_2m_UTC_20190720_010629.809,27.0,29.0,243,648,1000.0
1289,pohang__1khz_50ns_20deci_2m_UTC_20190720_010629.809,pohang,pohang,pohang,unlabel,2,/home/ted1204/MS_Detection_Datamaker/MS_datamaker_PH/data/unlabel/1khz_50ns_20deci_2m_UTC_20190720_010629.809.tdms,1khz_50ns_20deci_2m_UTC_20190720_010629.809.tdms,1khz_50ns_20deci_2m_UTC_20190720_010629.809,28.0,30.0,243,648,1000.0
1290,pohang__1khz_50ns_20deci_2m_UTC_20190720_051629.805,pohang,pohang,pohang,unlabel,2,/home/ted1204/MS_Detection_Datamaker/MS_datamaker_PH/data/unlabel/1khz_50ns_20deci_2m_UTC_20190720_051629.805.tdms,1khz_50ns_20deci_2m_UTC_20190720_051629.805.tdms,1khz_50ns_20deci_2m_UTC_20190720_051629.805,2.0,4.0,243,648,1000.0
1291,pohang__1khz_50ns_20deci_2m_UTC_20190720_051629.805,pohang,pohang,pohang,unlabel,2,/home/ted1204/MS_Detection_Datamaker/MS_datamaker_PH/data/unlabel/1khz_50ns_20deci_2m_UTC_20190720_051629.805.tdms,1khz_50ns_20deci_2m_UTC_20190720_051629.805.tdms,1khz_50ns_20deci_2m_UTC_20190720_051629.805,3.0,5.0,243,648,1000.0
1292,pohang__1khz_50ns_20deci_2m_UTC_20190720_051629.805,pohang,pohang,pohang,unlabel,2,/home/ted1204/MS_Detection_Datamaker/MS_datamaker_PH/data/unlabel/1khz_50ns_20deci_2m_UTC_20190720_051629.805.tdms,1khz_50ns_20deci_2m_UTC_20190720_051629.805.tdms,1khz_50ns_20deci_2m_UTC_20190720_051629.805,4.0,6.0,243,648,1000.0
1293,pohang__1khz_50ns_20deci_2m_UTC_20190720_051629.805,pohang,pohang,pohang,unlabel,2,/home/ted1204/MS_Detection_Datamaker/MS_datamaker_PH/data/unlabel/1khz_50ns_20deci_2m_UTC_20190720_051629.805.tdms,1khz_50ns_20deci_2m_UTC_20190720_051629.805.tdms,1khz_50ns_20deci_2m_UTC_20190720_051629.805,5.0,7.0,243,648,1000.0
1294,pohang__1khz_50ns_20deci_2m_UTC_20190720_051629.805,pohang,pohang,pohang,unlabel,2,/home/ted1204/MS_Detection_Datamaker/MS_datamaker_PH/data/unlabel/1khz_50ns_20deci_2m_UTC_20190720_051629.805.tdms,1khz_50ns_20deci_2m_UTC_20190720_051629.805.tdms,1khz_50ns_20deci_2m_UTC_20190720_051629.805,7.0,9.0,243,648,1000.0
1295,pohang__1khz_50ns_20deci_2m_UTC_20190720_051629.805,pohang,pohang,pohang,unlabel,2,/home/ted1204/MS_Detection_Datamaker/MS_datamaker_PH/data/unlabel/1khz_50ns_20deci_2m_UTC_20190720_051629.805.tdms,1khz_50ns_20deci_2m_UTC_20190720_051629.805.tdms,1khz_50ns_20deci_2m_UTC_20190720_051629.805,8.0,10.0,243,648,1000.0
1296,pohang__1khz_50ns_20deci_2m_UTC_20190720_051629.805,pohang,pohang,pohang,unlabel,2,/home/ted1204/MS_Detection_Datamaker/MS_datamaker_PH/data/unlabel/1khz_50ns_20deci_2m_UTC_20190720_051629.805.tdms,1khz_50ns_20deci_2m_UTC_20190720_051629.805.tdms,1khz_50ns_20deci_2m_UTC_20190720_051629.805,11.0,13.0,243,648,1000.0
1297,pohang__1khz_50ns_20deci_2m_UTC_20190720_051629.805,pohang,pohang,pohang,unlabel,2,/home/ted1204/MS_Detection_Datamaker/MS_datamaker_PH/data/unlabel/1khz_50ns_20deci_2m_UTC_20190720_051629.805.tdms,1khz_50ns_20deci_2m_UTC_20190720_051629.805.tdms,1khz_50ns_20deci_2m_UTC_20190720_051629.805,13.0,15.0,243,648,1000.0
1298,pohang__1khz_50ns_20deci_2m_UTC_20190720_051629.805,pohang,pohang,pohang,unlabel,2,/home/ted1204/MS_Detection_Datamaker/MS_datamaker_PH/data/unlabel/1khz_50ns_20deci_2m_UTC_20190720_051629.805.tdms,1khz_50ns_20deci_2m_UTC_20190720_051629.805.tdms,1khz_50ns_20deci_2m_UTC_20190720_051629.805,20.0,22.0,243,648,1000.0
1299,pohang__1khz_50ns_20deci_2m_UTC_20190720_051629.805,pohang,pohang,pohang,unlabel,2,/home/ted1204/MS_Detection_Datamaker/MS_datamaker_PH/data/unlabel/1khz_50ns_20deci_2m_UTC_20190720_051629.805.tdms,1khz_50ns_20deci_2m_UTC_20190720_051629.805.tdms,1khz_50ns_20deci_2m_UTC_20190720_051629.805,22.0,24.0,243,648,1000.0
1300,pohang__1khz_50ns_20deci_2m_UTC_20190720_051629.805,pohang,pohang,pohang,unlabel,2,/home/ted1204/MS_Detection_Datamaker/MS_datamaker_PH/data/unlabel/1khz_50ns_20deci_2m_UTC_20190720_051629.805.tdms,1khz_50ns_20deci_2m_UTC_20190720_051629.805.tdms,1khz_50ns_20deci_2m_UTC_20190720_051629.805,23.0,25.0,243,648,1000.0
1301,pohang__1khz_50ns_20deci_2m_UTC_20190720_051629.805,pohang,pohang,pohang,unlabel,2,/home/ted1204/MS_Detection_Datamaker/MS_datamaker_PH/data/unlabel/1khz_50ns_20deci_2m_UTC_20190720_051629.805.tdms,1khz_50ns_20deci_2m_UTC_20190720_051629.805.tdms,1khz_50ns_20deci_2m_UTC_20190720_051629.805,24.0,26.0,243,648,1000.0
1302,pohang__1khz_50ns_20deci_2m_UTC_20190720_051629.805,pohang,pohang,pohang,unlabel,2,/home/ted1204/MS_Detection_Datamaker/MS_datamaker_PH/data/unlabel/1khz_50ns_20deci_2m_UTC_20190720_051629.805.tdms,1khz_50ns_20deci_2m_UTC_20190720_051629.805.tdms,1khz_50ns_20deci_2m_UTC_20190720_051629.805,25.0,27.0,243,648,1000.0
1303,pohang__1khz_50ns_20deci_2m_UTC_20190720_051629.805,pohang,pohang,pohang,unlabel,2,/home/ted1204/MS_Detection_Datamaker/MS_datamaker_PH/data/unlabel/1khz_50ns_20deci_2m_UTC_20190720_051629.805.tdms,1khz_50ns_20deci_2m_UTC_20190720_051629.805.tdms,1khz_50ns_20deci_2m_UTC_20190720_051629.805,26.0,28.0,243,648,1000.0
1304,pohang__1khz_50ns_20deci_2m_UTC_20190720_051629.805,pohang,pohang,pohang,unlabel,2,/home/ted1204/MS_Detection_Datamaker/MS_datamaker_PH/data/unlabel/1khz_50ns_20deci_2m_UTC_20190720_051629.805.tdms,1khz_50ns_20deci_2m_UTC_20190720_051629.805.tdms,1khz_50ns_20deci_2m_UTC_20190720_051629.805,27.0,29.0,243,648,1000.0
1305,pohang__1khz_50ns_20deci_2m_UTC_20190720_184859.790,pohang,pohang,pohang,unlabel,2,/home/ted1204/MS_Detection_Datamaker/MS_datamaker_PH/data/unlabel/1khz_50ns_20deci_2m_UTC_20190720_184859.790.tdms,1khz_50ns_20deci_2m_UTC_20190720_184859.790.tdms,1khz_50ns_20deci_2m_UTC_20190720_184859.790,1.0,3.0,243,648,1000.0
1306,pohang__1khz_50ns_20deci_2m_UTC_20190720_184859.790,pohang,pohang,pohang,unlabel,2,/home/ted1204/MS_Detection_Datamaker/MS_datamaker_PH/data/unlabel/1khz_50ns_20deci_2m_UTC_20190720_184859.790.tdms,1khz_50ns_20deci_2m_UTC_20190720_184859.790.tdms,1khz_50ns_20deci_2m_UTC_20190720_184859.790,3.0,5.0,243,648,1000.0
1307,pohang__1khz_50ns_20deci_2m_UTC_20190720_184859.790,pohang,pohang,pohang,unlabel,2,/home/ted1204/MS_Detection_Datamaker/MS_datamaker_PH/data/unlabel/1khz_50ns_20deci_2m_UTC_20190720_184859.790.tdms,1khz_50ns_20deci_2m_UTC_20190720_184859.790.tdms,1khz_50ns_20deci_2m_UTC_20190720_184859.790,6.0,8.0,243,648,1000.0
1308,pohang__1khz_50ns_20deci_2m_UTC_20190720_184859.790,pohang,pohang,pohang,unlabel,2,/home/ted1204/MS_Detection_Datamaker/MS_datamaker_PH/data/unlabel/1khz_50ns_20deci_2m_UTC_20190720_184859.790.tdms,1khz_50ns_20deci_2m_UTC_20190720_184859.790.tdms,1khz_50ns_20deci_2m_UTC_20190720_184859.790,7.0,9.0,243,648,1000.0
1309,pohang__1khz_50ns_20deci_2m_UTC_20190720_184859.790,pohang,pohang,pohang,unlabel,2,/home/ted1204/MS_Detection_Datamaker/MS_datamaker_PH/data/unlabel/1khz_50ns_20deci_2m_UTC_20190720_184859.790.tdms,1khz_50ns_20deci_2m_UTC_20190720_184859.790.tdms,1khz_50ns_20deci_2m_UTC_20190720_184859.790,8.0,10.0,243,648,1000.0
1310,pohang__1khz_50ns_20deci_2m_UTC_20190720_184859.790,pohang,pohang,pohang,unlabel,2,/home/ted1204/MS_Detection_Datamaker/MS_datamaker_PH/data/unlabel/1khz_50ns_20deci_2m_UTC_20190720_184859.790.tdms,1khz_50ns_20deci_2m_UTC_20190720_184859.790.tdms,1khz_50ns_20deci_2m_UTC_20190720_184859.790,9.0,11.0,243,648,1000.0
1311,pohang__1khz_50ns_20deci_2m_UTC_20190720_184859.790,pohang,pohang,pohang,unlabel,2,/home/ted1204/MS_Detection_Datamaker/MS_datamaker_PH/data/unlabel/1khz_50ns_20deci_2m_UTC_20190720_184859.790.tdms,1khz_50ns_20deci_2m_UTC_20190720_184859.790.tdms,1khz_50ns_20deci_2m_UTC_20190720_184859.790,11.0,13.0,243,648,1000.0
1312,pohang__1khz_50ns_20deci_2m_UTC_20190720_184859.790,pohang,pohang,pohang,unlabel,2,/home/ted1204/MS_Detection_Datamaker/MS_datamaker_PH/data/unlabel/1khz_50ns_20deci_2m_UTC_20190720_184859.790.tdms,1khz_50ns_20deci_2m_UTC_20190720_184859.790.tdms,1khz_50ns_20deci_2m_UTC_20190720_184859.790,14.0,16.0,243,648,1000.0
1313,pohang__1khz_50ns_20deci_2m_UTC_20190720_184859.790,pohang,pohang,pohang,unlabel,2,/home/ted1204/MS_Detection_Datamaker/MS_datamaker_PH/data/unlabel/1khz_50ns_20deci_2m_UTC_20190720_184859.790.tdms,1khz_50ns_20deci_2m_UTC_20190720_184859.790.tdms,1khz_50ns_20deci_2m_UTC_20190720_184859.790,16.0,18.0,243,648,1000.0
1314,pohang__1khz_50ns_20deci_2m_UTC_20190720_184859.790,pohang,pohang,pohang,unlabel,2,/home/ted1204/MS_Detection_Datamaker/MS_datamaker_PH/data/unlabel/1khz_50ns_20deci_2m_UTC_20190720_184859.790.tdms,1khz_50ns_20deci_2m_UTC_20190720_184859.790.tdms,1khz_50ns_20deci_2m_UTC_20190720_184859.790,17.0,19.0,243,648,1000.0
1315,pohang__1khz_50ns_20deci_2m_UTC_20190720_184859.790,pohang,pohang,pohang,unlabel,2,/home/ted1204/MS_Detection_Datamaker/MS_datamaker_PH/data/unlabel/1khz_50ns_20deci_2m_UTC_20190720_184859.790.tdms,1khz_50ns_20deci_2m_UTC_20190720_184859.790.tdms,1khz_50ns_20deci_2m_UTC_20190720_184859.790,23.0,25.0,243,648,1000.0
1316,pohang__1khz_50ns_20deci_2m_UTC_20190720_184859.790,pohang,pohang,pohang,unlabel,2,/home/ted1204/MS_Detection_Datamaker/MS_datamaker_PH/data/unlabel/1khz_50ns_20deci_2m_UTC_20190720_184859.790.tdms,1khz_50ns_20deci_2m_UTC_20190720_184859.790.tdms,1khz_50ns_20deci_2m_UTC_20190720_184859.790,24.0,26.0,243,648,1000.0
1317,pohang__1khz_50ns_20deci_2m_UTC_20190720_184859.790,pohang,pohang,pohang,unlabel,2,/home/ted1204/MS_Detection_Datamaker/MS_datamaker_PH/data/unlabel/1khz_50ns_20deci_2m_UTC_20190720_184859.790.tdms,1khz_50ns_20deci_2m_UTC_20190720_184859.790.tdms,1khz_50ns_20deci_2m_UTC_20190720_184859.790,25.0,27.0,243,648,1000.0
1318,pohang__1khz_50ns_20deci_2m_UTC_20190720_184859.790,pohang,pohang,pohang,unlabel,2,/home/ted1204/MS_Detection_Datamaker/MS_datamaker_PH/data/unlabel/1khz_50ns_20deci_2m_UTC_20190720_184859.790.tdms,1khz_50ns_20deci_2m_UTC_20190720_184859.790.tdms,1khz_50ns_20deci_2m_UTC_20190720_184859.790,27.0,29.0,243,648,1000.0
1319,pohang__1khz_50ns_20deci_2m_UTC_20190720_184859.790,pohang,pohang,pohang,unlabel,2,/home/ted1204/MS_Detection_Datamaker/MS_datamaker_PH/data/unlabel/1khz_50ns_20deci_2m_UTC_20190720_184859.790.tdms,1khz_50ns_20deci_2m_UTC_20190720_184859.790.tdms,1khz_50ns_20deci_2m_UTC_20190720_184859.790,28.0,30.0,243,648,1000.0
1320,pohang__1khz_50ns_20deci_2m_UTC_20190720_232959.785,pohang,pohang,pohang,unlabel,2,/home/ted1204/MS_Detection_Datamaker/MS_datamaker_PH/data/unlabel/1khz_50ns_20deci_2m_UTC_20190720_232959.785.tdms,1khz_50ns_20deci_2m_UTC_20190720_232959.785.tdms,1khz_50ns_20deci_2m_UTC_20190720_232959.785,0.0,2.0,243,648,1000.0
1321,pohang__1khz_50ns_20deci_2m_UTC_20190720_232959.785,pohang,pohang,pohang,unlabel,2,/home/ted1204/MS_Detection_Datamaker/MS_datamaker_PH/data/unlabel/1khz_50ns_20deci_2m_UTC_20190720_232959.785.tdms,1khz_50ns_20deci_2m_UTC_20190720_232959.785.tdms,1khz_50ns_20deci_2m_UTC_20190720_232959.785,2.0,4.0,243,648,1000.0
1322,pohang__1khz_50ns_20deci_2m_UTC_20190720_232959.785,pohang,pohang,pohang,unlabel,2,/home/ted1204/MS_Detection_Datamaker/MS_datamaker_PH/data/unlabel/1khz_50ns_20deci_2m_UTC_20190720_232959.785.tdms,1khz_50ns_20deci_2m_UTC_20190720_232959.785.tdms,1khz_50ns_20deci_2m_UTC_20190720_232959.785,3.0,5.0,243,648,1000.0
1323,pohang__1khz_50ns_20deci_2m_UTC_20190720_232959.785,pohang,pohang,pohang,unlabel,2,/home/ted1204/MS_Detection_Datamaker/MS_datamaker_PH/data/unlabel/1khz_50ns_20deci_2m_UTC_20190720_232959.785.tdms,1khz_50ns_20deci_2m_UTC_20190720_232959.785.tdms,1khz_50ns_20deci_2m_UTC_20190720_232959.785,4.0,6.0,243,648,1000.0
1324,pohang__1khz_50ns_20deci_2m_UTC_20190720_232959.785,pohang,pohang,pohang,unlabel,2,/home/ted1204/MS_Detection_Datamaker/MS_datamaker_PH/data/unlabel/1khz_50ns_20deci_2m_UTC_20190720_232959.785.tdms,1khz_50ns_20deci_2m_UTC_20190720_232959.785.tdms,1khz_50ns_20deci_2m_UTC_20190720_232959.785,5.0,7.0,243,648,1000.0
1325,pohang__1khz_50ns_20deci_2m_UTC_20190720_232959.785,pohang,pohang,pohang,unlabel,2,/home/ted1204/MS_Detection_Datamaker/MS_datamaker_PH/data/unlabel/1khz_50ns_20deci_2m_UTC_20190720_232959.785.tdms,1khz_50ns_20deci_2m_UTC_20190720_232959.785.tdms,1khz_50ns_20deci_2m_UTC_20190720_232959.785,8.0,10.0,243,648,1000.0
1326,pohang__1khz_50ns_20deci_2m_UTC_20190720_232959.785,pohang,pohang,pohang,unlabel,2,/home/ted1204/MS_Detection_Datamaker/MS_datamaker_PH/data/unlabel/1khz_50ns_20deci_2m_UTC_20190720_232959.785.tdms,1khz_50ns_20deci_2m_UTC_20190720_232959.785.tdms,1khz_50ns_20deci_2m_UTC_20190720_232959.785,10.0,12.0,243,648,1000.0
1327,pohang__1khz_50ns_20deci_2m_UTC_20190720_232959.785,pohang,pohang,pohang,unlabel,2,/home/ted1204/MS_Detection_Datamaker/MS_datamaker_PH/data/unlabel/1khz_50ns_20deci_2m_UTC_20190720_232959.785.tdms,1khz_50ns_20deci_2m_UTC_20190720_232959.785.tdms,1khz_50ns_20deci_2m_UTC_20190720_232959.785,12.0,14.0,243,648,1000.0
1328,pohang__1khz_50ns_20deci_2m_UTC_20190720_232959.785,pohang,pohang,pohang,unlabel,2,/home/ted1204/MS_Detection_Datamaker/MS_datamaker_PH/data/unlabel/1khz_50ns_20deci_2m_UTC_20190720_232959.785.tdms,1khz_50ns_20deci_2m_UTC_20190720_232959.785.tdms,1khz_50ns_20deci_2m_UTC_20190720_232959.785,13.0,15.0,243,648,1000.0
1329,pohang__1khz_50ns_20deci_2m_UTC_20190720_232959.785,pohang,pohang,pohang,unlabel,2,/home/ted1204/MS_Detection_Datamaker/MS_datamaker_PH/data/unlabel/1khz_50ns_20deci_2m_UTC_20190720_232959.785.tdms,1khz_50ns_20deci_2m_UTC_20190720_232959.785.tdms,1khz_50ns_20deci_2m_UTC_20190720_232959.785,15.0,17.0,243,648,1000.0
1330,pohang__1khz_50ns_20deci_2m_UTC_20190720_232959.785,pohang,pohang,pohang,unlabel,2,/home/ted1204/MS_Detection_Datamaker/MS_datamaker_PH/data/unlabel/1khz_50ns_20deci_2m_UTC_20190720_232959.785.tdms,1khz_50ns_20deci_2m_UTC_20190720_232959.785.tdms,1khz_50ns_20deci_2m_UTC_20190720_232959.785,16.0,18.0,243,648,1000.0
1331,pohang__1khz_50ns_20deci_2m_UTC_20190720_232959.785,pohang,pohang,pohang,unlabel,2,/home/ted1204/MS_Detection_Datamaker/MS_datamaker_PH/data/unlabel/1khz_50ns_20deci_2m_UTC_20190720_232959.785.tdms,1khz_50ns_20deci_2m_UTC_20190720_232959.785.tdms,1khz_50ns_20deci_2m_UTC_20190720_232959.785,18.0,20.0,243,648,1000.0
1332,pohang__1khz_50ns_20deci_2m_UTC_20190720_232959.785,pohang,pohang,pohang,unlabel,2,/home/ted1204/MS_Detection_Datamaker/MS_datamaker_PH/data/unlabel/1khz_50ns_20deci_2m_UTC_20190720_232959.785.tdms,1khz_50ns_20deci_2m_UTC_20190720_232959.785.tdms,1khz_50ns_20deci_2m_UTC_20190720_232959.785,20.0,22.0,243,648,1000.0
1333,pohang__1khz_50ns_20deci_2m_UTC_20190720_232959.785,pohang,pohang,pohang,unlabel,2,/home/ted1204/MS_Detection_Datamaker/MS_datamaker_PH/data/unlabel/1khz_50ns_20deci_2m_UTC_20190720_232959.785.tdms,1khz_50ns_20deci_2m_UTC_20190720_232959.785.tdms,1khz_50ns_20deci_2m_UTC_20190720_232959.785,21.0,23.0,243,648,1000.0
1334,pohang__1khz_50ns_20deci_2m_UTC_20190720_232959.785,pohang,pohang,pohang,unlabel,2,/home/ted1204/MS_Detection_Datamaker/MS_datamaker_PH/data/unlabel/1khz_50ns_20deci_2m_UTC_20190720_232959.785.tdms,1khz_50ns_20deci_2m_UTC_20190720_232959.785.tdms,1khz_50ns_20deci_2m_UTC_20190720_232959.785,23.0,25.0,243,648,1000.0
1335,pohang__1khz_50ns_20deci_2m_UTC_20190721_051159.780,pohang,pohang,pohang,unlabel,2,/home/ted1204/MS_Detection_Datamaker/MS_datamaker_PH/data/unlabel/1khz_50ns_20deci_2m_UTC_20190721_051159.780.tdms,1khz_50ns_20deci_2m_UTC_20190721_051159.780.tdms,1khz_50ns_20deci_2m_UTC_20190721_051159.780,1.0,3.0,243,648,1000.0
1336,pohang__1khz_50ns_20deci_2m_UTC_20190721_051159.780,pohang,pohang,pohang,unlabel,2,/home/ted1204/MS_Detection_Datamaker/MS_datamaker_PH/data/unlabel/1khz_50ns_20deci_2m_UTC_20190721_051159.780.tdms,1khz_50ns_20deci_2m_UTC_20190721_051159.780.tdms,1khz_50ns_20deci_2m_UTC_20190721_051159.780,2.0,4.0,243,648,1000.0
1337,pohang__1khz_50ns_20deci_2m_UTC_20190721_051159.780,pohang,pohang,pohang,unlabel,2,/home/ted1204/MS_Detection_Datamaker/MS_datamaker_PH/data/unlabel/1khz_50ns_20deci_2m_UTC_20190721_051159.780.tdms,1khz_50ns_20deci_2m_UTC_20190721_051159.780.tdms,1khz_50ns_20deci_2m_UTC_20190721_051159.780,3.0,5.0,243,648,1000.0
1338,pohang__1khz_50ns_20deci_2m_UTC_20190721_051159.780,pohang,pohang,pohang,unlabel,2,/home/ted1204/MS_Detection_Datamaker/MS_datamaker_PH/data/unlabel/1khz_50ns_20deci_2m_UTC_20190721_051159.780.tdms,1khz_50ns_20deci_2m_UTC_20190721_051159.780.tdms,1khz_50ns_20deci_2m_UTC_20190721_051159.780,4.0,6.0,243,648,1000.0
1339,pohang__1khz_50ns_20deci_2m_UTC_20190721_051159.780,pohang,pohang,pohang,unlabel,2,/home/ted1204/MS_Detection_Datamaker/MS_datamaker_PH/data/unlabel/1khz_50ns_20deci_2m_UTC_20190721_051159.780.tdms,1khz_50ns_20deci_2m_UTC_20190721_051159.780.tdms,1khz_50ns_20deci_2m_UTC_20190721_051159.780,6.0,8.0,243,648,1000.0
1340,pohang__1khz_50ns_20deci_2m_UTC_20190721_051159.780,pohang,pohang,pohang,unlabel,2,/home/ted1204/MS_Detection_Datamaker/MS_datamaker_PH/data/unlabel/1khz_50ns_20deci_2m_UTC_20190721_051159.780.tdms,1khz_50ns_20deci_2m_UTC_20190721_051159.780.tdms,1khz_50ns_20deci_2m_UTC_20190721_051159.780,8.0,10.0,243,648,1000.0
1341,pohang__1khz_50ns_20deci_2m_UTC_20190721_051159.780,pohang,pohang,pohang,unlabel,2,/home/ted1204/MS_Detection_Datamaker/MS_datamaker_PH/data/unlabel/1khz_50ns_20deci_2m_UTC_20190721_051159.780.tdms,1khz_50ns_20deci_2m_UTC_20190721_051159.780.tdms,1khz_50ns_20deci_2m_UTC_20190721_051159.780,9.0,11.0,243,648,1000.0
1342,pohang__1khz_50ns_20deci_2m_UTC_20190721_051159.780,pohang,pohang,pohang,unlabel,2,/home/ted1204/MS_Detection_Datamaker/MS_datamaker_PH/data/unlabel/1khz_50ns_20deci_2m_UTC_20190721_051159.780.tdms,1khz_50ns_20deci_2m_UTC_20190721_051159.780.tdms,1khz_50ns_20deci_2m_UTC_20190721_051159.780,11.0,13.0,243,648,1000.0
1343,pohang__1khz_50ns_20deci_2m_UTC_20190721_051159.780,pohang,pohang,pohang,unlabel,2,/home/ted1204/MS_Detection_Datamaker/MS_datamaker_PH/data/unlabel/1khz_50ns_20deci_2m_UTC_20190721_051159.780.tdms,1khz_50ns_20deci_2m_UTC_20190721_051159.780.tdms,1khz_50ns_20deci_2m_UTC_20190721_051159.780,18.0,20.0,243,648,1000.0
1344,pohang__1khz_50ns_20deci_2m_UTC_20190721_051159.780,pohang,pohang,pohang,unlabel,2,/home/ted1204/MS_Detection_Datamaker/MS_datamaker_PH/data/unlabel/1khz_50ns_20deci_2m_UTC_20190721_051159.780.tdms,1khz_50ns_20deci_2m_UTC_20190721_051159.780.tdms,1khz_50ns_20deci_2m_UTC_20190721_051159.780,22.0,24.0,243,648,1000.0
1345,pohang__1khz_50ns_20deci_2m_UTC_20190721_051159.780,pohang,pohang,pohang,unlabel,2,/home/ted1204/MS_Detection_Datamaker/MS_datamaker_PH/data/unlabel/1khz_50ns_20deci_2m_UTC_20190721_051159.780.tdms,1khz_50ns_20deci_2m_UTC_20190721_051159.780.tdms,1khz_50ns_20deci_2m_UTC_20190721_051159.780,23.0,25.0,243,648,1000.0
1346,pohang__1khz_50ns_20deci_2m_UTC_20190721_051159.780,pohang,pohang,pohang,unlabel,2,/home/ted1204/MS_Detection_Datamaker/MS_datamaker_PH/data/unlabel/1khz_50ns_20deci_2m_UTC_20190721_051159.780.tdms,1khz_50ns_20deci_2m_UTC_20190721_051159.780.tdms,1khz_50ns_20deci_2m_UTC_20190721_051159.780,24.0,26.0,243,648,1000.0
1347,pohang__1khz_50ns_20deci_2m_UTC_20190721_051159.780,pohang,pohang,pohang,unlabel,2,/home/ted1204/MS_Detection_Datamaker/MS_datamaker_PH/data/unlabel/1khz_50ns_20deci_2m_UTC_20190721_051159.780.tdms,1khz_50ns_20deci_2m_UTC_20190721_051159.780.tdms,1khz_50ns_20deci_2m_UTC_20190721_051159.780,26.0,28.0,243,648,1000.0
1348,pohang__1khz_50ns_20deci_2m_UTC_20190721_051159.780,pohang,pohang,pohang,unlabel,2,/home/ted1204/MS_Detection_Datamaker/MS_datamaker_PH/data/unlabel/1khz_50ns_20deci_2m_UTC_20190721_051159.780.tdms,1khz_50ns_20deci_2m_UTC_20190721_051159.780.tdms,1khz_50ns_20deci_2m_UTC_20190721_051159.780,27.0,29.0,243,648,1000.0
1349,pohang__1khz_50ns_20deci_2m_UTC_20190721_051159.780,pohang,pohang,pohang,unlabel,2,/home/ted1204/MS_Detection_Datamaker/MS_datamaker_PH/data/unlabel/1khz_50ns_20deci_2m_UTC_20190721_051159.780.tdms,1khz_50ns_20deci_2m_UTC_20190721_051159.780.tdms,1khz_50ns_20deci_2m_UTC_20190721_051159.780,28.0,30.0,243,648,1000.0
1350,pohang__1khz_50ns_20deci_2m_UTC_20190722_185729.742,pohang,pohang,pohang,unlabel,2,/home/ted1204/MS_Detection_Datamaker/MS_datamaker_PH/data/unlabel/1khz_50ns_20deci_2m_UTC_20190722_185729.742.tdms,1khz_50ns_20deci_2m_UTC_20190722_185729.742.tdms,1khz_50ns_20deci_2m_UTC_20190722_185729.742,2.0,4.0,243,648,1000.0
1351,pohang__1khz_50ns_20deci_2m_UTC_20190722_185729.742,pohang,pohang,pohang,unlabel,2,/home/ted1204/MS_Detection_Datamaker/MS_datamaker_PH/data/unlabel/1khz_50ns_20deci_2m_UTC_20190722_185729.742.tdms,1khz_50ns_20deci_2m_UTC_20190722_185729.742.tdms,1khz_50ns_20deci_2m_UTC_20190722_185729.742,3.0,5.0,243,648,1000.0
1352,pohang__1khz_50ns_20deci_2m_UTC_20190722_185729.742,pohang,pohang,pohang,unlabel,2,/home/ted1204/MS_Detection_Datamaker/MS_datamaker_PH/data/unlabel/1khz_50ns_20deci_2m_UTC_20190722_185729.742.tdms,1khz_50ns_20deci_2m_UTC_20190722_185729.742.tdms,1khz_50ns_20deci_2m_UTC_20190722_185729.742,5.0,7.0,243,648,1000.0
1353,pohang__1khz_50ns_20deci_2m_UTC_20190722_185729.742,pohang,pohang,pohang,unlabel,2,/home/ted1204/MS_Detection_Datamaker/MS_datamaker_PH/data/unlabel/1khz_50ns_20deci_2m_UTC_20190722_185729.742.tdms,1khz_50ns_20deci_2m_UTC_20190722_185729.742.tdms,1khz_50ns_20deci_2m_UTC_20190722_185729.742,6.0,8.0,243,648,1000.0
1354,pohang__1khz_50ns_20deci_2m_UTC_20190722_185729.742,pohang,pohang,pohang,unlabel,2,/home/ted1204/MS_Detection_Datamaker/MS_datamaker_PH/data/unlabel/1khz_50ns_20deci_2m_UTC_20190722_185729.742.tdms,1khz_50ns_20deci_2m_UTC_20190722_185729.742.tdms,1khz_50ns_20deci_2m_UTC_20190722_185729.742,7.0,9.0,243,648,1000.0
1355,pohang__1khz_50ns_20deci_2m_UTC_20190722_185729.742,pohang,pohang,pohang,unlabel,2,/home/ted1204/MS_Detection_Datamaker/MS_datamaker_PH/data/unlabel/1khz_50ns_20deci_2m_UTC_20190722_185729.742.tdms,1khz_50ns_20deci_2m_UTC_20190722_185729.742.tdms,1khz_50ns_20deci_2m_UTC_20190722_185729.742,9.0,11.0,243,648,1000.0
1356,pohang__1khz_50ns_20deci_2m_UTC_20190722_185729.742,pohang,pohang,pohang,unlabel,2,/home/ted1204/MS_Detection_Datamaker/MS_datamaker_PH/data/unlabel/1khz_50ns_20deci_2m_UTC_20190722_185729.742.tdms,1khz_50ns_20deci_2m_UTC_20190722_185729.742.tdms,1khz_50ns_20deci_2m_UTC_20190722_185729.742,10.0,12.0,243,648,1000.0
1357,pohang__1khz_50ns_20deci_2m_UTC_20190722_185729.742,pohang,pohang,pohang,unlabel,2,/home/ted1204/MS_Detection_Datamaker/MS_datamaker_PH/data/unlabel/1khz_50ns_20deci_2m_UTC_20190722_185729.742.tdms,1khz_50ns_20deci_2m_UTC_20190722_185729.742.tdms,1khz_50ns_20deci_2m_UTC_20190722_185729.742,11.0,13.0,243,648,1000.0
1358,pohang__1khz_50ns_20deci_2m_UTC_20190722_185729.742,pohang,pohang,pohang,unlabel,2,/home/ted1204/MS_Detection_Datamaker/MS_datamaker_PH/data/unlabel/1khz_50ns_20deci_2m_UTC_20190722_185729.742.tdms,1khz_50ns_20deci_2m_UTC_20190722_185729.742.tdms,1khz_50ns_20deci_2m_UTC_20190722_185729.742,12.0,14.0,243,648,1000.0
1359,pohang__1khz_50ns_20deci_2m_UTC_20190722_185729.742,pohang,pohang,pohang,unlabel,2,/home/ted1204/MS_Detection_Datamaker/MS_datamaker_PH/data/unlabel/1khz_50ns_20deci_2m_UTC_20190722_185729.742.tdms,1khz_50ns_20deci_2m_UTC_20190722_185729.742.tdms,1khz_50ns_20deci_2m_UTC_20190722_185729.742,15.0,17.0,243,648,1000.0
1360,pohang__1khz_50ns_20deci_2m_UTC_20190722_185729.742,pohang,pohang,pohang,unlabel,2,/home/ted1204/MS_Detection_Datamaker/MS_datamaker_PH/data/unlabel/1khz_50ns_20deci_2m_UTC_20190722_185729.742.tdms,1khz_50ns_20deci_2m_UTC_20190722_185729.742.tdms,1khz_50ns_20deci_2m_UTC_20190722_185729.742,18.0,20.0,243,648,1000.0
1361,pohang__1khz_50ns_20deci_2m_UTC_20190722_185729.742,pohang,pohang,pohang,unlabel,2,/home/ted1204/MS_Detection_Datamaker/MS_datamaker_PH/data/unlabel/1khz_50ns_20deci_2m_UTC_20190722_185729.742.tdms,1khz_50ns_20deci_2m_UTC_20190722_185729.742.tdms,1khz_50ns_20deci_2m_UTC_20190722_185729.742,21.0,23.0,243,648,1000.0
1362,pohang__1khz_50ns_20deci_2m_UTC_20190722_185729.742,pohang,pohang,pohang,unlabel,2,/home/ted1204/MS_Detection_Datamaker/MS_datamaker_PH/data/unlabel/1khz_50ns_20deci_2m_UTC_20190722_185729.742.tdms,1khz_50ns_20deci_2m_UTC_20190722_185729.742.tdms,1khz_50ns_20deci_2m_UTC_20190722_185729.742,25.0,27.0,243,648,1000.0
1363,pohang__1khz_50ns_20deci_2m_UTC_20190722_185729.742,pohang,pohang,pohang,unlabel,2,/home/ted1204/MS_Detection_Datamaker/MS_datamaker_PH/data/unlabel/1khz_50ns_20deci_2m_UTC_20190722_185729.742.tdms,1khz_50ns_20deci_2m_UTC_20190722_185729.742.tdms,1khz_50ns_20deci_2m_UTC_20190722_185729.742,27.0,29.0,243,648,1000.0
1364,pohang__1khz_50ns_20deci_2m_UTC_20190722_185729.742,pohang,pohang,pohang,unlabel,2,/home/ted1204/MS_Detection_Datamaker/MS_datamaker_PH/data/unlabel/1khz_50ns_20deci_2m_UTC_20190722_185729.742.tdms,1khz_50ns_20deci_2m_UTC_20190722_185729.742.tdms,1khz_50ns_20deci_2m_UTC_20190722_185729.742,28.0,30.0,243,648,1000.0
1365,pohang__1khz_50ns_20deci_2m_UTC_20190723_085759.728,pohang,pohang,pohang,unlabel,2,/home/ted1204/MS_Detection_Datamaker/MS_datamaker_PH/data/unlabel/1khz_50ns_20deci_2m_UTC_20190723_085759.728.tdms,1khz_50ns_20deci_2m_UTC_20190723_085759.728.tdms,1khz_50ns_20deci_2m_UTC_20190723_085759.728,5.0,7.0,243,648,1000.0
1366,pohang__1khz_50ns_20deci_2m_UTC_20190723_085759.728,pohang,pohang,pohang,unlabel,2,/home/ted1204/MS_Detection_Datamaker/MS_datamaker_PH/data/unlabel/1khz_50ns_20deci_2m_UTC_20190723_085759.728.tdms,1khz_50ns_20deci_2m_UTC_20190723_085759.728.tdms,1khz_50ns_20deci_2m_UTC_20190723_085759.728,6.0,8.0,243,648,1000.0
1367,pohang__1khz_50ns_20deci_2m_UTC_20190723_085759.728,pohang,pohang,pohang,unlabel,2,/home/ted1204/MS_Detection_Datamaker/MS_datamaker_PH/data/unlabel/1khz_50ns_20deci_2m_UTC_20190723_085759.728.tdms,1khz_50ns_20deci_2m_UTC_20190723_085759.728.tdms,1khz_50ns_20deci_2m_UTC_20190723_085759.728,8.0,10.0,243,648,1000.0
1368,pohang__1khz_50ns_20deci_2m_UTC_20190723_085759.728,pohang,pohang,pohang,unlabel,2,/home/ted1204/MS_Detection_Datamaker/MS_datamaker_PH/data/unlabel/1khz_50ns_20deci_2m_UTC_20190723_085759.728.tdms,1khz_50ns_20deci_2m_UTC_20190723_085759.728.tdms,1khz_50ns_20deci_2m_UTC_20190723_085759.728,10.0,12.0,243,648,1000.0
1369,pohang__1khz_50ns_20deci_2m_UTC_20190723_085759.728,pohang,pohang,pohang,unlabel,2,/home/ted1204/MS_Detection_Datamaker/MS_datamaker_PH/data/unlabel/1khz_50ns_20deci_2m_UTC_20190723_085759.728.tdms,1khz_50ns_20deci_2m_UTC_20190723_085759.728.tdms,1khz_50ns_20deci_2m_UTC_20190723_085759.728,12.0,14.0,243,648,1000.0
1370,pohang__1khz_50ns_20deci_2m_UTC_20190723_085759.728,pohang,pohang,pohang,unlabel,2,/home/ted1204/MS_Detection_Datamaker/MS_datamaker_PH/data/unlabel/1khz_50ns_20deci_2m_UTC_20190723_085759.728.tdms,1khz_50ns_20deci_2m_UTC_20190723_085759.728.tdms,1khz_50ns_20deci_2m_UTC_20190723_085759.728,13.0,15.0,243,648,1000.0
1371,pohang__1khz_50ns_20deci_2m_UTC_20190723_085759.728,pohang,pohang,pohang,unlabel,2,/home/ted1204/MS_Detection_Datamaker/MS_datamaker_PH/data/unlabel/1khz_50ns_20deci_2m_UTC_20190723_085759.728.tdms,1khz_50ns_20deci_2m_UTC_20190723_085759.728.tdms,1khz_50ns_20deci_2m_UTC_20190723_085759.728,14.0,16.0,243,648,1000.0
1372,pohang__1khz_50ns_20deci_2m_UTC_20190723_085759.728,pohang,pohang,pohang,unlabel,2,/home/ted1204/MS_Detection_Datamaker/MS_datamaker_PH/data/unlabel/1khz_50ns_20deci_2m_UTC_20190723_085759.728.tdms,1khz_50ns_20deci_2m_UTC_20190723_085759.728.tdms,1khz_50ns_20deci_2m_UTC_20190723_085759.728,15.0,17.0,243,648,1000.0
1373,pohang__1khz_50ns_20deci_2m_UTC_20190723_085759.728,pohang,pohang,pohang,unlabel,2,/home/ted1204/MS_Detection_Datamaker/MS_datamaker_PH/data/unlabel/1khz_50ns_20deci_2m_UTC_20190723_085759.728.tdms,1khz_50ns_20deci_2m_UTC_20190723_085759.728.tdms,1khz_50ns_20deci_2m_UTC_20190723_085759.728,16.0,18.0,243,648,1000.0
1374,pohang__1khz_50ns_20deci_2m_UTC_20190723_085759.728,pohang,pohang,pohang,unlabel,2,/home/ted1204/MS_Detection_Datamaker/MS_datamaker_PH/data/unlabel/1khz_50ns_20deci_2m_UTC_20190723_085759.728.tdms,1khz_50ns_20deci_2m_UTC_20190723_085759.728.tdms,1khz_50ns_20deci_2m_UTC_20190723_085759.728,17.0,19.0,243,648,1000.0
1375,pohang__1khz_50ns_20deci_2m_UTC_20190723_085759.728,pohang,pohang,pohang,unlabel,2,/home/ted1204/MS_Detection_Datamaker/MS_datamaker_PH/data/unlabel/1khz_50ns_20deci_2m_UTC_20190723_085759.728.tdms,1khz_50ns_20deci_2m_UTC_20190723_085759.728.tdms,1khz_50ns_20deci_2m_UTC_20190723_085759.728,19.0,21.0,243,648,1000.0
1376,pohang__1khz_50ns_20deci_2m_UTC_20190723_085759.728,pohang,pohang,pohang,unlabel,2,/home/ted1204/MS_Detection_Datamaker/MS_datamaker_PH/data/unlabel/1khz_50ns_20deci_2m_UTC_20190723_085759.728.tdms,1khz_50ns_20deci_2m_UTC_20190723_085759.728.tdms,1khz_50ns_20deci_2m_UTC_20190723_085759.728,22.0,24.0,243,648,1000.0
1377,pohang__1khz_50ns_20deci_2m_UTC_20190723_085759.728,pohang,pohang,pohang,unlabel,2,/home/ted1204/MS_Detection_Datamaker/MS_datamaker_PH/data/unlabel/1khz_50ns_20deci_2m_UTC_20190723_085759.728.tdms,1khz_50ns_20deci_2m_UTC_20190723_085759.728.tdms,1khz_50ns_20deci_2m_UTC_20190723_085759.728,24.0,26.0,243,648,1000.0
1378,pohang__1khz_50ns_20deci_2m_UTC_20190723_085759.728,pohang,pohang,pohang,unlabel,2,/home/ted1204/MS_Detection_Datamaker/MS_datamaker_PH/data/unlabel/1khz_50ns_20deci_2m_UTC_20190723_085759.728.tdms,1khz_50ns_20deci_2m_UTC_20190723_085759.728.tdms,1khz_50ns_20deci_2m_UTC_20190723_085759.728,27.0,29.0,243,648,1000.0
1379,pohang__1khz_50ns_20deci_2m_UTC_20190723_085759.728,pohang,pohang,pohang,unlabel,2,/home/ted1204/MS_Detection_Datamaker/MS_datamaker_PH/data/unlabel/1khz_50ns_20deci_2m_UTC_20190723_085759.728.tdms,1khz_50ns_20deci_2m_UTC_20190723_085759.728.tdms,1khz_50ns_20deci_2m_UTC_20190723_085759.728,28.0,30.0,243,648,1000.0
1380,pohang__1khz_50ns_20deci_2m_UTC_20190723_085959.728,pohang,pohang,pohang,unlabel,2,/home/ted1204/MS_Detection_Datamaker/MS_datamaker_PH/data/unlabel/1khz_50ns_20deci_2m_UTC_20190723_085959.728.tdms,1khz_50ns_20deci_2m_UTC_20190723_085959.728.tdms,1khz_50ns_20deci_2m_UTC_20190723_085959.728,0.0,2.0,243,648,1000.0
1381,pohang__1khz_50ns_20deci_2m_UTC_20190723_085959.728,pohang,pohang,pohang,unlabel,2,/home/ted1204/MS_Detection_Datamaker/MS_datamaker_PH/data/unlabel/1khz_50ns_20deci_2m_UTC_20190723_085959.728.tdms,1khz_50ns_20deci_2m_UTC_20190723_085959.728.tdms,1khz_50ns_20deci_2m_UTC_20190723_085959.728,1.0,3.0,243,648,1000.0
1382,pohang__1khz_50ns_20deci_2m_UTC_20190723_085959.728,pohang,pohang,pohang,unlabel,2,/home/ted1204/MS_Detection_Datamaker/MS_datamaker_PH/data/unlabel/1khz_50ns_20deci_2m_UTC_20190723_085959.728.tdms,1khz_50ns_20deci_2m_UTC_20190723_085959.728.tdms,1khz_50ns_20deci_2m_UTC_20190723_085959.728,4.0,6.0,243,648,1000.0
1383,pohang__1khz_50ns_20deci_2m_UTC_20190723_085959.728,pohang,pohang,pohang,unlabel,2,/home/ted1204/MS_Detection_Datamaker/MS_datamaker_PH/data/unlabel/1khz_50ns_20deci_2m_UTC_20190723_085959.728.tdms,1khz_50ns_20deci_2m_UTC_20190723_085959.728.tdms,1khz_50ns_20deci_2m_UTC_20190723_085959.728,7.0,9.0,243,648,1000.0
1384,pohang__1khz_50ns_20deci_2m_UTC_20190723_085959.728,pohang,pohang,pohang,unlabel,2,/home/ted1204/MS_Detection_Datamaker/MS_datamaker_PH/data/unlabel/1khz_50ns_20deci_2m_UTC_20190723_085959.728.tdms,1khz_50ns_20deci_2m_UTC_20190723_085959.728.tdms,1khz_50ns_20deci_2m_UTC_20190723_085959.728,9.0,11.0,243,648,1000.0
1385,pohang__1khz_50ns_20deci_2m_UTC_20190723_085959.728,pohang,pohang,pohang,unlabel,2,/home/ted1204/MS_Detection_Datamaker/MS_datamaker_PH/data/unlabel/1khz_50ns_20deci_2m_UTC_20190723_085959.728.tdms,1khz_50ns_20deci_2m_UTC_20190723_085959.728.tdms,1khz_50ns_20deci_2m_UTC_20190723_085959.728,10.0,12.0,243,648,1000.0
1386,pohang__1khz_50ns_20deci_2m_UTC_20190723_085959.728,pohang,pohang,pohang,unlabel,2,/home/ted1204/MS_Detection_Datamaker/MS_datamaker_PH/data/unlabel/1khz_50ns_20deci_2m_UTC_20190723_085959.728.tdms,1khz_50ns_20deci_2m_UTC_20190723_085959.728.tdms,1khz_50ns_20deci_2m_UTC_20190723_085959.728,11.0,13.0,243,648,1000.0
1387,pohang__1khz_50ns_20deci_2m_UTC_20190723_085959.728,pohang,pohang,pohang,unlabel,2,/home/ted1204/MS_Detection_Datamaker/MS_datamaker_PH/data/unlabel/1khz_50ns_20deci_2m_UTC_20190723_085959.728.tdms,1khz_50ns_20deci_2m_UTC_20190723_085959.728.tdms,1khz_50ns_20deci_2m_UTC_20190723_085959.728,13.0,15.0,243,648,1000.0
1388,pohang__1khz_50ns_20deci_2m_UTC_20190723_085959.728,pohang,pohang,pohang,unlabel,2,/home/ted1204/MS_Detection_Datamaker/MS_datamaker_PH/data/unlabel/1khz_50ns_20deci_2m_UTC_20190723_085959.728.tdms,1khz_50ns_20deci_2m_UTC_20190723_085959.728.tdms,1khz_50ns_20deci_2m_UTC_20190723_085959.728,16.0,18.0,243,648,1000.0
1389,pohang__1khz_50ns_20deci_2m_UTC_20190723_085959.728,pohang,pohang,pohang,unlabel,2,/home/ted1204/MS_Detection_Datamaker/MS_datamaker_PH/data/unlabel/1khz_50ns_20deci_2m_UTC_20190723_085959.728.tdms,1khz_50ns_20deci_2m_UTC_20190723_085959.728.tdms,1khz_50ns_20deci_2m_UTC_20190723_085959.728,19.0,21.0,243,648,1000.0
1390,pohang__1khz_50ns_20deci_2m_UTC_20190723_085959.728,pohang,pohang,pohang,unlabel,2,/home/ted1204/MS_Detection_Datamaker/MS_datamaker_PH/data/unlabel/1khz_50ns_20deci_2m_UTC_20190723_085959.728.tdms,1khz_50ns_20deci_2m_UTC_20190723_085959.728.tdms,1khz_50ns_20deci_2m_UTC_20190723_085959.728,22.0,24.0,243,648,1000.0
1391,pohang__1khz_50ns_20deci_2m_UTC_20190723_085959.728,pohang,pohang,pohang,unlabel,2,/home/ted1204/MS_Detection_Datamaker/MS_datamaker_PH/data/unlabel/1khz_50ns_20deci_2m_UTC_20190723_085959.728.tdms,1khz_50ns_20deci_2m_UTC_20190723_085959.728.tdms,1khz_50ns_20deci_2m_UTC_20190723_085959.728,24.0,26.0,243,648,1000.0
1392,pohang__1khz_50ns_20deci_2m_UTC_20190723_085959.728,pohang,pohang,pohang,unlabel,2,/home/ted1204/MS_Detection_Datamaker/MS_datamaker_PH/data/unlabel/1khz_50ns_20deci_2m_UTC_20190723_085959.728.tdms,1khz_50ns_20deci_2m_UTC_20190723_085959.728.tdms,1khz_50ns_20deci_2m_UTC_20190723_085959.728,25.0,27.0,243,648,1000.0
1393,pohang__1khz_50ns_20deci_2m_UTC_20190723_085959.728,pohang,pohang,pohang,unlabel,2,/home/ted1204/MS_Detection_Datamaker/MS_datamaker_PH/data/unlabel/1khz_50ns_20deci_2m_UTC_20190723_085959.728.tdms,1khz_50ns_20deci_2m_UTC_20190723_085959.728.tdms,1khz_50ns_20deci_2m_UTC_20190723_085959.728,27.0,29.0,243,648,1000.0
1394,pohang__1khz_50ns_20deci_2m_UTC_20190723_085959.728,pohang,pohang,pohang,unlabel,2,/home/ted1204/MS_Detection_Datamaker/MS_datamaker_PH/data/unlabel/1khz_50ns_20deci_2m_UTC_20190723_085959.728.tdms,1khz_50ns_20deci_2m_UTC_20190723_085959.728.tdms,1khz_50ns_20deci_2m_UTC_20190723_085959.728,28.0,30.0,243,648,1000.0
1395,pohang__1khz_50ns_20deci_2m_UTC_20190723_165359.720,pohang,pohang,pohang,unlabel,2,/home/ted1204/MS_Detection_Datamaker/MS_datamaker_PH/data/unlabel/1khz_50ns_20deci_2m_UTC_20190723_165359.720.tdms,1khz_50ns_20deci_2m_UTC_20190723_165359.720.tdms,1khz_50ns_20deci_2m_UTC_20190723_165359.720,3.0,5.0,243,648,1000.0
1396,pohang__1khz_50ns_20deci_2m_UTC_20190723_165359.720,pohang,pohang,pohang,unlabel,2,/home/ted1204/MS_Detection_Datamaker/MS_datamaker_PH/data/unlabel/1khz_50ns_20deci_2m_UTC_20190723_165359.720.tdms,1khz_50ns_20deci_2m_UTC_20190723_165359.720.tdms,1khz_50ns_20deci_2m_UTC_20190723_165359.720,4.0,6.0,243,648,1000.0
1397,pohang__1khz_50ns_20deci_2m_UTC_20190723_165359.720,pohang,pohang,pohang,unlabel,2,/home/ted1204/MS_Detection_Datamaker/MS_datamaker_PH/data/unlabel/1khz_50ns_20deci_2m_UTC_20190723_165359.720.tdms,1khz_50ns_20deci_2m_UTC_20190723_165359.720.tdms,1khz_50ns_20deci_2m_UTC_20190723_165359.720,5.0,7.0,243,648,1000.0
1398,pohang__1khz_50ns_20deci_2m_UTC_20190723_165359.720,pohang,pohang,pohang,unlabel,2,/home/ted1204/MS_Detection_Datamaker/MS_datamaker_PH/data/unlabel/1khz_50ns_20deci_2m_UTC_20190723_165359.720.tdms,1khz_50ns_20deci_2m_UTC_20190723_165359.720.tdms,1khz_50ns_20deci_2m_UTC_20190723_165359.720,6.0,8.0,243,648,1000.0
1399,pohang__1khz_50ns_20deci_2m_UTC_20190723_165359.720,pohang,pohang,pohang,unlabel,2,/home/ted1204/MS_Detection_Datamaker/MS_datamaker_PH/data/unlabel/1khz_50ns_20deci_2m_UTC_20190723_165359.720.tdms,1khz_50ns_20deci_2m_UTC_20190723_165359.720.tdms,1khz_50ns_20deci_2m_UTC_20190723_165359.720,7.0,9.0,243,648,1000.0
1400,pohang__1khz_50ns_20deci_2m_UTC_20190723_165359.720,pohang,pohang,pohang,unlabel,2,/home/ted1204/MS_Detection_Datamaker/MS_datamaker_PH/data/unlabel/1khz_50ns_20deci_2m_UTC_20190723_165359.720.tdms,1khz_50ns_20deci_2m_UTC_20190723_165359.720.tdms,1khz_50ns_20deci_2m_UTC_20190723_165359.720,9.0,11.0,243,648,1000.0
1401,pohang__1khz_50ns_20deci_2m_UTC_20190723_165359.720,pohang,pohang,pohang,unlabel,2,/home/ted1204/MS_Detection_Datamaker/MS_datamaker_PH/data/unlabel/1khz_50ns_20deci_2m_UTC_20190723_165359.720.tdms,1khz_50ns_20deci_2m_UTC_20190723_165359.720.tdms,1khz_50ns_20deci_2m_UTC_20190723_165359.720,13.0,15.0,243,648,1000.0
1402,pohang__1khz_50ns_20deci_2m_UTC_20190723_165359.720,pohang,pohang,pohang,unlabel,2,/home/ted1204/MS_Detection_Datamaker/MS_datamaker_PH/data/unlabel/1khz_50ns_20deci_2m_UTC_20190723_165359.720.tdms,1khz_50ns_20deci_2m_UTC_20190723_165359.720.tdms,1khz_50ns_20deci_2m_UTC_20190723_165359.720,15.0,17.0,243,648,1000.0
1403,pohang__1khz_50ns_20deci_2m_UTC_20190723_165359.720,pohang,pohang,pohang,unlabel,2,/home/ted1204/MS_Detection_Datamaker/MS_datamaker_PH/data/unlabel/1khz_50ns_20deci_2m_UTC_20190723_165359.720.tdms,1khz_50ns_20deci_2m_UTC_20190723_165359.720.tdms,1khz_50ns_20deci_2m_UTC_20190723_165359.720,16.0,18.0,243,648,1000.0
1404,pohang__1khz_50ns_20deci_2m_UTC_20190723_165359.720,pohang,pohang,pohang,unlabel,2,/home/ted1204/MS_Detection_Datamaker/MS_datamaker_PH/data/unlabel/1khz_50ns_20deci_2m_UTC_20190723_165359.720.tdms,1khz_50ns_20deci_2m_UTC_20190723_165359.720.tdms,1khz_50ns_20deci_2m_UTC_20190723_165359.720,18.0,20.0,243,648,1000.0
1405,pohang__1khz_50ns_20deci_2m_UTC_20190723_165359.720,pohang,pohang,pohang,unlabel,2,/home/ted1204/MS_Detection_Datamaker/MS_datamaker_PH/data/unlabel/1khz_50ns_20deci_2m_UTC_20190723_165359.720.tdms,1khz_50ns_20deci_2m_UTC_20190723_165359.720.tdms,1khz_50ns_20deci_2m_UTC_20190723_165359.720,21.0,23.0,243,648,1000.0
1406,pohang__1khz_50ns_20deci_2m_UTC_20190723_165359.720,pohang,pohang,pohang,unlabel,2,/home/ted1204/MS_Detection_Datamaker/MS_datamaker_PH/data/unlabel/1khz_50ns_20deci_2m_UTC_20190723_165359.720.tdms,1khz_50ns_20deci_2m_UTC_20190723_165359.720.tdms,1khz_50ns_20deci_2m_UTC_20190723_165359.720,22.0,24.0,243,648,1000.0
1407,pohang__1khz_50ns_20deci_2m_UTC_20190723_165359.720,pohang,pohang,pohang,unlabel,2,/home/ted1204/MS_Detection_Datamaker/MS_datamaker_PH/data/unlabel/1khz_50ns_20deci_2m_UTC_20190723_165359.720.tdms,1khz_50ns_20deci_2m_UTC_20190723_165359.720.tdms,1khz_50ns_20deci_2m_UTC_20190723_165359.720,23.0,25.0,243,648,1000.0
1408,pohang__1khz_50ns_20deci_2m_UTC_20190723_165359.720,pohang,pohang,pohang,unlabel,2,/home/ted1204/MS_Detection_Datamaker/MS_datamaker_PH/data/unlabel/1khz_50ns_20deci_2m_UTC_20190723_165359.720.tdms,1khz_50ns_20deci_2m_UTC_20190723_165359.720.tdms,1khz_50ns_20deci_2m_UTC_20190723_165359.720,24.0,26.0,243,648,1000.0
1409,pohang__1khz_50ns_20deci_2m_UTC_20190723_165359.720,pohang,pohang,pohang,unlabel,2,/home/ted1204/MS_Detection_Datamaker/MS_datamaker_PH/data/unlabel/1khz_50ns_20deci_2m_UTC_20190723_165359.720.tdms,1khz_50ns_20deci_2m_UTC_20190723_165359.720.tdms,1khz_50ns_20deci_2m_UTC_20190723_165359.720,25.0,27.0,243,648,1000.0
1410,pohang__1khz_50ns_20deci_2m_UTC_20190723_203129.717,pohang,pohang,pohang,unlabel,2,/home/ted1204/MS_Detection_Datamaker/MS_datamaker_PH/data/unlabel/1khz_50ns_20deci_2m_UTC_20190723_203129.717.tdms,1khz_50ns_20deci_2m_UTC_20190723_203129.717.tdms,1khz_50ns_20deci_2m_UTC_20190723_203129.717,0.0,2.0,243,648,1000.0
1411,pohang__1khz_50ns_20deci_2m_UTC_20190723_203129.717,pohang,pohang,pohang,unlabel,2,/home/ted1204/MS_Detection_Datamaker/MS_datamaker_PH/data/unlabel/1khz_50ns_20deci_2m_UTC_20190723_203129.717.tdms,1khz_50ns_20deci_2m_UTC_20190723_203129.717.tdms,1khz_50ns_20deci_2m_UTC_20190723_203129.717,3.0,5.0,243,648,1000.0
1412,pohang__1khz_50ns_20deci_2m_UTC_20190723_203129.717,pohang,pohang,pohang,unlabel,2,/home/ted1204/MS_Detection_Datamaker/MS_datamaker_PH/data/unlabel/1khz_50ns_20deci_2m_UTC_20190723_203129.717.tdms,1khz_50ns_20deci_2m_UTC_20190723_203129.717.tdms,1khz_50ns_20deci_2m_UTC_20190723_203129.717,4.0,6.0,243,648,1000.0
1413,pohang__1khz_50ns_20deci_2m_UTC_20190723_203129.717,pohang,pohang,pohang,unlabel,2,/home/ted1204/MS_Detection_Datamaker/MS_datamaker_PH/data/unlabel/1khz_50ns_20deci_2m_UTC_20190723_203129.717.tdms,1khz_50ns_20deci_2m_UTC_20190723_203129.717.tdms,1khz_50ns_20deci_2m_UTC_20190723_203129.717,5.0,7.0,243,648,1000.0
1414,pohang__1khz_50ns_20deci_2m_UTC_20190723_203129.717,pohang,pohang,pohang,unlabel,2,/home/ted1204/MS_Detection_Datamaker/MS_datamaker_PH/data/unlabel/1khz_50ns_20deci_2m_UTC_20190723_203129.717.tdms,1khz_50ns_20deci_2m_UTC_20190723_203129.717.tdms,1khz_50ns_20deci_2m_UTC_20190723_203129.717,6.0,8.0,243,648,1000.0
1415,pohang__1khz_50ns_20deci_2m_UTC_20190723_203129.717,pohang,pohang,pohang,unlabel,2,/home/ted1204/MS_Detection_Datamaker/MS_datamaker_PH/data/unlabel/1khz_50ns_20deci_2m_UTC_20190723_203129.717.tdms,1khz_50ns_20deci_2m_UTC_20190723_203129.717.tdms,1khz_50ns_20deci_2m_UTC_20190723_203129.717,7.0,9.0,243,648,1000.0
1416,pohang__1khz_50ns_20deci_2m_UTC_20190723_203129.717,pohang,pohang,pohang,unlabel,2,/home/ted1204/MS_Detection_Datamaker/MS_datamaker_PH/data/unlabel/1khz_50ns_20deci_2m_UTC_20190723_203129.717.tdms,1khz_50ns_20deci_2m_UTC_20190723_203129.717.tdms,1khz_50ns_20deci_2m_UTC_20190723_203129.717,9.0,11.0,243,648,1000.0
1417,pohang__1khz_50ns_20deci_2m_UTC_20190723_203129.717,pohang,pohang,pohang,unlabel,2,/home/ted1204/MS_Detection_Datamaker/MS_datamaker_PH/data/unlabel/1khz_50ns_20deci_2m_UTC_20190723_203129.717.tdms,1khz_50ns_20deci_2m_UTC_20190723_203129.717.tdms,1khz_50ns_20deci_2m_UTC_20190723_203129.717,10.0,12.0,243,648,1000.0
1418,pohang__1khz_50ns_20deci_2m_UTC_20190723_203129.717,pohang,pohang,pohang,unlabel,2,/home/ted1204/MS_Detection_Datamaker/MS_datamaker_PH/data/unlabel/1khz_50ns_20deci_2m_UTC_20190723_203129.717.tdms,1khz_50ns_20deci_2m_UTC_20190723_203129.717.tdms,1khz_50ns_20deci_2m_UTC_20190723_203129.717,14.0,16.0,243,648,1000.0
1419,pohang__1khz_50ns_20deci_2m_UTC_20190723_203129.717,pohang,pohang,pohang,unlabel,2,/home/ted1204/MS_Detection_Datamaker/MS_datamaker_PH/data/unlabel/1khz_50ns_20deci_2m_UTC_20190723_203129.717.tdms,1khz_50ns_20deci_2m_UTC_20190723_203129.717.tdms,1khz_50ns_20deci_2m_UTC_20190723_203129.717,15.0,17.0,243,648,1000.0
1420,pohang__1khz_50ns_20deci_2m_UTC_20190723_203129.717,pohang,pohang,pohang,unlabel,2,/home/ted1204/MS_Detection_Datamaker/MS_datamaker_PH/data/unlabel/1khz_50ns_20deci_2m_UTC_20190723_203129.717.tdms,1khz_50ns_20deci_2m_UTC_20190723_203129.717.tdms,1khz_50ns_20deci_2m_UTC_20190723_203129.717,17.0,19.0,243,648,1000.0
1421,pohang__1khz_50ns_20deci_2m_UTC_20190723_203129.717,pohang,pohang,pohang,unlabel,2,/home/ted1204/MS_Detection_Datamaker/MS_datamaker_PH/data/unlabel/1khz_50ns_20deci_2m_UTC_20190723_203129.717.tdms,1khz_50ns_20deci_2m_UTC_20190723_203129.717.tdms,1khz_50ns_20deci_2m_UTC_20190723_203129.717,20.0,22.0,243,648,1000.0
1422,pohang__1khz_50ns_20deci_2m_UTC_20190723_203129.717,pohang,pohang,pohang,unlabel,2,/home/ted1204/MS_Detection_Datamaker/MS_datamaker_PH/data/unlabel/1khz_50ns_20deci_2m_UTC_20190723_203129.717.tdms,1khz_50ns_20deci_2m_UTC_20190723_203129.717.tdms,1khz_50ns_20deci_2m_UTC_20190723_203129.717,23.0,25.0,243,648,1000.0
1423,pohang__1khz_50ns_20deci_2m_UTC_20190723_203129.717,pohang,pohang,pohang,unlabel,2,/home/ted1204/MS_Detection_Datamaker/MS_datamaker_PH/data/unlabel/1khz_50ns_20deci_2m_UTC_20190723_203129.717.tdms,1khz_50ns_20deci_2m_UTC_20190723_203129.717.tdms,1khz_50ns_20deci_2m_UTC_20190723_203129.717,24.0,26.0,243,648,1000.0
1424,pohang__1khz_50ns_20deci_2m_UTC_20190723_203129.717,pohang,pohang,pohang,unlabel,2,/home/ted1204/MS_Detection_Datamaker/MS_datamaker_PH/data/unlabel/1khz_50ns_20deci_2m_UTC_20190723_203129.717.tdms,1khz_50ns_20deci_2m_UTC_20190723_203129.717.tdms,1khz_50ns_20deci_2m_UTC_20190723_203129.717,27.0,29.0,243,648,1000.0
1425,pohang__1khz_50ns_20deci_2m_UTC_20190723_213929.716,pohang,pohang,pohang,unlabel,2,/home/ted1204/MS_Detection_Datamaker/MS_datamaker_PH/data/unlabel/1khz_50ns_20deci_2m_UTC_20190723_213929.716.tdms,1khz_50ns_20deci_2m_UTC_20190723_213929.716.tdms,1khz_50ns_20deci_2m_UTC_20190723_213929.716,0.0,2.0,243,648,1000.0
1426,pohang__1khz_50ns_20deci_2m_UTC_20190723_213929.716,pohang,pohang,pohang,unlabel,2,/home/ted1204/MS_Detection_Datamaker/MS_datamaker_PH/data/unlabel/1khz_50ns_20deci_2m_UTC_20190723_213929.716.tdms,1khz_50ns_20deci_2m_UTC_20190723_213929.716.tdms,1khz_50ns_20deci_2m_UTC_20190723_213929.716,4.0,6.0,243,648,1000.0
1427,pohang__1khz_50ns_20deci_2m_UTC_20190723_213929.716,pohang,pohang,pohang,unlabel,2,/home/ted1204/MS_Detection_Datamaker/MS_datamaker_PH/data/unlabel/1khz_50ns_20deci_2m_UTC_20190723_213929.716.tdms,1khz_50ns_20deci_2m_UTC_20190723_213929.716.tdms,1khz_50ns_20deci_2m_UTC_20190723_213929.716,5.0,7.0,243,648,1000.0
1428,pohang__1khz_50ns_20deci_2m_UTC_20190723_213929.716,pohang,pohang,pohang,unlabel,2,/home/ted1204/MS_Detection_Datamaker/MS_datamaker_PH/data/unlabel/1khz_50ns_20deci_2m_UTC_20190723_213929.716.tdms,1khz_50ns_20deci_2m_UTC_20190723_213929.716.tdms,1khz_50ns_20deci_2m_UTC_20190723_213929.716,7.0,9.0,243,648,1000.0
1429,pohang__1khz_50ns_20deci_2m_UTC_20190723_213929.716,pohang,pohang,pohang,unlabel,2,/home/ted1204/MS_Detection_Datamaker/MS_datamaker_PH/data/unlabel/1khz_50ns_20deci_2m_UTC_20190723_213929.716.tdms,1khz_50ns_20deci_2m_UTC_20190723_213929.716.tdms,1khz_50ns_20deci_2m_UTC_20190723_213929.716,8.0,10.0,243,648,1000.0
1430,pohang__1khz_50ns_20deci_2m_UTC_20190723_213929.716,pohang,pohang,pohang,unlabel,2,/home/ted1204/MS_Detection_Datamaker/MS_datamaker_PH/data/unlabel/1khz_50ns_20deci_2m_UTC_20190723_213929.716.tdms,1khz_50ns_20deci_2m_UTC_20190723_213929.716.tdms,1khz_50ns_20deci_2m_UTC_20190723_213929.716,9.0,11.0,243,648,1000.0
1431,pohang__1khz_50ns_20deci_2m_UTC_20190723_213929.716,pohang,pohang,pohang,unlabel,2,/home/ted1204/MS_Detection_Datamaker/MS_datamaker_PH/data/unlabel/1khz_50ns_20deci_2m_UTC_20190723_213929.716.tdms,1khz_50ns_20deci_2m_UTC_20190723_213929.716.tdms,1khz_50ns_20deci_2m_UTC_20190723_213929.716,11.0,13.0,243,648,1000.0
1432,pohang__1khz_50ns_20deci_2m_UTC_20190723_213929.716,pohang,pohang,pohang,unlabel,2,/home/ted1204/MS_Detection_Datamaker/MS_datamaker_PH/data/unlabel/1khz_50ns_20deci_2m_UTC_20190723_213929.716.tdms,1khz_50ns_20deci_2m_UTC_20190723_213929.716.tdms,1khz_50ns_20deci_2m_UTC_20190723_213929.716,17.0,19.0,243,648,1000.0
1433,pohang__1khz_50ns_20deci_2m_UTC_20190723_213929.716,pohang,pohang,pohang,unlabel,2,/home/ted1204/MS_Detection_Datamaker/MS_datamaker_PH/data/unlabel/1khz_50ns_20deci_2m_UTC_20190723_213929.716.tdms,1khz_50ns_20deci_2m_UTC_20190723_213929.716.tdms,1khz_50ns_20deci_2m_UTC_20190723_213929.716,18.0,20.0,243,648,1000.0
1434,pohang__1khz_50ns_20deci_2m_UTC_20190723_213929.716,pohang,pohang,pohang,unlabel,2,/home/ted1204/MS_Detection_Datamaker/MS_datamaker_PH/data/unlabel/1khz_50ns_20deci_2m_UTC_20190723_213929.716.tdms,1khz_50ns_20deci_2m_UTC_20190723_213929.716.tdms,1khz_50ns_20deci_2m_UTC_20190723_213929.716,19.0,21.0,243,648,1000.0
1435,pohang__1khz_50ns_20deci_2m_UTC_20190723_213929.716,pohang,pohang,pohang,unlabel,2,/home/ted1204/MS_Detection_Datamaker/MS_datamaker_PH/data/unlabel/1khz_50ns_20deci_2m_UTC_20190723_213929.716.tdms,1khz_50ns_20deci_2m_UTC_20190723_213929.716.tdms,1khz_50ns_20deci_2m_UTC_20190723_213929.716,21.0,23.0,243,648,1000.0
1436,pohang__1khz_50ns_20deci_2m_UTC_20190723_213929.716,pohang,pohang,pohang,unlabel,2,/home/ted1204/MS_Detection_Datamaker/MS_datamaker_PH/data/unlabel/1khz_50ns_20deci_2m_UTC_20190723_213929.716.tdms,1khz_50ns_20deci_2m_UTC_20190723_213929.716.tdms,1khz_50ns_20deci_2m_UTC_20190723_213929.716,22.0,24.0,243,648,1000.0
1437,pohang__1khz_50ns_20deci_2m_UTC_20190723_213929.716,pohang,pohang,pohang,unlabel,2,/home/ted1204/MS_Detection_Datamaker/MS_datamaker_PH/data/unlabel/1khz_50ns_20deci_2m_UTC_20190723_213929.716.tdms,1khz_50ns_20deci_2m_UTC_20190723_213929.716.tdms,1khz_50ns_20deci_2m_UTC_20190723_213929.716,26.0,28.0,243,648,1000.0
1438,pohang__1khz_50ns_20deci_2m_UTC_20190723_213929.716,pohang,pohang,pohang,unlabel,2,/home/ted1204/MS_Detection_Datamaker/MS_datamaker_PH/data/unlabel/1khz_50ns_20deci_2m_UTC_20190723_213929.716.tdms,1khz_50ns_20deci_2m_UTC_20190723_213929.716.tdms,1khz_50ns_20deci_2m_UTC_20190723_213929.716,27.0,29.0,243,648,1000.0
1439,pohang__1khz_50ns_20deci_2m_UTC_20190723_213929.716,pohang,pohang,pohang,unlabel,2,/home/ted1204/MS_Detection_Datamaker/MS_datamaker_PH/data/unlabel/1khz_50ns_20deci_2m_UTC_20190723_213929.716.tdms,1khz_50ns_20deci_2m_UTC_20190723_213929.716.tdms,1khz_50ns_20deci_2m_UTC_20190723_213929.716,28.0,30.0,243,648,1000.0
1440,pohang__1khz_50ns_20deci_2m_UTC_20190723_234129.714,pohang,pohang,pohang,unlabel,2,/home/ted1204/MS_Detection_Datamaker/MS_datamaker_PH/data/unlabel/1khz_50ns_20deci_2m_UTC_20190723_234129.714.tdms,1khz_50ns_20deci_2m_UTC_20190723_234129.714.tdms,1khz_50ns_20deci_2m_UTC_20190723_234129.714,0.0,2.0,243,648,1000.0
1441,pohang__1khz_50ns_20deci_2m_UTC_20190723_234129.714,pohang,pohang,pohang,unlabel,2,/home/ted1204/MS_Detection_Datamaker/MS_datamaker_PH/data/unlabel/1khz_50ns_20deci_2m_UTC_20190723_234129.714.tdms,1khz_50ns_20deci_2m_UTC_20190723_234129.714.tdms,1khz_50ns_20deci_2m_UTC_20190723_234129.714,2.0,4.0,243,648,1000.0
1442,pohang__1khz_50ns_20deci_2m_UTC_20190723_234129.714,pohang,pohang,pohang,unlabel,2,/home/ted1204/MS_Detection_Datamaker/MS_datamaker_PH/data/unlabel/1khz_50ns_20deci_2m_UTC_20190723_234129.714.tdms,1khz_50ns_20deci_2m_UTC_20190723_234129.714.tdms,1khz_50ns_20deci_2m_UTC_20190723_234129.714,3.0,5.0,243,648,1000.0
1443,pohang__1khz_50ns_20deci_2m_UTC_20190723_234129.714,pohang,pohang,pohang,unlabel,2,/home/ted1204/MS_Detection_Datamaker/MS_datamaker_PH/data/unlabel/1khz_50ns_20deci_2m_UTC_20190723_234129.714.tdms,1khz_50ns_20deci_2m_UTC_20190723_234129.714.tdms,1khz_50ns_20deci_2m_UTC_20190723_234129.714,7.0,9.0,243,648,1000.0
1444,pohang__1khz_50ns_20deci_2m_UTC_20190723_234129.714,pohang,pohang,pohang,unlabel,2,/home/ted1204/MS_Detection_Datamaker/MS_datamaker_PH/data/unlabel/1khz_50ns_20deci_2m_UTC_20190723_234129.714.tdms,1khz_50ns_20deci_2m_UTC_20190723_234129.714.tdms,1khz_50ns_20deci_2m_UTC_20190723_234129.714,9.0,11.0,243,648,1000.0
1445,pohang__1khz_50ns_20deci_2m_UTC_20190723_234129.714,pohang,pohang,pohang,unlabel,2,/home/ted1204/MS_Detection_Datamaker/MS_datamaker_PH/data/unlabel/1khz_50ns_20deci_2m_UTC_20190723_234129.714.tdms,1khz_50ns_20deci_2m_UTC_20190723_234129.714.tdms,1khz_50ns_20deci_2m_UTC_20190723_234129.714,10.0,12.0,243,648,1000.0
1446,pohang__1khz_50ns_20deci_2m_UTC_20190723_234129.714,pohang,pohang,pohang,unlabel,2,/home/ted1204/MS_Detection_Datamaker/MS_datamaker_PH/data/unlabel/1khz_50ns_20deci_2m_UTC_20190723_234129.714.tdms,1khz_50ns_20deci_2m_UTC_20190723_234129.714.tdms,1khz_50ns_20deci_2m_UTC_20190723_234129.714,11.0,13.0,243,648,1000.0
1447,pohang__1khz_50ns_20deci_2m_UTC_20190723_234129.714,pohang,pohang,pohang,unlabel,2,/home/ted1204/MS_Detection_Datamaker/MS_datamaker_PH/data/unlabel/1khz_50ns_20deci_2m_UTC_20190723_234129.714.tdms,1khz_50ns_20deci_2m_UTC_20190723_234129.714.tdms,1khz_50ns_20deci_2m_UTC_20190723_234129.714,16.0,18.0,243,648,1000.0
1448,pohang__1khz_50ns_20deci_2m_UTC_20190723_234129.714,pohang,pohang,pohang,unlabel,2,/home/ted1204/MS_Detection_Datamaker/MS_datamaker_PH/data/unlabel/1khz_50ns_20deci_2m_UTC_20190723_234129.714.tdms,1khz_50ns_20deci_2m_UTC_20190723_234129.714.tdms,1khz_50ns_20deci_2m_UTC_20190723_234129.714,17.0,19.0,243,648,1000.0
1449,pohang__1khz_50ns_20deci_2m_UTC_20190723_234129.714,pohang,pohang,pohang,unlabel,2,/home/ted1204/MS_Detection_Datamaker/MS_datamaker_PH/data/unlabel/1khz_50ns_20deci_2m_UTC_20190723_234129.714.tdms,1khz_50ns_20deci_2m_UTC_20190723_234129.714.tdms,1khz_50ns_20deci_2m_UTC_20190723_234129.714,18.0,20.0,243,648,1000.0
1450,pohang__1khz_50ns_20deci_2m_UTC_20190723_234129.714,pohang,pohang,pohang,unlabel,2,/home/ted1204/MS_Detection_Datamaker/MS_datamaker_PH/data/unlabel/1khz_50ns_20deci_2m_UTC_20190723_234129.714.tdms,1khz_50ns_20deci_2m_UTC_20190723_234129.714.tdms,1khz_50ns_20deci_2m_UTC_20190723_234129.714,20.0,22.0,243,648,1000.0
1451,pohang__1khz_50ns_20deci_2m_UTC_20190723_234129.714,pohang,pohang,pohang,unlabel,2,/home/ted1204/MS_Detection_Datamaker/MS_datamaker_PH/data/unlabel/1khz_50ns_20deci_2m_UTC_20190723_234129.714.tdms,1khz_50ns_20deci_2m_UTC_20190723_234129.714.tdms,1khz_50ns_20deci_2m_UTC_20190723_234129.714,21.0,23.0,243,648,1000.0
1452,pohang__1khz_50ns_20deci_2m_UTC_20190723_234129.714,pohang,pohang,pohang,unlabel,2,/home/ted1204/MS_Detection_Datamaker/MS_datamaker_PH/data/unlabel/1khz_50ns_20deci_2m_UTC_20190723_234129.714.tdms,1khz_50ns_20deci_2m_UTC_20190723_234129.714.tdms,1khz_50ns_20deci_2m_UTC_20190723_234129.714,22.0,24.0,243,648,1000.0
1453,pohang__1khz_50ns_20deci_2m_UTC_20190723_234129.714,pohang,pohang,pohang,unlabel,2,/home/ted1204/MS_Detection_Datamaker/MS_datamaker_PH/data/unlabel/1khz_50ns_20deci_2m_UTC_20190723_234129.714.tdms,1khz_50ns_20deci_2m_UTC_20190723_234129.714.tdms,1khz_50ns_20deci_2m_UTC_20190723_234129.714,23.0,25.0,243,648,1000.0
1454,pohang__1khz_50ns_20deci_2m_UTC_20190723_234129.714,pohang,pohang,pohang,unlabel,2,/home/ted1204/MS_Detection_Datamaker/MS_datamaker_PH/data/unlabel/1khz_50ns_20deci_2m_UTC_20190723_234129.714.tdms,1khz_50ns_20deci_2m_UTC_20190723_234129.714.tdms,1khz_50ns_20deci_2m_UTC_20190723_234129.714,27.0,29.0,243,648,1000.0
1455,pohang__1khz_50ns_20deci_2m_UTC_20190724_143629.699,pohang,pohang,pohang,unlabel,2,/home/ted1204/MS_Detection_Datamaker/MS_datamaker_PH/data/unlabel/1khz_50ns_20deci_2m_UTC_20190724_143629.699.tdms,1khz_50ns_20deci_2m_UTC_20190724_143629.699.tdms,1khz_50ns_20deci_2m_UTC_20190724_143629.699,0.0,2.0,243,648,1000.0
1456,pohang__1khz_50ns_20deci_2m_UTC_20190724_143629.699,pohang,pohang,pohang,unlabel,2,/home/ted1204/MS_Detection_Datamaker/MS_datamaker_PH/data/unlabel/1khz_50ns_20deci_2m_UTC_20190724_143629.699.tdms,1khz_50ns_20deci_2m_UTC_20190724_143629.699.tdms,1khz_50ns_20deci_2m_UTC_20190724_143629.699,3.0,5.0,243,648,1000.0
1457,pohang__1khz_50ns_20deci_2m_UTC_20190724_143629.699,pohang,pohang,pohang,unlabel,2,/home/ted1204/MS_Detection_Datamaker/MS_datamaker_PH/data/unlabel/1khz_50ns_20deci_2m_UTC_20190724_143629.699.tdms,1khz_50ns_20deci_2m_UTC_20190724_143629.699.tdms,1khz_50ns_20deci_2m_UTC_20190724_143629.699,5.0,7.0,243,648,1000.0
1458,pohang__1khz_50ns_20deci_2m_UTC_20190724_143629.699,pohang,pohang,pohang,unlabel,2,/home/ted1204/MS_Detection_Datamaker/MS_datamaker_PH/data/unlabel/1khz_50ns_20deci_2m_UTC_20190724_143629.699.tdms,1khz_50ns_20deci_2m_UTC_20190724_143629.699.tdms,1khz_50ns_20deci_2m_UTC_20190724_143629.699,6.0,8.0,243,648,1000.0
1459,pohang__1khz_50ns_20deci_2m_UTC_20190724_143629.699,pohang,pohang,pohang,unlabel,2,/home/ted1204/MS_Detection_Datamaker/MS_datamaker_PH/data/unlabel/1khz_50ns_20deci_2m_UTC_20190724_143629.699.tdms,1khz_50ns_20deci_2m_UTC_20190724_143629.699.tdms,1khz_50ns_20deci_2m_UTC_20190724_143629.699,7.0,9.0,243,648,1000.0
1460,pohang__1khz_50ns_20deci_2m_UTC_20190724_143629.699,pohang,pohang,pohang,unlabel,2,/home/ted1204/MS_Detection_Datamaker/MS_datamaker_PH/data/unlabel/1khz_50ns_20deci_2m_UTC_20190724_143629.699.tdms,1khz_50ns_20deci_2m_UTC_20190724_143629.699.tdms,1khz_50ns_20deci_2m_UTC_20190724_143629.699,9.0,11.0,243,648,1000.0
1461,pohang__1khz_50ns_20deci_2m_UTC_20190724_143629.699,pohang,pohang,pohang,unlabel,2,/home/ted1204/MS_Detection_Datamaker/MS_datamaker_PH/data/unlabel/1khz_50ns_20deci_2m_UTC_20190724_143629.699.tdms,1khz_50ns_20deci_2m_UTC_20190724_143629.699.tdms,1khz_50ns_20deci_2m_UTC_20190724_143629.699,10.0,12.0,243,648,1000.0
1462,pohang__1khz_50ns_20deci_2m_UTC_20190724_143629.699,pohang,pohang,pohang,unlabel,2,/home/ted1204/MS_Detection_Datamaker/MS_datamaker_PH/data/unlabel/1khz_50ns_20deci_2m_UTC_20190724_143629.699.tdms,1khz_50ns_20deci_2m_UTC_20190724_143629.699.tdms,1khz_50ns_20deci_2m_UTC_20190724_143629.699,12.0,14.0,243,648,1000.0
1463,pohang__1khz_50ns_20deci_2m_UTC_20190724_143629.699,pohang,pohang,pohang,unlabel,2,/home/ted1204/MS_Detection_Datamaker/MS_datamaker_PH/data/unlabel/1khz_50ns_20deci_2m_UTC_20190724_143629.699.tdms,1khz_50ns_20deci_2m_UTC_20190724_143629.699.tdms,1khz_50ns_20deci_2m_UTC_20190724_143629.699,13.0,15.0,243,648,1000.0
1464,pohang__1khz_50ns_20deci_2m_UTC_20190724_143629.699,pohang,pohang,pohang,unlabel,2,/home/ted1204/MS_Detection_Datamaker/MS_datamaker_PH/data/unlabel/1khz_50ns_20deci_2m_UTC_20190724_143629.699.tdms,1khz_50ns_20deci_2m_UTC_20190724_143629.699.tdms,1khz_50ns_20deci_2m_UTC_20190724_143629.699,14.0,16.0,243,648,1000.0
1465,pohang__1khz_50ns_20deci_2m_UTC_20190724_143629.699,pohang,pohang,pohang,unlabel,2,/home/ted1204/MS_Detection_Datamaker/MS_datamaker_PH/data/unlabel/1khz_50ns_20deci_2m_UTC_20190724_143629.699.tdms,1khz_50ns_20deci_2m_UTC_20190724_143629.699.tdms,1khz_50ns_20deci_2m_UTC_20190724_143629.699,17.0,19.0,243,648,1000.0
1466,pohang__1khz_50ns_20deci_2m_UTC_20190724_143629.699,pohang,pohang,pohang,unlabel,2,/home/ted1204/MS_Detection_Datamaker/MS_datamaker_PH/data/unlabel/1khz_50ns_20deci_2m_UTC_20190724_143629.699.tdms,1khz_50ns_20deci_2m_UTC_20190724_143629.699.tdms,1khz_50ns_20deci_2m_UTC_20190724_143629.699,18.0,20.0,243,648,1000.0
1467,pohang__1khz_50ns_20deci_2m_UTC_20190724_143629.699,pohang,pohang,pohang,unlabel,2,/home/ted1204/MS_Detection_Datamaker/MS_datamaker_PH/data/unlabel/1khz_50ns_20deci_2m_UTC_20190724_143629.699.tdms,1khz_50ns_20deci_2m_UTC_20190724_143629.699.tdms,1khz_50ns_20deci_2m_UTC_20190724_143629.699,20.0,22.0,243,648,1000.0
1468,pohang__1khz_50ns_20deci_2m_UTC_20190724_143629.699,pohang,pohang,pohang,unlabel,2,/home/ted1204/MS_Detection_Datamaker/MS_datamaker_PH/data/unlabel/1khz_50ns_20deci_2m_UTC_20190724_143629.699.tdms,1khz_50ns_20deci_2m_UTC_20190724_143629.699.tdms,1khz_50ns_20deci_2m_UTC_20190724_143629.699,23.0,25.0,243,648,1000.0
1469,pohang__1khz_50ns_20deci_2m_UTC_20190724_143629.699,pohang,pohang,pohang,unlabel,2,/home/ted1204/MS_Detection_Datamaker/MS_datamaker_PH/data/unlabel/1khz_50ns_20deci_2m_UTC_20190724_143629.699.tdms,1khz_50ns_20deci_2m_UTC_20190724_143629.699.tdms,1khz_50ns_20deci_2m_UTC_20190724_143629.699,26.0,28.0,243,648,1000.0
1470,pohang__1khz_50ns_20deci_2m_UTC_20190726_003459.665,pohang,pohang,pohang,unlabel,2,/home/ted1204/MS_Detection_Datamaker/MS_datamaker_PH/data/unlabel/1khz_50ns_20deci_2m_UTC_20190726_003459.665.tdms,1khz_50ns_20deci_2m_UTC_20190726_003459.665.tdms,1khz_50ns_20deci_2m_UTC_20190726_003459.665,0.0,2.0,243,648,1000.0
1471,pohang__1khz_50ns_20deci_2m_UTC_20190726_003459.665,pohang,pohang,pohang,unlabel,2,/home/ted1204/MS_Detection_Datamaker/MS_datamaker_PH/data/unlabel/1khz_50ns_20deci_2m_UTC_20190726_003459.665.tdms,1khz_50ns_20deci_2m_UTC_20190726_003459.665.tdms,1khz_50ns_20deci_2m_UTC_20190726_003459.665,1.0,3.0,243,648,1000.0
1472,pohang__1khz_50ns_20deci_2m_UTC_20190726_003459.665,pohang,pohang,pohang,unlabel,2,/home/ted1204/MS_Detection_Datamaker/MS_datamaker_PH/data/unlabel/1khz_50ns_20deci_2m_UTC_20190726_003459.665.tdms,1khz_50ns_20deci_2m_UTC_20190726_003459.665.tdms,1khz_50ns_20deci_2m_UTC_20190726_003459.665,2.0,4.0,243,648,1000.0
1473,pohang__1khz_50ns_20deci_2m_UTC_20190726_003459.665,pohang,pohang,pohang,unlabel,2,/home/ted1204/MS_Detection_Datamaker/MS_datamaker_PH/data/unlabel/1khz_50ns_20deci_2m_UTC_20190726_003459.665.tdms,1khz_50ns_20deci_2m_UTC_20190726_003459.665.tdms,1khz_50ns_20deci_2m_UTC_20190726_003459.665,3.0,5.0,243,648,1000.0
1474,pohang__1khz_50ns_20deci_2m_UTC_20190726_003459.665,pohang,pohang,pohang,unlabel,2,/home/ted1204/MS_Detection_Datamaker/MS_datamaker_PH/data/unlabel/1khz_50ns_20deci_2m_UTC_20190726_003459.665.tdms,1khz_50ns_20deci_2m_UTC_20190726_003459.665.tdms,1khz_50ns_20deci_2m_UTC_20190726_003459.665,9.0,11.0,243,648,1000.0
1475,pohang__1khz_50ns_20deci_2m_UTC_20190726_003459.665,pohang,pohang,pohang,unlabel,2,/home/ted1204/MS_Detection_Datamaker/MS_datamaker_PH/data/unlabel/1khz_50ns_20deci_2m_UTC_20190726_003459.665.tdms,1khz_50ns_20deci_2m_UTC_20190726_003459.665.tdms,1khz_50ns_20deci_2m_UTC_20190726_003459.665,10.0,12.0,243,648,1000.0
1476,pohang__1khz_50ns_20deci_2m_UTC_20190726_003459.665,pohang,pohang,pohang,unlabel,2,/home/ted1204/MS_Detection_Datamaker/MS_datamaker_PH/data/unlabel/1khz_50ns_20deci_2m_UTC_20190726_003459.665.tdms,1khz_50ns_20deci_2m_UTC_20190726_003459.665.tdms,1khz_50ns_20deci_2m_UTC_20190726_003459.665,11.0,13.0,243,648,1000.0
1477,pohang__1khz_50ns_20deci_2m_UTC_20190726_003459.665,pohang,pohang,pohang,unlabel,2,/home/ted1204/MS_Detection_Datamaker/MS_datamaker_PH/data/unlabel/1khz_50ns_20deci_2m_UTC_20190726_003459.665.tdms,1khz_50ns_20deci_2m_UTC_20190726_003459.665.tdms,1khz_50ns_20deci_2m_UTC_20190726_003459.665,12.0,14.0,243,648,1000.0
1478,pohang__1khz_50ns_20deci_2m_UTC_20190726_003459.665,pohang,pohang,pohang,unlabel,2,/home/ted1204/MS_Detection_Datamaker/MS_datamaker_PH/data/unlabel/1khz_50ns_20deci_2m_UTC_20190726_003459.665.tdms,1khz_50ns_20deci_2m_UTC_20190726_003459.665.tdms,1khz_50ns_20deci_2m_UTC_20190726_003459.665,13.0,15.0,243,648,1000.0
1479,pohang__1khz_50ns_20deci_2m_UTC_20190726_003459.665,pohang,pohang,pohang,unlabel,2,/home/ted1204/MS_Detection_Datamaker/MS_datamaker_PH/data/unlabel/1khz_50ns_20deci_2m_UTC_20190726_003459.665.tdms,1khz_50ns_20deci_2m_UTC_20190726_003459.665.tdms,1khz_50ns_20deci_2m_UTC_20190726_003459.665,17.0,19.0,243,648,1000.0
1480,pohang__1khz_50ns_20deci_2m_UTC_20190726_003459.665,pohang,pohang,pohang,unlabel,2,/home/ted1204/MS_Detection_Datamaker/MS_datamaker_PH/data/unlabel/1khz_50ns_20deci_2m_UTC_20190726_003459.665.tdms,1khz_50ns_20deci_2m_UTC_20190726_003459.665.tdms,1khz_50ns_20deci_2m_UTC_20190726_003459.665,19.0,21.0,243,648,1000.0
1481,pohang__1khz_50ns_20deci_2m_UTC_20190726_003459.665,pohang,pohang,pohang,unlabel,2,/home/ted1204/MS_Detection_Datamaker/MS_datamaker_PH/data/unlabel/1khz_50ns_20deci_2m_UTC_20190726_003459.665.tdms,1khz_50ns_20deci_2m_UTC_20190726_003459.665.tdms,1khz_50ns_20deci_2m_UTC_20190726_003459.665,21.0,23.0,243,648,1000.0
1482,pohang__1khz_50ns_20deci_2m_UTC_20190726_003459.665,pohang,pohang,pohang,unlabel,2,/home/ted1204/MS_Detection_Datamaker/MS_datamaker_PH/data/unlabel/1khz_50ns_20deci_2m_UTC_20190726_003459.665.tdms,1khz_50ns_20deci_2m_UTC_20190726_003459.665.tdms,1khz_50ns_20deci_2m_UTC_20190726_003459.665,23.0,25.0,243,648,1000.0
1483,pohang__1khz_50ns_20deci_2m_UTC_20190726_003459.665,pohang,pohang,pohang,unlabel,2,/home/ted1204/MS_Detection_Datamaker/MS_datamaker_PH/data/unlabel/1khz_50ns_20deci_2m_UTC_20190726_003459.665.tdms,1khz_50ns_20deci_2m_UTC_20190726_003459.665.tdms,1khz_50ns_20deci_2m_UTC_20190726_003459.665,24.0,26.0,243,648,1000.0
1484,pohang__1khz_50ns_20deci_2m_UTC_20190726_003459.665,pohang,pohang,pohang,unlabel,2,/home/ted1204/MS_Detection_Datamaker/MS_datamaker_PH/data/unlabel/1khz_50ns_20deci_2m_UTC_20190726_003459.665.tdms,1khz_50ns_20deci_2m_UTC_20190726_003459.665.tdms,1khz_50ns_20deci_2m_UTC_20190726_003459.665,25.0,27.0,243,648,1000.0
1485,pohang__1khz_50ns_20deci_2m_UTC_20190726_155729.650,pohang,pohang,pohang,unlabel,2,/home/ted1204/MS_Detection_Datamaker/MS_datamaker_PH/data/unlabel/1khz_50ns_20deci_2m_UTC_20190726_155729.650.tdms,1khz_50ns_20deci_2m_UTC_20190726_155729.650.tdms,1khz_50ns_20deci_2m_UTC_20190726_155729.650,1.0,3.0,243,648,1000.0
1486,pohang__1khz_50ns_20deci_2m_UTC_20190726_155729.650,pohang,pohang,pohang,unlabel,2,/home/ted1204/MS_Detection_Datamaker/MS_datamaker_PH/data/unlabel/1khz_50ns_20deci_2m_UTC_20190726_155729.650.tdms,1khz_50ns_20deci_2m_UTC_20190726_155729.650.tdms,1khz_50ns_20deci_2m_UTC_20190726_155729.650,4.0,6.0,243,648,1000.0
1487,pohang__1khz_50ns_20deci_2m_UTC_20190726_155729.650,pohang,pohang,pohang,unlabel,2,/home/ted1204/MS_Detection_Datamaker/MS_datamaker_PH/data/unlabel/1khz_50ns_20deci_2m_UTC_20190726_155729.650.tdms,1khz_50ns_20deci_2m_UTC_20190726_155729.650.tdms,1khz_50ns_20deci_2m_UTC_20190726_155729.650,6.0,8.0,243,648,1000.0
1488,pohang__1khz_50ns_20deci_2m_UTC_20190726_155729.650,pohang,pohang,pohang,unlabel,2,/home/ted1204/MS_Detection_Datamaker/MS_datamaker_PH/data/unlabel/1khz_50ns_20deci_2m_UTC_20190726_155729.650.tdms,1khz_50ns_20deci_2m_UTC_20190726_155729.650.tdms,1khz_50ns_20deci_2m_UTC_20190726_155729.650,8.0,10.0,243,648,1000.0
1489,pohang__1khz_50ns_20deci_2m_UTC_20190726_155729.650,pohang,pohang,pohang,unlabel,2,/home/ted1204/MS_Detection_Datamaker/MS_datamaker_PH/data/unlabel/1khz_50ns_20deci_2m_UTC_20190726_155729.650.tdms,1khz_50ns_20deci_2m_UTC_20190726_155729.650.tdms,1khz_50ns_20deci_2m_UTC_20190726_155729.650,9.0,11.0,243,648,1000.0
1490,pohang__1khz_50ns_20deci_2m_UTC_20190726_155729.650,pohang,pohang,pohang,unlabel,2,/home/ted1204/MS_Detection_Datamaker/MS_datamaker_PH/data/unlabel/1khz_50ns_20deci_2m_UTC_20190726_155729.650.tdms,1khz_50ns_20deci_2m_UTC_20190726_155729.650.tdms,1khz_50ns_20deci_2m_UTC_20190726_155729.650,11.0,13.0,243,648,1000.0
1491,pohang__1khz_50ns_20deci_2m_UTC_20190726_155729.650,pohang,pohang,pohang,unlabel,2,/home/ted1204/MS_Detection_Datamaker/MS_datamaker_PH/data/unlabel/1khz_50ns_20deci_2m_UTC_20190726_155729.650.tdms,1khz_50ns_20deci_2m_UTC_20190726_155729.650.tdms,1khz_50ns_20deci_2m_UTC_20190726_155729.650,12.0,14.0,243,648,1000.0
1492,pohang__1khz_50ns_20deci_2m_UTC_20190726_155729.650,pohang,pohang,pohang,unlabel,2,/home/ted1204/MS_Detection_Datamaker/MS_datamaker_PH/data/unlabel/1khz_50ns_20deci_2m_UTC_20190726_155729.650.tdms,1khz_50ns_20deci_2m_UTC_20190726_155729.650.tdms,1khz_50ns_20deci_2m_UTC_20190726_155729.650,13.0,15.0,243,648,1000.0
1493,pohang__1khz_50ns_20deci_2m_UTC_20190726_155729.650,pohang,pohang,pohang,unlabel,2,/home/ted1204/MS_Detection_Datamaker/MS_datamaker_PH/data/unlabel/1khz_50ns_20deci_2m_UTC_20190726_155729.650.tdms,1khz_50ns_20deci_2m_UTC_20190726_155729.650.tdms,1khz_50ns_20deci_2m_UTC_20190726_155729.650,17.0,19.0,243,648,1000.0
1494,pohang__1khz_50ns_20deci_2m_UTC_20190726_155729.650,pohang,pohang,pohang,unlabel,2,/home/ted1204/MS_Detection_Datamaker/MS_datamaker_PH/data/unlabel/1khz_50ns_20deci_2m_UTC_20190726_155729.650.tdms,1khz_50ns_20deci_2m_UTC_20190726_155729.650.tdms,1khz_50ns_20deci_2m_UTC_20190726_155729.650,19.0,21.0,243,648,1000.0
1495,pohang__1khz_50ns_20deci_2m_UTC_20190726_155729.650,pohang,pohang,pohang,unlabel,2,/home/ted1204/MS_Detection_Datamaker/MS_datamaker_PH/data/unlabel/1khz_50ns_20deci_2m_UTC_20190726_155729.650.tdms,1khz_50ns_20deci_2m_UTC_20190726_155729.650.tdms,1khz_50ns_20deci_2m_UTC_20190726_155729.650,21.0,23.0,243,648,1000.0
1496,pohang__1khz_50ns_20deci_2m_UTC_20190726_155729.650,pohang,pohang,pohang,unlabel,2,/home/ted1204/MS_Detection_Datamaker/MS_datamaker_PH/data/unlabel/1khz_50ns_20deci_2m_UTC_20190726_155729.650.tdms,1khz_50ns_20deci_2m_UTC_20190726_155729.650.tdms,1khz_50ns_20deci_2m_UTC_20190726_155729.650,22.0,24.0,243,648,1000.0
1497,pohang__1khz_50ns_20deci_2m_UTC_20190726_155729.650,pohang,pohang,pohang,unlabel,2,/home/ted1204/MS_Detection_Datamaker/MS_datamaker_PH/data/unlabel/1khz_50ns_20deci_2m_UTC_20190726_155729.650.tdms,1khz_50ns_20deci_2m_UTC_20190726_155729.650.tdms,1khz_50ns_20deci_2m_UTC_20190726_155729.650,24.0,26.0,243,648,1000.0
1498,pohang__1khz_50ns_20deci_2m_UTC_20190726_155729.650,pohang,pohang,pohang,unlabel,2,/home/ted1204/MS_Detection_Datamaker/MS_datamaker_PH/data/unlabel/1khz_50ns_20deci_2m_UTC_20190726_155729.650.tdms,1khz_50ns_20deci_2m_UTC_20190726_155729.650.tdms,1khz_50ns_20deci_2m_UTC_20190726_155729.650,25.0,27.0,243,648,1000.0
1499,pohang__1khz_50ns_20deci_2m_UTC_20190726_155729.650,pohang,pohang,pohang,unlabel,2,/home/ted1204/MS_Detection_Datamaker/MS_datamaker_PH/data/unlabel/1khz_50ns_20deci_2m_UTC_20190726_155729.650.tdms,1khz_50ns_20deci_2m_UTC_20190726_155729.650.tdms,1khz_50ns_20deci_2m_UTC_20190726_155729.650,28.0,30.0,243,648,1000.0
1500,pohang__1khz_50ns_20deci_2m_UTC_20190726_221559.644,pohang,pohang,pohang,unlabel,2,/home/ted1204/MS_Detection_Datamaker/MS_datamaker_PH/data/unlabel/1khz_50ns_20deci_2m_UTC_20190726_221559.644.tdms,1khz_50ns_20deci_2m_UTC_20190726_221559.644.tdms,1khz_50ns_20deci_2m_UTC_20190726_221559.644,1.0,3.0,243,648,1000.0
1501,pohang__1khz_50ns_20deci_2m_UTC_20190726_221559.644,pohang,pohang,pohang,unlabel,2,/home/ted1204/MS_Detection_Datamaker/MS_datamaker_PH/data/unlabel/1khz_50ns_20deci_2m_UTC_20190726_221559.644.tdms,1khz_50ns_20deci_2m_UTC_20190726_221559.644.tdms,1khz_50ns_20deci_2m_UTC_20190726_221559.644,2.0,4.0,243,648,1000.0
1502,pohang__1khz_50ns_20deci_2m_UTC_20190726_221559.644,pohang,pohang,pohang,unlabel,2,/home/ted1204/MS_Detection_Datamaker/MS_datamaker_PH/data/unlabel/1khz_50ns_20deci_2m_UTC_20190726_221559.644.tdms,1khz_50ns_20deci_2m_UTC_20190726_221559.644.tdms,1khz_50ns_20deci_2m_UTC_20190726_221559.644,5.0,7.0,243,648,1000.0
1503,pohang__1khz_50ns_20deci_2m_UTC_20190726_221559.644,pohang,pohang,pohang,unlabel,2,/home/ted1204/MS_Detection_Datamaker/MS_datamaker_PH/data/unlabel/1khz_50ns_20deci_2m_UTC_20190726_221559.644.tdms,1khz_50ns_20deci_2m_UTC_20190726_221559.644.tdms,1khz_50ns_20deci_2m_UTC_20190726_221559.644,6.0,8.0,243,648,1000.0
1504,pohang__1khz_50ns_20deci_2m_UTC_20190726_221559.644,pohang,pohang,pohang,unlabel,2,/home/ted1204/MS_Detection_Datamaker/MS_datamaker_PH/data/unlabel/1khz_50ns_20deci_2m_UTC_20190726_221559.644.tdms,1khz_50ns_20deci_2m_UTC_20190726_221559.644.tdms,1khz_50ns_20deci_2m_UTC_20190726_221559.644,7.0,9.0,243,648,1000.0
1505,pohang__1khz_50ns_20deci_2m_UTC_20190726_221559.644,pohang,pohang,pohang,unlabel,2,/home/ted1204/MS_Detection_Datamaker/MS_datamaker_PH/data/unlabel/1khz_50ns_20deci_2m_UTC_20190726_221559.644.tdms,1khz_50ns_20deci_2m_UTC_20190726_221559.644.tdms,1khz_50ns_20deci_2m_UTC_20190726_221559.644,9.0,11.0,243,648,1000.0
1506,pohang__1khz_50ns_20deci_2m_UTC_20190726_221559.644,pohang,pohang,pohang,unlabel,2,/home/ted1204/MS_Detection_Datamaker/MS_datamaker_PH/data/unlabel/1khz_50ns_20deci_2m_UTC_20190726_221559.644.tdms,1khz_50ns_20deci_2m_UTC_20190726_221559.644.tdms,1khz_50ns_20deci_2m_UTC_20190726_221559.644,11.0,13.0,243,648,1000.0
1507,pohang__1khz_50ns_20deci_2m_UTC_20190726_221559.644,pohang,pohang,pohang,unlabel,2,/home/ted1204/MS_Detection_Datamaker/MS_datamaker_PH/data/unlabel/1khz_50ns_20deci_2m_UTC_20190726_221559.644.tdms,1khz_50ns_20deci_2m_UTC_20190726_221559.644.tdms,1khz_50ns_20deci_2m_UTC_20190726_221559.644,13.0,15.0,243,648,1000.0
1508,pohang__1khz_50ns_20deci_2m_UTC_20190726_221559.644,pohang,pohang,pohang,unlabel,2,/home/ted1204/MS_Detection_Datamaker/MS_datamaker_PH/data/unlabel/1khz_50ns_20deci_2m_UTC_20190726_221559.644.tdms,1khz_50ns_20deci_2m_UTC_20190726_221559.644.tdms,1khz_50ns_20deci_2m_UTC_20190726_221559.644,15.0,17.0,243,648,1000.0
1509,pohang__1khz_50ns_20deci_2m_UTC_20190726_221559.644,pohang,pohang,pohang,unlabel,2,/home/ted1204/MS_Detection_Datamaker/MS_datamaker_PH/data/unlabel/1khz_50ns_20deci_2m_UTC_20190726_221559.644.tdms,1khz_50ns_20deci_2m_UTC_20190726_221559.644.tdms,1khz_50ns_20deci_2m_UTC_20190726_221559.644,16.0,18.0,243,648,1000.0
1510,pohang__1khz_50ns_20deci_2m_UTC_20190726_221559.644,pohang,pohang,pohang,unlabel,2,/home/ted1204/MS_Detection_Datamaker/MS_datamaker_PH/data/unlabel/1khz_50ns_20deci_2m_UTC_20190726_221559.644.tdms,1khz_50ns_20deci_2m_UTC_20190726_221559.644.tdms,1khz_50ns_20deci_2m_UTC_20190726_221559.644,17.0,19.0,243,648,1000.0
1511,pohang__1khz_50ns_20deci_2m_UTC_20190726_221559.644,pohang,pohang,pohang,unlabel,2,/home/ted1204/MS_Detection_Datamaker/MS_datamaker_PH/data/unlabel/1khz_50ns_20deci_2m_UTC_20190726_221559.644.tdms,1khz_50ns_20deci_2m_UTC_20190726_221559.644.tdms,1khz_50ns_20deci_2m_UTC_20190726_221559.644,20.0,22.0,243,648,1000.0
1512,pohang__1khz_50ns_20deci_2m_UTC_20190726_221559.644,pohang,pohang,pohang,unlabel,2,/home/ted1204/MS_Detection_Datamaker/MS_datamaker_PH/data/unlabel/1khz_50ns_20deci_2m_UTC_20190726_221559.644.tdms,1khz_50ns_20deci_2m_UTC_20190726_221559.644.tdms,1khz_50ns_20deci_2m_UTC_20190726_221559.644,22.0,24.0,243,648,1000.0
1513,pohang__1khz_50ns_20deci_2m_UTC_20190726_221559.644,pohang,pohang,pohang,unlabel,2,/home/ted1204/MS_Detection_Datamaker/MS_datamaker_PH/data/unlabel/1khz_50ns_20deci_2m_UTC_20190726_221559.644.tdms,1khz_50ns_20deci_2m_UTC_20190726_221559.644.tdms,1khz_50ns_20deci_2m_UTC_20190726_221559.644,27.0,29.0,243,648,1000.0
1514,pohang__1khz_50ns_20deci_2m_UTC_20190726_221559.644,pohang,pohang,pohang,unlabel,2,/home/ted1204/MS_Detection_Datamaker/MS_datamaker_PH/data/unlabel/1khz_50ns_20deci_2m_UTC_20190726_221559.644.tdms,1khz_50ns_20deci_2m_UTC_20190726_221559.644.tdms,1khz_50ns_20deci_2m_UTC_20190726_221559.644,28.0,30.0,243,648,1000.0
1515,pohang__1khz_50ns_20deci_2m_UTC_20190727_043729.638,pohang,pohang,pohang,unlabel,2,/home/ted1204/MS_Detection_Datamaker/MS_datamaker_PH/data/unlabel/1khz_50ns_20deci_2m_UTC_20190727_043729.638.tdms,1khz_50ns_20deci_2m_UTC_20190727_043729.638.tdms,1khz_50ns_20deci_2m_UTC_20190727_043729.638,1.0,3.0,243,648,1000.0
1516,pohang__1khz_50ns_20deci_2m_UTC_20190727_043729.638,pohang,pohang,pohang,unlabel,2,/home/ted1204/MS_Detection_Datamaker/MS_datamaker_PH/data/unlabel/1khz_50ns_20deci_2m_UTC_20190727_043729.638.tdms,1khz_50ns_20deci_2m_UTC_20190727_043729.638.tdms,1khz_50ns_20deci_2m_UTC_20190727_043729.638,2.0,4.0,243,648,1000.0
1517,pohang__1khz_50ns_20deci_2m_UTC_20190727_043729.638,pohang,pohang,pohang,unlabel,2,/home/ted1204/MS_Detection_Datamaker/MS_datamaker_PH/data/unlabel/1khz_50ns_20deci_2m_UTC_20190727_043729.638.tdms,1khz_50ns_20deci_2m_UTC_20190727_043729.638.tdms,1khz_50ns_20deci_2m_UTC_20190727_043729.638,3.0,5.0,243,648,1000.0
1518,pohang__1khz_50ns_20deci_2m_UTC_20190727_043729.638,pohang,pohang,pohang,unlabel,2,/home/ted1204/MS_Detection_Datamaker/MS_datamaker_PH/data/unlabel/1khz_50ns_20deci_2m_UTC_20190727_043729.638.tdms,1khz_50ns_20deci_2m_UTC_20190727_043729.638.tdms,1khz_50ns_20deci_2m_UTC_20190727_043729.638,4.0,6.0,243,648,1000.0
1519,pohang__1khz_50ns_20deci_2m_UTC_20190727_043729.638,pohang,pohang,pohang,unlabel,2,/home/ted1204/MS_Detection_Datamaker/MS_datamaker_PH/data/unlabel/1khz_50ns_20deci_2m_UTC_20190727_043729.638.tdms,1khz_50ns_20deci_2m_UTC_20190727_043729.638.tdms,1khz_50ns_20deci_2m_UTC_20190727_043729.638,5.0,7.0,243,648,1000.0
1520,pohang__1khz_50ns_20deci_2m_UTC_20190727_043729.638,pohang,pohang,pohang,unlabel,2,/home/ted1204/MS_Detection_Datamaker/MS_datamaker_PH/data/unlabel/1khz_50ns_20deci_2m_UTC_20190727_043729.638.tdms,1khz_50ns_20deci_2m_UTC_20190727_043729.638.tdms,1khz_50ns_20deci_2m_UTC_20190727_043729.638,6.0,8.0,243,648,1000.0
1521,pohang__1khz_50ns_20deci_2m_UTC_20190727_043729.638,pohang,pohang,pohang,unlabel,2,/home/ted1204/MS_Detection_Datamaker/MS_datamaker_PH/data/unlabel/1khz_50ns_20deci_2m_UTC_20190727_043729.638.tdms,1khz_50ns_20deci_2m_UTC_20190727_043729.638.tdms,1khz_50ns_20deci_2m_UTC_20190727_043729.638,8.0,10.0,243,648,1000.0
1522,pohang__1khz_50ns_20deci_2m_UTC_20190727_043729.638,pohang,pohang,pohang,unlabel,2,/home/ted1204/MS_Detection_Datamaker/MS_datamaker_PH/data/unlabel/1khz_50ns_20deci_2m_UTC_20190727_043729.638.tdms,1khz_50ns_20deci_2m_UTC_20190727_043729.638.tdms,1khz_50ns_20deci_2m_UTC_20190727_043729.638,9.0,11.0,243,648,1000.0
1523,pohang__1khz_50ns_20deci_2m_UTC_20190727_043729.638,pohang,pohang,pohang,unlabel,2,/home/ted1204/MS_Detection_Datamaker/MS_datamaker_PH/data/unlabel/1khz_50ns_20deci_2m_UTC_20190727_043729.638.tdms,1khz_50ns_20deci_2m_UTC_20190727_043729.638.tdms,1khz_50ns_20deci_2m_UTC_20190727_043729.638,11.0,13.0,243,648,1000.0
1524,pohang__1khz_50ns_20deci_2m_UTC_20190727_043729.638,pohang,pohang,pohang,unlabel,2,/home/ted1204/MS_Detection_Datamaker/MS_datamaker_PH/data/unlabel/1khz_50ns_20deci_2m_UTC_20190727_043729.638.tdms,1khz_50ns_20deci_2m_UTC_20190727_043729.638.tdms,1khz_50ns_20deci_2m_UTC_20190727_043729.638,12.0,14.0,243,648,1000.0
1525,pohang__1khz_50ns_20deci_2m_UTC_20190727_043729.638,pohang,pohang,pohang,unlabel,2,/home/ted1204/MS_Detection_Datamaker/MS_datamaker_PH/data/unlabel/1khz_50ns_20deci_2m_UTC_20190727_043729.638.tdms,1khz_50ns_20deci_2m_UTC_20190727_043729.638.tdms,1khz_50ns_20deci_2m_UTC_20190727_043729.638,16.0,18.0,243,648,1000.0
1526,pohang__1khz_50ns_20deci_2m_UTC_20190727_043729.638,pohang,pohang,pohang,unlabel,2,/home/ted1204/MS_Detection_Datamaker/MS_datamaker_PH/data/unlabel/1khz_50ns_20deci_2m_UTC_20190727_043729.638.tdms,1khz_50ns_20deci_2m_UTC_20190727_043729.638.tdms,1khz_50ns_20deci_2m_UTC_20190727_043729.638,19.0,21.0,243,648,1000.0
1527,pohang__1khz_50ns_20deci_2m_UTC_20190727_043729.638,pohang,pohang,pohang,unlabel,2,/home/ted1204/MS_Detection_Datamaker/MS_datamaker_PH/data/unlabel/1khz_50ns_20deci_2m_UTC_20190727_043729.638.tdms,1khz_50ns_20deci_2m_UTC_20190727_043729.638.tdms,1khz_50ns_20deci_2m_UTC_20190727_043729.638,20.0,22.0,243,648,1000.0
1528,pohang__1khz_50ns_20deci_2m_UTC_20190727_043729.638,pohang,pohang,pohang,unlabel,2,/home/ted1204/MS_Detection_Datamaker/MS_datamaker_PH/data/unlabel/1khz_50ns_20deci_2m_UTC_20190727_043729.638.tdms,1khz_50ns_20deci_2m_UTC_20190727_043729.638.tdms,1khz_50ns_20deci_2m_UTC_20190727_043729.638,21.0,23.0,243,648,1000.0
1529,pohang__1khz_50ns_20deci_2m_UTC_20190727_043729.638,pohang,pohang,pohang,unlabel,2,/home/ted1204/MS_Detection_Datamaker/MS_datamaker_PH/data/unlabel/1khz_50ns_20deci_2m_UTC_20190727_043729.638.tdms,1khz_50ns_20deci_2m_UTC_20190727_043729.638.tdms,1khz_50ns_20deci_2m_UTC_20190727_043729.638,24.0,26.0,243,648,1000.0
1530,pohang__1khz_50ns_20deci_2m_UTC_20190727_151529.628,pohang,pohang,pohang,unlabel,2,/home/ted1204/MS_Detection_Datamaker/MS_datamaker_PH/data/unlabel/1khz_50ns_20deci_2m_UTC_20190727_151529.628.tdms,1khz_50ns_20deci_2m_UTC_20190727_151529.628.tdms,1khz_50ns_20deci_2m_UTC_20190727_151529.628,1.0,3.0,243,648,1000.0
1531,pohang__1khz_50ns_20deci_2m_UTC_20190727_151529.628,pohang,pohang,pohang,unlabel,2,/home/ted1204/MS_Detection_Datamaker/MS_datamaker_PH/data/unlabel/1khz_50ns_20deci_2m_UTC_20190727_151529.628.tdms,1khz_50ns_20deci_2m_UTC_20190727_151529.628.tdms,1khz_50ns_20deci_2m_UTC_20190727_151529.628,3.0,5.0,243,648,1000.0
1532,pohang__1khz_50ns_20deci_2m_UTC_20190727_151529.628,pohang,pohang,pohang,unlabel,2,/home/ted1204/MS_Detection_Datamaker/MS_datamaker_PH/data/unlabel/1khz_50ns_20deci_2m_UTC_20190727_151529.628.tdms,1khz_50ns_20deci_2m_UTC_20190727_151529.628.tdms,1khz_50ns_20deci_2m_UTC_20190727_151529.628,7.0,9.0,243,648,1000.0
1533,pohang__1khz_50ns_20deci_2m_UTC_20190727_151529.628,pohang,pohang,pohang,unlabel,2,/home/ted1204/MS_Detection_Datamaker/MS_datamaker_PH/data/unlabel/1khz_50ns_20deci_2m_UTC_20190727_151529.628.tdms,1khz_50ns_20deci_2m_UTC_20190727_151529.628.tdms,1khz_50ns_20deci_2m_UTC_20190727_151529.628,10.0,12.0,243,648,1000.0
1534,pohang__1khz_50ns_20deci_2m_UTC_20190727_151529.628,pohang,pohang,pohang,unlabel,2,/home/ted1204/MS_Detection_Datamaker/MS_datamaker_PH/data/unlabel/1khz_50ns_20deci_2m_UTC_20190727_151529.628.tdms,1khz_50ns_20deci_2m_UTC_20190727_151529.628.tdms,1khz_50ns_20deci_2m_UTC_20190727_151529.628,12.0,14.0,243,648,1000.0
1535,pohang__1khz_50ns_20deci_2m_UTC_20190727_151529.628,pohang,pohang,pohang,unlabel,2,/home/ted1204/MS_Detection_Datamaker/MS_datamaker_PH/data/unlabel/1khz_50ns_20deci_2m_UTC_20190727_151529.628.tdms,1khz_50ns_20deci_2m_UTC_20190727_151529.628.tdms,1khz_50ns_20deci_2m_UTC_20190727_151529.628,13.0,15.0,243,648,1000.0
1536,pohang__1khz_50ns_20deci_2m_UTC_20190727_151529.628,pohang,pohang,pohang,unlabel,2,/home/ted1204/MS_Detection_Datamaker/MS_datamaker_PH/data/unlabel/1khz_50ns_20deci_2m_UTC_20190727_151529.628.tdms,1khz_50ns_20deci_2m_UTC_20190727_151529.628.tdms,1khz_50ns_20deci_2m_UTC_20190727_151529.628,14.0,16.0,243,648,1000.0
1537,pohang__1khz_50ns_20deci_2m_UTC_20190727_151529.628,pohang,pohang,pohang,unlabel,2,/home/ted1204/MS_Detection_Datamaker/MS_datamaker_PH/data/unlabel/1khz_50ns_20deci_2m_UTC_20190727_151529.628.tdms,1khz_50ns_20deci_2m_UTC_20190727_151529.628.tdms,1khz_50ns_20deci_2m_UTC_20190727_151529.628,16.0,18.0,243,648,1000.0
1538,pohang__1khz_50ns_20deci_2m_UTC_20190727_151529.628,pohang,pohang,pohang,unlabel,2,/home/ted1204/MS_Detection_Datamaker/MS_datamaker_PH/data/unlabel/1khz_50ns_20deci_2m_UTC_20190727_151529.628.tdms,1khz_50ns_20deci_2m_UTC_20190727_151529.628.tdms,1khz_50ns_20deci_2m_UTC_20190727_151529.628,17.0,19.0,243,648,1000.0
1539,pohang__1khz_50ns_20deci_2m_UTC_20190727_151529.628,pohang,pohang,pohang,unlabel,2,/home/ted1204/MS_Detection_Datamaker/MS_datamaker_PH/data/unlabel/1khz_50ns_20deci_2m_UTC_20190727_151529.628.tdms,1khz_50ns_20deci_2m_UTC_20190727_151529.628.tdms,1khz_50ns_20deci_2m_UTC_20190727_151529.628,18.0,20.0,243,648,1000.0
1540,pohang__1khz_50ns_20deci_2m_UTC_20190727_151529.628,pohang,pohang,pohang,unlabel,2,/home/ted1204/MS_Detection_Datamaker/MS_datamaker_PH/data/unlabel/1khz_50ns_20deci_2m_UTC_20190727_151529.628.tdms,1khz_50ns_20deci_2m_UTC_20190727_151529.628.tdms,1khz_50ns_20deci_2m_UTC_20190727_151529.628,19.0,21.0,243,648,1000.0
1541,pohang__1khz_50ns_20deci_2m_UTC_20190727_151529.628,pohang,pohang,pohang,unlabel,2,/home/ted1204/MS_Detection_Datamaker/MS_datamaker_PH/data/unlabel/1khz_50ns_20deci_2m_UTC_20190727_151529.628.tdms,1khz_50ns_20deci_2m_UTC_20190727_151529.628.tdms,1khz_50ns_20deci_2m_UTC_20190727_151529.628,22.0,24.0,243,648,1000.0
1542,pohang__1khz_50ns_20deci_2m_UTC_20190727_151529.628,pohang,pohang,pohang,unlabel,2,/home/ted1204/MS_Detection_Datamaker/MS_datamaker_PH/data/unlabel/1khz_50ns_20deci_2m_UTC_20190727_151529.628.tdms,1khz_50ns_20deci_2m_UTC_20190727_151529.628.tdms,1khz_50ns_20deci_2m_UTC_20190727_151529.628,23.0,25.0,243,648,1000.0
1543,pohang__1khz_50ns_20deci_2m_UTC_20190727_151529.628,pohang,pohang,pohang,unlabel,2,/home/ted1204/MS_Detection_Datamaker/MS_datamaker_PH/data/unlabel/1khz_50ns_20deci_2m_UTC_20190727_151529.628.tdms,1khz_50ns_20deci_2m_UTC_20190727_151529.628.tdms,1khz_50ns_20deci_2m_UTC_20190727_151529.628,24.0,26.0,243,648,1000.0
1544,pohang__1khz_50ns_20deci_2m_UTC_20190727_151529.628,pohang,pohang,pohang,unlabel,2,/home/ted1204/MS_Detection_Datamaker/MS_datamaker_PH/data/unlabel/1khz_50ns_20deci_2m_UTC_20190727_151529.628.tdms,1khz_50ns_20deci_2m_UTC_20190727_151529.628.tdms,1khz_50ns_20deci_2m_UTC_20190727_151529.628,25.0,27.0,243,648,1000.0
1545,pohang__1khz_50ns_20deci_2m_UTC_20190727_165629.626,pohang,pohang,pohang,unlabel,2,/home/ted1204/MS_Detection_Datamaker/MS_datamaker_PH/data/unlabel/1khz_50ns_20deci_2m_UTC_20190727_165629.626.tdms,1khz_50ns_20deci_2m_UTC_20190727_165629.626.tdms,1khz_50ns_20deci_2m_UTC_20190727_165629.626,1.0,3.0,243,648,1000.0
1546,pohang__1khz_50ns_20deci_2m_UTC_20190727_165629.626,pohang,pohang,pohang,unlabel,2,/home/ted1204/MS_Detection_Datamaker/MS_datamaker_PH/data/unlabel/1khz_50ns_20deci_2m_UTC_20190727_165629.626.tdms,1khz_50ns_20deci_2m_UTC_20190727_165629.626.tdms,1khz_50ns_20deci_2m_UTC_20190727_165629.626,2.0,4.0,243,648,1000.0
1547,pohang__1khz_50ns_20deci_2m_UTC_20190727_165629.626,pohang,pohang,pohang,unlabel,2,/home/ted1204/MS_Detection_Datamaker/MS_datamaker_PH/data/unlabel/1khz_50ns_20deci_2m_UTC_20190727_165629.626.tdms,1khz_50ns_20deci_2m_UTC_20190727_165629.626.tdms,1khz_50ns_20deci_2m_UTC_20190727_165629.626,3.0,5.0,243,648,1000.0
1548,pohang__1khz_50ns_20deci_2m_UTC_20190727_165629.626,pohang,pohang,pohang,unlabel,2,/home/ted1204/MS_Detection_Datamaker/MS_datamaker_PH/data/unlabel/1khz_50ns_20deci_2m_UTC_20190727_165629.626.tdms,1khz_50ns_20deci_2m_UTC_20190727_165629.626.tdms,1khz_50ns_20deci_2m_UTC_20190727_165629.626,6.0,8.0,243,648,1000.0
1549,pohang__1khz_50ns_20deci_2m_UTC_20190727_165629.626,pohang,pohang,pohang,unlabel,2,/home/ted1204/MS_Detection_Datamaker/MS_datamaker_PH/data/unlabel/1khz_50ns_20deci_2m_UTC_20190727_165629.626.tdms,1khz_50ns_20deci_2m_UTC_20190727_165629.626.tdms,1khz_50ns_20deci_2m_UTC_20190727_165629.626,7.0,9.0,243,648,1000.0
1550,pohang__1khz_50ns_20deci_2m_UTC_20190727_165629.626,pohang,pohang,pohang,unlabel,2,/home/ted1204/MS_Detection_Datamaker/MS_datamaker_PH/data/unlabel/1khz_50ns_20deci_2m_UTC_20190727_165629.626.tdms,1khz_50ns_20deci_2m_UTC_20190727_165629.626.tdms,1khz_50ns_20deci_2m_UTC_20190727_165629.626,9.0,11.0,243,648,1000.0
1551,pohang__1khz_50ns_20deci_2m_UTC_20190727_165629.626,pohang,pohang,pohang,unlabel,2,/home/ted1204/MS_Detection_Datamaker/MS_datamaker_PH/data/unlabel/1khz_50ns_20deci_2m_UTC_20190727_165629.626.tdms,1khz_50ns_20deci_2m_UTC_20190727_165629.626.tdms,1khz_50ns_20deci_2m_UTC_20190727_165629.626,11.0,13.0,243,648,1000.0
1552,pohang__1khz_50ns_20deci_2m_UTC_20190727_165629.626,pohang,pohang,pohang,unlabel,2,/home/ted1204/MS_Detection_Datamaker/MS_datamaker_PH/data/unlabel/1khz_50ns_20deci_2m_UTC_20190727_165629.626.tdms,1khz_50ns_20deci_2m_UTC_20190727_165629.626.tdms,1khz_50ns_20deci_2m_UTC_20190727_165629.626,13.0,15.0,243,648,1000.0
1553,pohang__1khz_50ns_20deci_2m_UTC_20190727_165629.626,pohang,pohang,pohang,unlabel,2,/home/ted1204/MS_Detection_Datamaker/MS_datamaker_PH/data/unlabel/1khz_50ns_20deci_2m_UTC_20190727_165629.626.tdms,1khz_50ns_20deci_2m_UTC_20190727_165629.626.tdms,1khz_50ns_20deci_2m_UTC_20190727_165629.626,15.0,17.0,243,648,1000.0
1554,pohang__1khz_50ns_20deci_2m_UTC_20190727_165629.626,pohang,pohang,pohang,unlabel,2,/home/ted1204/MS_Detection_Datamaker/MS_datamaker_PH/data/unlabel/1khz_50ns_20deci_2m_UTC_20190727_165629.626.tdms,1khz_50ns_20deci_2m_UTC_20190727_165629.626.tdms,1khz_50ns_20deci_2m_UTC_20190727_165629.626,17.0,19.0,243,648,1000.0
1555,pohang__1khz_50ns_20deci_2m_UTC_20190727_165629.626,pohang,pohang,pohang,unlabel,2,/home/ted1204/MS_Detection_Datamaker/MS_datamaker_PH/data/unlabel/1khz_50ns_20deci_2m_UTC_20190727_165629.626.tdms,1khz_50ns_20deci_2m_UTC_20190727_165629.626.tdms,1khz_50ns_20deci_2m_UTC_20190727_165629.626,18.0,20.0,243,648,1000.0
1556,pohang__1khz_50ns_20deci_2m_UTC_20190727_165629.626,pohang,pohang,pohang,unlabel,2,/home/ted1204/MS_Detection_Datamaker/MS_datamaker_PH/data/unlabel/1khz_50ns_20deci_2m_UTC_20190727_165629.626.tdms,1khz_50ns_20deci_2m_UTC_20190727_165629.626.tdms,1khz_50ns_20deci_2m_UTC_20190727_165629.626,19.0,21.0,243,648,1000.0
1557,pohang__1khz_50ns_20deci_2m_UTC_20190727_165629.626,pohang,pohang,pohang,unlabel,2,/home/ted1204/MS_Detection_Datamaker/MS_datamaker_PH/data/unlabel/1khz_50ns_20deci_2m_UTC_20190727_165629.626.tdms,1khz_50ns_20deci_2m_UTC_20190727_165629.626.tdms,1khz_50ns_20deci_2m_UTC_20190727_165629.626,21.0,23.0,243,648,1000.0
1558,pohang__1khz_50ns_20deci_2m_UTC_20190727_165629.626,pohang,pohang,pohang,unlabel,2,/home/ted1204/MS_Detection_Datamaker/MS_datamaker_PH/data/unlabel/1khz_50ns_20deci_2m_UTC_20190727_165629.626.tdms,1khz_50ns_20deci_2m_UTC_20190727_165629.626.tdms,1khz_50ns_20deci_2m_UTC_20190727_165629.626,26.0,28.0,243,648,1000.0
1559,pohang__1khz_50ns_20deci_2m_UTC_20190727_165629.626,pohang,pohang,pohang,unlabel,2,/home/ted1204/MS_Detection_Datamaker/MS_datamaker_PH/data/unlabel/1khz_50ns_20deci_2m_UTC_20190727_165629.626.tdms,1khz_50ns_20deci_2m_UTC_20190727_165629.626.tdms,1khz_50ns_20deci_2m_UTC_20190727_165629.626,28.0,30.0,243,648,1000.0
1560,pohang__1khz_50ns_20deci_2m_UTC_20190727_211629.622,pohang,pohang,pohang,unlabel,2,/home/ted1204/MS_Detection_Datamaker/MS_datamaker_PH/data/unlabel/1khz_50ns_20deci_2m_UTC_20190727_211629.622.tdms,1khz_50ns_20deci_2m_UTC_20190727_211629.622.tdms,1khz_50ns_20deci_2m_UTC_20190727_211629.622,0.0,2.0,243,648,1000.0
1561,pohang__1khz_50ns_20deci_2m_UTC_20190727_211629.622,pohang,pohang,pohang,unlabel,2,/home/ted1204/MS_Detection_Datamaker/MS_datamaker_PH/data/unlabel/1khz_50ns_20deci_2m_UTC_20190727_211629.622.tdms,1khz_50ns_20deci_2m_UTC_20190727_211629.622.tdms,1khz_50ns_20deci_2m_UTC_20190727_211629.622,2.0,4.0,243,648,1000.0
1562,pohang__1khz_50ns_20deci_2m_UTC_20190727_211629.622,pohang,pohang,pohang,unlabel,2,/home/ted1204/MS_Detection_Datamaker/MS_datamaker_PH/data/unlabel/1khz_50ns_20deci_2m_UTC_20190727_211629.622.tdms,1khz_50ns_20deci_2m_UTC_20190727_211629.622.tdms,1khz_50ns_20deci_2m_UTC_20190727_211629.622,4.0,6.0,243,648,1000.0
1563,pohang__1khz_50ns_20deci_2m_UTC_20190727_211629.622,pohang,pohang,pohang,unlabel,2,/home/ted1204/MS_Detection_Datamaker/MS_datamaker_PH/data/unlabel/1khz_50ns_20deci_2m_UTC_20190727_211629.622.tdms,1khz_50ns_20deci_2m_UTC_20190727_211629.622.tdms,1khz_50ns_20deci_2m_UTC_20190727_211629.622,5.0,7.0,243,648,1000.0
1564,pohang__1khz_50ns_20deci_2m_UTC_20190727_211629.622,pohang,pohang,pohang,unlabel,2,/home/ted1204/MS_Detection_Datamaker/MS_datamaker_PH/data/unlabel/1khz_50ns_20deci_2m_UTC_20190727_211629.622.tdms,1khz_50ns_20deci_2m_UTC_20190727_211629.622.tdms,1khz_50ns_20deci_2m_UTC_20190727_211629.622,6.0,8.0,243,648,1000.0
1565,pohang__1khz_50ns_20deci_2m_UTC_20190727_211629.622,pohang,pohang,pohang,unlabel,2,/home/ted1204/MS_Detection_Datamaker/MS_datamaker_PH/data/unlabel/1khz_50ns_20deci_2m_UTC_20190727_211629.622.tdms,1khz_50ns_20deci_2m_UTC_20190727_211629.622.tdms,1khz_50ns_20deci_2m_UTC_20190727_211629.622,8.0,10.0,243,648,1000.0
1566,pohang__1khz_50ns_20deci_2m_UTC_20190727_211629.622,pohang,pohang,pohang,unlabel,2,/home/ted1204/MS_Detection_Datamaker/MS_datamaker_PH/data/unlabel/1khz_50ns_20deci_2m_UTC_20190727_211629.622.tdms,1khz_50ns_20deci_2m_UTC_20190727_211629.622.tdms,1khz_50ns_20deci_2m_UTC_20190727_211629.622,11.0,13.0,243,648,1000.0
1567,pohang__1khz_50ns_20deci_2m_UTC_20190727_211629.622,pohang,pohang,pohang,unlabel,2,/home/ted1204/MS_Detection_Datamaker/MS_datamaker_PH/data/unlabel/1khz_50ns_20deci_2m_UTC_20190727_211629.622.tdms,1khz_50ns_20deci_2m_UTC_20190727_211629.622.tdms,1khz_50ns_20deci_2m_UTC_20190727_211629.622,13.0,15.0,243,648,1000.0
1568,pohang__1khz_50ns_20deci_2m_UTC_20190727_211629.622,pohang,pohang,pohang,unlabel,2,/home/ted1204/MS_Detection_Datamaker/MS_datamaker_PH/data/unlabel/1khz_50ns_20deci_2m_UTC_20190727_211629.622.tdms,1khz_50ns_20deci_2m_UTC_20190727_211629.622.tdms,1khz_50ns_20deci_2m_UTC_20190727_211629.622,14.0,16.0,243,648,1000.0
1569,pohang__1khz_50ns_20deci_2m_UTC_20190727_211629.622,pohang,pohang,pohang,unlabel,2,/home/ted1204/MS_Detection_Datamaker/MS_datamaker_PH/data/unlabel/1khz_50ns_20deci_2m_UTC_20190727_211629.622.tdms,1khz_50ns_20deci_2m_UTC_20190727_211629.622.tdms,1khz_50ns_20deci_2m_UTC_20190727_211629.622,15.0,17.0,243,648,1000.0
1570,pohang__1khz_50ns_20deci_2m_UTC_20190727_211629.622,pohang,pohang,pohang,unlabel,2,/home/ted1204/MS_Detection_Datamaker/MS_datamaker_PH/data/unlabel/1khz_50ns_20deci_2m_UTC_20190727_211629.622.tdms,1khz_50ns_20deci_2m_UTC_20190727_211629.622.tdms,1khz_50ns_20deci_2m_UTC_20190727_211629.622,16.0,18.0,243,648,1000.0
1571,pohang__1khz_50ns_20deci_2m_UTC_20190727_211629.622,pohang,pohang,pohang,unlabel,2,/home/ted1204/MS_Detection_Datamaker/MS_datamaker_PH/data/unlabel/1khz_50ns_20deci_2m_UTC_20190727_211629.622.tdms,1khz_50ns_20deci_2m_UTC_20190727_211629.622.tdms,1khz_50ns_20deci_2m_UTC_20190727_211629.622,17.0,19.0,243,648,1000.0
1572,pohang__1khz_50ns_20deci_2m_UTC_20190727_211629.622,pohang,pohang,pohang,unlabel,2,/home/ted1204/MS_Detection_Datamaker/MS_datamaker_PH/data/unlabel/1khz_50ns_20deci_2m_UTC_20190727_211629.622.tdms,1khz_50ns_20deci_2m_UTC_20190727_211629.622.tdms,1khz_50ns_20deci_2m_UTC_20190727_211629.622,18.0,20.0,243,648,1000.0
1573,pohang__1khz_50ns_20deci_2m_UTC_20190727_211629.622,pohang,pohang,pohang,unlabel,2,/home/ted1204/MS_Detection_Datamaker/MS_datamaker_PH/data/unlabel/1khz_50ns_20deci_2m_UTC_20190727_211629.622.tdms,1khz_50ns_20deci_2m_UTC_20190727_211629.622.tdms,1khz_50ns_20deci_2m_UTC_20190727_211629.622,21.0,23.0,243,648,1000.0
1574,pohang__1khz_50ns_20deci_2m_UTC_20190727_211629.622,pohang,pohang,pohang,unlabel,2,/home/ted1204/MS_Detection_Datamaker/MS_datamaker_PH/data/unlabel/1khz_50ns_20deci_2m_UTC_20190727_211629.622.tdms,1khz_50ns_20deci_2m_UTC_20190727_211629.622.tdms,1khz_50ns_20deci_2m_UTC_20190727_211629.622,26.0,28.0,243,648,1000.0
1575,pohang__1khz_50ns_20deci_2m_UTC_20190728_024729.616,pohang,pohang,pohang,unlabel,2,/home/ted1204/MS_Detection_Datamaker/MS_datamaker_PH/data/unlabel/1khz_50ns_20deci_2m_UTC_20190728_024729.616.tdms,1khz_50ns_20deci_2m_UTC_20190728_024729.616.tdms,1khz_50ns_20deci_2m_UTC_20190728_024729.616,0.0,2.0,243,648,1000.0
1576,pohang__1khz_50ns_20deci_2m_UTC_20190728_024729.616,pohang,pohang,pohang,unlabel,2,/home/ted1204/MS_Detection_Datamaker/MS_datamaker_PH/data/unlabel/1khz_50ns_20deci_2m_UTC_20190728_024729.616.tdms,1khz_50ns_20deci_2m_UTC_20190728_024729.616.tdms,1khz_50ns_20deci_2m_UTC_20190728_024729.616,2.0,4.0,243,648,1000.0
1577,pohang__1khz_50ns_20deci_2m_UTC_20190728_024729.616,pohang,pohang,pohang,unlabel,2,/home/ted1204/MS_Detection_Datamaker/MS_datamaker_PH/data/unlabel/1khz_50ns_20deci_2m_UTC_20190728_024729.616.tdms,1khz_50ns_20deci_2m_UTC_20190728_024729.616.tdms,1khz_50ns_20deci_2m_UTC_20190728_024729.616,6.0,8.0,243,648,1000.0
1578,pohang__1khz_50ns_20deci_2m_UTC_20190728_024729.616,pohang,pohang,pohang,unlabel,2,/home/ted1204/MS_Detection_Datamaker/MS_datamaker_PH/data/unlabel/1khz_50ns_20deci_2m_UTC_20190728_024729.616.tdms,1khz_50ns_20deci_2m_UTC_20190728_024729.616.tdms,1khz_50ns_20deci_2m_UTC_20190728_024729.616,7.0,9.0,243,648,1000.0
1579,pohang__1khz_50ns_20deci_2m_UTC_20190728_024729.616,pohang,pohang,pohang,unlabel,2,/home/ted1204/MS_Detection_Datamaker/MS_datamaker_PH/data/unlabel/1khz_50ns_20deci_2m_UTC_20190728_024729.616.tdms,1khz_50ns_20deci_2m_UTC_20190728_024729.616.tdms,1khz_50ns_20deci_2m_UTC_20190728_024729.616,8.0,10.0,243,648,1000.0
1580,pohang__1khz_50ns_20deci_2m_UTC_20190728_024729.616,pohang,pohang,pohang,unlabel,2,/home/ted1204/MS_Detection_Datamaker/MS_datamaker_PH/data/unlabel/1khz_50ns_20deci_2m_UTC_20190728_024729.616.tdms,1khz_50ns_20deci_2m_UTC_20190728_024729.616.tdms,1khz_50ns_20deci_2m_UTC_20190728_024729.616,9.0,11.0,243,648,1000.0
1581,pohang__1khz_50ns_20deci_2m_UTC_20190728_024729.616,pohang,pohang,pohang,unlabel,2,/home/ted1204/MS_Detection_Datamaker/MS_datamaker_PH/data/unlabel/1khz_50ns_20deci_2m_UTC_20190728_024729.616.tdms,1khz_50ns_20deci_2m_UTC_20190728_024729.616.tdms,1khz_50ns_20deci_2m_UTC_20190728_024729.616,10.0,12.0,243,648,1000.0
1582,pohang__1khz_50ns_20deci_2m_UTC_20190728_024729.616,pohang,pohang,pohang,unlabel,2,/home/ted1204/MS_Detection_Datamaker/MS_datamaker_PH/data/unlabel/1khz_50ns_20deci_2m_UTC_20190728_024729.616.tdms,1khz_50ns_20deci_2m_UTC_20190728_024729.616.tdms,1khz_50ns_20deci_2m_UTC_20190728_024729.616,12.0,14.0,243,648,1000.0
1583,pohang__1khz_50ns_20deci_2m_UTC_20190728_024729.616,pohang,pohang,pohang,unlabel,2,/home/ted1204/MS_Detection_Datamaker/MS_datamaker_PH/data/unlabel/1khz_50ns_20deci_2m_UTC_20190728_024729.616.tdms,1khz_50ns_20deci_2m_UTC_20190728_024729.616.tdms,1khz_50ns_20deci_2m_UTC_20190728_024729.616,16.0,18.0,243,648,1000.0
1584,pohang__1khz_50ns_20deci_2m_UTC_20190728_024729.616,pohang,pohang,pohang,unlabel,2,/home/ted1204/MS_Detection_Datamaker/MS_datamaker_PH/data/unlabel/1khz_50ns_20deci_2m_UTC_20190728_024729.616.tdms,1khz_50ns_20deci_2m_UTC_20190728_024729.616.tdms,1khz_50ns_20deci_2m_UTC_20190728_024729.616,17.0,19.0,243,648,1000.0
1585,pohang__1khz_50ns_20deci_2m_UTC_20190728_024729.616,pohang,pohang,pohang,unlabel,2,/home/ted1204/MS_Detection_Datamaker/MS_datamaker_PH/data/unlabel/1khz_50ns_20deci_2m_UTC_20190728_024729.616.tdms,1khz_50ns_20deci_2m_UTC_20190728_024729.616.tdms,1khz_50ns_20deci_2m_UTC_20190728_024729.616,18.0,20.0,243,648,1000.0
1586,pohang__1khz_50ns_20deci_2m_UTC_20190728_024729.616,pohang,pohang,pohang,unlabel,2,/home/ted1204/MS_Detection_Datamaker/MS_datamaker_PH/data/unlabel/1khz_50ns_20deci_2m_UTC_20190728_024729.616.tdms,1khz_50ns_20deci_2m_UTC_20190728_024729.616.tdms,1khz_50ns_20deci_2m_UTC_20190728_024729.616,19.0,21.0,243,648,1000.0
1587,pohang__1khz_50ns_20deci_2m_UTC_20190728_024729.616,pohang,pohang,pohang,unlabel,2,/home/ted1204/MS_Detection_Datamaker/MS_datamaker_PH/data/unlabel/1khz_50ns_20deci_2m_UTC_20190728_024729.616.tdms,1khz_50ns_20deci_2m_UTC_20190728_024729.616.tdms,1khz_50ns_20deci_2m_UTC_20190728_024729.616,21.0,23.0,243,648,1000.0
1588,pohang__1khz_50ns_20deci_2m_UTC_20190728_024729.616,pohang,pohang,pohang,unlabel,2,/home/ted1204/MS_Detection_Datamaker/MS_datamaker_PH/data/unlabel/1khz_50ns_20deci_2m_UTC_20190728_024729.616.tdms,1khz_50ns_20deci_2m_UTC_20190728_024729.616.tdms,1khz_50ns_20deci_2m_UTC_20190728_024729.616,24.0,26.0,243,648,1000.0
1589,pohang__1khz_50ns_20deci_2m_UTC_20190728_024729.616,pohang,pohang,pohang,unlabel,2,/home/ted1204/MS_Detection_Datamaker/MS_datamaker_PH/data/unlabel/1khz_50ns_20deci_2m_UTC_20190728_024729.616.tdms,1khz_50ns_20deci_2m_UTC_20190728_024729.616.tdms,1khz_50ns_20deci_2m_UTC_20190728_024729.616,26.0,28.0,243,648,1000.0
1590,pohang__1khz_50ns_20deci_2m_UTC_20190729_044059.591,pohang,pohang,pohang,unlabel,2,/home/ted1204/MS_Detection_Datamaker/MS_datamaker_PH/data/unlabel/1khz_50ns_20deci_2m_UTC_20190729_044059.591.tdms,1khz_50ns_20deci_2m_UTC_20190729_044059.591.tdms,1khz_50ns_20deci_2m_UTC_20190729_044059.591,0.0,2.0,243,648,1000.0
1591,pohang__1khz_50ns_20deci_2m_UTC_20190729_044059.591,pohang,pohang,pohang,unlabel,2,/home/ted1204/MS_Detection_Datamaker/MS_datamaker_PH/data/unlabel/1khz_50ns_20deci_2m_UTC_20190729_044059.591.tdms,1khz_50ns_20deci_2m_UTC_20190729_044059.591.tdms,1khz_50ns_20deci_2m_UTC_20190729_044059.591,3.0,5.0,243,648,1000.0
1592,pohang__1khz_50ns_20deci_2m_UTC_20190729_044059.591,pohang,pohang,pohang,unlabel,2,/home/ted1204/MS_Detection_Datamaker/MS_datamaker_PH/data/unlabel/1khz_50ns_20deci_2m_UTC_20190729_044059.591.tdms,1khz_50ns_20deci_2m_UTC_20190729_044059.591.tdms,1khz_50ns_20deci_2m_UTC_20190729_044059.591,5.0,7.0,243,648,1000.0
1593,pohang__1khz_50ns_20deci_2m_UTC_20190729_044059.591,pohang,pohang,pohang,unlabel,2,/home/ted1204/MS_Detection_Datamaker/MS_datamaker_PH/data/unlabel/1khz_50ns_20deci_2m_UTC_20190729_044059.591.tdms,1khz_50ns_20deci_2m_UTC_20190729_044059.591.tdms,1khz_50ns_20deci_2m_UTC_20190729_044059.591,6.0,8.0,243,648,1000.0
1594,pohang__1khz_50ns_20deci_2m_UTC_20190729_044059.591,pohang,pohang,pohang,unlabel,2,/home/ted1204/MS_Detection_Datamaker/MS_datamaker_PH/data/unlabel/1khz_50ns_20deci_2m_UTC_20190729_044059.591.tdms,1khz_50ns_20deci_2m_UTC_20190729_044059.591.tdms,1khz_50ns_20deci_2m_UTC_20190729_044059.591,11.0,13.0,243,648,1000.0
1595,pohang__1khz_50ns_20deci_2m_UTC_20190729_044059.591,pohang,pohang,pohang,unlabel,2,/home/ted1204/MS_Detection_Datamaker/MS_datamaker_PH/data/unlabel/1khz_50ns_20deci_2m_UTC_20190729_044059.591.tdms,1khz_50ns_20deci_2m_UTC_20190729_044059.591.tdms,1khz_50ns_20deci_2m_UTC_20190729_044059.591,12.0,14.0,243,648,1000.0
1596,pohang__1khz_50ns_20deci_2m_UTC_20190729_044059.591,pohang,pohang,pohang,unlabel,2,/home/ted1204/MS_Detection_Datamaker/MS_datamaker_PH/data/unlabel/1khz_50ns_20deci_2m_UTC_20190729_044059.591.tdms,1khz_50ns_20deci_2m_UTC_20190729_044059.591.tdms,1khz_50ns_20deci_2m_UTC_20190729_044059.591,13.0,15.0,243,648,1000.0
1597,pohang__1khz_50ns_20deci_2m_UTC_20190729_044059.591,pohang,pohang,pohang,unlabel,2,/home/ted1204/MS_Detection_Datamaker/MS_datamaker_PH/data/unlabel/1khz_50ns_20deci_2m_UTC_20190729_044059.591.tdms,1khz_50ns_20deci_2m_UTC_20190729_044059.591.tdms,1khz_50ns_20deci_2m_UTC_20190729_044059.591,15.0,17.0,243,648,1000.0
1598,pohang__1khz_50ns_20deci_2m_UTC_20190729_044059.591,pohang,pohang,pohang,unlabel,2,/home/ted1204/MS_Detection_Datamaker/MS_datamaker_PH/data/unlabel/1khz_50ns_20deci_2m_UTC_20190729_044059.591.tdms,1khz_50ns_20deci_2m_UTC_20190729_044059.591.tdms,1khz_50ns_20deci_2m_UTC_20190729_044059.591,19.0,21.0,243,648,1000.0
1599,pohang__1khz_50ns_20deci_2m_UTC_20190729_044059.591,pohang,pohang,pohang,unlabel,2,/home/ted1204/MS_Detection_Datamaker/MS_datamaker_PH/data/unlabel/1khz_50ns_20deci_2m_UTC_20190729_044059.591.tdms,1khz_50ns_20deci_2m_UTC_20190729_044059.591.tdms,1khz_50ns_20deci_2m_UTC_20190729_044059.591,20.0,22.0,243,648,1000.0
1600,pohang__1khz_50ns_20deci_2m_UTC_20190729_044059.591,pohang,pohang,pohang,unlabel,2,/home/ted1204/MS_Detection_Datamaker/MS_datamaker_PH/data/unlabel/1khz_50ns_20deci_2m_UTC_20190729_044059.591.tdms,1khz_50ns_20deci_2m_UTC_20190729_044059.591.tdms,1khz_50ns_20deci_2m_UTC_20190729_044059.591,21.0,23.0,243,648,1000.0
1601,pohang__1khz_50ns_20deci_2m_UTC_20190729_044059.591,pohang,pohang,pohang,unlabel,2,/home/ted1204/MS_Detection_Datamaker/MS_datamaker_PH/data/unlabel/1khz_50ns_20deci_2m_UTC_20190729_044059.591.tdms,1khz_50ns_20deci_2m_UTC_20190729_044059.591.tdms,1khz_50ns_20deci_2m_UTC_20190729_044059.591,22.0,24.0,243,648,1000.0
1602,pohang__1khz_50ns_20deci_2m_UTC_20190729_044059.591,pohang,pohang,pohang,unlabel,2,/home/ted1204/MS_Detection_Datamaker/MS_datamaker_PH/data/unlabel/1khz_50ns_20deci_2m_UTC_20190729_044059.591.tdms,1khz_50ns_20deci_2m_UTC_20190729_044059.591.tdms,1khz_50ns_20deci_2m_UTC_20190729_044059.591,23.0,25.0,243,648,1000.0
1603,pohang__1khz_50ns_20deci_2m_UTC_20190729_044059.591,pohang,pohang,pohang,unlabel,2,/home/ted1204/MS_Detection_Datamaker/MS_datamaker_PH/data/unlabel/1khz_50ns_20deci_2m_UTC_20190729_044059.591.tdms,1khz_50ns_20deci_2m_UTC_20190729_044059.591.tdms,1khz_50ns_20deci_2m_UTC_20190729_044059.591,26.0,28.0,243,648,1000.0
1604,pohang__1khz_50ns_20deci_2m_UTC_20190729_044059.591,pohang,pohang,pohang,unlabel,2,/home/ted1204/MS_Detection_Datamaker/MS_datamaker_PH/data/unlabel/1khz_50ns_20deci_2m_UTC_20190729_044059.591.tdms,1khz_50ns_20deci_2m_UTC_20190729_044059.591.tdms,1khz_50ns_20deci_2m_UTC_20190729_044059.591,28.0,30.0,243,648,1000.0
1605,pohang__1khz_50ns_20deci_2m_UTC_20190729_104029.585,pohang,pohang,pohang,unlabel,2,/home/ted1204/MS_Detection_Datamaker/MS_datamaker_PH/data/unlabel/1khz_50ns_20deci_2m_UTC_20190729_104029.585.tdms,1khz_50ns_20deci_2m_UTC_20190729_104029.585.tdms,1khz_50ns_20deci_2m_UTC_20190729_104029.585,1.0,3.0,243,648,1000.0
1606,pohang__1khz_50ns_20deci_2m_UTC_20190729_104029.585,pohang,pohang,pohang,unlabel,2,/home/ted1204/MS_Detection_Datamaker/MS_datamaker_PH/data/unlabel/1khz_50ns_20deci_2m_UTC_20190729_104029.585.tdms,1khz_50ns_20deci_2m_UTC_20190729_104029.585.tdms,1khz_50ns_20deci_2m_UTC_20190729_104029.585,2.0,4.0,243,648,1000.0
1607,pohang__1khz_50ns_20deci_2m_UTC_20190729_104029.585,pohang,pohang,pohang,unlabel,2,/home/ted1204/MS_Detection_Datamaker/MS_datamaker_PH/data/unlabel/1khz_50ns_20deci_2m_UTC_20190729_104029.585.tdms,1khz_50ns_20deci_2m_UTC_20190729_104029.585.tdms,1khz_50ns_20deci_2m_UTC_20190729_104029.585,3.0,5.0,243,648,1000.0
1608,pohang__1khz_50ns_20deci_2m_UTC_20190729_104029.585,pohang,pohang,pohang,unlabel,2,/home/ted1204/MS_Detection_Datamaker/MS_datamaker_PH/data/unlabel/1khz_50ns_20deci_2m_UTC_20190729_104029.585.tdms,1khz_50ns_20deci_2m_UTC_20190729_104029.585.tdms,1khz_50ns_20deci_2m_UTC_20190729_104029.585,4.0,6.0,243,648,1000.0
1609,pohang__1khz_50ns_20deci_2m_UTC_20190729_104029.585,pohang,pohang,pohang,unlabel,2,/home/ted1204/MS_Detection_Datamaker/MS_datamaker_PH/data/unlabel/1khz_50ns_20deci_2m_UTC_20190729_104029.585.tdms,1khz_50ns_20deci_2m_UTC_20190729_104029.585.tdms,1khz_50ns_20deci_2m_UTC_20190729_104029.585,6.0,8.0,243,648,1000.0
1610,pohang__1khz_50ns_20deci_2m_UTC_20190729_104029.585,pohang,pohang,pohang,unlabel,2,/home/ted1204/MS_Detection_Datamaker/MS_datamaker_PH/data/unlabel/1khz_50ns_20deci_2m_UTC_20190729_104029.585.tdms,1khz_50ns_20deci_2m_UTC_20190729_104029.585.tdms,1khz_50ns_20deci_2m_UTC_20190729_104029.585,9.0,11.0,243,648,1000.0
1611,pohang__1khz_50ns_20deci_2m_UTC_20190729_104029.585,pohang,pohang,pohang,unlabel,2,/home/ted1204/MS_Detection_Datamaker/MS_datamaker_PH/data/unlabel/1khz_50ns_20deci_2m_UTC_20190729_104029.585.tdms,1khz_50ns_20deci_2m_UTC_20190729_104029.585.tdms,1khz_50ns_20deci_2m_UTC_20190729_104029.585,10.0,12.0,243,648,1000.0
1612,pohang__1khz_50ns_20deci_2m_UTC_20190729_104029.585,pohang,pohang,pohang,unlabel,2,/home/ted1204/MS_Detection_Datamaker/MS_datamaker_PH/data/unlabel/1khz_50ns_20deci_2m_UTC_20190729_104029.585.tdms,1khz_50ns_20deci_2m_UTC_20190729_104029.585.tdms,1khz_50ns_20deci_2m_UTC_20190729_104029.585,11.0,13.0,243,648,1000.0
1613,pohang__1khz_50ns_20deci_2m_UTC_20190729_104029.585,pohang,pohang,pohang,unlabel,2,/home/ted1204/MS_Detection_Datamaker/MS_datamaker_PH/data/unlabel/1khz_50ns_20deci_2m_UTC_20190729_104029.585.tdms,1khz_50ns_20deci_2m_UTC_20190729_104029.585.tdms,1khz_50ns_20deci_2m_UTC_20190729_104029.585,16.0,18.0,243,648,1000.0
1614,pohang__1khz_50ns_20deci_2m_UTC_20190729_104029.585,pohang,pohang,pohang,unlabel,2,/home/ted1204/MS_Detection_Datamaker/MS_datamaker_PH/data/unlabel/1khz_50ns_20deci_2m_UTC_20190729_104029.585.tdms,1khz_50ns_20deci_2m_UTC_20190729_104029.585.tdms,1khz_50ns_20deci_2m_UTC_20190729_104029.585,19.0,21.0,243,648,1000.0
1615,pohang__1khz_50ns_20deci_2m_UTC_20190729_104029.585,pohang,pohang,pohang,unlabel,2,/home/ted1204/MS_Detection_Datamaker/MS_datamaker_PH/data/unlabel/1khz_50ns_20deci_2m_UTC_20190729_104029.585.tdms,1khz_50ns_20deci_2m_UTC_20190729_104029.585.tdms,1khz_50ns_20deci_2m_UTC_20190729_104029.585,20.0,22.0,243,648,1000.0
1616,pohang__1khz_50ns_20deci_2m_UTC_20190729_104029.585,pohang,pohang,pohang,unlabel,2,/home/ted1204/MS_Detection_Datamaker/MS_datamaker_PH/data/unlabel/1khz_50ns_20deci_2m_UTC_20190729_104029.585.tdms,1khz_50ns_20deci_2m_UTC_20190729_104029.585.tdms,1khz_50ns_20deci_2m_UTC_20190729_104029.585,22.0,24.0,243,648,1000.0
1617,pohang__1khz_50ns_20deci_2m_UTC_20190729_104029.585,pohang,pohang,pohang,unlabel,2,/home/ted1204/MS_Detection_Datamaker/MS_datamaker_PH/data/unlabel/1khz_50ns_20deci_2m_UTC_20190729_104029.585.tdms,1khz_50ns_20deci_2m_UTC_20190729_104029.585.tdms,1khz_50ns_20deci_2m_UTC_20190729_104029.585,23.0,25.0,243,648,1000.0
1618,pohang__1khz_50ns_20deci_2m_UTC_20190729_104029.585,pohang,pohang,pohang,unlabel,2,/home/ted1204/MS_Detection_Datamaker/MS_datamaker_PH/data/unlabel/1khz_50ns_20deci_2m_UTC_20190729_104029.585.tdms,1khz_50ns_20deci_2m_UTC_20190729_104029.585.tdms,1khz_50ns_20deci_2m_UTC_20190729_104029.585,24.0,26.0,243,648,1000.0
1619,pohang__1khz_50ns_20deci_2m_UTC_20190729_104029.585,pohang,pohang,pohang,unlabel,2,/home/ted1204/MS_Detection_Datamaker/MS_datamaker_PH/data/unlabel/1khz_50ns_20deci_2m_UTC_20190729_104029.585.tdms,1khz_50ns_20deci_2m_UTC_20190729_104029.585.tdms,1khz_50ns_20deci_2m_UTC_20190729_104029.585,27.0,29.0,243,648,1000.0
1620,pohang__1khz_50ns_20deci_2m_UTC_20190730_051359.567,pohang,pohang,pohang,unlabel,2,/home/ted1204/MS_Detection_Datamaker/MS_datamaker_PH/data/unlabel/1khz_50ns_20deci_2m_UTC_20190730_051359.567.tdms,1khz_50ns_20deci_2m_UTC_20190730_051359.567.tdms,1khz_50ns_20deci_2m_UTC_20190730_051359.567,2.0,4.0,243,648,1000.0
1621,pohang__1khz_50ns_20deci_2m_UTC_20190730_051359.567,pohang,pohang,pohang,unlabel,2,/home/ted1204/MS_Detection_Datamaker/MS_datamaker_PH/data/unlabel/1khz_50ns_20deci_2m_UTC_20190730_051359.567.tdms,1khz_50ns_20deci_2m_UTC_20190730_051359.567.tdms,1khz_50ns_20deci_2m_UTC_20190730_051359.567,5.0,7.0,243,648,1000.0
1622,pohang__1khz_50ns_20deci_2m_UTC_20190730_051359.567,pohang,pohang,pohang,unlabel,2,/home/ted1204/MS_Detection_Datamaker/MS_datamaker_PH/data/unlabel/1khz_50ns_20deci_2m_UTC_20190730_051359.567.tdms,1khz_50ns_20deci_2m_UTC_20190730_051359.567.tdms,1khz_50ns_20deci_2m_UTC_20190730_051359.567,6.0,8.0,243,648,1000.0
1623,pohang__1khz_50ns_20deci_2m_UTC_20190730_051359.567,pohang,pohang,pohang,unlabel,2,/home/ted1204/MS_Detection_Datamaker/MS_datamaker_PH/data/unlabel/1khz_50ns_20deci_2m_UTC_20190730_051359.567.tdms,1khz_50ns_20deci_2m_UTC_20190730_051359.567.tdms,1khz_50ns_20deci_2m_UTC_20190730_051359.567,7.0,9.0,243,648,1000.0
1624,pohang__1khz_50ns_20deci_2m_UTC_20190730_051359.567,pohang,pohang,pohang,unlabel,2,/home/ted1204/MS_Detection_Datamaker/MS_datamaker_PH/data/unlabel/1khz_50ns_20deci_2m_UTC_20190730_051359.567.tdms,1khz_50ns_20deci_2m_UTC_20190730_051359.567.tdms,1khz_50ns_20deci_2m_UTC_20190730_051359.567,8.0,10.0,243,648,1000.0
1625,pohang__1khz_50ns_20deci_2m_UTC_20190730_051359.567,pohang,pohang,pohang,unlabel,2,/home/ted1204/MS_Detection_Datamaker/MS_datamaker_PH/data/unlabel/1khz_50ns_20deci_2m_UTC_20190730_051359.567.tdms,1khz_50ns_20deci_2m_UTC_20190730_051359.567.tdms,1khz_50ns_20deci_2m_UTC_20190730_051359.567,12.0,14.0,243,648,1000.0
1626,pohang__1khz_50ns_20deci_2m_UTC_20190730_051359.567,pohang,pohang,pohang,unlabel,2,/home/ted1204/MS_Detection_Datamaker/MS_datamaker_PH/data/unlabel/1khz_50ns_20deci_2m_UTC_20190730_051359.567.tdms,1khz_50ns_20deci_2m_UTC_20190730_051359.567.tdms,1khz_50ns_20deci_2m_UTC_20190730_051359.567,14.0,16.0,243,648,1000.0
1627,pohang__1khz_50ns_20deci_2m_UTC_20190730_051359.567,pohang,pohang,pohang,unlabel,2,/home/ted1204/MS_Detection_Datamaker/MS_datamaker_PH/data/unlabel/1khz_50ns_20deci_2m_UTC_20190730_051359.567.tdms,1khz_50ns_20deci_2m_UTC_20190730_051359.567.tdms,1khz_50ns_20deci_2m_UTC_20190730_051359.567,15.0,17.0,243,648,1000.0
1628,pohang__1khz_50ns_20deci_2m_UTC_20190730_051359.567,pohang,pohang,pohang,unlabel,2,/home/ted1204/MS_Detection_Datamaker/MS_datamaker_PH/data/unlabel/1khz_50ns_20deci_2m_UTC_20190730_051359.567.tdms,1khz_50ns_20deci_2m_UTC_20190730_051359.567.tdms,1khz_50ns_20deci_2m_UTC_20190730_051359.567,16.0,18.0,243,648,1000.0
1629,pohang__1khz_50ns_20deci_2m_UTC_20190730_051359.567,pohang,pohang,pohang,unlabel,2,/home/ted1204/MS_Detection_Datamaker/MS_datamaker_PH/data/unlabel/1khz_50ns_20deci_2m_UTC_20190730_051359.567.tdms,1khz_50ns_20deci_2m_UTC_20190730_051359.567.tdms,1khz_50ns_20deci_2m_UTC_20190730_051359.567,17.0,19.0,243,648,1000.0
1630,pohang__1khz_50ns_20deci_2m_UTC_20190730_051359.567,pohang,pohang,pohang,unlabel,2,/home/ted1204/MS_Detection_Datamaker/MS_datamaker_PH/data/unlabel/1khz_50ns_20deci_2m_UTC_20190730_051359.567.tdms,1khz_50ns_20deci_2m_UTC_20190730_051359.567.tdms,1khz_50ns_20deci_2m_UTC_20190730_051359.567,20.0,22.0,243,648,1000.0
1631,pohang__1khz_50ns_20deci_2m_UTC_20190730_051359.567,pohang,pohang,pohang,unlabel,2,/home/ted1204/MS_Detection_Datamaker/MS_datamaker_PH/data/unlabel/1khz_50ns_20deci_2m_UTC_20190730_051359.567.tdms,1khz_50ns_20deci_2m_UTC_20190730_051359.567.tdms,1khz_50ns_20deci_2m_UTC_20190730_051359.567,21.0,23.0,243,648,1000.0
1632,pohang__1khz_50ns_20deci_2m_UTC_20190730_051359.567,pohang,pohang,pohang,unlabel,2,/home/ted1204/MS_Detection_Datamaker/MS_datamaker_PH/data/unlabel/1khz_50ns_20deci_2m_UTC_20190730_051359.567.tdms,1khz_50ns_20deci_2m_UTC_20190730_051359.567.tdms,1khz_50ns_20deci_2m_UTC_20190730_051359.567,22.0,24.0,243,648,1000.0
1633,pohang__1khz_50ns_20deci_2m_UTC_20190730_051359.567,pohang,pohang,pohang,unlabel,2,/home/ted1204/MS_Detection_Datamaker/MS_datamaker_PH/data/unlabel/1khz_50ns_20deci_2m_UTC_20190730_051359.567.tdms,1khz_50ns_20deci_2m_UTC_20190730_051359.567.tdms,1khz_50ns_20deci_2m_UTC_20190730_051359.567,25.0,27.0,243,648,1000.0
1634,pohang__1khz_50ns_20deci_2m_UTC_20190730_051359.567,pohang,pohang,pohang,unlabel,2,/home/ted1204/MS_Detection_Datamaker/MS_datamaker_PH/data/unlabel/1khz_50ns_20deci_2m_UTC_20190730_051359.567.tdms,1khz_50ns_20deci_2m_UTC_20190730_051359.567.tdms,1khz_50ns_20deci_2m_UTC_20190730_051359.567,28.0,30.0,243,648,1000.0
1635,pohang__1khz_50ns_20deci_2m_UTC_20190731_191929.531,pohang,pohang,pohang,unlabel,2,/home/ted1204/MS_Detection_Datamaker/MS_datamaker_PH/data/unlabel/1khz_50ns_20deci_2m_UTC_20190731_191929.531.tdms,1khz_50ns_20deci_2m_UTC_20190731_191929.531.tdms,1khz_50ns_20deci_2m_UTC_20190731_191929.531,0.0,2.0,243,648,1000.0
1636,pohang__1khz_50ns_20deci_2m_UTC_20190731_191929.531,pohang,pohang,pohang,unlabel,2,/home/ted1204/MS_Detection_Datamaker/MS_datamaker_PH/data/unlabel/1khz_50ns_20deci_2m_UTC_20190731_191929.531.tdms,1khz_50ns_20deci_2m_UTC_20190731_191929.531.tdms,1khz_50ns_20deci_2m_UTC_20190731_191929.531,3.0,5.0,243,648,1000.0
1637,pohang__1khz_50ns_20deci_2m_UTC_20190731_191929.531,pohang,pohang,pohang,unlabel,2,/home/ted1204/MS_Detection_Datamaker/MS_datamaker_PH/data/unlabel/1khz_50ns_20deci_2m_UTC_20190731_191929.531.tdms,1khz_50ns_20deci_2m_UTC_20190731_191929.531.tdms,1khz_50ns_20deci_2m_UTC_20190731_191929.531,5.0,7.0,243,648,1000.0
1638,pohang__1khz_50ns_20deci_2m_UTC_20190731_191929.531,pohang,pohang,pohang,unlabel,2,/home/ted1204/MS_Detection_Datamaker/MS_datamaker_PH/data/unlabel/1khz_50ns_20deci_2m_UTC_20190731_191929.531.tdms,1khz_50ns_20deci_2m_UTC_20190731_191929.531.tdms,1khz_50ns_20deci_2m_UTC_20190731_191929.531,9.0,11.0,243,648,1000.0
1639,pohang__1khz_50ns_20deci_2m_UTC_20190731_191929.531,pohang,pohang,pohang,unlabel,2,/home/ted1204/MS_Detection_Datamaker/MS_datamaker_PH/data/unlabel/1khz_50ns_20deci_2m_UTC_20190731_191929.531.tdms,1khz_50ns_20deci_2m_UTC_20190731_191929.531.tdms,1khz_50ns_20deci_2m_UTC_20190731_191929.531,12.0,14.0,243,648,1000.0
1640,pohang__1khz_50ns_20deci_2m_UTC_20190731_191929.531,pohang,pohang,pohang,unlabel,2,/home/ted1204/MS_Detection_Datamaker/MS_datamaker_PH/data/unlabel/1khz_50ns_20deci_2m_UTC_20190731_191929.531.tdms,1khz_50ns_20deci_2m_UTC_20190731_191929.531.tdms,1khz_50ns_20deci_2m_UTC_20190731_191929.531,17.0,19.0,243,648,1000.0
1641,pohang__1khz_50ns_20deci_2m_UTC_20190731_191929.531,pohang,pohang,pohang,unlabel,2,/home/ted1204/MS_Detection_Datamaker/MS_datamaker_PH/data/unlabel/1khz_50ns_20deci_2m_UTC_20190731_191929.531.tdms,1khz_50ns_20deci_2m_UTC_20190731_191929.531.tdms,1khz_50ns_20deci_2m_UTC_20190731_191929.531,18.0,20.0,243,648,1000.0
1642,pohang__1khz_50ns_20deci_2m_UTC_20190731_191929.531,pohang,pohang,pohang,unlabel,2,/home/ted1204/MS_Detection_Datamaker/MS_datamaker_PH/data/unlabel/1khz_50ns_20deci_2m_UTC_20190731_191929.531.tdms,1khz_50ns_20deci_2m_UTC_20190731_191929.531.tdms,1khz_50ns_20deci_2m_UTC_20190731_191929.531,19.0,21.0,243,648,1000.0
1643,pohang__1khz_50ns_20deci_2m_UTC_20190731_191929.531,pohang,pohang,pohang,unlabel,2,/home/ted1204/MS_Detection_Datamaker/MS_datamaker_PH/data/unlabel/1khz_50ns_20deci_2m_UTC_20190731_191929.531.tdms,1khz_50ns_20deci_2m_UTC_20190731_191929.531.tdms,1khz_50ns_20deci_2m_UTC_20190731_191929.531,20.0,22.0,243,648,1000.0
1644,pohang__1khz_50ns_20deci_2m_UTC_20190731_191929.531,pohang,pohang,pohang,unlabel,2,/home/ted1204/MS_Detection_Datamaker/MS_datamaker_PH/data/unlabel/1khz_50ns_20deci_2m_UTC_20190731_191929.531.tdms,1khz_50ns_20deci_2m_UTC_20190731_191929.531.tdms,1khz_50ns_20deci_2m_UTC_20190731_191929.531,21.0,23.0,243,648,1000.0
1645,pohang__1khz_50ns_20deci_2m_UTC_20190731_191929.531,pohang,pohang,pohang,unlabel,2,/home/ted1204/MS_Detection_Datamaker/MS_datamaker_PH/data/unlabel/1khz_50ns_20deci_2m_UTC_20190731_191929.531.tdms,1khz_50ns_20deci_2m_UTC_20190731_191929.531.tdms,1khz_50ns_20deci_2m_UTC_20190731_191929.531,22.0,24.0,243,648,1000.0
1646,pohang__1khz_50ns_20deci_2m_UTC_20190731_191929.531,pohang,pohang,pohang,unlabel,2,/home/ted1204/MS_Detection_Datamaker/MS_datamaker_PH/data/unlabel/1khz_50ns_20deci_2m_UTC_20190731_191929.531.tdms,1khz_50ns_20deci_2m_UTC_20190731_191929.531.tdms,1khz_50ns_20deci_2m_UTC_20190731_191929.531,23.0,25.0,243,648,1000.0
1647,pohang__1khz_50ns_20deci_2m_UTC_20190731_191929.531,pohang,pohang,pohang,unlabel,2,/home/ted1204/MS_Detection_Datamaker/MS_datamaker_PH/data/unlabel/1khz_50ns_20deci_2m_UTC_20190731_191929.531.tdms,1khz_50ns_20deci_2m_UTC_20190731_191929.531.tdms,1khz_50ns_20deci_2m_UTC_20190731_191929.531,25.0,27.0,243,648,1000.0
1648,pohang__1khz_50ns_20deci_2m_UTC_20190731_191929.531,pohang,pohang,pohang,unlabel,2,/home/ted1204/MS_Detection_Datamaker/MS_datamaker_PH/data/unlabel/1khz_50ns_20deci_2m_UTC_20190731_191929.531.tdms,1khz_50ns_20deci_2m_UTC_20190731_191929.531.tdms,1khz_50ns_20deci_2m_UTC_20190731_191929.531,26.0,28.0,243,648,1000.0
1649,pohang__1khz_50ns_20deci_2m_UTC_20190731_191929.531,pohang,pohang,pohang,unlabel,2,/home/ted1204/MS_Detection_Datamaker/MS_datamaker_PH/data/unlabel/1khz_50ns_20deci_2m_UTC_20190731_191929.531.tdms,1khz_50ns_20deci_2m_UTC_20190731_191929.531.tdms,1khz_50ns_20deci_2m_UTC_20190731_191929.531,27.0,29.0,243,648,1000.0
1650,pohang__1khz_50ns_20deci_2m_UTC_20190802_082329.495,pohang,pohang,pohang,unlabel,2,/home/ted1204/MS_Detection_Datamaker/MS_datamaker_PH/data/unlabel/1khz_50ns_20deci_2m_UTC_20190802_082329.495.tdms,1khz_50ns_20deci_2m_UTC_20190802_082329.495.tdms,1khz_50ns_20deci_2m_UTC_20190802_082329.495,2.0,4.0,243,648,1000.0
1651,pohang__1khz_50ns_20deci_2m_UTC_20190802_082329.495,pohang,pohang,pohang,unlabel,2,/home/ted1204/MS_Detection_Datamaker/MS_datamaker_PH/data/unlabel/1khz_50ns_20deci_2m_UTC_20190802_082329.495.tdms,1khz_50ns_20deci_2m_UTC_20190802_082329.495.tdms,1khz_50ns_20deci_2m_UTC_20190802_082329.495,4.0,6.0,243,648,1000.0
1652,pohang__1khz_50ns_20deci_2m_UTC_20190802_082329.495,pohang,pohang,pohang,unlabel,2,/home/ted1204/MS_Detection_Datamaker/MS_datamaker_PH/data/unlabel/1khz_50ns_20deci_2m_UTC_20190802_082329.495.tdms,1khz_50ns_20deci_2m_UTC_20190802_082329.495.tdms,1khz_50ns_20deci_2m_UTC_20190802_082329.495,10.0,12.0,243,648,1000.0
1653,pohang__1khz_50ns_20deci_2m_UTC_20190802_082329.495,pohang,pohang,pohang,unlabel,2,/home/ted1204/MS_Detection_Datamaker/MS_datamaker_PH/data/unlabel/1khz_50ns_20deci_2m_UTC_20190802_082329.495.tdms,1khz_50ns_20deci_2m_UTC_20190802_082329.495.tdms,1khz_50ns_20deci_2m_UTC_20190802_082329.495,11.0,13.0,243,648,1000.0
1654,pohang__1khz_50ns_20deci_2m_UTC_20190802_082329.495,pohang,pohang,pohang,unlabel,2,/home/ted1204/MS_Detection_Datamaker/MS_datamaker_PH/data/unlabel/1khz_50ns_20deci_2m_UTC_20190802_082329.495.tdms,1khz_50ns_20deci_2m_UTC_20190802_082329.495.tdms,1khz_50ns_20deci_2m_UTC_20190802_082329.495,13.0,15.0,243,648,1000.0
1655,pohang__1khz_50ns_20deci_2m_UTC_20190802_082329.495,pohang,pohang,pohang,unlabel,2,/home/ted1204/MS_Detection_Datamaker/MS_datamaker_PH/data/unlabel/1khz_50ns_20deci_2m_UTC_20190802_082329.495.tdms,1khz_50ns_20deci_2m_UTC_20190802_082329.495.tdms,1khz_50ns_20deci_2m_UTC_20190802_082329.495,15.0,17.0,243,648,1000.0
1656,pohang__1khz_50ns_20deci_2m_UTC_20190802_082329.495,pohang,pohang,pohang,unlabel,2,/home/ted1204/MS_Detection_Datamaker/MS_datamaker_PH/data/unlabel/1khz_50ns_20deci_2m_UTC_20190802_082329.495.tdms,1khz_50ns_20deci_2m_UTC_20190802_082329.495.tdms,1khz_50ns_20deci_2m_UTC_20190802_082329.495,18.0,20.0,243,648,1000.0
1657,pohang__1khz_50ns_20deci_2m_UTC_20190802_082329.495,pohang,pohang,pohang,unlabel,2,/home/ted1204/MS_Detection_Datamaker/MS_datamaker_PH/data/unlabel/1khz_50ns_20deci_2m_UTC_20190802_082329.495.tdms,1khz_50ns_20deci_2m_UTC_20190802_082329.495.tdms,1khz_50ns_20deci_2m_UTC_20190802_082329.495,19.0,21.0,243,648,1000.0
1658,pohang__1khz_50ns_20deci_2m_UTC_20190802_082329.495,pohang,pohang,pohang,unlabel,2,/home/ted1204/MS_Detection_Datamaker/MS_datamaker_PH/data/unlabel/1khz_50ns_20deci_2m_UTC_20190802_082329.495.tdms,1khz_50ns_20deci_2m_UTC_20190802_082329.495.tdms,1khz_50ns_20deci_2m_UTC_20190802_082329.495,20.0,22.0,243,648,1000.0
1659,pohang__1khz_50ns_20deci_2m_UTC_20190802_082329.495,pohang,pohang,pohang,unlabel,2,/home/ted1204/MS_Detection_Datamaker/MS_datamaker_PH/data/unlabel/1khz_50ns_20deci_2m_UTC_20190802_082329.495.tdms,1khz_50ns_20deci_2m_UTC_20190802_082329.495.tdms,1khz_50ns_20deci_2m_UTC_20190802_082329.495,21.0,23.0,243,648,1000.0
1660,pohang__1khz_50ns_20deci_2m_UTC_20190802_082329.495,pohang,pohang,pohang,unlabel,2,/home/ted1204/MS_Detection_Datamaker/MS_datamaker_PH/data/unlabel/1khz_50ns_20deci_2m_UTC_20190802_082329.495.tdms,1khz_50ns_20deci_2m_UTC_20190802_082329.495.tdms,1khz_50ns_20deci_2m_UTC_20190802_082329.495,23.0,25.0,243,648,1000.0
1661,pohang__1khz_50ns_20deci_2m_UTC_20190802_082329.495,pohang,pohang,pohang,unlabel,2,/home/ted1204/MS_Detection_Datamaker/MS_datamaker_PH/data/unlabel/1khz_50ns_20deci_2m_UTC_20190802_082329.495.tdms,1khz_50ns_20deci_2m_UTC_20190802_082329.495.tdms,1khz_50ns_20deci_2m_UTC_20190802_082329.495,24.0,26.0,243,648,1000.0
1662,pohang__1khz_50ns_20deci_2m_UTC_20190802_082329.495,pohang,pohang,pohang,unlabel,2,/home/ted1204/MS_Detection_Datamaker/MS_datamaker_PH/data/unlabel/1khz_50ns_20deci_2m_UTC_20190802_082329.495.tdms,1khz_50ns_20deci_2m_UTC_20190802_082329.495.tdms,1khz_50ns_20deci_2m_UTC_20190802_082329.495,25.0,27.0,243,648,1000.0
1663,pohang__1khz_50ns_20deci_2m_UTC_20190802_082329.495,pohang,pohang,pohang,unlabel,2,/home/ted1204/MS_Detection_Datamaker/MS_datamaker_PH/data/unlabel/1khz_50ns_20deci_2m_UTC_20190802_082329.495.tdms,1khz_50ns_20deci_2m_UTC_20190802_082329.495.tdms,1khz_50ns_20deci_2m_UTC_20190802_082329.495,27.0,29.0,243,648,1000.0
1664,pohang__1khz_50ns_20deci_2m_UTC_20190802_082329.495,pohang,pohang,pohang,unlabel,2,/home/ted1204/MS_Detection_Datamaker/MS_datamaker_PH/data/unlabel/1khz_50ns_20deci_2m_UTC_20190802_082329.495.tdms,1khz_50ns_20deci_2m_UTC_20190802_082329.495.tdms,1khz_50ns_20deci_2m_UTC_20190802_082329.495,28.0,30.0,243,648,1000.0
1665,pohang__1khz_50ns_20deci_2m_UTC_20190802_164959.487,pohang,pohang,pohang,unlabel,2,/home/ted1204/MS_Detection_Datamaker/MS_datamaker_PH/data/unlabel/1khz_50ns_20deci_2m_UTC_20190802_164959.487.tdms,1khz_50ns_20deci_2m_UTC_20190802_164959.487.tdms,1khz_50ns_20deci_2m_UTC_20190802_164959.487,0.0,2.0,243,648,1000.0
1666,pohang__1khz_50ns_20deci_2m_UTC_20190802_164959.487,pohang,pohang,pohang,unlabel,2,/home/ted1204/MS_Detection_Datamaker/MS_datamaker_PH/data/unlabel/1khz_50ns_20deci_2m_UTC_20190802_164959.487.tdms,1khz_50ns_20deci_2m_UTC_20190802_164959.487.tdms,1khz_50ns_20deci_2m_UTC_20190802_164959.487,3.0,5.0,243,648,1000.0
1667,pohang__1khz_50ns_20deci_2m_UTC_20190802_164959.487,pohang,pohang,pohang,unlabel,2,/home/ted1204/MS_Detection_Datamaker/MS_datamaker_PH/data/unlabel/1khz_50ns_20deci_2m_UTC_20190802_164959.487.tdms,1khz_50ns_20deci_2m_UTC_20190802_164959.487.tdms,1khz_50ns_20deci_2m_UTC_20190802_164959.487,6.0,8.0,243,648,1000.0
1668,pohang__1khz_50ns_20deci_2m_UTC_20190802_164959.487,pohang,pohang,pohang,unlabel,2,/home/ted1204/MS_Detection_Datamaker/MS_datamaker_PH/data/unlabel/1khz_50ns_20deci_2m_UTC_20190802_164959.487.tdms,1khz_50ns_20deci_2m_UTC_20190802_164959.487.tdms,1khz_50ns_20deci_2m_UTC_20190802_164959.487,7.0,9.0,243,648,1000.0
1669,pohang__1khz_50ns_20deci_2m_UTC_20190802_164959.487,pohang,pohang,pohang,unlabel,2,/home/ted1204/MS_Detection_Datamaker/MS_datamaker_PH/data/unlabel/1khz_50ns_20deci_2m_UTC_20190802_164959.487.tdms,1khz_50ns_20deci_2m_UTC_20190802_164959.487.tdms,1khz_50ns_20deci_2m_UTC_20190802_164959.487,8.0,10.0,243,648,1000.0
1670,pohang__1khz_50ns_20deci_2m_UTC_20190802_164959.487,pohang,pohang,pohang,unlabel,2,/home/ted1204/MS_Detection_Datamaker/MS_datamaker_PH/data/unlabel/1khz_50ns_20deci_2m_UTC_20190802_164959.487.tdms,1khz_50ns_20deci_2m_UTC_20190802_164959.487.tdms,1khz_50ns_20deci_2m_UTC_20190802_164959.487,10.0,12.0,243,648,1000.0
1671,pohang__1khz_50ns_20deci_2m_UTC_20190802_164959.487,pohang,pohang,pohang,unlabel,2,/home/ted1204/MS_Detection_Datamaker/MS_datamaker_PH/data/unlabel/1khz_50ns_20deci_2m_UTC_20190802_164959.487.tdms,1khz_50ns_20deci_2m_UTC_20190802_164959.487.tdms,1khz_50ns_20deci_2m_UTC_20190802_164959.487,12.0,14.0,243,648,1000.0
1672,pohang__1khz_50ns_20deci_2m_UTC_20190802_164959.487,pohang,pohang,pohang,unlabel,2,/home/ted1204/MS_Detection_Datamaker/MS_datamaker_PH/data/unlabel/1khz_50ns_20deci_2m_UTC_20190802_164959.487.tdms,1khz_50ns_20deci_2m_UTC_20190802_164959.487.tdms,1khz_50ns_20deci_2m_UTC_20190802_164959.487,13.0,15.0,243,648,1000.0
1673,pohang__1khz_50ns_20deci_2m_UTC_20190802_164959.487,pohang,pohang,pohang,unlabel,2,/home/ted1204/MS_Detection_Datamaker/MS_datamaker_PH/data/unlabel/1khz_50ns_20deci_2m_UTC_20190802_164959.487.tdms,1khz_50ns_20deci_2m_UTC_20190802_164959.487.tdms,1khz_50ns_20deci_2m_UTC_20190802_164959.487,14.0,16.0,243,648,1000.0
1674,pohang__1khz_50ns_20deci_2m_UTC_20190802_164959.487,pohang,pohang,pohang,unlabel,2,/home/ted1204/MS_Detection_Datamaker/MS_datamaker_PH/data/unlabel/1khz_50ns_20deci_2m_UTC_20190802_164959.487.tdms,1khz_50ns_20deci_2m_UTC_20190802_164959.487.tdms,1khz_50ns_20deci_2m_UTC_20190802_164959.487,16.0,18.0,243,648,1000.0
1675,pohang__1khz_50ns_20deci_2m_UTC_20190802_164959.487,pohang,pohang,pohang,unlabel,2,/home/ted1204/MS_Detection_Datamaker/MS_datamaker_PH/data/unlabel/1khz_50ns_20deci_2m_UTC_20190802_164959.487.tdms,1khz_50ns_20deci_2m_UTC_20190802_164959.487.tdms,1khz_50ns_20deci_2m_UTC_20190802_164959.487,18.0,20.0,243,648,1000.0
1676,pohang__1khz_50ns_20deci_2m_UTC_20190802_164959.487,pohang,pohang,pohang,unlabel,2,/home/ted1204/MS_Detection_Datamaker/MS_datamaker_PH/data/unlabel/1khz_50ns_20deci_2m_UTC_20190802_164959.487.tdms,1khz_50ns_20deci_2m_UTC_20190802_164959.487.tdms,1khz_50ns_20deci_2m_UTC_20190802_164959.487,21.0,23.0,243,648,1000.0
1677,pohang__1khz_50ns_20deci_2m_UTC_20190802_164959.487,pohang,pohang,pohang,unlabel,2,/home/ted1204/MS_Detection_Datamaker/MS_datamaker_PH/data/unlabel/1khz_50ns_20deci_2m_UTC_20190802_164959.487.tdms,1khz_50ns_20deci_2m_UTC_20190802_164959.487.tdms,1khz_50ns_20deci_2m_UTC_20190802_164959.487,24.0,26.0,243,648,1000.0
1678,pohang__1khz_50ns_20deci_2m_UTC_20190802_164959.487,pohang,pohang,pohang,unlabel,2,/home/ted1204/MS_Detection_Datamaker/MS_datamaker_PH/data/unlabel/1khz_50ns_20deci_2m_UTC_20190802_164959.487.tdms,1khz_50ns_20deci_2m_UTC_20190802_164959.487.tdms,1khz_50ns_20deci_2m_UTC_20190802_164959.487,25.0,27.0,243,648,1000.0
1679,pohang__1khz_50ns_20deci_2m_UTC_20190802_164959.487,pohang,pohang,pohang,unlabel,2,/home/ted1204/MS_Detection_Datamaker/MS_datamaker_PH/data/unlabel/1khz_50ns_20deci_2m_UTC_20190802_164959.487.tdms,1khz_50ns_20deci_2m_UTC_20190802_164959.487.tdms,1khz_50ns_20deci_2m_UTC_20190802_164959.487,26.0,28.0,243,648,1000.0
1680,pohang__1khz_50ns_20deci_2m_UTC_20190803_010659.479,pohang,pohang,pohang,unlabel,2,/home/ted1204/MS_Detection_Datamaker/MS_datamaker_PH/data/unlabel/1khz_50ns_20deci_2m_UTC_20190803_010659.479.tdms,1khz_50ns_20deci_2m_UTC_20190803_010659.479.tdms,1khz_50ns_20deci_2m_UTC_20190803_010659.479,2.0,4.0,243,648,1000.0
1681,pohang__1khz_50ns_20deci_2m_UTC_20190803_010659.479,pohang,pohang,pohang,unlabel,2,/home/ted1204/MS_Detection_Datamaker/MS_datamaker_PH/data/unlabel/1khz_50ns_20deci_2m_UTC_20190803_010659.479.tdms,1khz_50ns_20deci_2m_UTC_20190803_010659.479.tdms,1khz_50ns_20deci_2m_UTC_20190803_010659.479,3.0,5.0,243,648,1000.0
1682,pohang__1khz_50ns_20deci_2m_UTC_20190803_010659.479,pohang,pohang,pohang,unlabel,2,/home/ted1204/MS_Detection_Datamaker/MS_datamaker_PH/data/unlabel/1khz_50ns_20deci_2m_UTC_20190803_010659.479.tdms,1khz_50ns_20deci_2m_UTC_20190803_010659.479.tdms,1khz_50ns_20deci_2m_UTC_20190803_010659.479,4.0,6.0,243,648,1000.0
1683,pohang__1khz_50ns_20deci_2m_UTC_20190803_010659.479,pohang,pohang,pohang,unlabel,2,/home/ted1204/MS_Detection_Datamaker/MS_datamaker_PH/data/unlabel/1khz_50ns_20deci_2m_UTC_20190803_010659.479.tdms,1khz_50ns_20deci_2m_UTC_20190803_010659.479.tdms,1khz_50ns_20deci_2m_UTC_20190803_010659.479,5.0,7.0,243,648,1000.0
1684,pohang__1khz_50ns_20deci_2m_UTC_20190803_010659.479,pohang,pohang,pohang,unlabel,2,/home/ted1204/MS_Detection_Datamaker/MS_datamaker_PH/data/unlabel/1khz_50ns_20deci_2m_UTC_20190803_010659.479.tdms,1khz_50ns_20deci_2m_UTC_20190803_010659.479.tdms,1khz_50ns_20deci_2m_UTC_20190803_010659.479,6.0,8.0,243,648,1000.0
1685,pohang__1khz_50ns_20deci_2m_UTC_20190803_010659.479,pohang,pohang,pohang,unlabel,2,/home/ted1204/MS_Detection_Datamaker/MS_datamaker_PH/data/unlabel/1khz_50ns_20deci_2m_UTC_20190803_010659.479.tdms,1khz_50ns_20deci_2m_UTC_20190803_010659.479.tdms,1khz_50ns_20deci_2m_UTC_20190803_010659.479,7.0,9.0,243,648,1000.0
1686,pohang__1khz_50ns_20deci_2m_UTC_20190803_010659.479,pohang,pohang,pohang,unlabel,2,/home/ted1204/MS_Detection_Datamaker/MS_datamaker_PH/data/unlabel/1khz_50ns_20deci_2m_UTC_20190803_010659.479.tdms,1khz_50ns_20deci_2m_UTC_20190803_010659.479.tdms,1khz_50ns_20deci_2m_UTC_20190803_010659.479,10.0,12.0,243,648,1000.0
1687,pohang__1khz_50ns_20deci_2m_UTC_20190803_010659.479,pohang,pohang,pohang,unlabel,2,/home/ted1204/MS_Detection_Datamaker/MS_datamaker_PH/data/unlabel/1khz_50ns_20deci_2m_UTC_20190803_010659.479.tdms,1khz_50ns_20deci_2m_UTC_20190803_010659.479.tdms,1khz_50ns_20deci_2m_UTC_20190803_010659.479,11.0,13.0,243,648,1000.0
1688,pohang__1khz_50ns_20deci_2m_UTC_20190803_010659.479,pohang,pohang,pohang,unlabel,2,/home/ted1204/MS_Detection_Datamaker/MS_datamaker_PH/data/unlabel/1khz_50ns_20deci_2m_UTC_20190803_010659.479.tdms,1khz_50ns_20deci_2m_UTC_20190803_010659.479.tdms,1khz_50ns_20deci_2m_UTC_20190803_010659.479,16.0,18.0,243,648,1000.0
1689,pohang__1khz_50ns_20deci_2m_UTC_20190803_010659.479,pohang,pohang,pohang,unlabel,2,/home/ted1204/MS_Detection_Datamaker/MS_datamaker_PH/data/unlabel/1khz_50ns_20deci_2m_UTC_20190803_010659.479.tdms,1khz_50ns_20deci_2m_UTC_20190803_010659.479.tdms,1khz_50ns_20deci_2m_UTC_20190803_010659.479,19.0,21.0,243,648,1000.0
1690,pohang__1khz_50ns_20deci_2m_UTC_20190803_010659.479,pohang,pohang,pohang,unlabel,2,/home/ted1204/MS_Detection_Datamaker/MS_datamaker_PH/data/unlabel/1khz_50ns_20deci_2m_UTC_20190803_010659.479.tdms,1khz_50ns_20deci_2m_UTC_20190803_010659.479.tdms,1khz_50ns_20deci_2m_UTC_20190803_010659.479,20.0,22.0,243,648,1000.0
1691,pohang__1khz_50ns_20deci_2m_UTC_20190803_010659.479,pohang,pohang,pohang,unlabel,2,/home/ted1204/MS_Detection_Datamaker/MS_datamaker_PH/data/unlabel/1khz_50ns_20deci_2m_UTC_20190803_010659.479.tdms,1khz_50ns_20deci_2m_UTC_20190803_010659.479.tdms,1khz_50ns_20deci_2m_UTC_20190803_010659.479,22.0,24.0,243,648,1000.0
1692,pohang__1khz_50ns_20deci_2m_UTC_20190803_010659.479,pohang,pohang,pohang,unlabel,2,/home/ted1204/MS_Detection_Datamaker/MS_datamaker_PH/data/unlabel/1khz_50ns_20deci_2m_UTC_20190803_010659.479.tdms,1khz_50ns_20deci_2m_UTC_20190803_010659.479.tdms,1khz_50ns_20deci_2m_UTC_20190803_010659.479,23.0,25.0,243,648,1000.0
1693,pohang__1khz_50ns_20deci_2m_UTC_20190803_010659.479,pohang,pohang,pohang,unlabel,2,/home/ted1204/MS_Detection_Datamaker/MS_datamaker_PH/data/unlabel/1khz_50ns_20deci_2m_UTC_20190803_010659.479.tdms,1khz_50ns_20deci_2m_UTC_20190803_010659.479.tdms,1khz_50ns_20deci_2m_UTC_20190803_010659.479,25.0,27.0,243,648,1000.0
1694,pohang__1khz_50ns_20deci_2m_UTC_20190803_010659.479,pohang,pohang,pohang,unlabel,2,/home/ted1204/MS_Detection_Datamaker/MS_datamaker_PH/data/unlabel/1khz_50ns_20deci_2m_UTC_20190803_010659.479.tdms,1khz_50ns_20deci_2m_UTC_20190803_010659.479.tdms,1khz_50ns_20deci_2m_UTC_20190803_010659.479,27.0,29.0,243,648,1000.0
1695,pohang__1khz_50ns_20deci_2m_UTC_20190803_140529.466,pohang,pohang,pohang,unlabel,2,/home/ted1204/MS_Detection_Datamaker/MS_datamaker_PH/data/unlabel/1khz_50ns_20deci_2m_UTC_20190803_140529.466.tdms,1khz_50ns_20deci_2m_UTC_20190803_140529.466.tdms,1khz_50ns_20deci_2m_UTC_20190803_140529.466,1.0,3.0,243,648,1000.0
1696,pohang__1khz_50ns_20deci_2m_UTC_20190803_140529.466,pohang,pohang,pohang,unlabel,2,/home/ted1204/MS_Detection_Datamaker/MS_datamaker_PH/data/unlabel/1khz_50ns_20deci_2m_UTC_20190803_140529.466.tdms,1khz_50ns_20deci_2m_UTC_20190803_140529.466.tdms,1khz_50ns_20deci_2m_UTC_20190803_140529.466,3.0,5.0,243,648,1000.0
1697,pohang__1khz_50ns_20deci_2m_UTC_20190803_140529.466,pohang,pohang,pohang,unlabel,2,/home/ted1204/MS_Detection_Datamaker/MS_datamaker_PH/data/unlabel/1khz_50ns_20deci_2m_UTC_20190803_140529.466.tdms,1khz_50ns_20deci_2m_UTC_20190803_140529.466.tdms,1khz_50ns_20deci_2m_UTC_20190803_140529.466,5.0,7.0,243,648,1000.0
1698,pohang__1khz_50ns_20deci_2m_UTC_20190803_140529.466,pohang,pohang,pohang,unlabel,2,/home/ted1204/MS_Detection_Datamaker/MS_datamaker_PH/data/unlabel/1khz_50ns_20deci_2m_UTC_20190803_140529.466.tdms,1khz_50ns_20deci_2m_UTC_20190803_140529.466.tdms,1khz_50ns_20deci_2m_UTC_20190803_140529.466,6.0,8.0,243,648,1000.0
1699,pohang__1khz_50ns_20deci_2m_UTC_20190803_140529.466,pohang,pohang,pohang,unlabel,2,/home/ted1204/MS_Detection_Datamaker/MS_datamaker_PH/data/unlabel/1khz_50ns_20deci_2m_UTC_20190803_140529.466.tdms,1khz_50ns_20deci_2m_UTC_20190803_140529.466.tdms,1khz_50ns_20deci_2m_UTC_20190803_140529.466,7.0,9.0,243,648,1000.0
1700,pohang__1khz_50ns_20deci_2m_UTC_20190803_140529.466,pohang,pohang,pohang,unlabel,2,/home/ted1204/MS_Detection_Datamaker/MS_datamaker_PH/data/unlabel/1khz_50ns_20deci_2m_UTC_20190803_140529.466.tdms,1khz_50ns_20deci_2m_UTC_20190803_140529.466.tdms,1khz_50ns_20deci_2m_UTC_20190803_140529.466,8.0,10.0,243,648,1000.0
1701,pohang__1khz_50ns_20deci_2m_UTC_20190803_140529.466,pohang,pohang,pohang,unlabel,2,/home/ted1204/MS_Detection_Datamaker/MS_datamaker_PH/data/unlabel/1khz_50ns_20deci_2m_UTC_20190803_140529.466.tdms,1khz_50ns_20deci_2m_UTC_20190803_140529.466.tdms,1khz_50ns_20deci_2m_UTC_20190803_140529.466,9.0,11.0,243,648,1000.0
1702,pohang__1khz_50ns_20deci_2m_UTC_20190803_140529.466,pohang,pohang,pohang,unlabel,2,/home/ted1204/MS_Detection_Datamaker/MS_datamaker_PH/data/unlabel/1khz_50ns_20deci_2m_UTC_20190803_140529.466.tdms,1khz_50ns_20deci_2m_UTC_20190803_140529.466.tdms,1khz_50ns_20deci_2m_UTC_20190803_140529.466,10.0,12.0,243,648,1000.0
1703,pohang__1khz_50ns_20deci_2m_UTC_20190803_140529.466,pohang,pohang,pohang,unlabel,2,/home/ted1204/MS_Detection_Datamaker/MS_datamaker_PH/data/unlabel/1khz_50ns_20deci_2m_UTC_20190803_140529.466.tdms,1khz_50ns_20deci_2m_UTC_20190803_140529.466.tdms,1khz_50ns_20deci_2m_UTC_20190803_140529.466,11.0,13.0,243,648,1000.0
1704,pohang__1khz_50ns_20deci_2m_UTC_20190803_140529.466,pohang,pohang,pohang,unlabel,2,/home/ted1204/MS_Detection_Datamaker/MS_datamaker_PH/data/unlabel/1khz_50ns_20deci_2m_UTC_20190803_140529.466.tdms,1khz_50ns_20deci_2m_UTC_20190803_140529.466.tdms,1khz_50ns_20deci_2m_UTC_20190803_140529.466,12.0,14.0,243,648,1000.0
1705,pohang__1khz_50ns_20deci_2m_UTC_20190803_140529.466,pohang,pohang,pohang,unlabel,2,/home/ted1204/MS_Detection_Datamaker/MS_datamaker_PH/data/unlabel/1khz_50ns_20deci_2m_UTC_20190803_140529.466.tdms,1khz_50ns_20deci_2m_UTC_20190803_140529.466.tdms,1khz_50ns_20deci_2m_UTC_20190803_140529.466,13.0,15.0,243,648,1000.0
1706,pohang__1khz_50ns_20deci_2m_UTC_20190803_140529.466,pohang,pohang,pohang,unlabel,2,/home/ted1204/MS_Detection_Datamaker/MS_datamaker_PH/data/unlabel/1khz_50ns_20deci_2m_UTC_20190803_140529.466.tdms,1khz_50ns_20deci_2m_UTC_20190803_140529.466.tdms,1khz_50ns_20deci_2m_UTC_20190803_140529.466,15.0,17.0,243,648,1000.0
1707,pohang__1khz_50ns_20deci_2m_UTC_20190803_140529.466,pohang,pohang,pohang,unlabel,2,/home/ted1204/MS_Detection_Datamaker/MS_datamaker_PH/data/unlabel/1khz_50ns_20deci_2m_UTC_20190803_140529.466.tdms,1khz_50ns_20deci_2m_UTC_20190803_140529.466.tdms,1khz_50ns_20deci_2m_UTC_20190803_140529.466,21.0,23.0,243,648,1000.0
1708,pohang__1khz_50ns_20deci_2m_UTC_20190803_140529.466,pohang,pohang,pohang,unlabel,2,/home/ted1204/MS_Detection_Datamaker/MS_datamaker_PH/data/unlabel/1khz_50ns_20deci_2m_UTC_20190803_140529.466.tdms,1khz_50ns_20deci_2m_UTC_20190803_140529.466.tdms,1khz_50ns_20deci_2m_UTC_20190803_140529.466,22.0,24.0,243,648,1000.0
1709,pohang__1khz_50ns_20deci_2m_UTC_20190803_140529.466,pohang,pohang,pohang,unlabel,2,/home/ted1204/MS_Detection_Datamaker/MS_datamaker_PH/data/unlabel/1khz_50ns_20deci_2m_UTC_20190803_140529.466.tdms,1khz_50ns_20deci_2m_UTC_20190803_140529.466.tdms,1khz_50ns_20deci_2m_UTC_20190803_140529.466,25.0,27.0,243,648,1000.0
1710,pohang__1khz_50ns_20deci_2m_UTC_20190806_040159.406,pohang,pohang,pohang,unlabel,2,/home/ted1204/MS_Detection_Datamaker/MS_datamaker_PH/data/unlabel/1khz_50ns_20deci_2m_UTC_20190806_040159.406.tdms,1khz_50ns_20deci_2m_UTC_20190806_040159.406.tdms,1khz_50ns_20deci_2m_UTC_20190806_040159.406,0.0,2.0,243,648,1000.0
1711,pohang__1khz_50ns_20deci_2m_UTC_20190806_040159.406,pohang,pohang,pohang,unlabel,2,/home/ted1204/MS_Detection_Datamaker/MS_datamaker_PH/data/unlabel/1khz_50ns_20deci_2m_UTC_20190806_040159.406.tdms,1khz_50ns_20deci_2m_UTC_20190806_040159.406.tdms,1khz_50ns_20deci_2m_UTC_20190806_040159.406,1.0,3.0,243,648,1000.0
1712,pohang__1khz_50ns_20deci_2m_UTC_20190806_040159.406,pohang,pohang,pohang,unlabel,2,/home/ted1204/MS_Detection_Datamaker/MS_datamaker_PH/data/unlabel/1khz_50ns_20deci_2m_UTC_20190806_040159.406.tdms,1khz_50ns_20deci_2m_UTC_20190806_040159.406.tdms,1khz_50ns_20deci_2m_UTC_20190806_040159.406,2.0,4.0,243,648,1000.0
1713,pohang__1khz_50ns_20deci_2m_UTC_20190806_040159.406,pohang,pohang,pohang,unlabel,2,/home/ted1204/MS_Detection_Datamaker/MS_datamaker_PH/data/unlabel/1khz_50ns_20deci_2m_UTC_20190806_040159.406.tdms,1khz_50ns_20deci_2m_UTC_20190806_040159.406.tdms,1khz_50ns_20deci_2m_UTC_20190806_040159.406,3.0,5.0,243,648,1000.0
1714,pohang__1khz_50ns_20deci_2m_UTC_20190806_040159.406,pohang,pohang,pohang,unlabel,2,/home/ted1204/MS_Detection_Datamaker/MS_datamaker_PH/data/unlabel/1khz_50ns_20deci_2m_UTC_20190806_040159.406.tdms,1khz_50ns_20deci_2m_UTC_20190806_040159.406.tdms,1khz_50ns_20deci_2m_UTC_20190806_040159.406,4.0,6.0,243,648,1000.0
1715,pohang__1khz_50ns_20deci_2m_UTC_20190806_040159.406,pohang,pohang,pohang,unlabel,2,/home/ted1204/MS_Detection_Datamaker/MS_datamaker_PH/data/unlabel/1khz_50ns_20deci_2m_UTC_20190806_040159.406.tdms,1khz_50ns_20deci_2m_UTC_20190806_040159.406.tdms,1khz_50ns_20deci_2m_UTC_20190806_040159.406,6.0,8.0,243,648,1000.0
1716,pohang__1khz_50ns_20deci_2m_UTC_20190806_040159.406,pohang,pohang,pohang,unlabel,2,/home/ted1204/MS_Detection_Datamaker/MS_datamaker_PH/data/unlabel/1khz_50ns_20deci_2m_UTC_20190806_040159.406.tdms,1khz_50ns_20deci_2m_UTC_20190806_040159.406.tdms,1khz_50ns_20deci_2m_UTC_20190806_040159.406,7.0,9.0,243,648,1000.0
1717,pohang__1khz_50ns_20deci_2m_UTC_20190806_040159.406,pohang,pohang,pohang,unlabel,2,/home/ted1204/MS_Detection_Datamaker/MS_datamaker_PH/data/unlabel/1khz_50ns_20deci_2m_UTC_20190806_040159.406.tdms,1khz_50ns_20deci_2m_UTC_20190806_040159.406.tdms,1khz_50ns_20deci_2m_UTC_20190806_040159.406,9.0,11.0,243,648,1000.0
1718,pohang__1khz_50ns_20deci_2m_UTC_20190806_040159.406,pohang,pohang,pohang,unlabel,2,/home/ted1204/MS_Detection_Datamaker/MS_datamaker_PH/data/unlabel/1khz_50ns_20deci_2m_UTC_20190806_040159.406.tdms,1khz_50ns_20deci_2m_UTC_20190806_040159.406.tdms,1khz_50ns_20deci_2m_UTC_20190806_040159.406,11.0,13.0,243,648,1000.0
1719,pohang__1khz_50ns_20deci_2m_UTC_20190806_040159.406,pohang,pohang,pohang,unlabel,2,/home/ted1204/MS_Detection_Datamaker/MS_datamaker_PH/data/unlabel/1khz_50ns_20deci_2m_UTC_20190806_040159.406.tdms,1khz_50ns_20deci_2m_UTC_20190806_040159.406.tdms,1khz_50ns_20deci_2m_UTC_20190806_040159.406,12.0,14.0,243,648,1000.0
1720,pohang__1khz_50ns_20deci_2m_UTC_20190806_040159.406,pohang,pohang,pohang,unlabel,2,/home/ted1204/MS_Detection_Datamaker/MS_datamaker_PH/data/unlabel/1khz_50ns_20deci_2m_UTC_20190806_040159.406.tdms,1khz_50ns_20deci_2m_UTC_20190806_040159.406.tdms,1khz_50ns_20deci_2m_UTC_20190806_040159.406,13.0,15.0,243,648,1000.0
1721,pohang__1khz_50ns_20deci_2m_UTC_20190806_040159.406,pohang,pohang,pohang,unlabel,2,/home/ted1204/MS_Detection_Datamaker/MS_datamaker_PH/data/unlabel/1khz_50ns_20deci_2m_UTC_20190806_040159.406.tdms,1khz_50ns_20deci_2m_UTC_20190806_040159.406.tdms,1khz_50ns_20deci_2m_UTC_20190806_040159.406,14.0,16.0,243,648,1000.0
1722,pohang__1khz_50ns_20deci_2m_UTC_20190806_040159.406,pohang,pohang,pohang,unlabel,2,/home/ted1204/MS_Detection_Datamaker/MS_datamaker_PH/data/unlabel/1khz_50ns_20deci_2m_UTC_20190806_040159.406.tdms,1khz_50ns_20deci_2m_UTC_20190806_040159.406.tdms,1khz_50ns_20deci_2m_UTC_20190806_040159.406,20.0,22.0,243,648,1000.0
1723,pohang__1khz_50ns_20deci_2m_UTC_20190806_040159.406,pohang,pohang,pohang,unlabel,2,/home/ted1204/MS_Detection_Datamaker/MS_datamaker_PH/data/unlabel/1khz_50ns_20deci_2m_UTC_20190806_040159.406.tdms,1khz_50ns_20deci_2m_UTC_20190806_040159.406.tdms,1khz_50ns_20deci_2m_UTC_20190806_040159.406,21.0,23.0,243,648,1000.0
1724,pohang__1khz_50ns_20deci_2m_UTC_20190806_040159.406,pohang,pohang,pohang,unlabel,2,/home/ted1204/MS_Detection_Datamaker/MS_datamaker_PH/data/unlabel/1khz_50ns_20deci_2m_UTC_20190806_040159.406.tdms,1khz_50ns_20deci_2m_UTC_20190806_040159.406.tdms,1khz_50ns_20deci_2m_UTC_20190806_040159.406,28.0,30.0,243,648,1000.0
1725,pohang__1khz_50ns_20deci_2m_UTC_20190815_014030.000,pohang,pohang,pohang,unlabel,2,/home/ted1204/MS_Detection_Datamaker/MS_datamaker_PH/data/unlabel/1khz_50ns_20deci_2m_UTC_20190815_014030.000.tdms,1khz_50ns_20deci_2m_UTC_20190815_014030.000.tdms,1khz_50ns_20deci_2m_UTC_20190815_014030.000,0.0,2.0,243,648,1000.0
1726,pohang__1khz_50ns_20deci_2m_UTC_20190815_014030.000,pohang,pohang,pohang,unlabel,2,/home/ted1204/MS_Detection_Datamaker/MS_datamaker_PH/data/unlabel/1khz_50ns_20deci_2m_UTC_20190815_014030.000.tdms,1khz_50ns_20deci_2m_UTC_20190815_014030.000.tdms,1khz_50ns_20deci_2m_UTC_20190815_014030.000,1.0,3.0,243,648,1000.0
1727,pohang__1khz_50ns_20deci_2m_UTC_20190815_014030.000,pohang,pohang,pohang,unlabel,2,/home/ted1204/MS_Detection_Datamaker/MS_datamaker_PH/data/unlabel/1khz_50ns_20deci_2m_UTC_20190815_014030.000.tdms,1khz_50ns_20deci_2m_UTC_20190815_014030.000.tdms,1khz_50ns_20deci_2m_UTC_20190815_014030.000,3.0,5.0,243,648,1000.0
1728,pohang__1khz_50ns_20deci_2m_UTC_20190815_014030.000,pohang,pohang,pohang,unlabel,2,/home/ted1204/MS_Detection_Datamaker/MS_datamaker_PH/data/unlabel/1khz_50ns_20deci_2m_UTC_20190815_014030.000.tdms,1khz_50ns_20deci_2m_UTC_20190815_014030.000.tdms,1khz_50ns_20deci_2m_UTC_20190815_014030.000,4.0,6.0,243,648,1000.0
1729,pohang__1khz_50ns_20deci_2m_UTC_20190815_014030.000,pohang,pohang,pohang,unlabel,2,/home/ted1204/MS_Detection_Datamaker/MS_datamaker_PH/data/unlabel/1khz_50ns_20deci_2m_UTC_20190815_014030.000.tdms,1khz_50ns_20deci_2m_UTC_20190815_014030.000.tdms,1khz_50ns_20deci_2m_UTC_20190815_014030.000,6.0,8.0,243,648,1000.0
1730,pohang__1khz_50ns_20deci_2m_UTC_20190815_014030.000,pohang,pohang,pohang,unlabel,2,/home/ted1204/MS_Detection_Datamaker/MS_datamaker_PH/data/unlabel/1khz_50ns_20deci_2m_UTC_20190815_014030.000.tdms,1khz_50ns_20deci_2m_UTC_20190815_014030.000.tdms,1khz_50ns_20deci_2m_UTC_20190815_014030.000,9.0,11.0,243,648,1000.0
1731,pohang__1khz_50ns_20deci_2m_UTC_20190815_014030.000,pohang,pohang,pohang,unlabel,2,/home/ted1204/MS_Detection_Datamaker/MS_datamaker_PH/data/unlabel/1khz_50ns_20deci_2m_UTC_20190815_014030.000.tdms,1khz_50ns_20deci_2m_UTC_20190815_014030.000.tdms,1khz_50ns_20deci_2m_UTC_20190815_014030.000,11.0,13.0,243,648,1000.0
1732,pohang__1khz_50ns_20deci_2m_UTC_20190815_014030.000,pohang,pohang,pohang,unlabel,2,/home/ted1204/MS_Detection_Datamaker/MS_datamaker_PH/data/unlabel/1khz_50ns_20deci_2m_UTC_20190815_014030.000.tdms,1khz_50ns_20deci_2m_UTC_20190815_014030.000.tdms,1khz_50ns_20deci_2m_UTC_20190815_014030.000,13.0,15.0,243,648,1000.0
1733,pohang__1khz_50ns_20deci_2m_UTC_20190815_014030.000,pohang,pohang,pohang,unlabel,2,/home/ted1204/MS_Detection_Datamaker/MS_datamaker_PH/data/unlabel/1khz_50ns_20deci_2m_UTC_20190815_014030.000.tdms,1khz_50ns_20deci_2m_UTC_20190815_014030.000.tdms,1khz_50ns_20deci_2m_UTC_20190815_014030.000,15.0,17.0,243,648,1000.0
1734,pohang__1khz_50ns_20deci_2m_UTC_20190815_014030.000,pohang,pohang,pohang,unlabel,2,/home/ted1204/MS_Detection_Datamaker/MS_datamaker_PH/data/unlabel/1khz_50ns_20deci_2m_UTC_20190815_014030.000.tdms,1khz_50ns_20deci_2m_UTC_20190815_014030.000.tdms,1khz_50ns_20deci_2m_UTC_20190815_014030.000,16.0,18.0,243,648,1000.0
1735,pohang__1khz_50ns_20deci_2m_UTC_20190815_014030.000,pohang,pohang,pohang,unlabel,2,/home/ted1204/MS_Detection_Datamaker/MS_datamaker_PH/data/unlabel/1khz_50ns_20deci_2m_UTC_20190815_014030.000.tdms,1khz_50ns_20deci_2m_UTC_20190815_014030.000.tdms,1khz_50ns_20deci_2m_UTC_20190815_014030.000,20.0,22.0,243,648,1000.0
1736,pohang__1khz_50ns_20deci_2m_UTC_20190815_014030.000,pohang,pohang,pohang,unlabel,2,/home/ted1204/MS_Detection_Datamaker/MS_datamaker_PH/data/unlabel/1khz_50ns_20deci_2m_UTC_20190815_014030.000.tdms,1khz_50ns_20deci_2m_UTC_20190815_014030.000.tdms,1khz_50ns_20deci_2m_UTC_20190815_014030.000,21.0,23.0,243,648,1000.0
1737,pohang__1khz_50ns_20deci_2m_UTC_20190815_014030.000,pohang,pohang,pohang,unlabel,2,/home/ted1204/MS_Detection_Datamaker/MS_datamaker_PH/data/unlabel/1khz_50ns_20deci_2m_UTC_20190815_014030.000.tdms,1khz_50ns_20deci_2m_UTC_20190815_014030.000.tdms,1khz_50ns_20deci_2m_UTC_20190815_014030.000,22.0,24.0,243,648,1000.0
1738,pohang__1khz_50ns_20deci_2m_UTC_20190815_014030.000,pohang,pohang,pohang,unlabel,2,/home/ted1204/MS_Detection_Datamaker/MS_datamaker_PH/data/unlabel/1khz_50ns_20deci_2m_UTC_20190815_014030.000.tdms,1khz_50ns_20deci_2m_UTC_20190815_014030.000.tdms,1khz_50ns_20deci_2m_UTC_20190815_014030.000,23.0,25.0,243,648,1000.0
1739,pohang__1khz_50ns_20deci_2m_UTC_20190815_014030.000,pohang,pohang,pohang,unlabel,2,/home/ted1204/MS_Detection_Datamaker/MS_datamaker_PH/data/unlabel/1khz_50ns_20deci_2m_UTC_20190815_014030.000.tdms,1khz_50ns_20deci_2m_UTC_20190815_014030.000.tdms,1khz_50ns_20deci_2m_UTC_20190815_014030.000,24.0,26.0,243,648,1000.0
1740,pohang__1khz_50ns_20deci_2m_UTC_20190815_140430.000,pohang,pohang,pohang,unlabel,2,/home/ted1204/MS_Detection_Datamaker/MS_datamaker_PH/data/unlabel/1khz_50ns_20deci_2m_UTC_20190815_140430.000.tdms,1khz_50ns_20deci_2m_UTC_20190815_140430.000.tdms,1khz_50ns_20deci_2m_UTC_20190815_140430.000,1.0,3.0,243,648,1000.0
1741,pohang__1khz_50ns_20deci_2m_UTC_20190815_140430.000,pohang,pohang,pohang,unlabel,2,/home/ted1204/MS_Detection_Datamaker/MS_datamaker_PH/data/unlabel/1khz_50ns_20deci_2m_UTC_20190815_140430.000.tdms,1khz_50ns_20deci_2m_UTC_20190815_140430.000.tdms,1khz_50ns_20deci_2m_UTC_20190815_140430.000,2.0,4.0,243,648,1000.0
1742,pohang__1khz_50ns_20deci_2m_UTC_20190815_140430.000,pohang,pohang,pohang,unlabel,2,/home/ted1204/MS_Detection_Datamaker/MS_datamaker_PH/data/unlabel/1khz_50ns_20deci_2m_UTC_20190815_140430.000.tdms,1khz_50ns_20deci_2m_UTC_20190815_140430.000.tdms,1khz_50ns_20deci_2m_UTC_20190815_140430.000,3.0,5.0,243,648,1000.0
1743,pohang__1khz_50ns_20deci_2m_UTC_20190815_140430.000,pohang,pohang,pohang,unlabel,2,/home/ted1204/MS_Detection_Datamaker/MS_datamaker_PH/data/unlabel/1khz_50ns_20deci_2m_UTC_20190815_140430.000.tdms,1khz_50ns_20deci_2m_UTC_20190815_140430.000.tdms,1khz_50ns_20deci_2m_UTC_20190815_140430.000,5.0,7.0,243,648,1000.0
1744,pohang__1khz_50ns_20deci_2m_UTC_20190815_140430.000,pohang,pohang,pohang,unlabel,2,/home/ted1204/MS_Detection_Datamaker/MS_datamaker_PH/data/unlabel/1khz_50ns_20deci_2m_UTC_20190815_140430.000.tdms,1khz_50ns_20deci_2m_UTC_20190815_140430.000.tdms,1khz_50ns_20deci_2m_UTC_20190815_140430.000,7.0,9.0,243,648,1000.0
1745,pohang__1khz_50ns_20deci_2m_UTC_20190815_140430.000,pohang,pohang,pohang,unlabel,2,/home/ted1204/MS_Detection_Datamaker/MS_datamaker_PH/data/unlabel/1khz_50ns_20deci_2m_UTC_20190815_140430.000.tdms,1khz_50ns_20deci_2m_UTC_20190815_140430.000.tdms,1khz_50ns_20deci_2m_UTC_20190815_140430.000,9.0,11.0,243,648,1000.0
1746,pohang__1khz_50ns_20deci_2m_UTC_20190815_140430.000,pohang,pohang,pohang,unlabel,2,/home/ted1204/MS_Detection_Datamaker/MS_datamaker_PH/data/unlabel/1khz_50ns_20deci_2m_UTC_20190815_140430.000.tdms,1khz_50ns_20deci_2m_UTC_20190815_140430.000.tdms,1khz_50ns_20deci_2m_UTC_20190815_140430.000,10.0,12.0,243,648,1000.0
1747,pohang__1khz_50ns_20deci_2m_UTC_20190815_140430.000,pohang,pohang,pohang,unlabel,2,/home/ted1204/MS_Detection_Datamaker/MS_datamaker_PH/data/unlabel/1khz_50ns_20deci_2m_UTC_20190815_140430.000.tdms,1khz_50ns_20deci_2m_UTC_20190815_140430.000.tdms,1khz_50ns_20deci_2m_UTC_20190815_140430.000,12.0,14.0,243,648,1000.0
1748,pohang__1khz_50ns_20deci_2m_UTC_20190815_140430.000,pohang,pohang,pohang,unlabel,2,/home/ted1204/MS_Detection_Datamaker/MS_datamaker_PH/data/unlabel/1khz_50ns_20deci_2m_UTC_20190815_140430.000.tdms,1khz_50ns_20deci_2m_UTC_20190815_140430.000.tdms,1khz_50ns_20deci_2m_UTC_20190815_140430.000,13.0,15.0,243,648,1000.0
1749,pohang__1khz_50ns_20deci_2m_UTC_20190815_140430.000,pohang,pohang,pohang,unlabel,2,/home/ted1204/MS_Detection_Datamaker/MS_datamaker_PH/data/unlabel/1khz_50ns_20deci_2m_UTC_20190815_140430.000.tdms,1khz_50ns_20deci_2m_UTC_20190815_140430.000.tdms,1khz_50ns_20deci_2m_UTC_20190815_140430.000,17.0,19.0,243,648,1000.0
1750,pohang__1khz_50ns_20deci_2m_UTC_20190815_140430.000,pohang,pohang,pohang,unlabel,2,/home/ted1204/MS_Detection_Datamaker/MS_datamaker_PH/data/unlabel/1khz_50ns_20deci_2m_UTC_20190815_140430.000.tdms,1khz_50ns_20deci_2m_UTC_20190815_140430.000.tdms,1khz_50ns_20deci_2m_UTC_20190815_140430.000,18.0,20.0,243,648,1000.0
1751,pohang__1khz_50ns_20deci_2m_UTC_20190815_140430.000,pohang,pohang,pohang,unlabel,2,/home/ted1204/MS_Detection_Datamaker/MS_datamaker_PH/data/unlabel/1khz_50ns_20deci_2m_UTC_20190815_140430.000.tdms,1khz_50ns_20deci_2m_UTC_20190815_140430.000.tdms,1khz_50ns_20deci_2m_UTC_20190815_140430.000,20.0,22.0,243,648,1000.0
1752,pohang__1khz_50ns_20deci_2m_UTC_20190815_140430.000,pohang,pohang,pohang,unlabel,2,/home/ted1204/MS_Detection_Datamaker/MS_datamaker_PH/data/unlabel/1khz_50ns_20deci_2m_UTC_20190815_140430.000.tdms,1khz_50ns_20deci_2m_UTC_20190815_140430.000.tdms,1khz_50ns_20deci_2m_UTC_20190815_140430.000,21.0,23.0,243,648,1000.0
1753,pohang__1khz_50ns_20deci_2m_UTC_20190815_140430.000,pohang,pohang,pohang,unlabel,2,/home/ted1204/MS_Detection_Datamaker/MS_datamaker_PH/data/unlabel/1khz_50ns_20deci_2m_UTC_20190815_140430.000.tdms,1khz_50ns_20deci_2m_UTC_20190815_140430.000.tdms,1khz_50ns_20deci_2m_UTC_20190815_140430.000,24.0,26.0,243,648,1000.0
1754,pohang__1khz_50ns_20deci_2m_UTC_20190815_140430.000,pohang,pohang,pohang,unlabel,2,/home/ted1204/MS_Detection_Datamaker/MS_datamaker_PH/data/unlabel/1khz_50ns_20deci_2m_UTC_20190815_140430.000.tdms,1khz_50ns_20deci_2m_UTC_20190815_140430.000.tdms,1khz_50ns_20deci_2m_UTC_20190815_140430.000,26.0,28.0,243,648,1000.0
1755,pohang__1khz_50ns_20deci_2m_UTC_20190815_171230.000,pohang,pohang,pohang,unlabel,2,/home/ted1204/MS_Detection_Datamaker/MS_datamaker_PH/data/unlabel/1khz_50ns_20deci_2m_UTC_20190815_171230.000.tdms,1khz_50ns_20deci_2m_UTC_20190815_171230.000.tdms,1khz_50ns_20deci_2m_UTC_20190815_171230.000,1.0,3.0,243,648,1000.0
1756,pohang__1khz_50ns_20deci_2m_UTC_20190815_171230.000,pohang,pohang,pohang,unlabel,2,/home/ted1204/MS_Detection_Datamaker/MS_datamaker_PH/data/unlabel/1khz_50ns_20deci_2m_UTC_20190815_171230.000.tdms,1khz_50ns_20deci_2m_UTC_20190815_171230.000.tdms,1khz_50ns_20deci_2m_UTC_20190815_171230.000,3.0,5.0,243,648,1000.0
1757,pohang__1khz_50ns_20deci_2m_UTC_20190815_171230.000,pohang,pohang,pohang,unlabel,2,/home/ted1204/MS_Detection_Datamaker/MS_datamaker_PH/data/unlabel/1khz_50ns_20deci_2m_UTC_20190815_171230.000.tdms,1khz_50ns_20deci_2m_UTC_20190815_171230.000.tdms,1khz_50ns_20deci_2m_UTC_20190815_171230.000,5.0,7.0,243,648,1000.0
1758,pohang__1khz_50ns_20deci_2m_UTC_20190815_171230.000,pohang,pohang,pohang,unlabel,2,/home/ted1204/MS_Detection_Datamaker/MS_datamaker_PH/data/unlabel/1khz_50ns_20deci_2m_UTC_20190815_171230.000.tdms,1khz_50ns_20deci_2m_UTC_20190815_171230.000.tdms,1khz_50ns_20deci_2m_UTC_20190815_171230.000,6.0,8.0,243,648,1000.0
1759,pohang__1khz_50ns_20deci_2m_UTC_20190815_171230.000,pohang,pohang,pohang,unlabel,2,/home/ted1204/MS_Detection_Datamaker/MS_datamaker_PH/data/unlabel/1khz_50ns_20deci_2m_UTC_20190815_171230.000.tdms,1khz_50ns_20deci_2m_UTC_20190815_171230.000.tdms,1khz_50ns_20deci_2m_UTC_20190815_171230.000,7.0,9.0,243,648,1000.0
1760,pohang__1khz_50ns_20deci_2m_UTC_20190815_171230.000,pohang,pohang,pohang,unlabel,2,/home/ted1204/MS_Detection_Datamaker/MS_datamaker_PH/data/unlabel/1khz_50ns_20deci_2m_UTC_20190815_171230.000.tdms,1khz_50ns_20deci_2m_UTC_20190815_171230.000.tdms,1khz_50ns_20deci_2m_UTC_20190815_171230.000,8.0,10.0,243,648,1000.0
1761,pohang__1khz_50ns_20deci_2m_UTC_20190815_171230.000,pohang,pohang,pohang,unlabel,2,/home/ted1204/MS_Detection_Datamaker/MS_datamaker_PH/data/unlabel/1khz_50ns_20deci_2m_UTC_20190815_171230.000.tdms,1khz_50ns_20deci_2m_UTC_20190815_171230.000.tdms,1khz_50ns_20deci_2m_UTC_20190815_171230.000,9.0,11.0,243,648,1000.0
1762,pohang__1khz_50ns_20deci_2m_UTC_20190815_171230.000,pohang,pohang,pohang,unlabel,2,/home/ted1204/MS_Detection_Datamaker/MS_datamaker_PH/data/unlabel/1khz_50ns_20deci_2m_UTC_20190815_171230.000.tdms,1khz_50ns_20deci_2m_UTC_20190815_171230.000.tdms,1khz_50ns_20deci_2m_UTC_20190815_171230.000,15.0,17.0,243,648,1000.0
1763,pohang__1khz_50ns_20deci_2m_UTC_20190815_171230.000,pohang,pohang,pohang,unlabel,2,/home/ted1204/MS_Detection_Datamaker/MS_datamaker_PH/data/unlabel/1khz_50ns_20deci_2m_UTC_20190815_171230.000.tdms,1khz_50ns_20deci_2m_UTC_20190815_171230.000.tdms,1khz_50ns_20deci_2m_UTC_20190815_171230.000,16.0,18.0,243,648,1000.0
1764,pohang__1khz_50ns_20deci_2m_UTC_20190815_171230.000,pohang,pohang,pohang,unlabel,2,/home/ted1204/MS_Detection_Datamaker/MS_datamaker_PH/data/unlabel/1khz_50ns_20deci_2m_UTC_20190815_171230.000.tdms,1khz_50ns_20deci_2m_UTC_20190815_171230.000.tdms,1khz_50ns_20deci_2m_UTC_20190815_171230.000,17.0,19.0,243,648,1000.0
1765,pohang__1khz_50ns_20deci_2m_UTC_20190815_171230.000,pohang,pohang,pohang,unlabel,2,/home/ted1204/MS_Detection_Datamaker/MS_datamaker_PH/data/unlabel/1khz_50ns_20deci_2m_UTC_20190815_171230.000.tdms,1khz_50ns_20deci_2m_UTC_20190815_171230.000.tdms,1khz_50ns_20deci_2m_UTC_20190815_171230.000,19.0,21.0,243,648,1000.0
1766,pohang__1khz_50ns_20deci_2m_UTC_20190815_171230.000,pohang,pohang,pohang,unlabel,2,/home/ted1204/MS_Detection_Datamaker/MS_datamaker_PH/data/unlabel/1khz_50ns_20deci_2m_UTC_20190815_171230.000.tdms,1khz_50ns_20deci_2m_UTC_20190815_171230.000.tdms,1khz_50ns_20deci_2m_UTC_20190815_171230.000,20.0,22.0,243,648,1000.0
1767,pohang__1khz_50ns_20deci_2m_UTC_20190815_171230.000,pohang,pohang,pohang,unlabel,2,/home/ted1204/MS_Detection_Datamaker/MS_datamaker_PH/data/unlabel/1khz_50ns_20deci_2m_UTC_20190815_171230.000.tdms,1khz_50ns_20deci_2m_UTC_20190815_171230.000.tdms,1khz_50ns_20deci_2m_UTC_20190815_171230.000,23.0,25.0,243,648,1000.0
1768,pohang__1khz_50ns_20deci_2m_UTC_20190815_171230.000,pohang,pohang,pohang,unlabel,2,/home/ted1204/MS_Detection_Datamaker/MS_datamaker_PH/data/unlabel/1khz_50ns_20deci_2m_UTC_20190815_171230.000.tdms,1khz_50ns_20deci_2m_UTC_20190815_171230.000.tdms,1khz_50ns_20deci_2m_UTC_20190815_171230.000,27.0,29.0,243,648,1000.0
1769,pohang__1khz_50ns_20deci_2m_UTC_20190815_171230.000,pohang,pohang,pohang,unlabel,2,/home/ted1204/MS_Detection_Datamaker/MS_datamaker_PH/data/unlabel/1khz_50ns_20deci_2m_UTC_20190815_171230.000.tdms,1khz_50ns_20deci_2m_UTC_20190815_171230.000.tdms,1khz_50ns_20deci_2m_UTC_20190815_171230.000,28.0,30.0,243,648,1000.0
1770,pohang__1khz_50ns_20deci_2m_UTC_20190815_171700.000,pohang,pohang,pohang,unlabel,2,/home/ted1204/MS_Detection_Datamaker/MS_datamaker_PH/data/unlabel/1khz_50ns_20deci_2m_UTC_20190815_171700.000.tdms,1khz_50ns_20deci_2m_UTC_20190815_171700.000.tdms,1khz_50ns_20deci_2m_UTC_20190815_171700.000,0.0,2.0,243,648,1000.0
1771,pohang__1khz_50ns_20deci_2m_UTC_20190815_171700.000,pohang,pohang,pohang,unlabel,2,/home/ted1204/MS_Detection_Datamaker/MS_datamaker_PH/data/unlabel/1khz_50ns_20deci_2m_UTC_20190815_171700.000.tdms,1khz_50ns_20deci_2m_UTC_20190815_171700.000.tdms,1khz_50ns_20deci_2m_UTC_20190815_171700.000,1.0,3.0,243,648,1000.0
1772,pohang__1khz_50ns_20deci_2m_UTC_20190815_171700.000,pohang,pohang,pohang,unlabel,2,/home/ted1204/MS_Detection_Datamaker/MS_datamaker_PH/data/unlabel/1khz_50ns_20deci_2m_UTC_20190815_171700.000.tdms,1khz_50ns_20deci_2m_UTC_20190815_171700.000.tdms,1khz_50ns_20deci_2m_UTC_20190815_171700.000,3.0,5.0,243,648,1000.0
1773,pohang__1khz_50ns_20deci_2m_UTC_20190815_171700.000,pohang,pohang,pohang,unlabel,2,/home/ted1204/MS_Detection_Datamaker/MS_datamaker_PH/data/unlabel/1khz_50ns_20deci_2m_UTC_20190815_171700.000.tdms,1khz_50ns_20deci_2m_UTC_20190815_171700.000.tdms,1khz_50ns_20deci_2m_UTC_20190815_171700.000,4.0,6.0,243,648,1000.0
1774,pohang__1khz_50ns_20deci_2m_UTC_20190815_171700.000,pohang,pohang,pohang,unlabel,2,/home/ted1204/MS_Detection_Datamaker/MS_datamaker_PH/data/unlabel/1khz_50ns_20deci_2m_UTC_20190815_171700.000.tdms,1khz_50ns_20deci_2m_UTC_20190815_171700.000.tdms,1khz_50ns_20deci_2m_UTC_20190815_171700.000,9.0,11.0,243,648,1000.0
1775,pohang__1khz_50ns_20deci_2m_UTC_20190815_171700.000,pohang,pohang,pohang,unlabel,2,/home/ted1204/MS_Detection_Datamaker/MS_datamaker_PH/data/unlabel/1khz_50ns_20deci_2m_UTC_20190815_171700.000.tdms,1khz_50ns_20deci_2m_UTC_20190815_171700.000.tdms,1khz_50ns_20deci_2m_UTC_20190815_171700.000,11.0,13.0,243,648,1000.0
1776,pohang__1khz_50ns_20deci_2m_UTC_20190815_171700.000,pohang,pohang,pohang,unlabel,2,/home/ted1204/MS_Detection_Datamaker/MS_datamaker_PH/data/unlabel/1khz_50ns_20deci_2m_UTC_20190815_171700.000.tdms,1khz_50ns_20deci_2m_UTC_20190815_171700.000.tdms,1khz_50ns_20deci_2m_UTC_20190815_171700.000,13.0,15.0,243,648,1000.0
1777,pohang__1khz_50ns_20deci_2m_UTC_20190815_171700.000,pohang,pohang,pohang,unlabel,2,/home/ted1204/MS_Detection_Datamaker/MS_datamaker_PH/data/unlabel/1khz_50ns_20deci_2m_UTC_20190815_171700.000.tdms,1khz_50ns_20deci_2m_UTC_20190815_171700.000.tdms,1khz_50ns_20deci_2m_UTC_20190815_171700.000,14.0,16.0,243,648,1000.0
1778,pohang__1khz_50ns_20deci_2m_UTC_20190815_171700.000,pohang,pohang,pohang,unlabel,2,/home/ted1204/MS_Detection_Datamaker/MS_datamaker_PH/data/unlabel/1khz_50ns_20deci_2m_UTC_20190815_171700.000.tdms,1khz_50ns_20deci_2m_UTC_20190815_171700.000.tdms,1khz_50ns_20deci_2m_UTC_20190815_171700.000,15.0,17.0,243,648,1000.0
1779,pohang__1khz_50ns_20deci_2m_UTC_20190815_171700.000,pohang,pohang,pohang,unlabel,2,/home/ted1204/MS_Detection_Datamaker/MS_datamaker_PH/data/unlabel/1khz_50ns_20deci_2m_UTC_20190815_171700.000.tdms,1khz_50ns_20deci_2m_UTC_20190815_171700.000.tdms,1khz_50ns_20deci_2m_UTC_20190815_171700.000,17.0,19.0,243,648,1000.0
1780,pohang__1khz_50ns_20deci_2m_UTC_20190815_171700.000,pohang,pohang,pohang,unlabel,2,/home/ted1204/MS_Detection_Datamaker/MS_datamaker_PH/data/unlabel/1khz_50ns_20deci_2m_UTC_20190815_171700.000.tdms,1khz_50ns_20deci_2m_UTC_20190815_171700.000.tdms,1khz_50ns_20deci_2m_UTC_20190815_171700.000,18.0,20.0,243,648,1000.0
1781,pohang__1khz_50ns_20deci_2m_UTC_20190815_171700.000,pohang,pohang,pohang,unlabel,2,/home/ted1204/MS_Detection_Datamaker/MS_datamaker_PH/data/unlabel/1khz_50ns_20deci_2m_UTC_20190815_171700.000.tdms,1khz_50ns_20deci_2m_UTC_20190815_171700.000.tdms,1khz_50ns_20deci_2m_UTC_20190815_171700.000,21.0,23.0,243,648,1000.0
1782,pohang__1khz_50ns_20deci_2m_UTC_20190815_171700.000,pohang,pohang,pohang,unlabel,2,/home/ted1204/MS_Detection_Datamaker/MS_datamaker_PH/data/unlabel/1khz_50ns_20deci_2m_UTC_20190815_171700.000.tdms,1khz_50ns_20deci_2m_UTC_20190815_171700.000.tdms,1khz_50ns_20deci_2m_UTC_20190815_171700.000,26.0,28.0,243,648,1000.0
1783,pohang__1khz_50ns_20deci_2m_UTC_20190815_171700.000,pohang,pohang,pohang,unlabel,2,/home/ted1204/MS_Detection_Datamaker/MS_datamaker_PH/data/unlabel/1khz_50ns_20deci_2m_UTC_20190815_171700.000.tdms,1khz_50ns_20deci_2m_UTC_20190815_171700.000.tdms,1khz_50ns_20deci_2m_UTC_20190815_171700.000,27.0,29.0,243,648,1000.0
1784,pohang__1khz_50ns_20deci_2m_UTC_20190815_171700.000,pohang,pohang,pohang,unlabel,2,/home/ted1204/MS_Detection_Datamaker/MS_datamaker_PH/data/unlabel/1khz_50ns_20deci_2m_UTC_20190815_171700.000.tdms,1khz_50ns_20deci_2m_UTC_20190815_171700.000.tdms,1khz_50ns_20deci_2m_UTC_20190815_171700.000,28.0,30.0,243,648,1000.0
1785,pohang__1khz_50ns_20deci_2m_UTC_20190816_043900.000,pohang,pohang,pohang,unlabel,2,/home/ted1204/MS_Detection_Datamaker/MS_datamaker_PH/data/unlabel/1khz_50ns_20deci_2m_UTC_20190816_043900.000.tdms,1khz_50ns_20deci_2m_UTC_20190816_043900.000.tdms,1khz_50ns_20deci_2m_UTC_20190816_043900.000,1.0,3.0,243,648,1000.0
1786,pohang__1khz_50ns_20deci_2m_UTC_20190816_043900.000,pohang,pohang,pohang,unlabel,2,/home/ted1204/MS_Detection_Datamaker/MS_datamaker_PH/data/unlabel/1khz_50ns_20deci_2m_UTC_20190816_043900.000.tdms,1khz_50ns_20deci_2m_UTC_20190816_043900.000.tdms,1khz_50ns_20deci_2m_UTC_20190816_043900.000,3.0,5.0,243,648,1000.0
1787,pohang__1khz_50ns_20deci_2m_UTC_20190816_043900.000,pohang,pohang,pohang,unlabel,2,/home/ted1204/MS_Detection_Datamaker/MS_datamaker_PH/data/unlabel/1khz_50ns_20deci_2m_UTC_20190816_043900.000.tdms,1khz_50ns_20deci_2m_UTC_20190816_043900.000.tdms,1khz_50ns_20deci_2m_UTC_20190816_043900.000,4.0,6.0,243,648,1000.0
1788,pohang__1khz_50ns_20deci_2m_UTC_20190816_043900.000,pohang,pohang,pohang,unlabel,2,/home/ted1204/MS_Detection_Datamaker/MS_datamaker_PH/data/unlabel/1khz_50ns_20deci_2m_UTC_20190816_043900.000.tdms,1khz_50ns_20deci_2m_UTC_20190816_043900.000.tdms,1khz_50ns_20deci_2m_UTC_20190816_043900.000,6.0,8.0,243,648,1000.0
1789,pohang__1khz_50ns_20deci_2m_UTC_20190816_043900.000,pohang,pohang,pohang,unlabel,2,/home/ted1204/MS_Detection_Datamaker/MS_datamaker_PH/data/unlabel/1khz_50ns_20deci_2m_UTC_20190816_043900.000.tdms,1khz_50ns_20deci_2m_UTC_20190816_043900.000.tdms,1khz_50ns_20deci_2m_UTC_20190816_043900.000,11.0,13.0,243,648,1000.0
1790,pohang__1khz_50ns_20deci_2m_UTC_20190816_043900.000,pohang,pohang,pohang,unlabel,2,/home/ted1204/MS_Detection_Datamaker/MS_datamaker_PH/data/unlabel/1khz_50ns_20deci_2m_UTC_20190816_043900.000.tdms,1khz_50ns_20deci_2m_UTC_20190816_043900.000.tdms,1khz_50ns_20deci_2m_UTC_20190816_043900.000,12.0,14.0,243,648,1000.0
1791,pohang__1khz_50ns_20deci_2m_UTC_20190816_043900.000,pohang,pohang,pohang,unlabel,2,/home/ted1204/MS_Detection_Datamaker/MS_datamaker_PH/data/unlabel/1khz_50ns_20deci_2m_UTC_20190816_043900.000.tdms,1khz_50ns_20deci_2m_UTC_20190816_043900.000.tdms,1khz_50ns_20deci_2m_UTC_20190816_043900.000,13.0,15.0,243,648,1000.0
1792,pohang__1khz_50ns_20deci_2m_UTC_20190816_043900.000,pohang,pohang,pohang,unlabel,2,/home/ted1204/MS_Detection_Datamaker/MS_datamaker_PH/data/unlabel/1khz_50ns_20deci_2m_UTC_20190816_043900.000.tdms,1khz_50ns_20deci_2m_UTC_20190816_043900.000.tdms,1khz_50ns_20deci_2m_UTC_20190816_043900.000,18.0,20.0,243,648,1000.0
1793,pohang__1khz_50ns_20deci_2m_UTC_20190816_043900.000,pohang,pohang,pohang,unlabel,2,/home/ted1204/MS_Detection_Datamaker/MS_datamaker_PH/data/unlabel/1khz_50ns_20deci_2m_UTC_20190816_043900.000.tdms,1khz_50ns_20deci_2m_UTC_20190816_043900.000.tdms,1khz_50ns_20deci_2m_UTC_20190816_043900.000,20.0,22.0,243,648,1000.0
1794,pohang__1khz_50ns_20deci_2m_UTC_20190816_043900.000,pohang,pohang,pohang,unlabel,2,/home/ted1204/MS_Detection_Datamaker/MS_datamaker_PH/data/unlabel/1khz_50ns_20deci_2m_UTC_20190816_043900.000.tdms,1khz_50ns_20deci_2m_UTC_20190816_043900.000.tdms,1khz_50ns_20deci_2m_UTC_20190816_043900.000,21.0,23.0,243,648,1000.0
1795,pohang__1khz_50ns_20deci_2m_UTC_20190816_043900.000,pohang,pohang,pohang,unlabel,2,/home/ted1204/MS_Detection_Datamaker/MS_datamaker_PH/data/unlabel/1khz_50ns_20deci_2m_UTC_20190816_043900.000.tdms,1khz_50ns_20deci_2m_UTC_20190816_043900.000.tdms,1khz_50ns_20deci_2m_UTC_20190816_043900.000,22.0,24.0,243,648,1000.0
1796,pohang__1khz_50ns_20deci_2m_UTC_20190816_043900.000,pohang,pohang,pohang,unlabel,2,/home/ted1204/MS_Detection_Datamaker/MS_datamaker_PH/data/unlabel/1khz_50ns_20deci_2m_UTC_20190816_043900.000.tdms,1khz_50ns_20deci_2m_UTC_20190816_043900.000.tdms,1khz_50ns_20deci_2m_UTC_20190816_043900.000,24.0,26.0,243,648,1000.0
1797,pohang__1khz_50ns_20deci_2m_UTC_20190816_043900.000,pohang,pohang,pohang,unlabel,2,/home/ted1204/MS_Detection_Datamaker/MS_datamaker_PH/data/unlabel/1khz_50ns_20deci_2m_UTC_20190816_043900.000.tdms,1khz_50ns_20deci_2m_UTC_20190816_043900.000.tdms,1khz_50ns_20deci_2m_UTC_20190816_043900.000,25.0,27.0,243,648,1000.0
1798,pohang__1khz_50ns_20deci_2m_UTC_20190816_043900.000,pohang,pohang,pohang,unlabel,2,/home/ted1204/MS_Detection_Datamaker/MS_datamaker_PH/data/unlabel/1khz_50ns_20deci_2m_UTC_20190816_043900.000.tdms,1khz_50ns_20deci_2m_UTC_20190816_043900.000.tdms,1khz_50ns_20deci_2m_UTC_20190816_043900.000,26.0,28.0,243,648,1000.0
1799,pohang__1khz_50ns_20deci_2m_UTC_20190816_043900.000,pohang,pohang,pohang,unlabel,2,/home/ted1204/MS_Detection_Datamaker/MS_datamaker_PH/data/unlabel/1khz_50ns_20deci_2m_UTC_20190816_043900.000.tdms,1khz_50ns_20deci_2m_UTC_20190816_043900.000.tdms,1khz_50ns_20deci_2m_UTC_20190816_043900.000,28.0,30.0,243,648,1000.0
1800,pohang__1khz_50ns_20deci_2m_UTC_20190816_133900.000,pohang,pohang,pohang,unlabel,2,/home/ted1204/MS_Detection_Datamaker/MS_datamaker_PH/data/unlabel/1khz_50ns_20deci_2m_UTC_20190816_133900.000.tdms,1khz_50ns_20deci_2m_UTC_20190816_133900.000.tdms,1khz_50ns_20deci_2m_UTC_20190816_133900.000,1.0,3.0,243,648,1000.0
1801,pohang__1khz_50ns_20deci_2m_UTC_20190816_133900.000,pohang,pohang,pohang,unlabel,2,/home/ted1204/MS_Detection_Datamaker/MS_datamaker_PH/data/unlabel/1khz_50ns_20deci_2m_UTC_20190816_133900.000.tdms,1khz_50ns_20deci_2m_UTC_20190816_133900.000.tdms,1khz_50ns_20deci_2m_UTC_20190816_133900.000,2.0,4.0,243,648,1000.0
1802,pohang__1khz_50ns_20deci_2m_UTC_20190816_133900.000,pohang,pohang,pohang,unlabel,2,/home/ted1204/MS_Detection_Datamaker/MS_datamaker_PH/data/unlabel/1khz_50ns_20deci_2m_UTC_20190816_133900.000.tdms,1khz_50ns_20deci_2m_UTC_20190816_133900.000.tdms,1khz_50ns_20deci_2m_UTC_20190816_133900.000,6.0,8.0,243,648,1000.0
1803,pohang__1khz_50ns_20deci_2m_UTC_20190816_133900.000,pohang,pohang,pohang,unlabel,2,/home/ted1204/MS_Detection_Datamaker/MS_datamaker_PH/data/unlabel/1khz_50ns_20deci_2m_UTC_20190816_133900.000.tdms,1khz_50ns_20deci_2m_UTC_20190816_133900.000.tdms,1khz_50ns_20deci_2m_UTC_20190816_133900.000,10.0,12.0,243,648,1000.0
1804,pohang__1khz_50ns_20deci_2m_UTC_20190816_133900.000,pohang,pohang,pohang,unlabel,2,/home/ted1204/MS_Detection_Datamaker/MS_datamaker_PH/data/unlabel/1khz_50ns_20deci_2m_UTC_20190816_133900.000.tdms,1khz_50ns_20deci_2m_UTC_20190816_133900.000.tdms,1khz_50ns_20deci_2m_UTC_20190816_133900.000,11.0,13.0,243,648,1000.0
1805,pohang__1khz_50ns_20deci_2m_UTC_20190816_133900.000,pohang,pohang,pohang,unlabel,2,/home/ted1204/MS_Detection_Datamaker/MS_datamaker_PH/data/unlabel/1khz_50ns_20deci_2m_UTC_20190816_133900.000.tdms,1khz_50ns_20deci_2m_UTC_20190816_133900.000.tdms,1khz_50ns_20deci_2m_UTC_20190816_133900.000,12.0,14.0,243,648,1000.0
1806,pohang__1khz_50ns_20deci_2m_UTC_20190816_133900.000,pohang,pohang,pohang,unlabel,2,/home/ted1204/MS_Detection_Datamaker/MS_datamaker_PH/data/unlabel/1khz_50ns_20deci_2m_UTC_20190816_133900.000.tdms,1khz_50ns_20deci_2m_UTC_20190816_133900.000.tdms,1khz_50ns_20deci_2m_UTC_20190816_133900.000,13.0,15.0,243,648,1000.0
1807,pohang__1khz_50ns_20deci_2m_UTC_20190816_133900.000,pohang,pohang,pohang,unlabel,2,/home/ted1204/MS_Detection_Datamaker/MS_datamaker_PH/data/unlabel/1khz_50ns_20deci_2m_UTC_20190816_133900.000.tdms,1khz_50ns_20deci_2m_UTC_20190816_133900.000.tdms,1khz_50ns_20deci_2m_UTC_20190816_133900.000,15.0,17.0,243,648,1000.0
1808,pohang__1khz_50ns_20deci_2m_UTC_20190816_133900.000,pohang,pohang,pohang,unlabel,2,/home/ted1204/MS_Detection_Datamaker/MS_datamaker_PH/data/unlabel/1khz_50ns_20deci_2m_UTC_20190816_133900.000.tdms,1khz_50ns_20deci_2m_UTC_20190816_133900.000.tdms,1khz_50ns_20deci_2m_UTC_20190816_133900.000,16.0,18.0,243,648,1000.0
1809,pohang__1khz_50ns_20deci_2m_UTC_20190816_133900.000,pohang,pohang,pohang,unlabel,2,/home/ted1204/MS_Detection_Datamaker/MS_datamaker_PH/data/unlabel/1khz_50ns_20deci_2m_UTC_20190816_133900.000.tdms,1khz_50ns_20deci_2m_UTC_20190816_133900.000.tdms,1khz_50ns_20deci_2m_UTC_20190816_133900.000,17.0,19.0,243,648,1000.0
1810,pohang__1khz_50ns_20deci_2m_UTC_20190816_133900.000,pohang,pohang,pohang,unlabel,2,/home/ted1204/MS_Detection_Datamaker/MS_datamaker_PH/data/unlabel/1khz_50ns_20deci_2m_UTC_20190816_133900.000.tdms,1khz_50ns_20deci_2m_UTC_20190816_133900.000.tdms,1khz_50ns_20deci_2m_UTC_20190816_133900.000,18.0,20.0,243,648,1000.0
1811,pohang__1khz_50ns_20deci_2m_UTC_20190816_133900.000,pohang,pohang,pohang,unlabel,2,/home/ted1204/MS_Detection_Datamaker/MS_datamaker_PH/data/unlabel/1khz_50ns_20deci_2m_UTC_20190816_133900.000.tdms,1khz_50ns_20deci_2m_UTC_20190816_133900.000.tdms,1khz_50ns_20deci_2m_UTC_20190816_133900.000,19.0,21.0,243,648,1000.0
1812,pohang__1khz_50ns_20deci_2m_UTC_20190816_133900.000,pohang,pohang,pohang,unlabel,2,/home/ted1204/MS_Detection_Datamaker/MS_datamaker_PH/data/unlabel/1khz_50ns_20deci_2m_UTC_20190816_133900.000.tdms,1khz_50ns_20deci_2m_UTC_20190816_133900.000.tdms,1khz_50ns_20deci_2m_UTC_20190816_133900.000,22.0,24.0,243,648,1000.0
1813,pohang__1khz_50ns_20deci_2m_UTC_20190816_133900.000,pohang,pohang,pohang,unlabel,2,/home/ted1204/MS_Detection_Datamaker/MS_datamaker_PH/data/unlabel/1khz_50ns_20deci_2m_UTC_20190816_133900.000.tdms,1khz_50ns_20deci_2m_UTC_20190816_133900.000.tdms,1khz_50ns_20deci_2m_UTC_20190816_133900.000,25.0,27.0,243,648,1000.0
1814,pohang__1khz_50ns_20deci_2m_UTC_20190816_133900.000,pohang,pohang,pohang,unlabel,2,/home/ted1204/MS_Detection_Datamaker/MS_datamaker_PH/data/unlabel/1khz_50ns_20deci_2m_UTC_20190816_133900.000.tdms,1khz_50ns_20deci_2m_UTC_20190816_133900.000.tdms,1khz_50ns_20deci_2m_UTC_20190816_133900.000,28.0,30.0,243,648,1000.0
1815,pohang__1khz_50ns_20deci_2m_UTC_20190816_222100.000,pohang,pohang,pohang,unlabel,2,/home/ted1204/MS_Detection_Datamaker/MS_datamaker_PH/data/unlabel/1khz_50ns_20deci_2m_UTC_20190816_222100.000.tdms,1khz_50ns_20deci_2m_UTC_20190816_222100.000.tdms,1khz_50ns_20deci_2m_UTC_20190816_222100.000,0.0,2.0,243,648,1000.0
1816,pohang__1khz_50ns_20deci_2m_UTC_20190816_222100.000,pohang,pohang,pohang,unlabel,2,/home/ted1204/MS_Detection_Datamaker/MS_datamaker_PH/data/unlabel/1khz_50ns_20deci_2m_UTC_20190816_222100.000.tdms,1khz_50ns_20deci_2m_UTC_20190816_222100.000.tdms,1khz_50ns_20deci_2m_UTC_20190816_222100.000,5.0,7.0,243,648,1000.0
1817,pohang__1khz_50ns_20deci_2m_UTC_20190816_222100.000,pohang,pohang,pohang,unlabel,2,/home/ted1204/MS_Detection_Datamaker/MS_datamaker_PH/data/unlabel/1khz_50ns_20deci_2m_UTC_20190816_222100.000.tdms,1khz_50ns_20deci_2m_UTC_20190816_222100.000.tdms,1khz_50ns_20deci_2m_UTC_20190816_222100.000,6.0,8.0,243,648,1000.0
1818,pohang__1khz_50ns_20deci_2m_UTC_20190816_222100.000,pohang,pohang,pohang,unlabel,2,/home/ted1204/MS_Detection_Datamaker/MS_datamaker_PH/data/unlabel/1khz_50ns_20deci_2m_UTC_20190816_222100.000.tdms,1khz_50ns_20deci_2m_UTC_20190816_222100.000.tdms,1khz_50ns_20deci_2m_UTC_20190816_222100.000,7.0,9.0,243,648,1000.0
1819,pohang__1khz_50ns_20deci_2m_UTC_20190816_222100.000,pohang,pohang,pohang,unlabel,2,/home/ted1204/MS_Detection_Datamaker/MS_datamaker_PH/data/unlabel/1khz_50ns_20deci_2m_UTC_20190816_222100.000.tdms,1khz_50ns_20deci_2m_UTC_20190816_222100.000.tdms,1khz_50ns_20deci_2m_UTC_20190816_222100.000,8.0,10.0,243,648,1000.0
1820,pohang__1khz_50ns_20deci_2m_UTC_20190816_222100.000,pohang,pohang,pohang,unlabel,2,/home/ted1204/MS_Detection_Datamaker/MS_datamaker_PH/data/unlabel/1khz_50ns_20deci_2m_UTC_20190816_222100.000.tdms,1khz_50ns_20deci_2m_UTC_20190816_222100.000.tdms,1khz_50ns_20deci_2m_UTC_20190816_222100.000,10.0,12.0,243,648,1000.0
1821,pohang__1khz_50ns_20deci_2m_UTC_20190816_222100.000,pohang,pohang,pohang,unlabel,2,/home/ted1204/MS_Detection_Datamaker/MS_datamaker_PH/data/unlabel/1khz_50ns_20deci_2m_UTC_20190816_222100.000.tdms,1khz_50ns_20deci_2m_UTC_20190816_222100.000.tdms,1khz_50ns_20deci_2m_UTC_20190816_222100.000,11.0,13.0,243,648,1000.0
1822,pohang__1khz_50ns_20deci_2m_UTC_20190816_222100.000,pohang,pohang,pohang,unlabel,2,/home/ted1204/MS_Detection_Datamaker/MS_datamaker_PH/data/unlabel/1khz_50ns_20deci_2m_UTC_20190816_222100.000.tdms,1khz_50ns_20deci_2m_UTC_20190816_222100.000.tdms,1khz_50ns_20deci_2m_UTC_20190816_222100.000,12.0,14.0,243,648,1000.0
1823,pohang__1khz_50ns_20deci_2m_UTC_20190816_222100.000,pohang,pohang,pohang,unlabel,2,/home/ted1204/MS_Detection_Datamaker/MS_datamaker_PH/data/unlabel/1khz_50ns_20deci_2m_UTC_20190816_222100.000.tdms,1khz_50ns_20deci_2m_UTC_20190816_222100.000.tdms,1khz_50ns_20deci_2m_UTC_20190816_222100.000,16.0,18.0,243,648,1000.0
1824,pohang__1khz_50ns_20deci_2m_UTC_20190816_222100.000,pohang,pohang,pohang,unlabel,2,/home/ted1204/MS_Detection_Datamaker/MS_datamaker_PH/data/unlabel/1khz_50ns_20deci_2m_UTC_20190816_222100.000.tdms,1khz_50ns_20deci_2m_UTC_20190816_222100.000.tdms,1khz_50ns_20deci_2m_UTC_20190816_222100.000,18.0,20.0,243,648,1000.0
1825,pohang__1khz_50ns_20deci_2m_UTC_20190816_222100.000,pohang,pohang,pohang,unlabel,2,/home/ted1204/MS_Detection_Datamaker/MS_datamaker_PH/data/unlabel/1khz_50ns_20deci_2m_UTC_20190816_222100.000.tdms,1khz_50ns_20deci_2m_UTC_20190816_222100.000.tdms,1khz_50ns_20deci_2m_UTC_20190816_222100.000,19.0,21.0,243,648,1000.0
1826,pohang__1khz_50ns_20deci_2m_UTC_20190816_222100.000,pohang,pohang,pohang,unlabel,2,/home/ted1204/MS_Detection_Datamaker/MS_datamaker_PH/data/unlabel/1khz_50ns_20deci_2m_UTC_20190816_222100.000.tdms,1khz_50ns_20deci_2m_UTC_20190816_222100.000.tdms,1khz_50ns_20deci_2m_UTC_20190816_222100.000,22.0,24.0,243,648,1000.0
1827,pohang__1khz_50ns_20deci_2m_UTC_20190816_222100.000,pohang,pohang,pohang,unlabel,2,/home/ted1204/MS_Detection_Datamaker/MS_datamaker_PH/data/unlabel/1khz_50ns_20deci_2m_UTC_20190816_222100.000.tdms,1khz_50ns_20deci_2m_UTC_20190816_222100.000.tdms,1khz_50ns_20deci_2m_UTC_20190816_222100.000,23.0,25.0,243,648,1000.0
1828,pohang__1khz_50ns_20deci_2m_UTC_20190816_222100.000,pohang,pohang,pohang,unlabel,2,/home/ted1204/MS_Detection_Datamaker/MS_datamaker_PH/data/unlabel/1khz_50ns_20deci_2m_UTC_20190816_222100.000.tdms,1khz_50ns_20deci_2m_UTC_20190816_222100.000.tdms,1khz_50ns_20deci_2m_UTC_20190816_222100.000,24.0,26.0,243,648,1000.0
1829,pohang__1khz_50ns_20deci_2m_UTC_20190816_222100.000,pohang,pohang,pohang,unlabel,2,/home/ted1204/MS_Detection_Datamaker/MS_datamaker_PH/data/unlabel/1khz_50ns_20deci_2m_UTC_20190816_222100.000.tdms,1khz_50ns_20deci_2m_UTC_20190816_222100.000.tdms,1khz_50ns_20deci_2m_UTC_20190816_222100.000,26.0,28.0,243,648,1000.0
1830,pohang__1khz_50ns_20deci_2m_UTC_20190817_152800.000,pohang,pohang,pohang,unlabel,2,/home/ted1204/MS_Detection_Datamaker/MS_datamaker_PH/data/unlabel/1khz_50ns_20deci_2m_UTC_20190817_152800.000.tdms,1khz_50ns_20deci_2m_UTC_20190817_152800.000.tdms,1khz_50ns_20deci_2m_UTC_20190817_152800.000,2.0,4.0,243,648,1000.0
1831,pohang__1khz_50ns_20deci_2m_UTC_20190817_152800.000,pohang,pohang,pohang,unlabel,2,/home/ted1204/MS_Detection_Datamaker/MS_datamaker_PH/data/unlabel/1khz_50ns_20deci_2m_UTC_20190817_152800.000.tdms,1khz_50ns_20deci_2m_UTC_20190817_152800.000.tdms,1khz_50ns_20deci_2m_UTC_20190817_152800.000,3.0,5.0,243,648,1000.0
1832,pohang__1khz_50ns_20deci_2m_UTC_20190817_152800.000,pohang,pohang,pohang,unlabel,2,/home/ted1204/MS_Detection_Datamaker/MS_datamaker_PH/data/unlabel/1khz_50ns_20deci_2m_UTC_20190817_152800.000.tdms,1khz_50ns_20deci_2m_UTC_20190817_152800.000.tdms,1khz_50ns_20deci_2m_UTC_20190817_152800.000,4.0,6.0,243,648,1000.0
1833,pohang__1khz_50ns_20deci_2m_UTC_20190817_152800.000,pohang,pohang,pohang,unlabel,2,/home/ted1204/MS_Detection_Datamaker/MS_datamaker_PH/data/unlabel/1khz_50ns_20deci_2m_UTC_20190817_152800.000.tdms,1khz_50ns_20deci_2m_UTC_20190817_152800.000.tdms,1khz_50ns_20deci_2m_UTC_20190817_152800.000,5.0,7.0,243,648,1000.0
1834,pohang__1khz_50ns_20deci_2m_UTC_20190817_152800.000,pohang,pohang,pohang,unlabel,2,/home/ted1204/MS_Detection_Datamaker/MS_datamaker_PH/data/unlabel/1khz_50ns_20deci_2m_UTC_20190817_152800.000.tdms,1khz_50ns_20deci_2m_UTC_20190817_152800.000.tdms,1khz_50ns_20deci_2m_UTC_20190817_152800.000,6.0,8.0,243,648,1000.0
1835,pohang__1khz_50ns_20deci_2m_UTC_20190817_152800.000,pohang,pohang,pohang,unlabel,2,/home/ted1204/MS_Detection_Datamaker/MS_datamaker_PH/data/unlabel/1khz_50ns_20deci_2m_UTC_20190817_152800.000.tdms,1khz_50ns_20deci_2m_UTC_20190817_152800.000.tdms,1khz_50ns_20deci_2m_UTC_20190817_152800.000,7.0,9.0,243,648,1000.0
1836,pohang__1khz_50ns_20deci_2m_UTC_20190817_152800.000,pohang,pohang,pohang,unlabel,2,/home/ted1204/MS_Detection_Datamaker/MS_datamaker_PH/data/unlabel/1khz_50ns_20deci_2m_UTC_20190817_152800.000.tdms,1khz_50ns_20deci_2m_UTC_20190817_152800.000.tdms,1khz_50ns_20deci_2m_UTC_20190817_152800.000,8.0,10.0,243,648,1000.0
1837,pohang__1khz_50ns_20deci_2m_UTC_20190817_152800.000,pohang,pohang,pohang,unlabel,2,/home/ted1204/MS_Detection_Datamaker/MS_datamaker_PH/data/unlabel/1khz_50ns_20deci_2m_UTC_20190817_152800.000.tdms,1khz_50ns_20deci_2m_UTC_20190817_152800.000.tdms,1khz_50ns_20deci_2m_UTC_20190817_152800.000,10.0,12.0,243,648,1000.0
1838,pohang__1khz_50ns_20deci_2m_UTC_20190817_152800.000,pohang,pohang,pohang,unlabel,2,/home/ted1204/MS_Detection_Datamaker/MS_datamaker_PH/data/unlabel/1khz_50ns_20deci_2m_UTC_20190817_152800.000.tdms,1khz_50ns_20deci_2m_UTC_20190817_152800.000.tdms,1khz_50ns_20deci_2m_UTC_20190817_152800.000,15.0,17.0,243,648,1000.0
1839,pohang__1khz_50ns_20deci_2m_UTC_20190817_152800.000,pohang,pohang,pohang,unlabel,2,/home/ted1204/MS_Detection_Datamaker/MS_datamaker_PH/data/unlabel/1khz_50ns_20deci_2m_UTC_20190817_152800.000.tdms,1khz_50ns_20deci_2m_UTC_20190817_152800.000.tdms,1khz_50ns_20deci_2m_UTC_20190817_152800.000,18.0,20.0,243,648,1000.0
1840,pohang__1khz_50ns_20deci_2m_UTC_20190817_152800.000,pohang,pohang,pohang,unlabel,2,/home/ted1204/MS_Detection_Datamaker/MS_datamaker_PH/data/unlabel/1khz_50ns_20deci_2m_UTC_20190817_152800.000.tdms,1khz_50ns_20deci_2m_UTC_20190817_152800.000.tdms,1khz_50ns_20deci_2m_UTC_20190817_152800.000,19.0,21.0,243,648,1000.0
1841,pohang__1khz_50ns_20deci_2m_UTC_20190817_152800.000,pohang,pohang,pohang,unlabel,2,/home/ted1204/MS_Detection_Datamaker/MS_datamaker_PH/data/unlabel/1khz_50ns_20deci_2m_UTC_20190817_152800.000.tdms,1khz_50ns_20deci_2m_UTC_20190817_152800.000.tdms,1khz_50ns_20deci_2m_UTC_20190817_152800.000,21.0,23.0,243,648,1000.0
1842,pohang__1khz_50ns_20deci_2m_UTC_20190817_152800.000,pohang,pohang,pohang,unlabel,2,/home/ted1204/MS_Detection_Datamaker/MS_datamaker_PH/data/unlabel/1khz_50ns_20deci_2m_UTC_20190817_152800.000.tdms,1khz_50ns_20deci_2m_UTC_20190817_152800.000.tdms,1khz_50ns_20deci_2m_UTC_20190817_152800.000,23.0,25.0,243,648,1000.0
1843,pohang__1khz_50ns_20deci_2m_UTC_20190817_152800.000,pohang,pohang,pohang,unlabel,2,/home/ted1204/MS_Detection_Datamaker/MS_datamaker_PH/data/unlabel/1khz_50ns_20deci_2m_UTC_20190817_152800.000.tdms,1khz_50ns_20deci_2m_UTC_20190817_152800.000.tdms,1khz_50ns_20deci_2m_UTC_20190817_152800.000,27.0,29.0,243,648,1000.0
1844,pohang__1khz_50ns_20deci_2m_UTC_20190817_152800.000,pohang,pohang,pohang,unlabel,2,/home/ted1204/MS_Detection_Datamaker/MS_datamaker_PH/data/unlabel/1khz_50ns_20deci_2m_UTC_20190817_152800.000.tdms,1khz_50ns_20deci_2m_UTC_20190817_152800.000.tdms,1khz_50ns_20deci_2m_UTC_20190817_152800.000,28.0,30.0,243,648,1000.0
1845,pohang__1khz_50ns_20deci_2m_UTC_20190817_210230.000,pohang,pohang,pohang,unlabel,2,/home/ted1204/MS_Detection_Datamaker/MS_datamaker_PH/data/unlabel/1khz_50ns_20deci_2m_UTC_20190817_210230.000.tdms,1khz_50ns_20deci_2m_UTC_20190817_210230.000.tdms,1khz_50ns_20deci_2m_UTC_20190817_210230.000,0.0,2.0,243,648,1000.0
1846,pohang__1khz_50ns_20deci_2m_UTC_20190817_210230.000,pohang,pohang,pohang,unlabel,2,/home/ted1204/MS_Detection_Datamaker/MS_datamaker_PH/data/unlabel/1khz_50ns_20deci_2m_UTC_20190817_210230.000.tdms,1khz_50ns_20deci_2m_UTC_20190817_210230.000.tdms,1khz_50ns_20deci_2m_UTC_20190817_210230.000,2.0,4.0,243,648,1000.0
1847,pohang__1khz_50ns_20deci_2m_UTC_20190817_210230.000,pohang,pohang,pohang,unlabel,2,/home/ted1204/MS_Detection_Datamaker/MS_datamaker_PH/data/unlabel/1khz_50ns_20deci_2m_UTC_20190817_210230.000.tdms,1khz_50ns_20deci_2m_UTC_20190817_210230.000.tdms,1khz_50ns_20deci_2m_UTC_20190817_210230.000,4.0,6.0,243,648,1000.0
1848,pohang__1khz_50ns_20deci_2m_UTC_20190817_210230.000,pohang,pohang,pohang,unlabel,2,/home/ted1204/MS_Detection_Datamaker/MS_datamaker_PH/data/unlabel/1khz_50ns_20deci_2m_UTC_20190817_210230.000.tdms,1khz_50ns_20deci_2m_UTC_20190817_210230.000.tdms,1khz_50ns_20deci_2m_UTC_20190817_210230.000,6.0,8.0,243,648,1000.0
1849,pohang__1khz_50ns_20deci_2m_UTC_20190817_210230.000,pohang,pohang,pohang,unlabel,2,/home/ted1204/MS_Detection_Datamaker/MS_datamaker_PH/data/unlabel/1khz_50ns_20deci_2m_UTC_20190817_210230.000.tdms,1khz_50ns_20deci_2m_UTC_20190817_210230.000.tdms,1khz_50ns_20deci_2m_UTC_20190817_210230.000,7.0,9.0,243,648,1000.0
1850,pohang__1khz_50ns_20deci_2m_UTC_20190817_210230.000,pohang,pohang,pohang,unlabel,2,/home/ted1204/MS_Detection_Datamaker/MS_datamaker_PH/data/unlabel/1khz_50ns_20deci_2m_UTC_20190817_210230.000.tdms,1khz_50ns_20deci_2m_UTC_20190817_210230.000.tdms,1khz_50ns_20deci_2m_UTC_20190817_210230.000,9.0,11.0,243,648,1000.0
1851,pohang__1khz_50ns_20deci_2m_UTC_20190817_210230.000,pohang,pohang,pohang,unlabel,2,/home/ted1204/MS_Detection_Datamaker/MS_datamaker_PH/data/unlabel/1khz_50ns_20deci_2m_UTC_20190817_210230.000.tdms,1khz_50ns_20deci_2m_UTC_20190817_210230.000.tdms,1khz_50ns_20deci_2m_UTC_20190817_210230.000,10.0,12.0,243,648,1000.0
1852,pohang__1khz_50ns_20deci_2m_UTC_20190817_210230.000,pohang,pohang,pohang,unlabel,2,/home/ted1204/MS_Detection_Datamaker/MS_datamaker_PH/data/unlabel/1khz_50ns_20deci_2m_UTC_20190817_210230.000.tdms,1khz_50ns_20deci_2m_UTC_20190817_210230.000.tdms,1khz_50ns_20deci_2m_UTC_20190817_210230.000,11.0,13.0,243,648,1000.0
1853,pohang__1khz_50ns_20deci_2m_UTC_20190817_210230.000,pohang,pohang,pohang,unlabel,2,/home/ted1204/MS_Detection_Datamaker/MS_datamaker_PH/data/unlabel/1khz_50ns_20deci_2m_UTC_20190817_210230.000.tdms,1khz_50ns_20deci_2m_UTC_20190817_210230.000.tdms,1khz_50ns_20deci_2m_UTC_20190817_210230.000,12.0,14.0,243,648,1000.0
1854,pohang__1khz_50ns_20deci_2m_UTC_20190817_210230.000,pohang,pohang,pohang,unlabel,2,/home/ted1204/MS_Detection_Datamaker/MS_datamaker_PH/data/unlabel/1khz_50ns_20deci_2m_UTC_20190817_210230.000.tdms,1khz_50ns_20deci_2m_UTC_20190817_210230.000.tdms,1khz_50ns_20deci_2m_UTC_20190817_210230.000,17.0,19.0,243,648,1000.0
1855,pohang__1khz_50ns_20deci_2m_UTC_20190817_210230.000,pohang,pohang,pohang,unlabel,2,/home/ted1204/MS_Detection_Datamaker/MS_datamaker_PH/data/unlabel/1khz_50ns_20deci_2m_UTC_20190817_210230.000.tdms,1khz_50ns_20deci_2m_UTC_20190817_210230.000.tdms,1khz_50ns_20deci_2m_UTC_20190817_210230.000,19.0,21.0,243,648,1000.0
1856,pohang__1khz_50ns_20deci_2m_UTC_20190817_210230.000,pohang,pohang,pohang,unlabel,2,/home/ted1204/MS_Detection_Datamaker/MS_datamaker_PH/data/unlabel/1khz_50ns_20deci_2m_UTC_20190817_210230.000.tdms,1khz_50ns_20deci_2m_UTC_20190817_210230.000.tdms,1khz_50ns_20deci_2m_UTC_20190817_210230.000,21.0,23.0,243,648,1000.0
1857,pohang__1khz_50ns_20deci_2m_UTC_20190817_210230.000,pohang,pohang,pohang,unlabel,2,/home/ted1204/MS_Detection_Datamaker/MS_datamaker_PH/data/unlabel/1khz_50ns_20deci_2m_UTC_20190817_210230.000.tdms,1khz_50ns_20deci_2m_UTC_20190817_210230.000.tdms,1khz_50ns_20deci_2m_UTC_20190817_210230.000,23.0,25.0,243,648,1000.0
1858,pohang__1khz_50ns_20deci_2m_UTC_20190817_210230.000,pohang,pohang,pohang,unlabel,2,/home/ted1204/MS_Detection_Datamaker/MS_datamaker_PH/data/unlabel/1khz_50ns_20deci_2m_UTC_20190817_210230.000.tdms,1khz_50ns_20deci_2m_UTC_20190817_210230.000.tdms,1khz_50ns_20deci_2m_UTC_20190817_210230.000,25.0,27.0,243,648,1000.0
1859,pohang__1khz_50ns_20deci_2m_UTC_20190817_210230.000,pohang,pohang,pohang,unlabel,2,/home/ted1204/MS_Detection_Datamaker/MS_datamaker_PH/data/unlabel/1khz_50ns_20deci_2m_UTC_20190817_210230.000.tdms,1khz_50ns_20deci_2m_UTC_20190817_210230.000.tdms,1khz_50ns_20deci_2m_UTC_20190817_210230.000,28.0,30.0,243,648,1000.0
1860,pohang__1khz_50ns_20deci_2m_UTC_20190817_230430.000,pohang,pohang,pohang,unlabel,2,/home/ted1204/MS_Detection_Datamaker/MS_datamaker_PH/data/unlabel/1khz_50ns_20deci_2m_UTC_20190817_230430.000.tdms,1khz_50ns_20deci_2m_UTC_20190817_230430.000.tdms,1khz_50ns_20deci_2m_UTC_20190817_230430.000,0.0,2.0,243,648,1000.0
1861,pohang__1khz_50ns_20deci_2m_UTC_20190817_230430.000,pohang,pohang,pohang,unlabel,2,/home/ted1204/MS_Detection_Datamaker/MS_datamaker_PH/data/unlabel/1khz_50ns_20deci_2m_UTC_20190817_230430.000.tdms,1khz_50ns_20deci_2m_UTC_20190817_230430.000.tdms,1khz_50ns_20deci_2m_UTC_20190817_230430.000,1.0,3.0,243,648,1000.0
1862,pohang__1khz_50ns_20deci_2m_UTC_20190817_230430.000,pohang,pohang,pohang,unlabel,2,/home/ted1204/MS_Detection_Datamaker/MS_datamaker_PH/data/unlabel/1khz_50ns_20deci_2m_UTC_20190817_230430.000.tdms,1khz_50ns_20deci_2m_UTC_20190817_230430.000.tdms,1khz_50ns_20deci_2m_UTC_20190817_230430.000,5.0,7.0,243,648,1000.0
1863,pohang__1khz_50ns_20deci_2m_UTC_20190817_230430.000,pohang,pohang,pohang,unlabel,2,/home/ted1204/MS_Detection_Datamaker/MS_datamaker_PH/data/unlabel/1khz_50ns_20deci_2m_UTC_20190817_230430.000.tdms,1khz_50ns_20deci_2m_UTC_20190817_230430.000.tdms,1khz_50ns_20deci_2m_UTC_20190817_230430.000,9.0,11.0,243,648,1000.0
1864,pohang__1khz_50ns_20deci_2m_UTC_20190817_230430.000,pohang,pohang,pohang,unlabel,2,/home/ted1204/MS_Detection_Datamaker/MS_datamaker_PH/data/unlabel/1khz_50ns_20deci_2m_UTC_20190817_230430.000.tdms,1khz_50ns_20deci_2m_UTC_20190817_230430.000.tdms,1khz_50ns_20deci_2m_UTC_20190817_230430.000,10.0,12.0,243,648,1000.0
1865,pohang__1khz_50ns_20deci_2m_UTC_20190817_230430.000,pohang,pohang,pohang,unlabel,2,/home/ted1204/MS_Detection_Datamaker/MS_datamaker_PH/data/unlabel/1khz_50ns_20deci_2m_UTC_20190817_230430.000.tdms,1khz_50ns_20deci_2m_UTC_20190817_230430.000.tdms,1khz_50ns_20deci_2m_UTC_20190817_230430.000,11.0,13.0,243,648,1000.0
1866,pohang__1khz_50ns_20deci_2m_UTC_20190817_230430.000,pohang,pohang,pohang,unlabel,2,/home/ted1204/MS_Detection_Datamaker/MS_datamaker_PH/data/unlabel/1khz_50ns_20deci_2m_UTC_20190817_230430.000.tdms,1khz_50ns_20deci_2m_UTC_20190817_230430.000.tdms,1khz_50ns_20deci_2m_UTC_20190817_230430.000,14.0,16.0,243,648,1000.0
1867,pohang__1khz_50ns_20deci_2m_UTC_20190817_230430.000,pohang,pohang,pohang,unlabel,2,/home/ted1204/MS_Detection_Datamaker/MS_datamaker_PH/data/unlabel/1khz_50ns_20deci_2m_UTC_20190817_230430.000.tdms,1khz_50ns_20deci_2m_UTC_20190817_230430.000.tdms,1khz_50ns_20deci_2m_UTC_20190817_230430.000,15.0,17.0,243,648,1000.0
1868,pohang__1khz_50ns_20deci_2m_UTC_20190817_230430.000,pohang,pohang,pohang,unlabel,2,/home/ted1204/MS_Detection_Datamaker/MS_datamaker_PH/data/unlabel/1khz_50ns_20deci_2m_UTC_20190817_230430.000.tdms,1khz_50ns_20deci_2m_UTC_20190817_230430.000.tdms,1khz_50ns_20deci_2m_UTC_20190817_230430.000,17.0,19.0,243,648,1000.0
1869,pohang__1khz_50ns_20deci_2m_UTC_20190817_230430.000,pohang,pohang,pohang,unlabel,2,/home/ted1204/MS_Detection_Datamaker/MS_datamaker_PH/data/unlabel/1khz_50ns_20deci_2m_UTC_20190817_230430.000.tdms,1khz_50ns_20deci_2m_UTC_20190817_230430.000.tdms,1khz_50ns_20deci_2m_UTC_20190817_230430.000,20.0,22.0,243,648,1000.0
1870,pohang__1khz_50ns_20deci_2m_UTC_20190817_230430.000,pohang,pohang,pohang,unlabel,2,/home/ted1204/MS_Detection_Datamaker/MS_datamaker_PH/data/unlabel/1khz_50ns_20deci_2m_UTC_20190817_230430.000.tdms,1khz_50ns_20deci_2m_UTC_20190817_230430.000.tdms,1khz_50ns_20deci_2m_UTC_20190817_230430.000,23.0,25.0,243,648,1000.0
1871,pohang__1khz_50ns_20deci_2m_UTC_20190817_230430.000,pohang,pohang,pohang,unlabel,2,/home/ted1204/MS_Detection_Datamaker/MS_datamaker_PH/data/unlabel/1khz_50ns_20deci_2m_UTC_20190817_230430.000.tdms,1khz_50ns_20deci_2m_UTC_20190817_230430.000.tdms,1khz_50ns_20deci_2m_UTC_20190817_230430.000,24.0,26.0,243,648,1000.0
1872,pohang__1khz_50ns_20deci_2m_UTC_20190817_230430.000,pohang,pohang,pohang,unlabel,2,/home/ted1204/MS_Detection_Datamaker/MS_datamaker_PH/data/unlabel/1khz_50ns_20deci_2m_UTC_20190817_230430.000.tdms,1khz_50ns_20deci_2m_UTC_20190817_230430.000.tdms,1khz_50ns_20deci_2m_UTC_20190817_230430.000,25.0,27.0,243,648,1000.0
1873,pohang__1khz_50ns_20deci_2m_UTC_20190817_230430.000,pohang,pohang,pohang,unlabel,2,/home/ted1204/MS_Detection_Datamaker/MS_datamaker_PH/data/unlabel/1khz_50ns_20deci_2m_UTC_20190817_230430.000.tdms,1khz_50ns_20deci_2m_UTC_20190817_230430.000.tdms,1khz_50ns_20deci_2m_UTC_20190817_230430.000,26.0,28.0,243,648,1000.0
1874,pohang__1khz_50ns_20deci_2m_UTC_20190817_230430.000,pohang,pohang,pohang,unlabel,2,/home/ted1204/MS_Detection_Datamaker/MS_datamaker_PH/data/unlabel/1khz_50ns_20deci_2m_UTC_20190817_230430.000.tdms,1khz_50ns_20deci_2m_UTC_20190817_230430.000.tdms,1khz_50ns_20deci_2m_UTC_20190817_230430.000,27.0,29.0,243,648,1000.0
1875,pohang__1khz_50ns_20deci_2m_UTC_20190818_001500.000,pohang,pohang,pohang,unlabel,2,/home/ted1204/MS_Detection_Datamaker/MS_datamaker_PH/data/unlabel/1khz_50ns_20deci_2m_UTC_20190818_001500.000.tdms,1khz_50ns_20deci_2m_UTC_20190818_001500.000.tdms,1khz_50ns_20deci_2m_UTC_20190818_001500.000,1.0,3.0,243,648,1000.0
1876,pohang__1khz_50ns_20deci_2m_UTC_20190818_001500.000,pohang,pohang,pohang,unlabel,2,/home/ted1204/MS_Detection_Datamaker/MS_datamaker_PH/data/unlabel/1khz_50ns_20deci_2m_UTC_20190818_001500.000.tdms,1khz_50ns_20deci_2m_UTC_20190818_001500.000.tdms,1khz_50ns_20deci_2m_UTC_20190818_001500.000,2.0,4.0,243,648,1000.0
1877,pohang__1khz_50ns_20deci_2m_UTC_20190818_001500.000,pohang,pohang,pohang,unlabel,2,/home/ted1204/MS_Detection_Datamaker/MS_datamaker_PH/data/unlabel/1khz_50ns_20deci_2m_UTC_20190818_001500.000.tdms,1khz_50ns_20deci_2m_UTC_20190818_001500.000.tdms,1khz_50ns_20deci_2m_UTC_20190818_001500.000,3.0,5.0,243,648,1000.0
1878,pohang__1khz_50ns_20deci_2m_UTC_20190818_001500.000,pohang,pohang,pohang,unlabel,2,/home/ted1204/MS_Detection_Datamaker/MS_datamaker_PH/data/unlabel/1khz_50ns_20deci_2m_UTC_20190818_001500.000.tdms,1khz_50ns_20deci_2m_UTC_20190818_001500.000.tdms,1khz_50ns_20deci_2m_UTC_20190818_001500.000,5.0,7.0,243,648,1000.0
1879,pohang__1khz_50ns_20deci_2m_UTC_20190818_001500.000,pohang,pohang,pohang,unlabel,2,/home/ted1204/MS_Detection_Datamaker/MS_datamaker_PH/data/unlabel/1khz_50ns_20deci_2m_UTC_20190818_001500.000.tdms,1khz_50ns_20deci_2m_UTC_20190818_001500.000.tdms,1khz_50ns_20deci_2m_UTC_20190818_001500.000,7.0,9.0,243,648,1000.0
1880,pohang__1khz_50ns_20deci_2m_UTC_20190818_001500.000,pohang,pohang,pohang,unlabel,2,/home/ted1204/MS_Detection_Datamaker/MS_datamaker_PH/data/unlabel/1khz_50ns_20deci_2m_UTC_20190818_001500.000.tdms,1khz_50ns_20deci_2m_UTC_20190818_001500.000.tdms,1khz_50ns_20deci_2m_UTC_20190818_001500.000,9.0,11.0,243,648,1000.0
1881,pohang__1khz_50ns_20deci_2m_UTC_20190818_001500.000,pohang,pohang,pohang,unlabel,2,/home/ted1204/MS_Detection_Datamaker/MS_datamaker_PH/data/unlabel/1khz_50ns_20deci_2m_UTC_20190818_001500.000.tdms,1khz_50ns_20deci_2m_UTC_20190818_001500.000.tdms,1khz_50ns_20deci_2m_UTC_20190818_001500.000,11.0,13.0,243,648,1000.0
1882,pohang__1khz_50ns_20deci_2m_UTC_20190818_001500.000,pohang,pohang,pohang,unlabel,2,/home/ted1204/MS_Detection_Datamaker/MS_datamaker_PH/data/unlabel/1khz_50ns_20deci_2m_UTC_20190818_001500.000.tdms,1khz_50ns_20deci_2m_UTC_20190818_001500.000.tdms,1khz_50ns_20deci_2m_UTC_20190818_001500.000,14.0,16.0,243,648,1000.0
1883,pohang__1khz_50ns_20deci_2m_UTC_20190818_001500.000,pohang,pohang,pohang,unlabel,2,/home/ted1204/MS_Detection_Datamaker/MS_datamaker_PH/data/unlabel/1khz_50ns_20deci_2m_UTC_20190818_001500.000.tdms,1khz_50ns_20deci_2m_UTC_20190818_001500.000.tdms,1khz_50ns_20deci_2m_UTC_20190818_001500.000,15.0,17.0,243,648,1000.0
1884,pohang__1khz_50ns_20deci_2m_UTC_20190818_001500.000,pohang,pohang,pohang,unlabel,2,/home/ted1204/MS_Detection_Datamaker/MS_datamaker_PH/data/unlabel/1khz_50ns_20deci_2m_UTC_20190818_001500.000.tdms,1khz_50ns_20deci_2m_UTC_20190818_001500.000.tdms,1khz_50ns_20deci_2m_UTC_20190818_001500.000,16.0,18.0,243,648,1000.0
1885,pohang__1khz_50ns_20deci_2m_UTC_20190818_001500.000,pohang,pohang,pohang,unlabel,2,/home/ted1204/MS_Detection_Datamaker/MS_datamaker_PH/data/unlabel/1khz_50ns_20deci_2m_UTC_20190818_001500.000.tdms,1khz_50ns_20deci_2m_UTC_20190818_001500.000.tdms,1khz_50ns_20deci_2m_UTC_20190818_001500.000,19.0,21.0,243,648,1000.0
1886,pohang__1khz_50ns_20deci_2m_UTC_20190818_001500.000,pohang,pohang,pohang,unlabel,2,/home/ted1204/MS_Detection_Datamaker/MS_datamaker_PH/data/unlabel/1khz_50ns_20deci_2m_UTC_20190818_001500.000.tdms,1khz_50ns_20deci_2m_UTC_20190818_001500.000.tdms,1khz_50ns_20deci_2m_UTC_20190818_001500.000,22.0,24.0,243,648,1000.0
1887,pohang__1khz_50ns_20deci_2m_UTC_20190818_001500.000,pohang,pohang,pohang,unlabel,2,/home/ted1204/MS_Detection_Datamaker/MS_datamaker_PH/data/unlabel/1khz_50ns_20deci_2m_UTC_20190818_001500.000.tdms,1khz_50ns_20deci_2m_UTC_20190818_001500.000.tdms,1khz_50ns_20deci_2m_UTC_20190818_001500.000,23.0,25.0,243,648,1000.0
1888,pohang__1khz_50ns_20deci_2m_UTC_20190818_001500.000,pohang,pohang,pohang,unlabel,2,/home/ted1204/MS_Detection_Datamaker/MS_datamaker_PH/data/unlabel/1khz_50ns_20deci_2m_UTC_20190818_001500.000.tdms,1khz_50ns_20deci_2m_UTC_20190818_001500.000.tdms,1khz_50ns_20deci_2m_UTC_20190818_001500.000,25.0,27.0,243,648,1000.0
1889,pohang__1khz_50ns_20deci_2m_UTC_20190818_001500.000,pohang,pohang,pohang,unlabel,2,/home/ted1204/MS_Detection_Datamaker/MS_datamaker_PH/data/unlabel/1khz_50ns_20deci_2m_UTC_20190818_001500.000.tdms,1khz_50ns_20deci_2m_UTC_20190818_001500.000.tdms,1khz_50ns_20deci_2m_UTC_20190818_001500.000,28.0,30.0,243,648,1000.0
1890,pohang__1khz_50ns_20deci_2m_UTC_20190818_191330.000,pohang,pohang,pohang,unlabel,2,/home/ted1204/MS_Detection_Datamaker/MS_datamaker_PH/data/unlabel/1khz_50ns_20deci_2m_UTC_20190818_191330.000.tdms,1khz_50ns_20deci_2m_UTC_20190818_191330.000.tdms,1khz_50ns_20deci_2m_UTC_20190818_191330.000,2.0,4.0,243,648,1000.0
1891,pohang__1khz_50ns_20deci_2m_UTC_20190818_191330.000,pohang,pohang,pohang,unlabel,2,/home/ted1204/MS_Detection_Datamaker/MS_datamaker_PH/data/unlabel/1khz_50ns_20deci_2m_UTC_20190818_191330.000.tdms,1khz_50ns_20deci_2m_UTC_20190818_191330.000.tdms,1khz_50ns_20deci_2m_UTC_20190818_191330.000,5.0,7.0,243,648,1000.0
1892,pohang__1khz_50ns_20deci_2m_UTC_20190818_191330.000,pohang,pohang,pohang,unlabel,2,/home/ted1204/MS_Detection_Datamaker/MS_datamaker_PH/data/unlabel/1khz_50ns_20deci_2m_UTC_20190818_191330.000.tdms,1khz_50ns_20deci_2m_UTC_20190818_191330.000.tdms,1khz_50ns_20deci_2m_UTC_20190818_191330.000,7.0,9.0,243,648,1000.0
1893,pohang__1khz_50ns_20deci_2m_UTC_20190818_191330.000,pohang,pohang,pohang,unlabel,2,/home/ted1204/MS_Detection_Datamaker/MS_datamaker_PH/data/unlabel/1khz_50ns_20deci_2m_UTC_20190818_191330.000.tdms,1khz_50ns_20deci_2m_UTC_20190818_191330.000.tdms,1khz_50ns_20deci_2m_UTC_20190818_191330.000,8.0,10.0,243,648,1000.0
1894,pohang__1khz_50ns_20deci_2m_UTC_20190818_191330.000,pohang,pohang,pohang,unlabel,2,/home/ted1204/MS_Detection_Datamaker/MS_datamaker_PH/data/unlabel/1khz_50ns_20deci_2m_UTC_20190818_191330.000.tdms,1khz_50ns_20deci_2m_UTC_20190818_191330.000.tdms,1khz_50ns_20deci_2m_UTC_20190818_191330.000,11.0,13.0,243,648,1000.0
1895,pohang__1khz_50ns_20deci_2m_UTC_20190818_191330.000,pohang,pohang,pohang,unlabel,2,/home/ted1204/MS_Detection_Datamaker/MS_datamaker_PH/data/unlabel/1khz_50ns_20deci_2m_UTC_20190818_191330.000.tdms,1khz_50ns_20deci_2m_UTC_20190818_191330.000.tdms,1khz_50ns_20deci_2m_UTC_20190818_191330.000,14.0,16.0,243,648,1000.0
1896,pohang__1khz_50ns_20deci_2m_UTC_20190818_191330.000,pohang,pohang,pohang,unlabel,2,/home/ted1204/MS_Detection_Datamaker/MS_datamaker_PH/data/unlabel/1khz_50ns_20deci_2m_UTC_20190818_191330.000.tdms,1khz_50ns_20deci_2m_UTC_20190818_191330.000.tdms,1khz_50ns_20deci_2m_UTC_20190818_191330.000,15.0,17.0,243,648,1000.0
1897,pohang__1khz_50ns_20deci_2m_UTC_20190818_191330.000,pohang,pohang,pohang,unlabel,2,/home/ted1204/MS_Detection_Datamaker/MS_datamaker_PH/data/unlabel/1khz_50ns_20deci_2m_UTC_20190818_191330.000.tdms,1khz_50ns_20deci_2m_UTC_20190818_191330.000.tdms,1khz_50ns_20deci_2m_UTC_20190818_191330.000,17.0,19.0,243,648,1000.0
1898,pohang__1khz_50ns_20deci_2m_UTC_20190818_191330.000,pohang,pohang,pohang,unlabel,2,/home/ted1204/MS_Detection_Datamaker/MS_datamaker_PH/data/unlabel/1khz_50ns_20deci_2m_UTC_20190818_191330.000.tdms,1khz_50ns_20deci_2m_UTC_20190818_191330.000.tdms,1khz_50ns_20deci_2m_UTC_20190818_191330.000,18.0,20.0,243,648,1000.0
1899,pohang__1khz_50ns_20deci_2m_UTC_20190818_191330.000,pohang,pohang,pohang,unlabel,2,/home/ted1204/MS_Detection_Datamaker/MS_datamaker_PH/data/unlabel/1khz_50ns_20deci_2m_UTC_20190818_191330.000.tdms,1khz_50ns_20deci_2m_UTC_20190818_191330.000.tdms,1khz_50ns_20deci_2m_UTC_20190818_191330.000,19.0,21.0,243,648,1000.0
1900,pohang__1khz_50ns_20deci_2m_UTC_20190818_191330.000,pohang,pohang,pohang,unlabel,2,/home/ted1204/MS_Detection_Datamaker/MS_datamaker_PH/data/unlabel/1khz_50ns_20deci_2m_UTC_20190818_191330.000.tdms,1khz_50ns_20deci_2m_UTC_20190818_191330.000.tdms,1khz_50ns_20deci_2m_UTC_20190818_191330.000,22.0,24.0,243,648,1000.0
1901,pohang__1khz_50ns_20deci_2m_UTC_20190818_191330.000,pohang,pohang,pohang,unlabel,2,/home/ted1204/MS_Detection_Datamaker/MS_datamaker_PH/data/unlabel/1khz_50ns_20deci_2m_UTC_20190818_191330.000.tdms,1khz_50ns_20deci_2m_UTC_20190818_191330.000.tdms,1khz_50ns_20deci_2m_UTC_20190818_191330.000,23.0,25.0,243,648,1000.0
1902,pohang__1khz_50ns_20deci_2m_UTC_20190818_191330.000,pohang,pohang,pohang,unlabel,2,/home/ted1204/MS_Detection_Datamaker/MS_datamaker_PH/data/unlabel/1khz_50ns_20deci_2m_UTC_20190818_191330.000.tdms,1khz_50ns_20deci_2m_UTC_20190818_191330.000.tdms,1khz_50ns_20deci_2m_UTC_20190818_191330.000,25.0,27.0,243,648,1000.0
1903,pohang__1khz_50ns_20deci_2m_UTC_20190818_191330.000,pohang,pohang,pohang,unlabel,2,/home/ted1204/MS_Detection_Datamaker/MS_datamaker_PH/data/unlabel/1khz_50ns_20deci_2m_UTC_20190818_191330.000.tdms,1khz_50ns_20deci_2m_UTC_20190818_191330.000.tdms,1khz_50ns_20deci_2m_UTC_20190818_191330.000,26.0,28.0,243,648,1000.0
1904,pohang__1khz_50ns_20deci_2m_UTC_20190818_191330.000,pohang,pohang,pohang,unlabel,2,/home/ted1204/MS_Detection_Datamaker/MS_datamaker_PH/data/unlabel/1khz_50ns_20deci_2m_UTC_20190818_191330.000.tdms,1khz_50ns_20deci_2m_UTC_20190818_191330.000.tdms,1khz_50ns_20deci_2m_UTC_20190818_191330.000,28.0,30.0,243,648,1000.0
1905,pohang__1khz_50ns_20deci_2m_UTC_20190916_220300.000,pohang,pohang,pohang,unlabel,2,/home/ted1204/MS_Detection_Datamaker/MS_datamaker_PH/data/unlabel/1khz_50ns_20deci_2m_UTC_20190916_220300.000.tdms,1khz_50ns_20deci_2m_UTC_20190916_220300.000.tdms,1khz_50ns_20deci_2m_UTC_20190916_220300.000,5.0,7.0,243,648,1000.0
1906,pohang__1khz_50ns_20deci_2m_UTC_20190916_220300.000,pohang,pohang,pohang,unlabel,2,/home/ted1204/MS_Detection_Datamaker/MS_datamaker_PH/data/unlabel/1khz_50ns_20deci_2m_UTC_20190916_220300.000.tdms,1khz_50ns_20deci_2m_UTC_20190916_220300.000.tdms,1khz_50ns_20deci_2m_UTC_20190916_220300.000,8.0,10.0,243,648,1000.0
1907,pohang__1khz_50ns_20deci_2m_UTC_20190916_220300.000,pohang,pohang,pohang,unlabel,2,/home/ted1204/MS_Detection_Datamaker/MS_datamaker_PH/data/unlabel/1khz_50ns_20deci_2m_UTC_20190916_220300.000.tdms,1khz_50ns_20deci_2m_UTC_20190916_220300.000.tdms,1khz_50ns_20deci_2m_UTC_20190916_220300.000,9.0,11.0,243,648,1000.0
1908,pohang__1khz_50ns_20deci_2m_UTC_20190916_220300.000,pohang,pohang,pohang,unlabel,2,/home/ted1204/MS_Detection_Datamaker/MS_datamaker_PH/data/unlabel/1khz_50ns_20deci_2m_UTC_20190916_220300.000.tdms,1khz_50ns_20deci_2m_UTC_20190916_220300.000.tdms,1khz_50ns_20deci_2m_UTC_20190916_220300.000,13.0,15.0,243,648,1000.0
1909,pohang__1khz_50ns_20deci_2m_UTC_20190916_220300.000,pohang,pohang,pohang,unlabel,2,/home/ted1204/MS_Detection_Datamaker/MS_datamaker_PH/data/unlabel/1khz_50ns_20deci_2m_UTC_20190916_220300.000.tdms,1khz_50ns_20deci_2m_UTC_20190916_220300.000.tdms,1khz_50ns_20deci_2m_UTC_20190916_220300.000,14.0,16.0,243,648,1000.0
1910,pohang__1khz_50ns_20deci_2m_UTC_20190916_220300.000,pohang,pohang,pohang,unlabel,2,/home/ted1204/MS_Detection_Datamaker/MS_datamaker_PH/data/unlabel/1khz_50ns_20deci_2m_UTC_20190916_220300.000.tdms,1khz_50ns_20deci_2m_UTC_20190916_220300.000.tdms,1khz_50ns_20deci_2m_UTC_20190916_220300.000,15.0,17.0,243,648,1000.0
1911,pohang__1khz_50ns_20deci_2m_UTC_20190916_220300.000,pohang,pohang,pohang,unlabel,2,/home/ted1204/MS_Detection_Datamaker/MS_datamaker_PH/data/unlabel/1khz_50ns_20deci_2m_UTC_20190916_220300.000.tdms,1khz_50ns_20deci_2m_UTC_20190916_220300.000.tdms,1khz_50ns_20deci_2m_UTC_20190916_220300.000,16.0,18.0,243,648,1000.0
1912,pohang__1khz_50ns_20deci_2m_UTC_20190916_220300.000,pohang,pohang,pohang,unlabel,2,/home/ted1204/MS_Detection_Datamaker/MS_datamaker_PH/data/unlabel/1khz_50ns_20deci_2m_UTC_20190916_220300.000.tdms,1khz_50ns_20deci_2m_UTC_20190916_220300.000.tdms,1khz_50ns_20deci_2m_UTC_20190916_220300.000,18.0,20.0,243,648,1000.0
1913,pohang__1khz_50ns_20deci_2m_UTC_20190916_220300.000,pohang,pohang,pohang,unlabel,2,/home/ted1204/MS_Detection_Datamaker/MS_datamaker_PH/data/unlabel/1khz_50ns_20deci_2m_UTC_20190916_220300.000.tdms,1khz_50ns_20deci_2m_UTC_20190916_220300.000.tdms,1khz_50ns_20deci_2m_UTC_20190916_220300.000,20.0,22.0,243,648,1000.0
1914,pohang__1khz_50ns_20deci_2m_UTC_20190916_220300.000,pohang,pohang,pohang,unlabel,2,/home/ted1204/MS_Detection_Datamaker/MS_datamaker_PH/data/unlabel/1khz_50ns_20deci_2m_UTC_20190916_220300.000.tdms,1khz_50ns_20deci_2m_UTC_20190916_220300.000.tdms,1khz_50ns_20deci_2m_UTC_20190916_220300.000,21.0,23.0,243,648,1000.0
1915,pohang__1khz_50ns_20deci_2m_UTC_20190916_220300.000,pohang,pohang,pohang,unlabel,2,/home/ted1204/MS_Detection_Datamaker/MS_datamaker_PH/data/unlabel/1khz_50ns_20deci_2m_UTC_20190916_220300.000.tdms,1khz_50ns_20deci_2m_UTC_20190916_220300.000.tdms,1khz_50ns_20deci_2m_UTC_20190916_220300.000,24.0,26.0,243,648,1000.0
1916,pohang__1khz_50ns_20deci_2m_UTC_20190916_220300.000,pohang,pohang,pohang,unlabel,2,/home/ted1204/MS_Detection_Datamaker/MS_datamaker_PH/data/unlabel/1khz_50ns_20deci_2m_UTC_20190916_220300.000.tdms,1khz_50ns_20deci_2m_UTC_20190916_220300.000.tdms,1khz_50ns_20deci_2m_UTC_20190916_220300.000,25.0,27.0,243,648,1000.0
1917,pohang__1khz_50ns_20deci_2m_UTC_20190916_220300.000,pohang,pohang,pohang,unlabel,2,/home/ted1204/MS_Detection_Datamaker/MS_datamaker_PH/data/unlabel/1khz_50ns_20deci_2m_UTC_20190916_220300.000.tdms,1khz_50ns_20deci_2m_UTC_20190916_220300.000.tdms,1khz_50ns_20deci_2m_UTC_20190916_220300.000,26.0,28.0,243,648,1000.0
1918,pohang__1khz_50ns_20deci_2m_UTC_20190916_220300.000,pohang,pohang,pohang,unlabel,2,/home/ted1204/MS_Detection_Datamaker/MS_datamaker_PH/data/unlabel/1khz_50ns_20deci_2m_UTC_20190916_220300.000.tdms,1khz_50ns_20deci_2m_UTC_20190916_220300.000.tdms,1khz_50ns_20deci_2m_UTC_20190916_220300.000,27.0,29.0,243,648,1000.0
1919,pohang__1khz_50ns_20deci_2m_UTC_20190916_220300.000,pohang,pohang,pohang,unlabel,2,/home/ted1204/MS_Detection_Datamaker/MS_datamaker_PH/data/unlabel/1khz_50ns_20deci_2m_UTC_20190916_220300.000.tdms,1khz_50ns_20deci_2m_UTC_20190916_220300.000.tdms,1khz_50ns_20deci_2m_UTC_20190916_220300.000,28.0,30.0,243,648,1000.0
1920,pohang__1khz_50ns_20deci_2m_UTC_20190917_212700.000,pohang,pohang,pohang,unlabel,2,/home/ted1204/MS_Detection_Datamaker/MS_datamaker_PH/data/unlabel/1khz_50ns_20deci_2m_UTC_20190917_212700.000.tdms,1khz_50ns_20deci_2m_UTC_20190917_212700.000.tdms,1khz_50ns_20deci_2m_UTC_20190917_212700.000,0.0,2.0,243,648,1000.0
1921,pohang__1khz_50ns_20deci_2m_UTC_20190917_212700.000,pohang,pohang,pohang,unlabel,2,/home/ted1204/MS_Detection_Datamaker/MS_datamaker_PH/data/unlabel/1khz_50ns_20deci_2m_UTC_20190917_212700.000.tdms,1khz_50ns_20deci_2m_UTC_20190917_212700.000.tdms,1khz_50ns_20deci_2m_UTC_20190917_212700.000,1.0,3.0,243,648,1000.0
1922,pohang__1khz_50ns_20deci_2m_UTC_20190917_212700.000,pohang,pohang,pohang,unlabel,2,/home/ted1204/MS_Detection_Datamaker/MS_datamaker_PH/data/unlabel/1khz_50ns_20deci_2m_UTC_20190917_212700.000.tdms,1khz_50ns_20deci_2m_UTC_20190917_212700.000.tdms,1khz_50ns_20deci_2m_UTC_20190917_212700.000,2.0,4.0,243,648,1000.0
1923,pohang__1khz_50ns_20deci_2m_UTC_20190917_212700.000,pohang,pohang,pohang,unlabel,2,/home/ted1204/MS_Detection_Datamaker/MS_datamaker_PH/data/unlabel/1khz_50ns_20deci_2m_UTC_20190917_212700.000.tdms,1khz_50ns_20deci_2m_UTC_20190917_212700.000.tdms,1khz_50ns_20deci_2m_UTC_20190917_212700.000,5.0,7.0,243,648,1000.0
1924,pohang__1khz_50ns_20deci_2m_UTC_20190917_212700.000,pohang,pohang,pohang,unlabel,2,/home/ted1204/MS_Detection_Datamaker/MS_datamaker_PH/data/unlabel/1khz_50ns_20deci_2m_UTC_20190917_212700.000.tdms,1khz_50ns_20deci_2m_UTC_20190917_212700.000.tdms,1khz_50ns_20deci_2m_UTC_20190917_212700.000,7.0,9.0,243,648,1000.0
1925,pohang__1khz_50ns_20deci_2m_UTC_20190917_212700.000,pohang,pohang,pohang,unlabel,2,/home/ted1204/MS_Detection_Datamaker/MS_datamaker_PH/data/unlabel/1khz_50ns_20deci_2m_UTC_20190917_212700.000.tdms,1khz_50ns_20deci_2m_UTC_20190917_212700.000.tdms,1khz_50ns_20deci_2m_UTC_20190917_212700.000,10.0,12.0,243,648,1000.0
1926,pohang__1khz_50ns_20deci_2m_UTC_20190917_212700.000,pohang,pohang,pohang,unlabel,2,/home/ted1204/MS_Detection_Datamaker/MS_datamaker_PH/data/unlabel/1khz_50ns_20deci_2m_UTC_20190917_212700.000.tdms,1khz_50ns_20deci_2m_UTC_20190917_212700.000.tdms,1khz_50ns_20deci_2m_UTC_20190917_212700.000,11.0,13.0,243,648,1000.0
1927,pohang__1khz_50ns_20deci_2m_UTC_20190917_212700.000,pohang,pohang,pohang,unlabel,2,/home/ted1204/MS_Detection_Datamaker/MS_datamaker_PH/data/unlabel/1khz_50ns_20deci_2m_UTC_20190917_212700.000.tdms,1khz_50ns_20deci_2m_UTC_20190917_212700.000.tdms,1khz_50ns_20deci_2m_UTC_20190917_212700.000,13.0,15.0,243,648,1000.0
1928,pohang__1khz_50ns_20deci_2m_UTC_20190917_212700.000,pohang,pohang,pohang,unlabel,2,/home/ted1204/MS_Detection_Datamaker/MS_datamaker_PH/data/unlabel/1khz_50ns_20deci_2m_UTC_20190917_212700.000.tdms,1khz_50ns_20deci_2m_UTC_20190917_212700.000.tdms,1khz_50ns_20deci_2m_UTC_20190917_212700.000,15.0,17.0,243,648,1000.0
1929,pohang__1khz_50ns_20deci_2m_UTC_20190917_212700.000,pohang,pohang,pohang,unlabel,2,/home/ted1204/MS_Detection_Datamaker/MS_datamaker_PH/data/unlabel/1khz_50ns_20deci_2m_UTC_20190917_212700.000.tdms,1khz_50ns_20deci_2m_UTC_20190917_212700.000.tdms,1khz_50ns_20deci_2m_UTC_20190917_212700.000,17.0,19.0,243,648,1000.0
1930,pohang__1khz_50ns_20deci_2m_UTC_20190917_212700.000,pohang,pohang,pohang,unlabel,2,/home/ted1204/MS_Detection_Datamaker/MS_datamaker_PH/data/unlabel/1khz_50ns_20deci_2m_UTC_20190917_212700.000.tdms,1khz_50ns_20deci_2m_UTC_20190917_212700.000.tdms,1khz_50ns_20deci_2m_UTC_20190917_212700.000,18.0,20.0,243,648,1000.0
1931,pohang__1khz_50ns_20deci_2m_UTC_20190917_212700.000,pohang,pohang,pohang,unlabel,2,/home/ted1204/MS_Detection_Datamaker/MS_datamaker_PH/data/unlabel/1khz_50ns_20deci_2m_UTC_20190917_212700.000.tdms,1khz_50ns_20deci_2m_UTC_20190917_212700.000.tdms,1khz_50ns_20deci_2m_UTC_20190917_212700.000,19.0,21.0,243,648,1000.0
1932,pohang__1khz_50ns_20deci_2m_UTC_20190917_212700.000,pohang,pohang,pohang,unlabel,2,/home/ted1204/MS_Detection_Datamaker/MS_datamaker_PH/data/unlabel/1khz_50ns_20deci_2m_UTC_20190917_212700.000.tdms,1khz_50ns_20deci_2m_UTC_20190917_212700.000.tdms,1khz_50ns_20deci_2m_UTC_20190917_212700.000,23.0,25.0,243,648,1000.0
1933,pohang__1khz_50ns_20deci_2m_UTC_20190917_212700.000,pohang,pohang,pohang,unlabel,2,/home/ted1204/MS_Detection_Datamaker/MS_datamaker_PH/data/unlabel/1khz_50ns_20deci_2m_UTC_20190917_212700.000.tdms,1khz_50ns_20deci_2m_UTC_20190917_212700.000.tdms,1khz_50ns_20deci_2m_UTC_20190917_212700.000,26.0,28.0,243,648,1000.0
1934,pohang__1khz_50ns_20deci_2m_UTC_20190917_212700.000,pohang,pohang,pohang,unlabel,2,/home/ted1204/MS_Detection_Datamaker/MS_datamaker_PH/data/unlabel/1khz_50ns_20deci_2m_UTC_20190917_212700.000.tdms,1khz_50ns_20deci_2m_UTC_20190917_212700.000.tdms,1khz_50ns_20deci_2m_UTC_20190917_212700.000,27.0,29.0,243,648,1000.0
1935,pohang__1khz_50ns_20deci_2m_UTC_20190918_072530.000,pohang,pohang,pohang,unlabel,2,/home/ted1204/MS_Detection_Datamaker/MS_datamaker_PH/data/unlabel/1khz_50ns_20deci_2m_UTC_20190918_072530.000.tdms,1khz_50ns_20deci_2m_UTC_20190918_072530.000.tdms,1khz_50ns_20deci_2m_UTC_20190918_072530.000,1.0,3.0,243,648,1000.0
1936,pohang__1khz_50ns_20deci_2m_UTC_20190918_072530.000,pohang,pohang,pohang,unlabel,2,/home/ted1204/MS_Detection_Datamaker/MS_datamaker_PH/data/unlabel/1khz_50ns_20deci_2m_UTC_20190918_072530.000.tdms,1khz_50ns_20deci_2m_UTC_20190918_072530.000.tdms,1khz_50ns_20deci_2m_UTC_20190918_072530.000,2.0,4.0,243,648,1000.0
1937,pohang__1khz_50ns_20deci_2m_UTC_20190918_072530.000,pohang,pohang,pohang,unlabel,2,/home/ted1204/MS_Detection_Datamaker/MS_datamaker_PH/data/unlabel/1khz_50ns_20deci_2m_UTC_20190918_072530.000.tdms,1khz_50ns_20deci_2m_UTC_20190918_072530.000.tdms,1khz_50ns_20deci_2m_UTC_20190918_072530.000,4.0,6.0,243,648,1000.0
1938,pohang__1khz_50ns_20deci_2m_UTC_20190918_072530.000,pohang,pohang,pohang,unlabel,2,/home/ted1204/MS_Detection_Datamaker/MS_datamaker_PH/data/unlabel/1khz_50ns_20deci_2m_UTC_20190918_072530.000.tdms,1khz_50ns_20deci_2m_UTC_20190918_072530.000.tdms,1khz_50ns_20deci_2m_UTC_20190918_072530.000,10.0,12.0,243,648,1000.0
1939,pohang__1khz_50ns_20deci_2m_UTC_20190918_072530.000,pohang,pohang,pohang,unlabel,2,/home/ted1204/MS_Detection_Datamaker/MS_datamaker_PH/data/unlabel/1khz_50ns_20deci_2m_UTC_20190918_072530.000.tdms,1khz_50ns_20deci_2m_UTC_20190918_072530.000.tdms,1khz_50ns_20deci_2m_UTC_20190918_072530.000,11.0,13.0,243,648,1000.0
1940,pohang__1khz_50ns_20deci_2m_UTC_20190918_072530.000,pohang,pohang,pohang,unlabel,2,/home/ted1204/MS_Detection_Datamaker/MS_datamaker_PH/data/unlabel/1khz_50ns_20deci_2m_UTC_20190918_072530.000.tdms,1khz_50ns_20deci_2m_UTC_20190918_072530.000.tdms,1khz_50ns_20deci_2m_UTC_20190918_072530.000,12.0,14.0,243,648,1000.0
1941,pohang__1khz_50ns_20deci_2m_UTC_20190918_072530.000,pohang,pohang,pohang,unlabel,2,/home/ted1204/MS_Detection_Datamaker/MS_datamaker_PH/data/unlabel/1khz_50ns_20deci_2m_UTC_20190918_072530.000.tdms,1khz_50ns_20deci_2m_UTC_20190918_072530.000.tdms,1khz_50ns_20deci_2m_UTC_20190918_072530.000,13.0,15.0,243,648,1000.0
1942,pohang__1khz_50ns_20deci_2m_UTC_20190918_072530.000,pohang,pohang,pohang,unlabel,2,/home/ted1204/MS_Detection_Datamaker/MS_datamaker_PH/data/unlabel/1khz_50ns_20deci_2m_UTC_20190918_072530.000.tdms,1khz_50ns_20deci_2m_UTC_20190918_072530.000.tdms,1khz_50ns_20deci_2m_UTC_20190918_072530.000,15.0,17.0,243,648,1000.0
1943,pohang__1khz_50ns_20deci_2m_UTC_20190918_072530.000,pohang,pohang,pohang,unlabel,2,/home/ted1204/MS_Detection_Datamaker/MS_datamaker_PH/data/unlabel/1khz_50ns_20deci_2m_UTC_20190918_072530.000.tdms,1khz_50ns_20deci_2m_UTC_20190918_072530.000.tdms,1khz_50ns_20deci_2m_UTC_20190918_072530.000,18.0,20.0,243,648,1000.0
1944,pohang__1khz_50ns_20deci_2m_UTC_20190918_072530.000,pohang,pohang,pohang,unlabel,2,/home/ted1204/MS_Detection_Datamaker/MS_datamaker_PH/data/unlabel/1khz_50ns_20deci_2m_UTC_20190918_072530.000.tdms,1khz_50ns_20deci_2m_UTC_20190918_072530.000.tdms,1khz_50ns_20deci_2m_UTC_20190918_072530.000,19.0,21.0,243,648,1000.0
1945,pohang__1khz_50ns_20deci_2m_UTC_20190918_072530.000,pohang,pohang,pohang,unlabel,2,/home/ted1204/MS_Detection_Datamaker/MS_datamaker_PH/data/unlabel/1khz_50ns_20deci_2m_UTC_20190918_072530.000.tdms,1khz_50ns_20deci_2m_UTC_20190918_072530.000.tdms,1khz_50ns_20deci_2m_UTC_20190918_072530.000,21.0,23.0,243,648,1000.0
1946,pohang__1khz_50ns_20deci_2m_UTC_20190918_072530.000,pohang,pohang,pohang,unlabel,2,/home/ted1204/MS_Detection_Datamaker/MS_datamaker_PH/data/unlabel/1khz_50ns_20deci_2m_UTC_20190918_072530.000.tdms,1khz_50ns_20deci_2m_UTC_20190918_072530.000.tdms,1khz_50ns_20deci_2m_UTC_20190918_072530.000,22.0,24.0,243,648,1000.0
1947,pohang__1khz_50ns_20deci_2m_UTC_20190918_072530.000,pohang,pohang,pohang,unlabel,2,/home/ted1204/MS_Detection_Datamaker/MS_datamaker_PH/data/unlabel/1khz_50ns_20deci_2m_UTC_20190918_072530.000.tdms,1khz_50ns_20deci_2m_UTC_20190918_072530.000.tdms,1khz_50ns_20deci_2m_UTC_20190918_072530.000,23.0,25.0,243,648,1000.0
1948,pohang__1khz_50ns_20deci_2m_UTC_20190918_072530.000,pohang,pohang,pohang,unlabel,2,/home/ted1204/MS_Detection_Datamaker/MS_datamaker_PH/data/unlabel/1khz_50ns_20deci_2m_UTC_20190918_072530.000.tdms,1khz_50ns_20deci_2m_UTC_20190918_072530.000.tdms,1khz_50ns_20deci_2m_UTC_20190918_072530.000,26.0,28.0,243,648,1000.0
1949,pohang__1khz_50ns_20deci_2m_UTC_20190918_072530.000,pohang,pohang,pohang,unlabel,2,/home/ted1204/MS_Detection_Datamaker/MS_datamaker_PH/data/unlabel/1khz_50ns_20deci_2m_UTC_20190918_072530.000.tdms,1khz_50ns_20deci_2m_UTC_20190918_072530.000.tdms,1khz_50ns_20deci_2m_UTC_20190918_072530.000,28.0,30.0,243,648,1000.0
1950,pohang__1khz_50ns_20deci_2m_UTC_20190918_084000.000,pohang,pohang,pohang,unlabel,2,/home/ted1204/MS_Detection_Datamaker/MS_datamaker_PH/data/unlabel/1khz_50ns_20deci_2m_UTC_20190918_084000.000.tdms,1khz_50ns_20deci_2m_UTC_20190918_084000.000.tdms,1khz_50ns_20deci_2m_UTC_20190918_084000.000,4.0,6.0,243,648,1000.0
1951,pohang__1khz_50ns_20deci_2m_UTC_20190918_084000.000,pohang,pohang,pohang,unlabel,2,/home/ted1204/MS_Detection_Datamaker/MS_datamaker_PH/data/unlabel/1khz_50ns_20deci_2m_UTC_20190918_084000.000.tdms,1khz_50ns_20deci_2m_UTC_20190918_084000.000.tdms,1khz_50ns_20deci_2m_UTC_20190918_084000.000,7.0,9.0,243,648,1000.0
1952,pohang__1khz_50ns_20deci_2m_UTC_20190918_084000.000,pohang,pohang,pohang,unlabel,2,/home/ted1204/MS_Detection_Datamaker/MS_datamaker_PH/data/unlabel/1khz_50ns_20deci_2m_UTC_20190918_084000.000.tdms,1khz_50ns_20deci_2m_UTC_20190918_084000.000.tdms,1khz_50ns_20deci_2m_UTC_20190918_084000.000,8.0,10.0,243,648,1000.0
1953,pohang__1khz_50ns_20deci_2m_UTC_20190918_084000.000,pohang,pohang,pohang,unlabel,2,/home/ted1204/MS_Detection_Datamaker/MS_datamaker_PH/data/unlabel/1khz_50ns_20deci_2m_UTC_20190918_084000.000.tdms,1khz_50ns_20deci_2m_UTC_20190918_084000.000.tdms,1khz_50ns_20deci_2m_UTC_20190918_084000.000,10.0,12.0,243,648,1000.0
1954,pohang__1khz_50ns_20deci_2m_UTC_20190918_084000.000,pohang,pohang,pohang,unlabel,2,/home/ted1204/MS_Detection_Datamaker/MS_datamaker_PH/data/unlabel/1khz_50ns_20deci_2m_UTC_20190918_084000.000.tdms,1khz_50ns_20deci_2m_UTC_20190918_084000.000.tdms,1khz_50ns_20deci_2m_UTC_20190918_084000.000,11.0,13.0,243,648,1000.0
1955,pohang__1khz_50ns_20deci_2m_UTC_20190918_084000.000,pohang,pohang,pohang,unlabel,2,/home/ted1204/MS_Detection_Datamaker/MS_datamaker_PH/data/unlabel/1khz_50ns_20deci_2m_UTC_20190918_084000.000.tdms,1khz_50ns_20deci_2m_UTC_20190918_084000.000.tdms,1khz_50ns_20deci_2m_UTC_20190918_084000.000,13.0,15.0,243,648,1000.0
1956,pohang__1khz_50ns_20deci_2m_UTC_20190918_084000.000,pohang,pohang,pohang,unlabel,2,/home/ted1204/MS_Detection_Datamaker/MS_datamaker_PH/data/unlabel/1khz_50ns_20deci_2m_UTC_20190918_084000.000.tdms,1khz_50ns_20deci_2m_UTC_20190918_084000.000.tdms,1khz_50ns_20deci_2m_UTC_20190918_084000.000,15.0,17.0,243,648,1000.0
1957,pohang__1khz_50ns_20deci_2m_UTC_20190918_084000.000,pohang,pohang,pohang,unlabel,2,/home/ted1204/MS_Detection_Datamaker/MS_datamaker_PH/data/unlabel/1khz_50ns_20deci_2m_UTC_20190918_084000.000.tdms,1khz_50ns_20deci_2m_UTC_20190918_084000.000.tdms,1khz_50ns_20deci_2m_UTC_20190918_084000.000,16.0,18.0,243,648,1000.0
1958,pohang__1khz_50ns_20deci_2m_UTC_20190918_084000.000,pohang,pohang,pohang,unlabel,2,/home/ted1204/MS_Detection_Datamaker/MS_datamaker_PH/data/unlabel/1khz_50ns_20deci_2m_UTC_20190918_084000.000.tdms,1khz_50ns_20deci_2m_UTC_20190918_084000.000.tdms,1khz_50ns_20deci_2m_UTC_20190918_084000.000,17.0,19.0,243,648,1000.0
1959,pohang__1khz_50ns_20deci_2m_UTC_20190918_084000.000,pohang,pohang,pohang,unlabel,2,/home/ted1204/MS_Detection_Datamaker/MS_datamaker_PH/data/unlabel/1khz_50ns_20deci_2m_UTC_20190918_084000.000.tdms,1khz_50ns_20deci_2m_UTC_20190918_084000.000.tdms,1khz_50ns_20deci_2m_UTC_20190918_084000.000,19.0,21.0,243,648,1000.0
1960,pohang__1khz_50ns_20deci_2m_UTC_20190918_084000.000,pohang,pohang,pohang,unlabel,2,/home/ted1204/MS_Detection_Datamaker/MS_datamaker_PH/data/unlabel/1khz_50ns_20deci_2m_UTC_20190918_084000.000.tdms,1khz_50ns_20deci_2m_UTC_20190918_084000.000.tdms,1khz_50ns_20deci_2m_UTC_20190918_084000.000,20.0,22.0,243,648,1000.0
1961,pohang__1khz_50ns_20deci_2m_UTC_20190918_084000.000,pohang,pohang,pohang,unlabel,2,/home/ted1204/MS_Detection_Datamaker/MS_datamaker_PH/data/unlabel/1khz_50ns_20deci_2m_UTC_20190918_084000.000.tdms,1khz_50ns_20deci_2m_UTC_20190918_084000.000.tdms,1khz_50ns_20deci_2m_UTC_20190918_084000.000,21.0,23.0,243,648,1000.0
1962,pohang__1khz_50ns_20deci_2m_UTC_20190918_084000.000,pohang,pohang,pohang,unlabel,2,/home/ted1204/MS_Detection_Datamaker/MS_datamaker_PH/data/unlabel/1khz_50ns_20deci_2m_UTC_20190918_084000.000.tdms,1khz_50ns_20deci_2m_UTC_20190918_084000.000.tdms,1khz_50ns_20deci_2m_UTC_20190918_084000.000,22.0,24.0,243,648,1000.0
1963,pohang__1khz_50ns_20deci_2m_UTC_20190918_084000.000,pohang,pohang,pohang,unlabel,2,/home/ted1204/MS_Detection_Datamaker/MS_datamaker_PH/data/unlabel/1khz_50ns_20deci_2m_UTC_20190918_084000.000.tdms,1khz_50ns_20deci_2m_UTC_20190918_084000.000.tdms,1khz_50ns_20deci_2m_UTC_20190918_084000.000,27.0,29.0,243,648,1000.0
1964,pohang__1khz_50ns_20deci_2m_UTC_20190918_084000.000,pohang,pohang,pohang,unlabel,2,/home/ted1204/MS_Detection_Datamaker/MS_datamaker_PH/data/unlabel/1khz_50ns_20deci_2m_UTC_20190918_084000.000.tdms,1khz_50ns_20deci_2m_UTC_20190918_084000.000.tdms,1khz_50ns_20deci_2m_UTC_20190918_084000.000,28.0,30.0,243,648,1000.0
1965,pohang__1khz_50ns_20deci_2m_UTC_20190918_214430.000,pohang,pohang,pohang,unlabel,2,/home/ted1204/MS_Detection_Datamaker/MS_datamaker_PH/data/unlabel/1khz_50ns_20deci_2m_UTC_20190918_214430.000.tdms,1khz_50ns_20deci_2m_UTC_20190918_214430.000.tdms,1khz_50ns_20deci_2m_UTC_20190918_214430.000,0.0,2.0,243,648,1000.0
1966,pohang__1khz_50ns_20deci_2m_UTC_20190918_214430.000,pohang,pohang,pohang,unlabel,2,/home/ted1204/MS_Detection_Datamaker/MS_datamaker_PH/data/unlabel/1khz_50ns_20deci_2m_UTC_20190918_214430.000.tdms,1khz_50ns_20deci_2m_UTC_20190918_214430.000.tdms,1khz_50ns_20deci_2m_UTC_20190918_214430.000,4.0,6.0,243,648,1000.0
1967,pohang__1khz_50ns_20deci_2m_UTC_20190918_214430.000,pohang,pohang,pohang,unlabel,2,/home/ted1204/MS_Detection_Datamaker/MS_datamaker_PH/data/unlabel/1khz_50ns_20deci_2m_UTC_20190918_214430.000.tdms,1khz_50ns_20deci_2m_UTC_20190918_214430.000.tdms,1khz_50ns_20deci_2m_UTC_20190918_214430.000,9.0,11.0,243,648,1000.0
1968,pohang__1khz_50ns_20deci_2m_UTC_20190918_214430.000,pohang,pohang,pohang,unlabel,2,/home/ted1204/MS_Detection_Datamaker/MS_datamaker_PH/data/unlabel/1khz_50ns_20deci_2m_UTC_20190918_214430.000.tdms,1khz_50ns_20deci_2m_UTC_20190918_214430.000.tdms,1khz_50ns_20deci_2m_UTC_20190918_214430.000,10.0,12.0,243,648,1000.0
1969,pohang__1khz_50ns_20deci_2m_UTC_20190918_214430.000,pohang,pohang,pohang,unlabel,2,/home/ted1204/MS_Detection_Datamaker/MS_datamaker_PH/data/unlabel/1khz_50ns_20deci_2m_UTC_20190918_214430.000.tdms,1khz_50ns_20deci_2m_UTC_20190918_214430.000.tdms,1khz_50ns_20deci_2m_UTC_20190918_214430.000,11.0,13.0,243,648,1000.0
1970,pohang__1khz_50ns_20deci_2m_UTC_20190918_214430.000,pohang,pohang,pohang,unlabel,2,/home/ted1204/MS_Detection_Datamaker/MS_datamaker_PH/data/unlabel/1khz_50ns_20deci_2m_UTC_20190918_214430.000.tdms,1khz_50ns_20deci_2m_UTC_20190918_214430.000.tdms,1khz_50ns_20deci_2m_UTC_20190918_214430.000,13.0,15.0,243,648,1000.0
1971,pohang__1khz_50ns_20deci_2m_UTC_20190918_214430.000,pohang,pohang,pohang,unlabel,2,/home/ted1204/MS_Detection_Datamaker/MS_datamaker_PH/data/unlabel/1khz_50ns_20deci_2m_UTC_20190918_214430.000.tdms,1khz_50ns_20deci_2m_UTC_20190918_214430.000.tdms,1khz_50ns_20deci_2m_UTC_20190918_214430.000,14.0,16.0,243,648,1000.0
1972,pohang__1khz_50ns_20deci_2m_UTC_20190918_214430.000,pohang,pohang,pohang,unlabel,2,/home/ted1204/MS_Detection_Datamaker/MS_datamaker_PH/data/unlabel/1khz_50ns_20deci_2m_UTC_20190918_214430.000.tdms,1khz_50ns_20deci_2m_UTC_20190918_214430.000.tdms,1khz_50ns_20deci_2m_UTC_20190918_214430.000,17.0,19.0,243,648,1000.0
1973,pohang__1khz_50ns_20deci_2m_UTC_20190918_214430.000,pohang,pohang,pohang,unlabel,2,/home/ted1204/MS_Detection_Datamaker/MS_datamaker_PH/data/unlabel/1khz_50ns_20deci_2m_UTC_20190918_214430.000.tdms,1khz_50ns_20deci_2m_UTC_20190918_214430.000.tdms,1khz_50ns_20deci_2m_UTC_20190918_214430.000,19.0,21.0,243,648,1000.0
1974,pohang__1khz_50ns_20deci_2m_UTC_20190918_214430.000,pohang,pohang,pohang,unlabel,2,/home/ted1204/MS_Detection_Datamaker/MS_datamaker_PH/data/unlabel/1khz_50ns_20deci_2m_UTC_20190918_214430.000.tdms,1khz_50ns_20deci_2m_UTC_20190918_214430.000.tdms,1khz_50ns_20deci_2m_UTC_20190918_214430.000,21.0,23.0,243,648,1000.0
1975,pohang__1khz_50ns_20deci_2m_UTC_20190918_214430.000,pohang,pohang,pohang,unlabel,2,/home/ted1204/MS_Detection_Datamaker/MS_datamaker_PH/data/unlabel/1khz_50ns_20deci_2m_UTC_20190918_214430.000.tdms,1khz_50ns_20deci_2m_UTC_20190918_214430.000.tdms,1khz_50ns_20deci_2m_UTC_20190918_214430.000,23.0,25.0,243,648,1000.0
1976,pohang__1khz_50ns_20deci_2m_UTC_20190918_214430.000,pohang,pohang,pohang,unlabel,2,/home/ted1204/MS_Detection_Datamaker/MS_datamaker_PH/data/unlabel/1khz_50ns_20deci_2m_UTC_20190918_214430.000.tdms,1khz_50ns_20deci_2m_UTC_20190918_214430.000.tdms,1khz_50ns_20deci_2m_UTC_20190918_214430.000,25.0,27.0,243,648,1000.0
1977,pohang__1khz_50ns_20deci_2m_UTC_20190918_214430.000,pohang,pohang,pohang,unlabel,2,/home/ted1204/MS_Detection_Datamaker/MS_datamaker_PH/data/unlabel/1khz_50ns_20deci_2m_UTC_20190918_214430.000.tdms,1khz_50ns_20deci_2m_UTC_20190918_214430.000.tdms,1khz_50ns_20deci_2m_UTC_20190918_214430.000,26.0,28.0,243,648,1000.0
1978,pohang__1khz_50ns_20deci_2m_UTC_20190918_214430.000,pohang,pohang,pohang,unlabel,2,/home/ted1204/MS_Detection_Datamaker/MS_datamaker_PH/data/unlabel/1khz_50ns_20deci_2m_UTC_20190918_214430.000.tdms,1khz_50ns_20deci_2m_UTC_20190918_214430.000.tdms,1khz_50ns_20deci_2m_UTC_20190918_214430.000,27.0,29.0,243,648,1000.0
1979,pohang__1khz_50ns_20deci_2m_UTC_20190918_214430.000,pohang,pohang,pohang,unlabel,2,/home/ted1204/MS_Detection_Datamaker/MS_datamaker_PH/data/unlabel/1khz_50ns_20deci_2m_UTC_20190918_214430.000.tdms,1khz_50ns_20deci_2m_UTC_20190918_214430.000.tdms,1khz_50ns_20deci_2m_UTC_20190918_214430.000,28.0,30.0,243,648,1000.0
1980,pohang__1khz_50ns_20deci_2m_UTC_20190919_160630.000,pohang,pohang,pohang,unlabel,2,/home/ted1204/MS_Detection_Datamaker/MS_datamaker_PH/data/unlabel/1khz_50ns_20deci_2m_UTC_20190919_160630.000.tdms,1khz_50ns_20deci_2m_UTC_20190919_160630.000.tdms,1khz_50ns_20deci_2m_UTC_20190919_160630.000,0.0,2.0,243,648,1000.0
1981,pohang__1khz_50ns_20deci_2m_UTC_20190919_160630.000,pohang,pohang,pohang,unlabel,2,/home/ted1204/MS_Detection_Datamaker/MS_datamaker_PH/data/unlabel/1khz_50ns_20deci_2m_UTC_20190919_160630.000.tdms,1khz_50ns_20deci_2m_UTC_20190919_160630.000.tdms,1khz_50ns_20deci_2m_UTC_20190919_160630.000,1.0,3.0,243,648,1000.0
1982,pohang__1khz_50ns_20deci_2m_UTC_20190919_160630.000,pohang,pohang,pohang,unlabel,2,/home/ted1204/MS_Detection_Datamaker/MS_datamaker_PH/data/unlabel/1khz_50ns_20deci_2m_UTC_20190919_160630.000.tdms,1khz_50ns_20deci_2m_UTC_20190919_160630.000.tdms,1khz_50ns_20deci_2m_UTC_20190919_160630.000,2.0,4.0,243,648,1000.0
1983,pohang__1khz_50ns_20deci_2m_UTC_20190919_160630.000,pohang,pohang,pohang,unlabel,2,/home/ted1204/MS_Detection_Datamaker/MS_datamaker_PH/data/unlabel/1khz_50ns_20deci_2m_UTC_20190919_160630.000.tdms,1khz_50ns_20deci_2m_UTC_20190919_160630.000.tdms,1khz_50ns_20deci_2m_UTC_20190919_160630.000,3.0,5.0,243,648,1000.0
1984,pohang__1khz_50ns_20deci_2m_UTC_20190919_160630.000,pohang,pohang,pohang,unlabel,2,/home/ted1204/MS_Detection_Datamaker/MS_datamaker_PH/data/unlabel/1khz_50ns_20deci_2m_UTC_20190919_160630.000.tdms,1khz_50ns_20deci_2m_UTC_20190919_160630.000.tdms,1khz_50ns_20deci_2m_UTC_20190919_160630.000,5.0,7.0,243,648,1000.0
1985,pohang__1khz_50ns_20deci_2m_UTC_20190919_160630.000,pohang,pohang,pohang,unlabel,2,/home/ted1204/MS_Detection_Datamaker/MS_datamaker_PH/data/unlabel/1khz_50ns_20deci_2m_UTC_20190919_160630.000.tdms,1khz_50ns_20deci_2m_UTC_20190919_160630.000.tdms,1khz_50ns_20deci_2m_UTC_20190919_160630.000,6.0,8.0,243,648,1000.0
1986,pohang__1khz_50ns_20deci_2m_UTC_20190919_160630.000,pohang,pohang,pohang,unlabel,2,/home/ted1204/MS_Detection_Datamaker/MS_datamaker_PH/data/unlabel/1khz_50ns_20deci_2m_UTC_20190919_160630.000.tdms,1khz_50ns_20deci_2m_UTC_20190919_160630.000.tdms,1khz_50ns_20deci_2m_UTC_20190919_160630.000,8.0,10.0,243,648,1000.0
1987,pohang__1khz_50ns_20deci_2m_UTC_20190919_160630.000,pohang,pohang,pohang,unlabel,2,/home/ted1204/MS_Detection_Datamaker/MS_datamaker_PH/data/unlabel/1khz_50ns_20deci_2m_UTC_20190919_160630.000.tdms,1khz_50ns_20deci_2m_UTC_20190919_160630.000.tdms,1khz_50ns_20deci_2m_UTC_20190919_160630.000,11.0,13.0,243,648,1000.0
1988,pohang__1khz_50ns_20deci_2m_UTC_20190919_160630.000,pohang,pohang,pohang,unlabel,2,/home/ted1204/MS_Detection_Datamaker/MS_datamaker_PH/data/unlabel/1khz_50ns_20deci_2m_UTC_20190919_160630.000.tdms,1khz_50ns_20deci_2m_UTC_20190919_160630.000.tdms,1khz_50ns_20deci_2m_UTC_20190919_160630.000,12.0,14.0,243,648,1000.0
1989,pohang__1khz_50ns_20deci_2m_UTC_20190919_160630.000,pohang,pohang,pohang,unlabel,2,/home/ted1204/MS_Detection_Datamaker/MS_datamaker_PH/data/unlabel/1khz_50ns_20deci_2m_UTC_20190919_160630.000.tdms,1khz_50ns_20deci_2m_UTC_20190919_160630.000.tdms,1khz_50ns_20deci_2m_UTC_20190919_160630.000,14.0,16.0,243,648,1000.0
1990,pohang__1khz_50ns_20deci_2m_UTC_20190919_160630.000,pohang,pohang,pohang,unlabel,2,/home/ted1204/MS_Detection_Datamaker/MS_datamaker_PH/data/unlabel/1khz_50ns_20deci_2m_UTC_20190919_160630.000.tdms,1khz_50ns_20deci_2m_UTC_20190919_160630.000.tdms,1khz_50ns_20deci_2m_UTC_20190919_160630.000,17.0,19.0,243,648,1000.0
1991,pohang__1khz_50ns_20deci_2m_UTC_20190919_160630.000,pohang,pohang,pohang,unlabel,2,/home/ted1204/MS_Detection_Datamaker/MS_datamaker_PH/data/unlabel/1khz_50ns_20deci_2m_UTC_20190919_160630.000.tdms,1khz_50ns_20deci_2m_UTC_20190919_160630.000.tdms,1khz_50ns_20deci_2m_UTC_20190919_160630.000,22.0,24.0,243,648,1000.0
1992,pohang__1khz_50ns_20deci_2m_UTC_20190919_160630.000,pohang,pohang,pohang,unlabel,2,/home/ted1204/MS_Detection_Datamaker/MS_datamaker_PH/data/unlabel/1khz_50ns_20deci_2m_UTC_20190919_160630.000.tdms,1khz_50ns_20deci_2m_UTC_20190919_160630.000.tdms,1khz_50ns_20deci_2m_UTC_20190919_160630.000,25.0,27.0,243,648,1000.0
1993,pohang__1khz_50ns_20deci_2m_UTC_20190919_160630.000,pohang,pohang,pohang,unlabel,2,/home/ted1204/MS_Detection_Datamaker/MS_datamaker_PH/data/unlabel/1khz_50ns_20deci_2m_UTC_20190919_160630.000.tdms,1khz_50ns_20deci_2m_UTC_20190919_160630.000.tdms,1khz_50ns_20deci_2m_UTC_20190919_160630.000,26.0,28.0,243,648,1000.0
1994,pohang__1khz_50ns_20deci_2m_UTC_20190919_160630.000,pohang,pohang,pohang,unlabel,2,/home/ted1204/MS_Detection_Datamaker/MS_datamaker_PH/data/unlabel/1khz_50ns_20deci_2m_UTC_20190919_160630.000.tdms,1khz_50ns_20deci_2m_UTC_20190919_160630.000.tdms,1khz_50ns_20deci_2m_UTC_20190919_160630.000,28.0,30.0,243,648,1000.0
1995,pohang__1khz_50ns_20deci_2m_UTC_20190920_130900.000,pohang,pohang,pohang,unlabel,2,/home/ted1204/MS_Detection_Datamaker/MS_datamaker_PH/data/unlabel/1khz_50ns_20deci_2m_UTC_20190920_130900.000.tdms,1khz_50ns_20deci_2m_UTC_20190920_130900.000.tdms,1khz_50ns_20deci_2m_UTC_20190920_130900.000,2.0,4.0,243,648,1000.0
1996,pohang__1khz_50ns_20deci_2m_UTC_20190920_130900.000,pohang,pohang,pohang,unlabel,2,/home/ted1204/MS_Detection_Datamaker/MS_datamaker_PH/data/unlabel/1khz_50ns_20deci_2m_UTC_20190920_130900.000.tdms,1khz_50ns_20deci_2m_UTC_20190920_130900.000.tdms,1khz_50ns_20deci_2m_UTC_20190920_130900.000,3.0,5.0,243,648,1000.0
1997,pohang__1khz_50ns_20deci_2m_UTC_20190920_130900.000,pohang,pohang,pohang,unlabel,2,/home/ted1204/MS_Detection_Datamaker/MS_datamaker_PH/data/unlabel/1khz_50ns_20deci_2m_UTC_20190920_130900.000.tdms,1khz_50ns_20deci_2m_UTC_20190920_130900.000.tdms,1khz_50ns_20deci_2m_UTC_20190920_130900.000,5.0,7.0,243,648,1000.0
1998,pohang__1khz_50ns_20deci_2m_UTC_20190920_130900.000,pohang,pohang,pohang,unlabel,2,/home/ted1204/MS_Detection_Datamaker/MS_datamaker_PH/data/unlabel/1khz_50ns_20deci_2m_UTC_20190920_130900.000.tdms,1khz_50ns_20deci_2m_UTC_20190920_130900.000.tdms,1khz_50ns_20deci_2m_UTC_20190920_130900.000,6.0,8.0,243,648,1000.0
1999,pohang__1khz_50ns_20deci_2m_UTC_20190920_130900.000,pohang,pohang,pohang,unlabel,2,/home/ted1204/MS_Detection_Datamaker/MS_datamaker_PH/data/unlabel/1khz_50ns_20deci_2m_UTC_20190920_130900.000.tdms,1khz_50ns_20deci_2m_UTC_20190920_130900.000.tdms,1khz_50ns_20deci_2m_UTC_20190920_130900.000,7.0,9.0,243,648,1000.0
2000,pohang__1khz_50ns_20deci_2m_UTC_20190920_130900.000,pohang,pohang,pohang,unlabel,2,/home/ted1204/MS_Detection_Datamaker/MS_datamaker_PH/data/unlabel/1khz_50ns_20deci_2m_UTC_20190920_130900.000.tdms,1khz_50ns_20deci_2m_UTC_20190920_130900.000.tdms,1khz_50ns_20deci_2m_UTC_20190920_130900.000,9.0,11.0,243,648,1000.0
2001,pohang__1khz_50ns_20deci_2m_UTC_20190920_130900.000,pohang,pohang,pohang,unlabel,2,/home/ted1204/MS_Detection_Datamaker/MS_datamaker_PH/data/unlabel/1khz_50ns_20deci_2m_UTC_20190920_130900.000.tdms,1khz_50ns_20deci_2m_UTC_20190920_130900.000.tdms,1khz_50ns_20deci_2m_UTC_20190920_130900.000,11.0,13.0,243,648,1000.0
2002,pohang__1khz_50ns_20deci_2m_UTC_20190920_130900.000,pohang,pohang,pohang,unlabel,2,/home/ted1204/MS_Detection_Datamaker/MS_datamaker_PH/data/unlabel/1khz_50ns_20deci_2m_UTC_20190920_130900.000.tdms,1khz_50ns_20deci_2m_UTC_20190920_130900.000.tdms,1khz_50ns_20deci_2m_UTC_20190920_130900.000,12.0,14.0,243,648,1000.0
2003,pohang__1khz_50ns_20deci_2m_UTC_20190920_130900.000,pohang,pohang,pohang,unlabel,2,/home/ted1204/MS_Detection_Datamaker/MS_datamaker_PH/data/unlabel/1khz_50ns_20deci_2m_UTC_20190920_130900.000.tdms,1khz_50ns_20deci_2m_UTC_20190920_130900.000.tdms,1khz_50ns_20deci_2m_UTC_20190920_130900.000,14.0,16.0,243,648,1000.0
2004,pohang__1khz_50ns_20deci_2m_UTC_20190920_130900.000,pohang,pohang,pohang,unlabel,2,/home/ted1204/MS_Detection_Datamaker/MS_datamaker_PH/data/unlabel/1khz_50ns_20deci_2m_UTC_20190920_130900.000.tdms,1khz_50ns_20deci_2m_UTC_20190920_130900.000.tdms,1khz_50ns_20deci_2m_UTC_20190920_130900.000,17.0,19.0,243,648,1000.0
2005,pohang__1khz_50ns_20deci_2m_UTC_20190920_130900.000,pohang,pohang,pohang,unlabel,2,/home/ted1204/MS_Detection_Datamaker/MS_datamaker_PH/data/unlabel/1khz_50ns_20deci_2m_UTC_20190920_130900.000.tdms,1khz_50ns_20deci_2m_UTC_20190920_130900.000.tdms,1khz_50ns_20deci_2m_UTC_20190920_130900.000,18.0,20.0,243,648,1000.0
2006,pohang__1khz_50ns_20deci_2m_UTC_20190920_130900.000,pohang,pohang,pohang,unlabel,2,/home/ted1204/MS_Detection_Datamaker/MS_datamaker_PH/data/unlabel/1khz_50ns_20deci_2m_UTC_20190920_130900.000.tdms,1khz_50ns_20deci_2m_UTC_20190920_130900.000.tdms,1khz_50ns_20deci_2m_UTC_20190920_130900.000,22.0,24.0,243,648,1000.0
2007,pohang__1khz_50ns_20deci_2m_UTC_20190920_130900.000,pohang,pohang,pohang,unlabel,2,/home/ted1204/MS_Detection_Datamaker/MS_datamaker_PH/data/unlabel/1khz_50ns_20deci_2m_UTC_20190920_130900.000.tdms,1khz_50ns_20deci_2m_UTC_20190920_130900.000.tdms,1khz_50ns_20deci_2m_UTC_20190920_130900.000,23.0,25.0,243,648,1000.0
2008,pohang__1khz_50ns_20deci_2m_UTC_20190920_130900.000,pohang,pohang,pohang,unlabel,2,/home/ted1204/MS_Detection_Datamaker/MS_datamaker_PH/data/unlabel/1khz_50ns_20deci_2m_UTC_20190920_130900.000.tdms,1khz_50ns_20deci_2m_UTC_20190920_130900.000.tdms,1khz_50ns_20deci_2m_UTC_20190920_130900.000,24.0,26.0,243,648,1000.0
2009,pohang__1khz_50ns_20deci_2m_UTC_20190920_130900.000,pohang,pohang,pohang,unlabel,2,/home/ted1204/MS_Detection_Datamaker/MS_datamaker_PH/data/unlabel/1khz_50ns_20deci_2m_UTC_20190920_130900.000.tdms,1khz_50ns_20deci_2m_UTC_20190920_130900.000.tdms,1khz_50ns_20deci_2m_UTC_20190920_130900.000,25.0,27.0,243,648,1000.0
2010,pohang__1khz_50ns_20deci_2m_UTC_20190921_102100.000,pohang,pohang,pohang,unlabel,2,/home/ted1204/MS_Detection_Datamaker/MS_datamaker_PH/data/unlabel/1khz_50ns_20deci_2m_UTC_20190921_102100.000.tdms,1khz_50ns_20deci_2m_UTC_20190921_102100.000.tdms,1khz_50ns_20deci_2m_UTC_20190921_102100.000,5.0,7.0,243,648,1000.0
2011,pohang__1khz_50ns_20deci_2m_UTC_20190921_102100.000,pohang,pohang,pohang,unlabel,2,/home/ted1204/MS_Detection_Datamaker/MS_datamaker_PH/data/unlabel/1khz_50ns_20deci_2m_UTC_20190921_102100.000.tdms,1khz_50ns_20deci_2m_UTC_20190921_102100.000.tdms,1khz_50ns_20deci_2m_UTC_20190921_102100.000,7.0,9.0,243,648,1000.0
2012,pohang__1khz_50ns_20deci_2m_UTC_20190921_102100.000,pohang,pohang,pohang,unlabel,2,/home/ted1204/MS_Detection_Datamaker/MS_datamaker_PH/data/unlabel/1khz_50ns_20deci_2m_UTC_20190921_102100.000.tdms,1khz_50ns_20deci_2m_UTC_20190921_102100.000.tdms,1khz_50ns_20deci_2m_UTC_20190921_102100.000,10.0,12.0,243,648,1000.0
2013,pohang__1khz_50ns_20deci_2m_UTC_20190921_102100.000,pohang,pohang,pohang,unlabel,2,/home/ted1204/MS_Detection_Datamaker/MS_datamaker_PH/data/unlabel/1khz_50ns_20deci_2m_UTC_20190921_102100.000.tdms,1khz_50ns_20deci_2m_UTC_20190921_102100.000.tdms,1khz_50ns_20deci_2m_UTC_20190921_102100.000,11.0,13.0,243,648,1000.0
2014,pohang__1khz_50ns_20deci_2m_UTC_20190921_102100.000,pohang,pohang,pohang,unlabel,2,/home/ted1204/MS_Detection_Datamaker/MS_datamaker_PH/data/unlabel/1khz_50ns_20deci_2m_UTC_20190921_102100.000.tdms,1khz_50ns_20deci_2m_UTC_20190921_102100.000.tdms,1khz_50ns_20deci_2m_UTC_20190921_102100.000,13.0,15.0,243,648,1000.0
2015,pohang__1khz_50ns_20deci_2m_UTC_20190921_102100.000,pohang,pohang,pohang,unlabel,2,/home/ted1204/MS_Detection_Datamaker/MS_datamaker_PH/data/unlabel/1khz_50ns_20deci_2m_UTC_20190921_102100.000.tdms,1khz_50ns_20deci_2m_UTC_20190921_102100.000.tdms,1khz_50ns_20deci_2m_UTC_20190921_102100.000,14.0,16.0,243,648,1000.0
2016,pohang__1khz_50ns_20deci_2m_UTC_20190921_102100.000,pohang,pohang,pohang,unlabel,2,/home/ted1204/MS_Detection_Datamaker/MS_datamaker_PH/data/unlabel/1khz_50ns_20deci_2m_UTC_20190921_102100.000.tdms,1khz_50ns_20deci_2m_UTC_20190921_102100.000.tdms,1khz_50ns_20deci_2m_UTC_20190921_102100.000,18.0,20.0,243,648,1000.0
2017,pohang__1khz_50ns_20deci_2m_UTC_20190921_102100.000,pohang,pohang,pohang,unlabel,2,/home/ted1204/MS_Detection_Datamaker/MS_datamaker_PH/data/unlabel/1khz_50ns_20deci_2m_UTC_20190921_102100.000.tdms,1khz_50ns_20deci_2m_UTC_20190921_102100.000.tdms,1khz_50ns_20deci_2m_UTC_20190921_102100.000,19.0,21.0,243,648,1000.0
2018,pohang__1khz_50ns_20deci_2m_UTC_20190921_102100.000,pohang,pohang,pohang,unlabel,2,/home/ted1204/MS_Detection_Datamaker/MS_datamaker_PH/data/unlabel/1khz_50ns_20deci_2m_UTC_20190921_102100.000.tdms,1khz_50ns_20deci_2m_UTC_20190921_102100.000.tdms,1khz_50ns_20deci_2m_UTC_20190921_102100.000,20.0,22.0,243,648,1000.0
2019,pohang__1khz_50ns_20deci_2m_UTC_20190921_102100.000,pohang,pohang,pohang,unlabel,2,/home/ted1204/MS_Detection_Datamaker/MS_datamaker_PH/data/unlabel/1khz_50ns_20deci_2m_UTC_20190921_102100.000.tdms,1khz_50ns_20deci_2m_UTC_20190921_102100.000.tdms,1khz_50ns_20deci_2m_UTC_20190921_102100.000,21.0,23.0,243,648,1000.0
2020,pohang__1khz_50ns_20deci_2m_UTC_20190921_102100.000,pohang,pohang,pohang,unlabel,2,/home/ted1204/MS_Detection_Datamaker/MS_datamaker_PH/data/unlabel/1khz_50ns_20deci_2m_UTC_20190921_102100.000.tdms,1khz_50ns_20deci_2m_UTC_20190921_102100.000.tdms,1khz_50ns_20deci_2m_UTC_20190921_102100.000,22.0,24.0,243,648,1000.0
2021,pohang__1khz_50ns_20deci_2m_UTC_20190921_102100.000,pohang,pohang,pohang,unlabel,2,/home/ted1204/MS_Detection_Datamaker/MS_datamaker_PH/data/unlabel/1khz_50ns_20deci_2m_UTC_20190921_102100.000.tdms,1khz_50ns_20deci_2m_UTC_20190921_102100.000.tdms,1khz_50ns_20deci_2m_UTC_20190921_102100.000,23.0,25.0,243,648,1000.0
2022,pohang__1khz_50ns_20deci_2m_UTC_20190921_102100.000,pohang,pohang,pohang,unlabel,2,/home/ted1204/MS_Detection_Datamaker/MS_datamaker_PH/data/unlabel/1khz_50ns_20deci_2m_UTC_20190921_102100.000.tdms,1khz_50ns_20deci_2m_UTC_20190921_102100.000.tdms,1khz_50ns_20deci_2m_UTC_20190921_102100.000,25.0,27.0,243,648,1000.0
2023,pohang__1khz_50ns_20deci_2m_UTC_20190921_102100.000,pohang,pohang,pohang,unlabel,2,/home/ted1204/MS_Detection_Datamaker/MS_datamaker_PH/data/unlabel/1khz_50ns_20deci_2m_UTC_20190921_102100.000.tdms,1khz_50ns_20deci_2m_UTC_20190921_102100.000.tdms,1khz_50ns_20deci_2m_UTC_20190921_102100.000,26.0,28.0,243,648,1000.0
2024,pohang__1khz_50ns_20deci_2m_UTC_20190921_102100.000,pohang,pohang,pohang,unlabel,2,/home/ted1204/MS_Detection_Datamaker/MS_datamaker_PH/data/unlabel/1khz_50ns_20deci_2m_UTC_20190921_102100.000.tdms,1khz_50ns_20deci_2m_UTC_20190921_102100.000.tdms,1khz_50ns_20deci_2m_UTC_20190921_102100.000,28.0,30.0,243,648,1000.0
2025,pohang__1khz_50ns_20deci_2m_UTC_20190922_155530.000,pohang,pohang,pohang,unlabel,2,/home/ted1204/MS_Detection_Datamaker/MS_datamaker_PH/data/unlabel/1khz_50ns_20deci_2m_UTC_20190922_155530.000.tdms,1khz_50ns_20deci_2m_UTC_20190922_155530.000.tdms,1khz_50ns_20deci_2m_UTC_20190922_155530.000,0.0,2.0,243,648,1000.0
2026,pohang__1khz_50ns_20deci_2m_UTC_20190922_155530.000,pohang,pohang,pohang,unlabel,2,/home/ted1204/MS_Detection_Datamaker/MS_datamaker_PH/data/unlabel/1khz_50ns_20deci_2m_UTC_20190922_155530.000.tdms,1khz_50ns_20deci_2m_UTC_20190922_155530.000.tdms,1khz_50ns_20deci_2m_UTC_20190922_155530.000,2.0,4.0,243,648,1000.0
2027,pohang__1khz_50ns_20deci_2m_UTC_20190922_155530.000,pohang,pohang,pohang,unlabel,2,/home/ted1204/MS_Detection_Datamaker/MS_datamaker_PH/data/unlabel/1khz_50ns_20deci_2m_UTC_20190922_155530.000.tdms,1khz_50ns_20deci_2m_UTC_20190922_155530.000.tdms,1khz_50ns_20deci_2m_UTC_20190922_155530.000,5.0,7.0,243,648,1000.0
2028,pohang__1khz_50ns_20deci_2m_UTC_20190922_155530.000,pohang,pohang,pohang,unlabel,2,/home/ted1204/MS_Detection_Datamaker/MS_datamaker_PH/data/unlabel/1khz_50ns_20deci_2m_UTC_20190922_155530.000.tdms,1khz_50ns_20deci_2m_UTC_20190922_155530.000.tdms,1khz_50ns_20deci_2m_UTC_20190922_155530.000,7.0,9.0,243,648,1000.0
2029,pohang__1khz_50ns_20deci_2m_UTC_20190922_155530.000,pohang,pohang,pohang,unlabel,2,/home/ted1204/MS_Detection_Datamaker/MS_datamaker_PH/data/unlabel/1khz_50ns_20deci_2m_UTC_20190922_155530.000.tdms,1khz_50ns_20deci_2m_UTC_20190922_155530.000.tdms,1khz_50ns_20deci_2m_UTC_20190922_155530.000,9.0,11.0,243,648,1000.0
2030,pohang__1khz_50ns_20deci_2m_UTC_20190922_155530.000,pohang,pohang,pohang,unlabel,2,/home/ted1204/MS_Detection_Datamaker/MS_datamaker_PH/data/unlabel/1khz_50ns_20deci_2m_UTC_20190922_155530.000.tdms,1khz_50ns_20deci_2m_UTC_20190922_155530.000.tdms,1khz_50ns_20deci_2m_UTC_20190922_155530.000,12.0,14.0,243,648,1000.0
2031,pohang__1khz_50ns_20deci_2m_UTC_20190922_155530.000,pohang,pohang,pohang,unlabel,2,/home/ted1204/MS_Detection_Datamaker/MS_datamaker_PH/data/unlabel/1khz_50ns_20deci_2m_UTC_20190922_155530.000.tdms,1khz_50ns_20deci_2m_UTC_20190922_155530.000.tdms,1khz_50ns_20deci_2m_UTC_20190922_155530.000,14.0,16.0,243,648,1000.0
2032,pohang__1khz_50ns_20deci_2m_UTC_20190922_155530.000,pohang,pohang,pohang,unlabel,2,/home/ted1204/MS_Detection_Datamaker/MS_datamaker_PH/data/unlabel/1khz_50ns_20deci_2m_UTC_20190922_155530.000.tdms,1khz_50ns_20deci_2m_UTC_20190922_155530.000.tdms,1khz_50ns_20deci_2m_UTC_20190922_155530.000,16.0,18.0,243,648,1000.0
2033,pohang__1khz_50ns_20deci_2m_UTC_20190922_155530.000,pohang,pohang,pohang,unlabel,2,/home/ted1204/MS_Detection_Datamaker/MS_datamaker_PH/data/unlabel/1khz_50ns_20deci_2m_UTC_20190922_155530.000.tdms,1khz_50ns_20deci_2m_UTC_20190922_155530.000.tdms,1khz_50ns_20deci_2m_UTC_20190922_155530.000,17.0,19.0,243,648,1000.0
2034,pohang__1khz_50ns_20deci_2m_UTC_20190922_155530.000,pohang,pohang,pohang,unlabel,2,/home/ted1204/MS_Detection_Datamaker/MS_datamaker_PH/data/unlabel/1khz_50ns_20deci_2m_UTC_20190922_155530.000.tdms,1khz_50ns_20deci_2m_UTC_20190922_155530.000.tdms,1khz_50ns_20deci_2m_UTC_20190922_155530.000,19.0,21.0,243,648,1000.0
2035,pohang__1khz_50ns_20deci_2m_UTC_20190922_155530.000,pohang,pohang,pohang,unlabel,2,/home/ted1204/MS_Detection_Datamaker/MS_datamaker_PH/data/unlabel/1khz_50ns_20deci_2m_UTC_20190922_155530.000.tdms,1khz_50ns_20deci_2m_UTC_20190922_155530.000.tdms,1khz_50ns_20deci_2m_UTC_20190922_155530.000,22.0,24.0,243,648,1000.0
2036,pohang__1khz_50ns_20deci_2m_UTC_20190922_155530.000,pohang,pohang,pohang,unlabel,2,/home/ted1204/MS_Detection_Datamaker/MS_datamaker_PH/data/unlabel/1khz_50ns_20deci_2m_UTC_20190922_155530.000.tdms,1khz_50ns_20deci_2m_UTC_20190922_155530.000.tdms,1khz_50ns_20deci_2m_UTC_20190922_155530.000,24.0,26.0,243,648,1000.0
2037,pohang__1khz_50ns_20deci_2m_UTC_20190922_155530.000,pohang,pohang,pohang,unlabel,2,/home/ted1204/MS_Detection_Datamaker/MS_datamaker_PH/data/unlabel/1khz_50ns_20deci_2m_UTC_20190922_155530.000.tdms,1khz_50ns_20deci_2m_UTC_20190922_155530.000.tdms,1khz_50ns_20deci_2m_UTC_20190922_155530.000,25.0,27.0,243,648,1000.0
2038,pohang__1khz_50ns_20deci_2m_UTC_20190922_155530.000,pohang,pohang,pohang,unlabel,2,/home/ted1204/MS_Detection_Datamaker/MS_datamaker_PH/data/unlabel/1khz_50ns_20deci_2m_UTC_20190922_155530.000.tdms,1khz_50ns_20deci_2m_UTC_20190922_155530.000.tdms,1khz_50ns_20deci_2m_UTC_20190922_155530.000,26.0,28.0,243,648,1000.0
2039,pohang__1khz_50ns_20deci_2m_UTC_20190922_155530.000,pohang,pohang,pohang,unlabel,2,/home/ted1204/MS_Detection_Datamaker/MS_datamaker_PH/data/unlabel/1khz_50ns_20deci_2m_UTC_20190922_155530.000.tdms,1khz_50ns_20deci_2m_UTC_20190922_155530.000.tdms,1khz_50ns_20deci_2m_UTC_20190922_155530.000,28.0,30.0,243,648,1000.0
2040,pohang__1khz_50ns_20deci_2m_UTC_20190924_015200.000,pohang,pohang,pohang,unlabel,2,/home/ted1204/MS_Detection_Datamaker/MS_datamaker_PH/data/unlabel/1khz_50ns_20deci_2m_UTC_20190924_015200.000.tdms,1khz_50ns_20deci_2m_UTC_20190924_015200.000.tdms,1khz_50ns_20deci_2m_UTC_20190924_015200.000,3.0,5.0,243,648,1000.0
2041,pohang__1khz_50ns_20deci_2m_UTC_20190924_015200.000,pohang,pohang,pohang,unlabel,2,/home/ted1204/MS_Detection_Datamaker/MS_datamaker_PH/data/unlabel/1khz_50ns_20deci_2m_UTC_20190924_015200.000.tdms,1khz_50ns_20deci_2m_UTC_20190924_015200.000.tdms,1khz_50ns_20deci_2m_UTC_20190924_015200.000,4.0,6.0,243,648,1000.0
2042,pohang__1khz_50ns_20deci_2m_UTC_20190924_015200.000,pohang,pohang,pohang,unlabel,2,/home/ted1204/MS_Detection_Datamaker/MS_datamaker_PH/data/unlabel/1khz_50ns_20deci_2m_UTC_20190924_015200.000.tdms,1khz_50ns_20deci_2m_UTC_20190924_015200.000.tdms,1khz_50ns_20deci_2m_UTC_20190924_015200.000,6.0,8.0,243,648,1000.0
2043,pohang__1khz_50ns_20deci_2m_UTC_20190924_015200.000,pohang,pohang,pohang,unlabel,2,/home/ted1204/MS_Detection_Datamaker/MS_datamaker_PH/data/unlabel/1khz_50ns_20deci_2m_UTC_20190924_015200.000.tdms,1khz_50ns_20deci_2m_UTC_20190924_015200.000.tdms,1khz_50ns_20deci_2m_UTC_20190924_015200.000,7.0,9.0,243,648,1000.0
2044,pohang__1khz_50ns_20deci_2m_UTC_20190924_015200.000,pohang,pohang,pohang,unlabel,2,/home/ted1204/MS_Detection_Datamaker/MS_datamaker_PH/data/unlabel/1khz_50ns_20deci_2m_UTC_20190924_015200.000.tdms,1khz_50ns_20deci_2m_UTC_20190924_015200.000.tdms,1khz_50ns_20deci_2m_UTC_20190924_015200.000,8.0,10.0,243,648,1000.0
2045,pohang__1khz_50ns_20deci_2m_UTC_20190924_015200.000,pohang,pohang,pohang,unlabel,2,/home/ted1204/MS_Detection_Datamaker/MS_datamaker_PH/data/unlabel/1khz_50ns_20deci_2m_UTC_20190924_015200.000.tdms,1khz_50ns_20deci_2m_UTC_20190924_015200.000.tdms,1khz_50ns_20deci_2m_UTC_20190924_015200.000,9.0,11.0,243,648,1000.0
2046,pohang__1khz_50ns_20deci_2m_UTC_20190924_015200.000,pohang,pohang,pohang,unlabel,2,/home/ted1204/MS_Detection_Datamaker/MS_datamaker_PH/data/unlabel/1khz_50ns_20deci_2m_UTC_20190924_015200.000.tdms,1khz_50ns_20deci_2m_UTC_20190924_015200.000.tdms,1khz_50ns_20deci_2m_UTC_20190924_015200.000,11.0,13.0,243,648,1000.0
2047,pohang__1khz_50ns_20deci_2m_UTC_20190924_015200.000,pohang,pohang,pohang,unlabel,2,/home/ted1204/MS_Detection_Datamaker/MS_datamaker_PH/data/unlabel/1khz_50ns_20deci_2m_UTC_20190924_015200.000.tdms,1khz_50ns_20deci_2m_UTC_20190924_015200.000.tdms,1khz_50ns_20deci_2m_UTC_20190924_015200.000,12.0,14.0,243,648,1000.0
2048,pohang__1khz_50ns_20deci_2m_UTC_20190924_015200.000,pohang,pohang,pohang,unlabel,2,/home/ted1204/MS_Detection_Datamaker/MS_datamaker_PH/data/unlabel/1khz_50ns_20deci_2m_UTC_20190924_015200.000.tdms,1khz_50ns_20deci_2m_UTC_20190924_015200.000.tdms,1khz_50ns_20deci_2m_UTC_20190924_015200.000,13.0,15.0,243,648,1000.0
2049,pohang__1khz_50ns_20deci_2m_UTC_20190924_015200.000,pohang,pohang,pohang,unlabel,2,/home/ted1204/MS_Detection_Datamaker/MS_datamaker_PH/data/unlabel/1khz_50ns_20deci_2m_UTC_20190924_015200.000.tdms,1khz_50ns_20deci_2m_UTC_20190924_015200.000.tdms,1khz_50ns_20deci_2m_UTC_20190924_015200.000,14.0,16.0,243,648,1000.0
2050,pohang__1khz_50ns_20deci_2m_UTC_20190924_015200.000,pohang,pohang,pohang,unlabel,2,/home/ted1204/MS_Detection_Datamaker/MS_datamaker_PH/data/unlabel/1khz_50ns_20deci_2m_UTC_20190924_015200.000.tdms,1khz_50ns_20deci_2m_UTC_20190924_015200.000.tdms,1khz_50ns_20deci_2m_UTC_20190924_015200.000,15.0,17.0,243,648,1000.0
2051,pohang__1khz_50ns_20deci_2m_UTC_20190924_015200.000,pohang,pohang,pohang,unlabel,2,/home/ted1204/MS_Detection_Datamaker/MS_datamaker_PH/data/unlabel/1khz_50ns_20deci_2m_UTC_20190924_015200.000.tdms,1khz_50ns_20deci_2m_UTC_20190924_015200.000.tdms,1khz_50ns_20deci_2m_UTC_20190924_015200.000,19.0,21.0,243,648,1000.0
2052,pohang__1khz_50ns_20deci_2m_UTC_20190924_015200.000,pohang,pohang,pohang,unlabel,2,/home/ted1204/MS_Detection_Datamaker/MS_datamaker_PH/data/unlabel/1khz_50ns_20deci_2m_UTC_20190924_015200.000.tdms,1khz_50ns_20deci_2m_UTC_20190924_015200.000.tdms,1khz_50ns_20deci_2m_UTC_20190924_015200.000,21.0,23.0,243,648,1000.0
2053,pohang__1khz_50ns_20deci_2m_UTC_20190924_015200.000,pohang,pohang,pohang,unlabel,2,/home/ted1204/MS_Detection_Datamaker/MS_datamaker_PH/data/unlabel/1khz_50ns_20deci_2m_UTC_20190924_015200.000.tdms,1khz_50ns_20deci_2m_UTC_20190924_015200.000.tdms,1khz_50ns_20deci_2m_UTC_20190924_015200.000,22.0,24.0,243,648,1000.0
2054,pohang__1khz_50ns_20deci_2m_UTC_20190924_015200.000,pohang,pohang,pohang,unlabel,2,/home/ted1204/MS_Detection_Datamaker/MS_datamaker_PH/data/unlabel/1khz_50ns_20deci_2m_UTC_20190924_015200.000.tdms,1khz_50ns_20deci_2m_UTC_20190924_015200.000.tdms,1khz_50ns_20deci_2m_UTC_20190924_015200.000,23.0,25.0,243,648,1000.0
2055,pohang__1khz_50ns_20deci_2m_UTC_20190924_034400.000,pohang,pohang,pohang,unlabel,2,/home/ted1204/MS_Detection_Datamaker/MS_datamaker_PH/data/unlabel/1khz_50ns_20deci_2m_UTC_20190924_034400.000.tdms,1khz_50ns_20deci_2m_UTC_20190924_034400.000.tdms,1khz_50ns_20deci_2m_UTC_20190924_034400.000,3.0,5.0,243,648,1000.0
2056,pohang__1khz_50ns_20deci_2m_UTC_20190924_034400.000,pohang,pohang,pohang,unlabel,2,/home/ted1204/MS_Detection_Datamaker/MS_datamaker_PH/data/unlabel/1khz_50ns_20deci_2m_UTC_20190924_034400.000.tdms,1khz_50ns_20deci_2m_UTC_20190924_034400.000.tdms,1khz_50ns_20deci_2m_UTC_20190924_034400.000,4.0,6.0,243,648,1000.0
2057,pohang__1khz_50ns_20deci_2m_UTC_20190924_034400.000,pohang,pohang,pohang,unlabel,2,/home/ted1204/MS_Detection_Datamaker/MS_datamaker_PH/data/unlabel/1khz_50ns_20deci_2m_UTC_20190924_034400.000.tdms,1khz_50ns_20deci_2m_UTC_20190924_034400.000.tdms,1khz_50ns_20deci_2m_UTC_20190924_034400.000,5.0,7.0,243,648,1000.0
2058,pohang__1khz_50ns_20deci_2m_UTC_20190924_034400.000,pohang,pohang,pohang,unlabel,2,/home/ted1204/MS_Detection_Datamaker/MS_datamaker_PH/data/unlabel/1khz_50ns_20deci_2m_UTC_20190924_034400.000.tdms,1khz_50ns_20deci_2m_UTC_20190924_034400.000.tdms,1khz_50ns_20deci_2m_UTC_20190924_034400.000,7.0,9.0,243,648,1000.0
2059,pohang__1khz_50ns_20deci_2m_UTC_20190924_034400.000,pohang,pohang,pohang,unlabel,2,/home/ted1204/MS_Detection_Datamaker/MS_datamaker_PH/data/unlabel/1khz_50ns_20deci_2m_UTC_20190924_034400.000.tdms,1khz_50ns_20deci_2m_UTC_20190924_034400.000.tdms,1khz_50ns_20deci_2m_UTC_20190924_034400.000,11.0,13.0,243,648,1000.0
2060,pohang__1khz_50ns_20deci_2m_UTC_20190924_034400.000,pohang,pohang,pohang,unlabel,2,/home/ted1204/MS_Detection_Datamaker/MS_datamaker_PH/data/unlabel/1khz_50ns_20deci_2m_UTC_20190924_034400.000.tdms,1khz_50ns_20deci_2m_UTC_20190924_034400.000.tdms,1khz_50ns_20deci_2m_UTC_20190924_034400.000,12.0,14.0,243,648,1000.0
2061,pohang__1khz_50ns_20deci_2m_UTC_20190924_034400.000,pohang,pohang,pohang,unlabel,2,/home/ted1204/MS_Detection_Datamaker/MS_datamaker_PH/data/unlabel/1khz_50ns_20deci_2m_UTC_20190924_034400.000.tdms,1khz_50ns_20deci_2m_UTC_20190924_034400.000.tdms,1khz_50ns_20deci_2m_UTC_20190924_034400.000,13.0,15.0,243,648,1000.0
2062,pohang__1khz_50ns_20deci_2m_UTC_20190924_034400.000,pohang,pohang,pohang,unlabel,2,/home/ted1204/MS_Detection_Datamaker/MS_datamaker_PH/data/unlabel/1khz_50ns_20deci_2m_UTC_20190924_034400.000.tdms,1khz_50ns_20deci_2m_UTC_20190924_034400.000.tdms,1khz_50ns_20deci_2m_UTC_20190924_034400.000,15.0,17.0,243,648,1000.0
2063,pohang__1khz_50ns_20deci_2m_UTC_20190924_034400.000,pohang,pohang,pohang,unlabel,2,/home/ted1204/MS_Detection_Datamaker/MS_datamaker_PH/data/unlabel/1khz_50ns_20deci_2m_UTC_20190924_034400.000.tdms,1khz_50ns_20deci_2m_UTC_20190924_034400.000.tdms,1khz_50ns_20deci_2m_UTC_20190924_034400.000,16.0,18.0,243,648,1000.0
2064,pohang__1khz_50ns_20deci_2m_UTC_20190924_034400.000,pohang,pohang,pohang,unlabel,2,/home/ted1204/MS_Detection_Datamaker/MS_datamaker_PH/data/unlabel/1khz_50ns_20deci_2m_UTC_20190924_034400.000.tdms,1khz_50ns_20deci_2m_UTC_20190924_034400.000.tdms,1khz_50ns_20deci_2m_UTC_20190924_034400.000,17.0,19.0,243,648,1000.0
2065,pohang__1khz_50ns_20deci_2m_UTC_20190924_034400.000,pohang,pohang,pohang,unlabel,2,/home/ted1204/MS_Detection_Datamaker/MS_datamaker_PH/data/unlabel/1khz_50ns_20deci_2m_UTC_20190924_034400.000.tdms,1khz_50ns_20deci_2m_UTC_20190924_034400.000.tdms,1khz_50ns_20deci_2m_UTC_20190924_034400.000,18.0,20.0,243,648,1000.0
2066,pohang__1khz_50ns_20deci_2m_UTC_20190924_034400.000,pohang,pohang,pohang,unlabel,2,/home/ted1204/MS_Detection_Datamaker/MS_datamaker_PH/data/unlabel/1khz_50ns_20deci_2m_UTC_20190924_034400.000.tdms,1khz_50ns_20deci_2m_UTC_20190924_034400.000.tdms,1khz_50ns_20deci_2m_UTC_20190924_034400.000,19.0,21.0,243,648,1000.0
2067,pohang__1khz_50ns_20deci_2m_UTC_20190924_034400.000,pohang,pohang,pohang,unlabel,2,/home/ted1204/MS_Detection_Datamaker/MS_datamaker_PH/data/unlabel/1khz_50ns_20deci_2m_UTC_20190924_034400.000.tdms,1khz_50ns_20deci_2m_UTC_20190924_034400.000.tdms,1khz_50ns_20deci_2m_UTC_20190924_034400.000,24.0,26.0,243,648,1000.0
2068,pohang__1khz_50ns_20deci_2m_UTC_20190924_034400.000,pohang,pohang,pohang,unlabel,2,/home/ted1204/MS_Detection_Datamaker/MS_datamaker_PH/data/unlabel/1khz_50ns_20deci_2m_UTC_20190924_034400.000.tdms,1khz_50ns_20deci_2m_UTC_20190924_034400.000.tdms,1khz_50ns_20deci_2m_UTC_20190924_034400.000,26.0,28.0,243,648,1000.0
2069,pohang__1khz_50ns_20deci_2m_UTC_20190924_034400.000,pohang,pohang,pohang,unlabel,2,/home/ted1204/MS_Detection_Datamaker/MS_datamaker_PH/data/unlabel/1khz_50ns_20deci_2m_UTC_20190924_034400.000.tdms,1khz_50ns_20deci_2m_UTC_20190924_034400.000.tdms,1khz_50ns_20deci_2m_UTC_20190924_034400.000,28.0,30.0,243,648,1000.0
2070,pohang__1khz_50ns_20deci_2m_UTC_20190924_062930.000,pohang,pohang,pohang,unlabel,2,/home/ted1204/MS_Detection_Datamaker/MS_datamaker_PH/data/unlabel/1khz_50ns_20deci_2m_UTC_20190924_062930.000.tdms,1khz_50ns_20deci_2m_UTC_20190924_062930.000.tdms,1khz_50ns_20deci_2m_UTC_20190924_062930.000,0.0,2.0,243,648,1000.0
2071,pohang__1khz_50ns_20deci_2m_UTC_20190924_062930.000,pohang,pohang,pohang,unlabel,2,/home/ted1204/MS_Detection_Datamaker/MS_datamaker_PH/data/unlabel/1khz_50ns_20deci_2m_UTC_20190924_062930.000.tdms,1khz_50ns_20deci_2m_UTC_20190924_062930.000.tdms,1khz_50ns_20deci_2m_UTC_20190924_062930.000,1.0,3.0,243,648,1000.0
2072,pohang__1khz_50ns_20deci_2m_UTC_20190924_062930.000,pohang,pohang,pohang,unlabel,2,/home/ted1204/MS_Detection_Datamaker/MS_datamaker_PH/data/unlabel/1khz_50ns_20deci_2m_UTC_20190924_062930.000.tdms,1khz_50ns_20deci_2m_UTC_20190924_062930.000.tdms,1khz_50ns_20deci_2m_UTC_20190924_062930.000,2.0,4.0,243,648,1000.0
2073,pohang__1khz_50ns_20deci_2m_UTC_20190924_062930.000,pohang,pohang,pohang,unlabel,2,/home/ted1204/MS_Detection_Datamaker/MS_datamaker_PH/data/unlabel/1khz_50ns_20deci_2m_UTC_20190924_062930.000.tdms,1khz_50ns_20deci_2m_UTC_20190924_062930.000.tdms,1khz_50ns_20deci_2m_UTC_20190924_062930.000,3.0,5.0,243,648,1000.0
2074,pohang__1khz_50ns_20deci_2m_UTC_20190924_062930.000,pohang,pohang,pohang,unlabel,2,/home/ted1204/MS_Detection_Datamaker/MS_datamaker_PH/data/unlabel/1khz_50ns_20deci_2m_UTC_20190924_062930.000.tdms,1khz_50ns_20deci_2m_UTC_20190924_062930.000.tdms,1khz_50ns_20deci_2m_UTC_20190924_062930.000,4.0,6.0,243,648,1000.0
2075,pohang__1khz_50ns_20deci_2m_UTC_20190924_062930.000,pohang,pohang,pohang,unlabel,2,/home/ted1204/MS_Detection_Datamaker/MS_datamaker_PH/data/unlabel/1khz_50ns_20deci_2m_UTC_20190924_062930.000.tdms,1khz_50ns_20deci_2m_UTC_20190924_062930.000.tdms,1khz_50ns_20deci_2m_UTC_20190924_062930.000,5.0,7.0,243,648,1000.0
2076,pohang__1khz_50ns_20deci_2m_UTC_20190924_062930.000,pohang,pohang,pohang,unlabel,2,/home/ted1204/MS_Detection_Datamaker/MS_datamaker_PH/data/unlabel/1khz_50ns_20deci_2m_UTC_20190924_062930.000.tdms,1khz_50ns_20deci_2m_UTC_20190924_062930.000.tdms,1khz_50ns_20deci_2m_UTC_20190924_062930.000,8.0,10.0,243,648,1000.0
2077,pohang__1khz_50ns_20deci_2m_UTC_20190924_062930.000,pohang,pohang,pohang,unlabel,2,/home/ted1204/MS_Detection_Datamaker/MS_datamaker_PH/data/unlabel/1khz_50ns_20deci_2m_UTC_20190924_062930.000.tdms,1khz_50ns_20deci_2m_UTC_20190924_062930.000.tdms,1khz_50ns_20deci_2m_UTC_20190924_062930.000,10.0,12.0,243,648,1000.0
2078,pohang__1khz_50ns_20deci_2m_UTC_20190924_062930.000,pohang,pohang,pohang,unlabel,2,/home/ted1204/MS_Detection_Datamaker/MS_datamaker_PH/data/unlabel/1khz_50ns_20deci_2m_UTC_20190924_062930.000.tdms,1khz_50ns_20deci_2m_UTC_20190924_062930.000.tdms,1khz_50ns_20deci_2m_UTC_20190924_062930.000,11.0,13.0,243,648,1000.0
2079,pohang__1khz_50ns_20deci_2m_UTC_20190924_062930.000,pohang,pohang,pohang,unlabel,2,/home/ted1204/MS_Detection_Datamaker/MS_datamaker_PH/data/unlabel/1khz_50ns_20deci_2m_UTC_20190924_062930.000.tdms,1khz_50ns_20deci_2m_UTC_20190924_062930.000.tdms,1khz_50ns_20deci_2m_UTC_20190924_062930.000,12.0,14.0,243,648,1000.0
2080,pohang__1khz_50ns_20deci_2m_UTC_20190924_062930.000,pohang,pohang,pohang,unlabel,2,/home/ted1204/MS_Detection_Datamaker/MS_datamaker_PH/data/unlabel/1khz_50ns_20deci_2m_UTC_20190924_062930.000.tdms,1khz_50ns_20deci_2m_UTC_20190924_062930.000.tdms,1khz_50ns_20deci_2m_UTC_20190924_062930.000,15.0,17.0,243,648,1000.0
2081,pohang__1khz_50ns_20deci_2m_UTC_20190924_062930.000,pohang,pohang,pohang,unlabel,2,/home/ted1204/MS_Detection_Datamaker/MS_datamaker_PH/data/unlabel/1khz_50ns_20deci_2m_UTC_20190924_062930.000.tdms,1khz_50ns_20deci_2m_UTC_20190924_062930.000.tdms,1khz_50ns_20deci_2m_UTC_20190924_062930.000,16.0,18.0,243,648,1000.0
2082,pohang__1khz_50ns_20deci_2m_UTC_20190924_062930.000,pohang,pohang,pohang,unlabel,2,/home/ted1204/MS_Detection_Datamaker/MS_datamaker_PH/data/unlabel/1khz_50ns_20deci_2m_UTC_20190924_062930.000.tdms,1khz_50ns_20deci_2m_UTC_20190924_062930.000.tdms,1khz_50ns_20deci_2m_UTC_20190924_062930.000,18.0,20.0,243,648,1000.0
2083,pohang__1khz_50ns_20deci_2m_UTC_20190924_062930.000,pohang,pohang,pohang,unlabel,2,/home/ted1204/MS_Detection_Datamaker/MS_datamaker_PH/data/unlabel/1khz_50ns_20deci_2m_UTC_20190924_062930.000.tdms,1khz_50ns_20deci_2m_UTC_20190924_062930.000.tdms,1khz_50ns_20deci_2m_UTC_20190924_062930.000,20.0,22.0,243,648,1000.0
2084,pohang__1khz_50ns_20deci_2m_UTC_20190924_062930.000,pohang,pohang,pohang,unlabel,2,/home/ted1204/MS_Detection_Datamaker/MS_datamaker_PH/data/unlabel/1khz_50ns_20deci_2m_UTC_20190924_062930.000.tdms,1khz_50ns_20deci_2m_UTC_20190924_062930.000.tdms,1khz_50ns_20deci_2m_UTC_20190924_062930.000,27.0,29.0,243,648,1000.0
2085,pohang__1khz_50ns_20deci_2m_UTC_20190924_180600.000,pohang,pohang,pohang,unlabel,2,/home/ted1204/MS_Detection_Datamaker/MS_datamaker_PH/data/unlabel/1khz_50ns_20deci_2m_UTC_20190924_180600.000.tdms,1khz_50ns_20deci_2m_UTC_20190924_180600.000.tdms,1khz_50ns_20deci_2m_UTC_20190924_180600.000,1.0,3.0,243,648,1000.0
2086,pohang__1khz_50ns_20deci_2m_UTC_20190924_180600.000,pohang,pohang,pohang,unlabel,2,/home/ted1204/MS_Detection_Datamaker/MS_datamaker_PH/data/unlabel/1khz_50ns_20deci_2m_UTC_20190924_180600.000.tdms,1khz_50ns_20deci_2m_UTC_20190924_180600.000.tdms,1khz_50ns_20deci_2m_UTC_20190924_180600.000,2.0,4.0,243,648,1000.0
2087,pohang__1khz_50ns_20deci_2m_UTC_20190924_180600.000,pohang,pohang,pohang,unlabel,2,/home/ted1204/MS_Detection_Datamaker/MS_datamaker_PH/data/unlabel/1khz_50ns_20deci_2m_UTC_20190924_180600.000.tdms,1khz_50ns_20deci_2m_UTC_20190924_180600.000.tdms,1khz_50ns_20deci_2m_UTC_20190924_180600.000,5.0,7.0,243,648,1000.0
2088,pohang__1khz_50ns_20deci_2m_UTC_20190924_180600.000,pohang,pohang,pohang,unlabel,2,/home/ted1204/MS_Detection_Datamaker/MS_datamaker_PH/data/unlabel/1khz_50ns_20deci_2m_UTC_20190924_180600.000.tdms,1khz_50ns_20deci_2m_UTC_20190924_180600.000.tdms,1khz_50ns_20deci_2m_UTC_20190924_180600.000,10.0,12.0,243,648,1000.0
2089,pohang__1khz_50ns_20deci_2m_UTC_20190924_180600.000,pohang,pohang,pohang,unlabel,2,/home/ted1204/MS_Detection_Datamaker/MS_datamaker_PH/data/unlabel/1khz_50ns_20deci_2m_UTC_20190924_180600.000.tdms,1khz_50ns_20deci_2m_UTC_20190924_180600.000.tdms,1khz_50ns_20deci_2m_UTC_20190924_180600.000,11.0,13.0,243,648,1000.0
2090,pohang__1khz_50ns_20deci_2m_UTC_20190924_180600.000,pohang,pohang,pohang,unlabel,2,/home/ted1204/MS_Detection_Datamaker/MS_datamaker_PH/data/unlabel/1khz_50ns_20deci_2m_UTC_20190924_180600.000.tdms,1khz_50ns_20deci_2m_UTC_20190924_180600.000.tdms,1khz_50ns_20deci_2m_UTC_20190924_180600.000,12.0,14.0,243,648,1000.0
2091,pohang__1khz_50ns_20deci_2m_UTC_20190924_180600.000,pohang,pohang,pohang,unlabel,2,/home/ted1204/MS_Detection_Datamaker/MS_datamaker_PH/data/unlabel/1khz_50ns_20deci_2m_UTC_20190924_180600.000.tdms,1khz_50ns_20deci_2m_UTC_20190924_180600.000.tdms,1khz_50ns_20deci_2m_UTC_20190924_180600.000,14.0,16.0,243,648,1000.0
2092,pohang__1khz_50ns_20deci_2m_UTC_20190924_180600.000,pohang,pohang,pohang,unlabel,2,/home/ted1204/MS_Detection_Datamaker/MS_datamaker_PH/data/unlabel/1khz_50ns_20deci_2m_UTC_20190924_180600.000.tdms,1khz_50ns_20deci_2m_UTC_20190924_180600.000.tdms,1khz_50ns_20deci_2m_UTC_20190924_180600.000,15.0,17.0,243,648,1000.0
2093,pohang__1khz_50ns_20deci_2m_UTC_20190924_180600.000,pohang,pohang,pohang,unlabel,2,/home/ted1204/MS_Detection_Datamaker/MS_datamaker_PH/data/unlabel/1khz_50ns_20deci_2m_UTC_20190924_180600.000.tdms,1khz_50ns_20deci_2m_UTC_20190924_180600.000.tdms,1khz_50ns_20deci_2m_UTC_20190924_180600.000,18.0,20.0,243,648,1000.0
2094,pohang__1khz_50ns_20deci_2m_UTC_20190924_180600.000,pohang,pohang,pohang,unlabel,2,/home/ted1204/MS_Detection_Datamaker/MS_datamaker_PH/data/unlabel/1khz_50ns_20deci_2m_UTC_20190924_180600.000.tdms,1khz_50ns_20deci_2m_UTC_20190924_180600.000.tdms,1khz_50ns_20deci_2m_UTC_20190924_180600.000,19.0,21.0,243,648,1000.0
2095,pohang__1khz_50ns_20deci_2m_UTC_20190924_180600.000,pohang,pohang,pohang,unlabel,2,/home/ted1204/MS_Detection_Datamaker/MS_datamaker_PH/data/unlabel/1khz_50ns_20deci_2m_UTC_20190924_180600.000.tdms,1khz_50ns_20deci_2m_UTC_20190924_180600.000.tdms,1khz_50ns_20deci_2m_UTC_20190924_180600.000,20.0,22.0,243,648,1000.0
2096,pohang__1khz_50ns_20deci_2m_UTC_20190924_180600.000,pohang,pohang,pohang,unlabel,2,/home/ted1204/MS_Detection_Datamaker/MS_datamaker_PH/data/unlabel/1khz_50ns_20deci_2m_UTC_20190924_180600.000.tdms,1khz_50ns_20deci_2m_UTC_20190924_180600.000.tdms,1khz_50ns_20deci_2m_UTC_20190924_180600.000,21.0,23.0,243,648,1000.0
2097,pohang__1khz_50ns_20deci_2m_UTC_20190924_180600.000,pohang,pohang,pohang,unlabel,2,/home/ted1204/MS_Detection_Datamaker/MS_datamaker_PH/data/unlabel/1khz_50ns_20deci_2m_UTC_20190924_180600.000.tdms,1khz_50ns_20deci_2m_UTC_20190924_180600.000.tdms,1khz_50ns_20deci_2m_UTC_20190924_180600.000,22.0,24.0,243,648,1000.0
2098,pohang__1khz_50ns_20deci_2m_UTC_20190924_180600.000,pohang,pohang,pohang,unlabel,2,/home/ted1204/MS_Detection_Datamaker/MS_datamaker_PH/data/unlabel/1khz_50ns_20deci_2m_UTC_20190924_180600.000.tdms,1khz_50ns_20deci_2m_UTC_20190924_180600.000.tdms,1khz_50ns_20deci_2m_UTC_20190924_180600.000,24.0,26.0,243,648,1000.0
2099,pohang__1khz_50ns_20deci_2m_UTC_20190924_180600.000,pohang,pohang,pohang,unlabel,2,/home/ted1204/MS_Detection_Datamaker/MS_datamaker_PH/data/unlabel/1khz_50ns_20deci_2m_UTC_20190924_180600.000.tdms,1khz_50ns_20deci_2m_UTC_20190924_180600.000.tdms,1khz_50ns_20deci_2m_UTC_20190924_180600.000,28.0,30.0,243,648,1000.0
2100,pohang__1khz_50ns_20deci_2m_UTC_20190924_183800.000,pohang,pohang,pohang,unlabel,2,/home/ted1204/MS_Detection_Datamaker/MS_datamaker_PH/data/unlabel/1khz_50ns_20deci_2m_UTC_20190924_183800.000.tdms,1khz_50ns_20deci_2m_UTC_20190924_183800.000.tdms,1khz_50ns_20deci_2m_UTC_20190924_183800.000,0.0,2.0,243,648,1000.0
2101,pohang__1khz_50ns_20deci_2m_UTC_20190924_183800.000,pohang,pohang,pohang,unlabel,2,/home/ted1204/MS_Detection_Datamaker/MS_datamaker_PH/data/unlabel/1khz_50ns_20deci_2m_UTC_20190924_183800.000.tdms,1khz_50ns_20deci_2m_UTC_20190924_183800.000.tdms,1khz_50ns_20deci_2m_UTC_20190924_183800.000,1.0,3.0,243,648,1000.0
2102,pohang__1khz_50ns_20deci_2m_UTC_20190924_183800.000,pohang,pohang,pohang,unlabel,2,/home/ted1204/MS_Detection_Datamaker/MS_datamaker_PH/data/unlabel/1khz_50ns_20deci_2m_UTC_20190924_183800.000.tdms,1khz_50ns_20deci_2m_UTC_20190924_183800.000.tdms,1khz_50ns_20deci_2m_UTC_20190924_183800.000,3.0,5.0,243,648,1000.0
2103,pohang__1khz_50ns_20deci_2m_UTC_20190924_183800.000,pohang,pohang,pohang,unlabel,2,/home/ted1204/MS_Detection_Datamaker/MS_datamaker_PH/data/unlabel/1khz_50ns_20deci_2m_UTC_20190924_183800.000.tdms,1khz_50ns_20deci_2m_UTC_20190924_183800.000.tdms,1khz_50ns_20deci_2m_UTC_20190924_183800.000,4.0,6.0,243,648,1000.0
2104,pohang__1khz_50ns_20deci_2m_UTC_20190924_183800.000,pohang,pohang,pohang,unlabel,2,/home/ted1204/MS_Detection_Datamaker/MS_datamaker_PH/data/unlabel/1khz_50ns_20deci_2m_UTC_20190924_183800.000.tdms,1khz_50ns_20deci_2m_UTC_20190924_183800.000.tdms,1khz_50ns_20deci_2m_UTC_20190924_183800.000,7.0,9.0,243,648,1000.0
2105,pohang__1khz_50ns_20deci_2m_UTC_20190924_183800.000,pohang,pohang,pohang,unlabel,2,/home/ted1204/MS_Detection_Datamaker/MS_datamaker_PH/data/unlabel/1khz_50ns_20deci_2m_UTC_20190924_183800.000.tdms,1khz_50ns_20deci_2m_UTC_20190924_183800.000.tdms,1khz_50ns_20deci_2m_UTC_20190924_183800.000,12.0,14.0,243,648,1000.0
2106,pohang__1khz_50ns_20deci_2m_UTC_20190924_183800.000,pohang,pohang,pohang,unlabel,2,/home/ted1204/MS_Detection_Datamaker/MS_datamaker_PH/data/unlabel/1khz_50ns_20deci_2m_UTC_20190924_183800.000.tdms,1khz_50ns_20deci_2m_UTC_20190924_183800.000.tdms,1khz_50ns_20deci_2m_UTC_20190924_183800.000,14.0,16.0,243,648,1000.0
2107,pohang__1khz_50ns_20deci_2m_UTC_20190924_183800.000,pohang,pohang,pohang,unlabel,2,/home/ted1204/MS_Detection_Datamaker/MS_datamaker_PH/data/unlabel/1khz_50ns_20deci_2m_UTC_20190924_183800.000.tdms,1khz_50ns_20deci_2m_UTC_20190924_183800.000.tdms,1khz_50ns_20deci_2m_UTC_20190924_183800.000,16.0,18.0,243,648,1000.0
2108,pohang__1khz_50ns_20deci_2m_UTC_20190924_183800.000,pohang,pohang,pohang,unlabel,2,/home/ted1204/MS_Detection_Datamaker/MS_datamaker_PH/data/unlabel/1khz_50ns_20deci_2m_UTC_20190924_183800.000.tdms,1khz_50ns_20deci_2m_UTC_20190924_183800.000.tdms,1khz_50ns_20deci_2m_UTC_20190924_183800.000,18.0,20.0,243,648,1000.0
2109,pohang__1khz_50ns_20deci_2m_UTC_20190924_183800.000,pohang,pohang,pohang,unlabel,2,/home/ted1204/MS_Detection_Datamaker/MS_datamaker_PH/data/unlabel/1khz_50ns_20deci_2m_UTC_20190924_183800.000.tdms,1khz_50ns_20deci_2m_UTC_20190924_183800.000.tdms,1khz_50ns_20deci_2m_UTC_20190924_183800.000,20.0,22.0,243,648,1000.0
2110,pohang__1khz_50ns_20deci_2m_UTC_20190924_183800.000,pohang,pohang,pohang,unlabel,2,/home/ted1204/MS_Detection_Datamaker/MS_datamaker_PH/data/unlabel/1khz_50ns_20deci_2m_UTC_20190924_183800.000.tdms,1khz_50ns_20deci_2m_UTC_20190924_183800.000.tdms,1khz_50ns_20deci_2m_UTC_20190924_183800.000,21.0,23.0,243,648,1000.0
2111,pohang__1khz_50ns_20deci_2m_UTC_20190924_183800.000,pohang,pohang,pohang,unlabel,2,/home/ted1204/MS_Detection_Datamaker/MS_datamaker_PH/data/unlabel/1khz_50ns_20deci_2m_UTC_20190924_183800.000.tdms,1khz_50ns_20deci_2m_UTC_20190924_183800.000.tdms,1khz_50ns_20deci_2m_UTC_20190924_183800.000,24.0,26.0,243,648,1000.0
2112,pohang__1khz_50ns_20deci_2m_UTC_20190924_183800.000,pohang,pohang,pohang,unlabel,2,/home/ted1204/MS_Detection_Datamaker/MS_datamaker_PH/data/unlabel/1khz_50ns_20deci_2m_UTC_20190924_183800.000.tdms,1khz_50ns_20deci_2m_UTC_20190924_183800.000.tdms,1khz_50ns_20deci_2m_UTC_20190924_183800.000,25.0,27.0,243,648,1000.0
2113,pohang__1khz_50ns_20deci_2m_UTC_20190924_183800.000,pohang,pohang,pohang,unlabel,2,/home/ted1204/MS_Detection_Datamaker/MS_datamaker_PH/data/unlabel/1khz_50ns_20deci_2m_UTC_20190924_183800.000.tdms,1khz_50ns_20deci_2m_UTC_20190924_183800.000.tdms,1khz_50ns_20deci_2m_UTC_20190924_183800.000,26.0,28.0,243,648,1000.0
2114,pohang__1khz_50ns_20deci_2m_UTC_20190924_183800.000,pohang,pohang,pohang,unlabel,2,/home/ted1204/MS_Detection_Datamaker/MS_datamaker_PH/data/unlabel/1khz_50ns_20deci_2m_UTC_20190924_183800.000.tdms,1khz_50ns_20deci_2m_UTC_20190924_183800.000.tdms,1khz_50ns_20deci_2m_UTC_20190924_183800.000,28.0,30.0,243,648,1000.0
2115,pohang__1khz_50ns_20deci_2m_UTC_20190924_235230.000,pohang,pohang,pohang,unlabel,2,/home/ted1204/MS_Detection_Datamaker/MS_datamaker_PH/data/unlabel/1khz_50ns_20deci_2m_UTC_20190924_235230.000.tdms,1khz_50ns_20deci_2m_UTC_20190924_235230.000.tdms,1khz_50ns_20deci_2m_UTC_20190924_235230.000,3.0,5.0,243,648,1000.0
2116,pohang__1khz_50ns_20deci_2m_UTC_20190924_235230.000,pohang,pohang,pohang,unlabel,2,/home/ted1204/MS_Detection_Datamaker/MS_datamaker_PH/data/unlabel/1khz_50ns_20deci_2m_UTC_20190924_235230.000.tdms,1khz_50ns_20deci_2m_UTC_20190924_235230.000.tdms,1khz_50ns_20deci_2m_UTC_20190924_235230.000,4.0,6.0,243,648,1000.0
2117,pohang__1khz_50ns_20deci_2m_UTC_20190924_235230.000,pohang,pohang,pohang,unlabel,2,/home/ted1204/MS_Detection_Datamaker/MS_datamaker_PH/data/unlabel/1khz_50ns_20deci_2m_UTC_20190924_235230.000.tdms,1khz_50ns_20deci_2m_UTC_20190924_235230.000.tdms,1khz_50ns_20deci_2m_UTC_20190924_235230.000,6.0,8.0,243,648,1000.0
2118,pohang__1khz_50ns_20deci_2m_UTC_20190924_235230.000,pohang,pohang,pohang,unlabel,2,/home/ted1204/MS_Detection_Datamaker/MS_datamaker_PH/data/unlabel/1khz_50ns_20deci_2m_UTC_20190924_235230.000.tdms,1khz_50ns_20deci_2m_UTC_20190924_235230.000.tdms,1khz_50ns_20deci_2m_UTC_20190924_235230.000,7.0,9.0,243,648,1000.0
2119,pohang__1khz_50ns_20deci_2m_UTC_20190924_235230.000,pohang,pohang,pohang,unlabel,2,/home/ted1204/MS_Detection_Datamaker/MS_datamaker_PH/data/unlabel/1khz_50ns_20deci_2m_UTC_20190924_235230.000.tdms,1khz_50ns_20deci_2m_UTC_20190924_235230.000.tdms,1khz_50ns_20deci_2m_UTC_20190924_235230.000,11.0,13.0,243,648,1000.0
2120,pohang__1khz_50ns_20deci_2m_UTC_20190924_235230.000,pohang,pohang,pohang,unlabel,2,/home/ted1204/MS_Detection_Datamaker/MS_datamaker_PH/data/unlabel/1khz_50ns_20deci_2m_UTC_20190924_235230.000.tdms,1khz_50ns_20deci_2m_UTC_20190924_235230.000.tdms,1khz_50ns_20deci_2m_UTC_20190924_235230.000,13.0,15.0,243,648,1000.0
2121,pohang__1khz_50ns_20deci_2m_UTC_20190924_235230.000,pohang,pohang,pohang,unlabel,2,/home/ted1204/MS_Detection_Datamaker/MS_datamaker_PH/data/unlabel/1khz_50ns_20deci_2m_UTC_20190924_235230.000.tdms,1khz_50ns_20deci_2m_UTC_20190924_235230.000.tdms,1khz_50ns_20deci_2m_UTC_20190924_235230.000,15.0,17.0,243,648,1000.0
2122,pohang__1khz_50ns_20deci_2m_UTC_20190924_235230.000,pohang,pohang,pohang,unlabel,2,/home/ted1204/MS_Detection_Datamaker/MS_datamaker_PH/data/unlabel/1khz_50ns_20deci_2m_UTC_20190924_235230.000.tdms,1khz_50ns_20deci_2m_UTC_20190924_235230.000.tdms,1khz_50ns_20deci_2m_UTC_20190924_235230.000,16.0,18.0,243,648,1000.0
2123,pohang__1khz_50ns_20deci_2m_UTC_20190924_235230.000,pohang,pohang,pohang,unlabel,2,/home/ted1204/MS_Detection_Datamaker/MS_datamaker_PH/data/unlabel/1khz_50ns_20deci_2m_UTC_20190924_235230.000.tdms,1khz_50ns_20deci_2m_UTC_20190924_235230.000.tdms,1khz_50ns_20deci_2m_UTC_20190924_235230.000,17.0,19.0,243,648,1000.0
2124,pohang__1khz_50ns_20deci_2m_UTC_20190924_235230.000,pohang,pohang,pohang,unlabel,2,/home/ted1204/MS_Detection_Datamaker/MS_datamaker_PH/data/unlabel/1khz_50ns_20deci_2m_UTC_20190924_235230.000.tdms,1khz_50ns_20deci_2m_UTC_20190924_235230.000.tdms,1khz_50ns_20deci_2m_UTC_20190924_235230.000,18.0,20.0,243,648,1000.0
2125,pohang__1khz_50ns_20deci_2m_UTC_20190924_235230.000,pohang,pohang,pohang,unlabel,2,/home/ted1204/MS_Detection_Datamaker/MS_datamaker_PH/data/unlabel/1khz_50ns_20deci_2m_UTC_20190924_235230.000.tdms,1khz_50ns_20deci_2m_UTC_20190924_235230.000.tdms,1khz_50ns_20deci_2m_UTC_20190924_235230.000,19.0,21.0,243,648,1000.0
2126,pohang__1khz_50ns_20deci_2m_UTC_20190924_235230.000,pohang,pohang,pohang,unlabel,2,/home/ted1204/MS_Detection_Datamaker/MS_datamaker_PH/data/unlabel/1khz_50ns_20deci_2m_UTC_20190924_235230.000.tdms,1khz_50ns_20deci_2m_UTC_20190924_235230.000.tdms,1khz_50ns_20deci_2m_UTC_20190924_235230.000,22.0,24.0,243,648,1000.0
2127,pohang__1khz_50ns_20deci_2m_UTC_20190924_235230.000,pohang,pohang,pohang,unlabel,2,/home/ted1204/MS_Detection_Datamaker/MS_datamaker_PH/data/unlabel/1khz_50ns_20deci_2m_UTC_20190924_235230.000.tdms,1khz_50ns_20deci_2m_UTC_20190924_235230.000.tdms,1khz_50ns_20deci_2m_UTC_20190924_235230.000,23.0,25.0,243,648,1000.0
2128,pohang__1khz_50ns_20deci_2m_UTC_20190924_235230.000,pohang,pohang,pohang,unlabel,2,/home/ted1204/MS_Detection_Datamaker/MS_datamaker_PH/data/unlabel/1khz_50ns_20deci_2m_UTC_20190924_235230.000.tdms,1khz_50ns_20deci_2m_UTC_20190924_235230.000.tdms,1khz_50ns_20deci_2m_UTC_20190924_235230.000,26.0,28.0,243,648,1000.0
2129,pohang__1khz_50ns_20deci_2m_UTC_20190924_235230.000,pohang,pohang,pohang,unlabel,2,/home/ted1204/MS_Detection_Datamaker/MS_datamaker_PH/data/unlabel/1khz_50ns_20deci_2m_UTC_20190924_235230.000.tdms,1khz_50ns_20deci_2m_UTC_20190924_235230.000.tdms,1khz_50ns_20deci_2m_UTC_20190924_235230.000,27.0,29.0,243,648,1000.0
2130,pohang__1khz_50ns_20deci_2m_UTC_20190927_074030.000,pohang,pohang,pohang,unlabel,2,/home/ted1204/MS_Detection_Datamaker/MS_datamaker_PH/data/unlabel/1khz_50ns_20deci_2m_UTC_20190927_074030.000.tdms,1khz_50ns_20deci_2m_UTC_20190927_074030.000.tdms,1khz_50ns_20deci_2m_UTC_20190927_074030.000,1.0,3.0,243,648,1000.0
2131,pohang__1khz_50ns_20deci_2m_UTC_20190927_074030.000,pohang,pohang,pohang,unlabel,2,/home/ted1204/MS_Detection_Datamaker/MS_datamaker_PH/data/unlabel/1khz_50ns_20deci_2m_UTC_20190927_074030.000.tdms,1khz_50ns_20deci_2m_UTC_20190927_074030.000.tdms,1khz_50ns_20deci_2m_UTC_20190927_074030.000,2.0,4.0,243,648,1000.0
2132,pohang__1khz_50ns_20deci_2m_UTC_20190927_074030.000,pohang,pohang,pohang,unlabel,2,/home/ted1204/MS_Detection_Datamaker/MS_datamaker_PH/data/unlabel/1khz_50ns_20deci_2m_UTC_20190927_074030.000.tdms,1khz_50ns_20deci_2m_UTC_20190927_074030.000.tdms,1khz_50ns_20deci_2m_UTC_20190927_074030.000,4.0,6.0,243,648,1000.0
2133,pohang__1khz_50ns_20deci_2m_UTC_20190927_074030.000,pohang,pohang,pohang,unlabel,2,/home/ted1204/MS_Detection_Datamaker/MS_datamaker_PH/data/unlabel/1khz_50ns_20deci_2m_UTC_20190927_074030.000.tdms,1khz_50ns_20deci_2m_UTC_20190927_074030.000.tdms,1khz_50ns_20deci_2m_UTC_20190927_074030.000,5.0,7.0,243,648,1000.0
2134,pohang__1khz_50ns_20deci_2m_UTC_20190927_074030.000,pohang,pohang,pohang,unlabel,2,/home/ted1204/MS_Detection_Datamaker/MS_datamaker_PH/data/unlabel/1khz_50ns_20deci_2m_UTC_20190927_074030.000.tdms,1khz_50ns_20deci_2m_UTC_20190927_074030.000.tdms,1khz_50ns_20deci_2m_UTC_20190927_074030.000,8.0,10.0,243,648,1000.0
2135,pohang__1khz_50ns_20deci_2m_UTC_20190927_074030.000,pohang,pohang,pohang,unlabel,2,/home/ted1204/MS_Detection_Datamaker/MS_datamaker_PH/data/unlabel/1khz_50ns_20deci_2m_UTC_20190927_074030.000.tdms,1khz_50ns_20deci_2m_UTC_20190927_074030.000.tdms,1khz_50ns_20deci_2m_UTC_20190927_074030.000,9.0,11.0,243,648,1000.0
2136,pohang__1khz_50ns_20deci_2m_UTC_20190927_074030.000,pohang,pohang,pohang,unlabel,2,/home/ted1204/MS_Detection_Datamaker/MS_datamaker_PH/data/unlabel/1khz_50ns_20deci_2m_UTC_20190927_074030.000.tdms,1khz_50ns_20deci_2m_UTC_20190927_074030.000.tdms,1khz_50ns_20deci_2m_UTC_20190927_074030.000,11.0,13.0,243,648,1000.0
2137,pohang__1khz_50ns_20deci_2m_UTC_20190927_074030.000,pohang,pohang,pohang,unlabel,2,/home/ted1204/MS_Detection_Datamaker/MS_datamaker_PH/data/unlabel/1khz_50ns_20deci_2m_UTC_20190927_074030.000.tdms,1khz_50ns_20deci_2m_UTC_20190927_074030.000.tdms,1khz_50ns_20deci_2m_UTC_20190927_074030.000,13.0,15.0,243,648,1000.0
2138,pohang__1khz_50ns_20deci_2m_UTC_20190927_074030.000,pohang,pohang,pohang,unlabel,2,/home/ted1204/MS_Detection_Datamaker/MS_datamaker_PH/data/unlabel/1khz_50ns_20deci_2m_UTC_20190927_074030.000.tdms,1khz_50ns_20deci_2m_UTC_20190927_074030.000.tdms,1khz_50ns_20deci_2m_UTC_20190927_074030.000,16.0,18.0,243,648,1000.0
2139,pohang__1khz_50ns_20deci_2m_UTC_20190927_074030.000,pohang,pohang,pohang,unlabel,2,/home/ted1204/MS_Detection_Datamaker/MS_datamaker_PH/data/unlabel/1khz_50ns_20deci_2m_UTC_20190927_074030.000.tdms,1khz_50ns_20deci_2m_UTC_20190927_074030.000.tdms,1khz_50ns_20deci_2m_UTC_20190927_074030.000,17.0,19.0,243,648,1000.0
2140,pohang__1khz_50ns_20deci_2m_UTC_20190927_074030.000,pohang,pohang,pohang,unlabel,2,/home/ted1204/MS_Detection_Datamaker/MS_datamaker_PH/data/unlabel/1khz_50ns_20deci_2m_UTC_20190927_074030.000.tdms,1khz_50ns_20deci_2m_UTC_20190927_074030.000.tdms,1khz_50ns_20deci_2m_UTC_20190927_074030.000,18.0,20.0,243,648,1000.0
2141,pohang__1khz_50ns_20deci_2m_UTC_20190927_074030.000,pohang,pohang,pohang,unlabel,2,/home/ted1204/MS_Detection_Datamaker/MS_datamaker_PH/data/unlabel/1khz_50ns_20deci_2m_UTC_20190927_074030.000.tdms,1khz_50ns_20deci_2m_UTC_20190927_074030.000.tdms,1khz_50ns_20deci_2m_UTC_20190927_074030.000,19.0,21.0,243,648,1000.0
2142,pohang__1khz_50ns_20deci_2m_UTC_20190927_074030.000,pohang,pohang,pohang,unlabel,2,/home/ted1204/MS_Detection_Datamaker/MS_datamaker_PH/data/unlabel/1khz_50ns_20deci_2m_UTC_20190927_074030.000.tdms,1khz_50ns_20deci_2m_UTC_20190927_074030.000.tdms,1khz_50ns_20deci_2m_UTC_20190927_074030.000,22.0,24.0,243,648,1000.0
2143,pohang__1khz_50ns_20deci_2m_UTC_20190927_074030.000,pohang,pohang,pohang,unlabel,2,/home/ted1204/MS_Detection_Datamaker/MS_datamaker_PH/data/unlabel/1khz_50ns_20deci_2m_UTC_20190927_074030.000.tdms,1khz_50ns_20deci_2m_UTC_20190927_074030.000.tdms,1khz_50ns_20deci_2m_UTC_20190927_074030.000,23.0,25.0,243,648,1000.0
2144,pohang__1khz_50ns_20deci_2m_UTC_20190927_074030.000,pohang,pohang,pohang,unlabel,2,/home/ted1204/MS_Detection_Datamaker/MS_datamaker_PH/data/unlabel/1khz_50ns_20deci_2m_UTC_20190927_074030.000.tdms,1khz_50ns_20deci_2m_UTC_20190927_074030.000.tdms,1khz_50ns_20deci_2m_UTC_20190927_074030.000,25.0,27.0,243,648,1000.0
2145,pohang__1khz_50ns_20deci_2m_UTC_20190928_051730.000,pohang,pohang,pohang,unlabel,2,/home/ted1204/MS_Detection_Datamaker/MS_datamaker_PH/data/unlabel/1khz_50ns_20deci_2m_UTC_20190928_051730.000.tdms,1khz_50ns_20deci_2m_UTC_20190928_051730.000.tdms,1khz_50ns_20deci_2m_UTC_20190928_051730.000,0.0,2.0,243,648,1000.0
2146,pohang__1khz_50ns_20deci_2m_UTC_20190928_051730.000,pohang,pohang,pohang,unlabel,2,/home/ted1204/MS_Detection_Datamaker/MS_datamaker_PH/data/unlabel/1khz_50ns_20deci_2m_UTC_20190928_051730.000.tdms,1khz_50ns_20deci_2m_UTC_20190928_051730.000.tdms,1khz_50ns_20deci_2m_UTC_20190928_051730.000,3.0,5.0,243,648,1000.0
2147,pohang__1khz_50ns_20deci_2m_UTC_20190928_051730.000,pohang,pohang,pohang,unlabel,2,/home/ted1204/MS_Detection_Datamaker/MS_datamaker_PH/data/unlabel/1khz_50ns_20deci_2m_UTC_20190928_051730.000.tdms,1khz_50ns_20deci_2m_UTC_20190928_051730.000.tdms,1khz_50ns_20deci_2m_UTC_20190928_051730.000,5.0,7.0,243,648,1000.0
2148,pohang__1khz_50ns_20deci_2m_UTC_20190928_051730.000,pohang,pohang,pohang,unlabel,2,/home/ted1204/MS_Detection_Datamaker/MS_datamaker_PH/data/unlabel/1khz_50ns_20deci_2m_UTC_20190928_051730.000.tdms,1khz_50ns_20deci_2m_UTC_20190928_051730.000.tdms,1khz_50ns_20deci_2m_UTC_20190928_051730.000,6.0,8.0,243,648,1000.0
2149,pohang__1khz_50ns_20deci_2m_UTC_20190928_051730.000,pohang,pohang,pohang,unlabel,2,/home/ted1204/MS_Detection_Datamaker/MS_datamaker_PH/data/unlabel/1khz_50ns_20deci_2m_UTC_20190928_051730.000.tdms,1khz_50ns_20deci_2m_UTC_20190928_051730.000.tdms,1khz_50ns_20deci_2m_UTC_20190928_051730.000,7.0,9.0,243,648,1000.0
2150,pohang__1khz_50ns_20deci_2m_UTC_20190928_051730.000,pohang,pohang,pohang,unlabel,2,/home/ted1204/MS_Detection_Datamaker/MS_datamaker_PH/data/unlabel/1khz_50ns_20deci_2m_UTC_20190928_051730.000.tdms,1khz_50ns_20deci_2m_UTC_20190928_051730.000.tdms,1khz_50ns_20deci_2m_UTC_20190928_051730.000,8.0,10.0,243,648,1000.0
2151,pohang__1khz_50ns_20deci_2m_UTC_20190928_051730.000,pohang,pohang,pohang,unlabel,2,/home/ted1204/MS_Detection_Datamaker/MS_datamaker_PH/data/unlabel/1khz_50ns_20deci_2m_UTC_20190928_051730.000.tdms,1khz_50ns_20deci_2m_UTC_20190928_051730.000.tdms,1khz_50ns_20deci_2m_UTC_20190928_051730.000,11.0,13.0,243,648,1000.0
2152,pohang__1khz_50ns_20deci_2m_UTC_20190928_051730.000,pohang,pohang,pohang,unlabel,2,/home/ted1204/MS_Detection_Datamaker/MS_datamaker_PH/data/unlabel/1khz_50ns_20deci_2m_UTC_20190928_051730.000.tdms,1khz_50ns_20deci_2m_UTC_20190928_051730.000.tdms,1khz_50ns_20deci_2m_UTC_20190928_051730.000,14.0,16.0,243,648,1000.0
2153,pohang__1khz_50ns_20deci_2m_UTC_20190928_051730.000,pohang,pohang,pohang,unlabel,2,/home/ted1204/MS_Detection_Datamaker/MS_datamaker_PH/data/unlabel/1khz_50ns_20deci_2m_UTC_20190928_051730.000.tdms,1khz_50ns_20deci_2m_UTC_20190928_051730.000.tdms,1khz_50ns_20deci_2m_UTC_20190928_051730.000,15.0,17.0,243,648,1000.0
2154,pohang__1khz_50ns_20deci_2m_UTC_20190928_051730.000,pohang,pohang,pohang,unlabel,2,/home/ted1204/MS_Detection_Datamaker/MS_datamaker_PH/data/unlabel/1khz_50ns_20deci_2m_UTC_20190928_051730.000.tdms,1khz_50ns_20deci_2m_UTC_20190928_051730.000.tdms,1khz_50ns_20deci_2m_UTC_20190928_051730.000,16.0,18.0,243,648,1000.0
2155,pohang__1khz_50ns_20deci_2m_UTC_20190928_051730.000,pohang,pohang,pohang,unlabel,2,/home/ted1204/MS_Detection_Datamaker/MS_datamaker_PH/data/unlabel/1khz_50ns_20deci_2m_UTC_20190928_051730.000.tdms,1khz_50ns_20deci_2m_UTC_20190928_051730.000.tdms,1khz_50ns_20deci_2m_UTC_20190928_051730.000,18.0,20.0,243,648,1000.0
2156,pohang__1khz_50ns_20deci_2m_UTC_20190928_051730.000,pohang,pohang,pohang,unlabel,2,/home/ted1204/MS_Detection_Datamaker/MS_datamaker_PH/data/unlabel/1khz_50ns_20deci_2m_UTC_20190928_051730.000.tdms,1khz_50ns_20deci_2m_UTC_20190928_051730.000.tdms,1khz_50ns_20deci_2m_UTC_20190928_051730.000,23.0,25.0,243,648,1000.0
2157,pohang__1khz_50ns_20deci_2m_UTC_20190928_051730.000,pohang,pohang,pohang,unlabel,2,/home/ted1204/MS_Detection_Datamaker/MS_datamaker_PH/data/unlabel/1khz_50ns_20deci_2m_UTC_20190928_051730.000.tdms,1khz_50ns_20deci_2m_UTC_20190928_051730.000.tdms,1khz_50ns_20deci_2m_UTC_20190928_051730.000,25.0,27.0,243,648,1000.0
2158,pohang__1khz_50ns_20deci_2m_UTC_20190928_051730.000,pohang,pohang,pohang,unlabel,2,/home/ted1204/MS_Detection_Datamaker/MS_datamaker_PH/data/unlabel/1khz_50ns_20deci_2m_UTC_20190928_051730.000.tdms,1khz_50ns_20deci_2m_UTC_20190928_051730.000.tdms,1khz_50ns_20deci_2m_UTC_20190928_051730.000,26.0,28.0,243,648,1000.0
2159,pohang__1khz_50ns_20deci_2m_UTC_20190928_051730.000,pohang,pohang,pohang,unlabel,2,/home/ted1204/MS_Detection_Datamaker/MS_datamaker_PH/data/unlabel/1khz_50ns_20deci_2m_UTC_20190928_051730.000.tdms,1khz_50ns_20deci_2m_UTC_20190928_051730.000.tdms,1khz_50ns_20deci_2m_UTC_20190928_051730.000,27.0,29.0,243,648,1000.0
2160,pohang__1khz_50ns_20deci_2m_UTC_20190928_094500.000,pohang,pohang,pohang,unlabel,2,/home/ted1204/MS_Detection_Datamaker/MS_datamaker_PH/data/unlabel/1khz_50ns_20deci_2m_UTC_20190928_094500.000.tdms,1khz_50ns_20deci_2m_UTC_20190928_094500.000.tdms,1khz_50ns_20deci_2m_UTC_20190928_094500.000,1.0,3.0,243,648,1000.0
2161,pohang__1khz_50ns_20deci_2m_UTC_20190928_094500.000,pohang,pohang,pohang,unlabel,2,/home/ted1204/MS_Detection_Datamaker/MS_datamaker_PH/data/unlabel/1khz_50ns_20deci_2m_UTC_20190928_094500.000.tdms,1khz_50ns_20deci_2m_UTC_20190928_094500.000.tdms,1khz_50ns_20deci_2m_UTC_20190928_094500.000,2.0,4.0,243,648,1000.0
2162,pohang__1khz_50ns_20deci_2m_UTC_20190928_094500.000,pohang,pohang,pohang,unlabel,2,/home/ted1204/MS_Detection_Datamaker/MS_datamaker_PH/data/unlabel/1khz_50ns_20deci_2m_UTC_20190928_094500.000.tdms,1khz_50ns_20deci_2m_UTC_20190928_094500.000.tdms,1khz_50ns_20deci_2m_UTC_20190928_094500.000,4.0,6.0,243,648,1000.0
2163,pohang__1khz_50ns_20deci_2m_UTC_20190928_094500.000,pohang,pohang,pohang,unlabel,2,/home/ted1204/MS_Detection_Datamaker/MS_datamaker_PH/data/unlabel/1khz_50ns_20deci_2m_UTC_20190928_094500.000.tdms,1khz_50ns_20deci_2m_UTC_20190928_094500.000.tdms,1khz_50ns_20deci_2m_UTC_20190928_094500.000,5.0,7.0,243,648,1000.0
2164,pohang__1khz_50ns_20deci_2m_UTC_20190928_094500.000,pohang,pohang,pohang,unlabel,2,/home/ted1204/MS_Detection_Datamaker/MS_datamaker_PH/data/unlabel/1khz_50ns_20deci_2m_UTC_20190928_094500.000.tdms,1khz_50ns_20deci_2m_UTC_20190928_094500.000.tdms,1khz_50ns_20deci_2m_UTC_20190928_094500.000,6.0,8.0,243,648,1000.0
2165,pohang__1khz_50ns_20deci_2m_UTC_20190928_094500.000,pohang,pohang,pohang,unlabel,2,/home/ted1204/MS_Detection_Datamaker/MS_datamaker_PH/data/unlabel/1khz_50ns_20deci_2m_UTC_20190928_094500.000.tdms,1khz_50ns_20deci_2m_UTC_20190928_094500.000.tdms,1khz_50ns_20deci_2m_UTC_20190928_094500.000,7.0,9.0,243,648,1000.0
2166,pohang__1khz_50ns_20deci_2m_UTC_20190928_094500.000,pohang,pohang,pohang,unlabel,2,/home/ted1204/MS_Detection_Datamaker/MS_datamaker_PH/data/unlabel/1khz_50ns_20deci_2m_UTC_20190928_094500.000.tdms,1khz_50ns_20deci_2m_UTC_20190928_094500.000.tdms,1khz_50ns_20deci_2m_UTC_20190928_094500.000,8.0,10.0,243,648,1000.0
2167,pohang__1khz_50ns_20deci_2m_UTC_20190928_094500.000,pohang,pohang,pohang,unlabel,2,/home/ted1204/MS_Detection_Datamaker/MS_datamaker_PH/data/unlabel/1khz_50ns_20deci_2m_UTC_20190928_094500.000.tdms,1khz_50ns_20deci_2m_UTC_20190928_094500.000.tdms,1khz_50ns_20deci_2m_UTC_20190928_094500.000,12.0,14.0,243,648,1000.0
2168,pohang__1khz_50ns_20deci_2m_UTC_20190928_094500.000,pohang,pohang,pohang,unlabel,2,/home/ted1204/MS_Detection_Datamaker/MS_datamaker_PH/data/unlabel/1khz_50ns_20deci_2m_UTC_20190928_094500.000.tdms,1khz_50ns_20deci_2m_UTC_20190928_094500.000.tdms,1khz_50ns_20deci_2m_UTC_20190928_094500.000,17.0,19.0,243,648,1000.0
2169,pohang__1khz_50ns_20deci_2m_UTC_20190928_094500.000,pohang,pohang,pohang,unlabel,2,/home/ted1204/MS_Detection_Datamaker/MS_datamaker_PH/data/unlabel/1khz_50ns_20deci_2m_UTC_20190928_094500.000.tdms,1khz_50ns_20deci_2m_UTC_20190928_094500.000.tdms,1khz_50ns_20deci_2m_UTC_20190928_094500.000,18.0,20.0,243,648,1000.0
2170,pohang__1khz_50ns_20deci_2m_UTC_20190928_094500.000,pohang,pohang,pohang,unlabel,2,/home/ted1204/MS_Detection_Datamaker/MS_datamaker_PH/data/unlabel/1khz_50ns_20deci_2m_UTC_20190928_094500.000.tdms,1khz_50ns_20deci_2m_UTC_20190928_094500.000.tdms,1khz_50ns_20deci_2m_UTC_20190928_094500.000,19.0,21.0,243,648,1000.0
2171,pohang__1khz_50ns_20deci_2m_UTC_20190928_094500.000,pohang,pohang,pohang,unlabel,2,/home/ted1204/MS_Detection_Datamaker/MS_datamaker_PH/data/unlabel/1khz_50ns_20deci_2m_UTC_20190928_094500.000.tdms,1khz_50ns_20deci_2m_UTC_20190928_094500.000.tdms,1khz_50ns_20deci_2m_UTC_20190928_094500.000,21.0,23.0,243,648,1000.0
2172,pohang__1khz_50ns_20deci_2m_UTC_20190928_094500.000,pohang,pohang,pohang,unlabel,2,/home/ted1204/MS_Detection_Datamaker/MS_datamaker_PH/data/unlabel/1khz_50ns_20deci_2m_UTC_20190928_094500.000.tdms,1khz_50ns_20deci_2m_UTC_20190928_094500.000.tdms,1khz_50ns_20deci_2m_UTC_20190928_094500.000,23.0,25.0,243,648,1000.0
2173,pohang__1khz_50ns_20deci_2m_UTC_20190928_094500.000,pohang,pohang,pohang,unlabel,2,/home/ted1204/MS_Detection_Datamaker/MS_datamaker_PH/data/unlabel/1khz_50ns_20deci_2m_UTC_20190928_094500.000.tdms,1khz_50ns_20deci_2m_UTC_20190928_094500.000.tdms,1khz_50ns_20deci_2m_UTC_20190928_094500.000,24.0,26.0,243,648,1000.0
2174,pohang__1khz_50ns_20deci_2m_UTC_20190928_094500.000,pohang,pohang,pohang,unlabel,2,/home/ted1204/MS_Detection_Datamaker/MS_datamaker_PH/data/unlabel/1khz_50ns_20deci_2m_UTC_20190928_094500.000.tdms,1khz_50ns_20deci_2m_UTC_20190928_094500.000.tdms,1khz_50ns_20deci_2m_UTC_20190928_094500.000,25.0,27.0,243,648,1000.0
2175,pohang__1khz_50ns_20deci_2m_UTC_20190929_034030.000,pohang,pohang,pohang,unlabel,2,/home/ted1204/MS_Detection_Datamaker/MS_datamaker_PH/data/unlabel/1khz_50ns_20deci_2m_UTC_20190929_034030.000.tdms,1khz_50ns_20deci_2m_UTC_20190929_034030.000.tdms,1khz_50ns_20deci_2m_UTC_20190929_034030.000,2.0,4.0,243,648,1000.0
2176,pohang__1khz_50ns_20deci_2m_UTC_20190929_034030.000,pohang,pohang,pohang,unlabel,2,/home/ted1204/MS_Detection_Datamaker/MS_datamaker_PH/data/unlabel/1khz_50ns_20deci_2m_UTC_20190929_034030.000.tdms,1khz_50ns_20deci_2m_UTC_20190929_034030.000.tdms,1khz_50ns_20deci_2m_UTC_20190929_034030.000,6.0,8.0,243,648,1000.0
2177,pohang__1khz_50ns_20deci_2m_UTC_20190929_034030.000,pohang,pohang,pohang,unlabel,2,/home/ted1204/MS_Detection_Datamaker/MS_datamaker_PH/data/unlabel/1khz_50ns_20deci_2m_UTC_20190929_034030.000.tdms,1khz_50ns_20deci_2m_UTC_20190929_034030.000.tdms,1khz_50ns_20deci_2m_UTC_20190929_034030.000,8.0,10.0,243,648,1000.0
2178,pohang__1khz_50ns_20deci_2m_UTC_20190929_034030.000,pohang,pohang,pohang,unlabel,2,/home/ted1204/MS_Detection_Datamaker/MS_datamaker_PH/data/unlabel/1khz_50ns_20deci_2m_UTC_20190929_034030.000.tdms,1khz_50ns_20deci_2m_UTC_20190929_034030.000.tdms,1khz_50ns_20deci_2m_UTC_20190929_034030.000,9.0,11.0,243,648,1000.0
2179,pohang__1khz_50ns_20deci_2m_UTC_20190929_034030.000,pohang,pohang,pohang,unlabel,2,/home/ted1204/MS_Detection_Datamaker/MS_datamaker_PH/data/unlabel/1khz_50ns_20deci_2m_UTC_20190929_034030.000.tdms,1khz_50ns_20deci_2m_UTC_20190929_034030.000.tdms,1khz_50ns_20deci_2m_UTC_20190929_034030.000,10.0,12.0,243,648,1000.0
2180,pohang__1khz_50ns_20deci_2m_UTC_20190929_034030.000,pohang,pohang,pohang,unlabel,2,/home/ted1204/MS_Detection_Datamaker/MS_datamaker_PH/data/unlabel/1khz_50ns_20deci_2m_UTC_20190929_034030.000.tdms,1khz_50ns_20deci_2m_UTC_20190929_034030.000.tdms,1khz_50ns_20deci_2m_UTC_20190929_034030.000,12.0,14.0,243,648,1000.0
2181,pohang__1khz_50ns_20deci_2m_UTC_20190929_034030.000,pohang,pohang,pohang,unlabel,2,/home/ted1204/MS_Detection_Datamaker/MS_datamaker_PH/data/unlabel/1khz_50ns_20deci_2m_UTC_20190929_034030.000.tdms,1khz_50ns_20deci_2m_UTC_20190929_034030.000.tdms,1khz_50ns_20deci_2m_UTC_20190929_034030.000,13.0,15.0,243,648,1000.0
2182,pohang__1khz_50ns_20deci_2m_UTC_20190929_034030.000,pohang,pohang,pohang,unlabel,2,/home/ted1204/MS_Detection_Datamaker/MS_datamaker_PH/data/unlabel/1khz_50ns_20deci_2m_UTC_20190929_034030.000.tdms,1khz_50ns_20deci_2m_UTC_20190929_034030.000.tdms,1khz_50ns_20deci_2m_UTC_20190929_034030.000,16.0,18.0,243,648,1000.0
2183,pohang__1khz_50ns_20deci_2m_UTC_20190929_034030.000,pohang,pohang,pohang,unlabel,2,/home/ted1204/MS_Detection_Datamaker/MS_datamaker_PH/data/unlabel/1khz_50ns_20deci_2m_UTC_20190929_034030.000.tdms,1khz_50ns_20deci_2m_UTC_20190929_034030.000.tdms,1khz_50ns_20deci_2m_UTC_20190929_034030.000,19.0,21.0,243,648,1000.0
2184,pohang__1khz_50ns_20deci_2m_UTC_20190929_034030.000,pohang,pohang,pohang,unlabel,2,/home/ted1204/MS_Detection_Datamaker/MS_datamaker_PH/data/unlabel/1khz_50ns_20deci_2m_UTC_20190929_034030.000.tdms,1khz_50ns_20deci_2m_UTC_20190929_034030.000.tdms,1khz_50ns_20deci_2m_UTC_20190929_034030.000,20.0,22.0,243,648,1000.0
2185,pohang__1khz_50ns_20deci_2m_UTC_20190929_034030.000,pohang,pohang,pohang,unlabel,2,/home/ted1204/MS_Detection_Datamaker/MS_datamaker_PH/data/unlabel/1khz_50ns_20deci_2m_UTC_20190929_034030.000.tdms,1khz_50ns_20deci_2m_UTC_20190929_034030.000.tdms,1khz_50ns_20deci_2m_UTC_20190929_034030.000,21.0,23.0,243,648,1000.0
2186,pohang__1khz_50ns_20deci_2m_UTC_20190929_034030.000,pohang,pohang,pohang,unlabel,2,/home/ted1204/MS_Detection_Datamaker/MS_datamaker_PH/data/unlabel/1khz_50ns_20deci_2m_UTC_20190929_034030.000.tdms,1khz_50ns_20deci_2m_UTC_20190929_034030.000.tdms,1khz_50ns_20deci_2m_UTC_20190929_034030.000,23.0,25.0,243,648,1000.0
2187,pohang__1khz_50ns_20deci_2m_UTC_20190929_034030.000,pohang,pohang,pohang,unlabel,2,/home/ted1204/MS_Detection_Datamaker/MS_datamaker_PH/data/unlabel/1khz_50ns_20deci_2m_UTC_20190929_034030.000.tdms,1khz_50ns_20deci_2m_UTC_20190929_034030.000.tdms,1khz_50ns_20deci_2m_UTC_20190929_034030.000,24.0,26.0,243,648,1000.0
2188,pohang__1khz_50ns_20deci_2m_UTC_20190929_034030.000,pohang,pohang,pohang,unlabel,2,/home/ted1204/MS_Detection_Datamaker/MS_datamaker_PH/data/unlabel/1khz_50ns_20deci_2m_UTC_20190929_034030.000.tdms,1khz_50ns_20deci_2m_UTC_20190929_034030.000.tdms,1khz_50ns_20deci_2m_UTC_20190929_034030.000,25.0,27.0,243,648,1000.0
2189,pohang__1khz_50ns_20deci_2m_UTC_20190929_034030.000,pohang,pohang,pohang,unlabel,2,/home/ted1204/MS_Detection_Datamaker/MS_datamaker_PH/data/unlabel/1khz_50ns_20deci_2m_UTC_20190929_034030.000.tdms,1khz_50ns_20deci_2m_UTC_20190929_034030.000.tdms,1khz_50ns_20deci_2m_UTC_20190929_034030.000,26.0,28.0,243,648,1000.0
2190,pohang__1khz_50ns_20deci_2m_UTC_20190930_032130.000,pohang,pohang,pohang,unlabel,2,/home/ted1204/MS_Detection_Datamaker/MS_datamaker_PH/data/unlabel/1khz_50ns_20deci_2m_UTC_20190930_032130.000.tdms,1khz_50ns_20deci_2m_UTC_20190930_032130.000.tdms,1khz_50ns_20deci_2m_UTC_20190930_032130.000,1.0,3.0,243,648,1000.0
2191,pohang__1khz_50ns_20deci_2m_UTC_20190930_032130.000,pohang,pohang,pohang,unlabel,2,/home/ted1204/MS_Detection_Datamaker/MS_datamaker_PH/data/unlabel/1khz_50ns_20deci_2m_UTC_20190930_032130.000.tdms,1khz_50ns_20deci_2m_UTC_20190930_032130.000.tdms,1khz_50ns_20deci_2m_UTC_20190930_032130.000,2.0,4.0,243,648,1000.0
2192,pohang__1khz_50ns_20deci_2m_UTC_20190930_032130.000,pohang,pohang,pohang,unlabel,2,/home/ted1204/MS_Detection_Datamaker/MS_datamaker_PH/data/unlabel/1khz_50ns_20deci_2m_UTC_20190930_032130.000.tdms,1khz_50ns_20deci_2m_UTC_20190930_032130.000.tdms,1khz_50ns_20deci_2m_UTC_20190930_032130.000,3.0,5.0,243,648,1000.0
2193,pohang__1khz_50ns_20deci_2m_UTC_20190930_032130.000,pohang,pohang,pohang,unlabel,2,/home/ted1204/MS_Detection_Datamaker/MS_datamaker_PH/data/unlabel/1khz_50ns_20deci_2m_UTC_20190930_032130.000.tdms,1khz_50ns_20deci_2m_UTC_20190930_032130.000.tdms,1khz_50ns_20deci_2m_UTC_20190930_032130.000,5.0,7.0,243,648,1000.0
2194,pohang__1khz_50ns_20deci_2m_UTC_20190930_032130.000,pohang,pohang,pohang,unlabel,2,/home/ted1204/MS_Detection_Datamaker/MS_datamaker_PH/data/unlabel/1khz_50ns_20deci_2m_UTC_20190930_032130.000.tdms,1khz_50ns_20deci_2m_UTC_20190930_032130.000.tdms,1khz_50ns_20deci_2m_UTC_20190930_032130.000,7.0,9.0,243,648,1000.0
2195,pohang__1khz_50ns_20deci_2m_UTC_20190930_032130.000,pohang,pohang,pohang,unlabel,2,/home/ted1204/MS_Detection_Datamaker/MS_datamaker_PH/data/unlabel/1khz_50ns_20deci_2m_UTC_20190930_032130.000.tdms,1khz_50ns_20deci_2m_UTC_20190930_032130.000.tdms,1khz_50ns_20deci_2m_UTC_20190930_032130.000,11.0,13.0,243,648,1000.0
2196,pohang__1khz_50ns_20deci_2m_UTC_20190930_032130.000,pohang,pohang,pohang,unlabel,2,/home/ted1204/MS_Detection_Datamaker/MS_datamaker_PH/data/unlabel/1khz_50ns_20deci_2m_UTC_20190930_032130.000.tdms,1khz_50ns_20deci_2m_UTC_20190930_032130.000.tdms,1khz_50ns_20deci_2m_UTC_20190930_032130.000,12.0,14.0,243,648,1000.0
2197,pohang__1khz_50ns_20deci_2m_UTC_20190930_032130.000,pohang,pohang,pohang,unlabel,2,/home/ted1204/MS_Detection_Datamaker/MS_datamaker_PH/data/unlabel/1khz_50ns_20deci_2m_UTC_20190930_032130.000.tdms,1khz_50ns_20deci_2m_UTC_20190930_032130.000.tdms,1khz_50ns_20deci_2m_UTC_20190930_032130.000,17.0,19.0,243,648,1000.0
2198,pohang__1khz_50ns_20deci_2m_UTC_20190930_032130.000,pohang,pohang,pohang,unlabel,2,/home/ted1204/MS_Detection_Datamaker/MS_datamaker_PH/data/unlabel/1khz_50ns_20deci_2m_UTC_20190930_032130.000.tdms,1khz_50ns_20deci_2m_UTC_20190930_032130.000.tdms,1khz_50ns_20deci_2m_UTC_20190930_032130.000,20.0,22.0,243,648,1000.0
2199,pohang__1khz_50ns_20deci_2m_UTC_20190930_032130.000,pohang,pohang,pohang,unlabel,2,/home/ted1204/MS_Detection_Datamaker/MS_datamaker_PH/data/unlabel/1khz_50ns_20deci_2m_UTC_20190930_032130.000.tdms,1khz_50ns_20deci_2m_UTC_20190930_032130.000.tdms,1khz_50ns_20deci_2m_UTC_20190930_032130.000,22.0,24.0,243,648,1000.0
2200,pohang__1khz_50ns_20deci_2m_UTC_20190930_032130.000,pohang,pohang,pohang,unlabel,2,/home/ted1204/MS_Detection_Datamaker/MS_datamaker_PH/data/unlabel/1khz_50ns_20deci_2m_UTC_20190930_032130.000.tdms,1khz_50ns_20deci_2m_UTC_20190930_032130.000.tdms,1khz_50ns_20deci_2m_UTC_20190930_032130.000,23.0,25.0,243,648,1000.0
2201,pohang__1khz_50ns_20deci_2m_UTC_20190930_032130.000,pohang,pohang,pohang,unlabel,2,/home/ted1204/MS_Detection_Datamaker/MS_datamaker_PH/data/unlabel/1khz_50ns_20deci_2m_UTC_20190930_032130.000.tdms,1khz_50ns_20deci_2m_UTC_20190930_032130.000.tdms,1khz_50ns_20deci_2m_UTC_20190930_032130.000,24.0,26.0,243,648,1000.0
2202,pohang__1khz_50ns_20deci_2m_UTC_20190930_032130.000,pohang,pohang,pohang,unlabel,2,/home/ted1204/MS_Detection_Datamaker/MS_datamaker_PH/data/unlabel/1khz_50ns_20deci_2m_UTC_20190930_032130.000.tdms,1khz_50ns_20deci_2m_UTC_20190930_032130.000.tdms,1khz_50ns_20deci_2m_UTC_20190930_032130.000,25.0,27.0,243,648,1000.0
2203,pohang__1khz_50ns_20deci_2m_UTC_20190930_032130.000,pohang,pohang,pohang,unlabel,2,/home/ted1204/MS_Detection_Datamaker/MS_datamaker_PH/data/unlabel/1khz_50ns_20deci_2m_UTC_20190930_032130.000.tdms,1khz_50ns_20deci_2m_UTC_20190930_032130.000.tdms,1khz_50ns_20deci_2m_UTC_20190930_032130.000,27.0,29.0,243,648,1000.0
2204,pohang__1khz_50ns_20deci_2m_UTC_20190930_032130.000,pohang,pohang,pohang,unlabel,2,/home/ted1204/MS_Detection_Datamaker/MS_datamaker_PH/data/unlabel/1khz_50ns_20deci_2m_UTC_20190930_032130.000.tdms,1khz_50ns_20deci_2m_UTC_20190930_032130.000.tdms,1khz_50ns_20deci_2m_UTC_20190930_032130.000,28.0,30.0,243,648,1000.0
2205,pohang__1khz_50ns_20deci_2m_UTC_20190930_190930.000,pohang,pohang,pohang,unlabel,2,/home/ted1204/MS_Detection_Datamaker/MS_datamaker_PH/data/unlabel/1khz_50ns_20deci_2m_UTC_20190930_190930.000.tdms,1khz_50ns_20deci_2m_UTC_20190930_190930.000.tdms,1khz_50ns_20deci_2m_UTC_20190930_190930.000,1.0,3.0,243,648,1000.0
2206,pohang__1khz_50ns_20deci_2m_UTC_20190930_190930.000,pohang,pohang,pohang,unlabel,2,/home/ted1204/MS_Detection_Datamaker/MS_datamaker_PH/data/unlabel/1khz_50ns_20deci_2m_UTC_20190930_190930.000.tdms,1khz_50ns_20deci_2m_UTC_20190930_190930.000.tdms,1khz_50ns_20deci_2m_UTC_20190930_190930.000,3.0,5.0,243,648,1000.0
2207,pohang__1khz_50ns_20deci_2m_UTC_20190930_190930.000,pohang,pohang,pohang,unlabel,2,/home/ted1204/MS_Detection_Datamaker/MS_datamaker_PH/data/unlabel/1khz_50ns_20deci_2m_UTC_20190930_190930.000.tdms,1khz_50ns_20deci_2m_UTC_20190930_190930.000.tdms,1khz_50ns_20deci_2m_UTC_20190930_190930.000,6.0,8.0,243,648,1000.0
2208,pohang__1khz_50ns_20deci_2m_UTC_20190930_190930.000,pohang,pohang,pohang,unlabel,2,/home/ted1204/MS_Detection_Datamaker/MS_datamaker_PH/data/unlabel/1khz_50ns_20deci_2m_UTC_20190930_190930.000.tdms,1khz_50ns_20deci_2m_UTC_20190930_190930.000.tdms,1khz_50ns_20deci_2m_UTC_20190930_190930.000,7.0,9.0,243,648,1000.0
2209,pohang__1khz_50ns_20deci_2m_UTC_20190930_190930.000,pohang,pohang,pohang,unlabel,2,/home/ted1204/MS_Detection_Datamaker/MS_datamaker_PH/data/unlabel/1khz_50ns_20deci_2m_UTC_20190930_190930.000.tdms,1khz_50ns_20deci_2m_UTC_20190930_190930.000.tdms,1khz_50ns_20deci_2m_UTC_20190930_190930.000,8.0,10.0,243,648,1000.0
2210,pohang__1khz_50ns_20deci_2m_UTC_20190930_190930.000,pohang,pohang,pohang,unlabel,2,/home/ted1204/MS_Detection_Datamaker/MS_datamaker_PH/data/unlabel/1khz_50ns_20deci_2m_UTC_20190930_190930.000.tdms,1khz_50ns_20deci_2m_UTC_20190930_190930.000.tdms,1khz_50ns_20deci_2m_UTC_20190930_190930.000,10.0,12.0,243,648,1000.0
2211,pohang__1khz_50ns_20deci_2m_UTC_20190930_190930.000,pohang,pohang,pohang,unlabel,2,/home/ted1204/MS_Detection_Datamaker/MS_datamaker_PH/data/unlabel/1khz_50ns_20deci_2m_UTC_20190930_190930.000.tdms,1khz_50ns_20deci_2m_UTC_20190930_190930.000.tdms,1khz_50ns_20deci_2m_UTC_20190930_190930.000,12.0,14.0,243,648,1000.0
2212,pohang__1khz_50ns_20deci_2m_UTC_20190930_190930.000,pohang,pohang,pohang,unlabel,2,/home/ted1204/MS_Detection_Datamaker/MS_datamaker_PH/data/unlabel/1khz_50ns_20deci_2m_UTC_20190930_190930.000.tdms,1khz_50ns_20deci_2m_UTC_20190930_190930.000.tdms,1khz_50ns_20deci_2m_UTC_20190930_190930.000,13.0,15.0,243,648,1000.0
2213,pohang__1khz_50ns_20deci_2m_UTC_20190930_190930.000,pohang,pohang,pohang,unlabel,2,/home/ted1204/MS_Detection_Datamaker/MS_datamaker_PH/data/unlabel/1khz_50ns_20deci_2m_UTC_20190930_190930.000.tdms,1khz_50ns_20deci_2m_UTC_20190930_190930.000.tdms,1khz_50ns_20deci_2m_UTC_20190930_190930.000,17.0,19.0,243,648,1000.0
2214,pohang__1khz_50ns_20deci_2m_UTC_20190930_190930.000,pohang,pohang,pohang,unlabel,2,/home/ted1204/MS_Detection_Datamaker/MS_datamaker_PH/data/unlabel/1khz_50ns_20deci_2m_UTC_20190930_190930.000.tdms,1khz_50ns_20deci_2m_UTC_20190930_190930.000.tdms,1khz_50ns_20deci_2m_UTC_20190930_190930.000,18.0,20.0,243,648,1000.0
2215,pohang__1khz_50ns_20deci_2m_UTC_20190930_190930.000,pohang,pohang,pohang,unlabel,2,/home/ted1204/MS_Detection_Datamaker/MS_datamaker_PH/data/unlabel/1khz_50ns_20deci_2m_UTC_20190930_190930.000.tdms,1khz_50ns_20deci_2m_UTC_20190930_190930.000.tdms,1khz_50ns_20deci_2m_UTC_20190930_190930.000,19.0,21.0,243,648,1000.0
2216,pohang__1khz_50ns_20deci_2m_UTC_20190930_190930.000,pohang,pohang,pohang,unlabel,2,/home/ted1204/MS_Detection_Datamaker/MS_datamaker_PH/data/unlabel/1khz_50ns_20deci_2m_UTC_20190930_190930.000.tdms,1khz_50ns_20deci_2m_UTC_20190930_190930.000.tdms,1khz_50ns_20deci_2m_UTC_20190930_190930.000,20.0,22.0,243,648,1000.0
2217,pohang__1khz_50ns_20deci_2m_UTC_20190930_190930.000,pohang,pohang,pohang,unlabel,2,/home/ted1204/MS_Detection_Datamaker/MS_datamaker_PH/data/unlabel/1khz_50ns_20deci_2m_UTC_20190930_190930.000.tdms,1khz_50ns_20deci_2m_UTC_20190930_190930.000.tdms,1khz_50ns_20deci_2m_UTC_20190930_190930.000,22.0,24.0,243,648,1000.0
2218,pohang__1khz_50ns_20deci_2m_UTC_20190930_190930.000,pohang,pohang,pohang,unlabel,2,/home/ted1204/MS_Detection_Datamaker/MS_datamaker_PH/data/unlabel/1khz_50ns_20deci_2m_UTC_20190930_190930.000.tdms,1khz_50ns_20deci_2m_UTC_20190930_190930.000.tdms,1khz_50ns_20deci_2m_UTC_20190930_190930.000,23.0,25.0,243,648,1000.0
2219,pohang__1khz_50ns_20deci_2m_UTC_20190930_190930.000,pohang,pohang,pohang,unlabel,2,/home/ted1204/MS_Detection_Datamaker/MS_datamaker_PH/data/unlabel/1khz_50ns_20deci_2m_UTC_20190930_190930.000.tdms,1khz_50ns_20deci_2m_UTC_20190930_190930.000.tdms,1khz_50ns_20deci_2m_UTC_20190930_190930.000,26.0,28.0,243,648,1000.0
2220,pohang__1khz_50ns_20deci_2m_UTC_20190930_191800.000,pohang,pohang,pohang,unlabel,2,/home/ted1204/MS_Detection_Datamaker/MS_datamaker_PH/data/unlabel/1khz_50ns_20deci_2m_UTC_20190930_191800.000.tdms,1khz_50ns_20deci_2m_UTC_20190930_191800.000.tdms,1khz_50ns_20deci_2m_UTC_20190930_191800.000,0.0,2.0,243,648,1000.0
2221,pohang__1khz_50ns_20deci_2m_UTC_20190930_191800.000,pohang,pohang,pohang,unlabel,2,/home/ted1204/MS_Detection_Datamaker/MS_datamaker_PH/data/unlabel/1khz_50ns_20deci_2m_UTC_20190930_191800.000.tdms,1khz_50ns_20deci_2m_UTC_20190930_191800.000.tdms,1khz_50ns_20deci_2m_UTC_20190930_191800.000,1.0,3.0,243,648,1000.0
2222,pohang__1khz_50ns_20deci_2m_UTC_20190930_191800.000,pohang,pohang,pohang,unlabel,2,/home/ted1204/MS_Detection_Datamaker/MS_datamaker_PH/data/unlabel/1khz_50ns_20deci_2m_UTC_20190930_191800.000.tdms,1khz_50ns_20deci_2m_UTC_20190930_191800.000.tdms,1khz_50ns_20deci_2m_UTC_20190930_191800.000,5.0,7.0,243,648,1000.0
2223,pohang__1khz_50ns_20deci_2m_UTC_20190930_191800.000,pohang,pohang,pohang,unlabel,2,/home/ted1204/MS_Detection_Datamaker/MS_datamaker_PH/data/unlabel/1khz_50ns_20deci_2m_UTC_20190930_191800.000.tdms,1khz_50ns_20deci_2m_UTC_20190930_191800.000.tdms,1khz_50ns_20deci_2m_UTC_20190930_191800.000,6.0,8.0,243,648,1000.0
2224,pohang__1khz_50ns_20deci_2m_UTC_20190930_191800.000,pohang,pohang,pohang,unlabel,2,/home/ted1204/MS_Detection_Datamaker/MS_datamaker_PH/data/unlabel/1khz_50ns_20deci_2m_UTC_20190930_191800.000.tdms,1khz_50ns_20deci_2m_UTC_20190930_191800.000.tdms,1khz_50ns_20deci_2m_UTC_20190930_191800.000,7.0,9.0,243,648,1000.0
2225,pohang__1khz_50ns_20deci_2m_UTC_20190930_191800.000,pohang,pohang,pohang,unlabel,2,/home/ted1204/MS_Detection_Datamaker/MS_datamaker_PH/data/unlabel/1khz_50ns_20deci_2m_UTC_20190930_191800.000.tdms,1khz_50ns_20deci_2m_UTC_20190930_191800.000.tdms,1khz_50ns_20deci_2m_UTC_20190930_191800.000,8.0,10.0,243,648,1000.0
2226,pohang__1khz_50ns_20deci_2m_UTC_20190930_191800.000,pohang,pohang,pohang,unlabel,2,/home/ted1204/MS_Detection_Datamaker/MS_datamaker_PH/data/unlabel/1khz_50ns_20deci_2m_UTC_20190930_191800.000.tdms,1khz_50ns_20deci_2m_UTC_20190930_191800.000.tdms,1khz_50ns_20deci_2m_UTC_20190930_191800.000,13.0,15.0,243,648,1000.0
2227,pohang__1khz_50ns_20deci_2m_UTC_20190930_191800.000,pohang,pohang,pohang,unlabel,2,/home/ted1204/MS_Detection_Datamaker/MS_datamaker_PH/data/unlabel/1khz_50ns_20deci_2m_UTC_20190930_191800.000.tdms,1khz_50ns_20deci_2m_UTC_20190930_191800.000.tdms,1khz_50ns_20deci_2m_UTC_20190930_191800.000,16.0,18.0,243,648,1000.0
2228,pohang__1khz_50ns_20deci_2m_UTC_20190930_191800.000,pohang,pohang,pohang,unlabel,2,/home/ted1204/MS_Detection_Datamaker/MS_datamaker_PH/data/unlabel/1khz_50ns_20deci_2m_UTC_20190930_191800.000.tdms,1khz_50ns_20deci_2m_UTC_20190930_191800.000.tdms,1khz_50ns_20deci_2m_UTC_20190930_191800.000,19.0,21.0,243,648,1000.0
2229,pohang__1khz_50ns_20deci_2m_UTC_20190930_191800.000,pohang,pohang,pohang,unlabel,2,/home/ted1204/MS_Detection_Datamaker/MS_datamaker_PH/data/unlabel/1khz_50ns_20deci_2m_UTC_20190930_191800.000.tdms,1khz_50ns_20deci_2m_UTC_20190930_191800.000.tdms,1khz_50ns_20deci_2m_UTC_20190930_191800.000,20.0,22.0,243,648,1000.0
2230,pohang__1khz_50ns_20deci_2m_UTC_20190930_191800.000,pohang,pohang,pohang,unlabel,2,/home/ted1204/MS_Detection_Datamaker/MS_datamaker_PH/data/unlabel/1khz_50ns_20deci_2m_UTC_20190930_191800.000.tdms,1khz_50ns_20deci_2m_UTC_20190930_191800.000.tdms,1khz_50ns_20deci_2m_UTC_20190930_191800.000,21.0,23.0,243,648,1000.0
2231,pohang__1khz_50ns_20deci_2m_UTC_20190930_191800.000,pohang,pohang,pohang,unlabel,2,/home/ted1204/MS_Detection_Datamaker/MS_datamaker_PH/data/unlabel/1khz_50ns_20deci_2m_UTC_20190930_191800.000.tdms,1khz_50ns_20deci_2m_UTC_20190930_191800.000.tdms,1khz_50ns_20deci_2m_UTC_20190930_191800.000,22.0,24.0,243,648,1000.0
2232,pohang__1khz_50ns_20deci_2m_UTC_20190930_191800.000,pohang,pohang,pohang,unlabel,2,/home/ted1204/MS_Detection_Datamaker/MS_datamaker_PH/data/unlabel/1khz_50ns_20deci_2m_UTC_20190930_191800.000.tdms,1khz_50ns_20deci_2m_UTC_20190930_191800.000.tdms,1khz_50ns_20deci_2m_UTC_20190930_191800.000,24.0,26.0,243,648,1000.0
2233,pohang__1khz_50ns_20deci_2m_UTC_20190930_191800.000,pohang,pohang,pohang,unlabel,2,/home/ted1204/MS_Detection_Datamaker/MS_datamaker_PH/data/unlabel/1khz_50ns_20deci_2m_UTC_20190930_191800.000.tdms,1khz_50ns_20deci_2m_UTC_20190930_191800.000.tdms,1khz_50ns_20deci_2m_UTC_20190930_191800.000,27.0,29.0,243,648,1000.0
2234,pohang__1khz_50ns_20deci_2m_UTC_20190930_191800.000,pohang,pohang,pohang,unlabel,2,/home/ted1204/MS_Detection_Datamaker/MS_datamaker_PH/data/unlabel/1khz_50ns_20deci_2m_UTC_20190930_191800.000.tdms,1khz_50ns_20deci_2m_UTC_20190930_191800.000.tdms,1khz_50ns_20deci_2m_UTC_20190930_191800.000,28.0,30.0,243,648,1000.0
2235,pohang__1khz_50ns_20deci_2m_UTC_20190930_212030.000,pohang,pohang,pohang,unlabel,2,/home/ted1204/MS_Detection_Datamaker/MS_datamaker_PH/data/unlabel/1khz_50ns_20deci_2m_UTC_20190930_212030.000.tdms,1khz_50ns_20deci_2m_UTC_20190930_212030.000.tdms,1khz_50ns_20deci_2m_UTC_20190930_212030.000,0.0,2.0,243,648,1000.0
2236,pohang__1khz_50ns_20deci_2m_UTC_20190930_212030.000,pohang,pohang,pohang,unlabel,2,/home/ted1204/MS_Detection_Datamaker/MS_datamaker_PH/data/unlabel/1khz_50ns_20deci_2m_UTC_20190930_212030.000.tdms,1khz_50ns_20deci_2m_UTC_20190930_212030.000.tdms,1khz_50ns_20deci_2m_UTC_20190930_212030.000,1.0,3.0,243,648,1000.0
2237,pohang__1khz_50ns_20deci_2m_UTC_20190930_212030.000,pohang,pohang,pohang,unlabel,2,/home/ted1204/MS_Detection_Datamaker/MS_datamaker_PH/data/unlabel/1khz_50ns_20deci_2m_UTC_20190930_212030.000.tdms,1khz_50ns_20deci_2m_UTC_20190930_212030.000.tdms,1khz_50ns_20deci_2m_UTC_20190930_212030.000,3.0,5.0,243,648,1000.0
2238,pohang__1khz_50ns_20deci_2m_UTC_20190930_212030.000,pohang,pohang,pohang,unlabel,2,/home/ted1204/MS_Detection_Datamaker/MS_datamaker_PH/data/unlabel/1khz_50ns_20deci_2m_UTC_20190930_212030.000.tdms,1khz_50ns_20deci_2m_UTC_20190930_212030.000.tdms,1khz_50ns_20deci_2m_UTC_20190930_212030.000,4.0,6.0,243,648,1000.0
2239,pohang__1khz_50ns_20deci_2m_UTC_20190930_212030.000,pohang,pohang,pohang,unlabel,2,/home/ted1204/MS_Detection_Datamaker/MS_datamaker_PH/data/unlabel/1khz_50ns_20deci_2m_UTC_20190930_212030.000.tdms,1khz_50ns_20deci_2m_UTC_20190930_212030.000.tdms,1khz_50ns_20deci_2m_UTC_20190930_212030.000,5.0,7.0,243,648,1000.0
2240,pohang__1khz_50ns_20deci_2m_UTC_20190930_212030.000,pohang,pohang,pohang,unlabel,2,/home/ted1204/MS_Detection_Datamaker/MS_datamaker_PH/data/unlabel/1khz_50ns_20deci_2m_UTC_20190930_212030.000.tdms,1khz_50ns_20deci_2m_UTC_20190930_212030.000.tdms,1khz_50ns_20deci_2m_UTC_20190930_212030.000,8.0,10.0,243,648,1000.0
2241,pohang__1khz_50ns_20deci_2m_UTC_20190930_212030.000,pohang,pohang,pohang,unlabel,2,/home/ted1204/MS_Detection_Datamaker/MS_datamaker_PH/data/unlabel/1khz_50ns_20deci_2m_UTC_20190930_212030.000.tdms,1khz_50ns_20deci_2m_UTC_20190930_212030.000.tdms,1khz_50ns_20deci_2m_UTC_20190930_212030.000,11.0,13.0,243,648,1000.0
2242,pohang__1khz_50ns_20deci_2m_UTC_20190930_212030.000,pohang,pohang,pohang,unlabel,2,/home/ted1204/MS_Detection_Datamaker/MS_datamaker_PH/data/unlabel/1khz_50ns_20deci_2m_UTC_20190930_212030.000.tdms,1khz_50ns_20deci_2m_UTC_20190930_212030.000.tdms,1khz_50ns_20deci_2m_UTC_20190930_212030.000,13.0,15.0,243,648,1000.0
2243,pohang__1khz_50ns_20deci_2m_UTC_20190930_212030.000,pohang,pohang,pohang,unlabel,2,/home/ted1204/MS_Detection_Datamaker/MS_datamaker_PH/data/unlabel/1khz_50ns_20deci_2m_UTC_20190930_212030.000.tdms,1khz_50ns_20deci_2m_UTC_20190930_212030.000.tdms,1khz_50ns_20deci_2m_UTC_20190930_212030.000,16.0,18.0,243,648,1000.0
2244,pohang__1khz_50ns_20deci_2m_UTC_20190930_212030.000,pohang,pohang,pohang,unlabel,2,/home/ted1204/MS_Detection_Datamaker/MS_datamaker_PH/data/unlabel/1khz_50ns_20deci_2m_UTC_20190930_212030.000.tdms,1khz_50ns_20deci_2m_UTC_20190930_212030.000.tdms,1khz_50ns_20deci_2m_UTC_20190930_212030.000,17.0,19.0,243,648,1000.0
2245,pohang__1khz_50ns_20deci_2m_UTC_20190930_212030.000,pohang,pohang,pohang,unlabel,2,/home/ted1204/MS_Detection_Datamaker/MS_datamaker_PH/data/unlabel/1khz_50ns_20deci_2m_UTC_20190930_212030.000.tdms,1khz_50ns_20deci_2m_UTC_20190930_212030.000.tdms,1khz_50ns_20deci_2m_UTC_20190930_212030.000,18.0,20.0,243,648,1000.0
2246,pohang__1khz_50ns_20deci_2m_UTC_20190930_212030.000,pohang,pohang,pohang,unlabel,2,/home/ted1204/MS_Detection_Datamaker/MS_datamaker_PH/data/unlabel/1khz_50ns_20deci_2m_UTC_20190930_212030.000.tdms,1khz_50ns_20deci_2m_UTC_20190930_212030.000.tdms,1khz_50ns_20deci_2m_UTC_20190930_212030.000,20.0,22.0,243,648,1000.0
2247,pohang__1khz_50ns_20deci_2m_UTC_20190930_212030.000,pohang,pohang,pohang,unlabel,2,/home/ted1204/MS_Detection_Datamaker/MS_datamaker_PH/data/unlabel/1khz_50ns_20deci_2m_UTC_20190930_212030.000.tdms,1khz_50ns_20deci_2m_UTC_20190930_212030.000.tdms,1khz_50ns_20deci_2m_UTC_20190930_212030.000,24.0,26.0,243,648,1000.0
2248,pohang__1khz_50ns_20deci_2m_UTC_20190930_212030.000,pohang,pohang,pohang,unlabel,2,/home/ted1204/MS_Detection_Datamaker/MS_datamaker_PH/data/unlabel/1khz_50ns_20deci_2m_UTC_20190930_212030.000.tdms,1khz_50ns_20deci_2m_UTC_20190930_212030.000.tdms,1khz_50ns_20deci_2m_UTC_20190930_212030.000,25.0,27.0,243,648,1000.0
2249,pohang__1khz_50ns_20deci_2m_UTC_20190930_212030.000,pohang,pohang,pohang,unlabel,2,/home/ted1204/MS_Detection_Datamaker/MS_datamaker_PH/data/unlabel/1khz_50ns_20deci_2m_UTC_20190930_212030.000.tdms,1khz_50ns_20deci_2m_UTC_20190930_212030.000.tdms,1khz_50ns_20deci_2m_UTC_20190930_212030.000,28.0,30.0,243,648,1000.0
