dataset_id,site,view,data_type,file_path,file_name,file_stem,ext,group_id,original_fs,ch_start,ch_end
pohang,pohang,pohang,event,/home/ted1204/MS_Detection_Datamaker/MS_datamaker_PH/data/event/1khz_50ns_20deci_2m_UTC+0900_DST0_20190522_233159.387.tdms,1khz_50ns_20deci_2m_UTC+0900_DST0_20190522_233159.387.tdms,1khz_50ns_20deci_2m_UTC+0900_DST0_20190522_233159.387,.tdms,pohang__1khz_50ns_20deci_2m_UTC+0900_DST0_20190522_233159.387,1000.0,243,648
pohang,pohang,pohang,event,/home/ted1204/MS_Detection_Datamaker/MS_datamaker_PH/data/event/1khz_50ns_20deci_2m_UTC+0900_DST0_20190522_233459.387.tdms,1khz_50ns_20deci_2m_UTC+0900_DST0_20190522_233459.387.tdms,1khz_50ns_20deci_2m_UTC+0900_DST0_20190522_233459.387,.tdms,pohang__1khz_50ns_20deci_2m_UTC+0900_DST0_20190522_233459.387,1000.0,243,648
pohang,pohang,pohang,event,/home/ted1204/MS_Detection_Datamaker/MS_datamaker_PH/data/event/1khz_50ns_20deci_2m_UTC+0900_DST0_20190522_233559.387.tdms,1khz_50ns_20deci_2m_UTC+0900_DST0_20190522_233559.387.tdms,1khz_50ns_20deci_2m_UTC+0900_DST0_20190522_233559.387,.tdms,pohang__1khz_50ns_20deci_2m_UTC+0900_DST0_20190522_233559.387,1000.0,243,648
pohang,pohang,pohang,event,/home/ted1204/MS_Detection_Datamaker/MS_datamaker_PH/data/event/1khz_50ns_20deci_2m_UTC+0900_DST0_20190523_004459.387.tdms,1khz_50ns_20deci_2m_UTC+0900_DST0_20190523_004459.387.tdms,1khz_50ns_20deci_2m_UTC+0900_DST0_20190523_004459.387,.tdms,pohang__1khz_50ns_20deci_2m_UTC+0900_DST0_20190523_004459.387,1000.0,243,648
pohang,pohang,pohang,event,/home/ted1204/MS_Detection_Datamaker/MS_datamaker_PH/data/event/1khz_50ns_20deci_2m_UTC+0900_DST0_20190523_110459.387.tdms,1khz_50ns_20deci_2m_UTC+0900_DST0_20190523_110459.387.tdms,1khz_50ns_20deci_2m_UTC+0900_DST0_20190523_110459.387,.tdms,pohang__1khz_50ns_20deci_2m_UTC+0900_DST0_20190523_110459.387,1000.0,243,648
pohang,pohang,pohang,event,/home/ted1204/MS_Detection_Datamaker/MS_datamaker_PH/data/event/1khz_50ns_20deci_2m_UTC+0900_DST0_20190523_190159.387.tdms,1khz_50ns_20deci_2m_UTC+0900_DST0_20190523_190159.387.tdms,1khz_50ns_20deci_2m_UTC+0900_DST0_20190523_190159.387,.tdms,pohang__1khz_50ns_20deci_2m_UTC+0900_DST0_20190523_190159.387,1000.0,243,648
pohang,pohang,pohang,event,/home/ted1204/MS_Detection_Datamaker/MS_datamaker_PH/data/event/1khz_50ns_20deci_2m_UTC+0900_DST0_20190524_233259.387.tdms,1khz_50ns_20deci_2m_UTC+0900_DST0_20190524_233259.387.tdms,1khz_50ns_20deci_2m_UTC+0900_DST0_20190524_233259.387,.tdms,pohang__1khz_50ns_20deci_2m_UTC+0900_DST0_20190524_233259.387,1000.0,243,648
pohang,pohang,pohang,event,/home/ted1204/MS_Detection_Datamaker/MS_datamaker_PH/data/event/1khz_50ns_20deci_2m_UTC+0900_DST0_20190525_013759.387.tdms,1khz_50ns_20deci_2m_UTC+0900_DST0_20190525_013759.387.tdms,1khz_50ns_20deci_2m_UTC+0900_DST0_20190525_013759.387,.tdms,pohang__1khz_50ns_20deci_2m_UTC+0900_DST0_20190525_013759.387,1000.0,243,648
pohang,pohang,pohang,event,/home/ted1204/MS_Detection_Datamaker/MS_datamaker_PH/data/event/1khz_50ns_20deci_2m_UTC+0900_DST0_20190525_050759.387.tdms,1khz_50ns_20deci_2m_UTC+0900_DST0_20190525_050759.387.tdms,1khz_50ns_20deci_2m_UTC+0900_DST0_20190525_050759.387,.tdms,pohang__1khz_50ns_20deci_2m_UTC+0900_DST0_20190525_050759.387,1000.0,243,648
pohang,pohang,pohang,event,/home/ted1204/MS_Detection_Datamaker/MS_datamaker_PH/data/event/1khz_50ns_20deci_2m_UTC+0900_DST0_20190525_074059.387.tdms,1khz_50ns_20deci_2m_UTC+0900_DST0_20190525_074059.387.tdms,1khz_50ns_20deci_2m_UTC+0900_DST0_20190525_074059.387,.tdms,pohang__1khz_50ns_20deci_2m_UTC+0900_DST0_20190525_074059.387,1000.0,243,648
pohang,pohang,pohang,event,/home/ted1204/MS_Detection_Datamaker/MS_datamaker_PH/data/event/1khz_50ns_20deci_2m_UTC+0900_DST0_20190526_014159.387.tdms,1khz_50ns_20deci_2m_UTC+0900_DST0_20190526_014159.387.tdms,1khz_50ns_20deci_2m_UTC+0900_DST0_20190526_014159.387,.tdms,pohang__1khz_50ns_20deci_2m_UTC+0900_DST0_20190526_014159.387,1000.0,243,648
pohang,pohang,pohang,event,/home/ted1204/MS_Detection_Datamaker/MS_datamaker_PH/data/event/1khz_50ns_20deci_2m_UTC+0900_DST0_20190526_165059.387.tdms,1khz_50ns_20deci_2m_UTC+0900_DST0_20190526_165059.387.tdms,1khz_50ns_20deci_2m_UTC+0900_DST0_20190526_165059.387,.tdms,pohang__1khz_50ns_20deci_2m_UTC+0900_DST0_20190526_165059.387,1000.0,243,648
pohang,pohang,pohang,event,/home/ted1204/MS_Detection_Datamaker/MS_datamaker_PH/data/event/1khz_50ns_20deci_2m_UTC+0900_DST0_20190526_200059.387.tdms,1khz_50ns_20deci_2m_UTC+0900_DST0_20190526_200059.387.tdms,1khz_50ns_20deci_2m_UTC+0900_DST0_20190526_200059.387,.tdms,pohang__1khz_50ns_20deci_2m_UTC+0900_DST0_20190526_200059.387,1000.0,243,648
pohang,pohang,pohang,event,/home/ted1204/MS_Detection_Datamaker/MS_datamaker_PH/data/event/1khz_50ns_20deci_2m_UTC+0900_DST0_20190526_221559.387.tdms,1khz_50ns_20deci_2m_UTC+0900_DST0_20190526_221559.387.tdms,1khz_50ns_20deci_2m_UTC+0900_DST0_20190526_221559.387,.tdms,pohang__1khz_50ns_20deci_2m_UTC+0900_DST0_20190526_221559.387,1000.0,243,648
pohang,pohang,pohang,event,/home/ted1204/MS_Detection_Datamaker/MS_datamaker_PH/data/event/1khz_50ns_20deci_2m_UTC+0900_DST0_20190527_051959.387.tdms,1khz_50ns_20deci_2m_UTC+0900_DST0_20190527_051959.387.tdms,1khz_50ns_20deci_2m_UTC+0900_DST0_20190527_051959.387,.tdms,pohang__1khz_50ns_20deci_2m_UTC+0900_DST0_20190527_051959.387,1000.0,243,648
pohang,pohang,pohang,event,/home/ted1204/MS_Detection_Datamaker/MS_datamaker_PH/data/event/1khz_50ns_20deci_2m_UTC+0900_DST0_20190528_043459.387.tdms,1khz_50ns_20deci_2m_UTC+0900_DST0_20190528_043459.387.tdms,1khz_50ns_20deci_2m_UTC+0900_DST0_20190528_043459.387,.tdms,pohang__1khz_50ns_20deci_2m_UTC+0900_DST0_20190528_043459.387,1000.0,243,648
pohang,pohang,pohang,event,/home/ted1204/MS_Detection_Datamaker/MS_datamaker_PH/data/event/1khz_50ns_20deci_2m_UTC+0900_DST0_20190528_043859.387.tdms,1khz_50ns_20deci_2m_UTC+0900_DST0_20190528_043859.387.tdms,1khz_50ns_20deci_2m_UTC+0900_DST0_20190528_043859.387,.tdms,pohang__1khz_50ns_20deci_2m_UTC+0900_DST0_20190528_043859.387,1000.0,243,648
pohang,pohang,pohang,event,/home/ted1204/MS_Detection_Datamaker/MS_datamaker_PH/data/event/1khz_50ns_20deci_2m_UTC+0900_DST0_20190528_103859.387.tdms,1khz_50ns_20deci_2m_UTC+0900_DST0_20190528_103859.387.tdms,1khz_50ns_20deci_2m_UTC+0900_DST0_20190528_103859.387,.tdms,pohang__1khz_50ns_20deci_2m_UTC+0900_DST0_20190528_103859.387,1000.0,243,648
pohang,pohang,pohang,event,/home/ted1204/MS_Detection_Datamaker/MS_datamaker_PH/data/event/1khz_50ns_20deci_2m_UTC+0900_DST0_20190529_023759.387.tdms,1khz_50ns_20deci_2m_UTC+0900_DST0_20190529_023759.387.tdms,1khz_50ns_20deci_2m_UTC+0900_DST0_20190529_023759.387,.tdms,pohang__1khz_50ns_20deci_2m_UTC+0900_DST0_20190529_023759.387,1000.0,243,648
pohang,pohang,pohang,event,/home/ted1204/MS_Detection_Datamaker/MS_datamaker_PH/data/event/1khz_50ns_20deci_2m_UTC+0900_DST0_20190529_163859.387.tdms,1khz_50ns_20deci_2m_UTC+0900_DST0_20190529_163859.387.tdms,1khz_50ns_20deci_2m_UTC+0900_DST0_20190529_163859.387,.tdms,pohang__1khz_50ns_20deci_2m_UTC+0900_DST0_20190529_163859.387,1000.0,243,648
pohang,pohang,pohang,event,/home/ted1204/MS_Detection_Datamaker/MS_datamaker_PH/data/event/1khz_50ns_20deci_2m_UTC+0900_DST0_20190530_053059.387.tdms,1khz_50ns_20deci_2m_UTC+0900_DST0_20190530_053059.387.tdms,1khz_50ns_20deci_2m_UTC+0900_DST0_20190530_053059.387,.tdms,pohang__1khz_50ns_20deci_2m_UTC+0900_DST0_20190530_053059.387,1000.0,243,648
pohang,pohang,pohang,event,/home/ted1204/MS_Detection_Datamaker/MS_datamaker_PH/data/event/1khz_50ns_20deci_2m_UTC+0900_DST0_20190531_012459.387.tdms,1khz_50ns_20deci_2m_UTC+0900_DST0_20190531_012459.387.tdms,1khz_50ns_20deci_2m_UTC+0900_DST0_20190531_012459.387,.tdms,pohang__1khz_50ns_20deci_2m_UTC+0900_DST0_20190531_012459.387,1000.0,243,648
pohang,pohang,pohang,event,/home/ted1204/MS_Detection_Datamaker/MS_datamaker_PH/data/event/1khz_50ns_20deci_2m_UTC+0900_DST0_20190531_163759.387.tdms,1khz_50ns_20deci_2m_UTC+0900_DST0_20190531_163759.387.tdms,1khz_50ns_20deci_2m_UTC+0900_DST0_20190531_163759.387,.tdms,pohang__1khz_50ns_20deci_2m_UTC+0900_DST0_20190531_163759.387,1000.0,243,648
pohang,pohang,pohang,event,/home/ted1204/MS_Detection_Datamaker/MS_datamaker_PH/data/event/1khz_50ns_20deci_2m_UTC+0900_DST0_20190601_052759.387.tdms,1khz_50ns_20deci_2m_UTC+0900_DST0_20190601_052759.387.tdms,1khz_50ns_20deci_2m_UTC+0900_DST0_20190601_052759.387,.tdms,pohang__1khz_50ns_20deci_2m_UTC+0900_DST0_20190601_052759.387,1000.0,243,648
pohang,pohang,pohang,event,/home/ted1204/MS_Detection_Datamaker/MS_datamaker_PH/data/event/1khz_50ns_20deci_2m_UTC+0900_DST0_20190601_183059.387.tdms,1khz_50ns_20deci_2m_UTC+0900_DST0_20190601_183059.387.tdms,1khz_50ns_20deci_2m_UTC+0900_DST0_20190601_183059.387,.tdms,pohang__1khz_50ns_20deci_2m_UTC+0900_DST0_20190601_183059.387,1000.0,243,648
pohang,pohang,pohang,event,/home/ted1204/MS_Detection_Datamaker/MS_datamaker_PH/data/event/1khz_50ns_20deci_2m_UTC+0900_DST0_20190601_215259.387.tdms,1khz_50ns_20deci_2m_UTC+0900_DST0_20190601_215259.387.tdms,1khz_50ns_20deci_2m_UTC+0900_DST0_20190601_215259.387,.tdms,pohang__1khz_50ns_20deci_2m_UTC+0900_DST0_20190601_215259.387,1000.0,243,648
pohang,pohang,pohang,event,/home/ted1204/MS_Detection_Datamaker/MS_datamaker_PH/data/event/1khz_50ns_20deci_2m_UTC+0900_DST0_20190602_002659.387.tdms,1khz_50ns_20deci_2m_UTC+0900_DST0_20190602_002659.387.tdms,1khz_50ns_20deci_2m_UTC+0900_DST0_20190602_002659.387,.tdms,pohang__1khz_50ns_20deci_2m_UTC+0900_DST0_20190602_002659.387,1000.0,243,648
pohang,pohang,pohang,event,/home/ted1204/MS_Detection_Datamaker/MS_datamaker_PH/data/event/1khz_50ns_20deci_2m_UTC+0900_DST0_20190602_013159.387.tdms,1khz_50ns_20deci_2m_UTC+0900_DST0_20190602_013159.387.tdms,1khz_50ns_20deci_2m_UTC+0900_DST0_20190602_013159.387,.tdms,pohang__1khz_50ns_20deci_2m_UTC+0900_DST0_20190602_013159.387,1000.0,243,648
pohang,pohang,pohang,event,/home/ted1204/MS_Detection_Datamaker/MS_datamaker_PH/data/event/1khz_50ns_20deci_2m_UTC+0900_DST0_20190602_072559.387.tdms,1khz_50ns_20deci_2m_UTC+0900_DST0_20190602_072559.387.tdms,1khz_50ns_20deci_2m_UTC+0900_DST0_20190602_072559.387,.tdms,pohang__1khz_50ns_20deci_2m_UTC+0900_DST0_20190602_072559.387,1000.0,243,648
pohang,pohang,pohang,event,/home/ted1204/MS_Detection_Datamaker/MS_datamaker_PH/data/event/1khz_50ns_20deci_2m_UTC+0900_DST0_20190602_220159.387.tdms,1khz_50ns_20deci_2m_UTC+0900_DST0_20190602_220159.387.tdms,1khz_50ns_20deci_2m_UTC+0900_DST0_20190602_220159.387,.tdms,pohang__1khz_50ns_20deci_2m_UTC+0900_DST0_20190602_220159.387,1000.0,243,648
pohang,pohang,pohang,event,/home/ted1204/MS_Detection_Datamaker/MS_datamaker_PH/data/event/1khz_50ns_20deci_2m_UTC+0900_DST0_20190602_223159.387.tdms,1khz_50ns_20deci_2m_UTC+0900_DST0_20190602_223159.387.tdms,1khz_50ns_20deci_2m_UTC+0900_DST0_20190602_223159.387,.tdms,pohang__1khz_50ns_20deci_2m_UTC+0900_DST0_20190602_223159.387,1000.0,243,648
pohang,pohang,pohang,event,/home/ted1204/MS_Detection_Datamaker/MS_datamaker_PH/data/event/1khz_50ns_20deci_2m_UTC+0900_DST0_20190603_030759.387.tdms,1khz_50ns_20deci_2m_UTC+0900_DST0_20190603_030759.387.tdms,1khz_50ns_20deci_2m_UTC+0900_DST0_20190603_030759.387,.tdms,pohang__1khz_50ns_20deci_2m_UTC+0900_DST0_20190603_030759.387,1000.0,243,648
pohang,pohang,pohang,event,/home/ted1204/MS_Detection_Datamaker/MS_datamaker_PH/data/event/1khz_50ns_20deci_2m_UTC+0900_DST0_20190603_052959.387.tdms,1khz_50ns_20deci_2m_UTC+0900_DST0_20190603_052959.387.tdms,1khz_50ns_20deci_2m_UTC+0900_DST0_20190603_052959.387,.tdms,pohang__1khz_50ns_20deci_2m_UTC+0900_DST0_20190603_052959.387,1000.0,243,648
pohang,pohang,pohang,event,/home/ted1204/MS_Detection_Datamaker/MS_datamaker_PH/data/event/1khz_50ns_20deci_2m_UTC+0900_DST0_20190603_084259.387.tdms,1khz_50ns_20deci_2m_UTC+0900_DST0_20190603_084259.387.tdms,1khz_50ns_20deci_2m_UTC+0900_DST0_20190603_084259.387,.tdms,pohang__1khz_50ns_20deci_2m_UTC+0900_DST0_20190603_084259.387,1000.0,243,648
pohang,pohang,pohang,event,/home/ted1204/MS_Detection_Datamaker/MS_datamaker_PH/data/event/1khz_50ns_20deci_2m_UTC+0900_DST0_20190603_152159.387.tdms,1khz_50ns_20deci_2m_UTC+0900_DST0_20190603_152159.387.tdms,1khz_50ns_20deci_2m_UTC+0900_DST0_20190603_152159.387,.tdms,pohang__1khz_50ns_20deci_2m_UTC+0900_DST0_20190603_152159.387,1000.0,243,648
pohang,pohang,pohang,event,/home/ted1204/MS_Detection_Datamaker/MS_datamaker_PH/data/event/1khz_50ns_20deci_2m_UTC+0900_DST0_20190603_152359.387.tdms,1khz_50ns_20deci_2m_UTC+0900_DST0_20190603_152359.387.tdms,1khz_50ns_20deci_2m_UTC+0900_DST0_20190603_152359.387,.tdms,pohang__1khz_50ns_20deci_2m_UTC+0900_DST0_20190603_152359.387,1000.0,243,648
pohang,pohang,pohang,event,/home/ted1204/MS_Detection_Datamaker/MS_datamaker_PH/data/event/1khz_50ns_20deci_2m_UTC+0900_DST0_20190606_042659.387.tdms,1khz_50ns_20deci_2m_UTC+0900_DST0_20190606_042659.387.tdms,1khz_50ns_20deci_2m_UTC+0900_DST0_20190606_042659.387,.tdms,pohang__1khz_50ns_20deci_2m_UTC+0900_DST0_20190606_042659.387,1000.0,243,648
pohang,pohang,pohang,event,/home/ted1204/MS_Detection_Datamaker/MS_datamaker_PH/data/event/1khz_50ns_20deci_2m_UTC+0900_DST0_20190606_074059.387.tdms,1khz_50ns_20deci_2m_UTC+0900_DST0_20190606_074059.387.tdms,1khz_50ns_20deci_2m_UTC+0900_DST0_20190606_074059.387,.tdms,pohang__1khz_50ns_20deci_2m_UTC+0900_DST0_20190606_074059.387,1000.0,243,648
pohang,pohang,pohang,event,/home/ted1204/MS_Detection_Datamaker/MS_datamaker_PH/data/event/1khz_50ns_20deci_2m_UTC+0900_DST0_20190606_231759.387.tdms,1khz_50ns_20deci_2m_UTC+0900_DST0_20190606_231759.387.tdms,1khz_50ns_20deci_2m_UTC+0900_DST0_20190606_231759.387,.tdms,pohang__1khz_50ns_20deci_2m_UTC+0900_DST0_20190606_231759.387,1000.0,243,648
pohang,pohang,pohang,event,/home/ted1204/MS_Detection_Datamaker/MS_datamaker_PH/data/event/1khz_50ns_20deci_2m_UTC+0900_DST0_20190607_030059.387.tdms,1khz_50ns_20deci_2m_UTC+0900_DST0_20190607_030059.387.tdms,1khz_50ns_20deci_2m_UTC+0900_DST0_20190607_030059.387,.tdms,pohang__1khz_50ns_20deci_2m_UTC+0900_DST0_20190607_030059.387,1000.0,243,648
pohang,pohang,pohang,event,/home/ted1204/MS_Detection_Datamaker/MS_datamaker_PH/data/event/1khz_50ns_20deci_2m_UTC+0900_DST0_20190607_074659.387.tdms,1khz_50ns_20deci_2m_UTC+0900_DST0_20190607_074659.387.tdms,1khz_50ns_20deci_2m_UTC+0900_DST0_20190607_074659.387,.tdms,pohang__1khz_50ns_20deci_2m_UTC+0900_DST0_20190607_074659.387,1000.0,243,648
pohang,pohang,pohang,event,/home/ted1204/MS_Detection_Datamaker/MS_datamaker_PH/data/event/1khz_50ns_20deci_2m_UTC+0900_DST0_20190607_143359.387.tdms,1khz_50ns_20deci_2m_UTC+0900_DST0_20190607_143359.387.tdms,1khz_50ns_20deci_2m_UTC+0900_DST0_20190607_143359.387,.tdms,pohang__1khz_50ns_20deci_2m_UTC+0900_DST0_20190607_143359.387,1000.0,243,648
pohang,pohang,pohang,event,/home/ted1204/MS_Detection_Datamaker/MS_datamaker_PH/data/event/1khz_50ns_20deci_2m_UTC+0900_DST0_20190608_003059.387.tdms,1khz_50ns_20deci_2m_UTC+0900_DST0_20190608_003059.387.tdms,1khz_50ns_20deci_2m_UTC+0900_DST0_20190608_003059.387,.tdms,pohang__1khz_50ns_20deci_2m_UTC+0900_DST0_20190608_003059.387,1000.0,243,648
pohang,pohang,pohang,event,/home/ted1204/MS_Detection_Datamaker/MS_datamaker_PH/data/event/1khz_50ns_20deci_2m_UTC+0900_DST0_20190612_024159.387.tdms,1khz_50ns_20deci_2m_UTC+0900_DST0_20190612_024159.387.tdms,1khz_50ns_20deci_2m_UTC+0900_DST0_20190612_024159.387,.tdms,pohang__1khz_50ns_20deci_2m_UTC+0900_DST0_20190612_024159.387,1000.0,243,648
pohang,pohang,pohang,event,/home/ted1204/MS_Detection_Datamaker/MS_datamaker_PH/data/event/1khz_50ns_20deci_2m_UTC+0900_DST0_20190612_165859.387.tdms,1khz_50ns_20deci_2m_UTC+0900_DST0_20190612_165859.387.tdms,1khz_50ns_20deci_2m_UTC+0900_DST0_20190612_165859.387,.tdms,pohang__1khz_50ns_20deci_2m_UTC+0900_DST0_20190612_165859.387,1000.0,243,648
pohang,pohang,pohang,event,/home/ted1204/MS_Detection_Datamaker/MS_datamaker_PH/data/event/1khz_50ns_20deci_2m_UTC+0900_DST0_20190612_171659.387.tdms,1khz_50ns_20deci_2m_UTC+0900_DST0_20190612_171659.387.tdms,1khz_50ns_20deci_2m_UTC+0900_DST0_20190612_171659.387,.tdms,pohang__1khz_50ns_20deci_2m_UTC+0900_DST0_20190612_171659.387,1000.0,243,648
pohang,pohang,pohang,event,/home/ted1204/MS_Detection_Datamaker/MS_datamaker_PH/data/event/1khz_50ns_20deci_2m_UTC+0900_DST0_20190613_075359.387.tdms,1khz_50ns_20deci_2m_UTC+0900_DST0_20190613_075359.387.tdms,1khz_50ns_20deci_2m_UTC+0900_DST0_20190613_075359.387,.tdms,pohang__1khz_50ns_20deci_2m_UTC+0900_DST0_20190613_075359.387,1000.0,243,648
pohang,pohang,pohang,event,/home/ted1204/MS_Detection_Datamaker/MS_datamaker_PH/data/event/1khz_50ns_20deci_2m_UTC+0900_DST0_20190613_084959.387.tdms,1khz_50ns_20deci_2m_UTC+0900_DST0_20190613_084959.387.tdms,1khz_50ns_20deci_2m_UTC+0900_DST0_20190613_084959.387,.tdms,pohang__1khz_50ns_20deci_2m_UTC+0900_DST0_20190613_084959.387,1000.0,243,648
pohang,pohang,pohang,event,/home/ted1204/MS_Detection_Datamaker/MS_datamaker_PH/data/event/1khz_50ns_20deci_2m_UTC+0900_DST0_20190613_210730.986.tdms,1khz_50ns_20deci_2m_UTC+0900_DST0_20190613_210730.986.tdms,1khz_50ns_20deci_2m_UTC+0900_DST0_20190613_210730.986,.tdms,pohang__1khz_50ns_20deci_2m_UTC+0900_DST0_20190613_210730.986,1000.0,243,648
pohang,pohang,pohang,event,/home/ted1204/MS_Detection_Datamaker/MS_datamaker_PH/data/event/1khz_50ns_20deci_2m_UTC+0900_DST0_20190613_212130.986.tdms,1khz_50ns_20deci_2m_UTC+0900_DST0_20190613_212130.986.tdms,1khz_50ns_20deci_2m_UTC+0900_DST0_20190613_212130.986,.tdms,pohang__1khz_50ns_20deci_2m_UTC+0900_DST0_20190613_212130.986,1000.0,243,648
pohang,pohang,pohang,event,/home/ted1204/MS_Detection_Datamaker/MS_datamaker_PH/data/event/1khz_50ns_20deci_2m_UTC+0900_DST0_20190614_012030.986.tdms,1khz_50ns_20deci_2m_UTC+0900_DST0_20190614_012030.986.tdms,1khz_50ns_20deci_2m_UTC+0900_DST0_20190614_012030.986,.tdms,pohang__1khz_50ns_20deci_2m_UTC+0900_DST0_20190614_012030.986,1000.0,243,648
pohang,pohang,pohang,event,/home/ted1204/MS_Detection_Datamaker/MS_datamaker_PH/data/event/1khz_50ns_20deci_2m_UTC+0900_DST0_20190614_031930.986.tdms,1khz_50ns_20deci_2m_UTC+0900_DST0_20190614_031930.986.tdms,1khz_50ns_20deci_2m_UTC+0900_DST0_20190614_031930.986,.tdms,pohang__1khz_50ns_20deci_2m_UTC+0900_DST0_20190614_031930.986,1000.0,243,648
pohang,pohang,pohang,event,/home/ted1204/MS_Detection_Datamaker/MS_datamaker_PH/data/event/1khz_50ns_20deci_2m_UTC+0900_DST0_20190614_234851.825.tdms,1khz_50ns_20deci_2m_UTC+0900_DST0_20190614_234851.825.tdms,1khz_50ns_20deci_2m_UTC+0900_DST0_20190614_234851.825,.tdms,pohang__1khz_50ns_20deci_2m_UTC+0900_DST0_20190614_234851.825,1000.0,243,648
pohang,pohang,pohang,event,/home/ted1204/MS_Detection_Datamaker/MS_datamaker_PH/data/event/1khz_50ns_20deci_2m_UTC+0900_DST0_20190615_013051.825.tdms,1khz_50ns_20deci_2m_UTC+0900_DST0_20190615_013051.825.tdms,1khz_50ns_20deci_2m_UTC+0900_DST0_20190615_013051.825,.tdms,pohang__1khz_50ns_20deci_2m_UTC+0900_DST0_20190615_013051.825,1000.0,243,648
pohang,pohang,pohang,event,/home/ted1204/MS_Detection_Datamaker/MS_datamaker_PH/data/event/1khz_50ns_20deci_2m_UTC+0900_DST0_20190615_015851.825.tdms,1khz_50ns_20deci_2m_UTC+0900_DST0_20190615_015851.825.tdms,1khz_50ns_20deci_2m_UTC+0900_DST0_20190615_015851.825,.tdms,pohang__1khz_50ns_20deci_2m_UTC+0900_DST0_20190615_015851.825,1000.0,243,648
pohang,pohang,pohang,event,/home/ted1204/MS_Detection_Datamaker/MS_datamaker_PH/data/event/1khz_50ns_20deci_2m_UTC+0900_DST0_20190615_045051.825.tdms,1khz_50ns_20deci_2m_UTC+0900_DST0_20190615_045051.825.tdms,1khz_50ns_20deci_2m_UTC+0900_DST0_20190615_045051.825,.tdms,pohang__1khz_50ns_20deci_2m_UTC+0900_DST0_20190615_045051.825,1000.0,243,648
pohang,pohang,pohang,event,/home/ted1204/MS_Detection_Datamaker/MS_datamaker_PH/data/event/1khz_50ns_20deci_2m_UTC+0900_DST0_20190615_052851.825.tdms,1khz_50ns_20deci_2m_UTC+0900_DST0_20190615_052851.825.tdms,1khz_50ns_20deci_2m_UTC+0900_DST0_20190615_052851.825,.tdms,pohang__1khz_50ns_20deci_2m_UTC+0900_DST0_20190615_052851.825,1000.0,243,648
pohang,pohang,pohang,event,/home/ted1204/MS_Detection_Datamaker/MS_datamaker_PH/data/event/1khz_50ns_20deci_2m_UTC+0900_DST0_20190615_055551.825.tdms,1khz_50ns_20deci_2m_UTC+0900_DST0_20190615_055551.825.tdms,1khz_50ns_20deci_2m_UTC+0900_DST0_20190615_055551.825,.tdms,pohang__1khz_50ns_20deci_2m_UTC+0900_DST0_20190615_055551.825,1000.0,243,648
pohang,pohang,pohang,event,/home/ted1204/MS_Detection_Datamaker/MS_datamaker_PH/data/event/1khz_50ns_20deci_2m_UTC+0900_DST0_20190615_061051.825.tdms,1khz_50ns_20deci_2m_UTC+0900_DST0_20190615_061051.825.tdms,1khz_50ns_20deci_2m_UTC+0900_DST0_20190615_061051.825,.tdms,pohang__1khz_50ns_20deci_2m_UTC+0900_DST0_20190615_061051.825,1000.0,243,648
pohang,pohang,pohang,event,/home/ted1204/MS_Detection_Datamaker/MS_datamaker_PH/data/event/1khz_50ns_20deci_2m_UTC+0900_DST0_20190615_090551.825.tdms,1khz_50ns_20deci_2m_UTC+0900_DST0_20190615_090551.825.tdms,1khz_50ns_20deci_2m_UTC+0900_DST0_20190615_090551.825,.tdms,pohang__1khz_50ns_20deci_2m_UTC+0900_DST0_20190615_090551.825,1000.0,243,648
pohang,pohang,pohang,event,/home/ted1204/MS_Detection_Datamaker/MS_datamaker_PH/data/event/1khz_50ns_20deci_2m_UTC+0900_DST0_20190615_120751.825.tdms,1khz_50ns_20deci_2m_UTC+0900_DST0_20190615_120751.825.tdms,1khz_50ns_20deci_2m_UTC+0900_DST0_20190615_120751.825,.tdms,pohang__1khz_50ns_20deci_2m_UTC+0900_DST0_20190615_120751.825,1000.0,243,648
pohang,pohang,pohang,event,/home/ted1204/MS_Detection_Datamaker/MS_datamaker_PH/data/event/1khz_50ns_20deci_2m_UTC+0900_DST0_20190615_180051.825.tdms,1khz_50ns_20deci_2m_UTC+0900_DST0_20190615_180051.825.tdms,1khz_50ns_20deci_2m_UTC+0900_DST0_20190615_180051.825,.tdms,pohang__1khz_50ns_20deci_2m_UTC+0900_DST0_20190615_180051.825,1000.0,243,648
pohang,pohang,pohang,event,/home/ted1204/MS_Detection_Datamaker/MS_datamaker_PH/data/event/1khz_50ns_20deci_2m_UTC+0900_DST0_20190615_190451.825.tdms,1khz_50ns_20deci_2m_UTC+0900_DST0_20190615_190451.825.tdms,1khz_50ns_20deci_2m_UTC+0900_DST0_20190615_190451.825,.tdms,pohang__1khz_50ns_20deci_2m_UTC+0900_DST0_20190615_190451.825,1000.0,243,648
pohang,pohang,pohang,event,/home/ted1204/MS_Detection_Datamaker/MS_datamaker_PH/data/event/1khz_50ns_20deci_2m_UTC+0900_DST0_20190615_194551.825.tdms,1khz_50ns_20deci_2m_UTC+0900_DST0_20190615_194551.825.tdms,1khz_50ns_20deci_2m_UTC+0900_DST0_20190615_194551.825,.tdms,pohang__1khz_50ns_20deci_2m_UTC+0900_DST0_20190615_194551.825,1000.0,243,648
pohang,pohang,pohang,event,/home/ted1204/MS_Detection_Datamaker/MS_datamaker_PH/data/event/1khz_50ns_20deci_2m_UTC+0900_DST0_20190615_220451.825.tdms,1khz_50ns_20deci_2m_UTC+0900_DST0_20190615_220451.825.tdms,1khz_50ns_20deci_2m_UTC+0900_DST0_20190615_220451.825,.tdms,pohang__1khz_50ns_20deci_2m_UTC+0900_DST0_20190615_220451.825,1000.0,243,648
pohang,pohang,pohang,event,/home/ted1204/MS_Detection_Datamaker/MS_datamaker_PH/data/event/1khz_50ns_20deci_2m_UTC+0900_DST0_20190615_220651.825.tdms,1khz_50ns_20deci_2m_UTC+0900_DST0_20190615_220651.825.tdms,1khz_50ns_20deci_2m_UTC+0900_DST0_20190615_220651.825,.tdms,pohang__1khz_50ns_20deci_2m_UTC+0900_DST0_20190615_220651.825,1000.0,243,648
pohang,pohang,pohang,event,/home/ted1204/MS_Detection_Datamaker/MS_datamaker_PH/data/event/1khz_50ns_20deci_2m_UTC+0900_DST0_20190616_115151.825.tdms,1khz_50ns_20deci_2m_UTC+0900_DST0_20190616_115151.825.tdms,1khz_50ns_20deci_2m_UTC+0900_DST0_20190616_115151.825,.tdms,pohang__1khz_50ns_20deci_2m_UTC+0900_DST0_20190616_115151.825,1000.0,243,648
pohang,pohang,pohang,event,/home/ted1204/MS_Detection_Datamaker/MS_datamaker_PH/data/event/1khz_50ns_20deci_2m_UTC+0900_DST0_20190616_192451.825.tdms,1khz_50ns_20deci_2m_UTC+0900_DST0_20190616_192451.825.tdms,1khz_50ns_20deci_2m_UTC+0900_DST0_20190616_192451.825,.tdms,pohang__1khz_50ns_20deci_2m_UTC+0900_DST0_20190616_192451.825,1000.0,243,648
pohang,pohang,pohang,event,/home/ted1204/MS_Detection_Datamaker/MS_datamaker_PH/data/event/1khz_50ns_20deci_2m_UTC+0900_DST0_20190616_194651.825.tdms,1khz_50ns_20deci_2m_UTC+0900_DST0_20190616_194651.825.tdms,1khz_50ns_20deci_2m_UTC+0900_DST0_20190616_194651.825,.tdms,pohang__1khz_50ns_20deci_2m_UTC+0900_DST0_20190616_194651.825,1000.0,243,648
pohang,pohang,pohang,event,/home/ted1204/MS_Detection_Datamaker/MS_datamaker_PH/data/event/1khz_50ns_20deci_2m_UTC+0900_DST0_20190616_200051.825.tdms,1khz_50ns_20deci_2m_UTC+0900_DST0_20190616_200051.825.tdms,1khz_50ns_20deci_2m_UTC+0900_DST0_20190616_200051.825,.tdms,pohang__1khz_50ns_20deci_2m_UTC+0900_DST0_20190616_200051.825,1000.0,243,648
pohang,pohang,pohang,event,/home/ted1204/MS_Detection_Datamaker/MS_datamaker_PH/data/event/1khz_50ns_20deci_2m_UTC+0900_DST0_20190616_213751.825.tdms,1khz_50ns_20deci_2m_UTC+0900_DST0_20190616_213751.825.tdms,1khz_50ns_20deci_2m_UTC+0900_DST0_20190616_213751.825,.tdms,pohang__1khz_50ns_20deci_2m_UTC+0900_DST0_20190616_213751.825,1000.0,243,648
pohang,pohang,pohang,event,/home/ted1204/MS_Detection_Datamaker/MS_datamaker_PH/data/event/1khz_50ns_20deci_2m_UTC+0900_DST0_20190617_015851.825.tdms,1khz_50ns_20deci_2m_UTC+0900_DST0_20190617_015851.825.tdms,1khz_50ns_20deci_2m_UTC+0900_DST0_20190617_015851.825,.tdms,pohang__1khz_50ns_20deci_2m_UTC+0900_DST0_20190617_015851.825,1000.0,243,648
pohang,pohang,pohang,event,/home/ted1204/MS_Detection_Datamaker/MS_datamaker_PH/data/event/1khz_50ns_20deci_2m_UTC+0900_DST0_20190617_023351.825.tdms,1khz_50ns_20deci_2m_UTC+0900_DST0_20190617_023351.825.tdms,1khz_50ns_20deci_2m_UTC+0900_DST0_20190617_023351.825,.tdms,pohang__1khz_50ns_20deci_2m_UTC+0900_DST0_20190617_023351.825,1000.0,243,648
pohang,pohang,pohang,event,/home/ted1204/MS_Detection_Datamaker/MS_datamaker_PH/data/event/1khz_50ns_20deci_2m_UTC+0900_DST0_20190617_064851.825.tdms,1khz_50ns_20deci_2m_UTC+0900_DST0_20190617_064851.825.tdms,1khz_50ns_20deci_2m_UTC+0900_DST0_20190617_064851.825,.tdms,pohang__1khz_50ns_20deci_2m_UTC+0900_DST0_20190617_064851.825,1000.0,243,648
pohang,pohang,pohang,event,/home/ted1204/MS_Detection_Datamaker/MS_datamaker_PH/data/event/1khz_50ns_20deci_2m_UTC+0900_DST0_20190617_184851.825.tdms,1khz_50ns_20deci_2m_UTC+0900_DST0_20190617_184851.825.tdms,1khz_50ns_20deci_2m_UTC+0900_DST0_20190617_184851.825,.tdms,pohang__1khz_50ns_20deci_2m_UTC+0900_DST0_20190617_184851.825,1000.0,243,648
pohang,pohang,pohang,event,/home/ted1204/MS_Detection_Datamaker/MS_datamaker_PH/data/event/1khz_50ns_20deci_2m_UTC+0900_DST0_20190618_173151.825.tdms,1khz_50ns_20deci_2m_UTC+0900_DST0_20190618_173151.825.tdms,1khz_50ns_20deci_2m_UTC+0900_DST0_20190618_173151.825,.tdms,pohang__1khz_50ns_20deci_2m_UTC+0900_DST0_20190618_173151.825,1000.0,243,648
pohang,pohang,pohang,event,/home/ted1204/MS_Detection_Datamaker/MS_datamaker_PH/data/event/1khz_50ns_20deci_2m_UTC+0900_DST0_20190619_024451.825.tdms,1khz_50ns_20deci_2m_UTC+0900_DST0_20190619_024451.825.tdms,1khz_50ns_20deci_2m_UTC+0900_DST0_20190619_024451.825,.tdms,pohang__1khz_50ns_20deci_2m_UTC+0900_DST0_20190619_024451.825,1000.0,243,648
pohang,pohang,pohang,event,/home/ted1204/MS_Detection_Datamaker/MS_datamaker_PH/data/event/1khz_50ns_20deci_2m_UTC+0900_DST0_20190619_055651.825.tdms,1khz_50ns_20deci_2m_UTC+0900_DST0_20190619_055651.825.tdms,1khz_50ns_20deci_2m_UTC+0900_DST0_20190619_055651.825,.tdms,pohang__1khz_50ns_20deci_2m_UTC+0900_DST0_20190619_055651.825,1000.0,243,648
pohang,pohang,pohang,event,/home/ted1204/MS_Detection_Datamaker/MS_datamaker_PH/data/event/1khz_50ns_20deci_2m_UTC+0900_DST0_20190619_085451.825.tdms,1khz_50ns_20deci_2m_UTC+0900_DST0_20190619_085451.825.tdms,1khz_50ns_20deci_2m_UTC+0900_DST0_20190619_085451.825,.tdms,pohang__1khz_50ns_20deci_2m_UTC+0900_DST0_20190619_085451.825,1000.0,243,648
pohang,pohang,pohang,event,/home/ted1204/MS_Detection_Datamaker/MS_datamaker_PH/data/event/1khz_50ns_20deci_2m_UTC+0900_DST0_20190619_085551.825.tdms,1khz_50ns_20deci_2m_UTC+0900_DST0_20190619_085551.825.tdms,1khz_50ns_20deci_2m_UTC+0900_DST0_20190619_085551.825,.tdms,pohang__1khz_50ns_20deci_2m_UTC+0900_DST0_20190619_085551.825,1000.0,243,648
pohang,pohang,pohang,event,/home/ted1204/MS_Detection_Datamaker/MS_datamaker_PH/data/event/1khz_50ns_20deci_2m_UTC+0900_DST0_20190620_004151.825.tdms,1khz_50ns_20deci_2m_UTC+0900_DST0_20190620_004151.825.tdms,1khz_50ns_20deci_2m_UTC+0900_DST0_20190620_004151.825,.tdms,pohang__1khz_50ns_20deci_2m_UTC+0900_DST0_20190620_004151.825,1000.0,243,648
pohang,pohang,pohang,event,/home/ted1204/MS_Detection_Datamaker/MS_datamaker_PH/data/event/1khz_50ns_20deci_2m_UTC+0900_DST0_20190620_051851.825.tdms,1khz_50ns_20deci_2m_UTC+0900_DST0_20190620_051851.825.tdms,1khz_50ns_20deci_2m_UTC+0900_DST0_20190620_051851.825,.tdms,pohang__1khz_50ns_20deci_2m_UTC+0900_DST0_20190620_051851.825,1000.0,243,648
pohang,pohang,pohang,event,/home/ted1204/MS_Detection_Datamaker/MS_datamaker_PH/data/event/1khz_50ns_20deci_2m_UTC+0900_DST0_20190620_120951.825.tdms,1khz_50ns_20deci_2m_UTC+0900_DST0_20190620_120951.825.tdms,1khz_50ns_20deci_2m_UTC+0900_DST0_20190620_120951.825,.tdms,pohang__1khz_50ns_20deci_2m_UTC+0900_DST0_20190620_120951.825,1000.0,243,648
pohang,pohang,pohang,event,/home/ted1204/MS_Detection_Datamaker/MS_datamaker_PH/data/event/1khz_50ns_20deci_2m_UTC+0900_DST0_20190620_125351.825.tdms,1khz_50ns_20deci_2m_UTC+0900_DST0_20190620_125351.825.tdms,1khz_50ns_20deci_2m_UTC+0900_DST0_20190620_125351.825,.tdms,pohang__1khz_50ns_20deci_2m_UTC+0900_DST0_20190620_125351.825,1000.0,243,648
pohang,pohang,pohang,event,/home/ted1204/MS_Detection_Datamaker/MS_datamaker_PH/data/event/1khz_50ns_20deci_2m_UTC+0900_DST0_20190620_170051.825.tdms,1khz_50ns_20deci_2m_UTC+0900_DST0_20190620_170051.825.tdms,1khz_50ns_20deci_2m_UTC+0900_DST0_20190620_170051.825,.tdms,pohang__1khz_50ns_20deci_2m_UTC+0900_DST0_20190620_170051.825,1000.0,243,648
pohang,pohang,pohang,event,/home/ted1204/MS_Detection_Datamaker/MS_datamaker_PH/data/event/1khz_50ns_20deci_2m_UTC+0900_DST0_20190620_174651.825.tdms,1khz_50ns_20deci_2m_UTC+0900_DST0_20190620_174651.825.tdms,1khz_50ns_20deci_2m_UTC+0900_DST0_20190620_174651.825,.tdms,pohang__1khz_50ns_20deci_2m_UTC+0900_DST0_20190620_174651.825,1000.0,243,648
pohang,pohang,pohang,event,/home/ted1204/MS_Detection_Datamaker/MS_datamaker_PH/data/event/1khz_50ns_20deci_2m_UTC+0900_DST0_20190621_050651.825.tdms,1khz_50ns_20deci_2m_UTC+0900_DST0_20190621_050651.825.tdms,1khz_50ns_20deci_2m_UTC+0900_DST0_20190621_050651.825,.tdms,pohang__1khz_50ns_20deci_2m_UTC+0900_DST0_20190621_050651.825,1000.0,243,648
pohang,pohang,pohang,event,/home/ted1204/MS_Detection_Datamaker/MS_datamaker_PH/data/event/1khz_50ns_20deci_2m_UTC+0900_DST0_20190621_131951.825.tdms,1khz_50ns_20deci_2m_UTC+0900_DST0_20190621_131951.825.tdms,1khz_50ns_20deci_2m_UTC+0900_DST0_20190621_131951.825,.tdms,pohang__1khz_50ns_20deci_2m_UTC+0900_DST0_20190621_131951.825,1000.0,243,648
pohang,pohang,pohang,event,/home/ted1204/MS_Detection_Datamaker/MS_datamaker_PH/data/event/1khz_50ns_20deci_2m_UTC+0900_DST0_20190622_040551.825.tdms,1khz_50ns_20deci_2m_UTC+0900_DST0_20190622_040551.825.tdms,1khz_50ns_20deci_2m_UTC+0900_DST0_20190622_040551.825,.tdms,pohang__1khz_50ns_20deci_2m_UTC+0900_DST0_20190622_040551.825,1000.0,243,648
pohang,pohang,pohang,event,/home/ted1204/MS_Detection_Datamaker/MS_datamaker_PH/data/event/1khz_50ns_20deci_2m_UTC+0900_DST0_20190622_054251.825.tdms,1khz_50ns_20deci_2m_UTC+0900_DST0_20190622_054251.825.tdms,1khz_50ns_20deci_2m_UTC+0900_DST0_20190622_054251.825,.tdms,pohang__1khz_50ns_20deci_2m_UTC+0900_DST0_20190622_054251.825,1000.0,243,648
pohang,pohang,pohang,event,/home/ted1204/MS_Detection_Datamaker/MS_datamaker_PH/data/event/1khz_50ns_20deci_2m_UTC+0900_DST0_20190622_054851.825.tdms,1khz_50ns_20deci_2m_UTC+0900_DST0_20190622_054851.825.tdms,1khz_50ns_20deci_2m_UTC+0900_DST0_20190622_054851.825,.tdms,pohang__1khz_50ns_20deci_2m_UTC+0900_DST0_20190622_054851.825,1000.0,243,648
pohang,pohang,pohang,event,/home/ted1204/MS_Detection_Datamaker/MS_datamaker_PH/data/event/1khz_50ns_20deci_2m_UTC+0900_DST0_20190622_055251.825.tdms,1khz_50ns_20deci_2m_UTC+0900_DST0_20190622_055251.825.tdms,1khz_50ns_20deci_2m_UTC+0900_DST0_20190622_055251.825,.tdms,pohang__1khz_50ns_20deci_2m_UTC+0900_DST0_20190622_055251.825,1000.0,243,648
pohang,pohang,pohang,event,/home/ted1204/MS_Detection_Datamaker/MS_datamaker_PH/data/event/1khz_50ns_20deci_2m_UTC+0900_DST0_20190622_055951.825.tdms,1khz_50ns_20deci_2m_UTC+0900_DST0_20190622_055951.825.tdms,1khz_50ns_20deci_2m_UTC+0900_DST0_20190622_055951.825,.tdms,pohang__1khz_50ns_20deci_2m_UTC+0900_DST0_20190622_055951.825,1000.0,243,648
pohang,pohang,pohang,event,/home/ted1204/MS_Detection_Datamaker/MS_datamaker_PH/data/event/1khz_50ns_20deci_2m_UTC+0900_DST0_20190622_221451.825.tdms,1khz_50ns_20deci_2m_UTC+0900_DST0_20190622_221451.825.tdms,1khz_50ns_20deci_2m_UTC+0900_DST0_20190622_221451.825,.tdms,pohang__1khz_50ns_20deci_2m_UTC+0900_DST0_20190622_221451.825,1000.0,243,648
pohang,pohang,pohang,event,/home/ted1204/MS_Detection_Datamaker/MS_datamaker_PH/data/event/1khz_50ns_20deci_2m_UTC+0900_DST0_20190622_233251.825.tdms,1khz_50ns_20deci_2m_UTC+0900_DST0_20190622_233251.825.tdms,1khz_50ns_20deci_2m_UTC+0900_DST0_20190622_233251.825,.tdms,pohang__1khz_50ns_20deci_2m_UTC+0900_DST0_20190622_233251.825,1000.0,243,648
pohang,pohang,pohang,event,/home/ted1204/MS_Detection_Datamaker/MS_datamaker_PH/data/event/1khz_50ns_20deci_2m_UTC+0900_DST0_20190623_052551.825.tdms,1khz_50ns_20deci_2m_UTC+0900_DST0_20190623_052551.825.tdms,1khz_50ns_20deci_2m_UTC+0900_DST0_20190623_052551.825,.tdms,pohang__1khz_50ns_20deci_2m_UTC+0900_DST0_20190623_052551.825,1000.0,243,648
pohang,pohang,pohang,event,/home/ted1204/MS_Detection_Datamaker/MS_datamaker_PH/data/event/1khz_50ns_20deci_2m_UTC+0900_DST0_20190623_060951.825.tdms,1khz_50ns_20deci_2m_UTC+0900_DST0_20190623_060951.825.tdms,1khz_50ns_20deci_2m_UTC+0900_DST0_20190623_060951.825,.tdms,pohang__1khz_50ns_20deci_2m_UTC+0900_DST0_20190623_060951.825,1000.0,243,648
pohang,pohang,pohang,event,/home/ted1204/MS_Detection_Datamaker/MS_datamaker_PH/data/event/1khz_50ns_20deci_2m_UTC+0900_DST0_20190623_070251.825.tdms,1khz_50ns_20deci_2m_UTC+0900_DST0_20190623_070251.825.tdms,1khz_50ns_20deci_2m_UTC+0900_DST0_20190623_070251.825,.tdms,pohang__1khz_50ns_20deci_2m_UTC+0900_DST0_20190623_070251.825,1000.0,243,648
pohang,pohang,pohang,event,/home/ted1204/MS_Detection_Datamaker/MS_datamaker_PH/data/event/1khz_50ns_20deci_2m_UTC+0900_DST0_20190623_131451.825.tdms,1khz_50ns_20deci_2m_UTC+0900_DST0_20190623_131451.825.tdms,1khz_50ns_20deci_2m_UTC+0900_DST0_20190623_131451.825,.tdms,pohang__1khz_50ns_20deci_2m_UTC+0900_DST0_20190623_131451.825,1000.0,243,648
pohang,pohang,pohang,event,/home/ted1204/MS_Detection_Datamaker/MS_datamaker_PH/data/event/1khz_50ns_20deci_2m_UTC+0900_DST0_20190623_155251.825.tdms,1khz_50ns_20deci_2m_UTC+0900_DST0_20190623_155251.825.tdms,1khz_50ns_20deci_2m_UTC+0900_DST0_20190623_155251.825,.tdms,pohang__1khz_50ns_20deci_2m_UTC+0900_DST0_20190623_155251.825,1000.0,243,648
pohang,pohang,pohang,event,/home/ted1204/MS_Detection_Datamaker/MS_datamaker_PH/data/event/1khz_50ns_20deci_2m_UTC+0900_DST0_20190623_182551.825.tdms,1khz_50ns_20deci_2m_UTC+0900_DST0_20190623_182551.825.tdms,1khz_50ns_20deci_2m_UTC+0900_DST0_20190623_182551.825,.tdms,pohang__1khz_50ns_20deci_2m_UTC+0900_DST0_20190623_182551.825,1000.0,243,648
pohang,pohang,pohang,event,/home/ted1204/MS_Detection_Datamaker/MS_datamaker_PH/data/event/1khz_50ns_20deci_2m_UTC+0900_DST0_20190623_184051.825.tdms,1khz_50ns_20deci_2m_UTC+0900_DST0_20190623_184051.825.tdms,1khz_50ns_20deci_2m_UTC+0900_DST0_20190623_184051.825,.tdms,pohang__1khz_50ns_20deci_2m_UTC+0900_DST0_20190623_184051.825,1000.0,243,648
pohang,pohang,pohang,event,/home/ted1204/MS_Detection_Datamaker/MS_datamaker_PH/data/event/1khz_50ns_20deci_2m_UTC+0900_DST0_20190623_184121.825.tdms,1khz_50ns_20deci_2m_UTC+0900_DST0_20190623_184121.825.tdms,1khz_50ns_20deci_2m_UTC+0900_DST0_20190623_184121.825,.tdms,pohang__1khz_50ns_20deci_2m_UTC+0900_DST0_20190623_184121.825,1000.0,243,648
pohang,pohang,pohang,event,/home/ted1204/MS_Detection_Datamaker/MS_datamaker_PH/data/event/1khz_50ns_20deci_2m_UTC+0900_DST0_20190623_213851.825.tdms,1khz_50ns_20deci_2m_UTC+0900_DST0_20190623_213851.825.tdms,1khz_50ns_20deci_2m_UTC+0900_DST0_20190623_213851.825,.tdms,pohang__1khz_50ns_20deci_2m_UTC+0900_DST0_20190623_213851.825,1000.0,243,648
pohang,pohang,pohang,event,/home/ted1204/MS_Detection_Datamaker/MS_datamaker_PH/data/event/1khz_50ns_20deci_2m_UTC+0900_DST0_20190624_041351.825.tdms,1khz_50ns_20deci_2m_UTC+0900_DST0_20190624_041351.825.tdms,1khz_50ns_20deci_2m_UTC+0900_DST0_20190624_041351.825,.tdms,pohang__1khz_50ns_20deci_2m_UTC+0900_DST0_20190624_041351.825,1000.0,243,648
pohang,pohang,pohang,event,/home/ted1204/MS_Detection_Datamaker/MS_datamaker_PH/data/event/1khz_50ns_20deci_2m_UTC+0900_DST0_20190624_113551.825.tdms,1khz_50ns_20deci_2m_UTC+0900_DST0_20190624_113551.825.tdms,1khz_50ns_20deci_2m_UTC+0900_DST0_20190624_113551.825,.tdms,pohang__1khz_50ns_20deci_2m_UTC+0900_DST0_20190624_113551.825,1000.0,243,648
pohang,pohang,pohang,event,/home/ted1204/MS_Detection_Datamaker/MS_datamaker_PH/data/event/1khz_50ns_20deci_2m_UTC+0900_DST0_20190624_221651.825.tdms,1khz_50ns_20deci_2m_UTC+0900_DST0_20190624_221651.825.tdms,1khz_50ns_20deci_2m_UTC+0900_DST0_20190624_221651.825,.tdms,pohang__1khz_50ns_20deci_2m_UTC+0900_DST0_20190624_221651.825,1000.0,243,648
pohang,pohang,pohang,event,/home/ted1204/MS_Detection_Datamaker/MS_datamaker_PH/data/event/1khz_50ns_20deci_2m_UTC+0900_DST0_20190625_031051.825.tdms,1khz_50ns_20deci_2m_UTC+0900_DST0_20190625_031051.825.tdms,1khz_50ns_20deci_2m_UTC+0900_DST0_20190625_031051.825,.tdms,pohang__1khz_50ns_20deci_2m_UTC+0900_DST0_20190625_031051.825,1000.0,243,648
pohang,pohang,pohang,event,/home/ted1204/MS_Detection_Datamaker/MS_datamaker_PH/data/event/1khz_50ns_20deci_2m_UTC+0900_DST0_20190625_060351.825.tdms,1khz_50ns_20deci_2m_UTC+0900_DST0_20190625_060351.825.tdms,1khz_50ns_20deci_2m_UTC+0900_DST0_20190625_060351.825,.tdms,pohang__1khz_50ns_20deci_2m_UTC+0900_DST0_20190625_060351.825,1000.0,243,648
pohang,pohang,pohang,event,/home/ted1204/MS_Detection_Datamaker/MS_datamaker_PH/data/event/1khz_50ns_20deci_2m_UTC+0900_DST0_20190625_063251.825.tdms,1khz_50ns_20deci_2m_UTC+0900_DST0_20190625_063251.825.tdms,1khz_50ns_20deci_2m_UTC+0900_DST0_20190625_063251.825,.tdms,pohang__1khz_50ns_20deci_2m_UTC+0900_DST0_20190625_063251.825,1000.0,243,648
pohang,pohang,pohang,event,/home/ted1204/MS_Detection_Datamaker/MS_datamaker_PH/data/event/1khz_50ns_20deci_2m_UTC+0900_DST0_20190626_020251.825.tdms,1khz_50ns_20deci_2m_UTC+0900_DST0_20190626_020251.825.tdms,1khz_50ns_20deci_2m_UTC+0900_DST0_20190626_020251.825,.tdms,pohang__1khz_50ns_20deci_2m_UTC+0900_DST0_20190626_020251.825,1000.0,243,648
pohang,pohang,pohang,event,/home/ted1204/MS_Detection_Datamaker/MS_datamaker_PH/data/event/1khz_50ns_20deci_2m_UTC+0900_DST0_20190626_063851.825.tdms,1khz_50ns_20deci_2m_UTC+0900_DST0_20190626_063851.825.tdms,1khz_50ns_20deci_2m_UTC+0900_DST0_20190626_063851.825,.tdms,pohang__1khz_50ns_20deci_2m_UTC+0900_DST0_20190626_063851.825,1000.0,243,648
pohang,pohang,pohang,event,/home/ted1204/MS_Detection_Datamaker/MS_datamaker_PH/data/event/1khz_50ns_20deci_2m_UTC+0900_DST0_20190626_122951.825.tdms,1khz_50ns_20deci_2m_UTC+0900_DST0_20190626_122951.825.tdms,1khz_50ns_20deci_2m_UTC+0900_DST0_20190626_122951.825,.tdms,pohang__1khz_50ns_20deci_2m_UTC+0900_DST0_20190626_122951.825,1000.0,243,648
pohang,pohang,pohang,event,/home/ted1204/MS_Detection_Datamaker/MS_datamaker_PH/data/event/1khz_50ns_20deci_2m_UTC+0900_DST0_20190627_035351.825.tdms,1khz_50ns_20deci_2m_UTC+0900_DST0_20190627_035351.825.tdms,1khz_50ns_20deci_2m_UTC+0900_DST0_20190627_035351.825,.tdms,pohang__1khz_50ns_20deci_2m_UTC+0900_DST0_20190627_035351.825,1000.0,243,648
pohang,pohang,pohang,event,/home/ted1204/MS_Detection_Datamaker/MS_datamaker_PH/data/event/1khz_50ns_20deci_2m_UTC+0900_DST0_20190627_151851.825.tdms,1khz_50ns_20deci_2m_UTC+0900_DST0_20190627_151851.825.tdms,1khz_50ns_20deci_2m_UTC+0900_DST0_20190627_151851.825,.tdms,pohang__1khz_50ns_20deci_2m_UTC+0900_DST0_20190627_151851.825,1000.0,243,648
pohang,pohang,pohang,event,/home/ted1204/MS_Detection_Datamaker/MS_datamaker_PH/data/event/1khz_50ns_20deci_2m_UTC+0900_DST0_20190627_153651.825.tdms,1khz_50ns_20deci_2m_UTC+0900_DST0_20190627_153651.825.tdms,1khz_50ns_20deci_2m_UTC+0900_DST0_20190627_153651.825,.tdms,pohang__1khz_50ns_20deci_2m_UTC+0900_DST0_20190627_153651.825,1000.0,243,648
pohang,pohang,pohang,event,/home/ted1204/MS_Detection_Datamaker/MS_datamaker_PH/data/event/1khz_50ns_20deci_2m_UTC+0900_DST0_20190627_153851.825.tdms,1khz_50ns_20deci_2m_UTC+0900_DST0_20190627_153851.825.tdms,1khz_50ns_20deci_2m_UTC+0900_DST0_20190627_153851.825,.tdms,pohang__1khz_50ns_20deci_2m_UTC+0900_DST0_20190627_153851.825,1000.0,243,648
pohang,pohang,pohang,event,/home/ted1204/MS_Detection_Datamaker/MS_datamaker_PH/data/event/1khz_50ns_20deci_2m_UTC+0900_DST0_20190628_023251.825.tdms,1khz_50ns_20deci_2m_UTC+0900_DST0_20190628_023251.825.tdms,1khz_50ns_20deci_2m_UTC+0900_DST0_20190628_023251.825,.tdms,pohang__1khz_50ns_20deci_2m_UTC+0900_DST0_20190628_023251.825,1000.0,243,648
pohang,pohang,pohang,event,/home/ted1204/MS_Detection_Datamaker/MS_datamaker_PH/data/event/1khz_50ns_20deci_2m_UTC+0900_DST0_20190628_091751.825.tdms,1khz_50ns_20deci_2m_UTC+0900_DST0_20190628_091751.825.tdms,1khz_50ns_20deci_2m_UTC+0900_DST0_20190628_091751.825,.tdms,pohang__1khz_50ns_20deci_2m_UTC+0900_DST0_20190628_091751.825,1000.0,243,648
pohang,pohang,pohang,event,/home/ted1204/MS_Detection_Datamaker/MS_datamaker_PH/data/event/1khz_50ns_20deci_2m_UTC+0900_DST0_20190628_170151.825.tdms,1khz_50ns_20deci_2m_UTC+0900_DST0_20190628_170151.825.tdms,1khz_50ns_20deci_2m_UTC+0900_DST0_20190628_170151.825,.tdms,pohang__1khz_50ns_20deci_2m_UTC+0900_DST0_20190628_170151.825,1000.0,243,648
pohang,pohang,pohang,event,/home/ted1204/MS_Detection_Datamaker/MS_datamaker_PH/data/event/1khz_50ns_20deci_2m_UTC+0900_DST0_20190628_180751.825.tdms,1khz_50ns_20deci_2m_UTC+0900_DST0_20190628_180751.825.tdms,1khz_50ns_20deci_2m_UTC+0900_DST0_20190628_180751.825,.tdms,pohang__1khz_50ns_20deci_2m_UTC+0900_DST0_20190628_180751.825,1000.0,243,648
pohang,pohang,pohang,event,/home/ted1204/MS_Detection_Datamaker/MS_datamaker_PH/data/event/1khz_50ns_20deci_2m_UTC+0900_DST0_20190628_181851.825.tdms,1khz_50ns_20deci_2m_UTC+0900_DST0_20190628_181851.825.tdms,1khz_50ns_20deci_2m_UTC+0900_DST0_20190628_181851.825,.tdms,pohang__1khz_50ns_20deci_2m_UTC+0900_DST0_20190628_181851.825,1000.0,243,648
pohang,pohang,pohang,event,/home/ted1204/MS_Detection_Datamaker/MS_datamaker_PH/data/event/1khz_50ns_20deci_2m_UTC+0900_DST0_20190628_193651.825.tdms,1khz_50ns_20deci_2m_UTC+0900_DST0_20190628_193651.825.tdms,1khz_50ns_20deci_2m_UTC+0900_DST0_20190628_193651.825,.tdms,pohang__1khz_50ns_20deci_2m_UTC+0900_DST0_20190628_193651.825,1000.0,243,648
pohang,pohang,pohang,event,/home/ted1204/MS_Detection_Datamaker/MS_datamaker_PH/data/event/1khz_50ns_20deci_2m_UTC+0900_DST0_20190628_233851.825.tdms,1khz_50ns_20deci_2m_UTC+0900_DST0_20190628_233851.825.tdms,1khz_50ns_20deci_2m_UTC+0900_DST0_20190628_233851.825,.tdms,pohang__1khz_50ns_20deci_2m_UTC+0900_DST0_20190628_233851.825,1000.0,243,648
pohang,pohang,pohang,event,/home/ted1204/MS_Detection_Datamaker/MS_datamaker_PH/data/event/1khz_50ns_20deci_2m_UTC+0900_DST0_20190629_014251.825.tdms,1khz_50ns_20deci_2m_UTC+0900_DST0_20190629_014251.825.tdms,1khz_50ns_20deci_2m_UTC+0900_DST0_20190629_014251.825,.tdms,pohang__1khz_50ns_20deci_2m_UTC+0900_DST0_20190629_014251.825,1000.0,243,648
pohang,pohang,pohang,event,/home/ted1204/MS_Detection_Datamaker/MS_datamaker_PH/data/event/1khz_50ns_20deci_2m_UTC+0900_DST0_20190629_024851.825.tdms,1khz_50ns_20deci_2m_UTC+0900_DST0_20190629_024851.825.tdms,1khz_50ns_20deci_2m_UTC+0900_DST0_20190629_024851.825,.tdms,pohang__1khz_50ns_20deci_2m_UTC+0900_DST0_20190629_024851.825,1000.0,243,648
pohang,pohang,pohang,event,/home/ted1204/MS_Detection_Datamaker/MS_datamaker_PH/data/event/1khz_50ns_20deci_2m_UTC+0900_DST0_20190629_073851.825.tdms,1khz_50ns_20deci_2m_UTC+0900_DST0_20190629_073851.825.tdms,1khz_50ns_20deci_2m_UTC+0900_DST0_20190629_073851.825,.tdms,pohang__1khz_50ns_20deci_2m_UTC+0900_DST0_20190629_073851.825,1000.0,243,648
pohang,pohang,pohang,event,/home/ted1204/MS_Detection_Datamaker/MS_datamaker_PH/data/event/1khz_50ns_20deci_2m_UTC+0900_DST0_20190629_180251.825.tdms,1khz_50ns_20deci_2m_UTC+0900_DST0_20190629_180251.825.tdms,1khz_50ns_20deci_2m_UTC+0900_DST0_20190629_180251.825,.tdms,pohang__1khz_50ns_20deci_2m_UTC+0900_DST0_20190629_180251.825,1000.0,243,648
pohang,pohang,pohang,event,/home/ted1204/MS_Detection_Datamaker/MS_datamaker_PH/data/event/1khz_50ns_20deci_2m_UTC+0900_DST0_20190630_031751.825.tdms,1khz_50ns_20deci_2m_UTC+0900_DST0_20190630_031751.825.tdms,1khz_50ns_20deci_2m_UTC+0900_DST0_20190630_031751.825,.tdms,pohang__1khz_50ns_20deci_2m_UTC+0900_DST0_20190630_031751.825,1000.0,243,648
pohang,pohang,pohang,event,/home/ted1204/MS_Detection_Datamaker/MS_datamaker_PH/data/event/1khz_50ns_20deci_2m_UTC+0900_DST0_20190630_052951.825.tdms,1khz_50ns_20deci_2m_UTC+0900_DST0_20190630_052951.825.tdms,1khz_50ns_20deci_2m_UTC+0900_DST0_20190630_052951.825,.tdms,pohang__1khz_50ns_20deci_2m_UTC+0900_DST0_20190630_052951.825,1000.0,243,648
pohang,pohang,pohang,event,/home/ted1204/MS_Detection_Datamaker/MS_datamaker_PH/data/event/1khz_50ns_20deci_2m_UTC+0900_DST0_20190630_165151.825.tdms,1khz_50ns_20deci_2m_UTC+0900_DST0_20190630_165151.825.tdms,1khz_50ns_20deci_2m_UTC+0900_DST0_20190630_165151.825,.tdms,pohang__1khz_50ns_20deci_2m_UTC+0900_DST0_20190630_165151.825,1000.0,243,648
pohang,pohang,pohang,event,/home/ted1204/MS_Detection_Datamaker/MS_datamaker_PH/data/event/1khz_50ns_20deci_2m_UTC+0900_DST0_20190630_165251.825.tdms,1khz_50ns_20deci_2m_UTC+0900_DST0_20190630_165251.825.tdms,1khz_50ns_20deci_2m_UTC+0900_DST0_20190630_165251.825,.tdms,pohang__1khz_50ns_20deci_2m_UTC+0900_DST0_20190630_165251.825,1000.0,243,648
pohang,pohang,pohang,event,/home/ted1204/MS_Detection_Datamaker/MS_datamaker_PH/data/event/1khz_50ns_20deci_2m_UTC+0900_DST0_20190630_191351.825.tdms,1khz_50ns_20deci_2m_UTC+0900_DST0_20190630_191351.825.tdms,1khz_50ns_20deci_2m_UTC+0900_DST0_20190630_191351.825,.tdms,pohang__1khz_50ns_20deci_2m_UTC+0900_DST0_20190630_191351.825,1000.0,243,648
pohang,pohang,pohang,event,/home/ted1204/MS_Detection_Datamaker/MS_datamaker_PH/data/event/1khz_50ns_20deci_2m_UTC+0900_DST0_20190702_001551.825.tdms,1khz_50ns_20deci_2m_UTC+0900_DST0_20190702_001551.825.tdms,1khz_50ns_20deci_2m_UTC+0900_DST0_20190702_001551.825,.tdms,pohang__1khz_50ns_20deci_2m_UTC+0900_DST0_20190702_001551.825,1000.0,243,648
pohang,pohang,pohang,event,/home/ted1204/MS_Detection_Datamaker/MS_datamaker_PH/data/event/1khz_50ns_20deci_2m_UTC+0900_DST0_20190702_001621.825.tdms,1khz_50ns_20deci_2m_UTC+0900_DST0_20190702_001621.825.tdms,1khz_50ns_20deci_2m_UTC+0900_DST0_20190702_001621.825,.tdms,pohang__1khz_50ns_20deci_2m_UTC+0900_DST0_20190702_001621.825,1000.0,243,648
pohang,pohang,pohang,event,/home/ted1204/MS_Detection_Datamaker/MS_datamaker_PH/data/event/1khz_50ns_20deci_2m_UTC+0900_DST0_20190702_205051.825.tdms,1khz_50ns_20deci_2m_UTC+0900_DST0_20190702_205051.825.tdms,1khz_50ns_20deci_2m_UTC+0900_DST0_20190702_205051.825,.tdms,pohang__1khz_50ns_20deci_2m_UTC+0900_DST0_20190702_205051.825,1000.0,243,648
pohang,pohang,pohang,event,/home/ted1204/MS_Detection_Datamaker/MS_datamaker_PH/data/event/1khz_50ns_20deci_2m_UTC+0900_DST0_20190702_205151.825.tdms,1khz_50ns_20deci_2m_UTC+0900_DST0_20190702_205151.825.tdms,1khz_50ns_20deci_2m_UTC+0900_DST0_20190702_205151.825,.tdms,pohang__1khz_50ns_20deci_2m_UTC+0900_DST0_20190702_205151.825,1000.0,243,648
pohang,pohang,pohang,event,/home/ted1204/MS_Detection_Datamaker/MS_datamaker_PH/data/event/1khz_50ns_20deci_2m_UTC+0900_DST0_20190702_220551.825.tdms,1khz_50ns_20deci_2m_UTC+0900_DST0_20190702_220551.825.tdms,1khz_50ns_20deci_2m_UTC+0900_DST0_20190702_220551.825,.tdms,pohang__1khz_50ns_20deci_2m_UTC+0900_DST0_20190702_220551.825,1000.0,243,648
pohang,pohang,pohang,event,/home/ted1204/MS_Detection_Datamaker/MS_datamaker_PH/data/event/1khz_50ns_20deci_2m_UTC+0900_DST0_20190702_225151.825.tdms,1khz_50ns_20deci_2m_UTC+0900_DST0_20190702_225151.825.tdms,1khz_50ns_20deci_2m_UTC+0900_DST0_20190702_225151.825,.tdms,pohang__1khz_50ns_20deci_2m_UTC+0900_DST0_20190702_225151.825,1000.0,243,648
pohang,pohang,pohang,event,/home/ted1204/MS_Detection_Datamaker/MS_datamaker_PH/data/event/1khz_50ns_20deci_2m_UTC+0900_DST0_20190703_034051.825.tdms,1khz_50ns_20deci_2m_UTC+0900_DST0_20190703_034051.825.tdms,1khz_50ns_20deci_2m_UTC+0900_DST0_20190703_034051.825,.tdms,pohang__1khz_50ns_20deci_2m_UTC+0900_DST0_20190703_034051.825,1000.0,243,648
pohang,pohang,pohang,event,/home/ted1204/MS_Detection_Datamaker/MS_datamaker_PH/data/event/1khz_50ns_20deci_2m_UTC+0900_DST0_20190703_055851.825.tdms,1khz_50ns_20deci_2m_UTC+0900_DST0_20190703_055851.825.tdms,1khz_50ns_20deci_2m_UTC+0900_DST0_20190703_055851.825,.tdms,pohang__1khz_50ns_20deci_2m_UTC+0900_DST0_20190703_055851.825,1000.0,243,648
pohang,pohang,pohang,event,/home/ted1204/MS_Detection_Datamaker/MS_datamaker_PH/data/event/1khz_50ns_20deci_2m_UTC+0900_DST0_20190704_005451.825.tdms,1khz_50ns_20deci_2m_UTC+0900_DST0_20190704_005451.825.tdms,1khz_50ns_20deci_2m_UTC+0900_DST0_20190704_005451.825,.tdms,pohang__1khz_50ns_20deci_2m_UTC+0900_DST0_20190704_005451.825,1000.0,243,648
pohang,pohang,pohang,event,/home/ted1204/MS_Detection_Datamaker/MS_datamaker_PH/data/event/1khz_50ns_20deci_2m_UTC+0900_DST0_20190704_011651.825.tdms,1khz_50ns_20deci_2m_UTC+0900_DST0_20190704_011651.825.tdms,1khz_50ns_20deci_2m_UTC+0900_DST0_20190704_011651.825,.tdms,pohang__1khz_50ns_20deci_2m_UTC+0900_DST0_20190704_011651.825,1000.0,243,648
pohang,pohang,pohang,event,/home/ted1204/MS_Detection_Datamaker/MS_datamaker_PH/data/event/1khz_50ns_20deci_2m_UTC+0900_DST0_20190704_034051.825.tdms,1khz_50ns_20deci_2m_UTC+0900_DST0_20190704_034051.825.tdms,1khz_50ns_20deci_2m_UTC+0900_DST0_20190704_034051.825,.tdms,pohang__1khz_50ns_20deci_2m_UTC+0900_DST0_20190704_034051.825,1000.0,243,648
pohang,pohang,pohang,event,/home/ted1204/MS_Detection_Datamaker/MS_datamaker_PH/data/event/1khz_50ns_20deci_2m_UTC+0900_DST0_20190704_110351.825.tdms,1khz_50ns_20deci_2m_UTC+0900_DST0_20190704_110351.825.tdms,1khz_50ns_20deci_2m_UTC+0900_DST0_20190704_110351.825,.tdms,pohang__1khz_50ns_20deci_2m_UTC+0900_DST0_20190704_110351.825,1000.0,243,648
pohang,pohang,pohang,event,/home/ted1204/MS_Detection_Datamaker/MS_datamaker_PH/data/event/1khz_50ns_20deci_2m_UTC+0900_DST0_20190704_192751.825.tdms,1khz_50ns_20deci_2m_UTC+0900_DST0_20190704_192751.825.tdms,1khz_50ns_20deci_2m_UTC+0900_DST0_20190704_192751.825,.tdms,pohang__1khz_50ns_20deci_2m_UTC+0900_DST0_20190704_192751.825,1000.0,243,648
pohang,pohang,pohang,event,/home/ted1204/MS_Detection_Datamaker/MS_datamaker_PH/data/event/1khz_50ns_20deci_2m_UTC+0900_DST0_20190705_042351.825.tdms,1khz_50ns_20deci_2m_UTC+0900_DST0_20190705_042351.825.tdms,1khz_50ns_20deci_2m_UTC+0900_DST0_20190705_042351.825,.tdms,pohang__1khz_50ns_20deci_2m_UTC+0900_DST0_20190705_042351.825,1000.0,243,648
pohang,pohang,pohang,event,/home/ted1204/MS_Detection_Datamaker/MS_datamaker_PH/data/event/1khz_50ns_20deci_2m_UTC+0900_DST0_20190705_144951.825.tdms,1khz_50ns_20deci_2m_UTC+0900_DST0_20190705_144951.825.tdms,1khz_50ns_20deci_2m_UTC+0900_DST0_20190705_144951.825,.tdms,pohang__1khz_50ns_20deci_2m_UTC+0900_DST0_20190705_144951.825,1000.0,243,648
pohang,pohang,pohang,event,/home/ted1204/MS_Detection_Datamaker/MS_datamaker_PH/data/event/1khz_50ns_20deci_2m_UTC+0900_DST0_20190705_200651.825.tdms,1khz_50ns_20deci_2m_UTC+0900_DST0_20190705_200651.825.tdms,1khz_50ns_20deci_2m_UTC+0900_DST0_20190705_200651.825,.tdms,pohang__1khz_50ns_20deci_2m_UTC+0900_DST0_20190705_200651.825,1000.0,243,648
pohang,pohang,pohang,event,/home/ted1204/MS_Detection_Datamaker/MS_datamaker_PH/data/event/1khz_50ns_20deci_2m_UTC+0900_DST0_20190705_234651.825.tdms,1khz_50ns_20deci_2m_UTC+0900_DST0_20190705_234651.825.tdms,1khz_50ns_20deci_2m_UTC+0900_DST0_20190705_234651.825,.tdms,pohang__1khz_50ns_20deci_2m_UTC+0900_DST0_20190705_234651.825,1000.0,243,648
pohang,pohang,pohang,event,/home/ted1204/MS_Detection_Datamaker/MS_datamaker_PH/data/event/1khz_50ns_20deci_2m_UTC+0900_DST0_20190706_010351.825.tdms,1khz_50ns_20deci_2m_UTC+0900_DST0_20190706_010351.825.tdms,1khz_50ns_20deci_2m_UTC+0900_DST0_20190706_010351.825,.tdms,pohang__1khz_50ns_20deci_2m_UTC+0900_DST0_20190706_010351.825,1000.0,243,648
pohang,pohang,pohang,event,/home/ted1204/MS_Detection_Datamaker/MS_datamaker_PH/data/event/1khz_50ns_20deci_2m_UTC+0900_DST0_20190706_143951.825.tdms,1khz_50ns_20deci_2m_UTC+0900_DST0_20190706_143951.825.tdms,1khz_50ns_20deci_2m_UTC+0900_DST0_20190706_143951.825,.tdms,pohang__1khz_50ns_20deci_2m_UTC+0900_DST0_20190706_143951.825,1000.0,243,648
pohang,pohang,pohang,event,/home/ted1204/MS_Detection_Datamaker/MS_datamaker_PH/data/event/1khz_50ns_20deci_2m_UTC+0900_DST0_20190706_144951.825.tdms,1khz_50ns_20deci_2m_UTC+0900_DST0_20190706_144951.825.tdms,1khz_50ns_20deci_2m_UTC+0900_DST0_20190706_144951.825,.tdms,pohang__1khz_50ns_20deci_2m_UTC+0900_DST0_20190706_144951.825,1000.0,243,648
pohang,pohang,pohang,event,/home/ted1204/MS_Detection_Datamaker/MS_datamaker_PH/data/event/1khz_50ns_20deci_2m_UTC+0900_DST0_20190706_145021.825.tdms,1khz_50ns_20deci_2m_UTC+0900_DST0_20190706_145021.825.tdms,1khz_50ns_20deci_2m_UTC+0900_DST0_20190706_145021.825,.tdms,pohang__1khz_50ns_20deci_2m_UTC+0900_DST0_20190706_145021.825,1000.0,243,648
pohang,pohang,pohang,event,/home/ted1204/MS_Detection_Datamaker/MS_datamaker_PH/data/event/1khz_50ns_20deci_2m_UTC+0900_DST0_20190706_152851.825.tdms,1khz_50ns_20deci_2m_UTC+0900_DST0_20190706_152851.825.tdms,1khz_50ns_20deci_2m_UTC+0900_DST0_20190706_152851.825,.tdms,pohang__1khz_50ns_20deci_2m_UTC+0900_DST0_20190706_152851.825,1000.0,243,648
pohang,pohang,pohang,event,/home/ted1204/MS_Detection_Datamaker/MS_datamaker_PH/data/event/1khz_50ns_20deci_2m_UTC+0900_DST0_20190707_182051.825.tdms,1khz_50ns_20deci_2m_UTC+0900_DST0_20190707_182051.825.tdms,1khz_50ns_20deci_2m_UTC+0900_DST0_20190707_182051.825,.tdms,pohang__1khz_50ns_20deci_2m_UTC+0900_DST0_20190707_182051.825,1000.0,243,648
pohang,pohang,pohang,event,/home/ted1204/MS_Detection_Datamaker/MS_datamaker_PH/data/event/1khz_50ns_20deci_2m_UTC+0900_DST0_20190708_083251.825.tdms,1khz_50ns_20deci_2m_UTC+0900_DST0_20190708_083251.825.tdms,1khz_50ns_20deci_2m_UTC+0900_DST0_20190708_083251.825,.tdms,pohang__1khz_50ns_20deci_2m_UTC+0900_DST0_20190708_083251.825,1000.0,243,648
pohang,pohang,pohang,event,/home/ted1204/MS_Detection_Datamaker/MS_datamaker_PH/data/event/1khz_50ns_20deci_2m_UTC+0900_DST0_20190710_015451.825.tdms,1khz_50ns_20deci_2m_UTC+0900_DST0_20190710_015451.825.tdms,1khz_50ns_20deci_2m_UTC+0900_DST0_20190710_015451.825,.tdms,pohang__1khz_50ns_20deci_2m_UTC+0900_DST0_20190710_015451.825,1000.0,243,648
pohang,pohang,pohang,event,/home/ted1204/MS_Detection_Datamaker/MS_datamaker_PH/data/event/1khz_50ns_20deci_2m_UTC+0900_DST0_20190710_211851.825.tdms,1khz_50ns_20deci_2m_UTC+0900_DST0_20190710_211851.825.tdms,1khz_50ns_20deci_2m_UTC+0900_DST0_20190710_211851.825,.tdms,pohang__1khz_50ns_20deci_2m_UTC+0900_DST0_20190710_211851.825,1000.0,243,648
pohang,pohang,pohang,event,/home/ted1204/MS_Detection_Datamaker/MS_datamaker_PH/data/event/1khz_50ns_20deci_2m_UTC+0900_DST0_20190711_033251.825.tdms,1khz_50ns_20deci_2m_UTC+0900_DST0_20190711_033251.825.tdms,1khz_50ns_20deci_2m_UTC+0900_DST0_20190711_033251.825,.tdms,pohang__1khz_50ns_20deci_2m_UTC+0900_DST0_20190711_033251.825,1000.0,243,648
pohang,pohang,pohang,event,/home/ted1204/MS_Detection_Datamaker/MS_datamaker_PH/data/event/1khz_50ns_20deci_2m_UTC+0900_DST0_20190711_043651.825.tdms,1khz_50ns_20deci_2m_UTC+0900_DST0_20190711_043651.825.tdms,1khz_50ns_20deci_2m_UTC+0900_DST0_20190711_043651.825,.tdms,pohang__1khz_50ns_20deci_2m_UTC+0900_DST0_20190711_043651.825,1000.0,243,648
pohang,pohang,pohang,event,/home/ted1204/MS_Detection_Datamaker/MS_datamaker_PH/data/event/1khz_50ns_20deci_2m_UTC+0900_DST0_20190711_124251.825.tdms,1khz_50ns_20deci_2m_UTC+0900_DST0_20190711_124251.825.tdms,1khz_50ns_20deci_2m_UTC+0900_DST0_20190711_124251.825,.tdms,pohang__1khz_50ns_20deci_2m_UTC+0900_DST0_20190711_124251.825,1000.0,243,648
pohang,pohang,pohang,event,/home/ted1204/MS_Detection_Datamaker/MS_datamaker_PH/data/event/1khz_50ns_20deci_2m_UTC_20190712_090659.998.tdms,1khz_50ns_20deci_2m_UTC_20190712_090659.998.tdms,1khz_50ns_20deci_2m_UTC_20190712_090659.998,.tdms,pohang__1khz_50ns_20deci_2m_UTC_20190712_090659.998,1000.0,243,648
pohang,pohang,pohang,event,/home/ted1204/MS_Detection_Datamaker/MS_datamaker_PH/data/event/1khz_50ns_20deci_2m_UTC_20190712_110659.996.tdms,1khz_50ns_20deci_2m_UTC_20190712_110659.996.tdms,1khz_50ns_20deci_2m_UTC_20190712_110659.996,.tdms,pohang__1khz_50ns_20deci_2m_UTC_20190712_110659.996,1000.0,243,648
pohang,pohang,pohang,event,/home/ted1204/MS_Detection_Datamaker/MS_datamaker_PH/data/event/1khz_50ns_20deci_2m_UTC_20190713_113259.971.tdms,1khz_50ns_20deci_2m_UTC_20190713_113259.971.tdms,1khz_50ns_20deci_2m_UTC_20190713_113259.971,.tdms,pohang__1khz_50ns_20deci_2m_UTC_20190713_113259.971,1000.0,243,648
pohang,pohang,pohang,event,/home/ted1204/MS_Detection_Datamaker/MS_datamaker_PH/data/event/1khz_50ns_20deci_2m_UTC_20190713_115459.971.tdms,1khz_50ns_20deci_2m_UTC_20190713_115459.971.tdms,1khz_50ns_20deci_2m_UTC_20190713_115459.971,.tdms,pohang__1khz_50ns_20deci_2m_UTC_20190713_115459.971,1000.0,243,648
pohang,pohang,pohang,event,/home/ted1204/MS_Detection_Datamaker/MS_datamaker_PH/data/event/1khz_50ns_20deci_2m_UTC_20190714_022059.956.tdms,1khz_50ns_20deci_2m_UTC_20190714_022059.956.tdms,1khz_50ns_20deci_2m_UTC_20190714_022059.956,.tdms,pohang__1khz_50ns_20deci_2m_UTC_20190714_022059.956,1000.0,243,648
pohang,pohang,pohang,event,/home/ted1204/MS_Detection_Datamaker/MS_datamaker_PH/data/event/1khz_50ns_20deci_2m_UTC_20190714_065059.951.tdms,1khz_50ns_20deci_2m_UTC_20190714_065059.951.tdms,1khz_50ns_20deci_2m_UTC_20190714_065059.951,.tdms,pohang__1khz_50ns_20deci_2m_UTC_20190714_065059.951,1000.0,243,648
pohang,pohang,pohang,event,/home/ted1204/MS_Detection_Datamaker/MS_datamaker_PH/data/event/1khz_50ns_20deci_2m_UTC_20190714_065129.951.tdms,1khz_50ns_20deci_2m_UTC_20190714_065129.951.tdms,1khz_50ns_20deci_2m_UTC_20190714_065129.951,.tdms,pohang__1khz_50ns_20deci_2m_UTC_20190714_065129.951,1000.0,243,648
pohang,pohang,pohang,event,/home/ted1204/MS_Detection_Datamaker/MS_datamaker_PH/data/event/1khz_50ns_20deci_2m_UTC_20190714_102859.948.tdms,1khz_50ns_20deci_2m_UTC_20190714_102859.948.tdms,1khz_50ns_20deci_2m_UTC_20190714_102859.948,.tdms,pohang__1khz_50ns_20deci_2m_UTC_20190714_102859.948,1000.0,243,648
pohang,pohang,pohang,event,/home/ted1204/MS_Detection_Datamaker/MS_datamaker_PH/data/event/1khz_50ns_20deci_2m_UTC_20190714_134859.944.tdms,1khz_50ns_20deci_2m_UTC_20190714_134859.944.tdms,1khz_50ns_20deci_2m_UTC_20190714_134859.944,.tdms,pohang__1khz_50ns_20deci_2m_UTC_20190714_134859.944,1000.0,243,648
pohang,pohang,pohang,event,/home/ted1204/MS_Detection_Datamaker/MS_datamaker_PH/data/event/1khz_50ns_20deci_2m_UTC_20190714_191659.938.tdms,1khz_50ns_20deci_2m_UTC_20190714_191659.938.tdms,1khz_50ns_20deci_2m_UTC_20190714_191659.938,.tdms,pohang__1khz_50ns_20deci_2m_UTC_20190714_191659.938,1000.0,243,648
pohang,pohang,pohang,event,/home/ted1204/MS_Detection_Datamaker/MS_datamaker_PH/data/event/1khz_50ns_20deci_2m_UTC_20190715_174759.915.tdms,1khz_50ns_20deci_2m_UTC_20190715_174759.915.tdms,1khz_50ns_20deci_2m_UTC_20190715_174759.915,.tdms,pohang__1khz_50ns_20deci_2m_UTC_20190715_174759.915,1000.0,243,648
pohang,pohang,pohang,event,/home/ted1204/MS_Detection_Datamaker/MS_datamaker_PH/data/event/1khz_50ns_20deci_2m_UTC_20190716_091759.899.tdms,1khz_50ns_20deci_2m_UTC_20190716_091759.899.tdms,1khz_50ns_20deci_2m_UTC_20190716_091759.899,.tdms,pohang__1khz_50ns_20deci_2m_UTC_20190716_091759.899,1000.0,243,648
pohang,pohang,pohang,event,/home/ted1204/MS_Detection_Datamaker/MS_datamaker_PH/data/event/1khz_50ns_20deci_2m_UTC_20190716_182059.890.tdms,1khz_50ns_20deci_2m_UTC_20190716_182059.890.tdms,1khz_50ns_20deci_2m_UTC_20190716_182059.890,.tdms,pohang__1khz_50ns_20deci_2m_UTC_20190716_182059.890,1000.0,243,648
pohang,pohang,pohang,event,/home/ted1204/MS_Detection_Datamaker/MS_datamaker_PH/data/event/1khz_50ns_20deci_2m_UTC_20190716_200759.888.tdms,1khz_50ns_20deci_2m_UTC_20190716_200759.888.tdms,1khz_50ns_20deci_2m_UTC_20190716_200759.888,.tdms,pohang__1khz_50ns_20deci_2m_UTC_20190716_200759.888,1000.0,243,648
pohang,pohang,pohang,event,/home/ted1204/MS_Detection_Datamaker/MS_datamaker_PH/data/event/1khz_50ns_20deci_2m_UTC_20190716_220759.886.tdms,1khz_50ns_20deci_2m_UTC_20190716_220759.886.tdms,1khz_50ns_20deci_2m_UTC_20190716_220759.886,.tdms,pohang__1khz_50ns_20deci_2m_UTC_20190716_220759.886,1000.0,243,648
pohang,pohang,pohang,event,/home/ted1204/MS_Detection_Datamaker/MS_datamaker_PH/data/event/1khz_50ns_20deci_2m_UTC_20190717_100159.874.tdms,1khz_50ns_20deci_2m_UTC_20190717_100159.874.tdms,1khz_50ns_20deci_2m_UTC_20190717_100159.874,.tdms,pohang__1khz_50ns_20deci_2m_UTC_20190717_100159.874,1000.0,243,648
pohang,pohang,pohang,event,/home/ted1204/MS_Detection_Datamaker/MS_datamaker_PH/data/event/1khz_50ns_20deci_2m_UTC_20190717_135359.870.tdms,1khz_50ns_20deci_2m_UTC_20190717_135359.870.tdms,1khz_50ns_20deci_2m_UTC_20190717_135359.870,.tdms,pohang__1khz_50ns_20deci_2m_UTC_20190717_135359.870,1000.0,243,648
pohang,pohang,pohang,event,/home/ted1204/MS_Detection_Datamaker/MS_datamaker_PH/data/event/1khz_50ns_20deci_2m_UTC_20190717_140159.870.tdms,1khz_50ns_20deci_2m_UTC_20190717_140159.870.tdms,1khz_50ns_20deci_2m_UTC_20190717_140159.870,.tdms,pohang__1khz_50ns_20deci_2m_UTC_20190717_140159.870,1000.0,243,648
pohang,pohang,pohang,event,/home/ted1204/MS_Detection_Datamaker/MS_datamaker_PH/data/event/1khz_50ns_20deci_2m_UTC_20190717_140229.870.tdms,1khz_50ns_20deci_2m_UTC_20190717_140229.870.tdms,1khz_50ns_20deci_2m_UTC_20190717_140229.870,.tdms,pohang__1khz_50ns_20deci_2m_UTC_20190717_140229.870,1000.0,243,648
pohang,pohang,pohang,event,/home/ted1204/MS_Detection_Datamaker/MS_datamaker_PH/data/event/1khz_50ns_20deci_2m_UTC_20190718_040759.855.tdms,1khz_50ns_20deci_2m_UTC_20190718_040759.855.tdms,1khz_50ns_20deci_2m_UTC_20190718_040759.855,.tdms,pohang__1khz_50ns_20deci_2m_UTC_20190718_040759.855,1000.0,243,648
pohang,pohang,pohang,event,/home/ted1204/MS_Detection_Datamaker/MS_datamaker_PH/data/event/1khz_50ns_20deci_2m_UTC_20190718_093059.850.tdms,1khz_50ns_20deci_2m_UTC_20190718_093059.850.tdms,1khz_50ns_20deci_2m_UTC_20190718_093059.850,.tdms,pohang__1khz_50ns_20deci_2m_UTC_20190718_093059.850,1000.0,243,648
pohang,pohang,pohang,event,/home/ted1204/MS_Detection_Datamaker/MS_datamaker_PH/data/event/1khz_50ns_20deci_2m_UTC_20190718_145959.844.tdms,1khz_50ns_20deci_2m_UTC_20190718_145959.844.tdms,1khz_50ns_20deci_2m_UTC_20190718_145959.844,.tdms,pohang__1khz_50ns_20deci_2m_UTC_20190718_145959.844,1000.0,243,648
pohang,pohang,pohang,event,/home/ted1204/MS_Detection_Datamaker/MS_datamaker_PH/data/event/1khz_50ns_20deci_2m_UTC_20190719_120359.822.tdms,1khz_50ns_20deci_2m_UTC_20190719_120359.822.tdms,1khz_50ns_20deci_2m_UTC_20190719_120359.822,.tdms,pohang__1khz_50ns_20deci_2m_UTC_20190719_120359.822,1000.0,243,648
pohang,pohang,pohang,event,/home/ted1204/MS_Detection_Datamaker/MS_datamaker_PH/data/event/1khz_50ns_20deci_2m_UTC_20190719_153759.819.tdms,1khz_50ns_20deci_2m_UTC_20190719_153759.819.tdms,1khz_50ns_20deci_2m_UTC_20190719_153759.819,.tdms,pohang__1khz_50ns_20deci_2m_UTC_20190719_153759.819,1000.0,243,648
pohang,pohang,pohang,event,/home/ted1204/MS_Detection_Datamaker/MS_datamaker_PH/data/event/1khz_50ns_20deci_2m_UTC_20190719_170559.817.tdms,1khz_50ns_20deci_2m_UTC_20190719_170559.817.tdms,1khz_50ns_20deci_2m_UTC_20190719_170559.817,.tdms,pohang__1khz_50ns_20deci_2m_UTC_20190719_170559.817,1000.0,243,648
pohang,pohang,pohang,event,/home/ted1204/MS_Detection_Datamaker/MS_datamaker_PH/data/event/1khz_50ns_20deci_2m_UTC_20190720_041459.806.tdms,1khz_50ns_20deci_2m_UTC_20190720_041459.806.tdms,1khz_50ns_20deci_2m_UTC_20190720_041459.806,.tdms,pohang__1khz_50ns_20deci_2m_UTC_20190720_041459.806,1000.0,243,648
pohang,pohang,pohang,event,/home/ted1204/MS_Detection_Datamaker/MS_datamaker_PH/data/event/1khz_50ns_20deci_2m_UTC_20190720_082159.801.tdms,1khz_50ns_20deci_2m_UTC_20190720_082159.801.tdms,1khz_50ns_20deci_2m_UTC_20190720_082159.801,.tdms,pohang__1khz_50ns_20deci_2m_UTC_20190720_082159.801,1000.0,243,648
pohang,pohang,pohang,event,/home/ted1204/MS_Detection_Datamaker/MS_datamaker_PH/data/event/1khz_50ns_20deci_2m_UTC_20190720_222059.787.tdms,1khz_50ns_20deci_2m_UTC_20190720_222059.787.tdms,1khz_50ns_20deci_2m_UTC_20190720_222059.787,.tdms,pohang__1khz_50ns_20deci_2m_UTC_20190720_222059.787,1000.0,243,648
pohang,pohang,pohang,event,/home/ted1204/MS_Detection_Datamaker/MS_datamaker_PH/data/event/1khz_50ns_20deci_2m_UTC_20190721_020359.783.tdms,1khz_50ns_20deci_2m_UTC_20190721_020359.783.tdms,1khz_50ns_20deci_2m_UTC_20190721_020359.783,.tdms,pohang__1khz_50ns_20deci_2m_UTC_20190721_020359.783,1000.0,243,648
pohang,pohang,pohang,event,/home/ted1204/MS_Detection_Datamaker/MS_datamaker_PH/data/event/1khz_50ns_20deci_2m_UTC_20190721_020429.783.tdms,1khz_50ns_20deci_2m_UTC_20190721_020429.783.tdms,1khz_50ns_20deci_2m_UTC_20190721_020429.783,.tdms,pohang__1khz_50ns_20deci_2m_UTC_20190721_020429.783,1000.0,243,648
pohang,pohang,pohang,event,/home/ted1204/MS_Detection_Datamaker/MS_datamaker_PH/data/event/1khz_50ns_20deci_2m_UTC_20190721_020959.783.tdms,1khz_50ns_20deci_2m_UTC_20190721_020959.783.tdms,1khz_50ns_20deci_2m_UTC_20190721_020959.783,.tdms,pohang__1khz_50ns_20deci_2m_UTC_20190721_020959.783,1000.0,243,648
pohang,pohang,pohang,event,/home/ted1204/MS_Detection_Datamaker/MS_datamaker_PH/data/event/1khz_50ns_20deci_2m_UTC_20190721_161459.769.tdms,1khz_50ns_20deci_2m_UTC_20190721_161459.769.tdms,1khz_50ns_20deci_2m_UTC_20190721_161459.769,.tdms,pohang__1khz_50ns_20deci_2m_UTC_20190721_161459.769,1000.0,243,648
pohang,pohang,pohang,event,/home/ted1204/MS_Detection_Datamaker/MS_datamaker_PH/data/event/1khz_50ns_20deci_2m_UTC_20190722_020059.758.tdms,1khz_50ns_20deci_2m_UTC_20190722_020059.758.tdms,1khz_50ns_20deci_2m_UTC_20190722_020059.758,.tdms,pohang__1khz_50ns_20deci_2m_UTC_20190722_020059.758,1000.0,243,648
pohang,pohang,pohang,event,/home/ted1204/MS_Detection_Datamaker/MS_datamaker_PH/data/event/1khz_50ns_20deci_2m_UTC_20190722_020129.758.tdms,1khz_50ns_20deci_2m_UTC_20190722_020129.758.tdms,1khz_50ns_20deci_2m_UTC_20190722_020129.758,.tdms,pohang__1khz_50ns_20deci_2m_UTC_20190722_020129.758,1000.0,243,648
pohang,pohang,pohang,event,/home/ted1204/MS_Detection_Datamaker/MS_datamaker_PH/data/event/1khz_50ns_20deci_2m_UTC_20190722_134159.747.tdms,1khz_50ns_20deci_2m_UTC_20190722_134159.747.tdms,1khz_50ns_20deci_2m_UTC_20190722_134159.747,.tdms,pohang__1khz_50ns_20deci_2m_UTC_20190722_134159.747,1000.0,243,648
pohang,pohang,pohang,event,/home/ted1204/MS_Detection_Datamaker/MS_datamaker_PH/data/event/1khz_50ns_20deci_2m_UTC_20190723_232759.714.tdms,1khz_50ns_20deci_2m_UTC_20190723_232759.714.tdms,1khz_50ns_20deci_2m_UTC_20190723_232759.714,.tdms,pohang__1khz_50ns_20deci_2m_UTC_20190723_232759.714,1000.0,243,648
pohang,pohang,pohang,event,/home/ted1204/MS_Detection_Datamaker/MS_datamaker_PH/data/event/1khz_50ns_20deci_2m_UTC_20190724_103859.703.tdms,1khz_50ns_20deci_2m_UTC_20190724_103859.703.tdms,1khz_50ns_20deci_2m_UTC_20190724_103859.703,.tdms,pohang__1khz_50ns_20deci_2m_UTC_20190724_103859.703,1000.0,243,648
pohang,pohang,pohang,event,/home/ted1204/MS_Detection_Datamaker/MS_datamaker_PH/data/event/1khz_50ns_20deci_2m_UTC_20190724_162059.697.tdms,1khz_50ns_20deci_2m_UTC_20190724_162059.697.tdms,1khz_50ns_20deci_2m_UTC_20190724_162059.697,.tdms,pohang__1khz_50ns_20deci_2m_UTC_20190724_162059.697,1000.0,243,648
pohang,pohang,pohang,event,/home/ted1204/MS_Detection_Datamaker/MS_datamaker_PH/data/event/1khz_50ns_20deci_2m_UTC_20190724_164559.697.tdms,1khz_50ns_20deci_2m_UTC_20190724_164559.697.tdms,1khz_50ns_20deci_2m_UTC_20190724_164559.697,.tdms,pohang__1khz_50ns_20deci_2m_UTC_20190724_164559.697,1000.0,243,648
pohang,pohang,pohang,event,/home/ted1204/MS_Detection_Datamaker/MS_datamaker_PH/data/event/1khz_50ns_20deci_2m_UTC_20190724_164629.697.tdms,1khz_50ns_20deci_2m_UTC_20190724_164629.697.tdms,1khz_50ns_20deci_2m_UTC_20190724_164629.697,.tdms,pohang__1khz_50ns_20deci_2m_UTC_20190724_164629.697,1000.0,243,648
pohang,pohang,pohang,event,/home/ted1204/MS_Detection_Datamaker/MS_datamaker_PH/data/event/1khz_50ns_20deci_2m_UTC_20190724_170559.697.tdms,1khz_50ns_20deci_2m_UTC_20190724_170559.697.tdms,1khz_50ns_20deci_2m_UTC_20190724_170559.697,.tdms,pohang__1khz_50ns_20deci_2m_UTC_20190724_170559.697,1000.0,243,648
pohang,pohang,pohang,event,/home/ted1204/MS_Detection_Datamaker/MS_datamaker_PH/data/event/1khz_50ns_20deci_2m_UTC_20190725_195559.670.tdms,1khz_50ns_20deci_2m_UTC_20190725_195559.670.tdms,1khz_50ns_20deci_2m_UTC_20190725_195559.670,.tdms,pohang__1khz_50ns_20deci_2m_UTC_20190725_195559.670,1000.0,243,648
pohang,pohang,pohang,event,/home/ted1204/MS_Detection_Datamaker/MS_datamaker_PH/data/event/1khz_50ns_20deci_2m_UTC_20190726_225159.644.tdms,1khz_50ns_20deci_2m_UTC_20190726_225159.644.tdms,1khz_50ns_20deci_2m_UTC_20190726_225159.644,.tdms,pohang__1khz_50ns_20deci_2m_UTC_20190726_225159.644,1000.0,243,648
pohang,pohang,pohang,event,/home/ted1204/MS_Detection_Datamaker/MS_datamaker_PH/data/event/1khz_50ns_20deci_2m_UTC_20190727_133059.629.tdms,1khz_50ns_20deci_2m_UTC_20190727_133059.629.tdms,1khz_50ns_20deci_2m_UTC_20190727_133059.629,.tdms,pohang__1khz_50ns_20deci_2m_UTC_20190727_133059.629,1000.0,243,648
pohang,pohang,pohang,event,/home/ted1204/MS_Detection_Datamaker/MS_datamaker_PH/data/event/1khz_50ns_20deci_2m_UTC_20190727_133129.629.tdms,1khz_50ns_20deci_2m_UTC_20190727_133129.629.tdms,1khz_50ns_20deci_2m_UTC_20190727_133129.629,.tdms,pohang__1khz_50ns_20deci_2m_UTC_20190727_133129.629,1000.0,243,648
pohang,pohang,pohang,event,/home/ted1204/MS_Detection_Datamaker/MS_datamaker_PH/data/event/1khz_50ns_20deci_2m_UTC_20190727_133159.629.tdms,1khz_50ns_20deci_2m_UTC_20190727_133159.629.tdms,1khz_50ns_20deci_2m_UTC_20190727_133159.629,.tdms,pohang__1khz_50ns_20deci_2m_UTC_20190727_133159.629,1000.0,243,648
pohang,pohang,pohang,event,/home/ted1204/MS_Detection_Datamaker/MS_datamaker_PH/data/event/1khz_50ns_20deci_2m_UTC_20190727_133229.629.tdms,1khz_50ns_20deci_2m_UTC_20190727_133229.629.tdms,1khz_50ns_20deci_2m_UTC_20190727_133229.629,.tdms,pohang__1khz_50ns_20deci_2m_UTC_20190727_133229.629,1000.0,243,648
pohang,pohang,pohang,event,/home/ted1204/MS_Detection_Datamaker/MS_datamaker_PH/data/event/1khz_50ns_20deci_2m_UTC_20190727_151859.628.tdms,1khz_50ns_20deci_2m_UTC_20190727_151859.628.tdms,1khz_50ns_20deci_2m_UTC_20190727_151859.628,.tdms,pohang__1khz_50ns_20deci_2m_UTC_20190727_151859.628,1000.0,243,648
pohang,pohang,pohang,event,/home/ted1204/MS_Detection_Datamaker/MS_datamaker_PH/data/event/1khz_50ns_20deci_2m_UTC_20190728_163059.603.tdms,1khz_50ns_20deci_2m_UTC_20190728_163059.603.tdms,1khz_50ns_20deci_2m_UTC_20190728_163059.603,.tdms,pohang__1khz_50ns_20deci_2m_UTC_20190728_163059.603,1000.0,243,648
pohang,pohang,pohang,event,/home/ted1204/MS_Detection_Datamaker/MS_datamaker_PH/data/event/1khz_50ns_20deci_2m_UTC_20190729_034559.592.tdms,1khz_50ns_20deci_2m_UTC_20190729_034559.592.tdms,1khz_50ns_20deci_2m_UTC_20190729_034559.592,.tdms,pohang__1khz_50ns_20deci_2m_UTC_20190729_034559.592,1000.0,243,648
pohang,pohang,pohang,event,/home/ted1204/MS_Detection_Datamaker/MS_datamaker_PH/data/event/1khz_50ns_20deci_2m_UTC_20190729_183759.578.tdms,1khz_50ns_20deci_2m_UTC_20190729_183759.578.tdms,1khz_50ns_20deci_2m_UTC_20190729_183759.578,.tdms,pohang__1khz_50ns_20deci_2m_UTC_20190729_183759.578,1000.0,243,648
pohang,pohang,pohang,event,/home/ted1204/MS_Detection_Datamaker/MS_datamaker_PH/data/event/1khz_50ns_20deci_2m_UTC_20190729_204459.575.tdms,1khz_50ns_20deci_2m_UTC_20190729_204459.575.tdms,1khz_50ns_20deci_2m_UTC_20190729_204459.575,.tdms,pohang__1khz_50ns_20deci_2m_UTC_20190729_204459.575,1000.0,243,648
pohang,pohang,pohang,event,/home/ted1204/MS_Detection_Datamaker/MS_datamaker_PH/data/event/1khz_50ns_20deci_2m_UTC_20190729_204529.575.tdms,1khz_50ns_20deci_2m_UTC_20190729_204529.575.tdms,1khz_50ns_20deci_2m_UTC_20190729_204529.575,.tdms,pohang__1khz_50ns_20deci_2m_UTC_20190729_204529.575,1000.0,243,648
pohang,pohang,pohang,event,/home/ted1204/MS_Detection_Datamaker/MS_datamaker_PH/data/event/1khz_50ns_20deci_2m_UTC_20190730_035159.568.tdms,1khz_50ns_20deci_2m_UTC_20190730_035159.568.tdms,1khz_50ns_20deci_2m_UTC_20190730_035159.568,.tdms,pohang__1khz_50ns_20deci_2m_UTC_20190730_035159.568,1000.0,243,648
pohang,pohang,pohang,event,/home/ted1204/MS_Detection_Datamaker/MS_datamaker_PH/data/event/1khz_50ns_20deci_2m_UTC_20190730_144159.558.tdms,1khz_50ns_20deci_2m_UTC_20190730_144159.558.tdms,1khz_50ns_20deci_2m_UTC_20190730_144159.558,.tdms,pohang__1khz_50ns_20deci_2m_UTC_20190730_144159.558,1000.0,243,648
pohang,pohang,pohang,event,/home/ted1204/MS_Detection_Datamaker/MS_datamaker_PH/data/event/1khz_50ns_20deci_2m_UTC_20190731_200859.530.tdms,1khz_50ns_20deci_2m_UTC_20190731_200859.530.tdms,1khz_50ns_20deci_2m_UTC_20190731_200859.530,.tdms,pohang__1khz_50ns_20deci_2m_UTC_20190731_200859.530,1000.0,243,648
pohang,pohang,pohang,event,/home/ted1204/MS_Detection_Datamaker/MS_datamaker_PH/data/event/1khz_50ns_20deci_2m_UTC_20190731_235259.526.tdms,1khz_50ns_20deci_2m_UTC_20190731_235259.526.tdms,1khz_50ns_20deci_2m_UTC_20190731_235259.526,.tdms,pohang__1khz_50ns_20deci_2m_UTC_20190731_235259.526,1000.0,243,648
pohang,pohang,pohang,event,/home/ted1204/MS_Detection_Datamaker/MS_datamaker_PH/data/event/1khz_50ns_20deci_2m_UTC_20190801_001659.526.tdms,1khz_50ns_20deci_2m_UTC_20190801_001659.526.tdms,1khz_50ns_20deci_2m_UTC_20190801_001659.526,.tdms,pohang__1khz_50ns_20deci_2m_UTC_20190801_001659.526,1000.0,243,648
pohang,pohang,pohang,event,/home/ted1204/MS_Detection_Datamaker/MS_datamaker_PH/data/event/1khz_50ns_20deci_2m_UTC_20190801_161059.511.tdms,1khz_50ns_20deci_2m_UTC_20190801_161059.511.tdms,1khz_50ns_20deci_2m_UTC_20190801_161059.511,.tdms,pohang__1khz_50ns_20deci_2m_UTC_20190801_161059.511,1000.0,243,648
pohang,pohang,pohang,event,/home/ted1204/MS_Detection_Datamaker/MS_datamaker_PH/data/event/1khz_50ns_20deci_2m_UTC_20190801_163759.510.tdms,1khz_50ns_20deci_2m_UTC_20190801_163759.510.tdms,1khz_50ns_20deci_2m_UTC_20190801_163759.510,.tdms,pohang__1khz_50ns_20deci_2m_UTC_20190801_163759.510,1000.0,243,648
pohang,pohang,pohang,event,/home/ted1204/MS_Detection_Datamaker/MS_datamaker_PH/data/event/1khz_50ns_20deci_2m_UTC_20190801_181059.509.tdms,1khz_50ns_20deci_2m_UTC_20190801_181059.509.tdms,1khz_50ns_20deci_2m_UTC_20190801_181059.509,.tdms,pohang__1khz_50ns_20deci_2m_UTC_20190801_181059.509,1000.0,243,648
pohang,pohang,pohang,event,/home/ted1204/MS_Detection_Datamaker/MS_datamaker_PH/data/event/1khz_50ns_20deci_2m_UTC_20190802_044659.498.tdms,1khz_50ns_20deci_2m_UTC_20190802_044659.498.tdms,1khz_50ns_20deci_2m_UTC_20190802_044659.498,.tdms,pohang__1khz_50ns_20deci_2m_UTC_20190802_044659.498,1000.0,243,648
pohang,pohang,pohang,event,/home/ted1204/MS_Detection_Datamaker/MS_datamaker_PH/data/event/1khz_50ns_20deci_2m_UTC_20190802_044859.498.tdms,1khz_50ns_20deci_2m_UTC_20190802_044859.498.tdms,1khz_50ns_20deci_2m_UTC_20190802_044859.498,.tdms,pohang__1khz_50ns_20deci_2m_UTC_20190802_044859.498,1000.0,243,648
pohang,pohang,pohang,event,/home/ted1204/MS_Detection_Datamaker/MS_datamaker_PH/data/event/1khz_50ns_20deci_2m_UTC_20190802_155959.488.tdms,1khz_50ns_20deci_2m_UTC_20190802_155959.488.tdms,1khz_50ns_20deci_2m_UTC_20190802_155959.488,.tdms,pohang__1khz_50ns_20deci_2m_UTC_20190802_155959.488,1000.0,243,648
pohang,pohang,pohang,event,/home/ted1204/MS_Detection_Datamaker/MS_datamaker_PH/data/event/1khz_50ns_20deci_2m_UTC_20190803_162159.464.tdms,1khz_50ns_20deci_2m_UTC_20190803_162159.464.tdms,1khz_50ns_20deci_2m_UTC_20190803_162159.464,.tdms,pohang__1khz_50ns_20deci_2m_UTC_20190803_162159.464,1000.0,243,648
pohang,pohang,pohang,event,/home/ted1204/MS_Detection_Datamaker/MS_datamaker_PH/data/event/1khz_50ns_20deci_2m_UTC_20190803_170659.463.tdms,1khz_50ns_20deci_2m_UTC_20190803_170659.463.tdms,1khz_50ns_20deci_2m_UTC_20190803_170659.463,.tdms,pohang__1khz_50ns_20deci_2m_UTC_20190803_170659.463,1000.0,243,648
pohang,pohang,pohang,event,/home/ted1204/MS_Detection_Datamaker/MS_datamaker_PH/data/event/1khz_50ns_20deci_2m_UTC_20190804_072559.449.tdms,1khz_50ns_20deci_2m_UTC_20190804_072559.449.tdms,1khz_50ns_20deci_2m_UTC_20190804_072559.449,.tdms,pohang__1khz_50ns_20deci_2m_UTC_20190804_072559.449,1000.0,243,648
pohang,pohang,pohang,event,/home/ted1204/MS_Detection_Datamaker/MS_datamaker_PH/data/event/1khz_50ns_20deci_2m_UTC_20190804_081559.449.tdms,1khz_50ns_20deci_2m_UTC_20190804_081559.449.tdms,1khz_50ns_20deci_2m_UTC_20190804_081559.449,.tdms,pohang__1khz_50ns_20deci_2m_UTC_20190804_081559.449,1000.0,243,648
pohang,pohang,pohang,event,/home/ted1204/MS_Detection_Datamaker/MS_datamaker_PH/data/event/1khz_50ns_20deci_2m_UTC_20190804_155759.441.tdms,1khz_50ns_20deci_2m_UTC_20190804_155759.441.tdms,1khz_50ns_20deci_2m_UTC_20190804_155759.441,.tdms,pohang__1khz_50ns_20deci_2m_UTC_20190804_155759.441,1000.0,243,648
pohang,pohang,pohang,event,/home/ted1204/MS_Detection_Datamaker/MS_datamaker_PH/data/event/1khz_50ns_20deci_2m_UTC_20190805_041459.429.tdms,1khz_50ns_20deci_2m_UTC_20190805_041459.429.tdms,1khz_50ns_20deci_2m_UTC_20190805_041459.429,.tdms,pohang__1khz_50ns_20deci_2m_UTC_20190805_041459.429,1000.0,243,648
pohang,pohang,pohang,event,/home/ted1204/MS_Detection_Datamaker/MS_datamaker_PH/data/event/1khz_50ns_20deci_2m_UTC_20190805_074659.426.tdms,1khz_50ns_20deci_2m_UTC_20190805_074659.426.tdms,1khz_50ns_20deci_2m_UTC_20190805_074659.426,.tdms,pohang__1khz_50ns_20deci_2m_UTC_20190805_074659.426,1000.0,243,648
pohang,pohang,pohang,event,/home/ted1204/MS_Detection_Datamaker/MS_datamaker_PH/data/event/1khz_50ns_20deci_2m_UTC_20190805_133759.420.tdms,1khz_50ns_20deci_2m_UTC_20190805_133759.420.tdms,1khz_50ns_20deci_2m_UTC_20190805_133759.420,.tdms,pohang__1khz_50ns_20deci_2m_UTC_20190805_133759.420,1000.0,243,648
pohang,pohang,pohang,event,/home/ted1204/MS_Detection_Datamaker/MS_datamaker_PH/data/event/1khz_50ns_20deci_2m_UTC_20190805_144459.419.tdms,1khz_50ns_20deci_2m_UTC_20190805_144459.419.tdms,1khz_50ns_20deci_2m_UTC_20190805_144459.419,.tdms,pohang__1khz_50ns_20deci_2m_UTC_20190805_144459.419,1000.0,243,648
pohang,pohang,pohang,event,/home/ted1204/MS_Detection_Datamaker/MS_datamaker_PH/data/event/1khz_50ns_20deci_2m_UTC_20190806_145929.395.tdms,1khz_50ns_20deci_2m_UTC_20190806_145929.395.tdms,1khz_50ns_20deci_2m_UTC_20190806_145929.395,.tdms,pohang__1khz_50ns_20deci_2m_UTC_20190806_145929.395,1000.0,243,648
pohang,pohang,pohang,event,/home/ted1204/MS_Detection_Datamaker/MS_datamaker_PH/data/event/1khz_50ns_20deci_2m_UTC_20190815_072500.000.tdms,1khz_50ns_20deci_2m_UTC_20190815_072500.000.tdms,1khz_50ns_20deci_2m_UTC_20190815_072500.000,.tdms,pohang__1khz_50ns_20deci_2m_UTC_20190815_072500.000,1000.0,243,648
pohang,pohang,pohang,event,/home/ted1204/MS_Detection_Datamaker/MS_datamaker_PH/data/event/1khz_50ns_20deci_2m_UTC_20190815_225700.000.tdms,1khz_50ns_20deci_2m_UTC_20190815_225700.000.tdms,1khz_50ns_20deci_2m_UTC_20190815_225700.000,.tdms,pohang__1khz_50ns_20deci_2m_UTC_20190815_225700.000,1000.0,243,648
pohang,pohang,pohang,event,/home/ted1204/MS_Detection_Datamaker/MS_datamaker_PH/data/event/1khz_50ns_20deci_2m_UTC_20190816_075000.000.tdms,1khz_50ns_20deci_2m_UTC_20190816_075000.000.tdms,1khz_50ns_20deci_2m_UTC_20190816_075000.000,.tdms,pohang__1khz_50ns_20deci_2m_UTC_20190816_075000.000,1000.0,243,648
pohang,pohang,pohang,event,/home/ted1204/MS_Detection_Datamaker/MS_datamaker_PH/data/event/1khz_50ns_20deci_2m_UTC_20190816_075600.000.tdms,1khz_50ns_20deci_2m_UTC_20190816_075600.000.tdms,1khz_50ns_20deci_2m_UTC_20190816_075600.000,.tdms,pohang__1khz_50ns_20deci_2m_UTC_20190816_075600.000,1000.0,243,648
pohang,pohang,pohang,event,/home/ted1204/MS_Detection_Datamaker/MS_datamaker_PH/data/event/1khz_50ns_20deci_2m_UTC_20190816_080500.000.tdms,1khz_50ns_20deci_2m_UTC_20190816_080500.000.tdms,1khz_50ns_20deci_2m_UTC_20190816_080500.000,.tdms,pohang__1khz_50ns_20deci_2m_UTC_20190816_080500.000,1000.0,243,648
pohang,pohang,pohang,event,/home/ted1204/MS_Detection_Datamaker/MS_datamaker_PH/data/event/1khz_50ns_20deci_2m_UTC_20190816_081400.000.tdms,1khz_50ns_20deci_2m_UTC_20190816_081400.000.tdms,1khz_50ns_20deci_2m_UTC_20190816_081400.000,.tdms,pohang__1khz_50ns_20deci_2m_UTC_20190816_081400.000,1000.0,243,648
pohang,pohang,pohang,event,/home/ted1204/MS_Detection_Datamaker/MS_datamaker_PH/data/event/1khz_50ns_20deci_2m_UTC_20190816_162200.000.tdms,1khz_50ns_20deci_2m_UTC_20190816_162200.000.tdms,1khz_50ns_20deci_2m_UTC_20190816_162200.000,.tdms,pohang__1khz_50ns_20deci_2m_UTC_20190816_162200.000,1000.0,243,648
pohang,pohang,pohang,event,/home/ted1204/MS_Detection_Datamaker/MS_datamaker_PH/data/event/1khz_50ns_20deci_2m_UTC_20190816_171600.000.tdms,1khz_50ns_20deci_2m_UTC_20190816_171600.000.tdms,1khz_50ns_20deci_2m_UTC_20190816_171600.000,.tdms,pohang__1khz_50ns_20deci_2m_UTC_20190816_171600.000,1000.0,243,648
pohang,pohang,pohang,event,/home/ted1204/MS_Detection_Datamaker/MS_datamaker_PH/data/event/1khz_50ns_20deci_2m_UTC_20190816_190700.000.tdms,1khz_50ns_20deci_2m_UTC_20190816_190700.000.tdms,1khz_50ns_20deci_2m_UTC_20190816_190700.000,.tdms,pohang__1khz_50ns_20deci_2m_UTC_20190816_190700.000,1000.0,243,648
pohang,pohang,pohang,event,/home/ted1204/MS_Detection_Datamaker/MS_datamaker_PH/data/event/1khz_50ns_20deci_2m_UTC_20190816_190730.000.tdms,1khz_50ns_20deci_2m_UTC_20190816_190730.000.tdms,1khz_50ns_20deci_2m_UTC_20190816_190730.000,.tdms,pohang__1khz_50ns_20deci_2m_UTC_20190816_190730.000,1000.0,243,648
pohang,pohang,pohang,event,/home/ted1204/MS_Detection_Datamaker/MS_datamaker_PH/data/event/1khz_50ns_20deci_2m_UTC_20190817_075200.000.tdms,1khz_50ns_20deci_2m_UTC_20190817_075200.000.tdms,1khz_50ns_20deci_2m_UTC_20190817_075200.000,.tdms,pohang__1khz_50ns_20deci_2m_UTC_20190817_075200.000,1000.0,243,648
pohang,pohang,pohang,event,/home/ted1204/MS_Detection_Datamaker/MS_datamaker_PH/data/event/1khz_50ns_20deci_2m_UTC_20190817_081400.000.tdms,1khz_50ns_20deci_2m_UTC_20190817_081400.000.tdms,1khz_50ns_20deci_2m_UTC_20190817_081400.000,.tdms,pohang__1khz_50ns_20deci_2m_UTC_20190817_081400.000,1000.0,243,648
pohang,pohang,pohang,event,/home/ted1204/MS_Detection_Datamaker/MS_datamaker_PH/data/event/1khz_50ns_20deci_2m_UTC_20190817_162400.000.tdms,1khz_50ns_20deci_2m_UTC_20190817_162400.000.tdms,1khz_50ns_20deci_2m_UTC_20190817_162400.000,.tdms,pohang__1khz_50ns_20deci_2m_UTC_20190817_162400.000,1000.0,243,648
pohang,pohang,pohang,event,/home/ted1204/MS_Detection_Datamaker/MS_datamaker_PH/data/event/1khz_50ns_20deci_2m_UTC_20190817_182400.000.tdms,1khz_50ns_20deci_2m_UTC_20190817_182400.000.tdms,1khz_50ns_20deci_2m_UTC_20190817_182400.000,.tdms,pohang__1khz_50ns_20deci_2m_UTC_20190817_182400.000,1000.0,243,648
pohang,pohang,pohang,event,/home/ted1204/MS_Detection_Datamaker/MS_datamaker_PH/data/event/1khz_50ns_20deci_2m_UTC_20190818_063800.000.tdms,1khz_50ns_20deci_2m_UTC_20190818_063800.000.tdms,1khz_50ns_20deci_2m_UTC_20190818_063800.000,.tdms,pohang__1khz_50ns_20deci_2m_UTC_20190818_063800.000,1000.0,243,648
pohang,pohang,pohang,event,/home/ted1204/MS_Detection_Datamaker/MS_datamaker_PH/data/event/1khz_50ns_20deci_2m_UTC_20190818_064800.000.tdms,1khz_50ns_20deci_2m_UTC_20190818_064800.000.tdms,1khz_50ns_20deci_2m_UTC_20190818_064800.000,.tdms,pohang__1khz_50ns_20deci_2m_UTC_20190818_064800.000,1000.0,243,648
pohang,pohang,pohang,event,/home/ted1204/MS_Detection_Datamaker/MS_datamaker_PH/data/event/1khz_50ns_20deci_2m_UTC_20190818_064830.000.tdms,1khz_50ns_20deci_2m_UTC_20190818_064830.000.tdms,1khz_50ns_20deci_2m_UTC_20190818_064830.000,.tdms,pohang__1khz_50ns_20deci_2m_UTC_20190818_064830.000,1000.0,243,648
pohang,pohang,pohang,event,/home/ted1204/MS_Detection_Datamaker/MS_datamaker_PH/data/event/1khz_50ns_20deci_2m_UTC_20190818_090600.000.tdms,1khz_50ns_20deci_2m_UTC_20190818_090600.000.tdms,1khz_50ns_20deci_2m_UTC_20190818_090600.000,.tdms,pohang__1khz_50ns_20deci_2m_UTC_20190818_090600.000,1000.0,243,648
pohang,pohang,pohang,event,/home/ted1204/MS_Detection_Datamaker/MS_datamaker_PH/data/event/1khz_50ns_20deci_2m_UTC_20190818_090630.000.tdms,1khz_50ns_20deci_2m_UTC_20190818_090630.000.tdms,1khz_50ns_20deci_2m_UTC_20190818_090630.000,.tdms,pohang__1khz_50ns_20deci_2m_UTC_20190818_090630.000,1000.0,243,648
pohang,pohang,pohang,event,/home/ted1204/MS_Detection_Datamaker/MS_datamaker_PH/data/event/1khz_50ns_20deci_2m_UTC_20190818_152200.000.tdms,1khz_50ns_20deci_2m_UTC_20190818_152200.000.tdms,1khz_50ns_20deci_2m_UTC_20190818_152200.000,.tdms,pohang__1khz_50ns_20deci_2m_UTC_20190818_152200.000,1000.0,243,648
pohang,pohang,pohang,event,/home/ted1204/MS_Detection_Datamaker/MS_datamaker_PH/data/event/1khz_50ns_20deci_2m_UTC_20190818_154400.000.tdms,1khz_50ns_20deci_2m_UTC_20190818_154400.000.tdms,1khz_50ns_20deci_2m_UTC_20190818_154400.000,.tdms,pohang__1khz_50ns_20deci_2m_UTC_20190818_154400.000,1000.0,243,648
pohang,pohang,pohang,event,/home/ted1204/MS_Detection_Datamaker/MS_datamaker_PH/data/event/1khz_50ns_20deci_2m_UTC_20190819_055430.000.tdms,1khz_50ns_20deci_2m_UTC_20190819_055430.000.tdms,1khz_50ns_20deci_2m_UTC_20190819_055430.000,.tdms,pohang__1khz_50ns_20deci_2m_UTC_20190819_055430.000,1000.0,243,648
pohang,pohang,pohang,event,/home/ted1204/MS_Detection_Datamaker/MS_datamaker_PH/data/event/1khz_50ns_20deci_2m_UTC_20190916_091600.000.tdms,1khz_50ns_20deci_2m_UTC_20190916_091600.000.tdms,1khz_50ns_20deci_2m_UTC_20190916_091600.000,.tdms,pohang__1khz_50ns_20deci_2m_UTC_20190916_091600.000,1000.0,243,648
pohang,pohang,pohang,event,/home/ted1204/MS_Detection_Datamaker/MS_datamaker_PH/data/event/1khz_50ns_20deci_2m_UTC_20190916_133600.000.tdms,1khz_50ns_20deci_2m_UTC_20190916_133600.000.tdms,1khz_50ns_20deci_2m_UTC_20190916_133600.000,.tdms,pohang__1khz_50ns_20deci_2m_UTC_20190916_133600.000,1000.0,243,648
pohang,pohang,pohang,event,/home/ted1204/MS_Detection_Datamaker/MS_datamaker_PH/data/event/1khz_50ns_20deci_2m_UTC_20190916_183800.000.tdms,1khz_50ns_20deci_2m_UTC_20190916_183800.000.tdms,1khz_50ns_20deci_2m_UTC_20190916_183800.000,.tdms,pohang__1khz_50ns_20deci_2m_UTC_20190916_183800.000,1000.0,243,648
pohang,pohang,pohang,event,/home/ted1204/MS_Detection_Datamaker/MS_datamaker_PH/data/event/1khz_50ns_20deci_2m_UTC_20190916_184700.000.tdms,1khz_50ns_20deci_2m_UTC_20190916_184700.000.tdms,1khz_50ns_20deci_2m_UTC_20190916_184700.000,.tdms,pohang__1khz_50ns_20deci_2m_UTC_20190916_184700.000,1000.0,243,648
pohang,pohang,pohang,event,/home/ted1204/MS_Detection_Datamaker/MS_datamaker_PH/data/event/1khz_50ns_20deci_2m_UTC_20190917_155500.000.tdms,1khz_50ns_20deci_2m_UTC_20190917_155500.000.tdms,1khz_50ns_20deci_2m_UTC_20190917_155500.000,.tdms,pohang__1khz_50ns_20deci_2m_UTC_20190917_155500.000,1000.0,243,648
pohang,pohang,pohang,event,/home/ted1204/MS_Detection_Datamaker/MS_datamaker_PH/data/event/1khz_50ns_20deci_2m_UTC_20190917_184000.000.tdms,1khz_50ns_20deci_2m_UTC_20190917_184000.000.tdms,1khz_50ns_20deci_2m_UTC_20190917_184000.000,.tdms,pohang__1khz_50ns_20deci_2m_UTC_20190917_184000.000,1000.0,243,648
pohang,pohang,pohang,event,/home/ted1204/MS_Detection_Datamaker/MS_datamaker_PH/data/event/1khz_50ns_20deci_2m_UTC_20190917_184030.000.tdms,1khz_50ns_20deci_2m_UTC_20190917_184030.000.tdms,1khz_50ns_20deci_2m_UTC_20190917_184030.000,.tdms,pohang__1khz_50ns_20deci_2m_UTC_20190917_184030.000,1000.0,243,648
pohang,pohang,pohang,event,/home/ted1204/MS_Detection_Datamaker/MS_datamaker_PH/data/event/1khz_50ns_20deci_2m_UTC_20190918_080600.000.tdms,1khz_50ns_20deci_2m_UTC_20190918_080600.000.tdms,1khz_50ns_20deci_2m_UTC_20190918_080600.000,.tdms,pohang__1khz_50ns_20deci_2m_UTC_20190918_080600.000,1000.0,243,648
pohang,pohang,pohang,event,/home/ted1204/MS_Detection_Datamaker/MS_datamaker_PH/data/event/1khz_50ns_20deci_2m_UTC_20190918_193400.000.tdms,1khz_50ns_20deci_2m_UTC_20190918_193400.000.tdms,1khz_50ns_20deci_2m_UTC_20190918_193400.000,.tdms,pohang__1khz_50ns_20deci_2m_UTC_20190918_193400.000,1000.0,243,648
pohang,pohang,pohang,event,/home/ted1204/MS_Detection_Datamaker/MS_datamaker_PH/data/event/1khz_50ns_20deci_2m_UTC_20190919_091900.000.tdms,1khz_50ns_20deci_2m_UTC_20190919_091900.000.tdms,1khz_50ns_20deci_2m_UTC_20190919_091900.000,.tdms,pohang__1khz_50ns_20deci_2m_UTC_20190919_091900.000,1000.0,243,648
pohang,pohang,pohang,event,/home/ted1204/MS_Detection_Datamaker/MS_datamaker_PH/data/event/1khz_50ns_20deci_2m_UTC_20190919_174300.000.tdms,1khz_50ns_20deci_2m_UTC_20190919_174300.000.tdms,1khz_50ns_20deci_2m_UTC_20190919_174300.000,.tdms,pohang__1khz_50ns_20deci_2m_UTC_20190919_174300.000,1000.0,243,648
pohang,pohang,pohang,event,/home/ted1204/MS_Detection_Datamaker/MS_datamaker_PH/data/event/1khz_50ns_20deci_2m_UTC_20190919_201700.000.tdms,1khz_50ns_20deci_2m_UTC_20190919_201700.000.tdms,1khz_50ns_20deci_2m_UTC_20190919_201700.000,.tdms,pohang__1khz_50ns_20deci_2m_UTC_20190919_201700.000,1000.0,243,648
pohang,pohang,pohang,event,/home/ted1204/MS_Detection_Datamaker/MS_datamaker_PH/data/event/1khz_50ns_20deci_2m_UTC_20190920_141300.000.tdms,1khz_50ns_20deci_2m_UTC_20190920_141300.000.tdms,1khz_50ns_20deci_2m_UTC_20190920_141300.000,.tdms,pohang__1khz_50ns_20deci_2m_UTC_20190920_141300.000,1000.0,243,648
pohang,pohang,pohang,event,/home/ted1204/MS_Detection_Datamaker/MS_datamaker_PH/data/event/1khz_50ns_20deci_2m_UTC_20190921_053500.000.tdms,1khz_50ns_20deci_2m_UTC_20190921_053500.000.tdms,1khz_50ns_20deci_2m_UTC_20190921_053500.000,.tdms,pohang__1khz_50ns_20deci_2m_UTC_20190921_053500.000,1000.0,243,648
pohang,pohang,pohang,event,/home/ted1204/MS_Detection_Datamaker/MS_datamaker_PH/data/event/1khz_50ns_20deci_2m_UTC_20190921_053530.000.tdms,1khz_50ns_20deci_2m_UTC_20190921_053530.000.tdms,1khz_50ns_20deci_2m_UTC_20190921_053530.000,.tdms,pohang__1khz_50ns_20deci_2m_UTC_20190921_053530.000,1000.0,243,648
pohang,pohang,pohang,event,/home/ted1204/MS_Detection_Datamaker/MS_datamaker_PH/data/event/1khz_50ns_20deci_2m_UTC_20190921_061100.000.tdms,1khz_50ns_20deci_2m_UTC_20190921_061100.000.tdms,1khz_50ns_20deci_2m_UTC_20190921_061100.000,.tdms,pohang__1khz_50ns_20deci_2m_UTC_20190921_061100.000,1000.0,243,648
pohang,pohang,pohang,event,/home/ted1204/MS_Detection_Datamaker/MS_datamaker_PH/data/event/1khz_50ns_20deci_2m_UTC_20190921_061300.000.tdms,1khz_50ns_20deci_2m_UTC_20190921_061300.000.tdms,1khz_50ns_20deci_2m_UTC_20190921_061300.000,.tdms,pohang__1khz_50ns_20deci_2m_UTC_20190921_061300.000,1000.0,243,648
pohang,pohang,pohang,event,/home/ted1204/MS_Detection_Datamaker/MS_datamaker_PH/data/event/1khz_50ns_20deci_2m_UTC_20190921_061600.000.tdms,1khz_50ns_20deci_2m_UTC_20190921_061600.000.tdms,1khz_50ns_20deci_2m_UTC_20190921_061600.000,.tdms,pohang__1khz_50ns_20deci_2m_UTC_20190921_061600.000,1000.0,243,648
pohang,pohang,pohang,event,/home/ted1204/MS_Detection_Datamaker/MS_datamaker_PH/data/event/1khz_50ns_20deci_2m_UTC_20190922_020700.000.tdms,1khz_50ns_20deci_2m_UTC_20190922_020700.000.tdms,1khz_50ns_20deci_2m_UTC_20190922_020700.000,.tdms,pohang__1khz_50ns_20deci_2m_UTC_20190922_020700.000,1000.0,243,648
pohang,pohang,pohang,event,/home/ted1204/MS_Detection_Datamaker/MS_datamaker_PH/data/event/1khz_50ns_20deci_2m_UTC_20190922_182100.000.tdms,1khz_50ns_20deci_2m_UTC_20190922_182100.000.tdms,1khz_50ns_20deci_2m_UTC_20190922_182100.000,.tdms,pohang__1khz_50ns_20deci_2m_UTC_20190922_182100.000,1000.0,243,648
pohang,pohang,pohang,event,/home/ted1204/MS_Detection_Datamaker/MS_datamaker_PH/data/event/1khz_50ns_20deci_2m_UTC_20190923_120100.000.tdms,1khz_50ns_20deci_2m_UTC_20190923_120100.000.tdms,1khz_50ns_20deci_2m_UTC_20190923_120100.000,.tdms,pohang__1khz_50ns_20deci_2m_UTC_20190923_120100.000,1000.0,243,648
pohang,pohang,pohang,event,/home/ted1204/MS_Detection_Datamaker/MS_datamaker_PH/data/event/1khz_50ns_20deci_2m_UTC_20190924_085100.000.tdms,1khz_50ns_20deci_2m_UTC_20190924_085100.000.tdms,1khz_50ns_20deci_2m_UTC_20190924_085100.000,.tdms,pohang__1khz_50ns_20deci_2m_UTC_20190924_085100.000,1000.0,243,648
pohang,pohang,pohang,event,/home/ted1204/MS_Detection_Datamaker/MS_datamaker_PH/data/event/1khz_50ns_20deci_2m_UTC_20190924_134800.000.tdms,1khz_50ns_20deci_2m_UTC_20190924_134800.000.tdms,1khz_50ns_20deci_2m_UTC_20190924_134800.000,.tdms,pohang__1khz_50ns_20deci_2m_UTC_20190924_134800.000,1000.0,243,648
pohang,pohang,pohang,event,/home/ted1204/MS_Detection_Datamaker/MS_datamaker_PH/data/event/1khz_50ns_20deci_2m_UTC_20190924_191400.000.tdms,1khz_50ns_20deci_2m_UTC_20190924_191400.000.tdms,1khz_50ns_20deci_2m_UTC_20190924_191400.000,.tdms,pohang__1khz_50ns_20deci_2m_UTC_20190924_191400.000,1000.0,243,648
pohang,pohang,pohang,event,/home/ted1204/MS_Detection_Datamaker/MS_datamaker_PH/data/event/1khz_50ns_20deci_2m_UTC_20190924_231400.000.tdms,1khz_50ns_20deci_2m_UTC_20190924_231400.000.tdms,1khz_50ns_20deci_2m_UTC_20190924_231400.000,.tdms,pohang__1khz_50ns_20deci_2m_UTC_20190924_231400.000,1000.0,243,648
pohang,pohang,pohang,event,/home/ted1204/MS_Detection_Datamaker/MS_datamaker_PH/data/event/1khz_50ns_20deci_2m_UTC_20190924_231430.000.tdms,1khz_50ns_20deci_2m_UTC_20190924_231430.000.tdms,1khz_50ns_20deci_2m_UTC_20190924_231430.000,.tdms,pohang__1khz_50ns_20deci_2m_UTC_20190924_231430.000,1000.0,243,648
pohang,pohang,pohang,event,/home/ted1204/MS_Detection_Datamaker/MS_datamaker_PH/data/event/1khz_50ns_20deci_2m_UTC_20190924_233700.000.tdms,1khz_50ns_20deci_2m_UTC_20190924_233700.000.tdms,1khz_50ns_20deci_2m_UTC_20190924_233700.000,.tdms,pohang__1khz_50ns_20deci_2m_UTC_20190924_233700.000,1000.0,243,648
pohang,pohang,pohang,event,/home/ted1204/MS_Detection_Datamaker/MS_datamaker_PH/data/event/1khz_50ns_20deci_2m_UTC_20190925_014700.000.tdms,1khz_50ns_20deci_2m_UTC_20190925_014700.000.tdms,1khz_50ns_20deci_2m_UTC_20190925_014700.000,.tdms,pohang__1khz_50ns_20deci_2m_UTC_20190925_014700.000,1000.0,243,648
pohang,pohang,pohang,event,/home/ted1204/MS_Detection_Datamaker/MS_datamaker_PH/data/event/1khz_50ns_20deci_2m_UTC_20190925_014730.000.tdms,1khz_50ns_20deci_2m_UTC_20190925_014730.000.tdms,1khz_50ns_20deci_2m_UTC_20190925_014730.000,.tdms,pohang__1khz_50ns_20deci_2m_UTC_20190925_014730.000,1000.0,243,648
pohang,pohang,pohang,event,/home/ted1204/MS_Detection_Datamaker/MS_datamaker_PH/data/event/1khz_50ns_20deci_2m_UTC_20190925_023700.000.tdms,1khz_50ns_20deci_2m_UTC_20190925_023700.000.tdms,1khz_50ns_20deci_2m_UTC_20190925_023700.000,.tdms,pohang__1khz_50ns_20deci_2m_UTC_20190925_023700.000,1000.0,243,648
pohang,pohang,pohang,event,/home/ted1204/MS_Detection_Datamaker/MS_datamaker_PH/data/event/1khz_50ns_20deci_2m_UTC_20190925_034500.000.tdms,1khz_50ns_20deci_2m_UTC_20190925_034500.000.tdms,1khz_50ns_20deci_2m_UTC_20190925_034500.000,.tdms,pohang__1khz_50ns_20deci_2m_UTC_20190925_034500.000,1000.0,243,648
pohang,pohang,pohang,event,/home/ted1204/MS_Detection_Datamaker/MS_datamaker_PH/data/event/1khz_50ns_20deci_2m_UTC_20190925_175700.000.tdms,1khz_50ns_20deci_2m_UTC_20190925_175700.000.tdms,1khz_50ns_20deci_2m_UTC_20190925_175700.000,.tdms,pohang__1khz_50ns_20deci_2m_UTC_20190925_175700.000,1000.0,243,648
pohang,pohang,pohang,event,/home/ted1204/MS_Detection_Datamaker/MS_datamaker_PH/data/event/1khz_50ns_20deci_2m_UTC_20190925_175730.000.tdms,1khz_50ns_20deci_2m_UTC_20190925_175730.000.tdms,1khz_50ns_20deci_2m_UTC_20190925_175730.000,.tdms,pohang__1khz_50ns_20deci_2m_UTC_20190925_175730.000,1000.0,243,648
pohang,pohang,pohang,event,/home/ted1204/MS_Detection_Datamaker/MS_datamaker_PH/data/event/1khz_50ns_20deci_2m_UTC_20190925_195800.000.tdms,1khz_50ns_20deci_2m_UTC_20190925_195800.000.tdms,1khz_50ns_20deci_2m_UTC_20190925_195800.000,.tdms,pohang__1khz_50ns_20deci_2m_UTC_20190925_195800.000,1000.0,243,648
pohang,pohang,pohang,event,/home/ted1204/MS_Detection_Datamaker/MS_datamaker_PH/data/event/1khz_50ns_20deci_2m_UTC_20190926_020400.000.tdms,1khz_50ns_20deci_2m_UTC_20190926_020400.000.tdms,1khz_50ns_20deci_2m_UTC_20190926_020400.000,.tdms,pohang__1khz_50ns_20deci_2m_UTC_20190926_020400.000,1000.0,243,648
pohang,pohang,pohang,event,/home/ted1204/MS_Detection_Datamaker/MS_datamaker_PH/data/event/1khz_50ns_20deci_2m_UTC_20190926_062500.000.tdms,1khz_50ns_20deci_2m_UTC_20190926_062500.000.tdms,1khz_50ns_20deci_2m_UTC_20190926_062500.000,.tdms,pohang__1khz_50ns_20deci_2m_UTC_20190926_062500.000,1000.0,243,648
pohang,pohang,pohang,event,/home/ted1204/MS_Detection_Datamaker/MS_datamaker_PH/data/event/1khz_50ns_20deci_2m_UTC_20190926_174200.000.tdms,1khz_50ns_20deci_2m_UTC_20190926_174200.000.tdms,1khz_50ns_20deci_2m_UTC_20190926_174200.000,.tdms,pohang__1khz_50ns_20deci_2m_UTC_20190926_174200.000,1000.0,243,648
pohang,pohang,pohang,event,/home/ted1204/MS_Detection_Datamaker/MS_datamaker_PH/data/event/1khz_50ns_20deci_2m_UTC_20190926_220200.000.tdms,1khz_50ns_20deci_2m_UTC_20190926_220200.000.tdms,1khz_50ns_20deci_2m_UTC_20190926_220200.000,.tdms,pohang__1khz_50ns_20deci_2m_UTC_20190926_220200.000,1000.0,243,648
pohang,pohang,pohang,event,/home/ted1204/MS_Detection_Datamaker/MS_datamaker_PH/data/event/1khz_50ns_20deci_2m_UTC_20190928_152400.000.tdms,1khz_50ns_20deci_2m_UTC_20190928_152400.000.tdms,1khz_50ns_20deci_2m_UTC_20190928_152400.000,.tdms,pohang__1khz_50ns_20deci_2m_UTC_20190928_152400.000,1000.0,243,648
pohang,pohang,pohang,event,/home/ted1204/MS_Detection_Datamaker/MS_datamaker_PH/data/event/1khz_50ns_20deci_2m_UTC_20190928_174000.000.tdms,1khz_50ns_20deci_2m_UTC_20190928_174000.000.tdms,1khz_50ns_20deci_2m_UTC_20190928_174000.000,.tdms,pohang__1khz_50ns_20deci_2m_UTC_20190928_174000.000,1000.0,243,648
pohang,pohang,pohang,event,/home/ted1204/MS_Detection_Datamaker/MS_datamaker_PH/data/event/1khz_50ns_20deci_2m_UTC_20190929_175500.000.tdms,1khz_50ns_20deci_2m_UTC_20190929_175500.000.tdms,1khz_50ns_20deci_2m_UTC_20190929_175500.000,.tdms,pohang__1khz_50ns_20deci_2m_UTC_20190929_175500.000,1000.0,243,648
pohang,pohang,pohang,event,/home/ted1204/MS_Detection_Datamaker/MS_datamaker_PH/data/event/1khz_50ns_20deci_2m_UTC_20190929_223900.000.tdms,1khz_50ns_20deci_2m_UTC_20190929_223900.000.tdms,1khz_50ns_20deci_2m_UTC_20190929_223900.000,.tdms,pohang__1khz_50ns_20deci_2m_UTC_20190929_223900.000,1000.0,243,648
pohang,pohang,pohang,event,/home/ted1204/MS_Detection_Datamaker/MS_datamaker_PH/data/event/1khz_50ns_20deci_2m_UTC_20190929_232700.000.tdms,1khz_50ns_20deci_2m_UTC_20190929_232700.000.tdms,1khz_50ns_20deci_2m_UTC_20190929_232700.000,.tdms,pohang__1khz_50ns_20deci_2m_UTC_20190929_232700.000,1000.0,243,648
pohang,pohang,pohang,event,/home/ted1204/MS_Detection_Datamaker/MS_datamaker_PH/data/event/1khz_50ns_20deci_2m_UTC_20190930_030000.000.tdms,1khz_50ns_20deci_2m_UTC_20190930_030000.000.tdms,1khz_50ns_20deci_2m_UTC_20190930_030000.000,.tdms,pohang__1khz_50ns_20deci_2m_UTC_20190930_030000.000,1000.0,243,648
pohang,pohang,pohang,event,/home/ted1204/MS_Detection_Datamaker/MS_datamaker_PH/data/event/1khz_50ns_20deci_2m_UTC_20190930_141100.000.tdms,1khz_50ns_20deci_2m_UTC_20190930_141100.000.tdms,1khz_50ns_20deci_2m_UTC_20190930_141100.000,.tdms,pohang__1khz_50ns_20deci_2m_UTC_20190930_141100.000,1000.0,243,648
pohang,pohang,pohang,event,/home/ted1204/MS_Detection_Datamaker/MS_datamaker_PH/data/event/1khz_50ns_20deci_2m_UTC_20190930_204800.000.tdms,1khz_50ns_20deci_2m_UTC_20190930_204800.000.tdms,1khz_50ns_20deci_2m_UTC_20190930_204800.000,.tdms,pohang__1khz_50ns_20deci_2m_UTC_20190930_204800.000,1000.0,243,648
pohang,pohang,pohang,noise,/home/ted1204/MS_Detection_Datamaker/MS_datamaker_PH/data/noise/1khz_50ns_20deci_2m_UTC+0900_DST0_20190524_055159.387.tdms,1khz_50ns_20deci_2m_UTC+0900_DST0_20190524_055159.387.tdms,1khz_50ns_20deci_2m_UTC+0900_DST0_20190524_055159.387,.tdms,pohang__1khz_50ns_20deci_2m_UTC+0900_DST0_20190524_055159.387,1000.0,243,648
pohang,pohang,pohang,noise,/home/ted1204/MS_Detection_Datamaker/MS_datamaker_PH/data/noise/1khz_50ns_20deci_2m_UTC+0900_DST0_20190530_075359.387.tdms,1khz_50ns_20deci_2m_UTC+0900_DST0_20190530_075359.387.tdms,1khz_50ns_20deci_2m_UTC+0900_DST0_20190530_075359.387,.tdms,pohang__1khz_50ns_20deci_2m_UTC+0900_DST0_20190530_075359.387,1000.0,243,648
pohang,pohang,pohang,noise,/home/ted1204/MS_Detection_Datamaker/MS_datamaker_PH/data/noise/1khz_50ns_20deci_2m_UTC+0900_DST0_20190602_093059.387.tdms,1khz_50ns_20deci_2m_UTC+0900_DST0_20190602_093059.387.tdms,1khz_50ns_20deci_2m_UTC+0900_DST0_20190602_093059.387,.tdms,pohang__1khz_50ns_20deci_2m_UTC+0900_DST0_20190602_093059.387,1000.0,243,648
pohang,pohang,pohang,noise,/home/ted1204/MS_Detection_Datamaker/MS_datamaker_PH/data/noise/1khz_50ns_20deci_2m_UTC+0900_DST0_20190602_100959.387.tdms,1khz_50ns_20deci_2m_UTC+0900_DST0_20190602_100959.387.tdms,1khz_50ns_20deci_2m_UTC+0900_DST0_20190602_100959.387,.tdms,pohang__1khz_50ns_20deci_2m_UTC+0900_DST0_20190602_100959.387,1000.0,243,648
pohang,pohang,pohang,noise,/home/ted1204/MS_Detection_Datamaker/MS_datamaker_PH/data/noise/1khz_50ns_20deci_2m_UTC+0900_DST0_20190607_190859.387.tdms,1khz_50ns_20deci_2m_UTC+0900_DST0_20190607_190859.387.tdms,1khz_50ns_20deci_2m_UTC+0900_DST0_20190607_190859.387,.tdms,pohang__1khz_50ns_20deci_2m_UTC+0900_DST0_20190607_190859.387,1000.0,243,648
pohang,pohang,pohang,noise,/home/ted1204/MS_Detection_Datamaker/MS_datamaker_PH/data/noise/1khz_50ns_20deci_2m_UTC+0900_DST0_20190612_142959.387.tdms,1khz_50ns_20deci_2m_UTC+0900_DST0_20190612_142959.387.tdms,1khz_50ns_20deci_2m_UTC+0900_DST0_20190612_142959.387,.tdms,pohang__1khz_50ns_20deci_2m_UTC+0900_DST0_20190612_142959.387,1000.0,243,648
pohang,pohang,pohang,noise,/home/ted1204/MS_Detection_Datamaker/MS_datamaker_PH/data/noise/1khz_50ns_20deci_2m_UTC+0900_DST0_20190613_205730.986.tdms,1khz_50ns_20deci_2m_UTC+0900_DST0_20190613_205730.986.tdms,1khz_50ns_20deci_2m_UTC+0900_DST0_20190613_205730.986,.tdms,pohang__1khz_50ns_20deci_2m_UTC+0900_DST0_20190613_205730.986,1000.0,243,648
pohang,pohang,pohang,noise,/home/ted1204/MS_Detection_Datamaker/MS_datamaker_PH/data/noise/1khz_50ns_20deci_2m_UTC+0900_DST0_20190614_004200.986.tdms,1khz_50ns_20deci_2m_UTC+0900_DST0_20190614_004200.986.tdms,1khz_50ns_20deci_2m_UTC+0900_DST0_20190614_004200.986,.tdms,pohang__1khz_50ns_20deci_2m_UTC+0900_DST0_20190614_004200.986,1000.0,243,648
pohang,pohang,pohang,noise,/home/ted1204/MS_Detection_Datamaker/MS_datamaker_PH/data/noise/1khz_50ns_20deci_2m_UTC+0900_DST0_20190616_214921.825.tdms,1khz_50ns_20deci_2m_UTC+0900_DST0_20190616_214921.825.tdms,1khz_50ns_20deci_2m_UTC+0900_DST0_20190616_214921.825,.tdms,pohang__1khz_50ns_20deci_2m_UTC+0900_DST0_20190616_214921.825,1000.0,243,648
pohang,pohang,pohang,noise,/home/ted1204/MS_Detection_Datamaker/MS_datamaker_PH/data/noise/1khz_50ns_20deci_2m_UTC+0900_DST0_20190620_001751.825.tdms,1khz_50ns_20deci_2m_UTC+0900_DST0_20190620_001751.825.tdms,1khz_50ns_20deci_2m_UTC+0900_DST0_20190620_001751.825,.tdms,pohang__1khz_50ns_20deci_2m_UTC+0900_DST0_20190620_001751.825,1000.0,243,648
pohang,pohang,pohang,noise,/home/ted1204/MS_Detection_Datamaker/MS_datamaker_PH/data/noise/1khz_50ns_20deci_2m_UTC+0900_DST0_20190622_084551.825.tdms,1khz_50ns_20deci_2m_UTC+0900_DST0_20190622_084551.825.tdms,1khz_50ns_20deci_2m_UTC+0900_DST0_20190622_084551.825,.tdms,pohang__1khz_50ns_20deci_2m_UTC+0900_DST0_20190622_084551.825,1000.0,243,648
pohang,pohang,pohang,noise,/home/ted1204/MS_Detection_Datamaker/MS_datamaker_PH/data/noise/1khz_50ns_20deci_2m_UTC+0900_DST0_20190623_172251.825.tdms,1khz_50ns_20deci_2m_UTC+0900_DST0_20190623_172251.825.tdms,1khz_50ns_20deci_2m_UTC+0900_DST0_20190623_172251.825,.tdms,pohang__1khz_50ns_20deci_2m_UTC+0900_DST0_20190623_172251.825,1000.0,243,648
pohang,pohang,pohang,noise,/home/ted1204/MS_Detection_Datamaker/MS_datamaker_PH/data/noise/1khz_50ns_20deci_2m_UTC+0900_DST0_20190624_165451.825.tdms,1khz_50ns_20deci_2m_UTC+0900_DST0_20190624_165451.825.tdms,1khz_50ns_20deci_2m_UTC+0900_DST0_20190624_165451.825,.tdms,pohang__1khz_50ns_20deci_2m_UTC+0900_DST0_20190624_165451.825,1000.0,243,648
pohang,pohang,pohang,noise,/home/ted1204/MS_Detection_Datamaker/MS_datamaker_PH/data/noise/1khz_50ns_20deci_2m_UTC+0900_DST0_20190628_132321.825.tdms,1khz_50ns_20deci_2m_UTC+0900_DST0_20190628_132321.825.tdms,1khz_50ns_20deci_2m_UTC+0900_DST0_20190628_132321.825,.tdms,pohang__1khz_50ns_20deci_2m_UTC+0900_DST0_20190628_132321.825,1000.0,243,648
pohang,pohang,pohang,noise,/home/ted1204/MS_Detection_Datamaker/MS_datamaker_PH/data/noise/1khz_50ns_20deci_2m_UTC+0900_DST0_20190628_231151.825.tdms,1khz_50ns_20deci_2m_UTC+0900_DST0_20190628_231151.825.tdms,1khz_50ns_20deci_2m_UTC+0900_DST0_20190628_231151.825,.tdms,pohang__1khz_50ns_20deci_2m_UTC+0900_DST0_20190628_231151.825,1000.0,243,648
pohang,pohang,pohang,noise,/home/ted1204/MS_Detection_Datamaker/MS_datamaker_PH/data/noise/1khz_50ns_20deci_2m_UTC+0900_DST0_20190629_212851.825.tdms,1khz_50ns_20deci_2m_UTC+0900_DST0_20190629_212851.825.tdms,1khz_50ns_20deci_2m_UTC+0900_DST0_20190629_212851.825,.tdms,pohang__1khz_50ns_20deci_2m_UTC+0900_DST0_20190629_212851.825,1000.0,243,648
pohang,pohang,pohang,noise,/home/ted1204/MS_Detection_Datamaker/MS_datamaker_PH/data/noise/1khz_50ns_20deci_2m_UTC+0900_DST0_20190630_150051.825.tdms,1khz_50ns_20deci_2m_UTC+0900_DST0_20190630_150051.825.tdms,1khz_50ns_20deci_2m_UTC+0900_DST0_20190630_150051.825,.tdms,pohang__1khz_50ns_20deci_2m_UTC+0900_DST0_20190630_150051.825,1000.0,243,648
pohang,pohang,pohang,noise,/home/ted1204/MS_Detection_Datamaker/MS_datamaker_PH/data/noise/1khz_50ns_20deci_2m_UTC+0900_DST0_20190703_000351.825.tdms,1khz_50ns_20deci_2m_UTC+0900_DST0_20190703_000351.825.tdms,1khz_50ns_20deci_2m_UTC+0900_DST0_20190703_000351.825,.tdms,pohang__1khz_50ns_20deci_2m_UTC+0900_DST0_20190703_000351.825,1000.0,243,648
pohang,pohang,pohang,noise,/home/ted1204/MS_Detection_Datamaker/MS_datamaker_PH/data/noise/1khz_50ns_20deci_2m_UTC+0900_DST0_20190704_000121.825.tdms,1khz_50ns_20deci_2m_UTC+0900_DST0_20190704_000121.825.tdms,1khz_50ns_20deci_2m_UTC+0900_DST0_20190704_000121.825,.tdms,pohang__1khz_50ns_20deci_2m_UTC+0900_DST0_20190704_000121.825,1000.0,243,648
pohang,pohang,pohang,noise,/home/ted1204/MS_Detection_Datamaker/MS_datamaker_PH/data/noise/1khz_50ns_20deci_2m_UTC+0900_DST0_20190704_074551.825.tdms,1khz_50ns_20deci_2m_UTC+0900_DST0_20190704_074551.825.tdms,1khz_50ns_20deci_2m_UTC+0900_DST0_20190704_074551.825,.tdms,pohang__1khz_50ns_20deci_2m_UTC+0900_DST0_20190704_074551.825,1000.0,243,648
pohang,pohang,pohang,noise,/home/ted1204/MS_Detection_Datamaker/MS_datamaker_PH/data/noise/1khz_50ns_20deci_2m_UTC+0900_DST0_20190704_080651.825.tdms,1khz_50ns_20deci_2m_UTC+0900_DST0_20190704_080651.825.tdms,1khz_50ns_20deci_2m_UTC+0900_DST0_20190704_080651.825,.tdms,pohang__1khz_50ns_20deci_2m_UTC+0900_DST0_20190704_080651.825,1000.0,243,648
pohang,pohang,pohang,noise,/home/ted1204/MS_Detection_Datamaker/MS_datamaker_PH/data/noise/1khz_50ns_20deci_2m_UTC+0900_DST0_20190710_184051.825.tdms,1khz_50ns_20deci_2m_UTC+0900_DST0_20190710_184051.825.tdms,1khz_50ns_20deci_2m_UTC+0900_DST0_20190710_184051.825,.tdms,pohang__1khz_50ns_20deci_2m_UTC+0900_DST0_20190710_184051.825,1000.0,243,648
pohang,pohang,pohang,noise,/home/ted1204/MS_Detection_Datamaker/MS_datamaker_PH/data/noise/1khz_50ns_20deci_2m_UTC+0900_DST0_20190710_211951.825.tdms,1khz_50ns_20deci_2m_UTC+0900_DST0_20190710_211951.825.tdms,1khz_50ns_20deci_2m_UTC+0900_DST0_20190710_211951.825,.tdms,pohang__1khz_50ns_20deci_2m_UTC+0900_DST0_20190710_211951.825,1000.0,243,648
pohang,pohang,pohang,noise,/home/ted1204/MS_Detection_Datamaker/MS_datamaker_PH/data/noise/1khz_50ns_20deci_2m_UTC_20190713_150229.968.tdms,1khz_50ns_20deci_2m_UTC_20190713_150229.968.tdms,1khz_50ns_20deci_2m_UTC_20190713_150229.968,.tdms,pohang__1khz_50ns_20deci_2m_UTC_20190713_150229.968,1000.0,243,648
pohang,pohang,pohang,noise,/home/ted1204/MS_Detection_Datamaker/MS_datamaker_PH/data/noise/1khz_50ns_20deci_2m_UTC_20190714_091229.949.tdms,1khz_50ns_20deci_2m_UTC_20190714_091229.949.tdms,1khz_50ns_20deci_2m_UTC_20190714_091229.949,.tdms,pohang__1khz_50ns_20deci_2m_UTC_20190714_091229.949,1000.0,243,648
pohang,pohang,pohang,noise,/home/ted1204/MS_Detection_Datamaker/MS_datamaker_PH/data/noise/1khz_50ns_20deci_2m_UTC_20190715_155459.917.tdms,1khz_50ns_20deci_2m_UTC_20190715_155459.917.tdms,1khz_50ns_20deci_2m_UTC_20190715_155459.917,.tdms,pohang__1khz_50ns_20deci_2m_UTC_20190715_155459.917,1000.0,243,648
pohang,pohang,pohang,noise,/home/ted1204/MS_Detection_Datamaker/MS_datamaker_PH/data/noise/1khz_50ns_20deci_2m_UTC_20190717_111459.873.tdms,1khz_50ns_20deci_2m_UTC_20190717_111459.873.tdms,1khz_50ns_20deci_2m_UTC_20190717_111459.873,.tdms,pohang__1khz_50ns_20deci_2m_UTC_20190717_111459.873,1000.0,243,648
pohang,pohang,pohang,noise,/home/ted1204/MS_Detection_Datamaker/MS_datamaker_PH/data/noise/1khz_50ns_20deci_2m_UTC_20190720_003129.809.tdms,1khz_50ns_20deci_2m_UTC_20190720_003129.809.tdms,1khz_50ns_20deci_2m_UTC_20190720_003129.809,.tdms,pohang__1khz_50ns_20deci_2m_UTC_20190720_003129.809,1000.0,243,648
pohang,pohang,pohang,noise,/home/ted1204/MS_Detection_Datamaker/MS_datamaker_PH/data/noise/1khz_50ns_20deci_2m_UTC_20190720_101829.799.tdms,1khz_50ns_20deci_2m_UTC_20190720_101829.799.tdms,1khz_50ns_20deci_2m_UTC_20190720_101829.799,.tdms,pohang__1khz_50ns_20deci_2m_UTC_20190720_101829.799,1000.0,243,648
pohang,pohang,pohang,noise,/home/ted1204/MS_Detection_Datamaker/MS_datamaker_PH/data/noise/1khz_50ns_20deci_2m_UTC_20190721_033829.781.tdms,1khz_50ns_20deci_2m_UTC_20190721_033829.781.tdms,1khz_50ns_20deci_2m_UTC_20190721_033829.781,.tdms,pohang__1khz_50ns_20deci_2m_UTC_20190721_033829.781,1000.0,243,648
pohang,pohang,pohang,noise,/home/ted1204/MS_Detection_Datamaker/MS_datamaker_PH/data/noise/1khz_50ns_20deci_2m_UTC_20190722_111059.749.tdms,1khz_50ns_20deci_2m_UTC_20190722_111059.749.tdms,1khz_50ns_20deci_2m_UTC_20190722_111059.749,.tdms,pohang__1khz_50ns_20deci_2m_UTC_20190722_111059.749,1000.0,243,648
pohang,pohang,pohang,noise,/home/ted1204/MS_Detection_Datamaker/MS_datamaker_PH/data/noise/1khz_50ns_20deci_2m_UTC_20190723_144459.722.tdms,1khz_50ns_20deci_2m_UTC_20190723_144459.722.tdms,1khz_50ns_20deci_2m_UTC_20190723_144459.722,.tdms,pohang__1khz_50ns_20deci_2m_UTC_20190723_144459.722,1000.0,243,648
pohang,pohang,pohang,noise,/home/ted1204/MS_Detection_Datamaker/MS_datamaker_PH/data/noise/1khz_50ns_20deci_2m_UTC_20190723_155929.721.tdms,1khz_50ns_20deci_2m_UTC_20190723_155929.721.tdms,1khz_50ns_20deci_2m_UTC_20190723_155929.721,.tdms,pohang__1khz_50ns_20deci_2m_UTC_20190723_155929.721,1000.0,243,648
pohang,pohang,pohang,noise,/home/ted1204/MS_Detection_Datamaker/MS_datamaker_PH/data/noise/1khz_50ns_20deci_2m_UTC_20190727_083859.634.tdms,1khz_50ns_20deci_2m_UTC_20190727_083859.634.tdms,1khz_50ns_20deci_2m_UTC_20190727_083859.634,.tdms,pohang__1khz_50ns_20deci_2m_UTC_20190727_083859.634,1000.0,243,648
pohang,pohang,pohang,noise,/home/ted1204/MS_Detection_Datamaker/MS_datamaker_PH/data/noise/1khz_50ns_20deci_2m_UTC_20190727_152159.628.tdms,1khz_50ns_20deci_2m_UTC_20190727_152159.628.tdms,1khz_50ns_20deci_2m_UTC_20190727_152159.628,.tdms,pohang__1khz_50ns_20deci_2m_UTC_20190727_152159.628,1000.0,243,648
pohang,pohang,pohang,noise,/home/ted1204/MS_Detection_Datamaker/MS_datamaker_PH/data/noise/1khz_50ns_20deci_2m_UTC_20190730_045929.567.tdms,1khz_50ns_20deci_2m_UTC_20190730_045929.567.tdms,1khz_50ns_20deci_2m_UTC_20190730_045929.567,.tdms,pohang__1khz_50ns_20deci_2m_UTC_20190730_045929.567,1000.0,243,648
pohang,pohang,pohang,noise,/home/ted1204/MS_Detection_Datamaker/MS_datamaker_PH/data/noise/1khz_50ns_20deci_2m_UTC_20190730_174129.555.tdms,1khz_50ns_20deci_2m_UTC_20190730_174129.555.tdms,1khz_50ns_20deci_2m_UTC_20190730_174129.555,.tdms,pohang__1khz_50ns_20deci_2m_UTC_20190730_174129.555,1000.0,243,648
pohang,pohang,pohang,noise,/home/ted1204/MS_Detection_Datamaker/MS_datamaker_PH/data/noise/1khz_50ns_20deci_2m_UTC_20190731_033859.545.tdms,1khz_50ns_20deci_2m_UTC_20190731_033859.545.tdms,1khz_50ns_20deci_2m_UTC_20190731_033859.545,.tdms,pohang__1khz_50ns_20deci_2m_UTC_20190731_033859.545,1000.0,243,648
pohang,pohang,pohang,noise,/home/ted1204/MS_Detection_Datamaker/MS_datamaker_PH/data/noise/1khz_50ns_20deci_2m_UTC_20190803_131759.467.tdms,1khz_50ns_20deci_2m_UTC_20190803_131759.467.tdms,1khz_50ns_20deci_2m_UTC_20190803_131759.467,.tdms,pohang__1khz_50ns_20deci_2m_UTC_20190803_131759.467,1000.0,243,648
pohang,pohang,pohang,noise,/home/ted1204/MS_Detection_Datamaker/MS_datamaker_PH/data/noise/1khz_50ns_20deci_2m_UTC_20190803_194959.461.tdms,1khz_50ns_20deci_2m_UTC_20190803_194959.461.tdms,1khz_50ns_20deci_2m_UTC_20190803_194959.461,.tdms,pohang__1khz_50ns_20deci_2m_UTC_20190803_194959.461,1000.0,243,648
pohang,pohang,pohang,noise,/home/ted1204/MS_Detection_Datamaker/MS_datamaker_PH/data/noise/1khz_50ns_20deci_2m_UTC_20190804_205629.436.tdms,1khz_50ns_20deci_2m_UTC_20190804_205629.436.tdms,1khz_50ns_20deci_2m_UTC_20190804_205629.436,.tdms,pohang__1khz_50ns_20deci_2m_UTC_20190804_205629.436,1000.0,243,648
pohang,pohang,pohang,noise,/home/ted1204/MS_Detection_Datamaker/MS_datamaker_PH/data/noise/1khz_50ns_20deci_2m_UTC_20190816_215000.000.tdms,1khz_50ns_20deci_2m_UTC_20190816_215000.000.tdms,1khz_50ns_20deci_2m_UTC_20190816_215000.000,.tdms,pohang__1khz_50ns_20deci_2m_UTC_20190816_215000.000,1000.0,243,648
pohang,pohang,pohang,noise,/home/ted1204/MS_Detection_Datamaker/MS_datamaker_PH/data/noise/1khz_50ns_20deci_2m_UTC_20190817_231830.000.tdms,1khz_50ns_20deci_2m_UTC_20190817_231830.000.tdms,1khz_50ns_20deci_2m_UTC_20190817_231830.000,.tdms,pohang__1khz_50ns_20deci_2m_UTC_20190817_231830.000,1000.0,243,648
pohang,pohang,pohang,noise,/home/ted1204/MS_Detection_Datamaker/MS_datamaker_PH/data/noise/1khz_50ns_20deci_2m_UTC_20190917_064230.000.tdms,1khz_50ns_20deci_2m_UTC_20190917_064230.000.tdms,1khz_50ns_20deci_2m_UTC_20190917_064230.000,.tdms,pohang__1khz_50ns_20deci_2m_UTC_20190917_064230.000,1000.0,243,648
pohang,pohang,pohang,noise,/home/ted1204/MS_Detection_Datamaker/MS_datamaker_PH/data/noise/1khz_50ns_20deci_2m_UTC_20190917_175500.000.tdms,1khz_50ns_20deci_2m_UTC_20190917_175500.000.tdms,1khz_50ns_20deci_2m_UTC_20190917_175500.000,.tdms,pohang__1khz_50ns_20deci_2m_UTC_20190917_175500.000,1000.0,243,648
pohang,pohang,pohang,noise,/home/ted1204/MS_Detection_Datamaker/MS_datamaker_PH/data/noise/1khz_50ns_20deci_2m_UTC_20190920_125430.000.tdms,1khz_50ns_20deci_2m_UTC_20190920_125430.000.tdms,1khz_50ns_20deci_2m_UTC_20190920_125430.000,.tdms,pohang__1khz_50ns_20deci_2m_UTC_20190920_125430.000,1000.0,243,648
pohang,pohang,pohang,noise,/home/ted1204/MS_Detection_Datamaker/MS_datamaker_PH/data/noise/1khz_50ns_20deci_2m_UTC_20190923_123730.000.tdms,1khz_50ns_20deci_2m_UTC_20190923_123730.000.tdms,1khz_50ns_20deci_2m_UTC_20190923_123730.000,.tdms,pohang__1khz_50ns_20deci_2m_UTC_20190923_123730.000,1000.0,243,648
pohang,pohang,pohang,noise,/home/ted1204/MS_Detection_Datamaker/MS_datamaker_PH/data/noise/1khz_50ns_20deci_2m_UTC_20190929_160500.000.tdms,1khz_50ns_20deci_2m_UTC_20190929_160500.000.tdms,1khz_50ns_20deci_2m_UTC_20190929_160500.000,.tdms,pohang__1khz_50ns_20deci_2m_UTC_20190929_160500.000,1000.0,243,648
pohang,pohang,pohang,noise,/home/ted1204/MS_Detection_Datamaker/MS_datamaker_PH/data/noise/1khz_50ns_20deci_2m_UTC_20190929_205900.000.tdms,1khz_50ns_20deci_2m_UTC_20190929_205900.000.tdms,1khz_50ns_20deci_2m_UTC_20190929_205900.000,.tdms,pohang__1khz_50ns_20deci_2m_UTC_20190929_205900.000,1000.0,243,648
pohang,pohang,pohang,noise,/home/ted1204/MS_Detection_Datamaker/MS_datamaker_PH/data/noise/1khz_50ns_20deci_2m_UTC_20190930_005630.000.tdms,1khz_50ns_20deci_2m_UTC_20190930_005630.000.tdms,1khz_50ns_20deci_2m_UTC_20190930_005630.000,.tdms,pohang__1khz_50ns_20deci_2m_UTC_20190930_005630.000,1000.0,243,648
pohang,pohang,pohang,unlabel,/home/ted1204/MS_Detection_Datamaker/MS_datamaker_PH/data/unlabel/1khz_50ns_20deci_2m_UTC+0900_DST0_20190522_180459.387.tdms,1khz_50ns_20deci_2m_UTC+0900_DST0_20190522_180459.387.tdms,1khz_50ns_20deci_2m_UTC+0900_DST0_20190522_180459.387,.tdms,pohang__1khz_50ns_20deci_2m_UTC+0900_DST0_20190522_180459.387,1000.0,243,648
pohang,pohang,pohang,unlabel,/home/ted1204/MS_Detection_Datamaker/MS_datamaker_PH/data/unlabel/1khz_50ns_20deci_2m_UTC+0900_DST0_20190524_114359.387.tdms,1khz_50ns_20deci_2m_UTC+0900_DST0_20190524_114359.387.tdms,1khz_50ns_20deci_2m_UTC+0900_DST0_20190524_114359.387,.tdms,pohang__1khz_50ns_20deci_2m_UTC+0900_DST0_20190524_114359.387,1000.0,243,648
pohang,pohang,pohang,unlabel,/home/ted1204/MS_Detection_Datamaker/MS_datamaker_PH/data/unlabel/1khz_50ns_20deci_2m_UTC+0900_DST0_20190526_053859.387.tdms,1khz_50ns_20deci_2m_UTC+0900_DST0_20190526_053859.387.tdms,1khz_50ns_20deci_2m_UTC+0900_DST0_20190526_053859.387,.tdms,pohang__1khz_50ns_20deci_2m_UTC+0900_DST0_20190526_053859.387,1000.0,243,648
pohang,pohang,pohang,unlabel,/home/ted1204/MS_Detection_Datamaker/MS_datamaker_PH/data/unlabel/1khz_50ns_20deci_2m_UTC+0900_DST0_20190526_214559.387.tdms,1khz_50ns_20deci_2m_UTC+0900_DST0_20190526_214559.387.tdms,1khz_50ns_20deci_2m_UTC+0900_DST0_20190526_214559.387,.tdms,pohang__1khz_50ns_20deci_2m_UTC+0900_DST0_20190526_214559.387,1000.0,243,648
pohang,pohang,pohang,unlabel,/home/ted1204/MS_Detection_Datamaker/MS_datamaker_PH/data/unlabel/1khz_50ns_20deci_2m_UTC+0900_DST0_20190527_063559.387.tdms,1khz_50ns_20deci_2m_UTC+0900_DST0_20190527_063559.387.tdms,1khz_50ns_20deci_2m_UTC+0900_DST0_20190527_063559.387,.tdms,pohang__1khz_50ns_20deci_2m_UTC+0900_DST0_20190527_063559.387,1000.0,243,648
pohang,pohang,pohang,unlabel,/home/ted1204/MS_Detection_Datamaker/MS_datamaker_PH/data/unlabel/1khz_50ns_20deci_2m_UTC+0900_DST0_20190527_141959.387.tdms,1khz_50ns_20deci_2m_UTC+0900_DST0_20190527_141959.387.tdms,1khz_50ns_20deci_2m_UTC+0900_DST0_20190527_141959.387,.tdms,pohang__1khz_50ns_20deci_2m_UTC+0900_DST0_20190527_141959.387,1000.0,243,648
pohang,pohang,pohang,unlabel,/home/ted1204/MS_Detection_Datamaker/MS_datamaker_PH/data/unlabel/1khz_50ns_20deci_2m_UTC+0900_DST0_20190527_202559.387.tdms,1khz_50ns_20deci_2m_UTC+0900_DST0_20190527_202559.387.tdms,1khz_50ns_20deci_2m_UTC+0900_DST0_20190527_202559.387,.tdms,pohang__1khz_50ns_20deci_2m_UTC+0900_DST0_20190527_202559.387,1000.0,243,648
pohang,pohang,pohang,unlabel,/home/ted1204/MS_Detection_Datamaker/MS_datamaker_PH/data/unlabel/1khz_50ns_20deci_2m_UTC+0900_DST0_20190528_003259.387.tdms,1khz_50ns_20deci_2m_UTC+0900_DST0_20190528_003259.387.tdms,1khz_50ns_20deci_2m_UTC+0900_DST0_20190528_003259.387,.tdms,pohang__1khz_50ns_20deci_2m_UTC+0900_DST0_20190528_003259.387,1000.0,243,648
pohang,pohang,pohang,unlabel,/home/ted1204/MS_Detection_Datamaker/MS_datamaker_PH/data/unlabel/1khz_50ns_20deci_2m_UTC+0900_DST0_20190529_042659.387.tdms,1khz_50ns_20deci_2m_UTC+0900_DST0_20190529_042659.387.tdms,1khz_50ns_20deci_2m_UTC+0900_DST0_20190529_042659.387,.tdms,pohang__1khz_50ns_20deci_2m_UTC+0900_DST0_20190529_042659.387,1000.0,243,648
pohang,pohang,pohang,unlabel,/home/ted1204/MS_Detection_Datamaker/MS_datamaker_PH/data/unlabel/1khz_50ns_20deci_2m_UTC+0900_DST0_20190530_050959.387.tdms,1khz_50ns_20deci_2m_UTC+0900_DST0_20190530_050959.387.tdms,1khz_50ns_20deci_2m_UTC+0900_DST0_20190530_050959.387,.tdms,pohang__1khz_50ns_20deci_2m_UTC+0900_DST0_20190530_050959.387,1000.0,243,648
pohang,pohang,pohang,unlabel,/home/ted1204/MS_Detection_Datamaker/MS_datamaker_PH/data/unlabel/1khz_50ns_20deci_2m_UTC+0900_DST0_20190601_033459.387.tdms,1khz_50ns_20deci_2m_UTC+0900_DST0_20190601_033459.387.tdms,1khz_50ns_20deci_2m_UTC+0900_DST0_20190601_033459.387,.tdms,pohang__1khz_50ns_20deci_2m_UTC+0900_DST0_20190601_033459.387,1000.0,243,648
pohang,pohang,pohang,unlabel,/home/ted1204/MS_Detection_Datamaker/MS_datamaker_PH/data/unlabel/1khz_50ns_20deci_2m_UTC+0900_DST0_20190602_021059.387.tdms,1khz_50ns_20deci_2m_UTC+0900_DST0_20190602_021059.387.tdms,1khz_50ns_20deci_2m_UTC+0900_DST0_20190602_021059.387,.tdms,pohang__1khz_50ns_20deci_2m_UTC+0900_DST0_20190602_021059.387,1000.0,243,648
pohang,pohang,pohang,unlabel,/home/ted1204/MS_Detection_Datamaker/MS_datamaker_PH/data/unlabel/1khz_50ns_20deci_2m_UTC+0900_DST0_20190603_075059.387.tdms,1khz_50ns_20deci_2m_UTC+0900_DST0_20190603_075059.387.tdms,1khz_50ns_20deci_2m_UTC+0900_DST0_20190603_075059.387,.tdms,pohang__1khz_50ns_20deci_2m_UTC+0900_DST0_20190603_075059.387,1000.0,243,648
pohang,pohang,pohang,unlabel,/home/ted1204/MS_Detection_Datamaker/MS_datamaker_PH/data/unlabel/1khz_50ns_20deci_2m_UTC+0900_DST0_20190605_091059.387.tdms,1khz_50ns_20deci_2m_UTC+0900_DST0_20190605_091059.387.tdms,1khz_50ns_20deci_2m_UTC+0900_DST0_20190605_091059.387,.tdms,pohang__1khz_50ns_20deci_2m_UTC+0900_DST0_20190605_091059.387,1000.0,243,648
pohang,pohang,pohang,unlabel,/home/ted1204/MS_Detection_Datamaker/MS_datamaker_PH/data/unlabel/1khz_50ns_20deci_2m_UTC+0900_DST0_20190606_034759.387.tdms,1khz_50ns_20deci_2m_UTC+0900_DST0_20190606_034759.387.tdms,1khz_50ns_20deci_2m_UTC+0900_DST0_20190606_034759.387,.tdms,pohang__1khz_50ns_20deci_2m_UTC+0900_DST0_20190606_034759.387,1000.0,243,648
pohang,pohang,pohang,unlabel,/home/ted1204/MS_Detection_Datamaker/MS_datamaker_PH/data/unlabel/1khz_50ns_20deci_2m_UTC+0900_DST0_20190606_073059.387.tdms,1khz_50ns_20deci_2m_UTC+0900_DST0_20190606_073059.387.tdms,1khz_50ns_20deci_2m_UTC+0900_DST0_20190606_073059.387,.tdms,pohang__1khz_50ns_20deci_2m_UTC+0900_DST0_20190606_073059.387,1000.0,243,648
pohang,pohang,pohang,unlabel,/home/ted1204/MS_Detection_Datamaker/MS_datamaker_PH/data/unlabel/1khz_50ns_20deci_2m_UTC+0900_DST0_20190607_103859.387.tdms,1khz_50ns_20deci_2m_UTC+0900_DST0_20190607_103859.387.tdms,1khz_50ns_20deci_2m_UTC+0900_DST0_20190607_103859.387,.tdms,pohang__1khz_50ns_20deci_2m_UTC+0900_DST0_20190607_103859.387,1000.0,243,648
pohang,pohang,pohang,unlabel,/home/ted1204/MS_Detection_Datamaker/MS_datamaker_PH/data/unlabel/1khz_50ns_20deci_2m_UTC+0900_DST0_20190607_232559.387.tdms,1khz_50ns_20deci_2m_UTC+0900_DST0_20190607_232559.387.tdms,1khz_50ns_20deci_2m_UTC+0900_DST0_20190607_232559.387,.tdms,pohang__1khz_50ns_20deci_2m_UTC+0900_DST0_20190607_232559.387,1000.0,243,648
pohang,pohang,pohang,unlabel,/home/ted1204/MS_Detection_Datamaker/MS_datamaker_PH/data/unlabel/1khz_50ns_20deci_2m_UTC+0900_DST0_20190612_011159.387.tdms,1khz_50ns_20deci_2m_UTC+0900_DST0_20190612_011159.387.tdms,1khz_50ns_20deci_2m_UTC+0900_DST0_20190612_011159.387,.tdms,pohang__1khz_50ns_20deci_2m_UTC+0900_DST0_20190612_011159.387,1000.0,243,648
pohang,pohang,pohang,unlabel,/home/ted1204/MS_Detection_Datamaker/MS_datamaker_PH/data/unlabel/1khz_50ns_20deci_2m_UTC+0900_DST0_20190612_053459.387.tdms,1khz_50ns_20deci_2m_UTC+0900_DST0_20190612_053459.387.tdms,1khz_50ns_20deci_2m_UTC+0900_DST0_20190612_053459.387,.tdms,pohang__1khz_50ns_20deci_2m_UTC+0900_DST0_20190612_053459.387,1000.0,243,648
pohang,pohang,pohang,unlabel,/home/ted1204/MS_Detection_Datamaker/MS_datamaker_PH/data/unlabel/1khz_50ns_20deci_2m_UTC+0900_DST0_20190612_201559.387.tdms,1khz_50ns_20deci_2m_UTC+0900_DST0_20190612_201559.387.tdms,1khz_50ns_20deci_2m_UTC+0900_DST0_20190612_201559.387,.tdms,pohang__1khz_50ns_20deci_2m_UTC+0900_DST0_20190612_201559.387,1000.0,243,648
pohang,pohang,pohang,unlabel,/home/ted1204/MS_Detection_Datamaker/MS_datamaker_PH/data/unlabel/1khz_50ns_20deci_2m_UTC+0900_DST0_20190612_203359.387.tdms,1khz_50ns_20deci_2m_UTC+0900_DST0_20190612_203359.387.tdms,1khz_50ns_20deci_2m_UTC+0900_DST0_20190612_203359.387,.tdms,pohang__1khz_50ns_20deci_2m_UTC+0900_DST0_20190612_203359.387,1000.0,243,648
pohang,pohang,pohang,unlabel,/home/ted1204/MS_Detection_Datamaker/MS_datamaker_PH/data/unlabel/1khz_50ns_20deci_2m_UTC+0900_DST0_20190613_211900.986.tdms,1khz_50ns_20deci_2m_UTC+0900_DST0_20190613_211900.986.tdms,1khz_50ns_20deci_2m_UTC+0900_DST0_20190613_211900.986,.tdms,pohang__1khz_50ns_20deci_2m_UTC+0900_DST0_20190613_211900.986,1000.0,243,648
pohang,pohang,pohang,unlabel,/home/ted1204/MS_Detection_Datamaker/MS_datamaker_PH/data/unlabel/1khz_50ns_20deci_2m_UTC+0900_DST0_20190614_222221.825.tdms,1khz_50ns_20deci_2m_UTC+0900_DST0_20190614_222221.825.tdms,1khz_50ns_20deci_2m_UTC+0900_DST0_20190614_222221.825,.tdms,pohang__1khz_50ns_20deci_2m_UTC+0900_DST0_20190614_222221.825,1000.0,243,648
pohang,pohang,pohang,unlabel,/home/ted1204/MS_Detection_Datamaker/MS_datamaker_PH/data/unlabel/1khz_50ns_20deci_2m_UTC+0900_DST0_20190615_065651.825.tdms,1khz_50ns_20deci_2m_UTC+0900_DST0_20190615_065651.825.tdms,1khz_50ns_20deci_2m_UTC+0900_DST0_20190615_065651.825,.tdms,pohang__1khz_50ns_20deci_2m_UTC+0900_DST0_20190615_065651.825,1000.0,243,648
pohang,pohang,pohang,unlabel,/home/ted1204/MS_Detection_Datamaker/MS_datamaker_PH/data/unlabel/1khz_50ns_20deci_2m_UTC+0900_DST0_20190615_183951.825.tdms,1khz_50ns_20deci_2m_UTC+0900_DST0_20190615_183951.825.tdms,1khz_50ns_20deci_2m_UTC+0900_DST0_20190615_183951.825,.tdms,pohang__1khz_50ns_20deci_2m_UTC+0900_DST0_20190615_183951.825,1000.0,243,648
pohang,pohang,pohang,unlabel,/home/ted1204/MS_Detection_Datamaker/MS_datamaker_PH/data/unlabel/1khz_50ns_20deci_2m_UTC+0900_DST0_20190615_222221.825.tdms,1khz_50ns_20deci_2m_UTC+0900_DST0_20190615_222221.825.tdms,1khz_50ns_20deci_2m_UTC+0900_DST0_20190615_222221.825,.tdms,pohang__1khz_50ns_20deci_2m_UTC+0900_DST0_20190615_222221.825,1000.0,243,648
pohang,pohang,pohang,unlabel,/home/ted1204/MS_Detection_Datamaker/MS_datamaker_PH/data/unlabel/1khz_50ns_20deci_2m_UTC+0900_DST0_20190616_084321.825.tdms,1khz_50ns_20deci_2m_UTC+0900_DST0_20190616_084321.825.tdms,1khz_50ns_20deci_2m_UTC+0900_DST0_20190616_084321.825,.tdms,pohang__1khz_50ns_20deci_2m_UTC+0900_DST0_20190616_084321.825,1000.0,243,648
pohang,pohang,pohang,unlabel,/home/ted1204/MS_Detection_Datamaker/MS_datamaker_PH/data/unlabel/1khz_50ns_20deci_2m_UTC+0900_DST0_20190617_122051.825.tdms,1khz_50ns_20deci_2m_UTC+0900_DST0_20190617_122051.825.tdms,1khz_50ns_20deci_2m_UTC+0900_DST0_20190617_122051.825,.tdms,pohang__1khz_50ns_20deci_2m_UTC+0900_DST0_20190617_122051.825,1000.0,243,648
pohang,pohang,pohang,unlabel,/home/ted1204/MS_Detection_Datamaker/MS_datamaker_PH/data/unlabel/1khz_50ns_20deci_2m_UTC+0900_DST0_20190618_002851.825.tdms,1khz_50ns_20deci_2m_UTC+0900_DST0_20190618_002851.825.tdms,1khz_50ns_20deci_2m_UTC+0900_DST0_20190618_002851.825,.tdms,pohang__1khz_50ns_20deci_2m_UTC+0900_DST0_20190618_002851.825,1000.0,243,648
pohang,pohang,pohang,unlabel,/home/ted1204/MS_Detection_Datamaker/MS_datamaker_PH/data/unlabel/1khz_50ns_20deci_2m_UTC+0900_DST0_20190618_182121.825.tdms,1khz_50ns_20deci_2m_UTC+0900_DST0_20190618_182121.825.tdms,1khz_50ns_20deci_2m_UTC+0900_DST0_20190618_182121.825,.tdms,pohang__1khz_50ns_20deci_2m_UTC+0900_DST0_20190618_182121.825,1000.0,243,648
pohang,pohang,pohang,unlabel,/home/ted1204/MS_Detection_Datamaker/MS_datamaker_PH/data/unlabel/1khz_50ns_20deci_2m_UTC+0900_DST0_20190619_113821.825.tdms,1khz_50ns_20deci_2m_UTC+0900_DST0_20190619_113821.825.tdms,1khz_50ns_20deci_2m_UTC+0900_DST0_20190619_113821.825,.tdms,pohang__1khz_50ns_20deci_2m_UTC+0900_DST0_20190619_113821.825,1000.0,243,648
pohang,pohang,pohang,unlabel,/home/ted1204/MS_Detection_Datamaker/MS_datamaker_PH/data/unlabel/1khz_50ns_20deci_2m_UTC+0900_DST0_20190620_025821.825.tdms,1khz_50ns_20deci_2m_UTC+0900_DST0_20190620_025821.825.tdms,1khz_50ns_20deci_2m_UTC+0900_DST0_20190620_025821.825,.tdms,pohang__1khz_50ns_20deci_2m_UTC+0900_DST0_20190620_025821.825,1000.0,243,648
pohang,pohang,pohang,unlabel,/home/ted1204/MS_Detection_Datamaker/MS_datamaker_PH/data/unlabel/1khz_50ns_20deci_2m_UTC+0900_DST0_20190620_162621.825.tdms,1khz_50ns_20deci_2m_UTC+0900_DST0_20190620_162621.825.tdms,1khz_50ns_20deci_2m_UTC+0900_DST0_20190620_162621.825,.tdms,pohang__1khz_50ns_20deci_2m_UTC+0900_DST0_20190620_162621.825,1000.0,243,648
pohang,pohang,pohang,unlabel,/home/ted1204/MS_Detection_Datamaker/MS_datamaker_PH/data/unlabel/1khz_50ns_20deci_2m_UTC+0900_DST0_20190621_095521.825.tdms,1khz_50ns_20deci_2m_UTC+0900_DST0_20190621_095521.825.tdms,1khz_50ns_20deci_2m_UTC+0900_DST0_20190621_095521.825,.tdms,pohang__1khz_50ns_20deci_2m_UTC+0900_DST0_20190621_095521.825,1000.0,243,648
pohang,pohang,pohang,unlabel,/home/ted1204/MS_Detection_Datamaker/MS_datamaker_PH/data/unlabel/1khz_50ns_20deci_2m_UTC+0900_DST0_20190621_184551.825.tdms,1khz_50ns_20deci_2m_UTC+0900_DST0_20190621_184551.825.tdms,1khz_50ns_20deci_2m_UTC+0900_DST0_20190621_184551.825,.tdms,pohang__1khz_50ns_20deci_2m_UTC+0900_DST0_20190621_184551.825,1000.0,243,648
pohang,pohang,pohang,unlabel,/home/ted1204/MS_Detection_Datamaker/MS_datamaker_PH/data/unlabel/1khz_50ns_20deci_2m_UTC+0900_DST0_20190621_221021.825.tdms,1khz_50ns_20deci_2m_UTC+0900_DST0_20190621_221021.825.tdms,1khz_50ns_20deci_2m_UTC+0900_DST0_20190621_221021.825,.tdms,pohang__1khz_50ns_20deci_2m_UTC+0900_DST0_20190621_221021.825,1000.0,243,648
pohang,pohang,pohang,unlabel,/home/ted1204/MS_Detection_Datamaker/MS_datamaker_PH/data/unlabel/1khz_50ns_20deci_2m_UTC+0900_DST0_20190622_043721.825.tdms,1khz_50ns_20deci_2m_UTC+0900_DST0_20190622_043721.825.tdms,1khz_50ns_20deci_2m_UTC+0900_DST0_20190622_043721.825,.tdms,pohang__1khz_50ns_20deci_2m_UTC+0900_DST0_20190622_043721.825,1000.0,243,648
pohang,pohang,pohang,unlabel,/home/ted1204/MS_Detection_Datamaker/MS_datamaker_PH/data/unlabel/1khz_50ns_20deci_2m_UTC+0900_DST0_20190623_210221.825.tdms,1khz_50ns_20deci_2m_UTC+0900_DST0_20190623_210221.825.tdms,1khz_50ns_20deci_2m_UTC+0900_DST0_20190623_210221.825,.tdms,pohang__1khz_50ns_20deci_2m_UTC+0900_DST0_20190623_210221.825,1000.0,243,648
pohang,pohang,pohang,unlabel,/home/ted1204/MS_Detection_Datamaker/MS_datamaker_PH/data/unlabel/1khz_50ns_20deci_2m_UTC+0900_DST0_20190624_161251.825.tdms,1khz_50ns_20deci_2m_UTC+0900_DST0_20190624_161251.825.tdms,1khz_50ns_20deci_2m_UTC+0900_DST0_20190624_161251.825,.tdms,pohang__1khz_50ns_20deci_2m_UTC+0900_DST0_20190624_161251.825,1000.0,243,648
pohang,pohang,pohang,unlabel,/home/ted1204/MS_Detection_Datamaker/MS_datamaker_PH/data/unlabel/1khz_50ns_20deci_2m_UTC+0900_DST0_20190625_161521.825.tdms,1khz_50ns_20deci_2m_UTC+0900_DST0_20190625_161521.825.tdms,1khz_50ns_20deci_2m_UTC+0900_DST0_20190625_161521.825,.tdms,pohang__1khz_50ns_20deci_2m_UTC+0900_DST0_20190625_161521.825,1000.0,243,648
pohang,pohang,pohang,unlabel,/home/ted1204/MS_Detection_Datamaker/MS_datamaker_PH/data/unlabel/1khz_50ns_20deci_2m_UTC+0900_DST0_20190628_121221.825.tdms,1khz_50ns_20deci_2m_UTC+0900_DST0_20190628_121221.825.tdms,1khz_50ns_20deci_2m_UTC+0900_DST0_20190628_121221.825,.tdms,pohang__1khz_50ns_20deci_2m_UTC+0900_DST0_20190628_121221.825,1000.0,243,648
pohang,pohang,pohang,unlabel,/home/ted1204/MS_Detection_Datamaker/MS_datamaker_PH/data/unlabel/1khz_50ns_20deci_2m_UTC+0900_DST0_20190628_141251.825.tdms,1khz_50ns_20deci_2m_UTC+0900_DST0_20190628_141251.825.tdms,1khz_50ns_20deci_2m_UTC+0900_DST0_20190628_141251.825,.tdms,pohang__1khz_50ns_20deci_2m_UTC+0900_DST0_20190628_141251.825,1000.0,243,648
pohang,pohang,pohang,unlabel,/home/ted1204/MS_Detection_Datamaker/MS_datamaker_PH/data/unlabel/1khz_50ns_20deci_2m_UTC+0900_DST0_20190628_161851.825.tdms,1khz_50ns_20deci_2m_UTC+0900_DST0_20190628_161851.825.tdms,1khz_50ns_20deci_2m_UTC+0900_DST0_20190628_161851.825,.tdms,pohang__1khz_50ns_20deci_2m_UTC+0900_DST0_20190628_161851.825,1000.0,243,648
pohang,pohang,pohang,unlabel,/home/ted1204/MS_Detection_Datamaker/MS_datamaker_PH/data/unlabel/1khz_50ns_20deci_2m_UTC+0900_DST0_20190629_033651.825.tdms,1khz_50ns_20deci_2m_UTC+0900_DST0_20190629_033651.825.tdms,1khz_50ns_20deci_2m_UTC+0900_DST0_20190629_033651.825,.tdms,pohang__1khz_50ns_20deci_2m_UTC+0900_DST0_20190629_033651.825,1000.0,243,648
pohang,pohang,pohang,unlabel,/home/ted1204/MS_Detection_Datamaker/MS_datamaker_PH/data/unlabel/1khz_50ns_20deci_2m_UTC+0900_DST0_20190629_081351.825.tdms,1khz_50ns_20deci_2m_UTC+0900_DST0_20190629_081351.825.tdms,1khz_50ns_20deci_2m_UTC+0900_DST0_20190629_081351.825,.tdms,pohang__1khz_50ns_20deci_2m_UTC+0900_DST0_20190629_081351.825,1000.0,243,648
pohang,pohang,pohang,unlabel,/home/ted1204/MS_Detection_Datamaker/MS_datamaker_PH/data/unlabel/1khz_50ns_20deci_2m_UTC+0900_DST0_20190629_085651.825.tdms,1khz_50ns_20deci_2m_UTC+0900_DST0_20190629_085651.825.tdms,1khz_50ns_20deci_2m_UTC+0900_DST0_20190629_085651.825,.tdms,pohang__1khz_50ns_20deci_2m_UTC+0900_DST0_20190629_085651.825,1000.0,243,648
pohang,pohang,pohang,unlabel,/home/ted1204/MS_Detection_Datamaker/MS_datamaker_PH/data/unlabel/1khz_50ns_20deci_2m_UTC+0900_DST0_20190629_194621.825.tdms,1khz_50ns_20deci_2m_UTC+0900_DST0_20190629_194621.825.tdms,1khz_50ns_20deci_2m_UTC+0900_DST0_20190629_194621.825,.tdms,pohang__1khz_50ns_20deci_2m_UTC+0900_DST0_20190629_194621.825,1000.0,243,648
pohang,pohang,pohang,unlabel,/home/ted1204/MS_Detection_Datamaker/MS_datamaker_PH/data/unlabel/1khz_50ns_20deci_2m_UTC+0900_DST0_20190630_061951.825.tdms,1khz_50ns_20deci_2m_UTC+0900_DST0_20190630_061951.825.tdms,1khz_50ns_20deci_2m_UTC+0900_DST0_20190630_061951.825,.tdms,pohang__1khz_50ns_20deci_2m_UTC+0900_DST0_20190630_061951.825,1000.0,243,648
pohang,pohang,pohang,unlabel,/home/ted1204/MS_Detection_Datamaker/MS_datamaker_PH/data/unlabel/1khz_50ns_20deci_2m_UTC+0900_DST0_20190630_173221.825.tdms,1khz_50ns_20deci_2m_UTC+0900_DST0_20190630_173221.825.tdms,1khz_50ns_20deci_2m_UTC+0900_DST0_20190630_173221.825,.tdms,pohang__1khz_50ns_20deci_2m_UTC+0900_DST0_20190630_173221.825,1000.0,243,648
pohang,pohang,pohang,unlabel,/home/ted1204/MS_Detection_Datamaker/MS_datamaker_PH/data/unlabel/1khz_50ns_20deci_2m_UTC+0900_DST0_20190701_014821.825.tdms,1khz_50ns_20deci_2m_UTC+0900_DST0_20190701_014821.825.tdms,1khz_50ns_20deci_2m_UTC+0900_DST0_20190701_014821.825,.tdms,pohang__1khz_50ns_20deci_2m_UTC+0900_DST0_20190701_014821.825,1000.0,243,648
pohang,pohang,pohang,unlabel,/home/ted1204/MS_Detection_Datamaker/MS_datamaker_PH/data/unlabel/1khz_50ns_20deci_2m_UTC+0900_DST0_20190701_070651.825.tdms,1khz_50ns_20deci_2m_UTC+0900_DST0_20190701_070651.825.tdms,1khz_50ns_20deci_2m_UTC+0900_DST0_20190701_070651.825,.tdms,pohang__1khz_50ns_20deci_2m_UTC+0900_DST0_20190701_070651.825,1000.0,243,648
pohang,pohang,pohang,unlabel,/home/ted1204/MS_Detection_Datamaker/MS_datamaker_PH/data/unlabel/1khz_50ns_20deci_2m_UTC+0900_DST0_20190701_163451.825.tdms,1khz_50ns_20deci_2m_UTC+0900_DST0_20190701_163451.825.tdms,1khz_50ns_20deci_2m_UTC+0900_DST0_20190701_163451.825,.tdms,pohang__1khz_50ns_20deci_2m_UTC+0900_DST0_20190701_163451.825,1000.0,243,648
pohang,pohang,pohang,unlabel,/home/ted1204/MS_Detection_Datamaker/MS_datamaker_PH/data/unlabel/1khz_50ns_20deci_2m_UTC+0900_DST0_20190701_170051.825.tdms,1khz_50ns_20deci_2m_UTC+0900_DST0_20190701_170051.825.tdms,1khz_50ns_20deci_2m_UTC+0900_DST0_20190701_170051.825,.tdms,pohang__1khz_50ns_20deci_2m_UTC+0900_DST0_20190701_170051.825,1000.0,243,648
pohang,pohang,pohang,unlabel,/home/ted1204/MS_Detection_Datamaker/MS_datamaker_PH/data/unlabel/1khz_50ns_20deci_2m_UTC+0900_DST0_20190702_005951.825.tdms,1khz_50ns_20deci_2m_UTC+0900_DST0_20190702_005951.825.tdms,1khz_50ns_20deci_2m_UTC+0900_DST0_20190702_005951.825,.tdms,pohang__1khz_50ns_20deci_2m_UTC+0900_DST0_20190702_005951.825,1000.0,243,648
pohang,pohang,pohang,unlabel,/home/ted1204/MS_Detection_Datamaker/MS_datamaker_PH/data/unlabel/1khz_50ns_20deci_2m_UTC+0900_DST0_20190702_053421.825.tdms,1khz_50ns_20deci_2m_UTC+0900_DST0_20190702_053421.825.tdms,1khz_50ns_20deci_2m_UTC+0900_DST0_20190702_053421.825,.tdms,pohang__1khz_50ns_20deci_2m_UTC+0900_DST0_20190702_053421.825,1000.0,243,648
pohang,pohang,pohang,unlabel,/home/ted1204/MS_Detection_Datamaker/MS_datamaker_PH/data/unlabel/1khz_50ns_20deci_2m_UTC+0900_DST0_20190703_104451.825.tdms,1khz_50ns_20deci_2m_UTC+0900_DST0_20190703_104451.825.tdms,1khz_50ns_20deci_2m_UTC+0900_DST0_20190703_104451.825,.tdms,pohang__1khz_50ns_20deci_2m_UTC+0900_DST0_20190703_104451.825,1000.0,243,648
pohang,pohang,pohang,unlabel,/home/ted1204/MS_Detection_Datamaker/MS_datamaker_PH/data/unlabel/1khz_50ns_20deci_2m_UTC+0900_DST0_20190703_133321.825.tdms,1khz_50ns_20deci_2m_UTC+0900_DST0_20190703_133321.825.tdms,1khz_50ns_20deci_2m_UTC+0900_DST0_20190703_133321.825,.tdms,pohang__1khz_50ns_20deci_2m_UTC+0900_DST0_20190703_133321.825,1000.0,243,648
pohang,pohang,pohang,unlabel,/home/ted1204/MS_Detection_Datamaker/MS_datamaker_PH/data/unlabel/1khz_50ns_20deci_2m_UTC+0900_DST0_20190703_173251.825.tdms,1khz_50ns_20deci_2m_UTC+0900_DST0_20190703_173251.825.tdms,1khz_50ns_20deci_2m_UTC+0900_DST0_20190703_173251.825,.tdms,pohang__1khz_50ns_20deci_2m_UTC+0900_DST0_20190703_173251.825,1000.0,243,648
pohang,pohang,pohang,unlabel,/home/ted1204/MS_Detection_Datamaker/MS_datamaker_PH/data/unlabel/1khz_50ns_20deci_2m_UTC+0900_DST0_20190703_185321.825.tdms,1khz_50ns_20deci_2m_UTC+0900_DST0_20190703_185321.825.tdms,1khz_50ns_20deci_2m_UTC+0900_DST0_20190703_185321.825,.tdms,pohang__1khz_50ns_20deci_2m_UTC+0900_DST0_20190703_185321.825,1000.0,243,648
pohang,pohang,pohang,unlabel,/home/ted1204/MS_Detection_Datamaker/MS_datamaker_PH/data/unlabel/1khz_50ns_20deci_2m_UTC+0900_DST0_20190703_213651.825.tdms,1khz_50ns_20deci_2m_UTC+0900_DST0_20190703_213651.825.tdms,1khz_50ns_20deci_2m_UTC+0900_DST0_20190703_213651.825,.tdms,pohang__1khz_50ns_20deci_2m_UTC+0900_DST0_20190703_213651.825,1000.0,243,648
pohang,pohang,pohang,unlabel,/home/ted1204/MS_Detection_Datamaker/MS_datamaker_PH/data/unlabel/1khz_50ns_20deci_2m_UTC+0900_DST0_20190703_225021.825.tdms,1khz_50ns_20deci_2m_UTC+0900_DST0_20190703_225021.825.tdms,1khz_50ns_20deci_2m_UTC+0900_DST0_20190703_225021.825,.tdms,pohang__1khz_50ns_20deci_2m_UTC+0900_DST0_20190703_225021.825,1000.0,243,648
pohang,pohang,pohang,unlabel,/home/ted1204/MS_Detection_Datamaker/MS_datamaker_PH/data/unlabel/1khz_50ns_20deci_2m_UTC+0900_DST0_20190704_123051.825.tdms,1khz_50ns_20deci_2m_UTC+0900_DST0_20190704_123051.825.tdms,1khz_50ns_20deci_2m_UTC+0900_DST0_20190704_123051.825,.tdms,pohang__1khz_50ns_20deci_2m_UTC+0900_DST0_20190704_123051.825,1000.0,243,648
pohang,pohang,pohang,unlabel,/home/ted1204/MS_Detection_Datamaker/MS_datamaker_PH/data/unlabel/1khz_50ns_20deci_2m_UTC+0900_DST0_20190706_031751.825.tdms,1khz_50ns_20deci_2m_UTC+0900_DST0_20190706_031751.825.tdms,1khz_50ns_20deci_2m_UTC+0900_DST0_20190706_031751.825,.tdms,pohang__1khz_50ns_20deci_2m_UTC+0900_DST0_20190706_031751.825,1000.0,243,648
pohang,pohang,pohang,unlabel,/home/ted1204/MS_Detection_Datamaker/MS_datamaker_PH/data/unlabel/1khz_50ns_20deci_2m_UTC+0900_DST0_20190707_121651.825.tdms,1khz_50ns_20deci_2m_UTC+0900_DST0_20190707_121651.825.tdms,1khz_50ns_20deci_2m_UTC+0900_DST0_20190707_121651.825,.tdms,pohang__1khz_50ns_20deci_2m_UTC+0900_DST0_20190707_121651.825,1000.0,243,648
pohang,pohang,pohang,unlabel,/home/ted1204/MS_Detection_Datamaker/MS_datamaker_PH/data/unlabel/1khz_50ns_20deci_2m_UTC+0900_DST0_20190710_103851.825.tdms,1khz_50ns_20deci_2m_UTC+0900_DST0_20190710_103851.825.tdms,1khz_50ns_20deci_2m_UTC+0900_DST0_20190710_103851.825,.tdms,pohang__1khz_50ns_20deci_2m_UTC+0900_DST0_20190710_103851.825,1000.0,243,648
pohang,pohang,pohang,unlabel,/home/ted1204/MS_Detection_Datamaker/MS_datamaker_PH/data/unlabel/1khz_50ns_20deci_2m_UTC+0900_DST0_20190710_152851.825.tdms,1khz_50ns_20deci_2m_UTC+0900_DST0_20190710_152851.825.tdms,1khz_50ns_20deci_2m_UTC+0900_DST0_20190710_152851.825,.tdms,pohang__1khz_50ns_20deci_2m_UTC+0900_DST0_20190710_152851.825,1000.0,243,648
pohang,pohang,pohang,unlabel,/home/ted1204/MS_Detection_Datamaker/MS_datamaker_PH/data/unlabel/1khz_50ns_20deci_2m_UTC+0900_DST0_20190710_234621.825.tdms,1khz_50ns_20deci_2m_UTC+0900_DST0_20190710_234621.825.tdms,1khz_50ns_20deci_2m_UTC+0900_DST0_20190710_234621.825,.tdms,pohang__1khz_50ns_20deci_2m_UTC+0900_DST0_20190710_234621.825,1000.0,243,648
pohang,pohang,pohang,unlabel,/home/ted1204/MS_Detection_Datamaker/MS_datamaker_PH/data/unlabel/1khz_50ns_20deci_2m_UTC+0900_DST0_20190711_045121.825.tdms,1khz_50ns_20deci_2m_UTC+0900_DST0_20190711_045121.825.tdms,1khz_50ns_20deci_2m_UTC+0900_DST0_20190711_045121.825,.tdms,pohang__1khz_50ns_20deci_2m_UTC+0900_DST0_20190711_045121.825,1000.0,243,648
pohang,pohang,pohang,unlabel,/home/ted1204/MS_Detection_Datamaker/MS_datamaker_PH/data/unlabel/1khz_50ns_20deci_2m_UTC+0900_DST0_20190711_102651.825.tdms,1khz_50ns_20deci_2m_UTC+0900_DST0_20190711_102651.825.tdms,1khz_50ns_20deci_2m_UTC+0900_DST0_20190711_102651.825,.tdms,pohang__1khz_50ns_20deci_2m_UTC+0900_DST0_20190711_102651.825,1000.0,243,648
pohang,pohang,pohang,unlabel,/home/ted1204/MS_Detection_Datamaker/MS_datamaker_PH/data/unlabel/1khz_50ns_20deci_2m_UTC_20190712_135729.994.tdms,1khz_50ns_20deci_2m_UTC_20190712_135729.994.tdms,1khz_50ns_20deci_2m_UTC_20190712_135729.994,.tdms,pohang__1khz_50ns_20deci_2m_UTC_20190712_135729.994,1000.0,243,648
pohang,pohang,pohang,unlabel,/home/ted1204/MS_Detection_Datamaker/MS_datamaker_PH/data/unlabel/1khz_50ns_20deci_2m_UTC_20190712_231429.984.tdms,1khz_50ns_20deci_2m_UTC_20190712_231429.984.tdms,1khz_50ns_20deci_2m_UTC_20190712_231429.984,.tdms,pohang__1khz_50ns_20deci_2m_UTC_20190712_231429.984,1000.0,243,648
pohang,pohang,pohang,unlabel,/home/ted1204/MS_Detection_Datamaker/MS_datamaker_PH/data/unlabel/1khz_50ns_20deci_2m_UTC_20190713_081959.975.tdms,1khz_50ns_20deci_2m_UTC_20190713_081959.975.tdms,1khz_50ns_20deci_2m_UTC_20190713_081959.975,.tdms,pohang__1khz_50ns_20deci_2m_UTC_20190713_081959.975,1000.0,243,648
pohang,pohang,pohang,unlabel,/home/ted1204/MS_Detection_Datamaker/MS_datamaker_PH/data/unlabel/1khz_50ns_20deci_2m_UTC_20190713_112259.971.tdms,1khz_50ns_20deci_2m_UTC_20190713_112259.971.tdms,1khz_50ns_20deci_2m_UTC_20190713_112259.971,.tdms,pohang__1khz_50ns_20deci_2m_UTC_20190713_112259.971,1000.0,243,648
pohang,pohang,pohang,unlabel,/home/ted1204/MS_Detection_Datamaker/MS_datamaker_PH/data/unlabel/1khz_50ns_20deci_2m_UTC_20190714_034259.954.tdms,1khz_50ns_20deci_2m_UTC_20190714_034259.954.tdms,1khz_50ns_20deci_2m_UTC_20190714_034259.954,.tdms,pohang__1khz_50ns_20deci_2m_UTC_20190714_034259.954,1000.0,243,648
pohang,pohang,pohang,unlabel,/home/ted1204/MS_Detection_Datamaker/MS_datamaker_PH/data/unlabel/1khz_50ns_20deci_2m_UTC_20190714_210529.936.tdms,1khz_50ns_20deci_2m_UTC_20190714_210529.936.tdms,1khz_50ns_20deci_2m_UTC_20190714_210529.936,.tdms,pohang__1khz_50ns_20deci_2m_UTC_20190714_210529.936,1000.0,243,648
pohang,pohang,pohang,unlabel,/home/ted1204/MS_Detection_Datamaker/MS_datamaker_PH/data/unlabel/1khz_50ns_20deci_2m_UTC_20190715_191429.914.tdms,1khz_50ns_20deci_2m_UTC_20190715_191429.914.tdms,1khz_50ns_20deci_2m_UTC_20190715_191429.914,.tdms,pohang__1khz_50ns_20deci_2m_UTC_20190715_191429.914,1000.0,243,648
pohang,pohang,pohang,unlabel,/home/ted1204/MS_Detection_Datamaker/MS_datamaker_PH/data/unlabel/1khz_50ns_20deci_2m_UTC_20190716_012659.907.tdms,1khz_50ns_20deci_2m_UTC_20190716_012659.907.tdms,1khz_50ns_20deci_2m_UTC_20190716_012659.907,.tdms,pohang__1khz_50ns_20deci_2m_UTC_20190716_012659.907,1000.0,243,648
pohang,pohang,pohang,unlabel,/home/ted1204/MS_Detection_Datamaker/MS_datamaker_PH/data/unlabel/1khz_50ns_20deci_2m_UTC_20190716_175229.890.tdms,1khz_50ns_20deci_2m_UTC_20190716_175229.890.tdms,1khz_50ns_20deci_2m_UTC_20190716_175229.890,.tdms,pohang__1khz_50ns_20deci_2m_UTC_20190716_175229.890,1000.0,243,648
pohang,pohang,pohang,unlabel,/home/ted1204/MS_Detection_Datamaker/MS_datamaker_PH/data/unlabel/1khz_50ns_20deci_2m_UTC_20190717_084229.875.tdms,1khz_50ns_20deci_2m_UTC_20190717_084229.875.tdms,1khz_50ns_20deci_2m_UTC_20190717_084229.875,.tdms,pohang__1khz_50ns_20deci_2m_UTC_20190717_084229.875,1000.0,243,648
pohang,pohang,pohang,unlabel,/home/ted1204/MS_Detection_Datamaker/MS_datamaker_PH/data/unlabel/1khz_50ns_20deci_2m_UTC_20190717_104029.873.tdms,1khz_50ns_20deci_2m_UTC_20190717_104029.873.tdms,1khz_50ns_20deci_2m_UTC_20190717_104029.873,.tdms,pohang__1khz_50ns_20deci_2m_UTC_20190717_104029.873,1000.0,243,648
pohang,pohang,pohang,unlabel,/home/ted1204/MS_Detection_Datamaker/MS_datamaker_PH/data/unlabel/1khz_50ns_20deci_2m_UTC_20190717_151859.868.tdms,1khz_50ns_20deci_2m_UTC_20190717_151859.868.tdms,1khz_50ns_20deci_2m_UTC_20190717_151859.868,.tdms,pohang__1khz_50ns_20deci_2m_UTC_20190717_151859.868,1000.0,243,648
pohang,pohang,pohang,unlabel,/home/ted1204/MS_Detection_Datamaker/MS_datamaker_PH/data/unlabel/1khz_50ns_20deci_2m_UTC_20190719_021229.832.tdms,1khz_50ns_20deci_2m_UTC_20190719_021229.832.tdms,1khz_50ns_20deci_2m_UTC_20190719_021229.832,.tdms,pohang__1khz_50ns_20deci_2m_UTC_20190719_021229.832,1000.0,243,648
pohang,pohang,pohang,unlabel,/home/ted1204/MS_Detection_Datamaker/MS_datamaker_PH/data/unlabel/1khz_50ns_20deci_2m_UTC_20190719_051829.829.tdms,1khz_50ns_20deci_2m_UTC_20190719_051829.829.tdms,1khz_50ns_20deci_2m_UTC_20190719_051829.829,.tdms,pohang__1khz_50ns_20deci_2m_UTC_20190719_051829.829,1000.0,243,648
pohang,pohang,pohang,unlabel,/home/ted1204/MS_Detection_Datamaker/MS_datamaker_PH/data/unlabel/1khz_50ns_20deci_2m_UTC_20190719_054629.829.tdms,1khz_50ns_20deci_2m_UTC_20190719_054629.829.tdms,1khz_50ns_20deci_2m_UTC_20190719_054629.829,.tdms,pohang__1khz_50ns_20deci_2m_UTC_20190719_054629.829,1000.0,243,648
pohang,pohang,pohang,unlabel,/home/ted1204/MS_Detection_Datamaker/MS_datamaker_PH/data/unlabel/1khz_50ns_20deci_2m_UTC_20190720_010629.809.tdms,1khz_50ns_20deci_2m_UTC_20190720_010629.809.tdms,1khz_50ns_20deci_2m_UTC_20190720_010629.809,.tdms,pohang__1khz_50ns_20deci_2m_UTC_20190720_010629.809,1000.0,243,648
pohang,pohang,pohang,unlabel,/home/ted1204/MS_Detection_Datamaker/MS_datamaker_PH/data/unlabel/1khz_50ns_20deci_2m_UTC_20190720_051629.805.tdms,1khz_50ns_20deci_2m_UTC_20190720_051629.805.tdms,1khz_50ns_20deci_2m_UTC_20190720_051629.805,.tdms,pohang__1khz_50ns_20deci_2m_UTC_20190720_051629.805,1000.0,243,648
pohang,pohang,pohang,unlabel,/home/ted1204/MS_Detection_Datamaker/MS_datamaker_PH/data/unlabel/1khz_50ns_20deci_2m_UTC_20190720_184859.790.tdms,1khz_50ns_20deci_2m_UTC_20190720_184859.790.tdms,1khz_50ns_20deci_2m_UTC_20190720_184859.790,.tdms,pohang__1khz_50ns_20deci_2m_UTC_20190720_184859.790,1000.0,243,648
pohang,pohang,pohang,unlabel,/home/ted1204/MS_Detection_Datamaker/MS_datamaker_PH/data/unlabel/1khz_50ns_20deci_2m_UTC_20190720_232959.785.tdms,1khz_50ns_20deci_2m_UTC_20190720_232959.785.tdms,1khz_50ns_20deci_2m_UTC_20190720_232959.785,.tdms,pohang__1khz_50ns_20deci_2m_UTC_20190720_232959.785,1000.0,243,648
pohang,pohang,pohang,unlabel,/home/ted1204/MS_Detection_Datamaker/MS_datamaker_PH/data/unlabel/1khz_50ns_20deci_2m_UTC_20190721_051159.780.tdms,1khz_50ns_20deci_2m_UTC_20190721_051159.780.tdms,1khz_50ns_20deci_2m_UTC_20190721_051159.780,.tdms,pohang__1khz_50ns_20deci_2m_UTC_20190721_051159.780,1000.0,243,648
pohang,pohang,pohang,unlabel,/home/ted1204/MS_Detection_Datamaker/MS_datamaker_PH/data/unlabel/1khz_50ns_20deci_2m_UTC_20190722_185729.742.tdms,1khz_50ns_20deci_2m_UTC_20190722_185729.742.tdms,1khz_50ns_20deci_2m_UTC_20190722_185729.742,.tdms,pohang__1khz_50ns_20deci_2m_UTC_20190722_185729.742,1000.0,243,648
pohang,pohang,pohang,unlabel,/home/ted1204/MS_Detection_Datamaker/MS_datamaker_PH/data/unlabel/1khz_50ns_20deci_2m_UTC_20190723_085759.728.tdms,1khz_50ns_20deci_2m_UTC_20190723_085759.728.tdms,1khz_50ns_20deci_2m_UTC_20190723_085759.728,.tdms,pohang__1khz_50ns_20deci_2m_UTC_20190723_085759.728,1000.0,243,648
pohang,pohang,pohang,unlabel,/home/ted1204/MS_Detection_Datamaker/MS_datamaker_PH/data/unlabel/1khz_50ns_20deci_2m_UTC_20190723_085959.728.tdms,1khz_50ns_20deci_2m_UTC_20190723_085959.728.tdms,1khz_50ns_20deci_2m_UTC_20190723_085959.728,.tdms,pohang__1khz_50ns_20deci_2m_UTC_20190723_085959.728,1000.0,243,648
pohang,pohang,pohang,unlabel,/home/ted1204/MS_Detection_Datamaker/MS_datamaker_PH/data/unlabel/1khz_50ns_20deci_2m_UTC_20190723_165359.720.tdms,1khz_50ns_20deci_2m_UTC_20190723_165359.720.tdms,1khz_50ns_20deci_2m_UTC_20190723_165359.720,.tdms,pohang__1khz_50ns_20deci_2m_UTC_20190723_165359.720,1000.0,243,648
pohang,pohang,pohang,unlabel,/home/ted1204/MS_Detection_Datamaker/MS_datamaker_PH/data/unlabel/1khz_50ns_20deci_2m_UTC_20190723_203129.717.tdms,1khz_50ns_20deci_2m_UTC_20190723_203129.717.tdms,1khz_50ns_20deci_2m_UTC_20190723_203129.717,.tdms,pohang__1khz_50ns_20deci_2m_UTC_20190723_203129.717,1000.0,243,648
pohang,pohang,pohang,unlabel,/home/ted1204/MS_Detection_Datamaker/MS_datamaker_PH/data/unlabel/1khz_50ns_20deci_2m_UTC_20190723_213929.716.tdms,1khz_50ns_20deci_2m_UTC_20190723_213929.716.tdms,1khz_50ns_20deci_2m_UTC_20190723_213929.716,.tdms,pohang__1khz_50ns_20deci_2m_UTC_20190723_213929.716,1000.0,243,648
pohang,pohang,pohang,unlabel,/home/ted1204/MS_Detection_Datamaker/MS_datamaker_PH/data/unlabel/1khz_50ns_20deci_2m_UTC_20190723_234129.714.tdms,1khz_50ns_20deci_2m_UTC_20190723_234129.714.tdms,1khz_50ns_20deci_2m_UTC_20190723_234129.714,.tdms,pohang__1khz_50ns_20deci_2m_UTC_20190723_234129.714,1000.0,243,648
pohang,pohang,pohang,unlabel,/home/ted1204/MS_Detection_Datamaker/MS_datamaker_PH/data/unlabel/1khz_50ns_20deci_2m_UTC_20190724_143629.699.tdms,1khz_50ns_20deci_2m_UTC_20190724_143629.699.tdms,1khz_50ns_20deci_2m_UTC_20190724_143629.699,.tdms,pohang__1khz_50ns_20deci_2m_UTC_20190724_143629.699,1000.0,243,648
pohang,pohang,pohang,unlabel,/home/ted1204/MS_Detection_Datamaker/MS_datamaker_PH/data/unlabel/1khz_50ns_20deci_2m_UTC_20190726_003459.665.tdms,1khz_50ns_20deci_2m_UTC_20190726_003459.665.tdms,1khz_50ns_20deci_2m_UTC_20190726_003459.665,.tdms,pohang__1khz_50ns_20deci_2m_UTC_20190726_003459.665,1000.0,243,648
pohang,pohang,pohang,unlabel,/home/ted1204/MS_Detection_Datamaker/MS_datamaker_PH/data/unlabel/1khz_50ns_20deci_2m_UTC_20190726_155729.650.tdms,1khz_50ns_20deci_2m_UTC_20190726_155729.650.tdms,1khz_50ns_20deci_2m_UTC_20190726_155729.650,.tdms,pohang__1khz_50ns_20deci_2m_UTC_20190726_155729.650,1000.0,243,648
pohang,pohang,pohang,unlabel,/home/ted1204/MS_Detection_Datamaker/MS_datamaker_PH/data/unlabel/1khz_50ns_20deci_2m_UTC_20190726_221559.644.tdms,1khz_50ns_20deci_2m_UTC_20190726_221559.644.tdms,1khz_50ns_20deci_2m_UTC_20190726_221559.644,.tdms,pohang__1khz_50ns_20deci_2m_UTC_20190726_221559.644,1000.0,243,648
pohang,pohang,pohang,unlabel,/home/ted1204/MS_Detection_Datamaker/MS_datamaker_PH/data/unlabel/1khz_50ns_20deci_2m_UTC_20190727_043729.638.tdms,1khz_50ns_20deci_2m_UTC_20190727_043729.638.tdms,1khz_50ns_20deci_2m_UTC_20190727_043729.638,.tdms,pohang__1khz_50ns_20deci_2m_UTC_20190727_043729.638,1000.0,243,648
pohang,pohang,pohang,unlabel,/home/ted1204/MS_Detection_Datamaker/MS_datamaker_PH/data/unlabel/1khz_50ns_20deci_2m_UTC_20190727_151529.628.tdms,1khz_50ns_20deci_2m_UTC_20190727_151529.628.tdms,1khz_50ns_20deci_2m_UTC_20190727_151529.628,.tdms,pohang__1khz_50ns_20deci_2m_UTC_20190727_151529.628,1000.0,243,648
pohang,pohang,pohang,unlabel,/home/ted1204/MS_Detection_Datamaker/MS_datamaker_PH/data/unlabel/1khz_50ns_20deci_2m_UTC_20190727_165629.626.tdms,1khz_50ns_20deci_2m_UTC_20190727_165629.626.tdms,1khz_50ns_20deci_2m_UTC_20190727_165629.626,.tdms,pohang__1khz_50ns_20deci_2m_UTC_20190727_165629.626,1000.0,243,648
pohang,pohang,pohang,unlabel,/home/ted1204/MS_Detection_Datamaker/MS_datamaker_PH/data/unlabel/1khz_50ns_20deci_2m_UTC_20190727_211629.622.tdms,1khz_50ns_20deci_2m_UTC_20190727_211629.622.tdms,1khz_50ns_20deci_2m_UTC_20190727_211629.622,.tdms,pohang__1khz_50ns_20deci_2m_UTC_20190727_211629.622,1000.0,243,648
pohang,pohang,pohang,unlabel,/home/ted1204/MS_Detection_Datamaker/MS_datamaker_PH/data/unlabel/1khz_50ns_20deci_2m_UTC_20190728_024729.616.tdms,1khz_50ns_20deci_2m_UTC_20190728_024729.616.tdms,1khz_50ns_20deci_2m_UTC_20190728_024729.616,.tdms,pohang__1khz_50ns_20deci_2m_UTC_20190728_024729.616,1000.0,243,648
pohang,pohang,pohang,unlabel,/home/ted1204/MS_Detection_Datamaker/MS_datamaker_PH/data/unlabel/1khz_50ns_20deci_2m_UTC_20190729_044059.591.tdms,1khz_50ns_20deci_2m_UTC_20190729_044059.591.tdms,1khz_50ns_20deci_2m_UTC_20190729_044059.591,.tdms,pohang__1khz_50ns_20deci_2m_UTC_20190729_044059.591,1000.0,243,648
pohang,pohang,pohang,unlabel,/home/ted1204/MS_Detection_Datamaker/MS_datamaker_PH/data/unlabel/1khz_50ns_20deci_2m_UTC_20190729_104029.585.tdms,1khz_50ns_20deci_2m_UTC_20190729_104029.585.tdms,1khz_50ns_20deci_2m_UTC_20190729_104029.585,.tdms,pohang__1khz_50ns_20deci_2m_UTC_20190729_104029.585,1000.0,243,648
pohang,pohang,pohang,unlabel,/home/ted1204/MS_Detection_Datamaker/MS_datamaker_PH/data/unlabel/1khz_50ns_20deci_2m_UTC_20190730_051359.567.tdms,1khz_50ns_20deci_2m_UTC_20190730_051359.567.tdms,1khz_50ns_20deci_2m_UTC_20190730_051359.567,.tdms,pohang__1khz_50ns_20deci_2m_UTC_20190730_051359.567,1000.0,243,648
pohang,pohang,pohang,unlabel,/home/ted1204/MS_Detection_Datamaker/MS_datamaker_PH/data/unlabel/1khz_50ns_20deci_2m_UTC_20190731_191929.531.tdms,1khz_50ns_20deci_2m_UTC_20190731_191929.531.tdms,1khz_50ns_20deci_2m_UTC_20190731_191929.531,.tdms,pohang__1khz_50ns_20deci_2m_UTC_20190731_191929.531,1000.0,243,648
pohang,pohang,pohang,unlabel,/home/ted1204/MS_Detection_Datamaker/MS_datamaker_PH/data/unlabel/1khz_50ns_20deci_2m_UTC_20190802_082329.495.tdms,1khz_50ns_20deci_2m_UTC_20190802_082329.495.tdms,1khz_50ns_20deci_2m_UTC_20190802_082329.495,.tdms,pohang__1khz_50ns_20deci_2m_UTC_20190802_082329.495,1000.0,243,648
pohang,pohang,pohang,unlabel,/home/ted1204/MS_Detection_Datamaker/MS_datamaker_PH/data/unlabel/1khz_50ns_20deci_2m_UTC_20190802_164959.487.tdms,1khz_50ns_20deci_2m_UTC_20190802_164959.487.tdms,1khz_50ns_20deci_2m_UTC_20190802_164959.487,.tdms,pohang__1khz_50ns_20deci_2m_UTC_20190802_164959.487,1000.0,243,648
pohang,pohang,pohang,unlabel,/home/ted1204/MS_Detection_Datamaker/MS_datamaker_PH/data/unlabel/1khz_50ns_20deci_2m_UTC_20190803_010659.479.tdms,1khz_50ns_20deci_2m_UTC_20190803_010659.479.tdms,1khz_50ns_20deci_2m_UTC_20190803_010659.479,.tdms,pohang__1khz_50ns_20deci_2m_UTC_20190803_010659.479,1000.0,243,648
pohang,pohang,pohang,unlabel,/home/ted1204/MS_Detection_Datamaker/MS_datamaker_PH/data/unlabel/1khz_50ns_20deci_2m_UTC_20190803_140529.466.tdms,1khz_50ns_20deci_2m_UTC_20190803_140529.466.tdms,1khz_50ns_20deci_2m_UTC_20190803_140529.466,.tdms,pohang__1khz_50ns_20deci_2m_UTC_20190803_140529.466,1000.0,243,648
pohang,pohang,pohang,unlabel,/home/ted1204/MS_Detection_Datamaker/MS_datamaker_PH/data/unlabel/1khz_50ns_20deci_2m_UTC_20190806_040159.406.tdms,1khz_50ns_20deci_2m_UTC_20190806_040159.406.tdms,1khz_50ns_20deci_2m_UTC_20190806_040159.406,.tdms,pohang__1khz_50ns_20deci_2m_UTC_20190806_040159.406,1000.0,243,648
pohang,pohang,pohang,unlabel,/home/ted1204/MS_Detection_Datamaker/MS_datamaker_PH/data/unlabel/1khz_50ns_20deci_2m_UTC_20190815_014030.000.tdms,1khz_50ns_20deci_2m_UTC_20190815_014030.000.tdms,1khz_50ns_20deci_2m_UTC_20190815_014030.000,.tdms,pohang__1khz_50ns_20deci_2m_UTC_20190815_014030.000,1000.0,243,648
pohang,pohang,pohang,unlabel,/home/ted1204/MS_Detection_Datamaker/MS_datamaker_PH/data/unlabel/1khz_50ns_20deci_2m_UTC_20190815_140430.000.tdms,1khz_50ns_20deci_2m_UTC_20190815_140430.000.tdms,1khz_50ns_20deci_2m_UTC_20190815_140430.000,.tdms,pohang__1khz_50ns_20deci_2m_UTC_20190815_140430.000,1000.0,243,648
pohang,pohang,pohang,unlabel,/home/ted1204/MS_Detection_Datamaker/MS_datamaker_PH/data/unlabel/1khz_50ns_20deci_2m_UTC_20190815_171230.000.tdms,1khz_50ns_20deci_2m_UTC_20190815_171230.000.tdms,1khz_50ns_20deci_2m_UTC_20190815_171230.000,.tdms,pohang__1khz_50ns_20deci_2m_UTC_20190815_171230.000,1000.0,243,648
pohang,pohang,pohang,unlabel,/home/ted1204/MS_Detection_Datamaker/MS_datamaker_PH/data/unlabel/1khz_50ns_20deci_2m_UTC_20190815_171700.000.tdms,1khz_50ns_20deci_2m_UTC_20190815_171700.000.tdms,1khz_50ns_20deci_2m_UTC_20190815_171700.000,.tdms,pohang__1khz_50ns_20deci_2m_UTC_20190815_171700.000,1000.0,243,648
pohang,pohang,pohang,unlabel,/home/ted1204/MS_Detection_Datamaker/MS_datamaker_PH/data/unlabel/1khz_50ns_20deci_2m_UTC_20190816_043900.000.tdms,1khz_50ns_20deci_2m_UTC_20190816_043900.000.tdms,1khz_50ns_20deci_2m_UTC_20190816_043900.000,.tdms,pohang__1khz_50ns_20deci_2m_UTC_20190816_043900.000,1000.0,243,648
pohang,pohang,pohang,unlabel,/home/ted1204/MS_Detection_Datamaker/MS_datamaker_PH/data/unlabel/1khz_50ns_20deci_2m_UTC_20190816_133900.000.tdms,1khz_50ns_20deci_2m_UTC_20190816_133900.000.tdms,1khz_50ns_20deci_2m_UTC_20190816_133900.000,.tdms,pohang__1khz_50ns_20deci_2m_UTC_20190816_133900.000,1000.0,243,648
pohang,pohang,pohang,unlabel,/home/ted1204/MS_Detection_Datamaker/MS_datamaker_PH/data/unlabel/1khz_50ns_20deci_2m_UTC_20190816_222100.000.tdms,1khz_50ns_20deci_2m_UTC_20190816_222100.000.tdms,1khz_50ns_20deci_2m_UTC_20190816_222100.000,.tdms,pohang__1khz_50ns_20deci_2m_UTC_20190816_222100.000,1000.0,243,648
pohang,pohang,pohang,unlabel,/home/ted1204/MS_Detection_Datamaker/MS_datamaker_PH/data/unlabel/1khz_50ns_20deci_2m_UTC_20190817_152800.000.tdms,1khz_50ns_20deci_2m_UTC_20190817_152800.000.tdms,1khz_50ns_20deci_2m_UTC_20190817_152800.000,.tdms,pohang__1khz_50ns_20deci_2m_UTC_20190817_152800.000,1000.0,243,648
pohang,pohang,pohang,unlabel,/home/ted1204/MS_Detection_Datamaker/MS_datamaker_PH/data/unlabel/1khz_50ns_20deci_2m_UTC_20190817_210230.000.tdms,1khz_50ns_20deci_2m_UTC_20190817_210230.000.tdms,1khz_50ns_20deci_2m_UTC_20190817_210230.000,.tdms,pohang__1khz_50ns_20deci_2m_UTC_20190817_210230.000,1000.0,243,648
pohang,pohang,pohang,unlabel,/home/ted1204/MS_Detection_Datamaker/MS_datamaker_PH/data/unlabel/1khz_50ns_20deci_2m_UTC_20190817_230430.000.tdms,1khz_50ns_20deci_2m_UTC_20190817_230430.000.tdms,1khz_50ns_20deci_2m_UTC_20190817_230430.000,.tdms,pohang__1khz_50ns_20deci_2m_UTC_20190817_230430.000,1000.0,243,648
pohang,pohang,pohang,unlabel,/home/ted1204/MS_Detection_Datamaker/MS_datamaker_PH/data/unlabel/1khz_50ns_20deci_2m_UTC_20190818_001500.000.tdms,1khz_50ns_20deci_2m_UTC_20190818_001500.000.tdms,1khz_50ns_20deci_2m_UTC_20190818_001500.000,.tdms,pohang__1khz_50ns_20deci_2m_UTC_20190818_001500.000,1000.0,243,648
pohang,pohang,pohang,unlabel,/home/ted1204/MS_Detection_Datamaker/MS_datamaker_PH/data/unlabel/1khz_50ns_20deci_2m_UTC_20190818_191330.000.tdms,1khz_50ns_20deci_2m_UTC_20190818_191330.000.tdms,1khz_50ns_20deci_2m_UTC_20190818_191330.000,.tdms,pohang__1khz_50ns_20deci_2m_UTC_20190818_191330.000,1000.0,243,648
pohang,pohang,pohang,unlabel,/home/ted1204/MS_Detection_Datamaker/MS_datamaker_PH/data/unlabel/1khz_50ns_20deci_2m_UTC_20190916_220300.000.tdms,1khz_50ns_20deci_2m_UTC_20190916_220300.000.tdms,1khz_50ns_20deci_2m_UTC_20190916_220300.000,.tdms,pohang__1khz_50ns_20deci_2m_UTC_20190916_220300.000,1000.0,243,648
pohang,pohang,pohang,unlabel,/home/ted1204/MS_Detection_Datamaker/MS_datamaker_PH/data/unlabel/1khz_50ns_20deci_2m_UTC_20190917_212700.000.tdms,1khz_50ns_20deci_2m_UTC_20190917_212700.000.tdms,1khz_50ns_20deci_2m_UTC_20190917_212700.000,.tdms,pohang__1khz_50ns_20deci_2m_UTC_20190917_212700.000,1000.0,243,648
pohang,pohang,pohang,unlabel,/home/ted1204/MS_Detection_Datamaker/MS_datamaker_PH/data/unlabel/1khz_50ns_20deci_2m_UTC_20190918_072530.000.tdms,1khz_50ns_20deci_2m_UTC_20190918_072530.000.tdms,1khz_50ns_20deci_2m_UTC_20190918_072530.000,.tdms,pohang__1khz_50ns_20deci_2m_UTC_20190918_072530.000,1000.0,243,648
pohang,pohang,pohang,unlabel,/home/ted1204/MS_Detection_Datamaker/MS_datamaker_PH/data/unlabel/1khz_50ns_20deci_2m_UTC_20190918_084000.000.tdms,1khz_50ns_20deci_2m_UTC_20190918_084000.000.tdms,1khz_50ns_20deci_2m_UTC_20190918_084000.000,.tdms,pohang__1khz_50ns_20deci_2m_UTC_20190918_084000.000,1000.0,243,648
pohang,pohang,pohang,unlabel,/home/ted1204/MS_Detection_Datamaker/MS_datamaker_PH/data/unlabel/1khz_50ns_20deci_2m_UTC_20190918_214430.000.tdms,1khz_50ns_20deci_2m_UTC_20190918_214430.000.tdms,1khz_50ns_20deci_2m_UTC_20190918_214430.000,.tdms,pohang__1khz_50ns_20deci_2m_UTC_20190918_214430.000,1000.0,243,648
pohang,pohang,pohang,unlabel,/home/ted1204/MS_Detection_Datamaker/MS_datamaker_PH/data/unlabel/1khz_50ns_20deci_2m_UTC_20190919_160630.000.tdms,1khz_50ns_20deci_2m_UTC_20190919_160630.000.tdms,1khz_50ns_20deci_2m_UTC_20190919_160630.000,.tdms,pohang__1khz_50ns_20deci_2m_UTC_20190919_160630.000,1000.0,243,648
pohang,pohang,pohang,unlabel,/home/ted1204/MS_Detection_Datamaker/MS_datamaker_PH/data/unlabel/1khz_50ns_20deci_2m_UTC_20190920_130900.000.tdms,1khz_50ns_20deci_2m_UTC_20190920_130900.000.tdms,1khz_50ns_20deci_2m_UTC_20190920_130900.000,.tdms,pohang__1khz_50ns_20deci_2m_UTC_20190920_130900.000,1000.0,243,648
pohang,pohang,pohang,unlabel,/home/ted1204/MS_Detection_Datamaker/MS_datamaker_PH/data/unlabel/1khz_50ns_20deci_2m_UTC_20190921_102100.000.tdms,1khz_50ns_20deci_2m_UTC_20190921_102100.000.tdms,1khz_50ns_20deci_2m_UTC_20190921_102100.000,.tdms,pohang__1khz_50ns_20deci_2m_UTC_20190921_102100.000,1000.0,243,648
pohang,pohang,pohang,unlabel,/home/ted1204/MS_Detection_Datamaker/MS_datamaker_PH/data/unlabel/1khz_50ns_20deci_2m_UTC_20190922_155530.000.tdms,1khz_50ns_20deci_2m_UTC_20190922_155530.000.tdms,1khz_50ns_20deci_2m_UTC_20190922_155530.000,.tdms,pohang__1khz_50ns_20deci_2m_UTC_20190922_155530.000,1000.0,243,648
pohang,pohang,pohang,unlabel,/home/ted1204/MS_Detection_Datamaker/MS_datamaker_PH/data/unlabel/1khz_50ns_20deci_2m_UTC_20190924_015200.000.tdms,1khz_50ns_20deci_2m_UTC_20190924_015200.000.tdms,1khz_50ns_20deci_2m_UTC_20190924_015200.000,.tdms,pohang__1khz_50ns_20deci_2m_UTC_20190924_015200.000,1000.0,243,648
pohang,pohang,pohang,unlabel,/home/ted1204/MS_Detection_Datamaker/MS_datamaker_PH/data/unlabel/1khz_50ns_20deci_2m_UTC_20190924_034400.000.tdms,1khz_50ns_20deci_2m_UTC_20190924_034400.000.tdms,1khz_50ns_20deci_2m_UTC_20190924_034400.000,.tdms,pohang__1khz_50ns_20deci_2m_UTC_20190924_034400.000,1000.0,243,648
pohang,pohang,pohang,unlabel,/home/ted1204/MS_Detection_Datamaker/MS_datamaker_PH/data/unlabel/1khz_50ns_20deci_2m_UTC_20190924_062930.000.tdms,1khz_50ns_20deci_2m_UTC_20190924_062930.000.tdms,1khz_50ns_20deci_2m_UTC_20190924_062930.000,.tdms,pohang__1khz_50ns_20deci_2m_UTC_20190924_062930.000,1000.0,243,648
pohang,pohang,pohang,unlabel,/home/ted1204/MS_Detection_Datamaker/MS_datamaker_PH/data/unlabel/1khz_50ns_20deci_2m_UTC_20190924_180600.000.tdms,1khz_50ns_20deci_2m_UTC_20190924_180600.000.tdms,1khz_50ns_20deci_2m_UTC_20190924_180600.000,.tdms,pohang__1khz_50ns_20deci_2m_UTC_20190924_180600.000,1000.0,243,648
pohang,pohang,pohang,unlabel,/home/ted1204/MS_Detection_Datamaker/MS_datamaker_PH/data/unlabel/1khz_50ns_20deci_2m_UTC_20190924_183800.000.tdms,1khz_50ns_20deci_2m_UTC_20190924_183800.000.tdms,1khz_50ns_20deci_2m_UTC_20190924_183800.000,.tdms,pohang__1khz_50ns_20deci_2m_UTC_20190924_183800.000,1000.0,243,648
pohang,pohang,pohang,unlabel,/home/ted1204/MS_Detection_Datamaker/MS_datamaker_PH/data/unlabel/1khz_50ns_20deci_2m_UTC_20190924_235230.000.tdms,1khz_50ns_20deci_2m_UTC_20190924_235230.000.tdms,1khz_50ns_20deci_2m_UTC_20190924_235230.000,.tdms,pohang__1khz_50ns_20deci_2m_UTC_20190924_235230.000,1000.0,243,648
pohang,pohang,pohang,unlabel,/home/ted1204/MS_Detection_Datamaker/MS_datamaker_PH/data/unlabel/1khz_50ns_20deci_2m_UTC_20190927_074030.000.tdms,1khz_50ns_20deci_2m_UTC_20190927_074030.000.tdms,1khz_50ns_20deci_2m_UTC_20190927_074030.000,.tdms,pohang__1khz_50ns_20deci_2m_UTC_20190927_074030.000,1000.0,243,648
pohang,pohang,pohang,unlabel,/home/ted1204/MS_Detection_Datamaker/MS_datamaker_PH/data/unlabel/1khz_50ns_20deci_2m_UTC_20190928_051730.000.tdms,1khz_50ns_20deci_2m_UTC_20190928_051730.000.tdms,1khz_50ns_20deci_2m_UTC_20190928_051730.000,.tdms,pohang__1khz_50ns_20deci_2m_UTC_20190928_051730.000,1000.0,243,648
pohang,pohang,pohang,unlabel,/home/ted1204/MS_Detection_Datamaker/MS_datamaker_PH/data/unlabel/1khz_50ns_20deci_2m_UTC_20190928_094500.000.tdms,1khz_50ns_20deci_2m_UTC_20190928_094500.000.tdms,1khz_50ns_20deci_2m_UTC_20190928_094500.000,.tdms,pohang__1khz_50ns_20deci_2m_UTC_20190928_094500.000,1000.0,243,648
pohang,pohang,pohang,unlabel,/home/ted1204/MS_Detection_Datamaker/MS_datamaker_PH/data/unlabel/1khz_50ns_20deci_2m_UTC_20190929_034030.000.tdms,1khz_50ns_20deci_2m_UTC_20190929_034030.000.tdms,1khz_50ns_20deci_2m_UTC_20190929_034030.000,.tdms,pohang__1khz_50ns_20deci_2m_UTC_20190929_034030.000,1000.0,243,648
pohang,pohang,pohang,unlabel,/home/ted1204/MS_Detection_Datamaker/MS_datamaker_PH/data/unlabel/1khz_50ns_20deci_2m_UTC_20190930_032130.000.tdms,1khz_50ns_20deci_2m_UTC_20190930_032130.000.tdms,1khz_50ns_20deci_2m_UTC_20190930_032130.000,.tdms,pohang__1khz_50ns_20deci_2m_UTC_20190930_032130.000,1000.0,243,648
pohang,pohang,pohang,unlabel,/home/ted1204/MS_Detection_Datamaker/MS_datamaker_PH/data/unlabel/1khz_50ns_20deci_2m_UTC_20190930_190930.000.tdms,1khz_50ns_20deci_2m_UTC_20190930_190930.000.tdms,1khz_50ns_20deci_2m_UTC_20190930_190930.000,.tdms,pohang__1khz_50ns_20deci_2m_UTC_20190930_190930.000,1000.0,243,648
pohang,pohang,pohang,unlabel,/home/ted1204/MS_Detection_Datamaker/MS_datamaker_PH/data/unlabel/1khz_50ns_20deci_2m_UTC_20190930_191800.000.tdms,1khz_50ns_20deci_2m_UTC_20190930_191800.000.tdms,1khz_50ns_20deci_2m_UTC_20190930_191800.000,.tdms,pohang__1khz_50ns_20deci_2m_UTC_20190930_191800.000,1000.0,243,648
pohang,pohang,pohang,unlabel,/home/ted1204/MS_Detection_Datamaker/MS_datamaker_PH/data/unlabel/1khz_50ns_20deci_2m_UTC_20190930_212030.000.tdms,1khz_50ns_20deci_2m_UTC_20190930_212030.000.tdms,1khz_50ns_20deci_2m_UTC_20190930_212030.000,.tdms,pohang__1khz_50ns_20deci_2m_UTC_20190930_212030.000,1000.0,243,648
