site,tdms_file,seg_png,confidence,note,segment_index,start_sec,end_sec,is_event,src_segment_indices,src_event_flags
pohang,1khz_50ns_20deci_2m_UTC+0900_DST0_20190623_184121.825.tdms,0000_1khz_50ns_20deci_2m_UTC+0900_DST0_20190623_184121.825\seg_000.png,,,0,0.0,2.0,0,"0,1","0,0"
pohang,1khz_50ns_20deci_2m_UTC+0900_DST0_20190623_184121.825.tdms,0000_1khz_50ns_20deci_2m_UTC+0900_DST0_20190623_184121.825\seg_001.png,,,1,1.0,3.0,0,"1,2","0,0"
pohang,1khz_50ns_20deci_2m_UTC+0900_DST0_20190623_184121.825.tdms,0000_1khz_50ns_20deci_2m_UTC+0900_DST0_20190623_184121.825\seg_002.png,,,2,2.0,4.0,0,"2,3","0,0"
pohang,1khz_50ns_20deci_2m_UTC+0900_DST0_20190623_184121.825.tdms,0000_1khz_50ns_20deci_2m_UTC+0900_DST0_20190623_184121.825\seg_003.png,,,3,3.0,5.0,0,"3,4","0,0"
pohang,1khz_50ns_20deci_2m_UTC+0900_DST0_20190623_184121.825.tdms,0000_1khz_50ns_20deci_2m_UTC+0900_DST0_20190623_184121.825\seg_004.png,,,4,4.0,6.0,0,"4,5","0,0"
pohang,1khz_50ns_20deci_2m_UTC+0900_DST0_20190623_184121.825.tdms,0000_1khz_50ns_20deci_2m_UTC+0900_DST0_20190623_184121.825\seg_005.png,,,5,5.0,7.0,0,"5,6","0,0"
pohang,1khz_50ns_20deci_2m_UTC+0900_DST0_20190623_184121.825.tdms,0000_1khz_50ns_20deci_2m_UTC+0900_DST0_20190623_184121.825\seg_006.png,,,6,6.0,8.0,0,"6,7","0,0"
pohang,1khz_50ns_20deci_2m_UTC+0900_DST0_20190623_184121.825.tdms,0000_1khz_50ns_20deci_2m_UTC+0900_DST0_20190623_184121.825\seg_007.png,,,7,7.0,9.0,0,"7,8","0,0"
pohang,1khz_50ns_20deci_2m_UTC+0900_DST0_20190623_184121.825.tdms,0000_1khz_50ns_20deci_2m_UTC+0900_DST0_20190623_184121.825\seg_008.png,,,8,8.0,10.0,0,"8,9","0,0"
pohang,1khz_50ns_20deci_2m_UTC+0900_DST0_20190623_184121.825.tdms,0000_1khz_50ns_20deci_2m_UTC+0900_DST0_20190623_184121.825\seg_009.png,,,9,9.0,11.0,0,"9,10","0,0"
pohang,1khz_50ns_20deci_2m_UTC+0900_DST0_20190623_184121.825.tdms,0000_1khz_50ns_20deci_2m_UTC+0900_DST0_20190623_184121.825\seg_010.png,,,10,10.0,12.0,0,"10,11","0,0"
pohang,1khz_50ns_20deci_2m_UTC+0900_DST0_20190623_184121.825.tdms,0000_1khz_50ns_20deci_2m_UTC+0900_DST0_20190623_184121.825\seg_011.png,,,11,11.0,13.0,0,"11,12","0,0"
pohang,1khz_50ns_20deci_2m_UTC+0900_DST0_20190623_184121.825.tdms,0000_1khz_50ns_20deci_2m_UTC+0900_DST0_20190623_184121.825\seg_012.png,,,12,12.0,14.0,0,"12,13","0,0"
pohang,1khz_50ns_20deci_2m_UTC+0900_DST0_20190623_184121.825.tdms,0000_1khz_50ns_20deci_2m_UTC+0900_DST0_20190623_184121.825\seg_013.png,,,13,13.0,15.0,0,"13,14","0,0"
pohang,1khz_50ns_20deci_2m_UTC+0900_DST0_20190623_184121.825.tdms,0000_1khz_50ns_20deci_2m_UTC+0900_DST0_20190623_184121.825\seg_014.png,,,14,14.0,16.0,1,"14,15","0,1"
pohang,1khz_50ns_20deci_2m_UTC+0900_DST0_20190623_184121.825.tdms,0000_1khz_50ns_20deci_2m_UTC+0900_DST0_20190623_184121.825\seg_015.png,,,15,15.0,17.0,1,"15,16","1,1"
pohang,1khz_50ns_20deci_2m_UTC+0900_DST0_20190623_184121.825.tdms,0000_1khz_50ns_20deci_2m_UTC+0900_DST0_20190623_184121.825\seg_016.png,,,16,16.0,18.0,1,"16,17","1,1"
pohang,1khz_50ns_20deci_2m_UTC+0900_DST0_20190623_184121.825.tdms,0000_1khz_50ns_20deci_2m_UTC+0900_DST0_20190623_184121.825\seg_017.png,,,17,17.0,19.0,1,"17,18","1,1"
pohang,1khz_50ns_20deci_2m_UTC+0900_DST0_20190623_184121.825.tdms,0000_1khz_50ns_20deci_2m_UTC+0900_DST0_20190623_184121.825\seg_018.png,,,18,18.0,20.0,1,"18,19","1,1"
pohang,1khz_50ns_20deci_2m_UTC+0900_DST0_20190623_184121.825.tdms,0000_1khz_50ns_20deci_2m_UTC+0900_DST0_20190623_184121.825\seg_019.png,,,19,19.0,21.0,1,"19,20","1,1"
pohang,1khz_50ns_20deci_2m_UTC+0900_DST0_20190623_184121.825.tdms,0000_1khz_50ns_20deci_2m_UTC+0900_DST0_20190623_184121.825\seg_020.png,,,20,20.0,22.0,1,"20,21","1,1"
pohang,1khz_50ns_20deci_2m_UTC+0900_DST0_20190623_184121.825.tdms,0000_1khz_50ns_20deci_2m_UTC+0900_DST0_20190623_184121.825\seg_021.png,,,21,21.0,23.0,1,"21,22","1,1"
pohang,1khz_50ns_20deci_2m_UTC+0900_DST0_20190623_184121.825.tdms,0000_1khz_50ns_20deci_2m_UTC+0900_DST0_20190623_184121.825\seg_022.png,,,22,22.0,24.0,1,"22,23","1,1"
pohang,1khz_50ns_20deci_2m_UTC+0900_DST0_20190623_184121.825.tdms,0000_1khz_50ns_20deci_2m_UTC+0900_DST0_20190623_184121.825\seg_023.png,,,23,23.0,25.0,1,"23,24","1,1"
pohang,1khz_50ns_20deci_2m_UTC+0900_DST0_20190623_184121.825.tdms,0000_1khz_50ns_20deci_2m_UTC+0900_DST0_20190623_184121.825\seg_024.png,,,24,24.0,26.0,1,"24,25","1,1"
pohang,1khz_50ns_20deci_2m_UTC+0900_DST0_20190623_184121.825.tdms,0000_1khz_50ns_20deci_2m_UTC+0900_DST0_20190623_184121.825\seg_025.png,,,25,25.0,27.0,1,"25,26","1,1"
pohang,1khz_50ns_20deci_2m_UTC+0900_DST0_20190623_184121.825.tdms,0000_1khz_50ns_20deci_2m_UTC+0900_DST0_20190623_184121.825\seg_026.png,,,26,26.0,28.0,1,"26,27","1,1"
pohang,1khz_50ns_20deci_2m_UTC+0900_DST0_20190623_184121.825.tdms,0000_1khz_50ns_20deci_2m_UTC+0900_DST0_20190623_184121.825\seg_027.png,,,27,27.0,29.0,1,"27,28","1,1"
pohang,1khz_50ns_20deci_2m_UTC+0900_DST0_20190623_184121.825.tdms,0000_1khz_50ns_20deci_2m_UTC+0900_DST0_20190623_184121.825\seg_028.png,,,28,28.0,30.0,1,"28,29","1,1"
pohang,1khz_50ns_20deci_2m_UTC+0900_DST0_20190630_165251.825.tdms,0001_1khz_50ns_20deci_2m_UTC+0900_DST0_20190630_165251.825\seg_000.png,,,0,0.0,2.0,1,"0,1","1,1"
pohang,1khz_50ns_20deci_2m_UTC+0900_DST0_20190630_165251.825.tdms,0001_1khz_50ns_20deci_2m_UTC+0900_DST0_20190630_165251.825\seg_001.png,,,1,1.0,3.0,1,"1,2","1,1"
pohang,1khz_50ns_20deci_2m_UTC+0900_DST0_20190630_165251.825.tdms,0001_1khz_50ns_20deci_2m_UTC+0900_DST0_20190630_165251.825\seg_002.png,,,2,2.0,4.0,1,"2,3","1,1"
pohang,1khz_50ns_20deci_2m_UTC+0900_DST0_20190630_165251.825.tdms,0001_1khz_50ns_20deci_2m_UTC+0900_DST0_20190630_165251.825\seg_003.png,,,3,3.0,5.0,1,"3,4","1,1"
pohang,1khz_50ns_20deci_2m_UTC+0900_DST0_20190630_165251.825.tdms,0001_1khz_50ns_20deci_2m_UTC+0900_DST0_20190630_165251.825\seg_004.png,,,4,4.0,6.0,1,"4,5","1,1"
pohang,1khz_50ns_20deci_2m_UTC+0900_DST0_20190630_165251.825.tdms,0001_1khz_50ns_20deci_2m_UTC+0900_DST0_20190630_165251.825\seg_005.png,,,5,5.0,7.0,1,"5,6","1,1"
pohang,1khz_50ns_20deci_2m_UTC+0900_DST0_20190630_165251.825.tdms,0001_1khz_50ns_20deci_2m_UTC+0900_DST0_20190630_165251.825\seg_006.png,,,6,6.0,8.0,1,"6,7","1,1"
pohang,1khz_50ns_20deci_2m_UTC+0900_DST0_20190630_165251.825.tdms,0001_1khz_50ns_20deci_2m_UTC+0900_DST0_20190630_165251.825\seg_007.png,,,7,7.0,9.0,1,"7,8","1,1"
pohang,1khz_50ns_20deci_2m_UTC+0900_DST0_20190630_165251.825.tdms,0001_1khz_50ns_20deci_2m_UTC+0900_DST0_20190630_165251.825\seg_008.png,,,8,8.0,10.0,1,"8,9","1,1"
pohang,1khz_50ns_20deci_2m_UTC+0900_DST0_20190630_165251.825.tdms,0001_1khz_50ns_20deci_2m_UTC+0900_DST0_20190630_165251.825\seg_009.png,,,9,9.0,11.0,1,"9,10","1,1"
pohang,1khz_50ns_20deci_2m_UTC+0900_DST0_20190630_165251.825.tdms,0001_1khz_50ns_20deci_2m_UTC+0900_DST0_20190630_165251.825\seg_010.png,,,10,10.0,12.0,1,"10,11","1,1"
pohang,1khz_50ns_20deci_2m_UTC+0900_DST0_20190630_165251.825.tdms,0001_1khz_50ns_20deci_2m_UTC+0900_DST0_20190630_165251.825\seg_011.png,,,11,11.0,13.0,1,"11,12","1,1"
pohang,1khz_50ns_20deci_2m_UTC+0900_DST0_20190630_165251.825.tdms,0001_1khz_50ns_20deci_2m_UTC+0900_DST0_20190630_165251.825\seg_012.png,,,12,12.0,14.0,1,"12,13","1,1"
pohang,1khz_50ns_20deci_2m_UTC+0900_DST0_20190630_165251.825.tdms,0001_1khz_50ns_20deci_2m_UTC+0900_DST0_20190630_165251.825\seg_013.png,,,13,13.0,15.0,1,"13,14","1,0"
pohang,1khz_50ns_20deci_2m_UTC+0900_DST0_20190630_165251.825.tdms,0001_1khz_50ns_20deci_2m_UTC+0900_DST0_20190630_165251.825\seg_014.png,,,14,14.0,16.0,0,"14,15","0,0"
pohang,1khz_50ns_20deci_2m_UTC+0900_DST0_20190630_165251.825.tdms,0001_1khz_50ns_20deci_2m_UTC+0900_DST0_20190630_165251.825\seg_015.png,,,15,15.0,17.0,0,"15,16","0,0"
pohang,1khz_50ns_20deci_2m_UTC+0900_DST0_20190630_165251.825.tdms,0001_1khz_50ns_20deci_2m_UTC+0900_DST0_20190630_165251.825\seg_016.png,,,16,16.0,18.0,0,"16,17","0,0"
pohang,1khz_50ns_20deci_2m_UTC+0900_DST0_20190630_165251.825.tdms,0001_1khz_50ns_20deci_2m_UTC+0900_DST0_20190630_165251.825\seg_017.png,,,17,17.0,19.0,0,"17,18","0,0"
pohang,1khz_50ns_20deci_2m_UTC+0900_DST0_20190630_165251.825.tdms,0001_1khz_50ns_20deci_2m_UTC+0900_DST0_20190630_165251.825\seg_018.png,,,18,18.0,20.0,0,"18,19","0,0"
pohang,1khz_50ns_20deci_2m_UTC+0900_DST0_20190630_165251.825.tdms,0001_1khz_50ns_20deci_2m_UTC+0900_DST0_20190630_165251.825\seg_019.png,,,19,19.0,21.0,0,"19,20","0,0"
pohang,1khz_50ns_20deci_2m_UTC+0900_DST0_20190630_165251.825.tdms,0001_1khz_50ns_20deci_2m_UTC+0900_DST0_20190630_165251.825\seg_020.png,,,20,20.0,22.0,0,"20,21","0,0"
pohang,1khz_50ns_20deci_2m_UTC+0900_DST0_20190630_165251.825.tdms,0001_1khz_50ns_20deci_2m_UTC+0900_DST0_20190630_165251.825\seg_021.png,,,21,21.0,23.0,0,"21,22","0,0"
pohang,1khz_50ns_20deci_2m_UTC+0900_DST0_20190630_165251.825.tdms,0001_1khz_50ns_20deci_2m_UTC+0900_DST0_20190630_165251.825\seg_022.png,,,22,22.0,24.0,0,"22,23","0,0"
pohang,1khz_50ns_20deci_2m_UTC+0900_DST0_20190630_165251.825.tdms,0001_1khz_50ns_20deci_2m_UTC+0900_DST0_20190630_165251.825\seg_023.png,,,23,23.0,25.0,0,"23,24","0,0"
pohang,1khz_50ns_20deci_2m_UTC+0900_DST0_20190630_165251.825.tdms,0001_1khz_50ns_20deci_2m_UTC+0900_DST0_20190630_165251.825\seg_024.png,,,24,24.0,26.0,0,"24,25","0,0"
pohang,1khz_50ns_20deci_2m_UTC+0900_DST0_20190630_165251.825.tdms,0001_1khz_50ns_20deci_2m_UTC+0900_DST0_20190630_165251.825\seg_025.png,,,25,25.0,27.0,0,"25,26","0,0"
pohang,1khz_50ns_20deci_2m_UTC+0900_DST0_20190630_165251.825.tdms,0001_1khz_50ns_20deci_2m_UTC+0900_DST0_20190630_165251.825\seg_026.png,,,26,26.0,28.0,0,"26,27","0,0"
pohang,1khz_50ns_20deci_2m_UTC+0900_DST0_20190630_165251.825.tdms,0001_1khz_50ns_20deci_2m_UTC+0900_DST0_20190630_165251.825\seg_027.png,,,27,27.0,29.0,0,"27,28","0,0"
pohang,1khz_50ns_20deci_2m_UTC+0900_DST0_20190630_165251.825.tdms,0001_1khz_50ns_20deci_2m_UTC+0900_DST0_20190630_165251.825\seg_028.png,,,28,28.0,30.0,0,"28,29","0,0"
pohang,1khz_50ns_20deci_2m_UTC+0900_DST0_20190702_001621.825.tdms,0002_1khz_50ns_20deci_2m_UTC+0900_DST0_20190702_001621.825\seg_000.png,,,0,0.0,2.0,0,"0,1","0,0"
pohang,1khz_50ns_20deci_2m_UTC+0900_DST0_20190702_001621.825.tdms,0002_1khz_50ns_20deci_2m_UTC+0900_DST0_20190702_001621.825\seg_001.png,,,1,1.0,3.0,0,"1,2","0,0"
pohang,1khz_50ns_20deci_2m_UTC+0900_DST0_20190702_001621.825.tdms,0002_1khz_50ns_20deci_2m_UTC+0900_DST0_20190702_001621.825\seg_002.png,,,2,2.0,4.0,0,"2,3","0,0"
pohang,1khz_50ns_20deci_2m_UTC+0900_DST0_20190702_001621.825.tdms,0002_1khz_50ns_20deci_2m_UTC+0900_DST0_20190702_001621.825\seg_003.png,,,3,3.0,5.0,0,"3,4","0,0"
pohang,1khz_50ns_20deci_2m_UTC+0900_DST0_20190702_001621.825.tdms,0002_1khz_50ns_20deci_2m_UTC+0900_DST0_20190702_001621.825\seg_004.png,,,4,4.0,6.0,0,"4,5","0,0"
pohang,1khz_50ns_20deci_2m_UTC+0900_DST0_20190702_001621.825.tdms,0002_1khz_50ns_20deci_2m_UTC+0900_DST0_20190702_001621.825\seg_005.png,,,5,5.0,7.0,0,"5,6","0,0"
pohang,1khz_50ns_20deci_2m_UTC+0900_DST0_20190702_001621.825.tdms,0002_1khz_50ns_20deci_2m_UTC+0900_DST0_20190702_001621.825\seg_006.png,,,6,6.0,8.0,0,"6,7","0,0"
pohang,1khz_50ns_20deci_2m_UTC+0900_DST0_20190702_001621.825.tdms,0002_1khz_50ns_20deci_2m_UTC+0900_DST0_20190702_001621.825\seg_007.png,,,7,7.0,9.0,0,"7,8","0,0"
pohang,1khz_50ns_20deci_2m_UTC+0900_DST0_20190702_001621.825.tdms,0002_1khz_50ns_20deci_2m_UTC+0900_DST0_20190702_001621.825\seg_008.png,,,8,8.0,10.0,0,"8,9","0,0"
pohang,1khz_50ns_20deci_2m_UTC+0900_DST0_20190702_001621.825.tdms,0002_1khz_50ns_20deci_2m_UTC+0900_DST0_20190702_001621.825\seg_009.png,,,9,9.0,11.0,0,"9,10","0,0"
pohang,1khz_50ns_20deci_2m_UTC+0900_DST0_20190702_001621.825.tdms,0002_1khz_50ns_20deci_2m_UTC+0900_DST0_20190702_001621.825\seg_010.png,,,10,10.0,12.0,0,"10,11","0,0"
pohang,1khz_50ns_20deci_2m_UTC+0900_DST0_20190702_001621.825.tdms,0002_1khz_50ns_20deci_2m_UTC+0900_DST0_20190702_001621.825\seg_011.png,,,11,11.0,13.0,0,"11,12","0,0"
pohang,1khz_50ns_20deci_2m_UTC+0900_DST0_20190702_001621.825.tdms,0002_1khz_50ns_20deci_2m_UTC+0900_DST0_20190702_001621.825\seg_012.png,,,12,12.0,14.0,0,"12,13","0,0"
pohang,1khz_50ns_20deci_2m_UTC+0900_DST0_20190702_001621.825.tdms,0002_1khz_50ns_20deci_2m_UTC+0900_DST0_20190702_001621.825\seg_013.png,,,13,13.0,15.0,0,"13,14","0,0"
pohang,1khz_50ns_20deci_2m_UTC+0900_DST0_20190702_001621.825.tdms,0002_1khz_50ns_20deci_2m_UTC+0900_DST0_20190702_001621.825\seg_014.png,,,14,14.0,16.0,0,"14,15","0,0"
pohang,1khz_50ns_20deci_2m_UTC+0900_DST0_20190702_001621.825.tdms,0002_1khz_50ns_20deci_2m_UTC+0900_DST0_20190702_001621.825\seg_015.png,,,15,15.0,17.0,1,"15,16","0,1"
pohang,1khz_50ns_20deci_2m_UTC+0900_DST0_20190702_001621.825.tdms,0002_1khz_50ns_20deci_2m_UTC+0900_DST0_20190702_001621.825\seg_016.png,,,16,16.0,18.0,1,"16,17","1,1"
pohang,1khz_50ns_20deci_2m_UTC+0900_DST0_20190702_001621.825.tdms,0002_1khz_50ns_20deci_2m_UTC+0900_DST0_20190702_001621.825\seg_017.png,,,17,17.0,19.0,1,"17,18","1,1"
pohang,1khz_50ns_20deci_2m_UTC+0900_DST0_20190702_001621.825.tdms,0002_1khz_50ns_20deci_2m_UTC+0900_DST0_20190702_001621.825\seg_018.png,,,18,18.0,20.0,1,"18,19","1,1"
pohang,1khz_50ns_20deci_2m_UTC+0900_DST0_20190702_001621.825.tdms,0002_1khz_50ns_20deci_2m_UTC+0900_DST0_20190702_001621.825\seg_019.png,,,19,19.0,21.0,1,"19,20","1,0"
pohang,1khz_50ns_20deci_2m_UTC+0900_DST0_20190702_001621.825.tdms,0002_1khz_50ns_20deci_2m_UTC+0900_DST0_20190702_001621.825\seg_020.png,,,20,20.0,22.0,0,"20,21","0,0"
pohang,1khz_50ns_20deci_2m_UTC+0900_DST0_20190702_001621.825.tdms,0002_1khz_50ns_20deci_2m_UTC+0900_DST0_20190702_001621.825\seg_021.png,,,21,21.0,23.0,0,"21,22","0,0"
pohang,1khz_50ns_20deci_2m_UTC+0900_DST0_20190702_001621.825.tdms,0002_1khz_50ns_20deci_2m_UTC+0900_DST0_20190702_001621.825\seg_022.png,,,22,22.0,24.0,0,"22,23","0,0"
pohang,1khz_50ns_20deci_2m_UTC+0900_DST0_20190702_001621.825.tdms,0002_1khz_50ns_20deci_2m_UTC+0900_DST0_20190702_001621.825\seg_023.png,,,23,23.0,25.0,0,"23,24","0,0"
pohang,1khz_50ns_20deci_2m_UTC+0900_DST0_20190702_001621.825.tdms,0002_1khz_50ns_20deci_2m_UTC+0900_DST0_20190702_001621.825\seg_024.png,,,24,24.0,26.0,0,"24,25","0,0"
pohang,1khz_50ns_20deci_2m_UTC+0900_DST0_20190702_001621.825.tdms,0002_1khz_50ns_20deci_2m_UTC+0900_DST0_20190702_001621.825\seg_025.png,,,25,25.0,27.0,0,"25,26","0,0"
pohang,1khz_50ns_20deci_2m_UTC+0900_DST0_20190702_001621.825.tdms,0002_1khz_50ns_20deci_2m_UTC+0900_DST0_20190702_001621.825\seg_026.png,,,26,26.0,28.0,0,"26,27","0,0"
pohang,1khz_50ns_20deci_2m_UTC+0900_DST0_20190702_001621.825.tdms,0002_1khz_50ns_20deci_2m_UTC+0900_DST0_20190702_001621.825\seg_027.png,,,27,27.0,29.0,0,"27,28","0,0"
pohang,1khz_50ns_20deci_2m_UTC+0900_DST0_20190702_001621.825.tdms,0002_1khz_50ns_20deci_2m_UTC+0900_DST0_20190702_001621.825\seg_028.png,,,28,28.0,30.0,0,"28,29","0,0"
pohang,1khz_50ns_20deci_2m_UTC+0900_DST0_20190702_205151.825.tdms,0003_1khz_50ns_20deci_2m_UTC+0900_DST0_20190702_205151.825\seg_000.png,,,0,0.0,2.0,0,"0,1","0,0"
pohang,1khz_50ns_20deci_2m_UTC+0900_DST0_20190702_205151.825.tdms,0003_1khz_50ns_20deci_2m_UTC+0900_DST0_20190702_205151.825\seg_001.png,,,1,1.0,3.0,0,"1,2","0,0"
pohang,1khz_50ns_20deci_2m_UTC+0900_DST0_20190702_205151.825.tdms,0003_1khz_50ns_20deci_2m_UTC+0900_DST0_20190702_205151.825\seg_002.png,,,2,2.0,4.0,0,"2,3","0,0"
pohang,1khz_50ns_20deci_2m_UTC+0900_DST0_20190702_205151.825.tdms,0003_1khz_50ns_20deci_2m_UTC+0900_DST0_20190702_205151.825\seg_003.png,,,3,3.0,5.0,1,"3,4","0,1"
pohang,1khz_50ns_20deci_2m_UTC+0900_DST0_20190702_205151.825.tdms,0003_1khz_50ns_20deci_2m_UTC+0900_DST0_20190702_205151.825\seg_004.png,,,4,4.0,6.0,1,"4,5","1,1"
pohang,1khz_50ns_20deci_2m_UTC+0900_DST0_20190702_205151.825.tdms,0003_1khz_50ns_20deci_2m_UTC+0900_DST0_20190702_205151.825\seg_005.png,,,5,5.0,7.0,1,"5,6","1,1"
pohang,1khz_50ns_20deci_2m_UTC+0900_DST0_20190702_205151.825.tdms,0003_1khz_50ns_20deci_2m_UTC+0900_DST0_20190702_205151.825\seg_006.png,,,6,6.0,8.0,1,"6,7","1,1"
pohang,1khz_50ns_20deci_2m_UTC+0900_DST0_20190702_205151.825.tdms,0003_1khz_50ns_20deci_2m_UTC+0900_DST0_20190702_205151.825\seg_007.png,,,7,7.0,9.0,1,"7,8","1,1"
pohang,1khz_50ns_20deci_2m_UTC+0900_DST0_20190702_205151.825.tdms,0003_1khz_50ns_20deci_2m_UTC+0900_DST0_20190702_205151.825\seg_008.png,,,8,8.0,10.0,1,"8,9","1,1"
pohang,1khz_50ns_20deci_2m_UTC+0900_DST0_20190702_205151.825.tdms,0003_1khz_50ns_20deci_2m_UTC+0900_DST0_20190702_205151.825\seg_009.png,,,9,9.0,11.0,1,"9,10","1,1"
pohang,1khz_50ns_20deci_2m_UTC+0900_DST0_20190702_205151.825.tdms,0003_1khz_50ns_20deci_2m_UTC+0900_DST0_20190702_205151.825\seg_010.png,,,10,10.0,12.0,1,"10,11","1,1"
pohang,1khz_50ns_20deci_2m_UTC+0900_DST0_20190702_205151.825.tdms,0003_1khz_50ns_20deci_2m_UTC+0900_DST0_20190702_205151.825\seg_011.png,,,11,11.0,13.0,1,"11,12","1,1"
pohang,1khz_50ns_20deci_2m_UTC+0900_DST0_20190702_205151.825.tdms,0003_1khz_50ns_20deci_2m_UTC+0900_DST0_20190702_205151.825\seg_012.png,,,12,12.0,14.0,1,"12,13","1,1"
pohang,1khz_50ns_20deci_2m_UTC+0900_DST0_20190702_205151.825.tdms,0003_1khz_50ns_20deci_2m_UTC+0900_DST0_20190702_205151.825\seg_013.png,,,13,13.0,15.0,1,"13,14","1,1"
pohang,1khz_50ns_20deci_2m_UTC+0900_DST0_20190702_205151.825.tdms,0003_1khz_50ns_20deci_2m_UTC+0900_DST0_20190702_205151.825\seg_014.png,,,14,14.0,16.0,1,"14,15","1,1"
pohang,1khz_50ns_20deci_2m_UTC+0900_DST0_20190702_205151.825.tdms,0003_1khz_50ns_20deci_2m_UTC+0900_DST0_20190702_205151.825\seg_015.png,,,15,15.0,17.0,1,"15,16","1,1"
pohang,1khz_50ns_20deci_2m_UTC+0900_DST0_20190702_205151.825.tdms,0003_1khz_50ns_20deci_2m_UTC+0900_DST0_20190702_205151.825\seg_016.png,,,16,16.0,18.0,1,"16,17","1,1"
pohang,1khz_50ns_20deci_2m_UTC+0900_DST0_20190702_205151.825.tdms,0003_1khz_50ns_20deci_2m_UTC+0900_DST0_20190702_205151.825\seg_017.png,,,17,17.0,19.0,1,"17,18","1,1"
pohang,1khz_50ns_20deci_2m_UTC+0900_DST0_20190702_205151.825.tdms,0003_1khz_50ns_20deci_2m_UTC+0900_DST0_20190702_205151.825\seg_018.png,,,18,18.0,20.0,1,"18,19","1,1"
pohang,1khz_50ns_20deci_2m_UTC+0900_DST0_20190702_205151.825.tdms,0003_1khz_50ns_20deci_2m_UTC+0900_DST0_20190702_205151.825\seg_019.png,,,19,19.0,21.0,1,"19,20","1,1"
pohang,1khz_50ns_20deci_2m_UTC+0900_DST0_20190702_205151.825.tdms,0003_1khz_50ns_20deci_2m_UTC+0900_DST0_20190702_205151.825\seg_020.png,,,20,20.0,22.0,1,"20,21","1,1"
pohang,1khz_50ns_20deci_2m_UTC+0900_DST0_20190702_205151.825.tdms,0003_1khz_50ns_20deci_2m_UTC+0900_DST0_20190702_205151.825\seg_021.png,,,21,21.0,23.0,1,"21,22","1,1"
pohang,1khz_50ns_20deci_2m_UTC+0900_DST0_20190702_205151.825.tdms,0003_1khz_50ns_20deci_2m_UTC+0900_DST0_20190702_205151.825\seg_022.png,,,22,22.0,24.0,1,"22,23","1,1"
pohang,1khz_50ns_20deci_2m_UTC+0900_DST0_20190702_205151.825.tdms,0003_1khz_50ns_20deci_2m_UTC+0900_DST0_20190702_205151.825\seg_023.png,,,23,23.0,25.0,1,"23,24","1,1"
pohang,1khz_50ns_20deci_2m_UTC+0900_DST0_20190702_205151.825.tdms,0003_1khz_50ns_20deci_2m_UTC+0900_DST0_20190702_205151.825\seg_024.png,,,24,24.0,26.0,1,"24,25","1,1"
pohang,1khz_50ns_20deci_2m_UTC+0900_DST0_20190702_205151.825.tdms,0003_1khz_50ns_20deci_2m_UTC+0900_DST0_20190702_205151.825\seg_025.png,,,25,25.0,27.0,1,"25,26","1,1"
pohang,1khz_50ns_20deci_2m_UTC+0900_DST0_20190702_205151.825.tdms,0003_1khz_50ns_20deci_2m_UTC+0900_DST0_20190702_205151.825\seg_026.png,,,26,26.0,28.0,1,"26,27","1,1"
pohang,1khz_50ns_20deci_2m_UTC+0900_DST0_20190702_205151.825.tdms,0003_1khz_50ns_20deci_2m_UTC+0900_DST0_20190702_205151.825\seg_027.png,,,27,27.0,29.0,1,"27,28","1,1"
pohang,1khz_50ns_20deci_2m_UTC+0900_DST0_20190702_205151.825.tdms,0003_1khz_50ns_20deci_2m_UTC+0900_DST0_20190702_205151.825\seg_028.png,,,28,28.0,30.0,1,"28,29","1,1"
pohang,1khz_50ns_20deci_2m_UTC+0900_DST0_20190703_034051.825.tdms,0004_1khz_50ns_20deci_2m_UTC+0900_DST0_20190703_034051.825\seg_000.png,,,0,0.0,2.0,0,"0,1","0,0"
pohang,1khz_50ns_20deci_2m_UTC+0900_DST0_20190703_034051.825.tdms,0004_1khz_50ns_20deci_2m_UTC+0900_DST0_20190703_034051.825\seg_001.png,,,1,1.0,3.0,0,"1,2","0,0"
pohang,1khz_50ns_20deci_2m_UTC+0900_DST0_20190703_034051.825.tdms,0004_1khz_50ns_20deci_2m_UTC+0900_DST0_20190703_034051.825\seg_002.png,,,2,2.0,4.0,0,"2,3","0,0"
pohang,1khz_50ns_20deci_2m_UTC+0900_DST0_20190703_034051.825.tdms,0004_1khz_50ns_20deci_2m_UTC+0900_DST0_20190703_034051.825\seg_003.png,,,3,3.0,5.0,1,"3,4","0,1"
pohang,1khz_50ns_20deci_2m_UTC+0900_DST0_20190703_034051.825.tdms,0004_1khz_50ns_20deci_2m_UTC+0900_DST0_20190703_034051.825\seg_004.png,,,4,4.0,6.0,1,"4,5","1,1"
pohang,1khz_50ns_20deci_2m_UTC+0900_DST0_20190703_034051.825.tdms,0004_1khz_50ns_20deci_2m_UTC+0900_DST0_20190703_034051.825\seg_005.png,,,5,5.0,7.0,1,"5,6","1,0"
pohang,1khz_50ns_20deci_2m_UTC+0900_DST0_20190703_034051.825.tdms,0004_1khz_50ns_20deci_2m_UTC+0900_DST0_20190703_034051.825\seg_006.png,,,6,6.0,8.0,0,"6,7","0,0"
pohang,1khz_50ns_20deci_2m_UTC+0900_DST0_20190703_034051.825.tdms,0004_1khz_50ns_20deci_2m_UTC+0900_DST0_20190703_034051.825\seg_007.png,,,7,7.0,9.0,0,"7,8","0,0"
pohang,1khz_50ns_20deci_2m_UTC+0900_DST0_20190703_034051.825.tdms,0004_1khz_50ns_20deci_2m_UTC+0900_DST0_20190703_034051.825\seg_008.png,,,8,8.0,10.0,0,"8,9","0,0"
pohang,1khz_50ns_20deci_2m_UTC+0900_DST0_20190703_034051.825.tdms,0004_1khz_50ns_20deci_2m_UTC+0900_DST0_20190703_034051.825\seg_009.png,,,9,9.0,11.0,0,"9,10","0,0"
pohang,1khz_50ns_20deci_2m_UTC+0900_DST0_20190703_034051.825.tdms,0004_1khz_50ns_20deci_2m_UTC+0900_DST0_20190703_034051.825\seg_010.png,,,10,10.0,12.0,0,"10,11","0,0"
pohang,1khz_50ns_20deci_2m_UTC+0900_DST0_20190703_034051.825.tdms,0004_1khz_50ns_20deci_2m_UTC+0900_DST0_20190703_034051.825\seg_011.png,,,11,11.0,13.0,0,"11,12","0,0"
pohang,1khz_50ns_20deci_2m_UTC+0900_DST0_20190703_034051.825.tdms,0004_1khz_50ns_20deci_2m_UTC+0900_DST0_20190703_034051.825\seg_012.png,,,12,12.0,14.0,0,"12,13","0,0"
pohang,1khz_50ns_20deci_2m_UTC+0900_DST0_20190703_034051.825.tdms,0004_1khz_50ns_20deci_2m_UTC+0900_DST0_20190703_034051.825\seg_013.png,,,13,13.0,15.0,0,"13,14","0,0"
pohang,1khz_50ns_20deci_2m_UTC+0900_DST0_20190703_034051.825.tdms,0004_1khz_50ns_20deci_2m_UTC+0900_DST0_20190703_034051.825\seg_014.png,,,14,14.0,16.0,0,"14,15","0,0"
pohang,1khz_50ns_20deci_2m_UTC+0900_DST0_20190703_034051.825.tdms,0004_1khz_50ns_20deci_2m_UTC+0900_DST0_20190703_034051.825\seg_015.png,,,15,15.0,17.0,0,"15,16","0,0"
pohang,1khz_50ns_20deci_2m_UTC+0900_DST0_20190703_034051.825.tdms,0004_1khz_50ns_20deci_2m_UTC+0900_DST0_20190703_034051.825\seg_016.png,,,16,16.0,18.0,0,"16,17","0,0"
pohang,1khz_50ns_20deci_2m_UTC+0900_DST0_20190703_034051.825.tdms,0004_1khz_50ns_20deci_2m_UTC+0900_DST0_20190703_034051.825\seg_017.png,,,17,17.0,19.0,0,"17,18","0,0"
pohang,1khz_50ns_20deci_2m_UTC+0900_DST0_20190703_034051.825.tdms,0004_1khz_50ns_20deci_2m_UTC+0900_DST0_20190703_034051.825\seg_018.png,,,18,18.0,20.0,0,"18,19","0,0"
pohang,1khz_50ns_20deci_2m_UTC+0900_DST0_20190703_034051.825.tdms,0004_1khz_50ns_20deci_2m_UTC+0900_DST0_20190703_034051.825\seg_019.png,,,19,19.0,21.0,0,"19,20","0,0"
pohang,1khz_50ns_20deci_2m_UTC+0900_DST0_20190703_034051.825.tdms,0004_1khz_50ns_20deci_2m_UTC+0900_DST0_20190703_034051.825\seg_020.png,,,20,20.0,22.0,0,"20,21","0,0"
pohang,1khz_50ns_20deci_2m_UTC+0900_DST0_20190703_034051.825.tdms,0004_1khz_50ns_20deci_2m_UTC+0900_DST0_20190703_034051.825\seg_021.png,,,21,21.0,23.0,0,"21,22","0,0"
pohang,1khz_50ns_20deci_2m_UTC+0900_DST0_20190703_034051.825.tdms,0004_1khz_50ns_20deci_2m_UTC+0900_DST0_20190703_034051.825\seg_022.png,,,22,22.0,24.0,0,"22,23","0,0"
pohang,1khz_50ns_20deci_2m_UTC+0900_DST0_20190703_034051.825.tdms,0004_1khz_50ns_20deci_2m_UTC+0900_DST0_20190703_034051.825\seg_023.png,,,23,23.0,25.0,0,"23,24","0,0"
pohang,1khz_50ns_20deci_2m_UTC+0900_DST0_20190703_034051.825.tdms,0004_1khz_50ns_20deci_2m_UTC+0900_DST0_20190703_034051.825\seg_024.png,,,24,24.0,26.0,0,"24,25","0,0"
pohang,1khz_50ns_20deci_2m_UTC+0900_DST0_20190703_034051.825.tdms,0004_1khz_50ns_20deci_2m_UTC+0900_DST0_20190703_034051.825\seg_025.png,,,25,25.0,27.0,0,"25,26","0,0"
pohang,1khz_50ns_20deci_2m_UTC+0900_DST0_20190703_034051.825.tdms,0004_1khz_50ns_20deci_2m_UTC+0900_DST0_20190703_034051.825\seg_026.png,,,26,26.0,28.0,0,"26,27","0,0"
pohang,1khz_50ns_20deci_2m_UTC+0900_DST0_20190703_034051.825.tdms,0004_1khz_50ns_20deci_2m_UTC+0900_DST0_20190703_034051.825\seg_027.png,,,27,27.0,29.0,0,"27,28","0,0"
pohang,1khz_50ns_20deci_2m_UTC+0900_DST0_20190703_034051.825.tdms,0004_1khz_50ns_20deci_2m_UTC+0900_DST0_20190703_034051.825\seg_028.png,,,28,28.0,30.0,0,"28,29","0,0"
pohang,1khz_50ns_20deci_2m_UTC+0900_DST0_20190704_011651.825.tdms,0005_1khz_50ns_20deci_2m_UTC+0900_DST0_20190704_011651.825\seg_000.png,,,0,0.0,2.0,0,"0,1","0,0"
pohang,1khz_50ns_20deci_2m_UTC+0900_DST0_20190704_011651.825.tdms,0005_1khz_50ns_20deci_2m_UTC+0900_DST0_20190704_011651.825\seg_001.png,,,1,1.0,3.0,0,"1,2","0,0"
pohang,1khz_50ns_20deci_2m_UTC+0900_DST0_20190704_011651.825.tdms,0005_1khz_50ns_20deci_2m_UTC+0900_DST0_20190704_011651.825\seg_002.png,,,2,2.0,4.0,0,"2,3","0,0"
pohang,1khz_50ns_20deci_2m_UTC+0900_DST0_20190704_011651.825.tdms,0005_1khz_50ns_20deci_2m_UTC+0900_DST0_20190704_011651.825\seg_003.png,,,3,3.0,5.0,0,"3,4","0,0"
pohang,1khz_50ns_20deci_2m_UTC+0900_DST0_20190704_011651.825.tdms,0005_1khz_50ns_20deci_2m_UTC+0900_DST0_20190704_011651.825\seg_004.png,,,4,4.0,6.0,0,"4,5","0,0"
pohang,1khz_50ns_20deci_2m_UTC+0900_DST0_20190704_011651.825.tdms,0005_1khz_50ns_20deci_2m_UTC+0900_DST0_20190704_011651.825\seg_005.png,,,5,5.0,7.0,0,"5,6","0,0"
pohang,1khz_50ns_20deci_2m_UTC+0900_DST0_20190704_011651.825.tdms,0005_1khz_50ns_20deci_2m_UTC+0900_DST0_20190704_011651.825\seg_006.png,,,6,6.0,8.0,0,"6,7","0,0"
pohang,1khz_50ns_20deci_2m_UTC+0900_DST0_20190704_011651.825.tdms,0005_1khz_50ns_20deci_2m_UTC+0900_DST0_20190704_011651.825\seg_007.png,,,7,7.0,9.0,0,"7,8","0,0"
pohang,1khz_50ns_20deci_2m_UTC+0900_DST0_20190704_011651.825.tdms,0005_1khz_50ns_20deci_2m_UTC+0900_DST0_20190704_011651.825\seg_008.png,,,8,8.0,10.0,0,"8,9","0,0"
pohang,1khz_50ns_20deci_2m_UTC+0900_DST0_20190704_011651.825.tdms,0005_1khz_50ns_20deci_2m_UTC+0900_DST0_20190704_011651.825\seg_009.png,,,9,9.0,11.0,0,"9,10","0,0"
pohang,1khz_50ns_20deci_2m_UTC+0900_DST0_20190704_011651.825.tdms,0005_1khz_50ns_20deci_2m_UTC+0900_DST0_20190704_011651.825\seg_010.png,,,10,10.0,12.0,0,"10,11","0,0"
pohang,1khz_50ns_20deci_2m_UTC+0900_DST0_20190704_011651.825.tdms,0005_1khz_50ns_20deci_2m_UTC+0900_DST0_20190704_011651.825\seg_011.png,,,11,11.0,13.0,0,"11,12","0,0"
pohang,1khz_50ns_20deci_2m_UTC+0900_DST0_20190704_011651.825.tdms,0005_1khz_50ns_20deci_2m_UTC+0900_DST0_20190704_011651.825\seg_012.png,,,12,12.0,14.0,0,"12,13","0,0"
pohang,1khz_50ns_20deci_2m_UTC+0900_DST0_20190704_011651.825.tdms,0005_1khz_50ns_20deci_2m_UTC+0900_DST0_20190704_011651.825\seg_013.png,,,13,13.0,15.0,0,"13,14","0,0"
pohang,1khz_50ns_20deci_2m_UTC+0900_DST0_20190704_011651.825.tdms,0005_1khz_50ns_20deci_2m_UTC+0900_DST0_20190704_011651.825\seg_014.png,,,14,14.0,16.0,0,"14,15","0,0"
pohang,1khz_50ns_20deci_2m_UTC+0900_DST0_20190704_011651.825.tdms,0005_1khz_50ns_20deci_2m_UTC+0900_DST0_20190704_011651.825\seg_015.png,,,15,15.0,17.0,0,"15,16","0,0"
pohang,1khz_50ns_20deci_2m_UTC+0900_DST0_20190704_011651.825.tdms,0005_1khz_50ns_20deci_2m_UTC+0900_DST0_20190704_011651.825\seg_016.png,,,16,16.0,18.0,0,"16,17","0,0"
pohang,1khz_50ns_20deci_2m_UTC+0900_DST0_20190704_011651.825.tdms,0005_1khz_50ns_20deci_2m_UTC+0900_DST0_20190704_011651.825\seg_017.png,,,17,17.0,19.0,0,"17,18","0,0"
pohang,1khz_50ns_20deci_2m_UTC+0900_DST0_20190704_011651.825.tdms,0005_1khz_50ns_20deci_2m_UTC+0900_DST0_20190704_011651.825\seg_018.png,,,18,18.0,20.0,0,"18,19","0,0"
pohang,1khz_50ns_20deci_2m_UTC+0900_DST0_20190704_011651.825.tdms,0005_1khz_50ns_20deci_2m_UTC+0900_DST0_20190704_011651.825\seg_019.png,,,19,19.0,21.0,0,"19,20","0,0"
pohang,1khz_50ns_20deci_2m_UTC+0900_DST0_20190704_011651.825.tdms,0005_1khz_50ns_20deci_2m_UTC+0900_DST0_20190704_011651.825\seg_020.png,,,20,20.0,22.0,0,"20,21","0,0"
pohang,1khz_50ns_20deci_2m_UTC+0900_DST0_20190704_011651.825.tdms,0005_1khz_50ns_20deci_2m_UTC+0900_DST0_20190704_011651.825\seg_021.png,,,21,21.0,23.0,1,"21,22","0,1"
pohang,1khz_50ns_20deci_2m_UTC+0900_DST0_20190704_011651.825.tdms,0005_1khz_50ns_20deci_2m_UTC+0900_DST0_20190704_011651.825\seg_022.png,,,22,22.0,24.0,1,"22,23","1,1"
pohang,1khz_50ns_20deci_2m_UTC+0900_DST0_20190704_011651.825.tdms,0005_1khz_50ns_20deci_2m_UTC+0900_DST0_20190704_011651.825\seg_023.png,,,23,23.0,25.0,1,"23,24","1,1"
pohang,1khz_50ns_20deci_2m_UTC+0900_DST0_20190704_011651.825.tdms,0005_1khz_50ns_20deci_2m_UTC+0900_DST0_20190704_011651.825\seg_024.png,,,24,24.0,26.0,1,"24,25","1,1"
pohang,1khz_50ns_20deci_2m_UTC+0900_DST0_20190704_011651.825.tdms,0005_1khz_50ns_20deci_2m_UTC+0900_DST0_20190704_011651.825\seg_025.png,,,25,25.0,27.0,1,"25,26","1,1"
pohang,1khz_50ns_20deci_2m_UTC+0900_DST0_20190704_011651.825.tdms,0005_1khz_50ns_20deci_2m_UTC+0900_DST0_20190704_011651.825\seg_026.png,,,26,26.0,28.0,1,"26,27","1,1"
pohang,1khz_50ns_20deci_2m_UTC+0900_DST0_20190704_011651.825.tdms,0005_1khz_50ns_20deci_2m_UTC+0900_DST0_20190704_011651.825\seg_027.png,,,27,27.0,29.0,1,"27,28","1,1"
pohang,1khz_50ns_20deci_2m_UTC+0900_DST0_20190704_011651.825.tdms,0005_1khz_50ns_20deci_2m_UTC+0900_DST0_20190704_011651.825\seg_028.png,,,28,28.0,30.0,1,"28,29","1,1"
pohang,1khz_50ns_20deci_2m_UTC+0900_DST0_20190706_145021.825.tdms,0006_1khz_50ns_20deci_2m_UTC+0900_DST0_20190706_145021.825\seg_000.png,,,0,0.0,2.0,0,"0,1","0,0"
pohang,1khz_50ns_20deci_2m_UTC+0900_DST0_20190706_145021.825.tdms,0006_1khz_50ns_20deci_2m_UTC+0900_DST0_20190706_145021.825\seg_001.png,,,1,1.0,3.0,0,"1,2","0,0"
pohang,1khz_50ns_20deci_2m_UTC+0900_DST0_20190706_145021.825.tdms,0006_1khz_50ns_20deci_2m_UTC+0900_DST0_20190706_145021.825\seg_002.png,,,2,2.0,4.0,0,"2,3","0,0"
pohang,1khz_50ns_20deci_2m_UTC+0900_DST0_20190706_145021.825.tdms,0006_1khz_50ns_20deci_2m_UTC+0900_DST0_20190706_145021.825\seg_003.png,,,3,3.0,5.0,0,"3,4","0,0"
pohang,1khz_50ns_20deci_2m_UTC+0900_DST0_20190706_145021.825.tdms,0006_1khz_50ns_20deci_2m_UTC+0900_DST0_20190706_145021.825\seg_004.png,,,4,4.0,6.0,0,"4,5","0,0"
pohang,1khz_50ns_20deci_2m_UTC+0900_DST0_20190706_145021.825.tdms,0006_1khz_50ns_20deci_2m_UTC+0900_DST0_20190706_145021.825\seg_005.png,,,5,5.0,7.0,0,"5,6","0,0"
pohang,1khz_50ns_20deci_2m_UTC+0900_DST0_20190706_145021.825.tdms,0006_1khz_50ns_20deci_2m_UTC+0900_DST0_20190706_145021.825\seg_006.png,,,6,6.0,8.0,0,"6,7","0,0"
pohang,1khz_50ns_20deci_2m_UTC+0900_DST0_20190706_145021.825.tdms,0006_1khz_50ns_20deci_2m_UTC+0900_DST0_20190706_145021.825\seg_007.png,,,7,7.0,9.0,0,"7,8","0,0"
pohang,1khz_50ns_20deci_2m_UTC+0900_DST0_20190706_145021.825.tdms,0006_1khz_50ns_20deci_2m_UTC+0900_DST0_20190706_145021.825\seg_008.png,,,8,8.0,10.0,0,"8,9","0,0"
pohang,1khz_50ns_20deci_2m_UTC+0900_DST0_20190706_145021.825.tdms,0006_1khz_50ns_20deci_2m_UTC+0900_DST0_20190706_145021.825\seg_009.png,,,9,9.0,11.0,0,"9,10","0,0"
pohang,1khz_50ns_20deci_2m_UTC+0900_DST0_20190706_145021.825.tdms,0006_1khz_50ns_20deci_2m_UTC+0900_DST0_20190706_145021.825\seg_010.png,,,10,10.0,12.0,0,"10,11","0,0"
pohang,1khz_50ns_20deci_2m_UTC+0900_DST0_20190706_145021.825.tdms,0006_1khz_50ns_20deci_2m_UTC+0900_DST0_20190706_145021.825\seg_011.png,,,11,11.0,13.0,0,"11,12","0,0"
pohang,1khz_50ns_20deci_2m_UTC+0900_DST0_20190706_145021.825.tdms,0006_1khz_50ns_20deci_2m_UTC+0900_DST0_20190706_145021.825\seg_012.png,,,12,12.0,14.0,0,"12,13","0,0"
pohang,1khz_50ns_20deci_2m_UTC+0900_DST0_20190706_145021.825.tdms,0006_1khz_50ns_20deci_2m_UTC+0900_DST0_20190706_145021.825\seg_013.png,,,13,13.0,15.0,0,"13,14","0,0"
pohang,1khz_50ns_20deci_2m_UTC+0900_DST0_20190706_145021.825.tdms,0006_1khz_50ns_20deci_2m_UTC+0900_DST0_20190706_145021.825\seg_014.png,,,14,14.0,16.0,0,"14,15","0,0"
pohang,1khz_50ns_20deci_2m_UTC+0900_DST0_20190706_145021.825.tdms,0006_1khz_50ns_20deci_2m_UTC+0900_DST0_20190706_145021.825\seg_015.png,,,15,15.0,17.0,0,"15,16","0,0"
pohang,1khz_50ns_20deci_2m_UTC+0900_DST0_20190706_145021.825.tdms,0006_1khz_50ns_20deci_2m_UTC+0900_DST0_20190706_145021.825\seg_016.png,,,16,16.0,18.0,0,"16,17","0,0"
pohang,1khz_50ns_20deci_2m_UTC+0900_DST0_20190706_145021.825.tdms,0006_1khz_50ns_20deci_2m_UTC+0900_DST0_20190706_145021.825\seg_017.png,,,17,17.0,19.0,0,"17,18","0,0"
pohang,1khz_50ns_20deci_2m_UTC+0900_DST0_20190706_145021.825.tdms,0006_1khz_50ns_20deci_2m_UTC+0900_DST0_20190706_145021.825\seg_018.png,,,18,18.0,20.0,0,"18,19","0,0"
pohang,1khz_50ns_20deci_2m_UTC+0900_DST0_20190706_145021.825.tdms,0006_1khz_50ns_20deci_2m_UTC+0900_DST0_20190706_145021.825\seg_019.png,,,19,19.0,21.0,0,"19,20","0,0"
pohang,1khz_50ns_20deci_2m_UTC+0900_DST0_20190706_145021.825.tdms,0006_1khz_50ns_20deci_2m_UTC+0900_DST0_20190706_145021.825\seg_020.png,,,20,20.0,22.0,0,"20,21","0,0"
pohang,1khz_50ns_20deci_2m_UTC+0900_DST0_20190706_145021.825.tdms,0006_1khz_50ns_20deci_2m_UTC+0900_DST0_20190706_145021.825\seg_021.png,,,21,21.0,23.0,1,"21,22","0,1"
pohang,1khz_50ns_20deci_2m_UTC+0900_DST0_20190706_145021.825.tdms,0006_1khz_50ns_20deci_2m_UTC+0900_DST0_20190706_145021.825\seg_022.png,,,22,22.0,24.0,1,"22,23","1,1"
pohang,1khz_50ns_20deci_2m_UTC+0900_DST0_20190706_145021.825.tdms,0006_1khz_50ns_20deci_2m_UTC+0900_DST0_20190706_145021.825\seg_023.png,,,23,23.0,25.0,1,"23,24","1,1"
pohang,1khz_50ns_20deci_2m_UTC+0900_DST0_20190706_145021.825.tdms,0006_1khz_50ns_20deci_2m_UTC+0900_DST0_20190706_145021.825\seg_024.png,,,24,24.0,26.0,1,"24,25","1,1"
pohang,1khz_50ns_20deci_2m_UTC+0900_DST0_20190706_145021.825.tdms,0006_1khz_50ns_20deci_2m_UTC+0900_DST0_20190706_145021.825\seg_025.png,,,25,25.0,27.0,1,"25,26","1,1"
pohang,1khz_50ns_20deci_2m_UTC+0900_DST0_20190706_145021.825.tdms,0006_1khz_50ns_20deci_2m_UTC+0900_DST0_20190706_145021.825\seg_026.png,,,26,26.0,28.0,1,"26,27","1,1"
pohang,1khz_50ns_20deci_2m_UTC+0900_DST0_20190706_145021.825.tdms,0006_1khz_50ns_20deci_2m_UTC+0900_DST0_20190706_145021.825\seg_027.png,,,27,27.0,29.0,1,"27,28","1,1"
pohang,1khz_50ns_20deci_2m_UTC+0900_DST0_20190706_145021.825.tdms,0006_1khz_50ns_20deci_2m_UTC+0900_DST0_20190706_145021.825\seg_028.png,,,28,28.0,30.0,1,"28,29","1,1"
pohang,1khz_50ns_20deci_2m_UTC+0900_DST0_20190708_083251.825.tdms,0008_1khz_50ns_20deci_2m_UTC+0900_DST0_20190708_083251.825\seg_000.png,,,1,0.0,2.0,0,"1,2","0,0"
pohang,1khz_50ns_20deci_2m_UTC+0900_DST0_20190708_083251.825.tdms,0008_1khz_50ns_20deci_2m_UTC+0900_DST0_20190708_083251.825\seg_001.png,,,3,1.0,3.0,0,"3,4","0,0"
pohang,1khz_50ns_20deci_2m_UTC+0900_DST0_20190708_083251.825.tdms,0008_1khz_50ns_20deci_2m_UTC+0900_DST0_20190708_083251.825\seg_002.png,,,5,2.0,4.0,0,"5,6","0,0"
pohang,1khz_50ns_20deci_2m_UTC+0900_DST0_20190708_083251.825.tdms,0008_1khz_50ns_20deci_2m_UTC+0900_DST0_20190708_083251.825\seg_003.png,,,7,3.0,5.0,0,"7,8","0,0"
pohang,1khz_50ns_20deci_2m_UTC+0900_DST0_20190708_083251.825.tdms,0008_1khz_50ns_20deci_2m_UTC+0900_DST0_20190708_083251.825\seg_004.png,,,9,4.0,6.0,0,"9,10","0,0"
pohang,1khz_50ns_20deci_2m_UTC+0900_DST0_20190708_083251.825.tdms,0008_1khz_50ns_20deci_2m_UTC+0900_DST0_20190708_083251.825\seg_005.png,,,11,5.0,7.0,0,"11,12","0,0"
pohang,1khz_50ns_20deci_2m_UTC+0900_DST0_20190708_083251.825.tdms,0008_1khz_50ns_20deci_2m_UTC+0900_DST0_20190708_083251.825\seg_006.png,,,13,6.0,8.0,0,"13,14","0,0"
pohang,1khz_50ns_20deci_2m_UTC+0900_DST0_20190708_083251.825.tdms,0008_1khz_50ns_20deci_2m_UTC+0900_DST0_20190708_083251.825\seg_007.png,,,15,7.0,9.0,0,"15,16","0,0"
pohang,1khz_50ns_20deci_2m_UTC+0900_DST0_20190708_083251.825.tdms,0008_1khz_50ns_20deci_2m_UTC+0900_DST0_20190708_083251.825\seg_008.png,,,17,8.0,10.0,0,"17,18","0,0"
pohang,1khz_50ns_20deci_2m_UTC+0900_DST0_20190708_083251.825.tdms,0008_1khz_50ns_20deci_2m_UTC+0900_DST0_20190708_083251.825\seg_009.png,,,19,9.0,11.0,0,"19,20","0,0"
pohang,1khz_50ns_20deci_2m_UTC+0900_DST0_20190708_083251.825.tdms,0008_1khz_50ns_20deci_2m_UTC+0900_DST0_20190708_083251.825\seg_010.png,,,21,10.0,12.0,0,"21,22","0,0"
pohang,1khz_50ns_20deci_2m_UTC+0900_DST0_20190708_083251.825.tdms,0008_1khz_50ns_20deci_2m_UTC+0900_DST0_20190708_083251.825\seg_011.png,,,23,11.0,13.0,0,"23,24","0,0"
pohang,1khz_50ns_20deci_2m_UTC+0900_DST0_20190708_083251.825.tdms,0008_1khz_50ns_20deci_2m_UTC+0900_DST0_20190708_083251.825\seg_012.png,,,25,12.0,14.0,0,"25,26","0,0"
pohang,1khz_50ns_20deci_2m_UTC+0900_DST0_20190708_083251.825.tdms,0008_1khz_50ns_20deci_2m_UTC+0900_DST0_20190708_083251.825\seg_013.png,,,27,13.0,15.0,0,"27,28","0,0"
pohang,1khz_50ns_20deci_2m_UTC+0900_DST0_20190708_083251.825.tdms,0008_1khz_50ns_20deci_2m_UTC+0900_DST0_20190708_083251.825\seg_014.png,,,29,14.0,16.0,0,"29,30","0,0"
pohang,1khz_50ns_20deci_2m_UTC+0900_DST0_20190708_083251.825.tdms,0008_1khz_50ns_20deci_2m_UTC+0900_DST0_20190708_083251.825\seg_015.png,,,31,15.0,17.0,0,"31,32","0,0"
pohang,1khz_50ns_20deci_2m_UTC+0900_DST0_20190708_083251.825.tdms,0008_1khz_50ns_20deci_2m_UTC+0900_DST0_20190708_083251.825\seg_016.png,,,33,16.0,18.0,0,"33,34","0,0"
pohang,1khz_50ns_20deci_2m_UTC+0900_DST0_20190708_083251.825.tdms,0008_1khz_50ns_20deci_2m_UTC+0900_DST0_20190708_083251.825\seg_017.png,,,35,17.0,19.0,0,"35,36","0,0"
pohang,1khz_50ns_20deci_2m_UTC+0900_DST0_20190708_083251.825.tdms,0008_1khz_50ns_20deci_2m_UTC+0900_DST0_20190708_083251.825\seg_018.png,,,37,18.0,20.0,0,"37,38","0,0"
pohang,1khz_50ns_20deci_2m_UTC+0900_DST0_20190708_083251.825.tdms,0008_1khz_50ns_20deci_2m_UTC+0900_DST0_20190708_083251.825\seg_019.png,,,39,19.0,21.0,0,"39,40","0,0"
pohang,1khz_50ns_20deci_2m_UTC+0900_DST0_20190708_083251.825.tdms,0008_1khz_50ns_20deci_2m_UTC+0900_DST0_20190708_083251.825\seg_020.png,,,41,20.0,22.0,0,"41,42","0,0"
pohang,1khz_50ns_20deci_2m_UTC+0900_DST0_20190708_083251.825.tdms,0008_1khz_50ns_20deci_2m_UTC+0900_DST0_20190708_083251.825\seg_021.png,,,43,21.0,23.0,0,"43,44","0,0"
pohang,1khz_50ns_20deci_2m_UTC+0900_DST0_20190708_083251.825.tdms,0008_1khz_50ns_20deci_2m_UTC+0900_DST0_20190708_083251.825\seg_022.png,,,45,22.0,24.0,0,"45,46","0,0"
pohang,1khz_50ns_20deci_2m_UTC+0900_DST0_20190708_083251.825.tdms,0008_1khz_50ns_20deci_2m_UTC+0900_DST0_20190708_083251.825\seg_023.png,,,47,23.0,25.0,0,"47,48","0,0"
pohang,1khz_50ns_20deci_2m_UTC+0900_DST0_20190708_083251.825.tdms,0008_1khz_50ns_20deci_2m_UTC+0900_DST0_20190708_083251.825\seg_024.png,,,49,24.0,26.0,0,"49,50","0,0"
pohang,1khz_50ns_20deci_2m_UTC+0900_DST0_20190708_083251.825.tdms,0008_1khz_50ns_20deci_2m_UTC+0900_DST0_20190708_083251.825\seg_025.png,,,51,25.0,27.0,0,"51,52","0,0"
pohang,1khz_50ns_20deci_2m_UTC+0900_DST0_20190708_083251.825.tdms,0008_1khz_50ns_20deci_2m_UTC+0900_DST0_20190708_083251.825\seg_026.png,,,53,26.0,28.0,0,"53,54","0,0"
pohang,1khz_50ns_20deci_2m_UTC+0900_DST0_20190708_083251.825.tdms,0008_1khz_50ns_20deci_2m_UTC+0900_DST0_20190708_083251.825\seg_027.png,,,55,27.0,29.0,0,"55,56","0,0"
pohang,1khz_50ns_20deci_2m_UTC+0900_DST0_20190708_083251.825.tdms,0008_1khz_50ns_20deci_2m_UTC+0900_DST0_20190708_083251.825\seg_028.png,,,57,28.0,30.0,0,"57,58","0,0"
pohang,1khz_50ns_20deci_2m_UTC_20190712_110659.996.tdms,0009_1khz_50ns_20deci_2m_UTC_20190712_110659.996\seg_000.png,,,0,0.0,2.0,0,"0,1","0,0"
pohang,1khz_50ns_20deci_2m_UTC_20190712_110659.996.tdms,0009_1khz_50ns_20deci_2m_UTC_20190712_110659.996\seg_001.png,,,1,1.0,3.0,0,"1,2","0,0"
pohang,1khz_50ns_20deci_2m_UTC_20190712_110659.996.tdms,0009_1khz_50ns_20deci_2m_UTC_20190712_110659.996\seg_002.png,,,2,2.0,4.0,0,"2,3","0,0"
pohang,1khz_50ns_20deci_2m_UTC_20190712_110659.996.tdms,0009_1khz_50ns_20deci_2m_UTC_20190712_110659.996\seg_003.png,,,3,3.0,5.0,0,"3,4","0,0"
pohang,1khz_50ns_20deci_2m_UTC_20190712_110659.996.tdms,0009_1khz_50ns_20deci_2m_UTC_20190712_110659.996\seg_004.png,,,4,4.0,6.0,0,"4,5","0,0"
pohang,1khz_50ns_20deci_2m_UTC_20190712_110659.996.tdms,0009_1khz_50ns_20deci_2m_UTC_20190712_110659.996\seg_005.png,,,5,5.0,7.0,0,"5,6","0,0"
pohang,1khz_50ns_20deci_2m_UTC_20190712_110659.996.tdms,0009_1khz_50ns_20deci_2m_UTC_20190712_110659.996\seg_006.png,,,6,6.0,8.0,0,"6,7","0,0"
pohang,1khz_50ns_20deci_2m_UTC_20190712_110659.996.tdms,0009_1khz_50ns_20deci_2m_UTC_20190712_110659.996\seg_007.png,,,7,7.0,9.0,0,"7,8","0,0"
pohang,1khz_50ns_20deci_2m_UTC_20190712_110659.996.tdms,0009_1khz_50ns_20deci_2m_UTC_20190712_110659.996\seg_008.png,,,8,8.0,10.0,0,"8,9","0,0"
pohang,1khz_50ns_20deci_2m_UTC_20190712_110659.996.tdms,0009_1khz_50ns_20deci_2m_UTC_20190712_110659.996\seg_009.png,,,9,9.0,11.0,0,"9,10","0,0"
pohang,1khz_50ns_20deci_2m_UTC_20190712_110659.996.tdms,0009_1khz_50ns_20deci_2m_UTC_20190712_110659.996\seg_010.png,,,10,10.0,12.0,0,"10,11","0,0"
pohang,1khz_50ns_20deci_2m_UTC_20190712_110659.996.tdms,0009_1khz_50ns_20deci_2m_UTC_20190712_110659.996\seg_011.png,,,11,11.0,13.0,1,"11,12","0,1"
pohang,1khz_50ns_20deci_2m_UTC_20190712_110659.996.tdms,0009_1khz_50ns_20deci_2m_UTC_20190712_110659.996\seg_012.png,,,12,12.0,14.0,1,"12,13","1,1"
pohang,1khz_50ns_20deci_2m_UTC_20190712_110659.996.tdms,0009_1khz_50ns_20deci_2m_UTC_20190712_110659.996\seg_013.png,,,13,13.0,15.0,1,"13,14","1,1"
pohang,1khz_50ns_20deci_2m_UTC_20190712_110659.996.tdms,0009_1khz_50ns_20deci_2m_UTC_20190712_110659.996\seg_014.png,,,14,14.0,16.0,1,"14,15","1,1"
pohang,1khz_50ns_20deci_2m_UTC_20190712_110659.996.tdms,0009_1khz_50ns_20deci_2m_UTC_20190712_110659.996\seg_015.png,,,15,15.0,17.0,1,"15,16","1,1"
pohang,1khz_50ns_20deci_2m_UTC_20190712_110659.996.tdms,0009_1khz_50ns_20deci_2m_UTC_20190712_110659.996\seg_016.png,,,16,16.0,18.0,1,"16,17","1,1"
pohang,1khz_50ns_20deci_2m_UTC_20190712_110659.996.tdms,0009_1khz_50ns_20deci_2m_UTC_20190712_110659.996\seg_017.png,,,17,17.0,19.0,1,"17,18","1,1"
pohang,1khz_50ns_20deci_2m_UTC_20190712_110659.996.tdms,0009_1khz_50ns_20deci_2m_UTC_20190712_110659.996\seg_018.png,,,18,18.0,20.0,1,"18,19","1,1"
pohang,1khz_50ns_20deci_2m_UTC_20190712_110659.996.tdms,0009_1khz_50ns_20deci_2m_UTC_20190712_110659.996\seg_019.png,,,19,19.0,21.0,1,"19,20","1,0"
pohang,1khz_50ns_20deci_2m_UTC_20190712_110659.996.tdms,0009_1khz_50ns_20deci_2m_UTC_20190712_110659.996\seg_020.png,,,20,20.0,22.0,0,"20,21","0,0"
pohang,1khz_50ns_20deci_2m_UTC_20190712_110659.996.tdms,0009_1khz_50ns_20deci_2m_UTC_20190712_110659.996\seg_021.png,,,21,21.0,23.0,0,"21,22","0,0"
pohang,1khz_50ns_20deci_2m_UTC_20190712_110659.996.tdms,0009_1khz_50ns_20deci_2m_UTC_20190712_110659.996\seg_022.png,,,22,22.0,24.0,0,"22,23","0,0"
pohang,1khz_50ns_20deci_2m_UTC_20190712_110659.996.tdms,0009_1khz_50ns_20deci_2m_UTC_20190712_110659.996\seg_023.png,,,23,23.0,25.0,0,"23,24","0,0"
pohang,1khz_50ns_20deci_2m_UTC_20190712_110659.996.tdms,0009_1khz_50ns_20deci_2m_UTC_20190712_110659.996\seg_024.png,,,24,24.0,26.0,0,"24,25","0,0"
pohang,1khz_50ns_20deci_2m_UTC_20190712_110659.996.tdms,0009_1khz_50ns_20deci_2m_UTC_20190712_110659.996\seg_025.png,,,25,25.0,27.0,0,"25,26","0,0"
pohang,1khz_50ns_20deci_2m_UTC_20190712_110659.996.tdms,0009_1khz_50ns_20deci_2m_UTC_20190712_110659.996\seg_026.png,,,26,26.0,28.0,0,"26,27","0,0"
pohang,1khz_50ns_20deci_2m_UTC_20190712_110659.996.tdms,0009_1khz_50ns_20deci_2m_UTC_20190712_110659.996\seg_027.png,,,27,27.0,29.0,0,"27,28","0,0"
pohang,1khz_50ns_20deci_2m_UTC_20190712_110659.996.tdms,0009_1khz_50ns_20deci_2m_UTC_20190712_110659.996\seg_028.png,,,28,28.0,30.0,0,"28,29","0,0"
pohang,1khz_50ns_20deci_2m_UTC_20190714_022059.956.tdms,0010_1khz_50ns_20deci_2m_UTC_20190714_022059.956\seg_000.png,,,0,0.0,2.0,0,"0,1","0,0"
pohang,1khz_50ns_20deci_2m_UTC_20190714_022059.956.tdms,0010_1khz_50ns_20deci_2m_UTC_20190714_022059.956\seg_001.png,,,1,1.0,3.0,0,"1,2","0,0"
pohang,1khz_50ns_20deci_2m_UTC_20190714_022059.956.tdms,0010_1khz_50ns_20deci_2m_UTC_20190714_022059.956\seg_002.png,,,2,2.0,4.0,0,"2,3","0,0"
pohang,1khz_50ns_20deci_2m_UTC_20190714_022059.956.tdms,0010_1khz_50ns_20deci_2m_UTC_20190714_022059.956\seg_003.png,,,3,3.0,5.0,0,"3,4","0,0"
pohang,1khz_50ns_20deci_2m_UTC_20190714_022059.956.tdms,0010_1khz_50ns_20deci_2m_UTC_20190714_022059.956\seg_004.png,,,4,4.0,6.0,0,"4,5","0,0"
pohang,1khz_50ns_20deci_2m_UTC_20190714_022059.956.tdms,0010_1khz_50ns_20deci_2m_UTC_20190714_022059.956\seg_005.png,,,5,5.0,7.0,0,"5,6","0,0"
pohang,1khz_50ns_20deci_2m_UTC_20190714_022059.956.tdms,0010_1khz_50ns_20deci_2m_UTC_20190714_022059.956\seg_006.png,,,6,6.0,8.0,0,"6,7","0,0"
pohang,1khz_50ns_20deci_2m_UTC_20190714_022059.956.tdms,0010_1khz_50ns_20deci_2m_UTC_20190714_022059.956\seg_007.png,,,7,7.0,9.0,0,"7,8","0,0"
pohang,1khz_50ns_20deci_2m_UTC_20190714_022059.956.tdms,0010_1khz_50ns_20deci_2m_UTC_20190714_022059.956\seg_008.png,,,8,8.0,10.0,0,"8,9","0,0"
pohang,1khz_50ns_20deci_2m_UTC_20190714_022059.956.tdms,0010_1khz_50ns_20deci_2m_UTC_20190714_022059.956\seg_009.png,,,9,9.0,11.0,0,"9,10","0,0"
pohang,1khz_50ns_20deci_2m_UTC_20190714_022059.956.tdms,0010_1khz_50ns_20deci_2m_UTC_20190714_022059.956\seg_010.png,,,10,10.0,12.0,0,"10,11","0,0"
pohang,1khz_50ns_20deci_2m_UTC_20190714_022059.956.tdms,0010_1khz_50ns_20deci_2m_UTC_20190714_022059.956\seg_011.png,,,11,11.0,13.0,0,"11,12","0,0"
pohang,1khz_50ns_20deci_2m_UTC_20190714_022059.956.tdms,0010_1khz_50ns_20deci_2m_UTC_20190714_022059.956\seg_012.png,,,12,12.0,14.0,0,"12,13","0,0"
pohang,1khz_50ns_20deci_2m_UTC_20190714_022059.956.tdms,0010_1khz_50ns_20deci_2m_UTC_20190714_022059.956\seg_013.png,,,13,13.0,15.0,0,"13,14","0,0"
pohang,1khz_50ns_20deci_2m_UTC_20190714_022059.956.tdms,0010_1khz_50ns_20deci_2m_UTC_20190714_022059.956\seg_014.png,,,14,14.0,16.0,0,"14,15","0,0"
pohang,1khz_50ns_20deci_2m_UTC_20190714_022059.956.tdms,0010_1khz_50ns_20deci_2m_UTC_20190714_022059.956\seg_015.png,,,15,15.0,17.0,0,"15,16","0,0"
pohang,1khz_50ns_20deci_2m_UTC_20190714_022059.956.tdms,0010_1khz_50ns_20deci_2m_UTC_20190714_022059.956\seg_016.png,,,16,16.0,18.0,1,"16,17","0,1"
pohang,1khz_50ns_20deci_2m_UTC_20190714_022059.956.tdms,0010_1khz_50ns_20deci_2m_UTC_20190714_022059.956\seg_017.png,,,17,17.0,19.0,1,"17,18","1,1"
pohang,1khz_50ns_20deci_2m_UTC_20190714_022059.956.tdms,0010_1khz_50ns_20deci_2m_UTC_20190714_022059.956\seg_018.png,,,18,18.0,20.0,1,"18,19","1,1"
pohang,1khz_50ns_20deci_2m_UTC_20190714_022059.956.tdms,0010_1khz_50ns_20deci_2m_UTC_20190714_022059.956\seg_019.png,,,19,19.0,21.0,1,"19,20","1,1"
pohang,1khz_50ns_20deci_2m_UTC_20190714_022059.956.tdms,0010_1khz_50ns_20deci_2m_UTC_20190714_022059.956\seg_020.png,,,20,20.0,22.0,1,"20,21","1,1"
pohang,1khz_50ns_20deci_2m_UTC_20190714_022059.956.tdms,0010_1khz_50ns_20deci_2m_UTC_20190714_022059.956\seg_021.png,,,21,21.0,23.0,1,"21,22","1,1"
pohang,1khz_50ns_20deci_2m_UTC_20190714_022059.956.tdms,0010_1khz_50ns_20deci_2m_UTC_20190714_022059.956\seg_022.png,,,22,22.0,24.0,1,"22,23","1,1"
pohang,1khz_50ns_20deci_2m_UTC_20190714_022059.956.tdms,0010_1khz_50ns_20deci_2m_UTC_20190714_022059.956\seg_023.png,,,23,23.0,25.0,1,"23,24","1,1"
pohang,1khz_50ns_20deci_2m_UTC_20190714_022059.956.tdms,0010_1khz_50ns_20deci_2m_UTC_20190714_022059.956\seg_024.png,,,24,24.0,26.0,1,"24,25","1,1"
pohang,1khz_50ns_20deci_2m_UTC_20190714_022059.956.tdms,0010_1khz_50ns_20deci_2m_UTC_20190714_022059.956\seg_025.png,,,25,25.0,27.0,1,"25,26","1,1"
pohang,1khz_50ns_20deci_2m_UTC_20190714_022059.956.tdms,0010_1khz_50ns_20deci_2m_UTC_20190714_022059.956\seg_026.png,,,26,26.0,28.0,1,"26,27","1,0"
pohang,1khz_50ns_20deci_2m_UTC_20190714_022059.956.tdms,0010_1khz_50ns_20deci_2m_UTC_20190714_022059.956\seg_027.png,,,27,27.0,29.0,0,"27,28","0,0"
pohang,1khz_50ns_20deci_2m_UTC_20190714_022059.956.tdms,0010_1khz_50ns_20deci_2m_UTC_20190714_022059.956\seg_028.png,,,28,28.0,30.0,0,"28,29","0,0"
pohang,1khz_50ns_20deci_2m_UTC_20190714_065129.951.tdms,0011_1khz_50ns_20deci_2m_UTC_20190714_065129.951\seg_000.png,,,0,0.0,2.0,0,"0,1","0,0"
pohang,1khz_50ns_20deci_2m_UTC_20190714_065129.951.tdms,0011_1khz_50ns_20deci_2m_UTC_20190714_065129.951\seg_001.png,,,1,1.0,3.0,0,"1,2","0,0"
pohang,1khz_50ns_20deci_2m_UTC_20190714_065129.951.tdms,0011_1khz_50ns_20deci_2m_UTC_20190714_065129.951\seg_002.png,,,2,2.0,4.0,0,"2,3","0,0"
pohang,1khz_50ns_20deci_2m_UTC_20190714_065129.951.tdms,0011_1khz_50ns_20deci_2m_UTC_20190714_065129.951\seg_003.png,,,3,3.0,5.0,0,"3,4","0,0"
pohang,1khz_50ns_20deci_2m_UTC_20190714_065129.951.tdms,0011_1khz_50ns_20deci_2m_UTC_20190714_065129.951\seg_004.png,,,4,4.0,6.0,0,"4,5","0,0"
pohang,1khz_50ns_20deci_2m_UTC_20190714_065129.951.tdms,0011_1khz_50ns_20deci_2m_UTC_20190714_065129.951\seg_005.png,,,5,5.0,7.0,0,"5,6","0,0"
pohang,1khz_50ns_20deci_2m_UTC_20190714_065129.951.tdms,0011_1khz_50ns_20deci_2m_UTC_20190714_065129.951\seg_006.png,,,6,6.0,8.0,0,"6,7","0,0"
pohang,1khz_50ns_20deci_2m_UTC_20190714_065129.951.tdms,0011_1khz_50ns_20deci_2m_UTC_20190714_065129.951\seg_007.png,,,7,7.0,9.0,0,"7,8","0,0"
pohang,1khz_50ns_20deci_2m_UTC_20190714_065129.951.tdms,0011_1khz_50ns_20deci_2m_UTC_20190714_065129.951\seg_008.png,,,8,8.0,10.0,0,"8,9","0,0"
pohang,1khz_50ns_20deci_2m_UTC_20190714_065129.951.tdms,0011_1khz_50ns_20deci_2m_UTC_20190714_065129.951\seg_009.png,,,9,9.0,11.0,0,"9,10","0,0"
pohang,1khz_50ns_20deci_2m_UTC_20190714_065129.951.tdms,0011_1khz_50ns_20deci_2m_UTC_20190714_065129.951\seg_010.png,,,10,10.0,12.0,0,"10,11","0,0"
pohang,1khz_50ns_20deci_2m_UTC_20190714_065129.951.tdms,0011_1khz_50ns_20deci_2m_UTC_20190714_065129.951\seg_011.png,,,11,11.0,13.0,0,"11,12","0,0"
pohang,1khz_50ns_20deci_2m_UTC_20190714_065129.951.tdms,0011_1khz_50ns_20deci_2m_UTC_20190714_065129.951\seg_012.png,,,12,12.0,14.0,0,"12,13","0,0"
pohang,1khz_50ns_20deci_2m_UTC_20190714_065129.951.tdms,0011_1khz_50ns_20deci_2m_UTC_20190714_065129.951\seg_013.png,,,13,13.0,15.0,0,"13,14","0,0"
pohang,1khz_50ns_20deci_2m_UTC_20190714_065129.951.tdms,0011_1khz_50ns_20deci_2m_UTC_20190714_065129.951\seg_014.png,,,14,14.0,16.0,0,"14,15","0,0"
pohang,1khz_50ns_20deci_2m_UTC_20190714_065129.951.tdms,0011_1khz_50ns_20deci_2m_UTC_20190714_065129.951\seg_015.png,,,15,15.0,17.0,0,"15,16","0,0"
pohang,1khz_50ns_20deci_2m_UTC_20190714_065129.951.tdms,0011_1khz_50ns_20deci_2m_UTC_20190714_065129.951\seg_016.png,,,16,16.0,18.0,0,"16,17","0,0"
pohang,1khz_50ns_20deci_2m_UTC_20190714_065129.951.tdms,0011_1khz_50ns_20deci_2m_UTC_20190714_065129.951\seg_017.png,,,17,17.0,19.0,1,"17,18","0,1"
pohang,1khz_50ns_20deci_2m_UTC_20190714_065129.951.tdms,0011_1khz_50ns_20deci_2m_UTC_20190714_065129.951\seg_018.png,,,18,18.0,20.0,1,"18,19","1,1"
pohang,1khz_50ns_20deci_2m_UTC_20190714_065129.951.tdms,0011_1khz_50ns_20deci_2m_UTC_20190714_065129.951\seg_019.png,,,19,19.0,21.0,1,"19,20","1,1"
pohang,1khz_50ns_20deci_2m_UTC_20190714_065129.951.tdms,0011_1khz_50ns_20deci_2m_UTC_20190714_065129.951\seg_020.png,,,20,20.0,22.0,1,"20,21","1,1"
pohang,1khz_50ns_20deci_2m_UTC_20190714_065129.951.tdms,0011_1khz_50ns_20deci_2m_UTC_20190714_065129.951\seg_021.png,,,21,21.0,23.0,1,"21,22","1,1"
pohang,1khz_50ns_20deci_2m_UTC_20190714_065129.951.tdms,0011_1khz_50ns_20deci_2m_UTC_20190714_065129.951\seg_022.png,,,22,22.0,24.0,1,"22,23","1,1"
pohang,1khz_50ns_20deci_2m_UTC_20190714_065129.951.tdms,0011_1khz_50ns_20deci_2m_UTC_20190714_065129.951\seg_023.png,,,23,23.0,25.0,1,"23,24","1,1"
pohang,1khz_50ns_20deci_2m_UTC_20190714_065129.951.tdms,0011_1khz_50ns_20deci_2m_UTC_20190714_065129.951\seg_024.png,,,24,24.0,26.0,1,"24,25","1,1"
pohang,1khz_50ns_20deci_2m_UTC_20190714_065129.951.tdms,0011_1khz_50ns_20deci_2m_UTC_20190714_065129.951\seg_025.png,,,25,25.0,27.0,1,"25,26","1,1"
pohang,1khz_50ns_20deci_2m_UTC_20190714_065129.951.tdms,0011_1khz_50ns_20deci_2m_UTC_20190714_065129.951\seg_026.png,,,26,26.0,28.0,1,"26,27","1,1"
pohang,1khz_50ns_20deci_2m_UTC_20190714_065129.951.tdms,0011_1khz_50ns_20deci_2m_UTC_20190714_065129.951\seg_027.png,,,27,27.0,29.0,1,"27,28","1,1"
pohang,1khz_50ns_20deci_2m_UTC_20190714_065129.951.tdms,0011_1khz_50ns_20deci_2m_UTC_20190714_065129.951\seg_028.png,,,28,28.0,30.0,1,"28,29","1,1"
pohang,1khz_50ns_20deci_2m_UTC_20190717_140229.870.tdms,0012_1khz_50ns_20deci_2m_UTC_20190717_140229.870\seg_000.png,,,0,0.0,2.0,0,"0,1","0,0"
pohang,1khz_50ns_20deci_2m_UTC_20190717_140229.870.tdms,0012_1khz_50ns_20deci_2m_UTC_20190717_140229.870\seg_001.png,,,1,1.0,3.0,0,"1,2","0,0"
pohang,1khz_50ns_20deci_2m_UTC_20190717_140229.870.tdms,0012_1khz_50ns_20deci_2m_UTC_20190717_140229.870\seg_002.png,,,2,2.0,4.0,0,"2,3","0,0"
pohang,1khz_50ns_20deci_2m_UTC_20190717_140229.870.tdms,0012_1khz_50ns_20deci_2m_UTC_20190717_140229.870\seg_003.png,,,3,3.0,5.0,0,"3,4","0,0"
pohang,1khz_50ns_20deci_2m_UTC_20190717_140229.870.tdms,0012_1khz_50ns_20deci_2m_UTC_20190717_140229.870\seg_004.png,,,4,4.0,6.0,1,"4,5","0,1"
pohang,1khz_50ns_20deci_2m_UTC_20190717_140229.870.tdms,0012_1khz_50ns_20deci_2m_UTC_20190717_140229.870\seg_005.png,,,5,5.0,7.0,1,"5,6","1,1"
pohang,1khz_50ns_20deci_2m_UTC_20190717_140229.870.tdms,0012_1khz_50ns_20deci_2m_UTC_20190717_140229.870\seg_006.png,,,6,6.0,8.0,1,"6,7","1,1"
pohang,1khz_50ns_20deci_2m_UTC_20190717_140229.870.tdms,0012_1khz_50ns_20deci_2m_UTC_20190717_140229.870\seg_007.png,,,7,7.0,9.0,1,"7,8","1,1"
pohang,1khz_50ns_20deci_2m_UTC_20190717_140229.870.tdms,0012_1khz_50ns_20deci_2m_UTC_20190717_140229.870\seg_008.png,,,8,8.0,10.0,1,"8,9","1,1"
pohang,1khz_50ns_20deci_2m_UTC_20190717_140229.870.tdms,0012_1khz_50ns_20deci_2m_UTC_20190717_140229.870\seg_009.png,,,9,9.0,11.0,1,"9,10","1,1"
pohang,1khz_50ns_20deci_2m_UTC_20190717_140229.870.tdms,0012_1khz_50ns_20deci_2m_UTC_20190717_140229.870\seg_010.png,,,10,10.0,12.0,1,"10,11","1,1"
pohang,1khz_50ns_20deci_2m_UTC_20190717_140229.870.tdms,0012_1khz_50ns_20deci_2m_UTC_20190717_140229.870\seg_011.png,,,11,11.0,13.0,1,"11,12","1,1"
pohang,1khz_50ns_20deci_2m_UTC_20190717_140229.870.tdms,0012_1khz_50ns_20deci_2m_UTC_20190717_140229.870\seg_012.png,,,12,12.0,14.0,1,"12,13","1,0"
pohang,1khz_50ns_20deci_2m_UTC_20190717_140229.870.tdms,0012_1khz_50ns_20deci_2m_UTC_20190717_140229.870\seg_013.png,,,13,13.0,15.0,0,"13,14","0,0"
pohang,1khz_50ns_20deci_2m_UTC_20190717_140229.870.tdms,0012_1khz_50ns_20deci_2m_UTC_20190717_140229.870\seg_014.png,,,14,14.0,16.0,0,"14,15","0,0"
pohang,1khz_50ns_20deci_2m_UTC_20190717_140229.870.tdms,0012_1khz_50ns_20deci_2m_UTC_20190717_140229.870\seg_015.png,,,15,15.0,17.0,0,"15,16","0,0"
pohang,1khz_50ns_20deci_2m_UTC_20190717_140229.870.tdms,0012_1khz_50ns_20deci_2m_UTC_20190717_140229.870\seg_016.png,,,16,16.0,18.0,0,"16,17","0,0"
pohang,1khz_50ns_20deci_2m_UTC_20190717_140229.870.tdms,0012_1khz_50ns_20deci_2m_UTC_20190717_140229.870\seg_017.png,,,17,17.0,19.0,0,"17,18","0,0"
pohang,1khz_50ns_20deci_2m_UTC_20190717_140229.870.tdms,0012_1khz_50ns_20deci_2m_UTC_20190717_140229.870\seg_018.png,,,18,18.0,20.0,0,"18,19","0,0"
pohang,1khz_50ns_20deci_2m_UTC_20190717_140229.870.tdms,0012_1khz_50ns_20deci_2m_UTC_20190717_140229.870\seg_019.png,,,19,19.0,21.0,0,"19,20","0,0"
pohang,1khz_50ns_20deci_2m_UTC_20190717_140229.870.tdms,0012_1khz_50ns_20deci_2m_UTC_20190717_140229.870\seg_020.png,,,20,20.0,22.0,0,"20,21","0,0"
pohang,1khz_50ns_20deci_2m_UTC_20190717_140229.870.tdms,0012_1khz_50ns_20deci_2m_UTC_20190717_140229.870\seg_021.png,,,21,21.0,23.0,0,"21,22","0,0"
pohang,1khz_50ns_20deci_2m_UTC_20190717_140229.870.tdms,0012_1khz_50ns_20deci_2m_UTC_20190717_140229.870\seg_022.png,,,22,22.0,24.0,0,"22,23","0,0"
pohang,1khz_50ns_20deci_2m_UTC_20190717_140229.870.tdms,0012_1khz_50ns_20deci_2m_UTC_20190717_140229.870\seg_023.png,,,23,23.0,25.0,0,"23,24","0,0"
pohang,1khz_50ns_20deci_2m_UTC_20190717_140229.870.tdms,0012_1khz_50ns_20deci_2m_UTC_20190717_140229.870\seg_024.png,,,24,24.0,26.0,0,"24,25","0,0"
pohang,1khz_50ns_20deci_2m_UTC_20190717_140229.870.tdms,0012_1khz_50ns_20deci_2m_UTC_20190717_140229.870\seg_025.png,,,25,25.0,27.0,0,"25,26","0,0"
pohang,1khz_50ns_20deci_2m_UTC_20190717_140229.870.tdms,0012_1khz_50ns_20deci_2m_UTC_20190717_140229.870\seg_026.png,,,26,26.0,28.0,0,"26,27","0,0"
pohang,1khz_50ns_20deci_2m_UTC_20190717_140229.870.tdms,0012_1khz_50ns_20deci_2m_UTC_20190717_140229.870\seg_027.png,,,27,27.0,29.0,0,"27,28","0,0"
pohang,1khz_50ns_20deci_2m_UTC_20190717_140229.870.tdms,0012_1khz_50ns_20deci_2m_UTC_20190717_140229.870\seg_028.png,,,28,28.0,30.0,0,"28,29","0,0"
pohang,1khz_50ns_20deci_2m_UTC_20190721_020429.783.tdms,0013_1khz_50ns_20deci_2m_UTC_20190721_020429.783\seg_000.png,,,0,0.0,2.0,0,"0,1","0,0"
pohang,1khz_50ns_20deci_2m_UTC_20190721_020429.783.tdms,0013_1khz_50ns_20deci_2m_UTC_20190721_020429.783\seg_001.png,,,1,1.0,3.0,0,"1,2","0,0"
pohang,1khz_50ns_20deci_2m_UTC_20190721_020429.783.tdms,0013_1khz_50ns_20deci_2m_UTC_20190721_020429.783\seg_002.png,,,2,2.0,4.0,0,"2,3","0,0"
pohang,1khz_50ns_20deci_2m_UTC_20190721_020429.783.tdms,0013_1khz_50ns_20deci_2m_UTC_20190721_020429.783\seg_003.png,,,3,3.0,5.0,0,"3,4","0,0"
pohang,1khz_50ns_20deci_2m_UTC_20190721_020429.783.tdms,0013_1khz_50ns_20deci_2m_UTC_20190721_020429.783\seg_004.png,,,4,4.0,6.0,0,"4,5","0,0"
pohang,1khz_50ns_20deci_2m_UTC_20190721_020429.783.tdms,0013_1khz_50ns_20deci_2m_UTC_20190721_020429.783\seg_005.png,,,5,5.0,7.0,0,"5,6","0,0"
pohang,1khz_50ns_20deci_2m_UTC_20190721_020429.783.tdms,0013_1khz_50ns_20deci_2m_UTC_20190721_020429.783\seg_006.png,,,6,6.0,8.0,0,"6,7","0,0"
pohang,1khz_50ns_20deci_2m_UTC_20190721_020429.783.tdms,0013_1khz_50ns_20deci_2m_UTC_20190721_020429.783\seg_007.png,,,7,7.0,9.0,0,"7,8","0,0"
pohang,1khz_50ns_20deci_2m_UTC_20190721_020429.783.tdms,0013_1khz_50ns_20deci_2m_UTC_20190721_020429.783\seg_008.png,,,8,8.0,10.0,0,"8,9","0,0"
pohang,1khz_50ns_20deci_2m_UTC_20190721_020429.783.tdms,0013_1khz_50ns_20deci_2m_UTC_20190721_020429.783\seg_009.png,,,9,9.0,11.0,0,"9,10","0,0"
pohang,1khz_50ns_20deci_2m_UTC_20190721_020429.783.tdms,0013_1khz_50ns_20deci_2m_UTC_20190721_020429.783\seg_010.png,,,10,10.0,12.0,1,"10,11","0,1"
pohang,1khz_50ns_20deci_2m_UTC_20190721_020429.783.tdms,0013_1khz_50ns_20deci_2m_UTC_20190721_020429.783\seg_011.png,,,11,11.0,13.0,1,"11,12","1,1"
pohang,1khz_50ns_20deci_2m_UTC_20190721_020429.783.tdms,0013_1khz_50ns_20deci_2m_UTC_20190721_020429.783\seg_012.png,,,12,12.0,14.0,1,"12,13","1,1"
pohang,1khz_50ns_20deci_2m_UTC_20190721_020429.783.tdms,0013_1khz_50ns_20deci_2m_UTC_20190721_020429.783\seg_013.png,,,13,13.0,15.0,1,"13,14","1,1"
pohang,1khz_50ns_20deci_2m_UTC_20190721_020429.783.tdms,0013_1khz_50ns_20deci_2m_UTC_20190721_020429.783\seg_014.png,,,14,14.0,16.0,1,"14,15","1,1"
pohang,1khz_50ns_20deci_2m_UTC_20190721_020429.783.tdms,0013_1khz_50ns_20deci_2m_UTC_20190721_020429.783\seg_015.png,,,15,15.0,17.0,1,"15,16","1,1"
pohang,1khz_50ns_20deci_2m_UTC_20190721_020429.783.tdms,0013_1khz_50ns_20deci_2m_UTC_20190721_020429.783\seg_016.png,,,16,16.0,18.0,1,"16,17","1,1"
pohang,1khz_50ns_20deci_2m_UTC_20190721_020429.783.tdms,0013_1khz_50ns_20deci_2m_UTC_20190721_020429.783\seg_017.png,,,17,17.0,19.0,1,"17,18","1,1"
pohang,1khz_50ns_20deci_2m_UTC_20190721_020429.783.tdms,0013_1khz_50ns_20deci_2m_UTC_20190721_020429.783\seg_018.png,,,18,18.0,20.0,1,"18,19","1,1"
pohang,1khz_50ns_20deci_2m_UTC_20190721_020429.783.tdms,0013_1khz_50ns_20deci_2m_UTC_20190721_020429.783\seg_019.png,,,19,19.0,21.0,1,"19,20","1,1"
pohang,1khz_50ns_20deci_2m_UTC_20190721_020429.783.tdms,0013_1khz_50ns_20deci_2m_UTC_20190721_020429.783\seg_020.png,,,20,20.0,22.0,1,"20,21","1,1"
pohang,1khz_50ns_20deci_2m_UTC_20190721_020429.783.tdms,0013_1khz_50ns_20deci_2m_UTC_20190721_020429.783\seg_021.png,,,21,21.0,23.0,1,"21,22","1,1"
pohang,1khz_50ns_20deci_2m_UTC_20190721_020429.783.tdms,0013_1khz_50ns_20deci_2m_UTC_20190721_020429.783\seg_022.png,,,22,22.0,24.0,1,"22,23","1,1"
pohang,1khz_50ns_20deci_2m_UTC_20190721_020429.783.tdms,0013_1khz_50ns_20deci_2m_UTC_20190721_020429.783\seg_023.png,,,23,23.0,25.0,1,"23,24","1,1"
pohang,1khz_50ns_20deci_2m_UTC_20190721_020429.783.tdms,0013_1khz_50ns_20deci_2m_UTC_20190721_020429.783\seg_024.png,,,24,24.0,26.0,1,"24,25","1,1"
pohang,1khz_50ns_20deci_2m_UTC_20190721_020429.783.tdms,0013_1khz_50ns_20deci_2m_UTC_20190721_020429.783\seg_025.png,,,25,25.0,27.0,1,"25,26","1,1"
pohang,1khz_50ns_20deci_2m_UTC_20190721_020429.783.tdms,0013_1khz_50ns_20deci_2m_UTC_20190721_020429.783\seg_026.png,,,26,26.0,28.0,1,"26,27","1,1"
pohang,1khz_50ns_20deci_2m_UTC_20190721_020429.783.tdms,0013_1khz_50ns_20deci_2m_UTC_20190721_020429.783\seg_027.png,,,27,27.0,29.0,1,"27,28","1,1"
pohang,1khz_50ns_20deci_2m_UTC_20190721_020429.783.tdms,0013_1khz_50ns_20deci_2m_UTC_20190721_020429.783\seg_028.png,,,28,28.0,30.0,1,"28,29","1,1"
pohang,1khz_50ns_20deci_2m_UTC_20190722_020129.758.tdms,0014_1khz_50ns_20deci_2m_UTC_20190722_020129.758\seg_000.png,,,0,0.0,2.0,0,"0,1","0,0"
pohang,1khz_50ns_20deci_2m_UTC_20190722_020129.758.tdms,0014_1khz_50ns_20deci_2m_UTC_20190722_020129.758\seg_001.png,,,1,1.0,3.0,0,"1,2","0,0"
pohang,1khz_50ns_20deci_2m_UTC_20190722_020129.758.tdms,0014_1khz_50ns_20deci_2m_UTC_20190722_020129.758\seg_002.png,,,2,2.0,4.0,0,"2,3","0,0"
pohang,1khz_50ns_20deci_2m_UTC_20190722_020129.758.tdms,0014_1khz_50ns_20deci_2m_UTC_20190722_020129.758\seg_003.png,,,3,3.0,5.0,0,"3,4","0,0"
pohang,1khz_50ns_20deci_2m_UTC_20190722_020129.758.tdms,0014_1khz_50ns_20deci_2m_UTC_20190722_020129.758\seg_004.png,,,4,4.0,6.0,0,"4,5","0,0"
pohang,1khz_50ns_20deci_2m_UTC_20190722_020129.758.tdms,0014_1khz_50ns_20deci_2m_UTC_20190722_020129.758\seg_005.png,,,5,5.0,7.0,0,"5,6","0,0"
pohang,1khz_50ns_20deci_2m_UTC_20190722_020129.758.tdms,0014_1khz_50ns_20deci_2m_UTC_20190722_020129.758\seg_006.png,,,6,6.0,8.0,0,"6,7","0,0"
pohang,1khz_50ns_20deci_2m_UTC_20190722_020129.758.tdms,0014_1khz_50ns_20deci_2m_UTC_20190722_020129.758\seg_007.png,,,7,7.0,9.0,0,"7,8","0,0"
pohang,1khz_50ns_20deci_2m_UTC_20190722_020129.758.tdms,0014_1khz_50ns_20deci_2m_UTC_20190722_020129.758\seg_008.png,,,8,8.0,10.0,0,"8,9","0,0"
pohang,1khz_50ns_20deci_2m_UTC_20190722_020129.758.tdms,0014_1khz_50ns_20deci_2m_UTC_20190722_020129.758\seg_009.png,,,9,9.0,11.0,0,"9,10","0,0"
pohang,1khz_50ns_20deci_2m_UTC_20190722_020129.758.tdms,0014_1khz_50ns_20deci_2m_UTC_20190722_020129.758\seg_010.png,,,10,10.0,12.0,0,"10,11","0,0"
pohang,1khz_50ns_20deci_2m_UTC_20190722_020129.758.tdms,0014_1khz_50ns_20deci_2m_UTC_20190722_020129.758\seg_011.png,,,11,11.0,13.0,0,"11,12","0,0"
pohang,1khz_50ns_20deci_2m_UTC_20190722_020129.758.tdms,0014_1khz_50ns_20deci_2m_UTC_20190722_020129.758\seg_012.png,,,12,12.0,14.0,0,"12,13","0,0"
pohang,1khz_50ns_20deci_2m_UTC_20190722_020129.758.tdms,0014_1khz_50ns_20deci_2m_UTC_20190722_020129.758\seg_013.png,,,13,13.0,15.0,0,"13,14","0,0"
pohang,1khz_50ns_20deci_2m_UTC_20190722_020129.758.tdms,0014_1khz_50ns_20deci_2m_UTC_20190722_020129.758\seg_014.png,,,14,14.0,16.0,0,"14,15","0,0"
pohang,1khz_50ns_20deci_2m_UTC_20190722_020129.758.tdms,0014_1khz_50ns_20deci_2m_UTC_20190722_020129.758\seg_015.png,,,15,15.0,17.0,0,"15,16","0,0"
pohang,1khz_50ns_20deci_2m_UTC_20190722_020129.758.tdms,0014_1khz_50ns_20deci_2m_UTC_20190722_020129.758\seg_016.png,,,16,16.0,18.0,0,"16,17","0,0"
pohang,1khz_50ns_20deci_2m_UTC_20190722_020129.758.tdms,0014_1khz_50ns_20deci_2m_UTC_20190722_020129.758\seg_017.png,,,17,17.0,19.0,0,"17,18","0,0"
pohang,1khz_50ns_20deci_2m_UTC_20190722_020129.758.tdms,0014_1khz_50ns_20deci_2m_UTC_20190722_020129.758\seg_018.png,,,18,18.0,20.0,0,"18,19","0,0"
pohang,1khz_50ns_20deci_2m_UTC_20190722_020129.758.tdms,0014_1khz_50ns_20deci_2m_UTC_20190722_020129.758\seg_019.png,,,19,19.0,21.0,0,"19,20","0,0"
pohang,1khz_50ns_20deci_2m_UTC_20190722_020129.758.tdms,0014_1khz_50ns_20deci_2m_UTC_20190722_020129.758\seg_020.png,,,20,20.0,22.0,0,"20,21","0,0"
pohang,1khz_50ns_20deci_2m_UTC_20190722_020129.758.tdms,0014_1khz_50ns_20deci_2m_UTC_20190722_020129.758\seg_021.png,,,21,21.0,23.0,0,"21,22","0,0"
pohang,1khz_50ns_20deci_2m_UTC_20190722_020129.758.tdms,0014_1khz_50ns_20deci_2m_UTC_20190722_020129.758\seg_022.png,,,22,22.0,24.0,0,"22,23","0,0"
pohang,1khz_50ns_20deci_2m_UTC_20190722_020129.758.tdms,0014_1khz_50ns_20deci_2m_UTC_20190722_020129.758\seg_023.png,,,23,23.0,25.0,0,"23,24","0,0"
pohang,1khz_50ns_20deci_2m_UTC_20190722_020129.758.tdms,0014_1khz_50ns_20deci_2m_UTC_20190722_020129.758\seg_024.png,,,24,24.0,26.0,0,"24,25","0,0"
pohang,1khz_50ns_20deci_2m_UTC_20190722_020129.758.tdms,0014_1khz_50ns_20deci_2m_UTC_20190722_020129.758\seg_025.png,,,25,25.0,27.0,0,"25,26","0,0"
pohang,1khz_50ns_20deci_2m_UTC_20190722_020129.758.tdms,0014_1khz_50ns_20deci_2m_UTC_20190722_020129.758\seg_026.png,,,26,26.0,28.0,1,"26,27","0,1"
pohang,1khz_50ns_20deci_2m_UTC_20190722_020129.758.tdms,0014_1khz_50ns_20deci_2m_UTC_20190722_020129.758\seg_027.png,,,27,27.0,29.0,1,"27,28","1,1"
pohang,1khz_50ns_20deci_2m_UTC_20190722_020129.758.tdms,0014_1khz_50ns_20deci_2m_UTC_20190722_020129.758\seg_028.png,,,28,28.0,30.0,1,"28,29","1,1"
pohang,1khz_50ns_20deci_2m_UTC_20190722_134159.747.tdms,0015_1khz_50ns_20deci_2m_UTC_20190722_134159.747\seg_000.png,,,0,0.0,2.0,0,"0,1","0,0"
pohang,1khz_50ns_20deci_2m_UTC_20190722_134159.747.tdms,0015_1khz_50ns_20deci_2m_UTC_20190722_134159.747\seg_001.png,,,1,1.0,3.0,0,"1,2","0,0"
pohang,1khz_50ns_20deci_2m_UTC_20190722_134159.747.tdms,0015_1khz_50ns_20deci_2m_UTC_20190722_134159.747\seg_002.png,,,2,2.0,4.0,0,"2,3","0,0"
pohang,1khz_50ns_20deci_2m_UTC_20190722_134159.747.tdms,0015_1khz_50ns_20deci_2m_UTC_20190722_134159.747\seg_003.png,,,3,3.0,5.0,0,"3,4","0,0"
pohang,1khz_50ns_20deci_2m_UTC_20190722_134159.747.tdms,0015_1khz_50ns_20deci_2m_UTC_20190722_134159.747\seg_004.png,,,4,4.0,6.0,0,"4,5","0,0"
pohang,1khz_50ns_20deci_2m_UTC_20190722_134159.747.tdms,0015_1khz_50ns_20deci_2m_UTC_20190722_134159.747\seg_005.png,,,5,5.0,7.0,0,"5,6","0,0"
pohang,1khz_50ns_20deci_2m_UTC_20190722_134159.747.tdms,0015_1khz_50ns_20deci_2m_UTC_20190722_134159.747\seg_006.png,,,6,6.0,8.0,0,"6,7","0,0"
pohang,1khz_50ns_20deci_2m_UTC_20190722_134159.747.tdms,0015_1khz_50ns_20deci_2m_UTC_20190722_134159.747\seg_007.png,,,7,7.0,9.0,0,"7,8","0,0"
pohang,1khz_50ns_20deci_2m_UTC_20190722_134159.747.tdms,0015_1khz_50ns_20deci_2m_UTC_20190722_134159.747\seg_008.png,,,8,8.0,10.0,0,"8,9","0,0"
pohang,1khz_50ns_20deci_2m_UTC_20190722_134159.747.tdms,0015_1khz_50ns_20deci_2m_UTC_20190722_134159.747\seg_009.png,,,9,9.0,11.0,0,"9,10","0,0"
pohang,1khz_50ns_20deci_2m_UTC_20190722_134159.747.tdms,0015_1khz_50ns_20deci_2m_UTC_20190722_134159.747\seg_010.png,,,10,10.0,12.0,0,"10,11","0,0"
pohang,1khz_50ns_20deci_2m_UTC_20190722_134159.747.tdms,0015_1khz_50ns_20deci_2m_UTC_20190722_134159.747\seg_011.png,,,11,11.0,13.0,0,"11,12","0,0"
pohang,1khz_50ns_20deci_2m_UTC_20190722_134159.747.tdms,0015_1khz_50ns_20deci_2m_UTC_20190722_134159.747\seg_012.png,,,12,12.0,14.0,0,"12,13","0,0"
pohang,1khz_50ns_20deci_2m_UTC_20190722_134159.747.tdms,0015_1khz_50ns_20deci_2m_UTC_20190722_134159.747\seg_013.png,,,13,13.0,15.0,0,"13,14","0,0"
pohang,1khz_50ns_20deci_2m_UTC_20190722_134159.747.tdms,0015_1khz_50ns_20deci_2m_UTC_20190722_134159.747\seg_014.png,,,14,14.0,16.0,0,"14,15","0,0"
pohang,1khz_50ns_20deci_2m_UTC_20190722_134159.747.tdms,0015_1khz_50ns_20deci_2m_UTC_20190722_134159.747\seg_015.png,,,15,15.0,17.0,0,"15,16","0,0"
pohang,1khz_50ns_20deci_2m_UTC_20190722_134159.747.tdms,0015_1khz_50ns_20deci_2m_UTC_20190722_134159.747\seg_016.png,,,16,16.0,18.0,0,"16,17","0,0"
pohang,1khz_50ns_20deci_2m_UTC_20190722_134159.747.tdms,0015_1khz_50ns_20deci_2m_UTC_20190722_134159.747\seg_017.png,,,17,17.0,19.0,0,"17,18","0,0"
pohang,1khz_50ns_20deci_2m_UTC_20190722_134159.747.tdms,0015_1khz_50ns_20deci_2m_UTC_20190722_134159.747\seg_018.png,,,18,18.0,20.0,0,"18,19","0,0"
pohang,1khz_50ns_20deci_2m_UTC_20190722_134159.747.tdms,0015_1khz_50ns_20deci_2m_UTC_20190722_134159.747\seg_019.png,,,19,19.0,21.0,0,"19,20","0,0"
pohang,1khz_50ns_20deci_2m_UTC_20190722_134159.747.tdms,0015_1khz_50ns_20deci_2m_UTC_20190722_134159.747\seg_020.png,,,20,20.0,22.0,0,"20,21","0,0"
pohang,1khz_50ns_20deci_2m_UTC_20190722_134159.747.tdms,0015_1khz_50ns_20deci_2m_UTC_20190722_134159.747\seg_021.png,,,21,21.0,23.0,0,"21,22","0,0"
pohang,1khz_50ns_20deci_2m_UTC_20190722_134159.747.tdms,0015_1khz_50ns_20deci_2m_UTC_20190722_134159.747\seg_022.png,,,22,22.0,24.0,0,"22,23","0,0"
pohang,1khz_50ns_20deci_2m_UTC_20190722_134159.747.tdms,0015_1khz_50ns_20deci_2m_UTC_20190722_134159.747\seg_023.png,,,23,23.0,25.0,0,"23,24","0,0"
pohang,1khz_50ns_20deci_2m_UTC_20190722_134159.747.tdms,0015_1khz_50ns_20deci_2m_UTC_20190722_134159.747\seg_024.png,,,24,24.0,26.0,0,"24,25","0,0"
pohang,1khz_50ns_20deci_2m_UTC_20190722_134159.747.tdms,0015_1khz_50ns_20deci_2m_UTC_20190722_134159.747\seg_025.png,,,25,25.0,27.0,0,"25,26","0,0"
pohang,1khz_50ns_20deci_2m_UTC_20190722_134159.747.tdms,0015_1khz_50ns_20deci_2m_UTC_20190722_134159.747\seg_026.png,,,26,26.0,28.0,0,"26,27","0,0"
pohang,1khz_50ns_20deci_2m_UTC_20190722_134159.747.tdms,0015_1khz_50ns_20deci_2m_UTC_20190722_134159.747\seg_027.png,,,27,27.0,29.0,1,"27,28","0,1"
pohang,1khz_50ns_20deci_2m_UTC_20190722_134159.747.tdms,0015_1khz_50ns_20deci_2m_UTC_20190722_134159.747\seg_028.png,,,28,28.0,30.0,1,"28,29","1,1"
pohang,1khz_50ns_20deci_2m_UTC_20190724_164629.697.tdms,0016_1khz_50ns_20deci_2m_UTC_20190724_164629.697\seg_000.png,,,0,0.0,2.0,0,"0,1","0,0"
pohang,1khz_50ns_20deci_2m_UTC_20190724_164629.697.tdms,0016_1khz_50ns_20deci_2m_UTC_20190724_164629.697\seg_001.png,,,1,1.0,3.0,0,"1,2","0,0"
pohang,1khz_50ns_20deci_2m_UTC_20190724_164629.697.tdms,0016_1khz_50ns_20deci_2m_UTC_20190724_164629.697\seg_002.png,,,2,2.0,4.0,0,"2,3","0,0"
pohang,1khz_50ns_20deci_2m_UTC_20190724_164629.697.tdms,0016_1khz_50ns_20deci_2m_UTC_20190724_164629.697\seg_003.png,,,3,3.0,5.0,0,"3,4","0,0"
pohang,1khz_50ns_20deci_2m_UTC_20190724_164629.697.tdms,0016_1khz_50ns_20deci_2m_UTC_20190724_164629.697\seg_004.png,,,4,4.0,6.0,0,"4,5","0,0"
pohang,1khz_50ns_20deci_2m_UTC_20190724_164629.697.tdms,0016_1khz_50ns_20deci_2m_UTC_20190724_164629.697\seg_005.png,,,5,5.0,7.0,0,"5,6","0,0"
pohang,1khz_50ns_20deci_2m_UTC_20190724_164629.697.tdms,0016_1khz_50ns_20deci_2m_UTC_20190724_164629.697\seg_006.png,,,6,6.0,8.0,1,"6,7","0,1"
pohang,1khz_50ns_20deci_2m_UTC_20190724_164629.697.tdms,0016_1khz_50ns_20deci_2m_UTC_20190724_164629.697\seg_007.png,,,7,7.0,9.0,1,"7,8","1,1"
pohang,1khz_50ns_20deci_2m_UTC_20190724_164629.697.tdms,0016_1khz_50ns_20deci_2m_UTC_20190724_164629.697\seg_008.png,,,8,8.0,10.0,1,"8,9","1,1"
pohang,1khz_50ns_20deci_2m_UTC_20190724_164629.697.tdms,0016_1khz_50ns_20deci_2m_UTC_20190724_164629.697\seg_009.png,,,9,9.0,11.0,1,"9,10","1,1"
pohang,1khz_50ns_20deci_2m_UTC_20190724_164629.697.tdms,0016_1khz_50ns_20deci_2m_UTC_20190724_164629.697\seg_010.png,,,10,10.0,12.0,1,"10,11","1,1"
pohang,1khz_50ns_20deci_2m_UTC_20190724_164629.697.tdms,0016_1khz_50ns_20deci_2m_UTC_20190724_164629.697\seg_011.png,,,11,11.0,13.0,1,"11,12","1,1"
pohang,1khz_50ns_20deci_2m_UTC_20190724_164629.697.tdms,0016_1khz_50ns_20deci_2m_UTC_20190724_164629.697\seg_012.png,,,12,12.0,14.0,1,"12,13","1,1"
pohang,1khz_50ns_20deci_2m_UTC_20190724_164629.697.tdms,0016_1khz_50ns_20deci_2m_UTC_20190724_164629.697\seg_013.png,,,13,13.0,15.0,1,"13,14","1,1"
pohang,1khz_50ns_20deci_2m_UTC_20190724_164629.697.tdms,0016_1khz_50ns_20deci_2m_UTC_20190724_164629.697\seg_014.png,,,14,14.0,16.0,1,"14,15","1,1"
pohang,1khz_50ns_20deci_2m_UTC_20190724_164629.697.tdms,0016_1khz_50ns_20deci_2m_UTC_20190724_164629.697\seg_015.png,,,15,15.0,17.0,1,"15,16","1,1"
pohang,1khz_50ns_20deci_2m_UTC_20190724_164629.697.tdms,0016_1khz_50ns_20deci_2m_UTC_20190724_164629.697\seg_016.png,,,16,16.0,18.0,1,"16,17","1,1"
pohang,1khz_50ns_20deci_2m_UTC_20190724_164629.697.tdms,0016_1khz_50ns_20deci_2m_UTC_20190724_164629.697\seg_017.png,,,17,17.0,19.0,1,"17,18","1,1"
pohang,1khz_50ns_20deci_2m_UTC_20190724_164629.697.tdms,0016_1khz_50ns_20deci_2m_UTC_20190724_164629.697\seg_018.png,,,18,18.0,20.0,1,"18,19","1,1"
pohang,1khz_50ns_20deci_2m_UTC_20190724_164629.697.tdms,0016_1khz_50ns_20deci_2m_UTC_20190724_164629.697\seg_019.png,,,19,19.0,21.0,1,"19,20","1,1"
pohang,1khz_50ns_20deci_2m_UTC_20190724_164629.697.tdms,0016_1khz_50ns_20deci_2m_UTC_20190724_164629.697\seg_020.png,,,20,20.0,22.0,1,"20,21","1,1"
pohang,1khz_50ns_20deci_2m_UTC_20190724_164629.697.tdms,0016_1khz_50ns_20deci_2m_UTC_20190724_164629.697\seg_021.png,,,21,21.0,23.0,1,"21,22","1,1"
pohang,1khz_50ns_20deci_2m_UTC_20190724_164629.697.tdms,0016_1khz_50ns_20deci_2m_UTC_20190724_164629.697\seg_022.png,,,22,22.0,24.0,1,"22,23","1,1"
pohang,1khz_50ns_20deci_2m_UTC_20190724_164629.697.tdms,0016_1khz_50ns_20deci_2m_UTC_20190724_164629.697\seg_023.png,,,23,23.0,25.0,1,"23,24","1,1"
pohang,1khz_50ns_20deci_2m_UTC_20190724_164629.697.tdms,0016_1khz_50ns_20deci_2m_UTC_20190724_164629.697\seg_024.png,,,24,24.0,26.0,1,"24,25","1,1"
pohang,1khz_50ns_20deci_2m_UTC_20190724_164629.697.tdms,0016_1khz_50ns_20deci_2m_UTC_20190724_164629.697\seg_025.png,,,25,25.0,27.0,1,"25,26","1,1"
pohang,1khz_50ns_20deci_2m_UTC_20190724_164629.697.tdms,0016_1khz_50ns_20deci_2m_UTC_20190724_164629.697\seg_026.png,,,26,26.0,28.0,1,"26,27","1,1"
pohang,1khz_50ns_20deci_2m_UTC_20190724_164629.697.tdms,0016_1khz_50ns_20deci_2m_UTC_20190724_164629.697\seg_027.png,,,27,27.0,29.0,1,"27,28","1,1"
pohang,1khz_50ns_20deci_2m_UTC_20190724_164629.697.tdms,0016_1khz_50ns_20deci_2m_UTC_20190724_164629.697\seg_028.png,,,28,28.0,30.0,1,"28,29","1,1"
pohang,1khz_50ns_20deci_2m_UTC_20190727_133129.629.tdms,0017_1khz_50ns_20deci_2m_UTC_20190727_133129.629\seg_000.png,,,0,0.0,2.0,0,"0,1","0,0"
pohang,1khz_50ns_20deci_2m_UTC_20190727_133129.629.tdms,0017_1khz_50ns_20deci_2m_UTC_20190727_133129.629\seg_001.png,,,1,1.0,3.0,0,"1,2","0,0"
pohang,1khz_50ns_20deci_2m_UTC_20190727_133129.629.tdms,0017_1khz_50ns_20deci_2m_UTC_20190727_133129.629\seg_002.png,,,2,2.0,4.0,0,"2,3","0,0"
pohang,1khz_50ns_20deci_2m_UTC_20190727_133129.629.tdms,0017_1khz_50ns_20deci_2m_UTC_20190727_133129.629\seg_003.png,,,3,3.0,5.0,1,"3,4","0,1"
pohang,1khz_50ns_20deci_2m_UTC_20190727_133129.629.tdms,0017_1khz_50ns_20deci_2m_UTC_20190727_133129.629\seg_004.png,,,4,4.0,6.0,1,"4,5","1,1"
pohang,1khz_50ns_20deci_2m_UTC_20190727_133129.629.tdms,0017_1khz_50ns_20deci_2m_UTC_20190727_133129.629\seg_005.png,,,5,5.0,7.0,1,"5,6","1,0"
pohang,1khz_50ns_20deci_2m_UTC_20190727_133129.629.tdms,0017_1khz_50ns_20deci_2m_UTC_20190727_133129.629\seg_006.png,,,6,6.0,8.0,0,"6,7","0,0"
pohang,1khz_50ns_20deci_2m_UTC_20190727_133129.629.tdms,0017_1khz_50ns_20deci_2m_UTC_20190727_133129.629\seg_007.png,,,7,7.0,9.0,0,"7,8","0,0"
pohang,1khz_50ns_20deci_2m_UTC_20190727_133129.629.tdms,0017_1khz_50ns_20deci_2m_UTC_20190727_133129.629\seg_008.png,,,8,8.0,10.0,0,"8,9","0,0"
pohang,1khz_50ns_20deci_2m_UTC_20190727_133129.629.tdms,0017_1khz_50ns_20deci_2m_UTC_20190727_133129.629\seg_009.png,,,9,9.0,11.0,0,"9,10","0,0"
pohang,1khz_50ns_20deci_2m_UTC_20190727_133129.629.tdms,0017_1khz_50ns_20deci_2m_UTC_20190727_133129.629\seg_010.png,,,10,10.0,12.0,0,"10,11","0,0"
pohang,1khz_50ns_20deci_2m_UTC_20190727_133129.629.tdms,0017_1khz_50ns_20deci_2m_UTC_20190727_133129.629\seg_011.png,,,11,11.0,13.0,1,"11,12","0,1"
pohang,1khz_50ns_20deci_2m_UTC_20190727_133129.629.tdms,0017_1khz_50ns_20deci_2m_UTC_20190727_133129.629\seg_012.png,,,12,12.0,14.0,1,"12,13","1,1"
pohang,1khz_50ns_20deci_2m_UTC_20190727_133129.629.tdms,0017_1khz_50ns_20deci_2m_UTC_20190727_133129.629\seg_013.png,,,13,13.0,15.0,1,"13,14","1,1"
pohang,1khz_50ns_20deci_2m_UTC_20190727_133129.629.tdms,0017_1khz_50ns_20deci_2m_UTC_20190727_133129.629\seg_014.png,,,14,14.0,16.0,1,"14,15","1,1"
pohang,1khz_50ns_20deci_2m_UTC_20190727_133129.629.tdms,0017_1khz_50ns_20deci_2m_UTC_20190727_133129.629\seg_015.png,,,15,15.0,17.0,1,"15,16","1,1"
pohang,1khz_50ns_20deci_2m_UTC_20190727_133129.629.tdms,0017_1khz_50ns_20deci_2m_UTC_20190727_133129.629\seg_016.png,,,16,16.0,18.0,1,"16,17","1,1"
pohang,1khz_50ns_20deci_2m_UTC_20190727_133129.629.tdms,0017_1khz_50ns_20deci_2m_UTC_20190727_133129.629\seg_017.png,,,17,17.0,19.0,1,"17,18","1,1"
pohang,1khz_50ns_20deci_2m_UTC_20190727_133129.629.tdms,0017_1khz_50ns_20deci_2m_UTC_20190727_133129.629\seg_018.png,,,18,18.0,20.0,1,"18,19","1,1"
pohang,1khz_50ns_20deci_2m_UTC_20190727_133129.629.tdms,0017_1khz_50ns_20deci_2m_UTC_20190727_133129.629\seg_019.png,,,19,19.0,21.0,1,"19,20","1,1"
pohang,1khz_50ns_20deci_2m_UTC_20190727_133129.629.tdms,0017_1khz_50ns_20deci_2m_UTC_20190727_133129.629\seg_020.png,,,20,20.0,22.0,1,"20,21","1,1"
pohang,1khz_50ns_20deci_2m_UTC_20190727_133129.629.tdms,0017_1khz_50ns_20deci_2m_UTC_20190727_133129.629\seg_021.png,,,21,21.0,23.0,1,"21,22","1,0"
pohang,1khz_50ns_20deci_2m_UTC_20190727_133129.629.tdms,0017_1khz_50ns_20deci_2m_UTC_20190727_133129.629\seg_022.png,,,22,22.0,24.0,0,"22,23","0,0"
pohang,1khz_50ns_20deci_2m_UTC_20190727_133129.629.tdms,0017_1khz_50ns_20deci_2m_UTC_20190727_133129.629\seg_023.png,,,23,23.0,25.0,0,"23,24","0,0"
pohang,1khz_50ns_20deci_2m_UTC_20190727_133129.629.tdms,0017_1khz_50ns_20deci_2m_UTC_20190727_133129.629\seg_024.png,,,24,24.0,26.0,0,"24,25","0,0"
pohang,1khz_50ns_20deci_2m_UTC_20190727_133129.629.tdms,0017_1khz_50ns_20deci_2m_UTC_20190727_133129.629\seg_025.png,,,25,25.0,27.0,0,"25,26","0,0"
pohang,1khz_50ns_20deci_2m_UTC_20190727_133129.629.tdms,0017_1khz_50ns_20deci_2m_UTC_20190727_133129.629\seg_026.png,,,26,26.0,28.0,0,"26,27","0,0"
pohang,1khz_50ns_20deci_2m_UTC_20190727_133129.629.tdms,0017_1khz_50ns_20deci_2m_UTC_20190727_133129.629\seg_027.png,,,27,27.0,29.0,0,"27,28","0,0"
pohang,1khz_50ns_20deci_2m_UTC_20190727_133129.629.tdms,0017_1khz_50ns_20deci_2m_UTC_20190727_133129.629\seg_028.png,,,28,28.0,30.0,0,"28,29","0,0"
pohang,1khz_50ns_20deci_2m_UTC_20190727_133229.629.tdms,0018_1khz_50ns_20deci_2m_UTC_20190727_133229.629\seg_000.png,,,0,0.0,2.0,0,"0,1","0,0"
pohang,1khz_50ns_20deci_2m_UTC_20190727_133229.629.tdms,0018_1khz_50ns_20deci_2m_UTC_20190727_133229.629\seg_001.png,,,1,1.0,3.0,0,"1,2","0,0"
pohang,1khz_50ns_20deci_2m_UTC_20190727_133229.629.tdms,0018_1khz_50ns_20deci_2m_UTC_20190727_133229.629\seg_002.png,,,2,2.0,4.0,1,"2,3","0,1"
pohang,1khz_50ns_20deci_2m_UTC_20190727_133229.629.tdms,0018_1khz_50ns_20deci_2m_UTC_20190727_133229.629\seg_003.png,,,3,3.0,5.0,1,"3,4","1,1"
pohang,1khz_50ns_20deci_2m_UTC_20190727_133229.629.tdms,0018_1khz_50ns_20deci_2m_UTC_20190727_133229.629\seg_004.png,,,4,4.0,6.0,1,"4,5","1,1"
pohang,1khz_50ns_20deci_2m_UTC_20190727_133229.629.tdms,0018_1khz_50ns_20deci_2m_UTC_20190727_133229.629\seg_005.png,,,5,5.0,7.0,1,"5,6","1,1"
pohang,1khz_50ns_20deci_2m_UTC_20190727_133229.629.tdms,0018_1khz_50ns_20deci_2m_UTC_20190727_133229.629\seg_006.png,,,6,6.0,8.0,1,"6,7","1,1"
pohang,1khz_50ns_20deci_2m_UTC_20190727_133229.629.tdms,0018_1khz_50ns_20deci_2m_UTC_20190727_133229.629\seg_007.png,,,7,7.0,9.0,1,"7,8","1,1"
pohang,1khz_50ns_20deci_2m_UTC_20190727_133229.629.tdms,0018_1khz_50ns_20deci_2m_UTC_20190727_133229.629\seg_008.png,,,8,8.0,10.0,1,"8,9","1,1"
pohang,1khz_50ns_20deci_2m_UTC_20190727_133229.629.tdms,0018_1khz_50ns_20deci_2m_UTC_20190727_133229.629\seg_009.png,,,9,9.0,11.0,1,"9,10","1,1"
pohang,1khz_50ns_20deci_2m_UTC_20190727_133229.629.tdms,0018_1khz_50ns_20deci_2m_UTC_20190727_133229.629\seg_010.png,,,10,10.0,12.0,1,"10,11","1,1"
pohang,1khz_50ns_20deci_2m_UTC_20190727_133229.629.tdms,0018_1khz_50ns_20deci_2m_UTC_20190727_133229.629\seg_011.png,,,11,11.0,13.0,1,"11,12","1,1"
pohang,1khz_50ns_20deci_2m_UTC_20190727_133229.629.tdms,0018_1khz_50ns_20deci_2m_UTC_20190727_133229.629\seg_012.png,,,12,12.0,14.0,1,"12,13","1,1"
pohang,1khz_50ns_20deci_2m_UTC_20190727_133229.629.tdms,0018_1khz_50ns_20deci_2m_UTC_20190727_133229.629\seg_013.png,,,13,13.0,15.0,1,"13,14","1,1"
pohang,1khz_50ns_20deci_2m_UTC_20190727_133229.629.tdms,0018_1khz_50ns_20deci_2m_UTC_20190727_133229.629\seg_014.png,,,14,14.0,16.0,1,"14,15","1,1"
pohang,1khz_50ns_20deci_2m_UTC_20190727_133229.629.tdms,0018_1khz_50ns_20deci_2m_UTC_20190727_133229.629\seg_015.png,,,15,15.0,17.0,1,"15,16","1,1"
pohang,1khz_50ns_20deci_2m_UTC_20190727_133229.629.tdms,0018_1khz_50ns_20deci_2m_UTC_20190727_133229.629\seg_016.png,,,16,16.0,18.0,1,"16,17","1,1"
pohang,1khz_50ns_20deci_2m_UTC_20190727_133229.629.tdms,0018_1khz_50ns_20deci_2m_UTC_20190727_133229.629\seg_017.png,,,17,17.0,19.0,1,"17,18","1,1"
pohang,1khz_50ns_20deci_2m_UTC_20190727_133229.629.tdms,0018_1khz_50ns_20deci_2m_UTC_20190727_133229.629\seg_018.png,,,18,18.0,20.0,1,"18,19","1,1"
pohang,1khz_50ns_20deci_2m_UTC_20190727_133229.629.tdms,0018_1khz_50ns_20deci_2m_UTC_20190727_133229.629\seg_019.png,,,19,19.0,21.0,1,"19,20","1,1"
pohang,1khz_50ns_20deci_2m_UTC_20190727_133229.629.tdms,0018_1khz_50ns_20deci_2m_UTC_20190727_133229.629\seg_020.png,,,20,20.0,22.0,1,"20,21","1,0"
pohang,1khz_50ns_20deci_2m_UTC_20190727_133229.629.tdms,0018_1khz_50ns_20deci_2m_UTC_20190727_133229.629\seg_021.png,,,21,21.0,23.0,0,"21,22","0,0"
pohang,1khz_50ns_20deci_2m_UTC_20190727_133229.629.tdms,0018_1khz_50ns_20deci_2m_UTC_20190727_133229.629\seg_022.png,,,22,22.0,24.0,0,"22,23","0,0"
pohang,1khz_50ns_20deci_2m_UTC_20190727_133229.629.tdms,0018_1khz_50ns_20deci_2m_UTC_20190727_133229.629\seg_023.png,,,23,23.0,25.0,0,"23,24","0,0"
pohang,1khz_50ns_20deci_2m_UTC_20190727_133229.629.tdms,0018_1khz_50ns_20deci_2m_UTC_20190727_133229.629\seg_024.png,,,24,24.0,26.0,0,"24,25","0,0"
pohang,1khz_50ns_20deci_2m_UTC_20190727_133229.629.tdms,0018_1khz_50ns_20deci_2m_UTC_20190727_133229.629\seg_025.png,,,25,25.0,27.0,0,"25,26","0,0"
pohang,1khz_50ns_20deci_2m_UTC_20190727_133229.629.tdms,0018_1khz_50ns_20deci_2m_UTC_20190727_133229.629\seg_026.png,,,26,26.0,28.0,0,"26,27","0,0"
pohang,1khz_50ns_20deci_2m_UTC_20190727_133229.629.tdms,0018_1khz_50ns_20deci_2m_UTC_20190727_133229.629\seg_027.png,,,27,27.0,29.0,0,"27,28","0,0"
pohang,1khz_50ns_20deci_2m_UTC_20190727_133229.629.tdms,0018_1khz_50ns_20deci_2m_UTC_20190727_133229.629\seg_028.png,,,28,28.0,30.0,0,"28,29","0,0"
pohang,1khz_50ns_20deci_2m_UTC_20190729_204529.575.tdms,0020_1khz_50ns_20deci_2m_UTC_20190729_204529.575\seg_000.png,,,1,0.0,2.0,0,"1,2","0,0"
pohang,1khz_50ns_20deci_2m_UTC_20190729_204529.575.tdms,0020_1khz_50ns_20deci_2m_UTC_20190729_204529.575\seg_001.png,,,3,1.0,3.0,0,"3,4","0,0"
pohang,1khz_50ns_20deci_2m_UTC_20190729_204529.575.tdms,0020_1khz_50ns_20deci_2m_UTC_20190729_204529.575\seg_002.png,,,5,2.0,4.0,0,"5,6","0,0"
pohang,1khz_50ns_20deci_2m_UTC_20190729_204529.575.tdms,0020_1khz_50ns_20deci_2m_UTC_20190729_204529.575\seg_003.png,,,7,3.0,5.0,0,"7,8","0,0"
pohang,1khz_50ns_20deci_2m_UTC_20190729_204529.575.tdms,0020_1khz_50ns_20deci_2m_UTC_20190729_204529.575\seg_004.png,,,9,4.0,6.0,0,"9,10","0,0"
pohang,1khz_50ns_20deci_2m_UTC_20190729_204529.575.tdms,0020_1khz_50ns_20deci_2m_UTC_20190729_204529.575\seg_005.png,,,11,5.0,7.0,0,"11,12","0,0"
pohang,1khz_50ns_20deci_2m_UTC_20190729_204529.575.tdms,0020_1khz_50ns_20deci_2m_UTC_20190729_204529.575\seg_006.png,,,13,6.0,8.0,0,"13,14","0,0"
pohang,1khz_50ns_20deci_2m_UTC_20190729_204529.575.tdms,0020_1khz_50ns_20deci_2m_UTC_20190729_204529.575\seg_007.png,,,15,7.0,9.0,0,"15,16","0,0"
pohang,1khz_50ns_20deci_2m_UTC_20190729_204529.575.tdms,0020_1khz_50ns_20deci_2m_UTC_20190729_204529.575\seg_008.png,,,17,8.0,10.0,0,"17,18","0,0"
pohang,1khz_50ns_20deci_2m_UTC_20190729_204529.575.tdms,0020_1khz_50ns_20deci_2m_UTC_20190729_204529.575\seg_009.png,,,19,9.0,11.0,0,"19,20","0,0"
pohang,1khz_50ns_20deci_2m_UTC_20190729_204529.575.tdms,0020_1khz_50ns_20deci_2m_UTC_20190729_204529.575\seg_010.png,,,21,10.0,12.0,1,"21,22","0,1"
pohang,1khz_50ns_20deci_2m_UTC_20190729_204529.575.tdms,0020_1khz_50ns_20deci_2m_UTC_20190729_204529.575\seg_011.png,,,23,11.0,13.0,1,"23,24","1,1"
pohang,1khz_50ns_20deci_2m_UTC_20190729_204529.575.tdms,0020_1khz_50ns_20deci_2m_UTC_20190729_204529.575\seg_012.png,,,25,12.0,14.0,1,"25,26","1,1"
pohang,1khz_50ns_20deci_2m_UTC_20190729_204529.575.tdms,0020_1khz_50ns_20deci_2m_UTC_20190729_204529.575\seg_013.png,,,27,13.0,15.0,1,"27,28","1,1"
pohang,1khz_50ns_20deci_2m_UTC_20190729_204529.575.tdms,0020_1khz_50ns_20deci_2m_UTC_20190729_204529.575\seg_014.png,,,29,14.0,16.0,1,"29,30","1,1"
pohang,1khz_50ns_20deci_2m_UTC_20190729_204529.575.tdms,0020_1khz_50ns_20deci_2m_UTC_20190729_204529.575\seg_015.png,,,31,15.0,17.0,1,"31,32","0,1"
pohang,1khz_50ns_20deci_2m_UTC_20190729_204529.575.tdms,0020_1khz_50ns_20deci_2m_UTC_20190729_204529.575\seg_016.png,,,33,16.0,18.0,1,"33,34","0,1"
pohang,1khz_50ns_20deci_2m_UTC_20190729_204529.575.tdms,0020_1khz_50ns_20deci_2m_UTC_20190729_204529.575\seg_017.png,,,35,17.0,19.0,1,"35,36","0,1"
pohang,1khz_50ns_20deci_2m_UTC_20190729_204529.575.tdms,0020_1khz_50ns_20deci_2m_UTC_20190729_204529.575\seg_018.png,,,37,18.0,20.0,1,"37,38","0,1"
pohang,1khz_50ns_20deci_2m_UTC_20190729_204529.575.tdms,0020_1khz_50ns_20deci_2m_UTC_20190729_204529.575\seg_019.png,,,39,19.0,21.0,1,"39,40","0,1"
pohang,1khz_50ns_20deci_2m_UTC_20190729_204529.575.tdms,0020_1khz_50ns_20deci_2m_UTC_20190729_204529.575\seg_020.png,,,41,20.0,22.0,1,"41,42","0,1"
pohang,1khz_50ns_20deci_2m_UTC_20190729_204529.575.tdms,0020_1khz_50ns_20deci_2m_UTC_20190729_204529.575\seg_021.png,,,43,21.0,23.0,1,"43,44","0,1"
pohang,1khz_50ns_20deci_2m_UTC_20190729_204529.575.tdms,0020_1khz_50ns_20deci_2m_UTC_20190729_204529.575\seg_022.png,,,45,22.0,24.0,1,"45,46","0,1"
pohang,1khz_50ns_20deci_2m_UTC_20190729_204529.575.tdms,0020_1khz_50ns_20deci_2m_UTC_20190729_204529.575\seg_023.png,,,47,23.0,25.0,1,"47,48","1,1"
pohang,1khz_50ns_20deci_2m_UTC_20190729_204529.575.tdms,0020_1khz_50ns_20deci_2m_UTC_20190729_204529.575\seg_024.png,,,49,24.0,26.0,1,"49,50","1,1"
pohang,1khz_50ns_20deci_2m_UTC_20190729_204529.575.tdms,0020_1khz_50ns_20deci_2m_UTC_20190729_204529.575\seg_025.png,,,51,25.0,27.0,1,"51,52","1,1"
pohang,1khz_50ns_20deci_2m_UTC_20190729_204529.575.tdms,0020_1khz_50ns_20deci_2m_UTC_20190729_204529.575\seg_026.png,,,53,26.0,28.0,1,"53,54","1,1"
pohang,1khz_50ns_20deci_2m_UTC_20190729_204529.575.tdms,0020_1khz_50ns_20deci_2m_UTC_20190729_204529.575\seg_027.png,,,55,27.0,29.0,1,"55,56","1,1"
pohang,1khz_50ns_20deci_2m_UTC_20190729_204529.575.tdms,0020_1khz_50ns_20deci_2m_UTC_20190729_204529.575\seg_028.png,,,57,28.0,30.0,1,"57,58","1,1"
pohang,1khz_50ns_20deci_2m_UTC_20190803_170659.463.tdms,0021_1khz_50ns_20deci_2m_UTC_20190803_170659.463\seg_000.png,,,0,0.0,2.0,0,"0,1","0,0"
pohang,1khz_50ns_20deci_2m_UTC_20190803_170659.463.tdms,0021_1khz_50ns_20deci_2m_UTC_20190803_170659.463\seg_001.png,,,1,1.0,3.0,0,"1,2","0,0"
pohang,1khz_50ns_20deci_2m_UTC_20190803_170659.463.tdms,0021_1khz_50ns_20deci_2m_UTC_20190803_170659.463\seg_002.png,,,2,2.0,4.0,0,"2,3","0,0"
pohang,1khz_50ns_20deci_2m_UTC_20190803_170659.463.tdms,0021_1khz_50ns_20deci_2m_UTC_20190803_170659.463\seg_003.png,,,3,3.0,5.0,0,"3,4","0,0"
pohang,1khz_50ns_20deci_2m_UTC_20190803_170659.463.tdms,0021_1khz_50ns_20deci_2m_UTC_20190803_170659.463\seg_004.png,,,4,4.0,6.0,0,"4,5","0,0"
pohang,1khz_50ns_20deci_2m_UTC_20190803_170659.463.tdms,0021_1khz_50ns_20deci_2m_UTC_20190803_170659.463\seg_005.png,,,5,5.0,7.0,0,"5,6","0,0"
pohang,1khz_50ns_20deci_2m_UTC_20190803_170659.463.tdms,0021_1khz_50ns_20deci_2m_UTC_20190803_170659.463\seg_006.png,,,6,6.0,8.0,0,"6,7","0,0"
pohang,1khz_50ns_20deci_2m_UTC_20190803_170659.463.tdms,0021_1khz_50ns_20deci_2m_UTC_20190803_170659.463\seg_007.png,,,7,7.0,9.0,0,"7,8","0,0"
pohang,1khz_50ns_20deci_2m_UTC_20190803_170659.463.tdms,0021_1khz_50ns_20deci_2m_UTC_20190803_170659.463\seg_008.png,,,8,8.0,10.0,0,"8,9","0,0"
pohang,1khz_50ns_20deci_2m_UTC_20190803_170659.463.tdms,0021_1khz_50ns_20deci_2m_UTC_20190803_170659.463\seg_009.png,,,9,9.0,11.0,0,"9,10","0,0"
pohang,1khz_50ns_20deci_2m_UTC_20190803_170659.463.tdms,0021_1khz_50ns_20deci_2m_UTC_20190803_170659.463\seg_010.png,,,10,10.0,12.0,0,"10,11","0,0"
pohang,1khz_50ns_20deci_2m_UTC_20190803_170659.463.tdms,0021_1khz_50ns_20deci_2m_UTC_20190803_170659.463\seg_011.png,,,11,11.0,13.0,0,"11,12","0,0"
pohang,1khz_50ns_20deci_2m_UTC_20190803_170659.463.tdms,0021_1khz_50ns_20deci_2m_UTC_20190803_170659.463\seg_012.png,,,12,12.0,14.0,0,"12,13","0,0"
pohang,1khz_50ns_20deci_2m_UTC_20190803_170659.463.tdms,0021_1khz_50ns_20deci_2m_UTC_20190803_170659.463\seg_013.png,,,13,13.0,15.0,1,"13,14","0,1"
pohang,1khz_50ns_20deci_2m_UTC_20190803_170659.463.tdms,0021_1khz_50ns_20deci_2m_UTC_20190803_170659.463\seg_014.png,,,14,14.0,16.0,1,"14,15","1,1"
pohang,1khz_50ns_20deci_2m_UTC_20190803_170659.463.tdms,0021_1khz_50ns_20deci_2m_UTC_20190803_170659.463\seg_015.png,,,15,15.0,17.0,1,"15,16","1,1"
pohang,1khz_50ns_20deci_2m_UTC_20190803_170659.463.tdms,0021_1khz_50ns_20deci_2m_UTC_20190803_170659.463\seg_016.png,,,16,16.0,18.0,1,"16,17","1,1"
pohang,1khz_50ns_20deci_2m_UTC_20190803_170659.463.tdms,0021_1khz_50ns_20deci_2m_UTC_20190803_170659.463\seg_017.png,,,17,17.0,19.0,1,"17,18","1,1"
pohang,1khz_50ns_20deci_2m_UTC_20190803_170659.463.tdms,0021_1khz_50ns_20deci_2m_UTC_20190803_170659.463\seg_018.png,,,18,18.0,20.0,1,"18,19","1,1"
pohang,1khz_50ns_20deci_2m_UTC_20190803_170659.463.tdms,0021_1khz_50ns_20deci_2m_UTC_20190803_170659.463\seg_019.png,,,19,19.0,21.0,1,"19,20","1,1"
pohang,1khz_50ns_20deci_2m_UTC_20190803_170659.463.tdms,0021_1khz_50ns_20deci_2m_UTC_20190803_170659.463\seg_020.png,,,20,20.0,22.0,1,"20,21","1,1"
pohang,1khz_50ns_20deci_2m_UTC_20190803_170659.463.tdms,0021_1khz_50ns_20deci_2m_UTC_20190803_170659.463\seg_021.png,,,21,21.0,23.0,1,"21,22","1,1"
pohang,1khz_50ns_20deci_2m_UTC_20190803_170659.463.tdms,0021_1khz_50ns_20deci_2m_UTC_20190803_170659.463\seg_022.png,,,22,22.0,24.0,1,"22,23","1,1"
pohang,1khz_50ns_20deci_2m_UTC_20190803_170659.463.tdms,0021_1khz_50ns_20deci_2m_UTC_20190803_170659.463\seg_023.png,,,23,23.0,25.0,1,"23,24","1,1"
pohang,1khz_50ns_20deci_2m_UTC_20190803_170659.463.tdms,0021_1khz_50ns_20deci_2m_UTC_20190803_170659.463\seg_024.png,,,24,24.0,26.0,1,"24,25","1,1"
pohang,1khz_50ns_20deci_2m_UTC_20190803_170659.463.tdms,0021_1khz_50ns_20deci_2m_UTC_20190803_170659.463\seg_025.png,,,25,25.0,27.0,1,"25,26","1,1"
pohang,1khz_50ns_20deci_2m_UTC_20190803_170659.463.tdms,0021_1khz_50ns_20deci_2m_UTC_20190803_170659.463\seg_026.png,,,26,26.0,28.0,1,"26,27","1,1"
pohang,1khz_50ns_20deci_2m_UTC_20190803_170659.463.tdms,0021_1khz_50ns_20deci_2m_UTC_20190803_170659.463\seg_027.png,,,27,27.0,29.0,1,"27,28","1,1"
pohang,1khz_50ns_20deci_2m_UTC_20190803_170659.463.tdms,0021_1khz_50ns_20deci_2m_UTC_20190803_170659.463\seg_028.png,,,28,28.0,30.0,1,"28,29","1,1"
pohang,1khz_50ns_20deci_2m_UTC_20190804_081559.449.tdms,0022_1khz_50ns_20deci_2m_UTC_20190804_081559.449\seg_000.png,,,0,0.0,2.0,0,"0,1","0,0"
pohang,1khz_50ns_20deci_2m_UTC_20190804_081559.449.tdms,0022_1khz_50ns_20deci_2m_UTC_20190804_081559.449\seg_001.png,,,1,1.0,3.0,0,"1,2","0,0"
pohang,1khz_50ns_20deci_2m_UTC_20190804_081559.449.tdms,0022_1khz_50ns_20deci_2m_UTC_20190804_081559.449\seg_002.png,,,2,2.0,4.0,0,"2,3","0,0"
pohang,1khz_50ns_20deci_2m_UTC_20190804_081559.449.tdms,0022_1khz_50ns_20deci_2m_UTC_20190804_081559.449\seg_003.png,,,3,3.0,5.0,0,"3,4","0,0"
pohang,1khz_50ns_20deci_2m_UTC_20190804_081559.449.tdms,0022_1khz_50ns_20deci_2m_UTC_20190804_081559.449\seg_004.png,,,4,4.0,6.0,0,"4,5","0,0"
pohang,1khz_50ns_20deci_2m_UTC_20190804_081559.449.tdms,0022_1khz_50ns_20deci_2m_UTC_20190804_081559.449\seg_005.png,,,5,5.0,7.0,0,"5,6","0,0"
pohang,1khz_50ns_20deci_2m_UTC_20190804_081559.449.tdms,0022_1khz_50ns_20deci_2m_UTC_20190804_081559.449\seg_006.png,,,6,6.0,8.0,0,"6,7","0,0"
pohang,1khz_50ns_20deci_2m_UTC_20190804_081559.449.tdms,0022_1khz_50ns_20deci_2m_UTC_20190804_081559.449\seg_007.png,,,7,7.0,9.0,0,"7,8","0,0"
pohang,1khz_50ns_20deci_2m_UTC_20190804_081559.449.tdms,0022_1khz_50ns_20deci_2m_UTC_20190804_081559.449\seg_008.png,,,8,8.0,10.0,0,"8,9","0,0"
pohang,1khz_50ns_20deci_2m_UTC_20190804_081559.449.tdms,0022_1khz_50ns_20deci_2m_UTC_20190804_081559.449\seg_009.png,,,9,9.0,11.0,0,"9,10","0,0"
pohang,1khz_50ns_20deci_2m_UTC_20190804_081559.449.tdms,0022_1khz_50ns_20deci_2m_UTC_20190804_081559.449\seg_010.png,,,10,10.0,12.0,0,"10,11","0,0"
pohang,1khz_50ns_20deci_2m_UTC_20190804_081559.449.tdms,0022_1khz_50ns_20deci_2m_UTC_20190804_081559.449\seg_011.png,,,11,11.0,13.0,0,"11,12","0,0"
pohang,1khz_50ns_20deci_2m_UTC_20190804_081559.449.tdms,0022_1khz_50ns_20deci_2m_UTC_20190804_081559.449\seg_012.png,,,12,12.0,14.0,0,"12,13","0,0"
pohang,1khz_50ns_20deci_2m_UTC_20190804_081559.449.tdms,0022_1khz_50ns_20deci_2m_UTC_20190804_081559.449\seg_013.png,,,13,13.0,15.0,0,"13,14","0,0"
pohang,1khz_50ns_20deci_2m_UTC_20190804_081559.449.tdms,0022_1khz_50ns_20deci_2m_UTC_20190804_081559.449\seg_014.png,,,14,14.0,16.0,0,"14,15","0,0"
pohang,1khz_50ns_20deci_2m_UTC_20190804_081559.449.tdms,0022_1khz_50ns_20deci_2m_UTC_20190804_081559.449\seg_015.png,,,15,15.0,17.0,0,"15,16","0,0"
pohang,1khz_50ns_20deci_2m_UTC_20190804_081559.449.tdms,0022_1khz_50ns_20deci_2m_UTC_20190804_081559.449\seg_016.png,,,16,16.0,18.0,0,"16,17","0,0"
pohang,1khz_50ns_20deci_2m_UTC_20190804_081559.449.tdms,0022_1khz_50ns_20deci_2m_UTC_20190804_081559.449\seg_017.png,,,17,17.0,19.0,0,"17,18","0,0"
pohang,1khz_50ns_20deci_2m_UTC_20190804_081559.449.tdms,0022_1khz_50ns_20deci_2m_UTC_20190804_081559.449\seg_018.png,,,18,18.0,20.0,0,"18,19","0,0"
pohang,1khz_50ns_20deci_2m_UTC_20190804_081559.449.tdms,0022_1khz_50ns_20deci_2m_UTC_20190804_081559.449\seg_019.png,,,19,19.0,21.0,0,"19,20","0,0"
pohang,1khz_50ns_20deci_2m_UTC_20190804_081559.449.tdms,0022_1khz_50ns_20deci_2m_UTC_20190804_081559.449\seg_020.png,,,20,20.0,22.0,0,"20,21","0,0"
pohang,1khz_50ns_20deci_2m_UTC_20190804_081559.449.tdms,0022_1khz_50ns_20deci_2m_UTC_20190804_081559.449\seg_021.png,,,21,21.0,23.0,0,"21,22","0,0"
pohang,1khz_50ns_20deci_2m_UTC_20190804_081559.449.tdms,0022_1khz_50ns_20deci_2m_UTC_20190804_081559.449\seg_022.png,,,22,22.0,24.0,0,"22,23","0,0"
pohang,1khz_50ns_20deci_2m_UTC_20190804_081559.449.tdms,0022_1khz_50ns_20deci_2m_UTC_20190804_081559.449\seg_023.png,,,23,23.0,25.0,0,"23,24","0,0"
pohang,1khz_50ns_20deci_2m_UTC_20190804_081559.449.tdms,0022_1khz_50ns_20deci_2m_UTC_20190804_081559.449\seg_024.png,,,24,24.0,26.0,0,"24,25","0,0"
pohang,1khz_50ns_20deci_2m_UTC_20190804_081559.449.tdms,0022_1khz_50ns_20deci_2m_UTC_20190804_081559.449\seg_025.png,,,25,25.0,27.0,0,"25,26","0,0"
pohang,1khz_50ns_20deci_2m_UTC_20190804_081559.449.tdms,0022_1khz_50ns_20deci_2m_UTC_20190804_081559.449\seg_026.png,,,26,26.0,28.0,0,"26,27","0,0"
pohang,1khz_50ns_20deci_2m_UTC_20190804_081559.449.tdms,0022_1khz_50ns_20deci_2m_UTC_20190804_081559.449\seg_027.png,,,27,27.0,29.0,1,"27,28","0,1"
pohang,1khz_50ns_20deci_2m_UTC_20190804_081559.449.tdms,0022_1khz_50ns_20deci_2m_UTC_20190804_081559.449\seg_028.png,,,28,28.0,30.0,1,"28,29","1,1"
pohang,1khz_50ns_20deci_2m_UTC_20190806_145929.395.tdms,0023_1khz_50ns_20deci_2m_UTC_20190806_145929.395\seg_000.png,,,0,0.0,2.0,0,"0,1","0,0"
pohang,1khz_50ns_20deci_2m_UTC_20190806_145929.395.tdms,0023_1khz_50ns_20deci_2m_UTC_20190806_145929.395\seg_001.png,,,1,1.0,3.0,0,"1,2","0,0"
pohang,1khz_50ns_20deci_2m_UTC_20190806_145929.395.tdms,0023_1khz_50ns_20deci_2m_UTC_20190806_145929.395\seg_002.png,,,2,2.0,4.0,0,"2,3","0,0"
pohang,1khz_50ns_20deci_2m_UTC_20190806_145929.395.tdms,0023_1khz_50ns_20deci_2m_UTC_20190806_145929.395\seg_003.png,,,3,3.0,5.0,0,"3,4","0,0"
pohang,1khz_50ns_20deci_2m_UTC_20190806_145929.395.tdms,0023_1khz_50ns_20deci_2m_UTC_20190806_145929.395\seg_004.png,,,4,4.0,6.0,0,"4,5","0,0"
pohang,1khz_50ns_20deci_2m_UTC_20190806_145929.395.tdms,0023_1khz_50ns_20deci_2m_UTC_20190806_145929.395\seg_005.png,,,5,5.0,7.0,0,"5,6","0,0"
pohang,1khz_50ns_20deci_2m_UTC_20190806_145929.395.tdms,0023_1khz_50ns_20deci_2m_UTC_20190806_145929.395\seg_006.png,,,6,6.0,8.0,0,"6,7","0,0"
pohang,1khz_50ns_20deci_2m_UTC_20190806_145929.395.tdms,0023_1khz_50ns_20deci_2m_UTC_20190806_145929.395\seg_007.png,,,7,7.0,9.0,0,"7,8","0,0"
pohang,1khz_50ns_20deci_2m_UTC_20190806_145929.395.tdms,0023_1khz_50ns_20deci_2m_UTC_20190806_145929.395\seg_008.png,,,8,8.0,10.0,0,"8,9","0,0"
pohang,1khz_50ns_20deci_2m_UTC_20190806_145929.395.tdms,0023_1khz_50ns_20deci_2m_UTC_20190806_145929.395\seg_009.png,,,9,9.0,11.0,0,"9,10","0,0"
pohang,1khz_50ns_20deci_2m_UTC_20190806_145929.395.tdms,0023_1khz_50ns_20deci_2m_UTC_20190806_145929.395\seg_010.png,,,10,10.0,12.0,0,"10,11","0,0"
pohang,1khz_50ns_20deci_2m_UTC_20190806_145929.395.tdms,0023_1khz_50ns_20deci_2m_UTC_20190806_145929.395\seg_011.png,,,11,11.0,13.0,0,"11,12","0,0"
pohang,1khz_50ns_20deci_2m_UTC_20190806_145929.395.tdms,0023_1khz_50ns_20deci_2m_UTC_20190806_145929.395\seg_012.png,,,12,12.0,14.0,0,"12,13","0,0"
pohang,1khz_50ns_20deci_2m_UTC_20190806_145929.395.tdms,0023_1khz_50ns_20deci_2m_UTC_20190806_145929.395\seg_013.png,,,13,13.0,15.0,0,"13,14","0,0"
pohang,1khz_50ns_20deci_2m_UTC_20190806_145929.395.tdms,0023_1khz_50ns_20deci_2m_UTC_20190806_145929.395\seg_014.png,,,14,14.0,16.0,0,"14,15","0,0"
pohang,1khz_50ns_20deci_2m_UTC_20190806_145929.395.tdms,0023_1khz_50ns_20deci_2m_UTC_20190806_145929.395\seg_015.png,,,15,15.0,17.0,0,"15,16","0,0"
pohang,1khz_50ns_20deci_2m_UTC_20190806_145929.395.tdms,0023_1khz_50ns_20deci_2m_UTC_20190806_145929.395\seg_016.png,,,16,16.0,18.0,0,"16,17","0,0"
pohang,1khz_50ns_20deci_2m_UTC_20190806_145929.395.tdms,0023_1khz_50ns_20deci_2m_UTC_20190806_145929.395\seg_017.png,,,17,17.0,19.0,0,"17,18","0,0"
pohang,1khz_50ns_20deci_2m_UTC_20190806_145929.395.tdms,0023_1khz_50ns_20deci_2m_UTC_20190806_145929.395\seg_018.png,,,18,18.0,20.0,0,"18,19","0,0"
pohang,1khz_50ns_20deci_2m_UTC_20190806_145929.395.tdms,0023_1khz_50ns_20deci_2m_UTC_20190806_145929.395\seg_019.png,,,19,19.0,21.0,0,"19,20","0,0"
pohang,1khz_50ns_20deci_2m_UTC_20190806_145929.395.tdms,0023_1khz_50ns_20deci_2m_UTC_20190806_145929.395\seg_020.png,,,20,20.0,22.0,0,"20,21","0,0"
pohang,1khz_50ns_20deci_2m_UTC_20190806_145929.395.tdms,0023_1khz_50ns_20deci_2m_UTC_20190806_145929.395\seg_021.png,,,21,21.0,23.0,0,"21,22","0,0"
pohang,1khz_50ns_20deci_2m_UTC_20190806_145929.395.tdms,0023_1khz_50ns_20deci_2m_UTC_20190806_145929.395\seg_022.png,,,22,22.0,24.0,0,"22,23","0,0"
pohang,1khz_50ns_20deci_2m_UTC_20190806_145929.395.tdms,0023_1khz_50ns_20deci_2m_UTC_20190806_145929.395\seg_023.png,,,23,23.0,25.0,0,"23,24","0,0"
pohang,1khz_50ns_20deci_2m_UTC_20190806_145929.395.tdms,0023_1khz_50ns_20deci_2m_UTC_20190806_145929.395\seg_024.png,,,24,24.0,26.0,0,"24,25","0,0"
pohang,1khz_50ns_20deci_2m_UTC_20190806_145929.395.tdms,0023_1khz_50ns_20deci_2m_UTC_20190806_145929.395\seg_025.png,,,25,25.0,27.0,0,"25,26","0,0"
pohang,1khz_50ns_20deci_2m_UTC_20190806_145929.395.tdms,0023_1khz_50ns_20deci_2m_UTC_20190806_145929.395\seg_026.png,,,26,26.0,28.0,0,"26,27","0,0"
pohang,1khz_50ns_20deci_2m_UTC_20190806_145929.395.tdms,0023_1khz_50ns_20deci_2m_UTC_20190806_145929.395\seg_027.png,,,27,27.0,29.0,0,"27,28","0,0"
pohang,1khz_50ns_20deci_2m_UTC_20190806_145929.395.tdms,0023_1khz_50ns_20deci_2m_UTC_20190806_145929.395\seg_028.png,,,28,28.0,30.0,0,"28,29","0,0"
pohang,1khz_50ns_20deci_2m_UTC_20190816_190730.000.tdms,0024_1khz_50ns_20deci_2m_UTC_20190816_190730.000\seg_000.png,,,0,0.0,2.0,0,"0,1","0,0"
pohang,1khz_50ns_20deci_2m_UTC_20190816_190730.000.tdms,0024_1khz_50ns_20deci_2m_UTC_20190816_190730.000\seg_001.png,,,1,1.0,3.0,1,"1,2","0,1"
pohang,1khz_50ns_20deci_2m_UTC_20190816_190730.000.tdms,0024_1khz_50ns_20deci_2m_UTC_20190816_190730.000\seg_002.png,,,2,2.0,4.0,1,"2,3","1,1"
pohang,1khz_50ns_20deci_2m_UTC_20190816_190730.000.tdms,0024_1khz_50ns_20deci_2m_UTC_20190816_190730.000\seg_003.png,,,3,3.0,5.0,1,"3,4","1,1"
pohang,1khz_50ns_20deci_2m_UTC_20190816_190730.000.tdms,0024_1khz_50ns_20deci_2m_UTC_20190816_190730.000\seg_004.png,,,4,4.0,6.0,1,"4,5","1,1"
pohang,1khz_50ns_20deci_2m_UTC_20190816_190730.000.tdms,0024_1khz_50ns_20deci_2m_UTC_20190816_190730.000\seg_005.png,,,5,5.0,7.0,1,"5,6","1,1"
pohang,1khz_50ns_20deci_2m_UTC_20190816_190730.000.tdms,0024_1khz_50ns_20deci_2m_UTC_20190816_190730.000\seg_006.png,,,6,6.0,8.0,1,"6,7","1,1"
pohang,1khz_50ns_20deci_2m_UTC_20190816_190730.000.tdms,0024_1khz_50ns_20deci_2m_UTC_20190816_190730.000\seg_007.png,,,7,7.0,9.0,1,"7,8","1,1"
pohang,1khz_50ns_20deci_2m_UTC_20190816_190730.000.tdms,0024_1khz_50ns_20deci_2m_UTC_20190816_190730.000\seg_008.png,,,8,8.0,10.0,1,"8,9","1,1"
pohang,1khz_50ns_20deci_2m_UTC_20190816_190730.000.tdms,0024_1khz_50ns_20deci_2m_UTC_20190816_190730.000\seg_009.png,,,9,9.0,11.0,1,"9,10","1,1"
pohang,1khz_50ns_20deci_2m_UTC_20190816_190730.000.tdms,0024_1khz_50ns_20deci_2m_UTC_20190816_190730.000\seg_010.png,,,10,10.0,12.0,1,"10,11","1,1"
pohang,1khz_50ns_20deci_2m_UTC_20190816_190730.000.tdms,0024_1khz_50ns_20deci_2m_UTC_20190816_190730.000\seg_011.png,,,11,11.0,13.0,1,"11,12","1,1"
pohang,1khz_50ns_20deci_2m_UTC_20190816_190730.000.tdms,0024_1khz_50ns_20deci_2m_UTC_20190816_190730.000\seg_012.png,,,12,12.0,14.0,1,"12,13","1,1"
pohang,1khz_50ns_20deci_2m_UTC_20190816_190730.000.tdms,0024_1khz_50ns_20deci_2m_UTC_20190816_190730.000\seg_013.png,,,13,13.0,15.0,1,"13,14","1,1"
pohang,1khz_50ns_20deci_2m_UTC_20190816_190730.000.tdms,0024_1khz_50ns_20deci_2m_UTC_20190816_190730.000\seg_014.png,,,14,14.0,16.0,1,"14,15","1,1"
pohang,1khz_50ns_20deci_2m_UTC_20190816_190730.000.tdms,0024_1khz_50ns_20deci_2m_UTC_20190816_190730.000\seg_015.png,,,15,15.0,17.0,1,"15,16","1,1"
pohang,1khz_50ns_20deci_2m_UTC_20190816_190730.000.tdms,0024_1khz_50ns_20deci_2m_UTC_20190816_190730.000\seg_016.png,,,16,16.0,18.0,1,"16,17","1,1"
pohang,1khz_50ns_20deci_2m_UTC_20190816_190730.000.tdms,0024_1khz_50ns_20deci_2m_UTC_20190816_190730.000\seg_017.png,,,17,17.0,19.0,1,"17,18","1,1"
pohang,1khz_50ns_20deci_2m_UTC_20190816_190730.000.tdms,0024_1khz_50ns_20deci_2m_UTC_20190816_190730.000\seg_018.png,,,18,18.0,20.0,1,"18,19","1,1"
pohang,1khz_50ns_20deci_2m_UTC_20190816_190730.000.tdms,0024_1khz_50ns_20deci_2m_UTC_20190816_190730.000\seg_019.png,,,19,19.0,21.0,1,"19,20","1,1"
pohang,1khz_50ns_20deci_2m_UTC_20190816_190730.000.tdms,0024_1khz_50ns_20deci_2m_UTC_20190816_190730.000\seg_020.png,,,20,20.0,22.0,1,"20,21","1,1"
pohang,1khz_50ns_20deci_2m_UTC_20190816_190730.000.tdms,0024_1khz_50ns_20deci_2m_UTC_20190816_190730.000\seg_021.png,,,21,21.0,23.0,1,"21,22","1,1"
pohang,1khz_50ns_20deci_2m_UTC_20190816_190730.000.tdms,0024_1khz_50ns_20deci_2m_UTC_20190816_190730.000\seg_022.png,,,22,22.0,24.0,1,"22,23","1,1"
pohang,1khz_50ns_20deci_2m_UTC_20190816_190730.000.tdms,0024_1khz_50ns_20deci_2m_UTC_20190816_190730.000\seg_023.png,,,23,23.0,25.0,1,"23,24","1,1"
pohang,1khz_50ns_20deci_2m_UTC_20190816_190730.000.tdms,0024_1khz_50ns_20deci_2m_UTC_20190816_190730.000\seg_024.png,,,24,24.0,26.0,1,"24,25","1,1"
pohang,1khz_50ns_20deci_2m_UTC_20190816_190730.000.tdms,0024_1khz_50ns_20deci_2m_UTC_20190816_190730.000\seg_025.png,,,25,25.0,27.0,1,"25,26","1,1"
pohang,1khz_50ns_20deci_2m_UTC_20190816_190730.000.tdms,0024_1khz_50ns_20deci_2m_UTC_20190816_190730.000\seg_026.png,,,26,26.0,28.0,1,"26,27","1,1"
pohang,1khz_50ns_20deci_2m_UTC_20190816_190730.000.tdms,0024_1khz_50ns_20deci_2m_UTC_20190816_190730.000\seg_027.png,,,27,27.0,29.0,1,"27,28","1,1"
pohang,1khz_50ns_20deci_2m_UTC_20190816_190730.000.tdms,0024_1khz_50ns_20deci_2m_UTC_20190816_190730.000\seg_028.png,,,28,28.0,30.0,1,"28,29","1,1"
pohang,1khz_50ns_20deci_2m_UTC_20190818_064830.000.tdms,0025_1khz_50ns_20deci_2m_UTC_20190818_064830.000\seg_000.png,,,0,0.0,2.0,0,"0,1","0,0"
pohang,1khz_50ns_20deci_2m_UTC_20190818_064830.000.tdms,0025_1khz_50ns_20deci_2m_UTC_20190818_064830.000\seg_001.png,,,1,1.0,3.0,0,"1,2","0,0"
pohang,1khz_50ns_20deci_2m_UTC_20190818_064830.000.tdms,0025_1khz_50ns_20deci_2m_UTC_20190818_064830.000\seg_002.png,,,2,2.0,4.0,0,"2,3","0,0"
pohang,1khz_50ns_20deci_2m_UTC_20190818_064830.000.tdms,0025_1khz_50ns_20deci_2m_UTC_20190818_064830.000\seg_003.png,,,3,3.0,5.0,0,"3,4","0,0"
pohang,1khz_50ns_20deci_2m_UTC_20190818_064830.000.tdms,0025_1khz_50ns_20deci_2m_UTC_20190818_064830.000\seg_004.png,,,4,4.0,6.0,0,"4,5","0,0"
pohang,1khz_50ns_20deci_2m_UTC_20190818_064830.000.tdms,0025_1khz_50ns_20deci_2m_UTC_20190818_064830.000\seg_005.png,,,5,5.0,7.0,0,"5,6","0,0"
pohang,1khz_50ns_20deci_2m_UTC_20190818_064830.000.tdms,0025_1khz_50ns_20deci_2m_UTC_20190818_064830.000\seg_006.png,,,6,6.0,8.0,0,"6,7","0,0"
pohang,1khz_50ns_20deci_2m_UTC_20190818_064830.000.tdms,0025_1khz_50ns_20deci_2m_UTC_20190818_064830.000\seg_007.png,,,7,7.0,9.0,0,"7,8","0,0"
pohang,1khz_50ns_20deci_2m_UTC_20190818_064830.000.tdms,0025_1khz_50ns_20deci_2m_UTC_20190818_064830.000\seg_008.png,,,8,8.0,10.0,1,"8,9","0,1"
pohang,1khz_50ns_20deci_2m_UTC_20190818_064830.000.tdms,0025_1khz_50ns_20deci_2m_UTC_20190818_064830.000\seg_009.png,,,9,9.0,11.0,1,"9,10","1,1"
pohang,1khz_50ns_20deci_2m_UTC_20190818_064830.000.tdms,0025_1khz_50ns_20deci_2m_UTC_20190818_064830.000\seg_010.png,,,10,10.0,12.0,1,"10,11","1,1"
pohang,1khz_50ns_20deci_2m_UTC_20190818_064830.000.tdms,0025_1khz_50ns_20deci_2m_UTC_20190818_064830.000\seg_011.png,,,11,11.0,13.0,1,"11,12","1,1"
pohang,1khz_50ns_20deci_2m_UTC_20190818_064830.000.tdms,0025_1khz_50ns_20deci_2m_UTC_20190818_064830.000\seg_012.png,,,12,12.0,14.0,1,"12,13","1,1"
pohang,1khz_50ns_20deci_2m_UTC_20190818_064830.000.tdms,0025_1khz_50ns_20deci_2m_UTC_20190818_064830.000\seg_013.png,,,13,13.0,15.0,1,"13,14","1,1"
pohang,1khz_50ns_20deci_2m_UTC_20190818_064830.000.tdms,0025_1khz_50ns_20deci_2m_UTC_20190818_064830.000\seg_014.png,,,14,14.0,16.0,1,"14,15","1,1"
pohang,1khz_50ns_20deci_2m_UTC_20190818_064830.000.tdms,0025_1khz_50ns_20deci_2m_UTC_20190818_064830.000\seg_015.png,,,15,15.0,17.0,1,"15,16","1,1"
pohang,1khz_50ns_20deci_2m_UTC_20190818_064830.000.tdms,0025_1khz_50ns_20deci_2m_UTC_20190818_064830.000\seg_016.png,,,16,16.0,18.0,1,"16,17","1,1"
pohang,1khz_50ns_20deci_2m_UTC_20190818_064830.000.tdms,0025_1khz_50ns_20deci_2m_UTC_20190818_064830.000\seg_017.png,,,17,17.0,19.0,1,"17,18","1,1"
pohang,1khz_50ns_20deci_2m_UTC_20190818_064830.000.tdms,0025_1khz_50ns_20deci_2m_UTC_20190818_064830.000\seg_018.png,,,18,18.0,20.0,1,"18,19","1,1"
pohang,1khz_50ns_20deci_2m_UTC_20190818_064830.000.tdms,0025_1khz_50ns_20deci_2m_UTC_20190818_064830.000\seg_019.png,,,19,19.0,21.0,1,"19,20","1,1"
pohang,1khz_50ns_20deci_2m_UTC_20190818_064830.000.tdms,0025_1khz_50ns_20deci_2m_UTC_20190818_064830.000\seg_020.png,,,20,20.0,22.0,1,"20,21","1,1"
pohang,1khz_50ns_20deci_2m_UTC_20190818_064830.000.tdms,0025_1khz_50ns_20deci_2m_UTC_20190818_064830.000\seg_021.png,,,21,21.0,23.0,1,"21,22","1,1"
pohang,1khz_50ns_20deci_2m_UTC_20190818_064830.000.tdms,0025_1khz_50ns_20deci_2m_UTC_20190818_064830.000\seg_022.png,,,22,22.0,24.0,1,"22,23","1,1"
pohang,1khz_50ns_20deci_2m_UTC_20190818_064830.000.tdms,0025_1khz_50ns_20deci_2m_UTC_20190818_064830.000\seg_023.png,,,23,23.0,25.0,1,"23,24","1,1"
pohang,1khz_50ns_20deci_2m_UTC_20190818_064830.000.tdms,0025_1khz_50ns_20deci_2m_UTC_20190818_064830.000\seg_024.png,,,24,24.0,26.0,1,"24,25","1,1"
pohang,1khz_50ns_20deci_2m_UTC_20190818_064830.000.tdms,0025_1khz_50ns_20deci_2m_UTC_20190818_064830.000\seg_025.png,,,25,25.0,27.0,1,"25,26","1,0"
pohang,1khz_50ns_20deci_2m_UTC_20190818_064830.000.tdms,0025_1khz_50ns_20deci_2m_UTC_20190818_064830.000\seg_026.png,,,26,26.0,28.0,0,"26,27","0,0"
pohang,1khz_50ns_20deci_2m_UTC_20190818_064830.000.tdms,0025_1khz_50ns_20deci_2m_UTC_20190818_064830.000\seg_027.png,,,27,27.0,29.0,0,"27,28","0,0"
pohang,1khz_50ns_20deci_2m_UTC_20190818_064830.000.tdms,0025_1khz_50ns_20deci_2m_UTC_20190818_064830.000\seg_028.png,,,28,28.0,30.0,0,"28,29","0,0"
pohang,1khz_50ns_20deci_2m_UTC_20190818_090630.000.tdms,0026_1khz_50ns_20deci_2m_UTC_20190818_090630.000\seg_000.png,,,0,0.0,2.0,0,"0,1","0,0"
pohang,1khz_50ns_20deci_2m_UTC_20190818_090630.000.tdms,0026_1khz_50ns_20deci_2m_UTC_20190818_090630.000\seg_001.png,,,1,1.0,3.0,0,"1,2","0,0"
pohang,1khz_50ns_20deci_2m_UTC_20190818_090630.000.tdms,0026_1khz_50ns_20deci_2m_UTC_20190818_090630.000\seg_002.png,,,2,2.0,4.0,0,"2,3","0,0"
pohang,1khz_50ns_20deci_2m_UTC_20190818_090630.000.tdms,0026_1khz_50ns_20deci_2m_UTC_20190818_090630.000\seg_003.png,,,3,3.0,5.0,0,"3,4","0,0"
pohang,1khz_50ns_20deci_2m_UTC_20190818_090630.000.tdms,0026_1khz_50ns_20deci_2m_UTC_20190818_090630.000\seg_004.png,,,4,4.0,6.0,0,"4,5","0,0"
pohang,1khz_50ns_20deci_2m_UTC_20190818_090630.000.tdms,0026_1khz_50ns_20deci_2m_UTC_20190818_090630.000\seg_005.png,,,5,5.0,7.0,0,"5,6","0,0"
pohang,1khz_50ns_20deci_2m_UTC_20190818_090630.000.tdms,0026_1khz_50ns_20deci_2m_UTC_20190818_090630.000\seg_006.png,,,6,6.0,8.0,0,"6,7","0,0"
pohang,1khz_50ns_20deci_2m_UTC_20190818_090630.000.tdms,0026_1khz_50ns_20deci_2m_UTC_20190818_090630.000\seg_007.png,,,7,7.0,9.0,0,"7,8","0,0"
pohang,1khz_50ns_20deci_2m_UTC_20190818_090630.000.tdms,0026_1khz_50ns_20deci_2m_UTC_20190818_090630.000\seg_008.png,,,8,8.0,10.0,0,"8,9","0,0"
pohang,1khz_50ns_20deci_2m_UTC_20190818_090630.000.tdms,0026_1khz_50ns_20deci_2m_UTC_20190818_090630.000\seg_009.png,,,9,9.0,11.0,0,"9,10","0,0"
pohang,1khz_50ns_20deci_2m_UTC_20190818_090630.000.tdms,0026_1khz_50ns_20deci_2m_UTC_20190818_090630.000\seg_010.png,,,10,10.0,12.0,0,"10,11","0,0"
pohang,1khz_50ns_20deci_2m_UTC_20190818_090630.000.tdms,0026_1khz_50ns_20deci_2m_UTC_20190818_090630.000\seg_011.png,,,11,11.0,13.0,0,"11,12","0,0"
pohang,1khz_50ns_20deci_2m_UTC_20190818_090630.000.tdms,0026_1khz_50ns_20deci_2m_UTC_20190818_090630.000\seg_012.png,,,12,12.0,14.0,0,"12,13","0,0"
pohang,1khz_50ns_20deci_2m_UTC_20190818_090630.000.tdms,0026_1khz_50ns_20deci_2m_UTC_20190818_090630.000\seg_013.png,,,13,13.0,15.0,0,"13,14","0,0"
pohang,1khz_50ns_20deci_2m_UTC_20190818_090630.000.tdms,0026_1khz_50ns_20deci_2m_UTC_20190818_090630.000\seg_014.png,,,14,14.0,16.0,0,"14,15","0,0"
pohang,1khz_50ns_20deci_2m_UTC_20190818_090630.000.tdms,0026_1khz_50ns_20deci_2m_UTC_20190818_090630.000\seg_015.png,,,15,15.0,17.0,0,"15,16","0,0"
pohang,1khz_50ns_20deci_2m_UTC_20190818_090630.000.tdms,0026_1khz_50ns_20deci_2m_UTC_20190818_090630.000\seg_016.png,,,16,16.0,18.0,0,"16,17","0,0"
pohang,1khz_50ns_20deci_2m_UTC_20190818_090630.000.tdms,0026_1khz_50ns_20deci_2m_UTC_20190818_090630.000\seg_017.png,,,17,17.0,19.0,0,"17,18","0,0"
pohang,1khz_50ns_20deci_2m_UTC_20190818_090630.000.tdms,0026_1khz_50ns_20deci_2m_UTC_20190818_090630.000\seg_018.png,,,18,18.0,20.0,0,"18,19","0,0"
pohang,1khz_50ns_20deci_2m_UTC_20190818_090630.000.tdms,0026_1khz_50ns_20deci_2m_UTC_20190818_090630.000\seg_019.png,,,19,19.0,21.0,0,"19,20","0,0"
pohang,1khz_50ns_20deci_2m_UTC_20190818_090630.000.tdms,0026_1khz_50ns_20deci_2m_UTC_20190818_090630.000\seg_020.png,,,20,20.0,22.0,0,"20,21","0,0"
pohang,1khz_50ns_20deci_2m_UTC_20190818_090630.000.tdms,0026_1khz_50ns_20deci_2m_UTC_20190818_090630.000\seg_021.png,,,21,21.0,23.0,0,"21,22","0,0"
pohang,1khz_50ns_20deci_2m_UTC_20190818_090630.000.tdms,0026_1khz_50ns_20deci_2m_UTC_20190818_090630.000\seg_022.png,,,22,22.0,24.0,0,"22,23","0,0"
pohang,1khz_50ns_20deci_2m_UTC_20190818_090630.000.tdms,0026_1khz_50ns_20deci_2m_UTC_20190818_090630.000\seg_023.png,,,23,23.0,25.0,0,"23,24","0,0"
pohang,1khz_50ns_20deci_2m_UTC_20190818_090630.000.tdms,0026_1khz_50ns_20deci_2m_UTC_20190818_090630.000\seg_024.png,,,24,24.0,26.0,0,"24,25","0,0"
pohang,1khz_50ns_20deci_2m_UTC_20190818_090630.000.tdms,0026_1khz_50ns_20deci_2m_UTC_20190818_090630.000\seg_025.png,,,25,25.0,27.0,0,"25,26","0,0"
pohang,1khz_50ns_20deci_2m_UTC_20190818_090630.000.tdms,0026_1khz_50ns_20deci_2m_UTC_20190818_090630.000\seg_026.png,,,26,26.0,28.0,1,"26,27","0,1"
pohang,1khz_50ns_20deci_2m_UTC_20190818_090630.000.tdms,0026_1khz_50ns_20deci_2m_UTC_20190818_090630.000\seg_027.png,,,27,27.0,29.0,1,"27,28","1,1"
pohang,1khz_50ns_20deci_2m_UTC_20190818_090630.000.tdms,0026_1khz_50ns_20deci_2m_UTC_20190818_090630.000\seg_028.png,,,28,28.0,30.0,1,"28,29","1,1"
pohang,1khz_50ns_20deci_2m_UTC_20190818_152200.000.tdms,0028_1khz_50ns_20deci_2m_UTC_20190818_152200.000\seg_000.png,,,1,0.0,2.0,0,"1,2","0,0"
pohang,1khz_50ns_20deci_2m_UTC_20190818_152200.000.tdms,0028_1khz_50ns_20deci_2m_UTC_20190818_152200.000\seg_001.png,,,3,1.0,3.0,0,"3,4","0,0"
pohang,1khz_50ns_20deci_2m_UTC_20190818_152200.000.tdms,0028_1khz_50ns_20deci_2m_UTC_20190818_152200.000\seg_002.png,,,5,2.0,4.0,0,"5,6","0,0"
pohang,1khz_50ns_20deci_2m_UTC_20190818_152200.000.tdms,0028_1khz_50ns_20deci_2m_UTC_20190818_152200.000\seg_003.png,,,7,3.0,5.0,0,"7,8","0,0"
pohang,1khz_50ns_20deci_2m_UTC_20190818_152200.000.tdms,0028_1khz_50ns_20deci_2m_UTC_20190818_152200.000\seg_004.png,,,9,4.0,6.0,0,"9,10","0,0"
pohang,1khz_50ns_20deci_2m_UTC_20190818_152200.000.tdms,0028_1khz_50ns_20deci_2m_UTC_20190818_152200.000\seg_005.png,,,11,5.0,7.0,0,"11,12","0,0"
pohang,1khz_50ns_20deci_2m_UTC_20190818_152200.000.tdms,0028_1khz_50ns_20deci_2m_UTC_20190818_152200.000\seg_006.png,,,13,6.0,8.0,0,"13,14","0,0"
pohang,1khz_50ns_20deci_2m_UTC_20190818_152200.000.tdms,0028_1khz_50ns_20deci_2m_UTC_20190818_152200.000\seg_007.png,,,15,7.0,9.0,0,"15,16","0,0"
pohang,1khz_50ns_20deci_2m_UTC_20190818_152200.000.tdms,0028_1khz_50ns_20deci_2m_UTC_20190818_152200.000\seg_008.png,,,17,8.0,10.0,0,"17,18","0,0"
pohang,1khz_50ns_20deci_2m_UTC_20190818_152200.000.tdms,0028_1khz_50ns_20deci_2m_UTC_20190818_152200.000\seg_009.png,,,19,9.0,11.0,0,"19,20","0,0"
pohang,1khz_50ns_20deci_2m_UTC_20190818_152200.000.tdms,0028_1khz_50ns_20deci_2m_UTC_20190818_152200.000\seg_010.png,,,21,10.0,12.0,0,"21,22","0,0"
pohang,1khz_50ns_20deci_2m_UTC_20190818_152200.000.tdms,0028_1khz_50ns_20deci_2m_UTC_20190818_152200.000\seg_011.png,,,23,11.0,13.0,0,"23,24","0,0"
pohang,1khz_50ns_20deci_2m_UTC_20190818_152200.000.tdms,0028_1khz_50ns_20deci_2m_UTC_20190818_152200.000\seg_012.png,,,25,12.0,14.0,0,"25,26","0,0"
pohang,1khz_50ns_20deci_2m_UTC_20190818_152200.000.tdms,0028_1khz_50ns_20deci_2m_UTC_20190818_152200.000\seg_013.png,,,27,13.0,15.0,0,"27,28","0,0"
pohang,1khz_50ns_20deci_2m_UTC_20190818_152200.000.tdms,0028_1khz_50ns_20deci_2m_UTC_20190818_152200.000\seg_014.png,,,29,14.0,16.0,0,"29,30","0,0"
pohang,1khz_50ns_20deci_2m_UTC_20190818_152200.000.tdms,0028_1khz_50ns_20deci_2m_UTC_20190818_152200.000\seg_015.png,,,31,15.0,17.0,0,"31,32","0,0"
pohang,1khz_50ns_20deci_2m_UTC_20190818_152200.000.tdms,0028_1khz_50ns_20deci_2m_UTC_20190818_152200.000\seg_016.png,,,33,16.0,18.0,0,"33,34","0,0"
pohang,1khz_50ns_20deci_2m_UTC_20190818_152200.000.tdms,0028_1khz_50ns_20deci_2m_UTC_20190818_152200.000\seg_017.png,,,35,17.0,19.0,1,"35,36","0,1"
pohang,1khz_50ns_20deci_2m_UTC_20190818_152200.000.tdms,0028_1khz_50ns_20deci_2m_UTC_20190818_152200.000\seg_018.png,,,37,18.0,20.0,1,"37,38","1,1"
pohang,1khz_50ns_20deci_2m_UTC_20190818_152200.000.tdms,0028_1khz_50ns_20deci_2m_UTC_20190818_152200.000\seg_019.png,,,39,19.0,21.0,1,"39,40","1,1"
pohang,1khz_50ns_20deci_2m_UTC_20190818_152200.000.tdms,0028_1khz_50ns_20deci_2m_UTC_20190818_152200.000\seg_020.png,,,41,20.0,22.0,1,"41,42","1,1"
pohang,1khz_50ns_20deci_2m_UTC_20190818_152200.000.tdms,0028_1khz_50ns_20deci_2m_UTC_20190818_152200.000\seg_021.png,,,43,21.0,23.0,1,"43,44","1,1"
pohang,1khz_50ns_20deci_2m_UTC_20190818_152200.000.tdms,0028_1khz_50ns_20deci_2m_UTC_20190818_152200.000\seg_022.png,,,45,22.0,24.0,1,"45,46","1,1"
pohang,1khz_50ns_20deci_2m_UTC_20190818_152200.000.tdms,0028_1khz_50ns_20deci_2m_UTC_20190818_152200.000\seg_023.png,,,47,23.0,25.0,1,"47,48","1,1"
pohang,1khz_50ns_20deci_2m_UTC_20190818_152200.000.tdms,0028_1khz_50ns_20deci_2m_UTC_20190818_152200.000\seg_024.png,,,49,24.0,26.0,1,"49,50","1,1"
pohang,1khz_50ns_20deci_2m_UTC_20190818_152200.000.tdms,0028_1khz_50ns_20deci_2m_UTC_20190818_152200.000\seg_025.png,,,51,25.0,27.0,1,"51,52","1,1"
pohang,1khz_50ns_20deci_2m_UTC_20190818_152200.000.tdms,0028_1khz_50ns_20deci_2m_UTC_20190818_152200.000\seg_026.png,,,53,26.0,28.0,1,"53,54","1,1"
pohang,1khz_50ns_20deci_2m_UTC_20190818_152200.000.tdms,0028_1khz_50ns_20deci_2m_UTC_20190818_152200.000\seg_027.png,,,55,27.0,29.0,1,"55,56","1,1"
pohang,1khz_50ns_20deci_2m_UTC_20190818_152200.000.tdms,0028_1khz_50ns_20deci_2m_UTC_20190818_152200.000\seg_028.png,,,57,28.0,30.0,1,"57,58","1,1"
pohang,1khz_50ns_20deci_2m_UTC_20190819_055430.000.tdms,0057_1khz_50ns_20deci_2m_UTC_20190819_055430.000\seg_000.png,,,28,0.0,2.0,0,"28,29","0,0"
pohang,1khz_50ns_20deci_2m_UTC_20190819_055430.000.tdms,0057_1khz_50ns_20deci_2m_UTC_20190819_055430.000\seg_001.png,,,57,1.0,3.0,0,"57,58","0,0"
pohang,1khz_50ns_20deci_2m_UTC_20190819_055430.000.tdms,0057_1khz_50ns_20deci_2m_UTC_20190819_055430.000\seg_002.png,,,86,2.0,4.0,0,"86,87","0,0"
pohang,1khz_50ns_20deci_2m_UTC_20190819_055430.000.tdms,0057_1khz_50ns_20deci_2m_UTC_20190819_055430.000\seg_003.png,,,115,3.0,5.0,0,"115,116","0,0"
pohang,1khz_50ns_20deci_2m_UTC_20190819_055430.000.tdms,0057_1khz_50ns_20deci_2m_UTC_20190819_055430.000\seg_004.png,,,144,4.0,6.0,0,"144,145","0,0"
pohang,1khz_50ns_20deci_2m_UTC_20190819_055430.000.tdms,0057_1khz_50ns_20deci_2m_UTC_20190819_055430.000\seg_005.png,,,173,5.0,7.0,0,"173,174","0,0"
pohang,1khz_50ns_20deci_2m_UTC_20190819_055430.000.tdms,0057_1khz_50ns_20deci_2m_UTC_20190819_055430.000\seg_006.png,,,202,6.0,8.0,0,"202,203","0,0"
pohang,1khz_50ns_20deci_2m_UTC_20190819_055430.000.tdms,0057_1khz_50ns_20deci_2m_UTC_20190819_055430.000\seg_007.png,,,231,7.0,9.0,0,"231,232","0,0"
pohang,1khz_50ns_20deci_2m_UTC_20190819_055430.000.tdms,0057_1khz_50ns_20deci_2m_UTC_20190819_055430.000\seg_008.png,,,260,8.0,10.0,0,"260,261","0,0"
pohang,1khz_50ns_20deci_2m_UTC_20190819_055430.000.tdms,0057_1khz_50ns_20deci_2m_UTC_20190819_055430.000\seg_009.png,,,289,9.0,11.0,0,"289,290","0,0"
pohang,1khz_50ns_20deci_2m_UTC_20190819_055430.000.tdms,0057_1khz_50ns_20deci_2m_UTC_20190819_055430.000\seg_010.png,,,318,10.0,12.0,0,"318,319","0,0"
pohang,1khz_50ns_20deci_2m_UTC_20190819_055430.000.tdms,0057_1khz_50ns_20deci_2m_UTC_20190819_055430.000\seg_011.png,,,347,11.0,13.0,0,"347,348","0,0"
pohang,1khz_50ns_20deci_2m_UTC_20190819_055430.000.tdms,0057_1khz_50ns_20deci_2m_UTC_20190819_055430.000\seg_012.png,,,376,12.0,14.0,0,"376,377","0,0"
pohang,1khz_50ns_20deci_2m_UTC_20190819_055430.000.tdms,0057_1khz_50ns_20deci_2m_UTC_20190819_055430.000\seg_013.png,,,405,13.0,15.0,0,"405,406","0,0"
pohang,1khz_50ns_20deci_2m_UTC_20190819_055430.000.tdms,0057_1khz_50ns_20deci_2m_UTC_20190819_055430.000\seg_014.png,,,434,14.0,16.0,0,"434,435","0,0"
pohang,1khz_50ns_20deci_2m_UTC_20190819_055430.000.tdms,0057_1khz_50ns_20deci_2m_UTC_20190819_055430.000\seg_015.png,,,463,15.0,17.0,0,"463,464","0,0"
pohang,1khz_50ns_20deci_2m_UTC_20190819_055430.000.tdms,0057_1khz_50ns_20deci_2m_UTC_20190819_055430.000\seg_016.png,,,492,16.0,18.0,0,"492,493","0,0"
pohang,1khz_50ns_20deci_2m_UTC_20190819_055430.000.tdms,0057_1khz_50ns_20deci_2m_UTC_20190819_055430.000\seg_017.png,,,521,17.0,19.0,0,"521,522","0,0"
pohang,1khz_50ns_20deci_2m_UTC_20190819_055430.000.tdms,0057_1khz_50ns_20deci_2m_UTC_20190819_055430.000\seg_018.png,,,550,18.0,20.0,0,"550,551","0,0"
pohang,1khz_50ns_20deci_2m_UTC_20190819_055430.000.tdms,0057_1khz_50ns_20deci_2m_UTC_20190819_055430.000\seg_019.png,,,579,19.0,21.0,0,"579,580","0,0"
pohang,1khz_50ns_20deci_2m_UTC_20190819_055430.000.tdms,0057_1khz_50ns_20deci_2m_UTC_20190819_055430.000\seg_020.png,,,608,20.0,22.0,0,"608,609","0,0"
pohang,1khz_50ns_20deci_2m_UTC_20190819_055430.000.tdms,0057_1khz_50ns_20deci_2m_UTC_20190819_055430.000\seg_021.png,,,637,21.0,23.0,0,"637,638","0,0"
pohang,1khz_50ns_20deci_2m_UTC_20190819_055430.000.tdms,0057_1khz_50ns_20deci_2m_UTC_20190819_055430.000\seg_022.png,,,666,22.0,24.0,0,"666,667","0,0"
pohang,1khz_50ns_20deci_2m_UTC_20190819_055430.000.tdms,0057_1khz_50ns_20deci_2m_UTC_20190819_055430.000\seg_023.png,,,695,23.0,25.0,0,"695,696","0,0"
pohang,1khz_50ns_20deci_2m_UTC_20190819_055430.000.tdms,0057_1khz_50ns_20deci_2m_UTC_20190819_055430.000\seg_024.png,,,724,24.0,26.0,0,"724,725","0,0"
pohang,1khz_50ns_20deci_2m_UTC_20190819_055430.000.tdms,0057_1khz_50ns_20deci_2m_UTC_20190819_055430.000\seg_025.png,,,753,25.0,27.0,0,"753,754","0,0"
pohang,1khz_50ns_20deci_2m_UTC_20190819_055430.000.tdms,0057_1khz_50ns_20deci_2m_UTC_20190819_055430.000\seg_026.png,,,782,26.0,28.0,0,"782,783","0,0"
pohang,1khz_50ns_20deci_2m_UTC_20190819_055430.000.tdms,0057_1khz_50ns_20deci_2m_UTC_20190819_055430.000\seg_027.png,,,811,27.0,29.0,0,"811,812","0,0"
pohang,1khz_50ns_20deci_2m_UTC_20190819_055430.000.tdms,0057_1khz_50ns_20deci_2m_UTC_20190819_055430.000\seg_028.png,,,840,28.0,30.0,0,"840,841","0,0"
pohang,1khz_50ns_20deci_2m_UTC_20190917_184030.000.tdms,0059_1khz_50ns_20deci_2m_UTC_20190917_184030.000\seg_000.png,,,1,0.0,2.0,0,"1,2","0,0"
pohang,1khz_50ns_20deci_2m_UTC_20190917_184030.000.tdms,0059_1khz_50ns_20deci_2m_UTC_20190917_184030.000\seg_001.png,,,3,1.0,3.0,0,"3,4","0,0"
pohang,1khz_50ns_20deci_2m_UTC_20190917_184030.000.tdms,0059_1khz_50ns_20deci_2m_UTC_20190917_184030.000\seg_002.png,,,5,2.0,4.0,0,"5,6","0,0"
pohang,1khz_50ns_20deci_2m_UTC_20190917_184030.000.tdms,0059_1khz_50ns_20deci_2m_UTC_20190917_184030.000\seg_003.png,,,7,3.0,5.0,0,"7,8","0,0"
pohang,1khz_50ns_20deci_2m_UTC_20190917_184030.000.tdms,0059_1khz_50ns_20deci_2m_UTC_20190917_184030.000\seg_004.png,,,9,4.0,6.0,0,"9,10","0,0"
pohang,1khz_50ns_20deci_2m_UTC_20190917_184030.000.tdms,0059_1khz_50ns_20deci_2m_UTC_20190917_184030.000\seg_005.png,,,11,5.0,7.0,0,"11,12","0,0"
pohang,1khz_50ns_20deci_2m_UTC_20190917_184030.000.tdms,0059_1khz_50ns_20deci_2m_UTC_20190917_184030.000\seg_006.png,,,13,6.0,8.0,0,"13,14","0,0"
pohang,1khz_50ns_20deci_2m_UTC_20190917_184030.000.tdms,0059_1khz_50ns_20deci_2m_UTC_20190917_184030.000\seg_007.png,,,15,7.0,9.0,0,"15,16","0,0"
pohang,1khz_50ns_20deci_2m_UTC_20190917_184030.000.tdms,0059_1khz_50ns_20deci_2m_UTC_20190917_184030.000\seg_008.png,,,17,8.0,10.0,0,"17,18","0,0"
pohang,1khz_50ns_20deci_2m_UTC_20190917_184030.000.tdms,0059_1khz_50ns_20deci_2m_UTC_20190917_184030.000\seg_009.png,,,19,9.0,11.0,0,"19,20","0,0"
pohang,1khz_50ns_20deci_2m_UTC_20190917_184030.000.tdms,0059_1khz_50ns_20deci_2m_UTC_20190917_184030.000\seg_010.png,,,21,10.0,12.0,0,"21,22","0,0"
pohang,1khz_50ns_20deci_2m_UTC_20190917_184030.000.tdms,0059_1khz_50ns_20deci_2m_UTC_20190917_184030.000\seg_011.png,,,23,11.0,13.0,1,"23,24","0,1"
pohang,1khz_50ns_20deci_2m_UTC_20190917_184030.000.tdms,0059_1khz_50ns_20deci_2m_UTC_20190917_184030.000\seg_012.png,,,25,12.0,14.0,1,"25,26","1,1"
pohang,1khz_50ns_20deci_2m_UTC_20190917_184030.000.tdms,0059_1khz_50ns_20deci_2m_UTC_20190917_184030.000\seg_013.png,,,27,13.0,15.0,1,"27,28","1,1"
pohang,1khz_50ns_20deci_2m_UTC_20190917_184030.000.tdms,0059_1khz_50ns_20deci_2m_UTC_20190917_184030.000\seg_014.png,,,29,14.0,16.0,1,"29,30","1,1"
pohang,1khz_50ns_20deci_2m_UTC_20190917_184030.000.tdms,0059_1khz_50ns_20deci_2m_UTC_20190917_184030.000\seg_015.png,,,31,15.0,17.0,1,"31,32","1,1"
pohang,1khz_50ns_20deci_2m_UTC_20190917_184030.000.tdms,0059_1khz_50ns_20deci_2m_UTC_20190917_184030.000\seg_016.png,,,33,16.0,18.0,1,"33,34","1,1"
pohang,1khz_50ns_20deci_2m_UTC_20190917_184030.000.tdms,0059_1khz_50ns_20deci_2m_UTC_20190917_184030.000\seg_017.png,,,35,17.0,19.0,1,"35,36","1,1"
pohang,1khz_50ns_20deci_2m_UTC_20190917_184030.000.tdms,0059_1khz_50ns_20deci_2m_UTC_20190917_184030.000\seg_018.png,,,37,18.0,20.0,1,"37,38","1,1"
pohang,1khz_50ns_20deci_2m_UTC_20190917_184030.000.tdms,0059_1khz_50ns_20deci_2m_UTC_20190917_184030.000\seg_019.png,,,39,19.0,21.0,1,"39,40","1,1"
pohang,1khz_50ns_20deci_2m_UTC_20190917_184030.000.tdms,0059_1khz_50ns_20deci_2m_UTC_20190917_184030.000\seg_020.png,,,41,20.0,22.0,1,"41,42","1,1"
pohang,1khz_50ns_20deci_2m_UTC_20190917_184030.000.tdms,0059_1khz_50ns_20deci_2m_UTC_20190917_184030.000\seg_021.png,,,43,21.0,23.0,1,"43,44","1,1"
pohang,1khz_50ns_20deci_2m_UTC_20190917_184030.000.tdms,0059_1khz_50ns_20deci_2m_UTC_20190917_184030.000\seg_022.png,,,45,22.0,24.0,1,"45,46","1,0"
pohang,1khz_50ns_20deci_2m_UTC_20190917_184030.000.tdms,0059_1khz_50ns_20deci_2m_UTC_20190917_184030.000\seg_023.png,,,47,23.0,25.0,0,"47,48","0,0"
pohang,1khz_50ns_20deci_2m_UTC_20190917_184030.000.tdms,0059_1khz_50ns_20deci_2m_UTC_20190917_184030.000\seg_024.png,,,49,24.0,26.0,0,"49,50","0,0"
pohang,1khz_50ns_20deci_2m_UTC_20190917_184030.000.tdms,0059_1khz_50ns_20deci_2m_UTC_20190917_184030.000\seg_025.png,,,51,25.0,27.0,0,"51,52","0,0"
pohang,1khz_50ns_20deci_2m_UTC_20190917_184030.000.tdms,0059_1khz_50ns_20deci_2m_UTC_20190917_184030.000\seg_026.png,,,53,26.0,28.0,0,"53,54","0,0"
pohang,1khz_50ns_20deci_2m_UTC_20190917_184030.000.tdms,0059_1khz_50ns_20deci_2m_UTC_20190917_184030.000\seg_027.png,,,55,27.0,29.0,0,"55,56","0,0"
pohang,1khz_50ns_20deci_2m_UTC_20190917_184030.000.tdms,0059_1khz_50ns_20deci_2m_UTC_20190917_184030.000\seg_028.png,,,57,28.0,30.0,0,"57,58","0,0"
pohang,1khz_50ns_20deci_2m_UTC_20190918_080600.000.tdms,0060_1khz_50ns_20deci_2m_UTC_20190918_080600.000\seg_000.png,,,0,0.0,2.0,0,"0,1","0,0"
pohang,1khz_50ns_20deci_2m_UTC_20190918_080600.000.tdms,0060_1khz_50ns_20deci_2m_UTC_20190918_080600.000\seg_001.png,,,1,1.0,3.0,0,"1,2","0,0"
pohang,1khz_50ns_20deci_2m_UTC_20190918_080600.000.tdms,0060_1khz_50ns_20deci_2m_UTC_20190918_080600.000\seg_002.png,,,2,2.0,4.0,0,"2,3","0,0"
pohang,1khz_50ns_20deci_2m_UTC_20190918_080600.000.tdms,0060_1khz_50ns_20deci_2m_UTC_20190918_080600.000\seg_003.png,,,3,3.0,5.0,0,"3,4","0,0"
pohang,1khz_50ns_20deci_2m_UTC_20190918_080600.000.tdms,0060_1khz_50ns_20deci_2m_UTC_20190918_080600.000\seg_004.png,,,4,4.0,6.0,0,"4,5","0,0"
pohang,1khz_50ns_20deci_2m_UTC_20190918_080600.000.tdms,0060_1khz_50ns_20deci_2m_UTC_20190918_080600.000\seg_005.png,,,5,5.0,7.0,0,"5,6","0,0"
pohang,1khz_50ns_20deci_2m_UTC_20190918_080600.000.tdms,0060_1khz_50ns_20deci_2m_UTC_20190918_080600.000\seg_006.png,,,6,6.0,8.0,0,"6,7","0,0"
pohang,1khz_50ns_20deci_2m_UTC_20190918_080600.000.tdms,0060_1khz_50ns_20deci_2m_UTC_20190918_080600.000\seg_007.png,,,7,7.0,9.0,0,"7,8","0,0"
pohang,1khz_50ns_20deci_2m_UTC_20190918_080600.000.tdms,0060_1khz_50ns_20deci_2m_UTC_20190918_080600.000\seg_008.png,,,8,8.0,10.0,0,"8,9","0,0"
pohang,1khz_50ns_20deci_2m_UTC_20190918_080600.000.tdms,0060_1khz_50ns_20deci_2m_UTC_20190918_080600.000\seg_009.png,,,9,9.0,11.0,0,"9,10","0,0"
pohang,1khz_50ns_20deci_2m_UTC_20190918_080600.000.tdms,0060_1khz_50ns_20deci_2m_UTC_20190918_080600.000\seg_010.png,,,10,10.0,12.0,1,"10,11","0,1"
pohang,1khz_50ns_20deci_2m_UTC_20190918_080600.000.tdms,0060_1khz_50ns_20deci_2m_UTC_20190918_080600.000\seg_011.png,,,11,11.0,13.0,1,"11,12","1,1"
pohang,1khz_50ns_20deci_2m_UTC_20190918_080600.000.tdms,0060_1khz_50ns_20deci_2m_UTC_20190918_080600.000\seg_012.png,,,12,12.0,14.0,1,"12,13","1,1"
pohang,1khz_50ns_20deci_2m_UTC_20190918_080600.000.tdms,0060_1khz_50ns_20deci_2m_UTC_20190918_080600.000\seg_013.png,,,13,13.0,15.0,1,"13,14","1,1"
pohang,1khz_50ns_20deci_2m_UTC_20190918_080600.000.tdms,0060_1khz_50ns_20deci_2m_UTC_20190918_080600.000\seg_014.png,,,14,14.0,16.0,1,"14,15","1,1"
pohang,1khz_50ns_20deci_2m_UTC_20190918_080600.000.tdms,0060_1khz_50ns_20deci_2m_UTC_20190918_080600.000\seg_015.png,,,15,15.0,17.0,1,"15,16","1,1"
pohang,1khz_50ns_20deci_2m_UTC_20190918_080600.000.tdms,0060_1khz_50ns_20deci_2m_UTC_20190918_080600.000\seg_016.png,,,16,16.0,18.0,1,"16,17","1,1"
pohang,1khz_50ns_20deci_2m_UTC_20190918_080600.000.tdms,0060_1khz_50ns_20deci_2m_UTC_20190918_080600.000\seg_017.png,,,17,17.0,19.0,1,"17,18","1,1"
pohang,1khz_50ns_20deci_2m_UTC_20190918_080600.000.tdms,0060_1khz_50ns_20deci_2m_UTC_20190918_080600.000\seg_018.png,,,18,18.0,20.0,1,"18,19","1,1"
pohang,1khz_50ns_20deci_2m_UTC_20190918_080600.000.tdms,0060_1khz_50ns_20deci_2m_UTC_20190918_080600.000\seg_019.png,,,19,19.0,21.0,1,"19,20","1,1"
pohang,1khz_50ns_20deci_2m_UTC_20190918_080600.000.tdms,0060_1khz_50ns_20deci_2m_UTC_20190918_080600.000\seg_020.png,,,20,20.0,22.0,1,"20,21","1,1"
pohang,1khz_50ns_20deci_2m_UTC_20190918_080600.000.tdms,0060_1khz_50ns_20deci_2m_UTC_20190918_080600.000\seg_021.png,,,21,21.0,23.0,1,"21,22","1,1"
pohang,1khz_50ns_20deci_2m_UTC_20190918_080600.000.tdms,0060_1khz_50ns_20deci_2m_UTC_20190918_080600.000\seg_022.png,,,22,22.0,24.0,1,"22,23","1,1"
pohang,1khz_50ns_20deci_2m_UTC_20190918_080600.000.tdms,0060_1khz_50ns_20deci_2m_UTC_20190918_080600.000\seg_023.png,,,23,23.0,25.0,1,"23,24","1,1"
pohang,1khz_50ns_20deci_2m_UTC_20190918_080600.000.tdms,0060_1khz_50ns_20deci_2m_UTC_20190918_080600.000\seg_024.png,,,24,24.0,26.0,1,"24,25","1,1"
pohang,1khz_50ns_20deci_2m_UTC_20190918_080600.000.tdms,0060_1khz_50ns_20deci_2m_UTC_20190918_080600.000\seg_025.png,,,25,25.0,27.0,1,"25,26","1,1"
pohang,1khz_50ns_20deci_2m_UTC_20190918_080600.000.tdms,0060_1khz_50ns_20deci_2m_UTC_20190918_080600.000\seg_026.png,,,26,26.0,28.0,1,"26,27","1,1"
pohang,1khz_50ns_20deci_2m_UTC_20190918_080600.000.tdms,0060_1khz_50ns_20deci_2m_UTC_20190918_080600.000\seg_027.png,,,27,27.0,29.0,1,"27,28","1,1"
pohang,1khz_50ns_20deci_2m_UTC_20190918_080600.000.tdms,0060_1khz_50ns_20deci_2m_UTC_20190918_080600.000\seg_028.png,,,28,28.0,30.0,1,"28,29","1,1"
pohang,1khz_50ns_20deci_2m_UTC_20190920_141300.000.tdms,0061_1khz_50ns_20deci_2m_UTC_20190920_141300.000\seg_000.png,,,0,0.0,2.0,0,"0,1","0,0"
pohang,1khz_50ns_20deci_2m_UTC_20190920_141300.000.tdms,0061_1khz_50ns_20deci_2m_UTC_20190920_141300.000\seg_001.png,,,1,1.0,3.0,0,"1,2","0,0"
pohang,1khz_50ns_20deci_2m_UTC_20190920_141300.000.tdms,0061_1khz_50ns_20deci_2m_UTC_20190920_141300.000\seg_002.png,,,2,2.0,4.0,0,"2,3","0,0"
pohang,1khz_50ns_20deci_2m_UTC_20190920_141300.000.tdms,0061_1khz_50ns_20deci_2m_UTC_20190920_141300.000\seg_003.png,,,3,3.0,5.0,0,"3,4","0,0"
pohang,1khz_50ns_20deci_2m_UTC_20190920_141300.000.tdms,0061_1khz_50ns_20deci_2m_UTC_20190920_141300.000\seg_004.png,,,4,4.0,6.0,0,"4,5","0,0"
pohang,1khz_50ns_20deci_2m_UTC_20190920_141300.000.tdms,0061_1khz_50ns_20deci_2m_UTC_20190920_141300.000\seg_005.png,,,5,5.0,7.0,0,"5,6","0,0"
pohang,1khz_50ns_20deci_2m_UTC_20190920_141300.000.tdms,0061_1khz_50ns_20deci_2m_UTC_20190920_141300.000\seg_006.png,,,6,6.0,8.0,0,"6,7","0,0"
pohang,1khz_50ns_20deci_2m_UTC_20190920_141300.000.tdms,0061_1khz_50ns_20deci_2m_UTC_20190920_141300.000\seg_007.png,,,7,7.0,9.0,0,"7,8","0,0"
pohang,1khz_50ns_20deci_2m_UTC_20190920_141300.000.tdms,0061_1khz_50ns_20deci_2m_UTC_20190920_141300.000\seg_008.png,,,8,8.0,10.0,0,"8,9","0,0"
pohang,1khz_50ns_20deci_2m_UTC_20190920_141300.000.tdms,0061_1khz_50ns_20deci_2m_UTC_20190920_141300.000\seg_009.png,,,9,9.0,11.0,0,"9,10","0,0"
pohang,1khz_50ns_20deci_2m_UTC_20190920_141300.000.tdms,0061_1khz_50ns_20deci_2m_UTC_20190920_141300.000\seg_010.png,,,10,10.0,12.0,0,"10,11","0,0"
pohang,1khz_50ns_20deci_2m_UTC_20190920_141300.000.tdms,0061_1khz_50ns_20deci_2m_UTC_20190920_141300.000\seg_011.png,,,11,11.0,13.0,0,"11,12","0,0"
pohang,1khz_50ns_20deci_2m_UTC_20190920_141300.000.tdms,0061_1khz_50ns_20deci_2m_UTC_20190920_141300.000\seg_012.png,,,12,12.0,14.0,0,"12,13","0,0"
pohang,1khz_50ns_20deci_2m_UTC_20190920_141300.000.tdms,0061_1khz_50ns_20deci_2m_UTC_20190920_141300.000\seg_013.png,,,13,13.0,15.0,0,"13,14","0,0"
pohang,1khz_50ns_20deci_2m_UTC_20190920_141300.000.tdms,0061_1khz_50ns_20deci_2m_UTC_20190920_141300.000\seg_014.png,,,14,14.0,16.0,0,"14,15","0,0"
pohang,1khz_50ns_20deci_2m_UTC_20190920_141300.000.tdms,0061_1khz_50ns_20deci_2m_UTC_20190920_141300.000\seg_015.png,,,15,15.0,17.0,0,"15,16","0,0"
pohang,1khz_50ns_20deci_2m_UTC_20190920_141300.000.tdms,0061_1khz_50ns_20deci_2m_UTC_20190920_141300.000\seg_016.png,,,16,16.0,18.0,0,"16,17","0,0"
pohang,1khz_50ns_20deci_2m_UTC_20190920_141300.000.tdms,0061_1khz_50ns_20deci_2m_UTC_20190920_141300.000\seg_017.png,,,17,17.0,19.0,0,"17,18","0,0"
pohang,1khz_50ns_20deci_2m_UTC_20190920_141300.000.tdms,0061_1khz_50ns_20deci_2m_UTC_20190920_141300.000\seg_018.png,,,18,18.0,20.0,0,"18,19","0,0"
pohang,1khz_50ns_20deci_2m_UTC_20190920_141300.000.tdms,0061_1khz_50ns_20deci_2m_UTC_20190920_141300.000\seg_019.png,,,19,19.0,21.0,0,"19,20","0,0"
pohang,1khz_50ns_20deci_2m_UTC_20190920_141300.000.tdms,0061_1khz_50ns_20deci_2m_UTC_20190920_141300.000\seg_020.png,,,20,20.0,22.0,0,"20,21","0,0"
pohang,1khz_50ns_20deci_2m_UTC_20190920_141300.000.tdms,0061_1khz_50ns_20deci_2m_UTC_20190920_141300.000\seg_021.png,,,21,21.0,23.0,0,"21,22","0,0"
pohang,1khz_50ns_20deci_2m_UTC_20190920_141300.000.tdms,0061_1khz_50ns_20deci_2m_UTC_20190920_141300.000\seg_022.png,,,22,22.0,24.0,0,"22,23","0,0"
pohang,1khz_50ns_20deci_2m_UTC_20190920_141300.000.tdms,0061_1khz_50ns_20deci_2m_UTC_20190920_141300.000\seg_023.png,,,23,23.0,25.0,0,"23,24","0,0"
pohang,1khz_50ns_20deci_2m_UTC_20190920_141300.000.tdms,0061_1khz_50ns_20deci_2m_UTC_20190920_141300.000\seg_024.png,,,24,24.0,26.0,0,"24,25","0,0"
pohang,1khz_50ns_20deci_2m_UTC_20190920_141300.000.tdms,0061_1khz_50ns_20deci_2m_UTC_20190920_141300.000\seg_025.png,,,25,25.0,27.0,0,"25,26","0,0"
pohang,1khz_50ns_20deci_2m_UTC_20190920_141300.000.tdms,0061_1khz_50ns_20deci_2m_UTC_20190920_141300.000\seg_026.png,,,26,26.0,28.0,1,"26,27","0,1"
pohang,1khz_50ns_20deci_2m_UTC_20190920_141300.000.tdms,0061_1khz_50ns_20deci_2m_UTC_20190920_141300.000\seg_027.png,,,27,27.0,29.0,1,"27,28","1,1"
pohang,1khz_50ns_20deci_2m_UTC_20190920_141300.000.tdms,0061_1khz_50ns_20deci_2m_UTC_20190920_141300.000\seg_028.png,,,28,28.0,30.0,1,"28,29","1,1"
pohang,1khz_50ns_20deci_2m_UTC_20190921_053530.000.tdms,0062_1khz_50ns_20deci_2m_UTC_20190921_053530.000\seg_000.png,,,0,0.0,2.0,0,"0,1","0,0"
pohang,1khz_50ns_20deci_2m_UTC_20190921_053530.000.tdms,0062_1khz_50ns_20deci_2m_UTC_20190921_053530.000\seg_001.png,,,1,1.0,3.0,0,"1,2","0,0"
pohang,1khz_50ns_20deci_2m_UTC_20190921_053530.000.tdms,0062_1khz_50ns_20deci_2m_UTC_20190921_053530.000\seg_002.png,,,2,2.0,4.0,0,"2,3","0,0"
pohang,1khz_50ns_20deci_2m_UTC_20190921_053530.000.tdms,0062_1khz_50ns_20deci_2m_UTC_20190921_053530.000\seg_003.png,,,3,3.0,5.0,0,"3,4","0,0"
pohang,1khz_50ns_20deci_2m_UTC_20190921_053530.000.tdms,0062_1khz_50ns_20deci_2m_UTC_20190921_053530.000\seg_004.png,,,4,4.0,6.0,0,"4,5","0,0"
pohang,1khz_50ns_20deci_2m_UTC_20190921_053530.000.tdms,0062_1khz_50ns_20deci_2m_UTC_20190921_053530.000\seg_005.png,,,5,5.0,7.0,0,"5,6","0,0"
pohang,1khz_50ns_20deci_2m_UTC_20190921_053530.000.tdms,0062_1khz_50ns_20deci_2m_UTC_20190921_053530.000\seg_006.png,,,6,6.0,8.0,0,"6,7","0,0"
pohang,1khz_50ns_20deci_2m_UTC_20190921_053530.000.tdms,0062_1khz_50ns_20deci_2m_UTC_20190921_053530.000\seg_007.png,,,7,7.0,9.0,0,"7,8","0,0"
pohang,1khz_50ns_20deci_2m_UTC_20190921_053530.000.tdms,0062_1khz_50ns_20deci_2m_UTC_20190921_053530.000\seg_008.png,,,8,8.0,10.0,0,"8,9","0,0"
pohang,1khz_50ns_20deci_2m_UTC_20190921_053530.000.tdms,0062_1khz_50ns_20deci_2m_UTC_20190921_053530.000\seg_009.png,,,9,9.0,11.0,0,"9,10","0,0"
pohang,1khz_50ns_20deci_2m_UTC_20190921_053530.000.tdms,0062_1khz_50ns_20deci_2m_UTC_20190921_053530.000\seg_010.png,,,10,10.0,12.0,0,"10,11","0,0"
pohang,1khz_50ns_20deci_2m_UTC_20190921_053530.000.tdms,0062_1khz_50ns_20deci_2m_UTC_20190921_053530.000\seg_011.png,,,11,11.0,13.0,0,"11,12","0,0"
pohang,1khz_50ns_20deci_2m_UTC_20190921_053530.000.tdms,0062_1khz_50ns_20deci_2m_UTC_20190921_053530.000\seg_012.png,,,12,12.0,14.0,0,"12,13","0,0"
pohang,1khz_50ns_20deci_2m_UTC_20190921_053530.000.tdms,0062_1khz_50ns_20deci_2m_UTC_20190921_053530.000\seg_013.png,,,13,13.0,15.0,0,"13,14","0,0"
pohang,1khz_50ns_20deci_2m_UTC_20190921_053530.000.tdms,0062_1khz_50ns_20deci_2m_UTC_20190921_053530.000\seg_014.png,,,14,14.0,16.0,0,"14,15","0,0"
pohang,1khz_50ns_20deci_2m_UTC_20190921_053530.000.tdms,0062_1khz_50ns_20deci_2m_UTC_20190921_053530.000\seg_015.png,,,15,15.0,17.0,0,"15,16","0,0"
pohang,1khz_50ns_20deci_2m_UTC_20190921_053530.000.tdms,0062_1khz_50ns_20deci_2m_UTC_20190921_053530.000\seg_016.png,,,16,16.0,18.0,0,"16,17","0,0"
pohang,1khz_50ns_20deci_2m_UTC_20190921_053530.000.tdms,0062_1khz_50ns_20deci_2m_UTC_20190921_053530.000\seg_017.png,,,17,17.0,19.0,0,"17,18","0,0"
pohang,1khz_50ns_20deci_2m_UTC_20190921_053530.000.tdms,0062_1khz_50ns_20deci_2m_UTC_20190921_053530.000\seg_018.png,,,18,18.0,20.0,0,"18,19","0,0"
pohang,1khz_50ns_20deci_2m_UTC_20190921_053530.000.tdms,0062_1khz_50ns_20deci_2m_UTC_20190921_053530.000\seg_019.png,,,19,19.0,21.0,0,"19,20","0,0"
pohang,1khz_50ns_20deci_2m_UTC_20190921_053530.000.tdms,0062_1khz_50ns_20deci_2m_UTC_20190921_053530.000\seg_020.png,,,20,20.0,22.0,0,"20,21","0,0"
pohang,1khz_50ns_20deci_2m_UTC_20190921_053530.000.tdms,0062_1khz_50ns_20deci_2m_UTC_20190921_053530.000\seg_021.png,,,21,21.0,23.0,0,"21,22","0,0"
pohang,1khz_50ns_20deci_2m_UTC_20190921_053530.000.tdms,0062_1khz_50ns_20deci_2m_UTC_20190921_053530.000\seg_022.png,,,22,22.0,24.0,0,"22,23","0,0"
pohang,1khz_50ns_20deci_2m_UTC_20190921_053530.000.tdms,0062_1khz_50ns_20deci_2m_UTC_20190921_053530.000\seg_023.png,,,23,23.0,25.0,0,"23,24","0,0"
pohang,1khz_50ns_20deci_2m_UTC_20190921_053530.000.tdms,0062_1khz_50ns_20deci_2m_UTC_20190921_053530.000\seg_024.png,,,24,24.0,26.0,0,"24,25","0,0"
pohang,1khz_50ns_20deci_2m_UTC_20190921_053530.000.tdms,0062_1khz_50ns_20deci_2m_UTC_20190921_053530.000\seg_025.png,,,25,25.0,27.0,0,"25,26","0,0"
pohang,1khz_50ns_20deci_2m_UTC_20190921_053530.000.tdms,0062_1khz_50ns_20deci_2m_UTC_20190921_053530.000\seg_026.png,,,26,26.0,28.0,1,"26,27","0,1"
pohang,1khz_50ns_20deci_2m_UTC_20190921_053530.000.tdms,0062_1khz_50ns_20deci_2m_UTC_20190921_053530.000\seg_027.png,,,27,27.0,29.0,1,"27,28","1,1"
pohang,1khz_50ns_20deci_2m_UTC_20190921_053530.000.tdms,0062_1khz_50ns_20deci_2m_UTC_20190921_053530.000\seg_028.png,,,28,28.0,30.0,1,"28,29","1,1"
pohang,1khz_50ns_20deci_2m_UTC_20190924_231430.000.tdms,0063_1khz_50ns_20deci_2m_UTC_20190924_231430.000\seg_000.png,,,0,0.0,2.0,0,"0,1","0,0"
pohang,1khz_50ns_20deci_2m_UTC_20190924_231430.000.tdms,0063_1khz_50ns_20deci_2m_UTC_20190924_231430.000\seg_001.png,,,1,1.0,3.0,0,"1,2","0,0"
pohang,1khz_50ns_20deci_2m_UTC_20190924_231430.000.tdms,0063_1khz_50ns_20deci_2m_UTC_20190924_231430.000\seg_002.png,,,2,2.0,4.0,0,"2,3","0,0"
pohang,1khz_50ns_20deci_2m_UTC_20190924_231430.000.tdms,0063_1khz_50ns_20deci_2m_UTC_20190924_231430.000\seg_003.png,,,3,3.0,5.0,0,"3,4","0,0"
pohang,1khz_50ns_20deci_2m_UTC_20190924_231430.000.tdms,0063_1khz_50ns_20deci_2m_UTC_20190924_231430.000\seg_004.png,,,4,4.0,6.0,0,"4,5","0,0"
pohang,1khz_50ns_20deci_2m_UTC_20190924_231430.000.tdms,0063_1khz_50ns_20deci_2m_UTC_20190924_231430.000\seg_005.png,,,5,5.0,7.0,0,"5,6","0,0"
pohang,1khz_50ns_20deci_2m_UTC_20190924_231430.000.tdms,0063_1khz_50ns_20deci_2m_UTC_20190924_231430.000\seg_006.png,,,6,6.0,8.0,0,"6,7","0,0"
pohang,1khz_50ns_20deci_2m_UTC_20190924_231430.000.tdms,0063_1khz_50ns_20deci_2m_UTC_20190924_231430.000\seg_007.png,,,7,7.0,9.0,0,"7,8","0,0"
pohang,1khz_50ns_20deci_2m_UTC_20190924_231430.000.tdms,0063_1khz_50ns_20deci_2m_UTC_20190924_231430.000\seg_008.png,,,8,8.0,10.0,0,"8,9","0,0"
pohang,1khz_50ns_20deci_2m_UTC_20190924_231430.000.tdms,0063_1khz_50ns_20deci_2m_UTC_20190924_231430.000\seg_009.png,,,9,9.0,11.0,0,"9,10","0,0"
pohang,1khz_50ns_20deci_2m_UTC_20190924_231430.000.tdms,0063_1khz_50ns_20deci_2m_UTC_20190924_231430.000\seg_010.png,,,10,10.0,12.0,0,"10,11","0,0"
pohang,1khz_50ns_20deci_2m_UTC_20190924_231430.000.tdms,0063_1khz_50ns_20deci_2m_UTC_20190924_231430.000\seg_011.png,,,11,11.0,13.0,1,"11,12","0,1"
pohang,1khz_50ns_20deci_2m_UTC_20190924_231430.000.tdms,0063_1khz_50ns_20deci_2m_UTC_20190924_231430.000\seg_012.png,,,12,12.0,14.0,1,"12,13","1,1"
pohang,1khz_50ns_20deci_2m_UTC_20190924_231430.000.tdms,0063_1khz_50ns_20deci_2m_UTC_20190924_231430.000\seg_013.png,,,13,13.0,15.0,1,"13,14","1,1"
pohang,1khz_50ns_20deci_2m_UTC_20190924_231430.000.tdms,0063_1khz_50ns_20deci_2m_UTC_20190924_231430.000\seg_014.png,,,14,14.0,16.0,1,"14,15","1,1"
pohang,1khz_50ns_20deci_2m_UTC_20190924_231430.000.tdms,0063_1khz_50ns_20deci_2m_UTC_20190924_231430.000\seg_015.png,,,15,15.0,17.0,1,"15,16","1,1"
pohang,1khz_50ns_20deci_2m_UTC_20190924_231430.000.tdms,0063_1khz_50ns_20deci_2m_UTC_20190924_231430.000\seg_016.png,,,16,16.0,18.0,1,"16,17","1,1"
pohang,1khz_50ns_20deci_2m_UTC_20190924_231430.000.tdms,0063_1khz_50ns_20deci_2m_UTC_20190924_231430.000\seg_017.png,,,17,17.0,19.0,1,"17,18","1,1"
pohang,1khz_50ns_20deci_2m_UTC_20190924_231430.000.tdms,0063_1khz_50ns_20deci_2m_UTC_20190924_231430.000\seg_018.png,,,18,18.0,20.0,1,"18,19","1,1"
pohang,1khz_50ns_20deci_2m_UTC_20190924_231430.000.tdms,0063_1khz_50ns_20deci_2m_UTC_20190924_231430.000\seg_019.png,,,19,19.0,21.0,1,"19,20","1,1"
pohang,1khz_50ns_20deci_2m_UTC_20190924_231430.000.tdms,0063_1khz_50ns_20deci_2m_UTC_20190924_231430.000\seg_020.png,,,20,20.0,22.0,1,"20,21","1,1"
pohang,1khz_50ns_20deci_2m_UTC_20190924_231430.000.tdms,0063_1khz_50ns_20deci_2m_UTC_20190924_231430.000\seg_021.png,,,21,21.0,23.0,1,"21,22","1,1"
pohang,1khz_50ns_20deci_2m_UTC_20190924_231430.000.tdms,0063_1khz_50ns_20deci_2m_UTC_20190924_231430.000\seg_022.png,,,22,22.0,24.0,1,"22,23","1,1"
pohang,1khz_50ns_20deci_2m_UTC_20190924_231430.000.tdms,0063_1khz_50ns_20deci_2m_UTC_20190924_231430.000\seg_023.png,,,23,23.0,25.0,1,"23,24","1,1"
pohang,1khz_50ns_20deci_2m_UTC_20190924_231430.000.tdms,0063_1khz_50ns_20deci_2m_UTC_20190924_231430.000\seg_024.png,,,24,24.0,26.0,1,"24,25","1,1"
pohang,1khz_50ns_20deci_2m_UTC_20190924_231430.000.tdms,0063_1khz_50ns_20deci_2m_UTC_20190924_231430.000\seg_025.png,,,25,25.0,27.0,1,"25,26","1,1"
pohang,1khz_50ns_20deci_2m_UTC_20190924_231430.000.tdms,0063_1khz_50ns_20deci_2m_UTC_20190924_231430.000\seg_026.png,,,26,26.0,28.0,1,"26,27","1,1"
pohang,1khz_50ns_20deci_2m_UTC_20190924_231430.000.tdms,0063_1khz_50ns_20deci_2m_UTC_20190924_231430.000\seg_027.png,,,27,27.0,29.0,1,"27,28","1,1"
pohang,1khz_50ns_20deci_2m_UTC_20190924_231430.000.tdms,0063_1khz_50ns_20deci_2m_UTC_20190924_231430.000\seg_028.png,,,28,28.0,30.0,1,"28,29","1,1"
pohang,1khz_50ns_20deci_2m_UTC_20190925_014730.000.tdms,0064_1khz_50ns_20deci_2m_UTC_20190925_014730.000\seg_000.png,,,0,0.0,2.0,0,"0,1","0,0"
pohang,1khz_50ns_20deci_2m_UTC_20190925_014730.000.tdms,0064_1khz_50ns_20deci_2m_UTC_20190925_014730.000\seg_001.png,,,1,1.0,3.0,0,"1,2","0,0"
pohang,1khz_50ns_20deci_2m_UTC_20190925_014730.000.tdms,0064_1khz_50ns_20deci_2m_UTC_20190925_014730.000\seg_002.png,,,2,2.0,4.0,0,"2,3","0,0"
pohang,1khz_50ns_20deci_2m_UTC_20190925_014730.000.tdms,0064_1khz_50ns_20deci_2m_UTC_20190925_014730.000\seg_003.png,,,3,3.0,5.0,0,"3,4","0,0"
pohang,1khz_50ns_20deci_2m_UTC_20190925_014730.000.tdms,0064_1khz_50ns_20deci_2m_UTC_20190925_014730.000\seg_004.png,,,4,4.0,6.0,0,"4,5","0,0"
pohang,1khz_50ns_20deci_2m_UTC_20190925_014730.000.tdms,0064_1khz_50ns_20deci_2m_UTC_20190925_014730.000\seg_005.png,,,5,5.0,7.0,0,"5,6","0,0"
pohang,1khz_50ns_20deci_2m_UTC_20190925_014730.000.tdms,0064_1khz_50ns_20deci_2m_UTC_20190925_014730.000\seg_006.png,,,6,6.0,8.0,0,"6,7","0,0"
pohang,1khz_50ns_20deci_2m_UTC_20190925_014730.000.tdms,0064_1khz_50ns_20deci_2m_UTC_20190925_014730.000\seg_007.png,,,7,7.0,9.0,0,"7,8","0,0"
pohang,1khz_50ns_20deci_2m_UTC_20190925_014730.000.tdms,0064_1khz_50ns_20deci_2m_UTC_20190925_014730.000\seg_008.png,,,8,8.0,10.0,0,"8,9","0,0"
pohang,1khz_50ns_20deci_2m_UTC_20190925_014730.000.tdms,0064_1khz_50ns_20deci_2m_UTC_20190925_014730.000\seg_009.png,,,9,9.0,11.0,0,"9,10","0,0"
pohang,1khz_50ns_20deci_2m_UTC_20190925_014730.000.tdms,0064_1khz_50ns_20deci_2m_UTC_20190925_014730.000\seg_010.png,,,10,10.0,12.0,0,"10,11","0,0"
pohang,1khz_50ns_20deci_2m_UTC_20190925_014730.000.tdms,0064_1khz_50ns_20deci_2m_UTC_20190925_014730.000\seg_011.png,,,11,11.0,13.0,0,"11,12","0,0"
pohang,1khz_50ns_20deci_2m_UTC_20190925_014730.000.tdms,0064_1khz_50ns_20deci_2m_UTC_20190925_014730.000\seg_012.png,,,12,12.0,14.0,0,"12,13","0,0"
pohang,1khz_50ns_20deci_2m_UTC_20190925_014730.000.tdms,0064_1khz_50ns_20deci_2m_UTC_20190925_014730.000\seg_013.png,,,13,13.0,15.0,0,"13,14","0,0"
pohang,1khz_50ns_20deci_2m_UTC_20190925_014730.000.tdms,0064_1khz_50ns_20deci_2m_UTC_20190925_014730.000\seg_014.png,,,14,14.0,16.0,0,"14,15","0,0"
pohang,1khz_50ns_20deci_2m_UTC_20190925_014730.000.tdms,0064_1khz_50ns_20deci_2m_UTC_20190925_014730.000\seg_015.png,,,15,15.0,17.0,0,"15,16","0,0"
pohang,1khz_50ns_20deci_2m_UTC_20190925_014730.000.tdms,0064_1khz_50ns_20deci_2m_UTC_20190925_014730.000\seg_016.png,,,16,16.0,18.0,0,"16,17","0,0"
pohang,1khz_50ns_20deci_2m_UTC_20190925_014730.000.tdms,0064_1khz_50ns_20deci_2m_UTC_20190925_014730.000\seg_017.png,,,17,17.0,19.0,0,"17,18","0,0"
pohang,1khz_50ns_20deci_2m_UTC_20190925_014730.000.tdms,0064_1khz_50ns_20deci_2m_UTC_20190925_014730.000\seg_018.png,,,18,18.0,20.0,0,"18,19","0,0"
pohang,1khz_50ns_20deci_2m_UTC_20190925_014730.000.tdms,0064_1khz_50ns_20deci_2m_UTC_20190925_014730.000\seg_019.png,,,19,19.0,21.0,0,"19,20","0,0"
pohang,1khz_50ns_20deci_2m_UTC_20190925_014730.000.tdms,0064_1khz_50ns_20deci_2m_UTC_20190925_014730.000\seg_020.png,,,20,20.0,22.0,0,"20,21","0,0"
pohang,1khz_50ns_20deci_2m_UTC_20190925_014730.000.tdms,0064_1khz_50ns_20deci_2m_UTC_20190925_014730.000\seg_021.png,,,21,21.0,23.0,0,"21,22","0,0"
pohang,1khz_50ns_20deci_2m_UTC_20190925_014730.000.tdms,0064_1khz_50ns_20deci_2m_UTC_20190925_014730.000\seg_022.png,,,22,22.0,24.0,0,"22,23","0,0"
pohang,1khz_50ns_20deci_2m_UTC_20190925_014730.000.tdms,0064_1khz_50ns_20deci_2m_UTC_20190925_014730.000\seg_023.png,,,23,23.0,25.0,0,"23,24","0,0"
pohang,1khz_50ns_20deci_2m_UTC_20190925_014730.000.tdms,0064_1khz_50ns_20deci_2m_UTC_20190925_014730.000\seg_024.png,,,24,24.0,26.0,1,"24,25","0,1"
pohang,1khz_50ns_20deci_2m_UTC_20190925_014730.000.tdms,0064_1khz_50ns_20deci_2m_UTC_20190925_014730.000\seg_025.png,,,25,25.0,27.0,1,"25,26","1,1"
pohang,1khz_50ns_20deci_2m_UTC_20190925_014730.000.tdms,0064_1khz_50ns_20deci_2m_UTC_20190925_014730.000\seg_026.png,,,26,26.0,28.0,1,"26,27","1,1"
pohang,1khz_50ns_20deci_2m_UTC_20190925_014730.000.tdms,0064_1khz_50ns_20deci_2m_UTC_20190925_014730.000\seg_027.png,,,27,27.0,29.0,1,"27,28","1,1"
pohang,1khz_50ns_20deci_2m_UTC_20190925_014730.000.tdms,0064_1khz_50ns_20deci_2m_UTC_20190925_014730.000\seg_028.png,,,28,28.0,30.0,1,"28,29","1,1"
pohang,1khz_50ns_20deci_2m_UTC_20190925_175730.000.tdms,0065_1khz_50ns_20deci_2m_UTC_20190925_175730.000\seg_000.png,,,0,0.0,2.0,0,"0,1","0,0"
pohang,1khz_50ns_20deci_2m_UTC_20190925_175730.000.tdms,0065_1khz_50ns_20deci_2m_UTC_20190925_175730.000\seg_001.png,,,1,1.0,3.0,0,"1,2","0,0"
pohang,1khz_50ns_20deci_2m_UTC_20190925_175730.000.tdms,0065_1khz_50ns_20deci_2m_UTC_20190925_175730.000\seg_002.png,,,2,2.0,4.0,0,"2,3","0,0"
pohang,1khz_50ns_20deci_2m_UTC_20190925_175730.000.tdms,0065_1khz_50ns_20deci_2m_UTC_20190925_175730.000\seg_003.png,,,3,3.0,5.0,0,"3,4","0,0"
pohang,1khz_50ns_20deci_2m_UTC_20190925_175730.000.tdms,0065_1khz_50ns_20deci_2m_UTC_20190925_175730.000\seg_004.png,,,4,4.0,6.0,1,"4,5","0,1"
pohang,1khz_50ns_20deci_2m_UTC_20190925_175730.000.tdms,0065_1khz_50ns_20deci_2m_UTC_20190925_175730.000\seg_005.png,,,5,5.0,7.0,1,"5,6","1,1"
pohang,1khz_50ns_20deci_2m_UTC_20190925_175730.000.tdms,0065_1khz_50ns_20deci_2m_UTC_20190925_175730.000\seg_006.png,,,6,6.0,8.0,1,"6,7","1,1"
pohang,1khz_50ns_20deci_2m_UTC_20190925_175730.000.tdms,0065_1khz_50ns_20deci_2m_UTC_20190925_175730.000\seg_007.png,,,7,7.0,9.0,1,"7,8","1,1"
pohang,1khz_50ns_20deci_2m_UTC_20190925_175730.000.tdms,0065_1khz_50ns_20deci_2m_UTC_20190925_175730.000\seg_008.png,,,8,8.0,10.0,1,"8,9","1,1"
pohang,1khz_50ns_20deci_2m_UTC_20190925_175730.000.tdms,0065_1khz_50ns_20deci_2m_UTC_20190925_175730.000\seg_009.png,,,9,9.0,11.0,1,"9,10","1,1"
pohang,1khz_50ns_20deci_2m_UTC_20190925_175730.000.tdms,0065_1khz_50ns_20deci_2m_UTC_20190925_175730.000\seg_010.png,,,10,10.0,12.0,1,"10,11","1,1"
pohang,1khz_50ns_20deci_2m_UTC_20190925_175730.000.tdms,0065_1khz_50ns_20deci_2m_UTC_20190925_175730.000\seg_011.png,,,11,11.0,13.0,1,"11,12","1,1"
pohang,1khz_50ns_20deci_2m_UTC_20190925_175730.000.tdms,0065_1khz_50ns_20deci_2m_UTC_20190925_175730.000\seg_012.png,,,12,12.0,14.0,1,"12,13","1,1"
pohang,1khz_50ns_20deci_2m_UTC_20190925_175730.000.tdms,0065_1khz_50ns_20deci_2m_UTC_20190925_175730.000\seg_013.png,,,13,13.0,15.0,1,"13,14","1,1"
pohang,1khz_50ns_20deci_2m_UTC_20190925_175730.000.tdms,0065_1khz_50ns_20deci_2m_UTC_20190925_175730.000\seg_014.png,,,14,14.0,16.0,1,"14,15","1,1"
pohang,1khz_50ns_20deci_2m_UTC_20190925_175730.000.tdms,0065_1khz_50ns_20deci_2m_UTC_20190925_175730.000\seg_015.png,,,15,15.0,17.0,1,"15,16","1,1"
pohang,1khz_50ns_20deci_2m_UTC_20190925_175730.000.tdms,0065_1khz_50ns_20deci_2m_UTC_20190925_175730.000\seg_016.png,,,16,16.0,18.0,1,"16,17","1,1"
pohang,1khz_50ns_20deci_2m_UTC_20190925_175730.000.tdms,0065_1khz_50ns_20deci_2m_UTC_20190925_175730.000\seg_017.png,,,17,17.0,19.0,1,"17,18","1,1"
pohang,1khz_50ns_20deci_2m_UTC_20190925_175730.000.tdms,0065_1khz_50ns_20deci_2m_UTC_20190925_175730.000\seg_018.png,,,18,18.0,20.0,1,"18,19","1,1"
pohang,1khz_50ns_20deci_2m_UTC_20190925_175730.000.tdms,0065_1khz_50ns_20deci_2m_UTC_20190925_175730.000\seg_019.png,,,19,19.0,21.0,1,"19,20","1,1"
pohang,1khz_50ns_20deci_2m_UTC_20190925_175730.000.tdms,0065_1khz_50ns_20deci_2m_UTC_20190925_175730.000\seg_020.png,,,20,20.0,22.0,1,"20,21","1,1"
pohang,1khz_50ns_20deci_2m_UTC_20190925_175730.000.tdms,0065_1khz_50ns_20deci_2m_UTC_20190925_175730.000\seg_021.png,,,21,21.0,23.0,1,"21,22","1,1"
pohang,1khz_50ns_20deci_2m_UTC_20190925_175730.000.tdms,0065_1khz_50ns_20deci_2m_UTC_20190925_175730.000\seg_022.png,,,22,22.0,24.0,1,"22,23","1,1"
pohang,1khz_50ns_20deci_2m_UTC_20190925_175730.000.tdms,0065_1khz_50ns_20deci_2m_UTC_20190925_175730.000\seg_023.png,,,23,23.0,25.0,1,"23,24","1,1"
pohang,1khz_50ns_20deci_2m_UTC_20190925_175730.000.tdms,0065_1khz_50ns_20deci_2m_UTC_20190925_175730.000\seg_024.png,,,24,24.0,26.0,1,"24,25","1,1"
pohang,1khz_50ns_20deci_2m_UTC_20190925_175730.000.tdms,0065_1khz_50ns_20deci_2m_UTC_20190925_175730.000\seg_025.png,,,25,25.0,27.0,1,"25,26","1,1"
pohang,1khz_50ns_20deci_2m_UTC_20190925_175730.000.tdms,0065_1khz_50ns_20deci_2m_UTC_20190925_175730.000\seg_026.png,,,26,26.0,28.0,1,"26,27","1,1"
pohang,1khz_50ns_20deci_2m_UTC_20190925_175730.000.tdms,0065_1khz_50ns_20deci_2m_UTC_20190925_175730.000\seg_027.png,,,27,27.0,29.0,1,"27,28","1,1"
pohang,1khz_50ns_20deci_2m_UTC_20190925_175730.000.tdms,0065_1khz_50ns_20deci_2m_UTC_20190925_175730.000\seg_028.png,,,28,28.0,30.0,1,"28,29","1,1"
