site,tdms_file,seg_png,segment_index,start_sec,end_sec,is_event,confidence,note
pohang,1khz_50ns_20deci_2m_UTC+0900_DST0_20190623_184121.825.tdms,0000_1khz_50ns_20deci_2m_UTC+0900_DST0_20190623_184121.825\seg_000.png,0,0,1,0,,
pohang,1khz_50ns_20deci_2m_UTC+0900_DST0_20190623_184121.825.tdms,0000_1khz_50ns_20deci_2m_UTC+0900_DST0_20190623_184121.825\seg_001.png,1,1,2,0,,
pohang,1khz_50ns_20deci_2m_UTC+0900_DST0_20190623_184121.825.tdms,0000_1khz_50ns_20deci_2m_UTC+0900_DST0_20190623_184121.825\seg_002.png,2,2,3,0,,
pohang,1khz_50ns_20deci_2m_UTC+0900_DST0_20190623_184121.825.tdms,0000_1khz_50ns_20deci_2m_UTC+0900_DST0_20190623_184121.825\seg_003.png,3,3,4,0,,
pohang,1khz_50ns_20deci_2m_UTC+0900_DST0_20190623_184121.825.tdms,0000_1khz_50ns_20deci_2m_UTC+0900_DST0_20190623_184121.825\seg_004.png,4,4,5,0,,
pohang,1khz_50ns_20deci_2m_UTC+0900_DST0_20190623_184121.825.tdms,0000_1khz_50ns_20deci_2m_UTC+0900_DST0_20190623_184121.825\seg_005.png,5,5,6,0,,
pohang,1khz_50ns_20deci_2m_UTC+0900_DST0_20190623_184121.825.tdms,0000_1khz_50ns_20deci_2m_UTC+0900_DST0_20190623_184121.825\seg_006.png,6,6,7,0,,
pohang,1khz_50ns_20deci_2m_UTC+0900_DST0_20190623_184121.825.tdms,0000_1khz_50ns_20deci_2m_UTC+0900_DST0_20190623_184121.825\seg_007.png,7,7,8,0,,
pohang,1khz_50ns_20deci_2m_UTC+0900_DST0_20190623_184121.825.tdms,0000_1khz_50ns_20deci_2m_UTC+0900_DST0_20190623_184121.825\seg_008.png,8,8,9,0,,
pohang,1khz_50ns_20deci_2m_UTC+0900_DST0_20190623_184121.825.tdms,0000_1khz_50ns_20deci_2m_UTC+0900_DST0_20190623_184121.825\seg_009.png,9,9,10,0,,
pohang,1khz_50ns_20deci_2m_UTC+0900_DST0_20190623_184121.825.tdms,0000_1khz_50ns_20deci_2m_UTC+0900_DST0_20190623_184121.825\seg_010.png,10,10,11,0,,
pohang,1khz_50ns_20deci_2m_UTC+0900_DST0_20190623_184121.825.tdms,0000_1khz_50ns_20deci_2m_UTC+0900_DST0_20190623_184121.825\seg_011.png,11,11,12,0,,
pohang,1khz_50ns_20deci_2m_UTC+0900_DST0_20190623_184121.825.tdms,0000_1khz_50ns_20deci_2m_UTC+0900_DST0_20190623_184121.825\seg_012.png,12,12,13,0,,
pohang,1khz_50ns_20deci_2m_UTC+0900_DST0_20190623_184121.825.tdms,0000_1khz_50ns_20deci_2m_UTC+0900_DST0_20190623_184121.825\seg_013.png,13,13,14,0,,
pohang,1khz_50ns_20deci_2m_UTC+0900_DST0_20190623_184121.825.tdms,0000_1khz_50ns_20deci_2m_UTC+0900_DST0_20190623_184121.825\seg_014.png,14,14,15,0,,
pohang,1khz_50ns_20deci_2m_UTC+0900_DST0_20190623_184121.825.tdms,0000_1khz_50ns_20deci_2m_UTC+0900_DST0_20190623_184121.825\seg_015.png,15,15,16,1,,
pohang,1khz_50ns_20deci_2m_UTC+0900_DST0_20190623_184121.825.tdms,0000_1khz_50ns_20deci_2m_UTC+0900_DST0_20190623_184121.825\seg_016.png,16,16,17,1,,
pohang,1khz_50ns_20deci_2m_UTC+0900_DST0_20190623_184121.825.tdms,0000_1khz_50ns_20deci_2m_UTC+0900_DST0_20190623_184121.825\seg_017.png,17,17,18,1,,
pohang,1khz_50ns_20deci_2m_UTC+0900_DST0_20190623_184121.825.tdms,0000_1khz_50ns_20deci_2m_UTC+0900_DST0_20190623_184121.825\seg_018.png,18,18,19,1,,
pohang,1khz_50ns_20deci_2m_UTC+0900_DST0_20190623_184121.825.tdms,0000_1khz_50ns_20deci_2m_UTC+0900_DST0_20190623_184121.825\seg_019.png,19,19,20,1,,
pohang,1khz_50ns_20deci_2m_UTC+0900_DST0_20190623_184121.825.tdms,0000_1khz_50ns_20deci_2m_UTC+0900_DST0_20190623_184121.825\seg_020.png,20,20,21,1,,
pohang,1khz_50ns_20deci_2m_UTC+0900_DST0_20190623_184121.825.tdms,0000_1khz_50ns_20deci_2m_UTC+0900_DST0_20190623_184121.825\seg_021.png,21,21,22,1,,
pohang,1khz_50ns_20deci_2m_UTC+0900_DST0_20190623_184121.825.tdms,0000_1khz_50ns_20deci_2m_UTC+0900_DST0_20190623_184121.825\seg_022.png,22,22,23,1,,
pohang,1khz_50ns_20deci_2m_UTC+0900_DST0_20190623_184121.825.tdms,0000_1khz_50ns_20deci_2m_UTC+0900_DST0_20190623_184121.825\seg_023.png,23,23,24,1,,
pohang,1khz_50ns_20deci_2m_UTC+0900_DST0_20190623_184121.825.tdms,0000_1khz_50ns_20deci_2m_UTC+0900_DST0_20190623_184121.825\seg_024.png,24,24,25,1,,
pohang,1khz_50ns_20deci_2m_UTC+0900_DST0_20190623_184121.825.tdms,0000_1khz_50ns_20deci_2m_UTC+0900_DST0_20190623_184121.825\seg_025.png,25,25,26,1,,
pohang,1khz_50ns_20deci_2m_UTC+0900_DST0_20190623_184121.825.tdms,0000_1khz_50ns_20deci_2m_UTC+0900_DST0_20190623_184121.825\seg_026.png,26,26,27,1,,
pohang,1khz_50ns_20deci_2m_UTC+0900_DST0_20190623_184121.825.tdms,0000_1khz_50ns_20deci_2m_UTC+0900_DST0_20190623_184121.825\seg_027.png,27,27,28,1,,
pohang,1khz_50ns_20deci_2m_UTC+0900_DST0_20190623_184121.825.tdms,0000_1khz_50ns_20deci_2m_UTC+0900_DST0_20190623_184121.825\seg_028.png,28,28,29,1,,
pohang,1khz_50ns_20deci_2m_UTC+0900_DST0_20190623_184121.825.tdms,0000_1khz_50ns_20deci_2m_UTC+0900_DST0_20190623_184121.825\seg_029.png,29,29,30,1,,
pohang,1khz_50ns_20deci_2m_UTC+0900_DST0_20190630_165251.825.tdms,0001_1khz_50ns_20deci_2m_UTC+0900_DST0_20190630_165251.825\seg_000.png,0,0,1,1,,
pohang,1khz_50ns_20deci_2m_UTC+0900_DST0_20190630_165251.825.tdms,0001_1khz_50ns_20deci_2m_UTC+0900_DST0_20190630_165251.825\seg_001.png,1,1,2,1,,
pohang,1khz_50ns_20deci_2m_UTC+0900_DST0_20190630_165251.825.tdms,0001_1khz_50ns_20deci_2m_UTC+0900_DST0_20190630_165251.825\seg_002.png,2,2,3,1,,
pohang,1khz_50ns_20deci_2m_UTC+0900_DST0_20190630_165251.825.tdms,0001_1khz_50ns_20deci_2m_UTC+0900_DST0_20190630_165251.825\seg_003.png,3,3,4,1,,
pohang,1khz_50ns_20deci_2m_UTC+0900_DST0_20190630_165251.825.tdms,0001_1khz_50ns_20deci_2m_UTC+0900_DST0_20190630_165251.825\seg_004.png,4,4,5,1,,
pohang,1khz_50ns_20deci_2m_UTC+0900_DST0_20190630_165251.825.tdms,0001_1khz_50ns_20deci_2m_UTC+0900_DST0_20190630_165251.825\seg_005.png,5,5,6,1,,
pohang,1khz_50ns_20deci_2m_UTC+0900_DST0_20190630_165251.825.tdms,0001_1khz_50ns_20deci_2m_UTC+0900_DST0_20190630_165251.825\seg_006.png,6,6,7,1,,
pohang,1khz_50ns_20deci_2m_UTC+0900_DST0_20190630_165251.825.tdms,0001_1khz_50ns_20deci_2m_UTC+0900_DST0_20190630_165251.825\seg_007.png,7,7,8,1,,
pohang,1khz_50ns_20deci_2m_UTC+0900_DST0_20190630_165251.825.tdms,0001_1khz_50ns_20deci_2m_UTC+0900_DST0_20190630_165251.825\seg_008.png,8,8,9,1,,
pohang,1khz_50ns_20deci_2m_UTC+0900_DST0_20190630_165251.825.tdms,0001_1khz_50ns_20deci_2m_UTC+0900_DST0_20190630_165251.825\seg_009.png,9,9,10,1,,
pohang,1khz_50ns_20deci_2m_UTC+0900_DST0_20190630_165251.825.tdms,0001_1khz_50ns_20deci_2m_UTC+0900_DST0_20190630_165251.825\seg_010.png,10,10,11,1,,
pohang,1khz_50ns_20deci_2m_UTC+0900_DST0_20190630_165251.825.tdms,0001_1khz_50ns_20deci_2m_UTC+0900_DST0_20190630_165251.825\seg_011.png,11,11,12,1,,
pohang,1khz_50ns_20deci_2m_UTC+0900_DST0_20190630_165251.825.tdms,0001_1khz_50ns_20deci_2m_UTC+0900_DST0_20190630_165251.825\seg_012.png,12,12,13,1,,
pohang,1khz_50ns_20deci_2m_UTC+0900_DST0_20190630_165251.825.tdms,0001_1khz_50ns_20deci_2m_UTC+0900_DST0_20190630_165251.825\seg_013.png,13,13,14,1,,
pohang,1khz_50ns_20deci_2m_UTC+0900_DST0_20190630_165251.825.tdms,0001_1khz_50ns_20deci_2m_UTC+0900_DST0_20190630_165251.825\seg_014.png,14,14,15,0,,
pohang,1khz_50ns_20deci_2m_UTC+0900_DST0_20190630_165251.825.tdms,0001_1khz_50ns_20deci_2m_UTC+0900_DST0_20190630_165251.825\seg_015.png,15,15,16,0,,
pohang,1khz_50ns_20deci_2m_UTC+0900_DST0_20190630_165251.825.tdms,0001_1khz_50ns_20deci_2m_UTC+0900_DST0_20190630_165251.825\seg_016.png,16,16,17,0,,
pohang,1khz_50ns_20deci_2m_UTC+0900_DST0_20190630_165251.825.tdms,0001_1khz_50ns_20deci_2m_UTC+0900_DST0_20190630_165251.825\seg_017.png,17,17,18,0,,
pohang,1khz_50ns_20deci_2m_UTC+0900_DST0_20190630_165251.825.tdms,0001_1khz_50ns_20deci_2m_UTC+0900_DST0_20190630_165251.825\seg_018.png,18,18,19,0,,
pohang,1khz_50ns_20deci_2m_UTC+0900_DST0_20190630_165251.825.tdms,0001_1khz_50ns_20deci_2m_UTC+0900_DST0_20190630_165251.825\seg_019.png,19,19,20,0,,
pohang,1khz_50ns_20deci_2m_UTC+0900_DST0_20190630_165251.825.tdms,0001_1khz_50ns_20deci_2m_UTC+0900_DST0_20190630_165251.825\seg_020.png,20,20,21,0,,
pohang,1khz_50ns_20deci_2m_UTC+0900_DST0_20190630_165251.825.tdms,0001_1khz_50ns_20deci_2m_UTC+0900_DST0_20190630_165251.825\seg_021.png,21,21,22,0,,
pohang,1khz_50ns_20deci_2m_UTC+0900_DST0_20190630_165251.825.tdms,0001_1khz_50ns_20deci_2m_UTC+0900_DST0_20190630_165251.825\seg_022.png,22,22,23,0,,
pohang,1khz_50ns_20deci_2m_UTC+0900_DST0_20190630_165251.825.tdms,0001_1khz_50ns_20deci_2m_UTC+0900_DST0_20190630_165251.825\seg_023.png,23,23,24,0,,
pohang,1khz_50ns_20deci_2m_UTC+0900_DST0_20190630_165251.825.tdms,0001_1khz_50ns_20deci_2m_UTC+0900_DST0_20190630_165251.825\seg_024.png,24,24,25,0,,
pohang,1khz_50ns_20deci_2m_UTC+0900_DST0_20190630_165251.825.tdms,0001_1khz_50ns_20deci_2m_UTC+0900_DST0_20190630_165251.825\seg_025.png,25,25,26,0,,
pohang,1khz_50ns_20deci_2m_UTC+0900_DST0_20190630_165251.825.tdms,0001_1khz_50ns_20deci_2m_UTC+0900_DST0_20190630_165251.825\seg_026.png,26,26,27,0,,
pohang,1khz_50ns_20deci_2m_UTC+0900_DST0_20190630_165251.825.tdms,0001_1khz_50ns_20deci_2m_UTC+0900_DST0_20190630_165251.825\seg_027.png,27,27,28,0,,
pohang,1khz_50ns_20deci_2m_UTC+0900_DST0_20190630_165251.825.tdms,0001_1khz_50ns_20deci_2m_UTC+0900_DST0_20190630_165251.825\seg_028.png,28,28,29,0,,
pohang,1khz_50ns_20deci_2m_UTC+0900_DST0_20190630_165251.825.tdms,0001_1khz_50ns_20deci_2m_UTC+0900_DST0_20190630_165251.825\seg_029.png,29,29,30,0,,
pohang,1khz_50ns_20deci_2m_UTC+0900_DST0_20190702_001621.825.tdms,0002_1khz_50ns_20deci_2m_UTC+0900_DST0_20190702_001621.825\seg_000.png,0,0,1,0,,
pohang,1khz_50ns_20deci_2m_UTC+0900_DST0_20190702_001621.825.tdms,0002_1khz_50ns_20deci_2m_UTC+0900_DST0_20190702_001621.825\seg_001.png,1,1,2,0,,
pohang,1khz_50ns_20deci_2m_UTC+0900_DST0_20190702_001621.825.tdms,0002_1khz_50ns_20deci_2m_UTC+0900_DST0_20190702_001621.825\seg_002.png,2,2,3,0,,
pohang,1khz_50ns_20deci_2m_UTC+0900_DST0_20190702_001621.825.tdms,0002_1khz_50ns_20deci_2m_UTC+0900_DST0_20190702_001621.825\seg_003.png,3,3,4,0,,
pohang,1khz_50ns_20deci_2m_UTC+0900_DST0_20190702_001621.825.tdms,0002_1khz_50ns_20deci_2m_UTC+0900_DST0_20190702_001621.825\seg_004.png,4,4,5,0,,
pohang,1khz_50ns_20deci_2m_UTC+0900_DST0_20190702_001621.825.tdms,0002_1khz_50ns_20deci_2m_UTC+0900_DST0_20190702_001621.825\seg_005.png,5,5,6,0,,
pohang,1khz_50ns_20deci_2m_UTC+0900_DST0_20190702_001621.825.tdms,0002_1khz_50ns_20deci_2m_UTC+0900_DST0_20190702_001621.825\seg_006.png,6,6,7,0,,
pohang,1khz_50ns_20deci_2m_UTC+0900_DST0_20190702_001621.825.tdms,0002_1khz_50ns_20deci_2m_UTC+0900_DST0_20190702_001621.825\seg_007.png,7,7,8,0,,
pohang,1khz_50ns_20deci_2m_UTC+0900_DST0_20190702_001621.825.tdms,0002_1khz_50ns_20deci_2m_UTC+0900_DST0_20190702_001621.825\seg_008.png,8,8,9,0,,
pohang,1khz_50ns_20deci_2m_UTC+0900_DST0_20190702_001621.825.tdms,0002_1khz_50ns_20deci_2m_UTC+0900_DST0_20190702_001621.825\seg_009.png,9,9,10,0,,
pohang,1khz_50ns_20deci_2m_UTC+0900_DST0_20190702_001621.825.tdms,0002_1khz_50ns_20deci_2m_UTC+0900_DST0_20190702_001621.825\seg_010.png,10,10,11,0,,
pohang,1khz_50ns_20deci_2m_UTC+0900_DST0_20190702_001621.825.tdms,0002_1khz_50ns_20deci_2m_UTC+0900_DST0_20190702_001621.825\seg_011.png,11,11,12,0,,
pohang,1khz_50ns_20deci_2m_UTC+0900_DST0_20190702_001621.825.tdms,0002_1khz_50ns_20deci_2m_UTC+0900_DST0_20190702_001621.825\seg_012.png,12,12,13,0,,
pohang,1khz_50ns_20deci_2m_UTC+0900_DST0_20190702_001621.825.tdms,0002_1khz_50ns_20deci_2m_UTC+0900_DST0_20190702_001621.825\seg_013.png,13,13,14,0,,
pohang,1khz_50ns_20deci_2m_UTC+0900_DST0_20190702_001621.825.tdms,0002_1khz_50ns_20deci_2m_UTC+0900_DST0_20190702_001621.825\seg_014.png,14,14,15,0,,
pohang,1khz_50ns_20deci_2m_UTC+0900_DST0_20190702_001621.825.tdms,0002_1khz_50ns_20deci_2m_UTC+0900_DST0_20190702_001621.825\seg_015.png,15,15,16,0,,
pohang,1khz_50ns_20deci_2m_UTC+0900_DST0_20190702_001621.825.tdms,0002_1khz_50ns_20deci_2m_UTC+0900_DST0_20190702_001621.825\seg_016.png,16,16,17,1,,
pohang,1khz_50ns_20deci_2m_UTC+0900_DST0_20190702_001621.825.tdms,0002_1khz_50ns_20deci_2m_UTC+0900_DST0_20190702_001621.825\seg_017.png,17,17,18,1,,
pohang,1khz_50ns_20deci_2m_UTC+0900_DST0_20190702_001621.825.tdms,0002_1khz_50ns_20deci_2m_UTC+0900_DST0_20190702_001621.825\seg_018.png,18,18,19,1,,
pohang,1khz_50ns_20deci_2m_UTC+0900_DST0_20190702_001621.825.tdms,0002_1khz_50ns_20deci_2m_UTC+0900_DST0_20190702_001621.825\seg_019.png,19,19,20,1,,
pohang,1khz_50ns_20deci_2m_UTC+0900_DST0_20190702_001621.825.tdms,0002_1khz_50ns_20deci_2m_UTC+0900_DST0_20190702_001621.825\seg_020.png,20,20,21,0,,
pohang,1khz_50ns_20deci_2m_UTC+0900_DST0_20190702_001621.825.tdms,0002_1khz_50ns_20deci_2m_UTC+0900_DST0_20190702_001621.825\seg_021.png,21,21,22,0,,
pohang,1khz_50ns_20deci_2m_UTC+0900_DST0_20190702_001621.825.tdms,0002_1khz_50ns_20deci_2m_UTC+0900_DST0_20190702_001621.825\seg_022.png,22,22,23,0,,
pohang,1khz_50ns_20deci_2m_UTC+0900_DST0_20190702_001621.825.tdms,0002_1khz_50ns_20deci_2m_UTC+0900_DST0_20190702_001621.825\seg_023.png,23,23,24,0,,
pohang,1khz_50ns_20deci_2m_UTC+0900_DST0_20190702_001621.825.tdms,0002_1khz_50ns_20deci_2m_UTC+0900_DST0_20190702_001621.825\seg_024.png,24,24,25,0,,
pohang,1khz_50ns_20deci_2m_UTC+0900_DST0_20190702_001621.825.tdms,0002_1khz_50ns_20deci_2m_UTC+0900_DST0_20190702_001621.825\seg_025.png,25,25,26,0,,
pohang,1khz_50ns_20deci_2m_UTC+0900_DST0_20190702_001621.825.tdms,0002_1khz_50ns_20deci_2m_UTC+0900_DST0_20190702_001621.825\seg_026.png,26,26,27,0,,
pohang,1khz_50ns_20deci_2m_UTC+0900_DST0_20190702_001621.825.tdms,0002_1khz_50ns_20deci_2m_UTC+0900_DST0_20190702_001621.825\seg_027.png,27,27,28,0,,
pohang,1khz_50ns_20deci_2m_UTC+0900_DST0_20190702_001621.825.tdms,0002_1khz_50ns_20deci_2m_UTC+0900_DST0_20190702_001621.825\seg_028.png,28,28,29,0,,
pohang,1khz_50ns_20deci_2m_UTC+0900_DST0_20190702_001621.825.tdms,0002_1khz_50ns_20deci_2m_UTC+0900_DST0_20190702_001621.825\seg_029.png,29,29,30,0,,
pohang,1khz_50ns_20deci_2m_UTC+0900_DST0_20190702_205151.825.tdms,0003_1khz_50ns_20deci_2m_UTC+0900_DST0_20190702_205151.825\seg_000.png,0,0,1,0,,
pohang,1khz_50ns_20deci_2m_UTC+0900_DST0_20190702_205151.825.tdms,0003_1khz_50ns_20deci_2m_UTC+0900_DST0_20190702_205151.825\seg_001.png,1,1,2,0,,
pohang,1khz_50ns_20deci_2m_UTC+0900_DST0_20190702_205151.825.tdms,0003_1khz_50ns_20deci_2m_UTC+0900_DST0_20190702_205151.825\seg_002.png,2,2,3,0,,
pohang,1khz_50ns_20deci_2m_UTC+0900_DST0_20190702_205151.825.tdms,0003_1khz_50ns_20deci_2m_UTC+0900_DST0_20190702_205151.825\seg_003.png,3,3,4,0,,
pohang,1khz_50ns_20deci_2m_UTC+0900_DST0_20190702_205151.825.tdms,0003_1khz_50ns_20deci_2m_UTC+0900_DST0_20190702_205151.825\seg_004.png,4,4,5,1,,
pohang,1khz_50ns_20deci_2m_UTC+0900_DST0_20190702_205151.825.tdms,0003_1khz_50ns_20deci_2m_UTC+0900_DST0_20190702_205151.825\seg_005.png,5,5,6,1,,
pohang,1khz_50ns_20deci_2m_UTC+0900_DST0_20190702_205151.825.tdms,0003_1khz_50ns_20deci_2m_UTC+0900_DST0_20190702_205151.825\seg_006.png,6,6,7,1,,
pohang,1khz_50ns_20deci_2m_UTC+0900_DST0_20190702_205151.825.tdms,0003_1khz_50ns_20deci_2m_UTC+0900_DST0_20190702_205151.825\seg_007.png,7,7,8,1,,
pohang,1khz_50ns_20deci_2m_UTC+0900_DST0_20190702_205151.825.tdms,0003_1khz_50ns_20deci_2m_UTC+0900_DST0_20190702_205151.825\seg_008.png,8,8,9,1,,
pohang,1khz_50ns_20deci_2m_UTC+0900_DST0_20190702_205151.825.tdms,0003_1khz_50ns_20deci_2m_UTC+0900_DST0_20190702_205151.825\seg_009.png,9,9,10,1,,
pohang,1khz_50ns_20deci_2m_UTC+0900_DST0_20190702_205151.825.tdms,0003_1khz_50ns_20deci_2m_UTC+0900_DST0_20190702_205151.825\seg_010.png,10,10,11,1,,
pohang,1khz_50ns_20deci_2m_UTC+0900_DST0_20190702_205151.825.tdms,0003_1khz_50ns_20deci_2m_UTC+0900_DST0_20190702_205151.825\seg_011.png,11,11,12,1,,
pohang,1khz_50ns_20deci_2m_UTC+0900_DST0_20190702_205151.825.tdms,0003_1khz_50ns_20deci_2m_UTC+0900_DST0_20190702_205151.825\seg_012.png,12,12,13,1,,
pohang,1khz_50ns_20deci_2m_UTC+0900_DST0_20190702_205151.825.tdms,0003_1khz_50ns_20deci_2m_UTC+0900_DST0_20190702_205151.825\seg_013.png,13,13,14,1,,
pohang,1khz_50ns_20deci_2m_UTC+0900_DST0_20190702_205151.825.tdms,0003_1khz_50ns_20deci_2m_UTC+0900_DST0_20190702_205151.825\seg_014.png,14,14,15,1,,
pohang,1khz_50ns_20deci_2m_UTC+0900_DST0_20190702_205151.825.tdms,0003_1khz_50ns_20deci_2m_UTC+0900_DST0_20190702_205151.825\seg_015.png,15,15,16,1,,
pohang,1khz_50ns_20deci_2m_UTC+0900_DST0_20190702_205151.825.tdms,0003_1khz_50ns_20deci_2m_UTC+0900_DST0_20190702_205151.825\seg_016.png,16,16,17,1,,
pohang,1khz_50ns_20deci_2m_UTC+0900_DST0_20190702_205151.825.tdms,0003_1khz_50ns_20deci_2m_UTC+0900_DST0_20190702_205151.825\seg_017.png,17,17,18,1,,
pohang,1khz_50ns_20deci_2m_UTC+0900_DST0_20190702_205151.825.tdms,0003_1khz_50ns_20deci_2m_UTC+0900_DST0_20190702_205151.825\seg_018.png,18,18,19,1,,
pohang,1khz_50ns_20deci_2m_UTC+0900_DST0_20190702_205151.825.tdms,0003_1khz_50ns_20deci_2m_UTC+0900_DST0_20190702_205151.825\seg_019.png,19,19,20,1,,
pohang,1khz_50ns_20deci_2m_UTC+0900_DST0_20190702_205151.825.tdms,0003_1khz_50ns_20deci_2m_UTC+0900_DST0_20190702_205151.825\seg_020.png,20,20,21,1,,
pohang,1khz_50ns_20deci_2m_UTC+0900_DST0_20190702_205151.825.tdms,0003_1khz_50ns_20deci_2m_UTC+0900_DST0_20190702_205151.825\seg_021.png,21,21,22,1,,
pohang,1khz_50ns_20deci_2m_UTC+0900_DST0_20190702_205151.825.tdms,0003_1khz_50ns_20deci_2m_UTC+0900_DST0_20190702_205151.825\seg_022.png,22,22,23,1,,
pohang,1khz_50ns_20deci_2m_UTC+0900_DST0_20190702_205151.825.tdms,0003_1khz_50ns_20deci_2m_UTC+0900_DST0_20190702_205151.825\seg_023.png,23,23,24,1,,
pohang,1khz_50ns_20deci_2m_UTC+0900_DST0_20190702_205151.825.tdms,0003_1khz_50ns_20deci_2m_UTC+0900_DST0_20190702_205151.825\seg_024.png,24,24,25,1,,
pohang,1khz_50ns_20deci_2m_UTC+0900_DST0_20190702_205151.825.tdms,0003_1khz_50ns_20deci_2m_UTC+0900_DST0_20190702_205151.825\seg_025.png,25,25,26,1,,
pohang,1khz_50ns_20deci_2m_UTC+0900_DST0_20190702_205151.825.tdms,0003_1khz_50ns_20deci_2m_UTC+0900_DST0_20190702_205151.825\seg_026.png,26,26,27,1,,
pohang,1khz_50ns_20deci_2m_UTC+0900_DST0_20190702_205151.825.tdms,0003_1khz_50ns_20deci_2m_UTC+0900_DST0_20190702_205151.825\seg_027.png,27,27,28,1,,
pohang,1khz_50ns_20deci_2m_UTC+0900_DST0_20190702_205151.825.tdms,0003_1khz_50ns_20deci_2m_UTC+0900_DST0_20190702_205151.825\seg_028.png,28,28,29,1,,
pohang,1khz_50ns_20deci_2m_UTC+0900_DST0_20190702_205151.825.tdms,0003_1khz_50ns_20deci_2m_UTC+0900_DST0_20190702_205151.825\seg_029.png,29,29,30,1,,
pohang,1khz_50ns_20deci_2m_UTC+0900_DST0_20190703_034051.825.tdms,0004_1khz_50ns_20deci_2m_UTC+0900_DST0_20190703_034051.825\seg_000.png,0,0,1,0,,
pohang,1khz_50ns_20deci_2m_UTC+0900_DST0_20190703_034051.825.tdms,0004_1khz_50ns_20deci_2m_UTC+0900_DST0_20190703_034051.825\seg_001.png,1,1,2,0,,
pohang,1khz_50ns_20deci_2m_UTC+0900_DST0_20190703_034051.825.tdms,0004_1khz_50ns_20deci_2m_UTC+0900_DST0_20190703_034051.825\seg_002.png,2,2,3,0,,
pohang,1khz_50ns_20deci_2m_UTC+0900_DST0_20190703_034051.825.tdms,0004_1khz_50ns_20deci_2m_UTC+0900_DST0_20190703_034051.825\seg_003.png,3,3,4,0,,
pohang,1khz_50ns_20deci_2m_UTC+0900_DST0_20190703_034051.825.tdms,0004_1khz_50ns_20deci_2m_UTC+0900_DST0_20190703_034051.825\seg_004.png,4,4,5,1,,
pohang,1khz_50ns_20deci_2m_UTC+0900_DST0_20190703_034051.825.tdms,0004_1khz_50ns_20deci_2m_UTC+0900_DST0_20190703_034051.825\seg_005.png,5,5,6,1,,
pohang,1khz_50ns_20deci_2m_UTC+0900_DST0_20190703_034051.825.tdms,0004_1khz_50ns_20deci_2m_UTC+0900_DST0_20190703_034051.825\seg_006.png,6,6,7,0,,
pohang,1khz_50ns_20deci_2m_UTC+0900_DST0_20190703_034051.825.tdms,0004_1khz_50ns_20deci_2m_UTC+0900_DST0_20190703_034051.825\seg_007.png,7,7,8,0,,
pohang,1khz_50ns_20deci_2m_UTC+0900_DST0_20190703_034051.825.tdms,0004_1khz_50ns_20deci_2m_UTC+0900_DST0_20190703_034051.825\seg_008.png,8,8,9,0,,
pohang,1khz_50ns_20deci_2m_UTC+0900_DST0_20190703_034051.825.tdms,0004_1khz_50ns_20deci_2m_UTC+0900_DST0_20190703_034051.825\seg_009.png,9,9,10,0,,
pohang,1khz_50ns_20deci_2m_UTC+0900_DST0_20190703_034051.825.tdms,0004_1khz_50ns_20deci_2m_UTC+0900_DST0_20190703_034051.825\seg_010.png,10,10,11,0,,
pohang,1khz_50ns_20deci_2m_UTC+0900_DST0_20190703_034051.825.tdms,0004_1khz_50ns_20deci_2m_UTC+0900_DST0_20190703_034051.825\seg_011.png,11,11,12,0,,
pohang,1khz_50ns_20deci_2m_UTC+0900_DST0_20190703_034051.825.tdms,0004_1khz_50ns_20deci_2m_UTC+0900_DST0_20190703_034051.825\seg_012.png,12,12,13,0,,
pohang,1khz_50ns_20deci_2m_UTC+0900_DST0_20190703_034051.825.tdms,0004_1khz_50ns_20deci_2m_UTC+0900_DST0_20190703_034051.825\seg_013.png,13,13,14,0,,
pohang,1khz_50ns_20deci_2m_UTC+0900_DST0_20190703_034051.825.tdms,0004_1khz_50ns_20deci_2m_UTC+0900_DST0_20190703_034051.825\seg_014.png,14,14,15,0,,
pohang,1khz_50ns_20deci_2m_UTC+0900_DST0_20190703_034051.825.tdms,0004_1khz_50ns_20deci_2m_UTC+0900_DST0_20190703_034051.825\seg_015.png,15,15,16,0,,
pohang,1khz_50ns_20deci_2m_UTC+0900_DST0_20190703_034051.825.tdms,0004_1khz_50ns_20deci_2m_UTC+0900_DST0_20190703_034051.825\seg_016.png,16,16,17,0,,
pohang,1khz_50ns_20deci_2m_UTC+0900_DST0_20190703_034051.825.tdms,0004_1khz_50ns_20deci_2m_UTC+0900_DST0_20190703_034051.825\seg_017.png,17,17,18,0,,
pohang,1khz_50ns_20deci_2m_UTC+0900_DST0_20190703_034051.825.tdms,0004_1khz_50ns_20deci_2m_UTC+0900_DST0_20190703_034051.825\seg_018.png,18,18,19,0,,
pohang,1khz_50ns_20deci_2m_UTC+0900_DST0_20190703_034051.825.tdms,0004_1khz_50ns_20deci_2m_UTC+0900_DST0_20190703_034051.825\seg_019.png,19,19,20,0,,
pohang,1khz_50ns_20deci_2m_UTC+0900_DST0_20190703_034051.825.tdms,0004_1khz_50ns_20deci_2m_UTC+0900_DST0_20190703_034051.825\seg_020.png,20,20,21,0,,
pohang,1khz_50ns_20deci_2m_UTC+0900_DST0_20190703_034051.825.tdms,0004_1khz_50ns_20deci_2m_UTC+0900_DST0_20190703_034051.825\seg_021.png,21,21,22,0,,
pohang,1khz_50ns_20deci_2m_UTC+0900_DST0_20190703_034051.825.tdms,0004_1khz_50ns_20deci_2m_UTC+0900_DST0_20190703_034051.825\seg_022.png,22,22,23,0,,
pohang,1khz_50ns_20deci_2m_UTC+0900_DST0_20190703_034051.825.tdms,0004_1khz_50ns_20deci_2m_UTC+0900_DST0_20190703_034051.825\seg_023.png,23,23,24,0,,
pohang,1khz_50ns_20deci_2m_UTC+0900_DST0_20190703_034051.825.tdms,0004_1khz_50ns_20deci_2m_UTC+0900_DST0_20190703_034051.825\seg_024.png,24,24,25,0,,
pohang,1khz_50ns_20deci_2m_UTC+0900_DST0_20190703_034051.825.tdms,0004_1khz_50ns_20deci_2m_UTC+0900_DST0_20190703_034051.825\seg_025.png,25,25,26,0,,
pohang,1khz_50ns_20deci_2m_UTC+0900_DST0_20190703_034051.825.tdms,0004_1khz_50ns_20deci_2m_UTC+0900_DST0_20190703_034051.825\seg_026.png,26,26,27,0,,
pohang,1khz_50ns_20deci_2m_UTC+0900_DST0_20190703_034051.825.tdms,0004_1khz_50ns_20deci_2m_UTC+0900_DST0_20190703_034051.825\seg_027.png,27,27,28,0,,
pohang,1khz_50ns_20deci_2m_UTC+0900_DST0_20190703_034051.825.tdms,0004_1khz_50ns_20deci_2m_UTC+0900_DST0_20190703_034051.825\seg_028.png,28,28,29,0,,
pohang,1khz_50ns_20deci_2m_UTC+0900_DST0_20190703_034051.825.tdms,0004_1khz_50ns_20deci_2m_UTC+0900_DST0_20190703_034051.825\seg_029.png,29,29,30,0,,
pohang,1khz_50ns_20deci_2m_UTC+0900_DST0_20190704_011651.825.tdms,0005_1khz_50ns_20deci_2m_UTC+0900_DST0_20190704_011651.825\seg_000.png,0,0,1,0,,
pohang,1khz_50ns_20deci_2m_UTC+0900_DST0_20190704_011651.825.tdms,0005_1khz_50ns_20deci_2m_UTC+0900_DST0_20190704_011651.825\seg_001.png,1,1,2,0,,
pohang,1khz_50ns_20deci_2m_UTC+0900_DST0_20190704_011651.825.tdms,0005_1khz_50ns_20deci_2m_UTC+0900_DST0_20190704_011651.825\seg_002.png,2,2,3,0,,
pohang,1khz_50ns_20deci_2m_UTC+0900_DST0_20190704_011651.825.tdms,0005_1khz_50ns_20deci_2m_UTC+0900_DST0_20190704_011651.825\seg_003.png,3,3,4,0,,
pohang,1khz_50ns_20deci_2m_UTC+0900_DST0_20190704_011651.825.tdms,0005_1khz_50ns_20deci_2m_UTC+0900_DST0_20190704_011651.825\seg_004.png,4,4,5,0,,
pohang,1khz_50ns_20deci_2m_UTC+0900_DST0_20190704_011651.825.tdms,0005_1khz_50ns_20deci_2m_UTC+0900_DST0_20190704_011651.825\seg_005.png,5,5,6,0,,
pohang,1khz_50ns_20deci_2m_UTC+0900_DST0_20190704_011651.825.tdms,0005_1khz_50ns_20deci_2m_UTC+0900_DST0_20190704_011651.825\seg_006.png,6,6,7,0,,
pohang,1khz_50ns_20deci_2m_UTC+0900_DST0_20190704_011651.825.tdms,0005_1khz_50ns_20deci_2m_UTC+0900_DST0_20190704_011651.825\seg_007.png,7,7,8,0,,
pohang,1khz_50ns_20deci_2m_UTC+0900_DST0_20190704_011651.825.tdms,0005_1khz_50ns_20deci_2m_UTC+0900_DST0_20190704_011651.825\seg_008.png,8,8,9,0,,
pohang,1khz_50ns_20deci_2m_UTC+0900_DST0_20190704_011651.825.tdms,0005_1khz_50ns_20deci_2m_UTC+0900_DST0_20190704_011651.825\seg_009.png,9,9,10,0,,
pohang,1khz_50ns_20deci_2m_UTC+0900_DST0_20190704_011651.825.tdms,0005_1khz_50ns_20deci_2m_UTC+0900_DST0_20190704_011651.825\seg_010.png,10,10,11,0,,
pohang,1khz_50ns_20deci_2m_UTC+0900_DST0_20190704_011651.825.tdms,0005_1khz_50ns_20deci_2m_UTC+0900_DST0_20190704_011651.825\seg_011.png,11,11,12,0,,
pohang,1khz_50ns_20deci_2m_UTC+0900_DST0_20190704_011651.825.tdms,0005_1khz_50ns_20deci_2m_UTC+0900_DST0_20190704_011651.825\seg_012.png,12,12,13,0,,
pohang,1khz_50ns_20deci_2m_UTC+0900_DST0_20190704_011651.825.tdms,0005_1khz_50ns_20deci_2m_UTC+0900_DST0_20190704_011651.825\seg_013.png,13,13,14,0,,
pohang,1khz_50ns_20deci_2m_UTC+0900_DST0_20190704_011651.825.tdms,0005_1khz_50ns_20deci_2m_UTC+0900_DST0_20190704_011651.825\seg_014.png,14,14,15,0,,
pohang,1khz_50ns_20deci_2m_UTC+0900_DST0_20190704_011651.825.tdms,0005_1khz_50ns_20deci_2m_UTC+0900_DST0_20190704_011651.825\seg_015.png,15,15,16,0,,
pohang,1khz_50ns_20deci_2m_UTC+0900_DST0_20190704_011651.825.tdms,0005_1khz_50ns_20deci_2m_UTC+0900_DST0_20190704_011651.825\seg_016.png,16,16,17,0,,
pohang,1khz_50ns_20deci_2m_UTC+0900_DST0_20190704_011651.825.tdms,0005_1khz_50ns_20deci_2m_UTC+0900_DST0_20190704_011651.825\seg_017.png,17,17,18,0,,
pohang,1khz_50ns_20deci_2m_UTC+0900_DST0_20190704_011651.825.tdms,0005_1khz_50ns_20deci_2m_UTC+0900_DST0_20190704_011651.825\seg_018.png,18,18,19,0,,
pohang,1khz_50ns_20deci_2m_UTC+0900_DST0_20190704_011651.825.tdms,0005_1khz_50ns_20deci_2m_UTC+0900_DST0_20190704_011651.825\seg_019.png,19,19,20,0,,
pohang,1khz_50ns_20deci_2m_UTC+0900_DST0_20190704_011651.825.tdms,0005_1khz_50ns_20deci_2m_UTC+0900_DST0_20190704_011651.825\seg_020.png,20,20,21,0,,
pohang,1khz_50ns_20deci_2m_UTC+0900_DST0_20190704_011651.825.tdms,0005_1khz_50ns_20deci_2m_UTC+0900_DST0_20190704_011651.825\seg_021.png,21,21,22,0,,
pohang,1khz_50ns_20deci_2m_UTC+0900_DST0_20190704_011651.825.tdms,0005_1khz_50ns_20deci_2m_UTC+0900_DST0_20190704_011651.825\seg_022.png,22,22,23,1,,
pohang,1khz_50ns_20deci_2m_UTC+0900_DST0_20190704_011651.825.tdms,0005_1khz_50ns_20deci_2m_UTC+0900_DST0_20190704_011651.825\seg_023.png,23,23,24,1,,
pohang,1khz_50ns_20deci_2m_UTC+0900_DST0_20190704_011651.825.tdms,0005_1khz_50ns_20deci_2m_UTC+0900_DST0_20190704_011651.825\seg_024.png,24,24,25,1,,
pohang,1khz_50ns_20deci_2m_UTC+0900_DST0_20190704_011651.825.tdms,0005_1khz_50ns_20deci_2m_UTC+0900_DST0_20190704_011651.825\seg_025.png,25,25,26,1,,
pohang,1khz_50ns_20deci_2m_UTC+0900_DST0_20190704_011651.825.tdms,0005_1khz_50ns_20deci_2m_UTC+0900_DST0_20190704_011651.825\seg_026.png,26,26,27,1,,
pohang,1khz_50ns_20deci_2m_UTC+0900_DST0_20190704_011651.825.tdms,0005_1khz_50ns_20deci_2m_UTC+0900_DST0_20190704_011651.825\seg_027.png,27,27,28,1,,
pohang,1khz_50ns_20deci_2m_UTC+0900_DST0_20190704_011651.825.tdms,0005_1khz_50ns_20deci_2m_UTC+0900_DST0_20190704_011651.825\seg_028.png,28,28,29,1,,
pohang,1khz_50ns_20deci_2m_UTC+0900_DST0_20190704_011651.825.tdms,0005_1khz_50ns_20deci_2m_UTC+0900_DST0_20190704_011651.825\seg_029.png,29,29,30,1,,
pohang,1khz_50ns_20deci_2m_UTC+0900_DST0_20190706_145021.825.tdms,0006_1khz_50ns_20deci_2m_UTC+0900_DST0_20190706_145021.825\seg_000.png,0,0,1,0,,
pohang,1khz_50ns_20deci_2m_UTC+0900_DST0_20190706_145021.825.tdms,0006_1khz_50ns_20deci_2m_UTC+0900_DST0_20190706_145021.825\seg_001.png,1,1,2,0,,
pohang,1khz_50ns_20deci_2m_UTC+0900_DST0_20190706_145021.825.tdms,0006_1khz_50ns_20deci_2m_UTC+0900_DST0_20190706_145021.825\seg_002.png,2,2,3,0,,
pohang,1khz_50ns_20deci_2m_UTC+0900_DST0_20190706_145021.825.tdms,0006_1khz_50ns_20deci_2m_UTC+0900_DST0_20190706_145021.825\seg_003.png,3,3,4,0,,
pohang,1khz_50ns_20deci_2m_UTC+0900_DST0_20190706_145021.825.tdms,0006_1khz_50ns_20deci_2m_UTC+0900_DST0_20190706_145021.825\seg_004.png,4,4,5,0,,
pohang,1khz_50ns_20deci_2m_UTC+0900_DST0_20190706_145021.825.tdms,0006_1khz_50ns_20deci_2m_UTC+0900_DST0_20190706_145021.825\seg_005.png,5,5,6,0,,
pohang,1khz_50ns_20deci_2m_UTC+0900_DST0_20190706_145021.825.tdms,0006_1khz_50ns_20deci_2m_UTC+0900_DST0_20190706_145021.825\seg_006.png,6,6,7,0,,
pohang,1khz_50ns_20deci_2m_UTC+0900_DST0_20190706_145021.825.tdms,0006_1khz_50ns_20deci_2m_UTC+0900_DST0_20190706_145021.825\seg_007.png,7,7,8,0,,
pohang,1khz_50ns_20deci_2m_UTC+0900_DST0_20190706_145021.825.tdms,0006_1khz_50ns_20deci_2m_UTC+0900_DST0_20190706_145021.825\seg_008.png,8,8,9,0,,
pohang,1khz_50ns_20deci_2m_UTC+0900_DST0_20190706_145021.825.tdms,0006_1khz_50ns_20deci_2m_UTC+0900_DST0_20190706_145021.825\seg_009.png,9,9,10,0,,
pohang,1khz_50ns_20deci_2m_UTC+0900_DST0_20190706_145021.825.tdms,0006_1khz_50ns_20deci_2m_UTC+0900_DST0_20190706_145021.825\seg_010.png,10,10,11,0,,
pohang,1khz_50ns_20deci_2m_UTC+0900_DST0_20190706_145021.825.tdms,0006_1khz_50ns_20deci_2m_UTC+0900_DST0_20190706_145021.825\seg_011.png,11,11,12,0,,
pohang,1khz_50ns_20deci_2m_UTC+0900_DST0_20190706_145021.825.tdms,0006_1khz_50ns_20deci_2m_UTC+0900_DST0_20190706_145021.825\seg_012.png,12,12,13,0,,
pohang,1khz_50ns_20deci_2m_UTC+0900_DST0_20190706_145021.825.tdms,0006_1khz_50ns_20deci_2m_UTC+0900_DST0_20190706_145021.825\seg_013.png,13,13,14,0,,
pohang,1khz_50ns_20deci_2m_UTC+0900_DST0_20190706_145021.825.tdms,0006_1khz_50ns_20deci_2m_UTC+0900_DST0_20190706_145021.825\seg_014.png,14,14,15,0,,
pohang,1khz_50ns_20deci_2m_UTC+0900_DST0_20190706_145021.825.tdms,0006_1khz_50ns_20deci_2m_UTC+0900_DST0_20190706_145021.825\seg_015.png,15,15,16,0,,
pohang,1khz_50ns_20deci_2m_UTC+0900_DST0_20190706_145021.825.tdms,0006_1khz_50ns_20deci_2m_UTC+0900_DST0_20190706_145021.825\seg_016.png,16,16,17,0,,
pohang,1khz_50ns_20deci_2m_UTC+0900_DST0_20190706_145021.825.tdms,0006_1khz_50ns_20deci_2m_UTC+0900_DST0_20190706_145021.825\seg_017.png,17,17,18,0,,
pohang,1khz_50ns_20deci_2m_UTC+0900_DST0_20190706_145021.825.tdms,0006_1khz_50ns_20deci_2m_UTC+0900_DST0_20190706_145021.825\seg_018.png,18,18,19,0,,
pohang,1khz_50ns_20deci_2m_UTC+0900_DST0_20190706_145021.825.tdms,0006_1khz_50ns_20deci_2m_UTC+0900_DST0_20190706_145021.825\seg_019.png,19,19,20,0,,
pohang,1khz_50ns_20deci_2m_UTC+0900_DST0_20190706_145021.825.tdms,0006_1khz_50ns_20deci_2m_UTC+0900_DST0_20190706_145021.825\seg_020.png,20,20,21,0,,
pohang,1khz_50ns_20deci_2m_UTC+0900_DST0_20190706_145021.825.tdms,0006_1khz_50ns_20deci_2m_UTC+0900_DST0_20190706_145021.825\seg_021.png,21,21,22,0,,
pohang,1khz_50ns_20deci_2m_UTC+0900_DST0_20190706_145021.825.tdms,0006_1khz_50ns_20deci_2m_UTC+0900_DST0_20190706_145021.825\seg_022.png,22,22,23,1,,
pohang,1khz_50ns_20deci_2m_UTC+0900_DST0_20190706_145021.825.tdms,0006_1khz_50ns_20deci_2m_UTC+0900_DST0_20190706_145021.825\seg_023.png,23,23,24,1,,
pohang,1khz_50ns_20deci_2m_UTC+0900_DST0_20190706_145021.825.tdms,0006_1khz_50ns_20deci_2m_UTC+0900_DST0_20190706_145021.825\seg_024.png,24,24,25,1,,
pohang,1khz_50ns_20deci_2m_UTC+0900_DST0_20190706_145021.825.tdms,0006_1khz_50ns_20deci_2m_UTC+0900_DST0_20190706_145021.825\seg_025.png,25,25,26,1,,
pohang,1khz_50ns_20deci_2m_UTC+0900_DST0_20190706_145021.825.tdms,0006_1khz_50ns_20deci_2m_UTC+0900_DST0_20190706_145021.825\seg_026.png,26,26,27,1,,
pohang,1khz_50ns_20deci_2m_UTC+0900_DST0_20190706_145021.825.tdms,0006_1khz_50ns_20deci_2m_UTC+0900_DST0_20190706_145021.825\seg_027.png,27,27,28,1,,
pohang,1khz_50ns_20deci_2m_UTC+0900_DST0_20190706_145021.825.tdms,0006_1khz_50ns_20deci_2m_UTC+0900_DST0_20190706_145021.825\seg_028.png,28,28,29,1,,
pohang,1khz_50ns_20deci_2m_UTC+0900_DST0_20190706_145021.825.tdms,0006_1khz_50ns_20deci_2m_UTC+0900_DST0_20190706_145021.825\seg_029.png,29,29,30,1,,
pohang,1khz_50ns_20deci_2m_UTC+0900_DST0_20190708_083251.825.tdms,0007_1khz_50ns_20deci_2m_UTC+0900_DST0_20190708_083251.825\seg_000.png,0,0,1,0,,
pohang,1khz_50ns_20deci_2m_UTC+0900_DST0_20190708_083251.825.tdms,0007_1khz_50ns_20deci_2m_UTC+0900_DST0_20190708_083251.825\seg_001.png,1,1,2,0,,
pohang,1khz_50ns_20deci_2m_UTC+0900_DST0_20190708_083251.825.tdms,0007_1khz_50ns_20deci_2m_UTC+0900_DST0_20190708_083251.825\seg_002.png,2,2,3,0,,
pohang,1khz_50ns_20deci_2m_UTC+0900_DST0_20190708_083251.825.tdms,0007_1khz_50ns_20deci_2m_UTC+0900_DST0_20190708_083251.825\seg_003.png,3,3,4,0,,
pohang,1khz_50ns_20deci_2m_UTC+0900_DST0_20190708_083251.825.tdms,0007_1khz_50ns_20deci_2m_UTC+0900_DST0_20190708_083251.825\seg_004.png,4,4,5,0,,
pohang,1khz_50ns_20deci_2m_UTC+0900_DST0_20190708_083251.825.tdms,0007_1khz_50ns_20deci_2m_UTC+0900_DST0_20190708_083251.825\seg_005.png,5,5,6,0,,
pohang,1khz_50ns_20deci_2m_UTC+0900_DST0_20190708_083251.825.tdms,0007_1khz_50ns_20deci_2m_UTC+0900_DST0_20190708_083251.825\seg_006.png,6,6,7,0,,
pohang,1khz_50ns_20deci_2m_UTC+0900_DST0_20190708_083251.825.tdms,0007_1khz_50ns_20deci_2m_UTC+0900_DST0_20190708_083251.825\seg_007.png,7,7,8,0,,
pohang,1khz_50ns_20deci_2m_UTC+0900_DST0_20190708_083251.825.tdms,0007_1khz_50ns_20deci_2m_UTC+0900_DST0_20190708_083251.825\seg_008.png,8,8,9,0,,
pohang,1khz_50ns_20deci_2m_UTC+0900_DST0_20190708_083251.825.tdms,0007_1khz_50ns_20deci_2m_UTC+0900_DST0_20190708_083251.825\seg_009.png,9,9,10,0,,
pohang,1khz_50ns_20deci_2m_UTC+0900_DST0_20190708_083251.825.tdms,0007_1khz_50ns_20deci_2m_UTC+0900_DST0_20190708_083251.825\seg_010.png,10,10,11,0,,
pohang,1khz_50ns_20deci_2m_UTC+0900_DST0_20190708_083251.825.tdms,0007_1khz_50ns_20deci_2m_UTC+0900_DST0_20190708_083251.825\seg_011.png,11,11,12,0,,
pohang,1khz_50ns_20deci_2m_UTC+0900_DST0_20190708_083251.825.tdms,0007_1khz_50ns_20deci_2m_UTC+0900_DST0_20190708_083251.825\seg_012.png,12,12,13,0,,
pohang,1khz_50ns_20deci_2m_UTC+0900_DST0_20190708_083251.825.tdms,0007_1khz_50ns_20deci_2m_UTC+0900_DST0_20190708_083251.825\seg_013.png,13,13,14,0,,
pohang,1khz_50ns_20deci_2m_UTC+0900_DST0_20190708_083251.825.tdms,0007_1khz_50ns_20deci_2m_UTC+0900_DST0_20190708_083251.825\seg_014.png,14,14,15,0,,
pohang,1khz_50ns_20deci_2m_UTC+0900_DST0_20190708_083251.825.tdms,0007_1khz_50ns_20deci_2m_UTC+0900_DST0_20190708_083251.825\seg_015.png,15,15,16,0,,
pohang,1khz_50ns_20deci_2m_UTC+0900_DST0_20190708_083251.825.tdms,0007_1khz_50ns_20deci_2m_UTC+0900_DST0_20190708_083251.825\seg_016.png,16,16,17,0,,
pohang,1khz_50ns_20deci_2m_UTC+0900_DST0_20190708_083251.825.tdms,0007_1khz_50ns_20deci_2m_UTC+0900_DST0_20190708_083251.825\seg_017.png,17,17,18,0,,
pohang,1khz_50ns_20deci_2m_UTC+0900_DST0_20190708_083251.825.tdms,0007_1khz_50ns_20deci_2m_UTC+0900_DST0_20190708_083251.825\seg_018.png,18,18,19,0,,
pohang,1khz_50ns_20deci_2m_UTC+0900_DST0_20190708_083251.825.tdms,0007_1khz_50ns_20deci_2m_UTC+0900_DST0_20190708_083251.825\seg_019.png,19,19,20,0,,
pohang,1khz_50ns_20deci_2m_UTC+0900_DST0_20190708_083251.825.tdms,0007_1khz_50ns_20deci_2m_UTC+0900_DST0_20190708_083251.825\seg_020.png,20,20,21,0,,
pohang,1khz_50ns_20deci_2m_UTC+0900_DST0_20190708_083251.825.tdms,0007_1khz_50ns_20deci_2m_UTC+0900_DST0_20190708_083251.825\seg_021.png,21,21,22,0,,
pohang,1khz_50ns_20deci_2m_UTC+0900_DST0_20190708_083251.825.tdms,0007_1khz_50ns_20deci_2m_UTC+0900_DST0_20190708_083251.825\seg_022.png,22,22,23,0,,
pohang,1khz_50ns_20deci_2m_UTC+0900_DST0_20190708_083251.825.tdms,0007_1khz_50ns_20deci_2m_UTC+0900_DST0_20190708_083251.825\seg_023.png,23,23,24,0,,
pohang,1khz_50ns_20deci_2m_UTC+0900_DST0_20190708_083251.825.tdms,0007_1khz_50ns_20deci_2m_UTC+0900_DST0_20190708_083251.825\seg_024.png,24,24,25,0,,
pohang,1khz_50ns_20deci_2m_UTC+0900_DST0_20190708_083251.825.tdms,0007_1khz_50ns_20deci_2m_UTC+0900_DST0_20190708_083251.825\seg_025.png,25,25,26,0,,
pohang,1khz_50ns_20deci_2m_UTC+0900_DST0_20190708_083251.825.tdms,0007_1khz_50ns_20deci_2m_UTC+0900_DST0_20190708_083251.825\seg_026.png,26,26,27,0,,
pohang,1khz_50ns_20deci_2m_UTC+0900_DST0_20190708_083251.825.tdms,0007_1khz_50ns_20deci_2m_UTC+0900_DST0_20190708_083251.825\seg_027.png,27,27,28,0,,
pohang,1khz_50ns_20deci_2m_UTC+0900_DST0_20190708_083251.825.tdms,0007_1khz_50ns_20deci_2m_UTC+0900_DST0_20190708_083251.825\seg_028.png,28,28,29,0,,
pohang,1khz_50ns_20deci_2m_UTC+0900_DST0_20190708_083251.825.tdms,0007_1khz_50ns_20deci_2m_UTC+0900_DST0_20190708_083251.825\seg_029.png,29,29,30,0,,
pohang,1khz_50ns_20deci_2m_UTC+0900_DST0_20190708_083251.825.tdms,0008_1khz_50ns_20deci_2m_UTC+0900_DST0_20190708_083251.825\seg_000.png,0,0,1,0,,
pohang,1khz_50ns_20deci_2m_UTC+0900_DST0_20190708_083251.825.tdms,0008_1khz_50ns_20deci_2m_UTC+0900_DST0_20190708_083251.825\seg_001.png,1,1,2,0,,
pohang,1khz_50ns_20deci_2m_UTC+0900_DST0_20190708_083251.825.tdms,0008_1khz_50ns_20deci_2m_UTC+0900_DST0_20190708_083251.825\seg_002.png,2,2,3,0,,
pohang,1khz_50ns_20deci_2m_UTC+0900_DST0_20190708_083251.825.tdms,0008_1khz_50ns_20deci_2m_UTC+0900_DST0_20190708_083251.825\seg_003.png,3,3,4,0,,
pohang,1khz_50ns_20deci_2m_UTC+0900_DST0_20190708_083251.825.tdms,0008_1khz_50ns_20deci_2m_UTC+0900_DST0_20190708_083251.825\seg_004.png,4,4,5,0,,
pohang,1khz_50ns_20deci_2m_UTC+0900_DST0_20190708_083251.825.tdms,0008_1khz_50ns_20deci_2m_UTC+0900_DST0_20190708_083251.825\seg_005.png,5,5,6,0,,
pohang,1khz_50ns_20deci_2m_UTC+0900_DST0_20190708_083251.825.tdms,0008_1khz_50ns_20deci_2m_UTC+0900_DST0_20190708_083251.825\seg_006.png,6,6,7,0,,
pohang,1khz_50ns_20deci_2m_UTC+0900_DST0_20190708_083251.825.tdms,0008_1khz_50ns_20deci_2m_UTC+0900_DST0_20190708_083251.825\seg_007.png,7,7,8,0,,
pohang,1khz_50ns_20deci_2m_UTC+0900_DST0_20190708_083251.825.tdms,0008_1khz_50ns_20deci_2m_UTC+0900_DST0_20190708_083251.825\seg_008.png,8,8,9,0,,
pohang,1khz_50ns_20deci_2m_UTC+0900_DST0_20190708_083251.825.tdms,0008_1khz_50ns_20deci_2m_UTC+0900_DST0_20190708_083251.825\seg_009.png,9,9,10,0,,
pohang,1khz_50ns_20deci_2m_UTC+0900_DST0_20190708_083251.825.tdms,0008_1khz_50ns_20deci_2m_UTC+0900_DST0_20190708_083251.825\seg_010.png,10,10,11,0,,
pohang,1khz_50ns_20deci_2m_UTC+0900_DST0_20190708_083251.825.tdms,0008_1khz_50ns_20deci_2m_UTC+0900_DST0_20190708_083251.825\seg_011.png,11,11,12,0,,
pohang,1khz_50ns_20deci_2m_UTC+0900_DST0_20190708_083251.825.tdms,0008_1khz_50ns_20deci_2m_UTC+0900_DST0_20190708_083251.825\seg_012.png,12,12,13,0,,
pohang,1khz_50ns_20deci_2m_UTC+0900_DST0_20190708_083251.825.tdms,0008_1khz_50ns_20deci_2m_UTC+0900_DST0_20190708_083251.825\seg_013.png,13,13,14,0,,
pohang,1khz_50ns_20deci_2m_UTC+0900_DST0_20190708_083251.825.tdms,0008_1khz_50ns_20deci_2m_UTC+0900_DST0_20190708_083251.825\seg_014.png,14,14,15,0,,
pohang,1khz_50ns_20deci_2m_UTC+0900_DST0_20190708_083251.825.tdms,0008_1khz_50ns_20deci_2m_UTC+0900_DST0_20190708_083251.825\seg_015.png,15,15,16,0,,
pohang,1khz_50ns_20deci_2m_UTC+0900_DST0_20190708_083251.825.tdms,0008_1khz_50ns_20deci_2m_UTC+0900_DST0_20190708_083251.825\seg_016.png,16,16,17,0,,
pohang,1khz_50ns_20deci_2m_UTC+0900_DST0_20190708_083251.825.tdms,0008_1khz_50ns_20deci_2m_UTC+0900_DST0_20190708_083251.825\seg_017.png,17,17,18,0,,
pohang,1khz_50ns_20deci_2m_UTC+0900_DST0_20190708_083251.825.tdms,0008_1khz_50ns_20deci_2m_UTC+0900_DST0_20190708_083251.825\seg_018.png,18,18,19,0,,
pohang,1khz_50ns_20deci_2m_UTC+0900_DST0_20190708_083251.825.tdms,0008_1khz_50ns_20deci_2m_UTC+0900_DST0_20190708_083251.825\seg_019.png,19,19,20,0,,
pohang,1khz_50ns_20deci_2m_UTC+0900_DST0_20190708_083251.825.tdms,0008_1khz_50ns_20deci_2m_UTC+0900_DST0_20190708_083251.825\seg_020.png,20,20,21,0,,
pohang,1khz_50ns_20deci_2m_UTC+0900_DST0_20190708_083251.825.tdms,0008_1khz_50ns_20deci_2m_UTC+0900_DST0_20190708_083251.825\seg_021.png,21,21,22,0,,
pohang,1khz_50ns_20deci_2m_UTC+0900_DST0_20190708_083251.825.tdms,0008_1khz_50ns_20deci_2m_UTC+0900_DST0_20190708_083251.825\seg_022.png,22,22,23,0,,
pohang,1khz_50ns_20deci_2m_UTC+0900_DST0_20190708_083251.825.tdms,0008_1khz_50ns_20deci_2m_UTC+0900_DST0_20190708_083251.825\seg_023.png,23,23,24,0,,
pohang,1khz_50ns_20deci_2m_UTC+0900_DST0_20190708_083251.825.tdms,0008_1khz_50ns_20deci_2m_UTC+0900_DST0_20190708_083251.825\seg_024.png,24,24,25,0,,
pohang,1khz_50ns_20deci_2m_UTC+0900_DST0_20190708_083251.825.tdms,0008_1khz_50ns_20deci_2m_UTC+0900_DST0_20190708_083251.825\seg_025.png,25,25,26,0,,
pohang,1khz_50ns_20deci_2m_UTC+0900_DST0_20190708_083251.825.tdms,0008_1khz_50ns_20deci_2m_UTC+0900_DST0_20190708_083251.825\seg_026.png,26,26,27,0,,
pohang,1khz_50ns_20deci_2m_UTC+0900_DST0_20190708_083251.825.tdms,0008_1khz_50ns_20deci_2m_UTC+0900_DST0_20190708_083251.825\seg_027.png,27,27,28,0,,
pohang,1khz_50ns_20deci_2m_UTC+0900_DST0_20190708_083251.825.tdms,0008_1khz_50ns_20deci_2m_UTC+0900_DST0_20190708_083251.825\seg_028.png,28,28,29,0,,
pohang,1khz_50ns_20deci_2m_UTC+0900_DST0_20190708_083251.825.tdms,0008_1khz_50ns_20deci_2m_UTC+0900_DST0_20190708_083251.825\seg_029.png,29,29,30,0,,
pohang,1khz_50ns_20deci_2m_UTC_20190712_110659.996.tdms,0009_1khz_50ns_20deci_2m_UTC_20190712_110659.996\seg_000.png,0,0,1,0,,
pohang,1khz_50ns_20deci_2m_UTC_20190712_110659.996.tdms,0009_1khz_50ns_20deci_2m_UTC_20190712_110659.996\seg_001.png,1,1,2,0,,
pohang,1khz_50ns_20deci_2m_UTC_20190712_110659.996.tdms,0009_1khz_50ns_20deci_2m_UTC_20190712_110659.996\seg_002.png,2,2,3,0,,
pohang,1khz_50ns_20deci_2m_UTC_20190712_110659.996.tdms,0009_1khz_50ns_20deci_2m_UTC_20190712_110659.996\seg_003.png,3,3,4,0,,
pohang,1khz_50ns_20deci_2m_UTC_20190712_110659.996.tdms,0009_1khz_50ns_20deci_2m_UTC_20190712_110659.996\seg_004.png,4,4,5,0,,
pohang,1khz_50ns_20deci_2m_UTC_20190712_110659.996.tdms,0009_1khz_50ns_20deci_2m_UTC_20190712_110659.996\seg_005.png,5,5,6,0,,
pohang,1khz_50ns_20deci_2m_UTC_20190712_110659.996.tdms,0009_1khz_50ns_20deci_2m_UTC_20190712_110659.996\seg_006.png,6,6,7,0,,
pohang,1khz_50ns_20deci_2m_UTC_20190712_110659.996.tdms,0009_1khz_50ns_20deci_2m_UTC_20190712_110659.996\seg_007.png,7,7,8,0,,
pohang,1khz_50ns_20deci_2m_UTC_20190712_110659.996.tdms,0009_1khz_50ns_20deci_2m_UTC_20190712_110659.996\seg_008.png,8,8,9,0,,
pohang,1khz_50ns_20deci_2m_UTC_20190712_110659.996.tdms,0009_1khz_50ns_20deci_2m_UTC_20190712_110659.996\seg_009.png,9,9,10,0,,
pohang,1khz_50ns_20deci_2m_UTC_20190712_110659.996.tdms,0009_1khz_50ns_20deci_2m_UTC_20190712_110659.996\seg_010.png,10,10,11,0,,
pohang,1khz_50ns_20deci_2m_UTC_20190712_110659.996.tdms,0009_1khz_50ns_20deci_2m_UTC_20190712_110659.996\seg_011.png,11,11,12,0,,
pohang,1khz_50ns_20deci_2m_UTC_20190712_110659.996.tdms,0009_1khz_50ns_20deci_2m_UTC_20190712_110659.996\seg_012.png,12,12,13,1,,
pohang,1khz_50ns_20deci_2m_UTC_20190712_110659.996.tdms,0009_1khz_50ns_20deci_2m_UTC_20190712_110659.996\seg_013.png,13,13,14,1,,
pohang,1khz_50ns_20deci_2m_UTC_20190712_110659.996.tdms,0009_1khz_50ns_20deci_2m_UTC_20190712_110659.996\seg_014.png,14,14,15,1,,
pohang,1khz_50ns_20deci_2m_UTC_20190712_110659.996.tdms,0009_1khz_50ns_20deci_2m_UTC_20190712_110659.996\seg_015.png,15,15,16,1,,
pohang,1khz_50ns_20deci_2m_UTC_20190712_110659.996.tdms,0009_1khz_50ns_20deci_2m_UTC_20190712_110659.996\seg_016.png,16,16,17,1,,
pohang,1khz_50ns_20deci_2m_UTC_20190712_110659.996.tdms,0009_1khz_50ns_20deci_2m_UTC_20190712_110659.996\seg_017.png,17,17,18,1,,
pohang,1khz_50ns_20deci_2m_UTC_20190712_110659.996.tdms,0009_1khz_50ns_20deci_2m_UTC_20190712_110659.996\seg_018.png,18,18,19,1,,
pohang,1khz_50ns_20deci_2m_UTC_20190712_110659.996.tdms,0009_1khz_50ns_20deci_2m_UTC_20190712_110659.996\seg_019.png,19,19,20,1,,
pohang,1khz_50ns_20deci_2m_UTC_20190712_110659.996.tdms,0009_1khz_50ns_20deci_2m_UTC_20190712_110659.996\seg_020.png,20,20,21,0,,
pohang,1khz_50ns_20deci_2m_UTC_20190712_110659.996.tdms,0009_1khz_50ns_20deci_2m_UTC_20190712_110659.996\seg_021.png,21,21,22,0,,
pohang,1khz_50ns_20deci_2m_UTC_20190712_110659.996.tdms,0009_1khz_50ns_20deci_2m_UTC_20190712_110659.996\seg_022.png,22,22,23,0,,
pohang,1khz_50ns_20deci_2m_UTC_20190712_110659.996.tdms,0009_1khz_50ns_20deci_2m_UTC_20190712_110659.996\seg_023.png,23,23,24,0,,
pohang,1khz_50ns_20deci_2m_UTC_20190712_110659.996.tdms,0009_1khz_50ns_20deci_2m_UTC_20190712_110659.996\seg_024.png,24,24,25,0,,
pohang,1khz_50ns_20deci_2m_UTC_20190712_110659.996.tdms,0009_1khz_50ns_20deci_2m_UTC_20190712_110659.996\seg_025.png,25,25,26,0,,
pohang,1khz_50ns_20deci_2m_UTC_20190712_110659.996.tdms,0009_1khz_50ns_20deci_2m_UTC_20190712_110659.996\seg_026.png,26,26,27,0,,
pohang,1khz_50ns_20deci_2m_UTC_20190712_110659.996.tdms,0009_1khz_50ns_20deci_2m_UTC_20190712_110659.996\seg_027.png,27,27,28,0,,
pohang,1khz_50ns_20deci_2m_UTC_20190712_110659.996.tdms,0009_1khz_50ns_20deci_2m_UTC_20190712_110659.996\seg_028.png,28,28,29,0,,
pohang,1khz_50ns_20deci_2m_UTC_20190712_110659.996.tdms,0009_1khz_50ns_20deci_2m_UTC_20190712_110659.996\seg_029.png,29,29,30,0,,
pohang,1khz_50ns_20deci_2m_UTC_20190714_022059.956.tdms,0010_1khz_50ns_20deci_2m_UTC_20190714_022059.956\seg_000.png,0,0,1,0,,
pohang,1khz_50ns_20deci_2m_UTC_20190714_022059.956.tdms,0010_1khz_50ns_20deci_2m_UTC_20190714_022059.956\seg_001.png,1,1,2,0,,
pohang,1khz_50ns_20deci_2m_UTC_20190714_022059.956.tdms,0010_1khz_50ns_20deci_2m_UTC_20190714_022059.956\seg_002.png,2,2,3,0,,
pohang,1khz_50ns_20deci_2m_UTC_20190714_022059.956.tdms,0010_1khz_50ns_20deci_2m_UTC_20190714_022059.956\seg_003.png,3,3,4,0,,
pohang,1khz_50ns_20deci_2m_UTC_20190714_022059.956.tdms,0010_1khz_50ns_20deci_2m_UTC_20190714_022059.956\seg_004.png,4,4,5,0,,
pohang,1khz_50ns_20deci_2m_UTC_20190714_022059.956.tdms,0010_1khz_50ns_20deci_2m_UTC_20190714_022059.956\seg_005.png,5,5,6,0,,
pohang,1khz_50ns_20deci_2m_UTC_20190714_022059.956.tdms,0010_1khz_50ns_20deci_2m_UTC_20190714_022059.956\seg_006.png,6,6,7,0,,
pohang,1khz_50ns_20deci_2m_UTC_20190714_022059.956.tdms,0010_1khz_50ns_20deci_2m_UTC_20190714_022059.956\seg_007.png,7,7,8,0,,
pohang,1khz_50ns_20deci_2m_UTC_20190714_022059.956.tdms,0010_1khz_50ns_20deci_2m_UTC_20190714_022059.956\seg_008.png,8,8,9,0,,
pohang,1khz_50ns_20deci_2m_UTC_20190714_022059.956.tdms,0010_1khz_50ns_20deci_2m_UTC_20190714_022059.956\seg_009.png,9,9,10,0,,
pohang,1khz_50ns_20deci_2m_UTC_20190714_022059.956.tdms,0010_1khz_50ns_20deci_2m_UTC_20190714_022059.956\seg_010.png,10,10,11,0,,
pohang,1khz_50ns_20deci_2m_UTC_20190714_022059.956.tdms,0010_1khz_50ns_20deci_2m_UTC_20190714_022059.956\seg_011.png,11,11,12,0,,
pohang,1khz_50ns_20deci_2m_UTC_20190714_022059.956.tdms,0010_1khz_50ns_20deci_2m_UTC_20190714_022059.956\seg_012.png,12,12,13,0,,
pohang,1khz_50ns_20deci_2m_UTC_20190714_022059.956.tdms,0010_1khz_50ns_20deci_2m_UTC_20190714_022059.956\seg_013.png,13,13,14,0,,
pohang,1khz_50ns_20deci_2m_UTC_20190714_022059.956.tdms,0010_1khz_50ns_20deci_2m_UTC_20190714_022059.956\seg_014.png,14,14,15,0,,
pohang,1khz_50ns_20deci_2m_UTC_20190714_022059.956.tdms,0010_1khz_50ns_20deci_2m_UTC_20190714_022059.956\seg_015.png,15,15,16,0,,
pohang,1khz_50ns_20deci_2m_UTC_20190714_022059.956.tdms,0010_1khz_50ns_20deci_2m_UTC_20190714_022059.956\seg_016.png,16,16,17,0,,
pohang,1khz_50ns_20deci_2m_UTC_20190714_022059.956.tdms,0010_1khz_50ns_20deci_2m_UTC_20190714_022059.956\seg_017.png,17,17,18,1,,
pohang,1khz_50ns_20deci_2m_UTC_20190714_022059.956.tdms,0010_1khz_50ns_20deci_2m_UTC_20190714_022059.956\seg_018.png,18,18,19,1,,
pohang,1khz_50ns_20deci_2m_UTC_20190714_022059.956.tdms,0010_1khz_50ns_20deci_2m_UTC_20190714_022059.956\seg_019.png,19,19,20,1,,
pohang,1khz_50ns_20deci_2m_UTC_20190714_022059.956.tdms,0010_1khz_50ns_20deci_2m_UTC_20190714_022059.956\seg_020.png,20,20,21,1,,
pohang,1khz_50ns_20deci_2m_UTC_20190714_022059.956.tdms,0010_1khz_50ns_20deci_2m_UTC_20190714_022059.956\seg_021.png,21,21,22,1,,
pohang,1khz_50ns_20deci_2m_UTC_20190714_022059.956.tdms,0010_1khz_50ns_20deci_2m_UTC_20190714_022059.956\seg_022.png,22,22,23,1,,
pohang,1khz_50ns_20deci_2m_UTC_20190714_022059.956.tdms,0010_1khz_50ns_20deci_2m_UTC_20190714_022059.956\seg_023.png,23,23,24,1,,
pohang,1khz_50ns_20deci_2m_UTC_20190714_022059.956.tdms,0010_1khz_50ns_20deci_2m_UTC_20190714_022059.956\seg_024.png,24,24,25,1,,
pohang,1khz_50ns_20deci_2m_UTC_20190714_022059.956.tdms,0010_1khz_50ns_20deci_2m_UTC_20190714_022059.956\seg_025.png,25,25,26,1,,
pohang,1khz_50ns_20deci_2m_UTC_20190714_022059.956.tdms,0010_1khz_50ns_20deci_2m_UTC_20190714_022059.956\seg_026.png,26,26,27,1,,
pohang,1khz_50ns_20deci_2m_UTC_20190714_022059.956.tdms,0010_1khz_50ns_20deci_2m_UTC_20190714_022059.956\seg_027.png,27,27,28,0,,
pohang,1khz_50ns_20deci_2m_UTC_20190714_022059.956.tdms,0010_1khz_50ns_20deci_2m_UTC_20190714_022059.956\seg_028.png,28,28,29,0,,
pohang,1khz_50ns_20deci_2m_UTC_20190714_022059.956.tdms,0010_1khz_50ns_20deci_2m_UTC_20190714_022059.956\seg_029.png,29,29,30,0,,
pohang,1khz_50ns_20deci_2m_UTC_20190714_065129.951.tdms,0011_1khz_50ns_20deci_2m_UTC_20190714_065129.951\seg_000.png,0,0,1,0,,
pohang,1khz_50ns_20deci_2m_UTC_20190714_065129.951.tdms,0011_1khz_50ns_20deci_2m_UTC_20190714_065129.951\seg_001.png,1,1,2,0,,
pohang,1khz_50ns_20deci_2m_UTC_20190714_065129.951.tdms,0011_1khz_50ns_20deci_2m_UTC_20190714_065129.951\seg_002.png,2,2,3,0,,
pohang,1khz_50ns_20deci_2m_UTC_20190714_065129.951.tdms,0011_1khz_50ns_20deci_2m_UTC_20190714_065129.951\seg_003.png,3,3,4,0,,
pohang,1khz_50ns_20deci_2m_UTC_20190714_065129.951.tdms,0011_1khz_50ns_20deci_2m_UTC_20190714_065129.951\seg_004.png,4,4,5,0,,
pohang,1khz_50ns_20deci_2m_UTC_20190714_065129.951.tdms,0011_1khz_50ns_20deci_2m_UTC_20190714_065129.951\seg_005.png,5,5,6,0,,
pohang,1khz_50ns_20deci_2m_UTC_20190714_065129.951.tdms,0011_1khz_50ns_20deci_2m_UTC_20190714_065129.951\seg_006.png,6,6,7,0,,
pohang,1khz_50ns_20deci_2m_UTC_20190714_065129.951.tdms,0011_1khz_50ns_20deci_2m_UTC_20190714_065129.951\seg_007.png,7,7,8,0,,
pohang,1khz_50ns_20deci_2m_UTC_20190714_065129.951.tdms,0011_1khz_50ns_20deci_2m_UTC_20190714_065129.951\seg_008.png,8,8,9,0,,
pohang,1khz_50ns_20deci_2m_UTC_20190714_065129.951.tdms,0011_1khz_50ns_20deci_2m_UTC_20190714_065129.951\seg_009.png,9,9,10,0,,
pohang,1khz_50ns_20deci_2m_UTC_20190714_065129.951.tdms,0011_1khz_50ns_20deci_2m_UTC_20190714_065129.951\seg_010.png,10,10,11,0,,
pohang,1khz_50ns_20deci_2m_UTC_20190714_065129.951.tdms,0011_1khz_50ns_20deci_2m_UTC_20190714_065129.951\seg_011.png,11,11,12,0,,
pohang,1khz_50ns_20deci_2m_UTC_20190714_065129.951.tdms,0011_1khz_50ns_20deci_2m_UTC_20190714_065129.951\seg_012.png,12,12,13,0,,
pohang,1khz_50ns_20deci_2m_UTC_20190714_065129.951.tdms,0011_1khz_50ns_20deci_2m_UTC_20190714_065129.951\seg_013.png,13,13,14,0,,
pohang,1khz_50ns_20deci_2m_UTC_20190714_065129.951.tdms,0011_1khz_50ns_20deci_2m_UTC_20190714_065129.951\seg_014.png,14,14,15,0,,
pohang,1khz_50ns_20deci_2m_UTC_20190714_065129.951.tdms,0011_1khz_50ns_20deci_2m_UTC_20190714_065129.951\seg_015.png,15,15,16,0,,
pohang,1khz_50ns_20deci_2m_UTC_20190714_065129.951.tdms,0011_1khz_50ns_20deci_2m_UTC_20190714_065129.951\seg_016.png,16,16,17,0,,
pohang,1khz_50ns_20deci_2m_UTC_20190714_065129.951.tdms,0011_1khz_50ns_20deci_2m_UTC_20190714_065129.951\seg_017.png,17,17,18,0,,
pohang,1khz_50ns_20deci_2m_UTC_20190714_065129.951.tdms,0011_1khz_50ns_20deci_2m_UTC_20190714_065129.951\seg_018.png,18,18,19,1,,
pohang,1khz_50ns_20deci_2m_UTC_20190714_065129.951.tdms,0011_1khz_50ns_20deci_2m_UTC_20190714_065129.951\seg_019.png,19,19,20,1,,
pohang,1khz_50ns_20deci_2m_UTC_20190714_065129.951.tdms,0011_1khz_50ns_20deci_2m_UTC_20190714_065129.951\seg_020.png,20,20,21,1,,
pohang,1khz_50ns_20deci_2m_UTC_20190714_065129.951.tdms,0011_1khz_50ns_20deci_2m_UTC_20190714_065129.951\seg_021.png,21,21,22,1,,
pohang,1khz_50ns_20deci_2m_UTC_20190714_065129.951.tdms,0011_1khz_50ns_20deci_2m_UTC_20190714_065129.951\seg_022.png,22,22,23,1,,
pohang,1khz_50ns_20deci_2m_UTC_20190714_065129.951.tdms,0011_1khz_50ns_20deci_2m_UTC_20190714_065129.951\seg_023.png,23,23,24,1,,
pohang,1khz_50ns_20deci_2m_UTC_20190714_065129.951.tdms,0011_1khz_50ns_20deci_2m_UTC_20190714_065129.951\seg_024.png,24,24,25,1,,
pohang,1khz_50ns_20deci_2m_UTC_20190714_065129.951.tdms,0011_1khz_50ns_20deci_2m_UTC_20190714_065129.951\seg_025.png,25,25,26,1,,
pohang,1khz_50ns_20deci_2m_UTC_20190714_065129.951.tdms,0011_1khz_50ns_20deci_2m_UTC_20190714_065129.951\seg_026.png,26,26,27,1,,
pohang,1khz_50ns_20deci_2m_UTC_20190714_065129.951.tdms,0011_1khz_50ns_20deci_2m_UTC_20190714_065129.951\seg_027.png,27,27,28,1,,
pohang,1khz_50ns_20deci_2m_UTC_20190714_065129.951.tdms,0011_1khz_50ns_20deci_2m_UTC_20190714_065129.951\seg_028.png,28,28,29,1,,
pohang,1khz_50ns_20deci_2m_UTC_20190714_065129.951.tdms,0011_1khz_50ns_20deci_2m_UTC_20190714_065129.951\seg_029.png,29,29,30,1,,
pohang,1khz_50ns_20deci_2m_UTC_20190717_140229.870.tdms,0012_1khz_50ns_20deci_2m_UTC_20190717_140229.870\seg_000.png,0,0,1,0,,
pohang,1khz_50ns_20deci_2m_UTC_20190717_140229.870.tdms,0012_1khz_50ns_20deci_2m_UTC_20190717_140229.870\seg_001.png,1,1,2,0,,
pohang,1khz_50ns_20deci_2m_UTC_20190717_140229.870.tdms,0012_1khz_50ns_20deci_2m_UTC_20190717_140229.870\seg_002.png,2,2,3,0,,
pohang,1khz_50ns_20deci_2m_UTC_20190717_140229.870.tdms,0012_1khz_50ns_20deci_2m_UTC_20190717_140229.870\seg_003.png,3,3,4,0,,
pohang,1khz_50ns_20deci_2m_UTC_20190717_140229.870.tdms,0012_1khz_50ns_20deci_2m_UTC_20190717_140229.870\seg_004.png,4,4,5,0,,
pohang,1khz_50ns_20deci_2m_UTC_20190717_140229.870.tdms,0012_1khz_50ns_20deci_2m_UTC_20190717_140229.870\seg_005.png,5,5,6,1,,
pohang,1khz_50ns_20deci_2m_UTC_20190717_140229.870.tdms,0012_1khz_50ns_20deci_2m_UTC_20190717_140229.870\seg_006.png,6,6,7,1,,
pohang,1khz_50ns_20deci_2m_UTC_20190717_140229.870.tdms,0012_1khz_50ns_20deci_2m_UTC_20190717_140229.870\seg_007.png,7,7,8,1,,
pohang,1khz_50ns_20deci_2m_UTC_20190717_140229.870.tdms,0012_1khz_50ns_20deci_2m_UTC_20190717_140229.870\seg_008.png,8,8,9,1,,
pohang,1khz_50ns_20deci_2m_UTC_20190717_140229.870.tdms,0012_1khz_50ns_20deci_2m_UTC_20190717_140229.870\seg_009.png,9,9,10,1,,
pohang,1khz_50ns_20deci_2m_UTC_20190717_140229.870.tdms,0012_1khz_50ns_20deci_2m_UTC_20190717_140229.870\seg_010.png,10,10,11,1,,
pohang,1khz_50ns_20deci_2m_UTC_20190717_140229.870.tdms,0012_1khz_50ns_20deci_2m_UTC_20190717_140229.870\seg_011.png,11,11,12,1,,
pohang,1khz_50ns_20deci_2m_UTC_20190717_140229.870.tdms,0012_1khz_50ns_20deci_2m_UTC_20190717_140229.870\seg_012.png,12,12,13,1,,
pohang,1khz_50ns_20deci_2m_UTC_20190717_140229.870.tdms,0012_1khz_50ns_20deci_2m_UTC_20190717_140229.870\seg_013.png,13,13,14,0,,
pohang,1khz_50ns_20deci_2m_UTC_20190717_140229.870.tdms,0012_1khz_50ns_20deci_2m_UTC_20190717_140229.870\seg_014.png,14,14,15,0,,
pohang,1khz_50ns_20deci_2m_UTC_20190717_140229.870.tdms,0012_1khz_50ns_20deci_2m_UTC_20190717_140229.870\seg_015.png,15,15,16,0,,
pohang,1khz_50ns_20deci_2m_UTC_20190717_140229.870.tdms,0012_1khz_50ns_20deci_2m_UTC_20190717_140229.870\seg_016.png,16,16,17,0,,
pohang,1khz_50ns_20deci_2m_UTC_20190717_140229.870.tdms,0012_1khz_50ns_20deci_2m_UTC_20190717_140229.870\seg_017.png,17,17,18,0,,
pohang,1khz_50ns_20deci_2m_UTC_20190717_140229.870.tdms,0012_1khz_50ns_20deci_2m_UTC_20190717_140229.870\seg_018.png,18,18,19,0,,
pohang,1khz_50ns_20deci_2m_UTC_20190717_140229.870.tdms,0012_1khz_50ns_20deci_2m_UTC_20190717_140229.870\seg_019.png,19,19,20,0,,
pohang,1khz_50ns_20deci_2m_UTC_20190717_140229.870.tdms,0012_1khz_50ns_20deci_2m_UTC_20190717_140229.870\seg_020.png,20,20,21,0,,
pohang,1khz_50ns_20deci_2m_UTC_20190717_140229.870.tdms,0012_1khz_50ns_20deci_2m_UTC_20190717_140229.870\seg_021.png,21,21,22,0,,
pohang,1khz_50ns_20deci_2m_UTC_20190717_140229.870.tdms,0012_1khz_50ns_20deci_2m_UTC_20190717_140229.870\seg_022.png,22,22,23,0,,
pohang,1khz_50ns_20deci_2m_UTC_20190717_140229.870.tdms,0012_1khz_50ns_20deci_2m_UTC_20190717_140229.870\seg_023.png,23,23,24,0,,
pohang,1khz_50ns_20deci_2m_UTC_20190717_140229.870.tdms,0012_1khz_50ns_20deci_2m_UTC_20190717_140229.870\seg_024.png,24,24,25,0,,
pohang,1khz_50ns_20deci_2m_UTC_20190717_140229.870.tdms,0012_1khz_50ns_20deci_2m_UTC_20190717_140229.870\seg_025.png,25,25,26,0,,
pohang,1khz_50ns_20deci_2m_UTC_20190717_140229.870.tdms,0012_1khz_50ns_20deci_2m_UTC_20190717_140229.870\seg_026.png,26,26,27,0,,
pohang,1khz_50ns_20deci_2m_UTC_20190717_140229.870.tdms,0012_1khz_50ns_20deci_2m_UTC_20190717_140229.870\seg_027.png,27,27,28,0,,
pohang,1khz_50ns_20deci_2m_UTC_20190717_140229.870.tdms,0012_1khz_50ns_20deci_2m_UTC_20190717_140229.870\seg_028.png,28,28,29,0,,
pohang,1khz_50ns_20deci_2m_UTC_20190717_140229.870.tdms,0012_1khz_50ns_20deci_2m_UTC_20190717_140229.870\seg_029.png,29,29,30,0,,
pohang,1khz_50ns_20deci_2m_UTC_20190721_020429.783.tdms,0013_1khz_50ns_20deci_2m_UTC_20190721_020429.783\seg_000.png,0,0,1,0,,
pohang,1khz_50ns_20deci_2m_UTC_20190721_020429.783.tdms,0013_1khz_50ns_20deci_2m_UTC_20190721_020429.783\seg_001.png,1,1,2,0,,
pohang,1khz_50ns_20deci_2m_UTC_20190721_020429.783.tdms,0013_1khz_50ns_20deci_2m_UTC_20190721_020429.783\seg_002.png,2,2,3,0,,
pohang,1khz_50ns_20deci_2m_UTC_20190721_020429.783.tdms,0013_1khz_50ns_20deci_2m_UTC_20190721_020429.783\seg_003.png,3,3,4,0,,
pohang,1khz_50ns_20deci_2m_UTC_20190721_020429.783.tdms,0013_1khz_50ns_20deci_2m_UTC_20190721_020429.783\seg_004.png,4,4,5,0,,
pohang,1khz_50ns_20deci_2m_UTC_20190721_020429.783.tdms,0013_1khz_50ns_20deci_2m_UTC_20190721_020429.783\seg_005.png,5,5,6,0,,
pohang,1khz_50ns_20deci_2m_UTC_20190721_020429.783.tdms,0013_1khz_50ns_20deci_2m_UTC_20190721_020429.783\seg_006.png,6,6,7,0,,
pohang,1khz_50ns_20deci_2m_UTC_20190721_020429.783.tdms,0013_1khz_50ns_20deci_2m_UTC_20190721_020429.783\seg_007.png,7,7,8,0,,
pohang,1khz_50ns_20deci_2m_UTC_20190721_020429.783.tdms,0013_1khz_50ns_20deci_2m_UTC_20190721_020429.783\seg_008.png,8,8,9,0,,
pohang,1khz_50ns_20deci_2m_UTC_20190721_020429.783.tdms,0013_1khz_50ns_20deci_2m_UTC_20190721_020429.783\seg_009.png,9,9,10,0,,
pohang,1khz_50ns_20deci_2m_UTC_20190721_020429.783.tdms,0013_1khz_50ns_20deci_2m_UTC_20190721_020429.783\seg_010.png,10,10,11,0,,
pohang,1khz_50ns_20deci_2m_UTC_20190721_020429.783.tdms,0013_1khz_50ns_20deci_2m_UTC_20190721_020429.783\seg_011.png,11,11,12,1,,
pohang,1khz_50ns_20deci_2m_UTC_20190721_020429.783.tdms,0013_1khz_50ns_20deci_2m_UTC_20190721_020429.783\seg_012.png,12,12,13,1,,
pohang,1khz_50ns_20deci_2m_UTC_20190721_020429.783.tdms,0013_1khz_50ns_20deci_2m_UTC_20190721_020429.783\seg_013.png,13,13,14,1,,
pohang,1khz_50ns_20deci_2m_UTC_20190721_020429.783.tdms,0013_1khz_50ns_20deci_2m_UTC_20190721_020429.783\seg_014.png,14,14,15,1,,
pohang,1khz_50ns_20deci_2m_UTC_20190721_020429.783.tdms,0013_1khz_50ns_20deci_2m_UTC_20190721_020429.783\seg_015.png,15,15,16,1,,
pohang,1khz_50ns_20deci_2m_UTC_20190721_020429.783.tdms,0013_1khz_50ns_20deci_2m_UTC_20190721_020429.783\seg_016.png,16,16,17,1,,
pohang,1khz_50ns_20deci_2m_UTC_20190721_020429.783.tdms,0013_1khz_50ns_20deci_2m_UTC_20190721_020429.783\seg_017.png,17,17,18,1,,
pohang,1khz_50ns_20deci_2m_UTC_20190721_020429.783.tdms,0013_1khz_50ns_20deci_2m_UTC_20190721_020429.783\seg_018.png,18,18,19,1,,
pohang,1khz_50ns_20deci_2m_UTC_20190721_020429.783.tdms,0013_1khz_50ns_20deci_2m_UTC_20190721_020429.783\seg_019.png,19,19,20,1,,
pohang,1khz_50ns_20deci_2m_UTC_20190721_020429.783.tdms,0013_1khz_50ns_20deci_2m_UTC_20190721_020429.783\seg_020.png,20,20,21,1,,
pohang,1khz_50ns_20deci_2m_UTC_20190721_020429.783.tdms,0013_1khz_50ns_20deci_2m_UTC_20190721_020429.783\seg_021.png,21,21,22,1,,
pohang,1khz_50ns_20deci_2m_UTC_20190721_020429.783.tdms,0013_1khz_50ns_20deci_2m_UTC_20190721_020429.783\seg_022.png,22,22,23,1,,
pohang,1khz_50ns_20deci_2m_UTC_20190721_020429.783.tdms,0013_1khz_50ns_20deci_2m_UTC_20190721_020429.783\seg_023.png,23,23,24,1,,
pohang,1khz_50ns_20deci_2m_UTC_20190721_020429.783.tdms,0013_1khz_50ns_20deci_2m_UTC_20190721_020429.783\seg_024.png,24,24,25,1,,
pohang,1khz_50ns_20deci_2m_UTC_20190721_020429.783.tdms,0013_1khz_50ns_20deci_2m_UTC_20190721_020429.783\seg_025.png,25,25,26,1,,
pohang,1khz_50ns_20deci_2m_UTC_20190721_020429.783.tdms,0013_1khz_50ns_20deci_2m_UTC_20190721_020429.783\seg_026.png,26,26,27,1,,
pohang,1khz_50ns_20deci_2m_UTC_20190721_020429.783.tdms,0013_1khz_50ns_20deci_2m_UTC_20190721_020429.783\seg_027.png,27,27,28,1,,
pohang,1khz_50ns_20deci_2m_UTC_20190721_020429.783.tdms,0013_1khz_50ns_20deci_2m_UTC_20190721_020429.783\seg_028.png,28,28,29,1,,
pohang,1khz_50ns_20deci_2m_UTC_20190721_020429.783.tdms,0013_1khz_50ns_20deci_2m_UTC_20190721_020429.783\seg_029.png,29,29,30,1,,
pohang,1khz_50ns_20deci_2m_UTC_20190722_020129.758.tdms,0014_1khz_50ns_20deci_2m_UTC_20190722_020129.758\seg_000.png,0,0,1,0,,
pohang,1khz_50ns_20deci_2m_UTC_20190722_020129.758.tdms,0014_1khz_50ns_20deci_2m_UTC_20190722_020129.758\seg_001.png,1,1,2,0,,
pohang,1khz_50ns_20deci_2m_UTC_20190722_020129.758.tdms,0014_1khz_50ns_20deci_2m_UTC_20190722_020129.758\seg_002.png,2,2,3,0,,
pohang,1khz_50ns_20deci_2m_UTC_20190722_020129.758.tdms,0014_1khz_50ns_20deci_2m_UTC_20190722_020129.758\seg_003.png,3,3,4,0,,
pohang,1khz_50ns_20deci_2m_UTC_20190722_020129.758.tdms,0014_1khz_50ns_20deci_2m_UTC_20190722_020129.758\seg_004.png,4,4,5,0,,
pohang,1khz_50ns_20deci_2m_UTC_20190722_020129.758.tdms,0014_1khz_50ns_20deci_2m_UTC_20190722_020129.758\seg_005.png,5,5,6,0,,
pohang,1khz_50ns_20deci_2m_UTC_20190722_020129.758.tdms,0014_1khz_50ns_20deci_2m_UTC_20190722_020129.758\seg_006.png,6,6,7,0,,
pohang,1khz_50ns_20deci_2m_UTC_20190722_020129.758.tdms,0014_1khz_50ns_20deci_2m_UTC_20190722_020129.758\seg_007.png,7,7,8,0,,
pohang,1khz_50ns_20deci_2m_UTC_20190722_020129.758.tdms,0014_1khz_50ns_20deci_2m_UTC_20190722_020129.758\seg_008.png,8,8,9,0,,
pohang,1khz_50ns_20deci_2m_UTC_20190722_020129.758.tdms,0014_1khz_50ns_20deci_2m_UTC_20190722_020129.758\seg_009.png,9,9,10,0,,
pohang,1khz_50ns_20deci_2m_UTC_20190722_020129.758.tdms,0014_1khz_50ns_20deci_2m_UTC_20190722_020129.758\seg_010.png,10,10,11,0,,
pohang,1khz_50ns_20deci_2m_UTC_20190722_020129.758.tdms,0014_1khz_50ns_20deci_2m_UTC_20190722_020129.758\seg_011.png,11,11,12,0,,
pohang,1khz_50ns_20deci_2m_UTC_20190722_020129.758.tdms,0014_1khz_50ns_20deci_2m_UTC_20190722_020129.758\seg_012.png,12,12,13,0,,
pohang,1khz_50ns_20deci_2m_UTC_20190722_020129.758.tdms,0014_1khz_50ns_20deci_2m_UTC_20190722_020129.758\seg_013.png,13,13,14,0,,
pohang,1khz_50ns_20deci_2m_UTC_20190722_020129.758.tdms,0014_1khz_50ns_20deci_2m_UTC_20190722_020129.758\seg_014.png,14,14,15,0,,
pohang,1khz_50ns_20deci_2m_UTC_20190722_020129.758.tdms,0014_1khz_50ns_20deci_2m_UTC_20190722_020129.758\seg_015.png,15,15,16,0,,
pohang,1khz_50ns_20deci_2m_UTC_20190722_020129.758.tdms,0014_1khz_50ns_20deci_2m_UTC_20190722_020129.758\seg_016.png,16,16,17,0,,
pohang,1khz_50ns_20deci_2m_UTC_20190722_020129.758.tdms,0014_1khz_50ns_20deci_2m_UTC_20190722_020129.758\seg_017.png,17,17,18,0,,
pohang,1khz_50ns_20deci_2m_UTC_20190722_020129.758.tdms,0014_1khz_50ns_20deci_2m_UTC_20190722_020129.758\seg_018.png,18,18,19,0,,
pohang,1khz_50ns_20deci_2m_UTC_20190722_020129.758.tdms,0014_1khz_50ns_20deci_2m_UTC_20190722_020129.758\seg_019.png,19,19,20,0,,
pohang,1khz_50ns_20deci_2m_UTC_20190722_020129.758.tdms,0014_1khz_50ns_20deci_2m_UTC_20190722_020129.758\seg_020.png,20,20,21,0,,
pohang,1khz_50ns_20deci_2m_UTC_20190722_020129.758.tdms,0014_1khz_50ns_20deci_2m_UTC_20190722_020129.758\seg_021.png,21,21,22,0,,
pohang,1khz_50ns_20deci_2m_UTC_20190722_020129.758.tdms,0014_1khz_50ns_20deci_2m_UTC_20190722_020129.758\seg_022.png,22,22,23,0,,
pohang,1khz_50ns_20deci_2m_UTC_20190722_020129.758.tdms,0014_1khz_50ns_20deci_2m_UTC_20190722_020129.758\seg_023.png,23,23,24,0,,
pohang,1khz_50ns_20deci_2m_UTC_20190722_020129.758.tdms,0014_1khz_50ns_20deci_2m_UTC_20190722_020129.758\seg_024.png,24,24,25,0,,
pohang,1khz_50ns_20deci_2m_UTC_20190722_020129.758.tdms,0014_1khz_50ns_20deci_2m_UTC_20190722_020129.758\seg_025.png,25,25,26,0,,
pohang,1khz_50ns_20deci_2m_UTC_20190722_020129.758.tdms,0014_1khz_50ns_20deci_2m_UTC_20190722_020129.758\seg_026.png,26,26,27,0,,
pohang,1khz_50ns_20deci_2m_UTC_20190722_020129.758.tdms,0014_1khz_50ns_20deci_2m_UTC_20190722_020129.758\seg_027.png,27,27,28,1,,
pohang,1khz_50ns_20deci_2m_UTC_20190722_020129.758.tdms,0014_1khz_50ns_20deci_2m_UTC_20190722_020129.758\seg_028.png,28,28,29,1,,
pohang,1khz_50ns_20deci_2m_UTC_20190722_020129.758.tdms,0014_1khz_50ns_20deci_2m_UTC_20190722_020129.758\seg_029.png,29,29,30,1,,
pohang,1khz_50ns_20deci_2m_UTC_20190722_134159.747.tdms,0015_1khz_50ns_20deci_2m_UTC_20190722_134159.747\seg_000.png,0,0,1,0,,
pohang,1khz_50ns_20deci_2m_UTC_20190722_134159.747.tdms,0015_1khz_50ns_20deci_2m_UTC_20190722_134159.747\seg_001.png,1,1,2,0,,
pohang,1khz_50ns_20deci_2m_UTC_20190722_134159.747.tdms,0015_1khz_50ns_20deci_2m_UTC_20190722_134159.747\seg_002.png,2,2,3,0,,
pohang,1khz_50ns_20deci_2m_UTC_20190722_134159.747.tdms,0015_1khz_50ns_20deci_2m_UTC_20190722_134159.747\seg_003.png,3,3,4,0,,
pohang,1khz_50ns_20deci_2m_UTC_20190722_134159.747.tdms,0015_1khz_50ns_20deci_2m_UTC_20190722_134159.747\seg_004.png,4,4,5,0,,
pohang,1khz_50ns_20deci_2m_UTC_20190722_134159.747.tdms,0015_1khz_50ns_20deci_2m_UTC_20190722_134159.747\seg_005.png,5,5,6,0,,
pohang,1khz_50ns_20deci_2m_UTC_20190722_134159.747.tdms,0015_1khz_50ns_20deci_2m_UTC_20190722_134159.747\seg_006.png,6,6,7,0,,
pohang,1khz_50ns_20deci_2m_UTC_20190722_134159.747.tdms,0015_1khz_50ns_20deci_2m_UTC_20190722_134159.747\seg_007.png,7,7,8,0,,
pohang,1khz_50ns_20deci_2m_UTC_20190722_134159.747.tdms,0015_1khz_50ns_20deci_2m_UTC_20190722_134159.747\seg_008.png,8,8,9,0,,
pohang,1khz_50ns_20deci_2m_UTC_20190722_134159.747.tdms,0015_1khz_50ns_20deci_2m_UTC_20190722_134159.747\seg_009.png,9,9,10,0,,
pohang,1khz_50ns_20deci_2m_UTC_20190722_134159.747.tdms,0015_1khz_50ns_20deci_2m_UTC_20190722_134159.747\seg_010.png,10,10,11,0,,
pohang,1khz_50ns_20deci_2m_UTC_20190722_134159.747.tdms,0015_1khz_50ns_20deci_2m_UTC_20190722_134159.747\seg_011.png,11,11,12,0,,
pohang,1khz_50ns_20deci_2m_UTC_20190722_134159.747.tdms,0015_1khz_50ns_20deci_2m_UTC_20190722_134159.747\seg_012.png,12,12,13,0,,
pohang,1khz_50ns_20deci_2m_UTC_20190722_134159.747.tdms,0015_1khz_50ns_20deci_2m_UTC_20190722_134159.747\seg_013.png,13,13,14,0,,
pohang,1khz_50ns_20deci_2m_UTC_20190722_134159.747.tdms,0015_1khz_50ns_20deci_2m_UTC_20190722_134159.747\seg_014.png,14,14,15,0,,
pohang,1khz_50ns_20deci_2m_UTC_20190722_134159.747.tdms,0015_1khz_50ns_20deci_2m_UTC_20190722_134159.747\seg_015.png,15,15,16,0,,
pohang,1khz_50ns_20deci_2m_UTC_20190722_134159.747.tdms,0015_1khz_50ns_20deci_2m_UTC_20190722_134159.747\seg_016.png,16,16,17,0,,
pohang,1khz_50ns_20deci_2m_UTC_20190722_134159.747.tdms,0015_1khz_50ns_20deci_2m_UTC_20190722_134159.747\seg_017.png,17,17,18,0,,
pohang,1khz_50ns_20deci_2m_UTC_20190722_134159.747.tdms,0015_1khz_50ns_20deci_2m_UTC_20190722_134159.747\seg_018.png,18,18,19,0,,
pohang,1khz_50ns_20deci_2m_UTC_20190722_134159.747.tdms,0015_1khz_50ns_20deci_2m_UTC_20190722_134159.747\seg_019.png,19,19,20,0,,
pohang,1khz_50ns_20deci_2m_UTC_20190722_134159.747.tdms,0015_1khz_50ns_20deci_2m_UTC_20190722_134159.747\seg_020.png,20,20,21,0,,
pohang,1khz_50ns_20deci_2m_UTC_20190722_134159.747.tdms,0015_1khz_50ns_20deci_2m_UTC_20190722_134159.747\seg_021.png,21,21,22,0,,
pohang,1khz_50ns_20deci_2m_UTC_20190722_134159.747.tdms,0015_1khz_50ns_20deci_2m_UTC_20190722_134159.747\seg_022.png,22,22,23,0,,
pohang,1khz_50ns_20deci_2m_UTC_20190722_134159.747.tdms,0015_1khz_50ns_20deci_2m_UTC_20190722_134159.747\seg_023.png,23,23,24,0,,
pohang,1khz_50ns_20deci_2m_UTC_20190722_134159.747.tdms,0015_1khz_50ns_20deci_2m_UTC_20190722_134159.747\seg_024.png,24,24,25,0,,
pohang,1khz_50ns_20deci_2m_UTC_20190722_134159.747.tdms,0015_1khz_50ns_20deci_2m_UTC_20190722_134159.747\seg_025.png,25,25,26,0,,
pohang,1khz_50ns_20deci_2m_UTC_20190722_134159.747.tdms,0015_1khz_50ns_20deci_2m_UTC_20190722_134159.747\seg_026.png,26,26,27,0,,
pohang,1khz_50ns_20deci_2m_UTC_20190722_134159.747.tdms,0015_1khz_50ns_20deci_2m_UTC_20190722_134159.747\seg_027.png,27,27,28,0,,
pohang,1khz_50ns_20deci_2m_UTC_20190722_134159.747.tdms,0015_1khz_50ns_20deci_2m_UTC_20190722_134159.747\seg_028.png,28,28,29,1,,
pohang,1khz_50ns_20deci_2m_UTC_20190722_134159.747.tdms,0015_1khz_50ns_20deci_2m_UTC_20190722_134159.747\seg_029.png,29,29,30,1,,
pohang,1khz_50ns_20deci_2m_UTC_20190724_164629.697.tdms,0016_1khz_50ns_20deci_2m_UTC_20190724_164629.697\seg_000.png,0,0,1,0,,
pohang,1khz_50ns_20deci_2m_UTC_20190724_164629.697.tdms,0016_1khz_50ns_20deci_2m_UTC_20190724_164629.697\seg_001.png,1,1,2,0,,
pohang,1khz_50ns_20deci_2m_UTC_20190724_164629.697.tdms,0016_1khz_50ns_20deci_2m_UTC_20190724_164629.697\seg_002.png,2,2,3,0,,
pohang,1khz_50ns_20deci_2m_UTC_20190724_164629.697.tdms,0016_1khz_50ns_20deci_2m_UTC_20190724_164629.697\seg_003.png,3,3,4,0,,
pohang,1khz_50ns_20deci_2m_UTC_20190724_164629.697.tdms,0016_1khz_50ns_20deci_2m_UTC_20190724_164629.697\seg_004.png,4,4,5,0,,
pohang,1khz_50ns_20deci_2m_UTC_20190724_164629.697.tdms,0016_1khz_50ns_20deci_2m_UTC_20190724_164629.697\seg_005.png,5,5,6,0,,
pohang,1khz_50ns_20deci_2m_UTC_20190724_164629.697.tdms,0016_1khz_50ns_20deci_2m_UTC_20190724_164629.697\seg_006.png,6,6,7,0,,
pohang,1khz_50ns_20deci_2m_UTC_20190724_164629.697.tdms,0016_1khz_50ns_20deci_2m_UTC_20190724_164629.697\seg_007.png,7,7,8,1,,
pohang,1khz_50ns_20deci_2m_UTC_20190724_164629.697.tdms,0016_1khz_50ns_20deci_2m_UTC_20190724_164629.697\seg_008.png,8,8,9,1,,
pohang,1khz_50ns_20deci_2m_UTC_20190724_164629.697.tdms,0016_1khz_50ns_20deci_2m_UTC_20190724_164629.697\seg_009.png,9,9,10,1,,
pohang,1khz_50ns_20deci_2m_UTC_20190724_164629.697.tdms,0016_1khz_50ns_20deci_2m_UTC_20190724_164629.697\seg_010.png,10,10,11,1,,
pohang,1khz_50ns_20deci_2m_UTC_20190724_164629.697.tdms,0016_1khz_50ns_20deci_2m_UTC_20190724_164629.697\seg_011.png,11,11,12,1,,
pohang,1khz_50ns_20deci_2m_UTC_20190724_164629.697.tdms,0016_1khz_50ns_20deci_2m_UTC_20190724_164629.697\seg_012.png,12,12,13,1,,
pohang,1khz_50ns_20deci_2m_UTC_20190724_164629.697.tdms,0016_1khz_50ns_20deci_2m_UTC_20190724_164629.697\seg_013.png,13,13,14,1,,
pohang,1khz_50ns_20deci_2m_UTC_20190724_164629.697.tdms,0016_1khz_50ns_20deci_2m_UTC_20190724_164629.697\seg_014.png,14,14,15,1,,
pohang,1khz_50ns_20deci_2m_UTC_20190724_164629.697.tdms,0016_1khz_50ns_20deci_2m_UTC_20190724_164629.697\seg_015.png,15,15,16,1,,
pohang,1khz_50ns_20deci_2m_UTC_20190724_164629.697.tdms,0016_1khz_50ns_20deci_2m_UTC_20190724_164629.697\seg_016.png,16,16,17,1,,
pohang,1khz_50ns_20deci_2m_UTC_20190724_164629.697.tdms,0016_1khz_50ns_20deci_2m_UTC_20190724_164629.697\seg_017.png,17,17,18,1,,
pohang,1khz_50ns_20deci_2m_UTC_20190724_164629.697.tdms,0016_1khz_50ns_20deci_2m_UTC_20190724_164629.697\seg_018.png,18,18,19,1,,
pohang,1khz_50ns_20deci_2m_UTC_20190724_164629.697.tdms,0016_1khz_50ns_20deci_2m_UTC_20190724_164629.697\seg_019.png,19,19,20,1,,
pohang,1khz_50ns_20deci_2m_UTC_20190724_164629.697.tdms,0016_1khz_50ns_20deci_2m_UTC_20190724_164629.697\seg_020.png,20,20,21,1,,
pohang,1khz_50ns_20deci_2m_UTC_20190724_164629.697.tdms,0016_1khz_50ns_20deci_2m_UTC_20190724_164629.697\seg_021.png,21,21,22,1,,
pohang,1khz_50ns_20deci_2m_UTC_20190724_164629.697.tdms,0016_1khz_50ns_20deci_2m_UTC_20190724_164629.697\seg_022.png,22,22,23,1,,
pohang,1khz_50ns_20deci_2m_UTC_20190724_164629.697.tdms,0016_1khz_50ns_20deci_2m_UTC_20190724_164629.697\seg_023.png,23,23,24,1,,
pohang,1khz_50ns_20deci_2m_UTC_20190724_164629.697.tdms,0016_1khz_50ns_20deci_2m_UTC_20190724_164629.697\seg_024.png,24,24,25,1,,
pohang,1khz_50ns_20deci_2m_UTC_20190724_164629.697.tdms,0016_1khz_50ns_20deci_2m_UTC_20190724_164629.697\seg_025.png,25,25,26,1,,
pohang,1khz_50ns_20deci_2m_UTC_20190724_164629.697.tdms,0016_1khz_50ns_20deci_2m_UTC_20190724_164629.697\seg_026.png,26,26,27,1,,
pohang,1khz_50ns_20deci_2m_UTC_20190724_164629.697.tdms,0016_1khz_50ns_20deci_2m_UTC_20190724_164629.697\seg_027.png,27,27,28,1,,
pohang,1khz_50ns_20deci_2m_UTC_20190724_164629.697.tdms,0016_1khz_50ns_20deci_2m_UTC_20190724_164629.697\seg_028.png,28,28,29,1,,
pohang,1khz_50ns_20deci_2m_UTC_20190724_164629.697.tdms,0016_1khz_50ns_20deci_2m_UTC_20190724_164629.697\seg_029.png,29,29,30,1,,
pohang,1khz_50ns_20deci_2m_UTC_20190727_133129.629.tdms,0017_1khz_50ns_20deci_2m_UTC_20190727_133129.629\seg_000.png,0,0,1,0,,
pohang,1khz_50ns_20deci_2m_UTC_20190727_133129.629.tdms,0017_1khz_50ns_20deci_2m_UTC_20190727_133129.629\seg_001.png,1,1,2,0,,
pohang,1khz_50ns_20deci_2m_UTC_20190727_133129.629.tdms,0017_1khz_50ns_20deci_2m_UTC_20190727_133129.629\seg_002.png,2,2,3,0,,
pohang,1khz_50ns_20deci_2m_UTC_20190727_133129.629.tdms,0017_1khz_50ns_20deci_2m_UTC_20190727_133129.629\seg_003.png,3,3,4,0,,
pohang,1khz_50ns_20deci_2m_UTC_20190727_133129.629.tdms,0017_1khz_50ns_20deci_2m_UTC_20190727_133129.629\seg_004.png,4,4,5,1,,
pohang,1khz_50ns_20deci_2m_UTC_20190727_133129.629.tdms,0017_1khz_50ns_20deci_2m_UTC_20190727_133129.629\seg_005.png,5,5,6,1,,
pohang,1khz_50ns_20deci_2m_UTC_20190727_133129.629.tdms,0017_1khz_50ns_20deci_2m_UTC_20190727_133129.629\seg_006.png,6,6,7,0,,
pohang,1khz_50ns_20deci_2m_UTC_20190727_133129.629.tdms,0017_1khz_50ns_20deci_2m_UTC_20190727_133129.629\seg_007.png,7,7,8,0,,
pohang,1khz_50ns_20deci_2m_UTC_20190727_133129.629.tdms,0017_1khz_50ns_20deci_2m_UTC_20190727_133129.629\seg_008.png,8,8,9,0,,
pohang,1khz_50ns_20deci_2m_UTC_20190727_133129.629.tdms,0017_1khz_50ns_20deci_2m_UTC_20190727_133129.629\seg_009.png,9,9,10,0,,
pohang,1khz_50ns_20deci_2m_UTC_20190727_133129.629.tdms,0017_1khz_50ns_20deci_2m_UTC_20190727_133129.629\seg_010.png,10,10,11,0,,
pohang,1khz_50ns_20deci_2m_UTC_20190727_133129.629.tdms,0017_1khz_50ns_20deci_2m_UTC_20190727_133129.629\seg_011.png,11,11,12,0,,
pohang,1khz_50ns_20deci_2m_UTC_20190727_133129.629.tdms,0017_1khz_50ns_20deci_2m_UTC_20190727_133129.629\seg_012.png,12,12,13,1,,
pohang,1khz_50ns_20deci_2m_UTC_20190727_133129.629.tdms,0017_1khz_50ns_20deci_2m_UTC_20190727_133129.629\seg_013.png,13,13,14,1,,
pohang,1khz_50ns_20deci_2m_UTC_20190727_133129.629.tdms,0017_1khz_50ns_20deci_2m_UTC_20190727_133129.629\seg_014.png,14,14,15,1,,
pohang,1khz_50ns_20deci_2m_UTC_20190727_133129.629.tdms,0017_1khz_50ns_20deci_2m_UTC_20190727_133129.629\seg_015.png,15,15,16,1,,
pohang,1khz_50ns_20deci_2m_UTC_20190727_133129.629.tdms,0017_1khz_50ns_20deci_2m_UTC_20190727_133129.629\seg_016.png,16,16,17,1,,
pohang,1khz_50ns_20deci_2m_UTC_20190727_133129.629.tdms,0017_1khz_50ns_20deci_2m_UTC_20190727_133129.629\seg_017.png,17,17,18,1,,
pohang,1khz_50ns_20deci_2m_UTC_20190727_133129.629.tdms,0017_1khz_50ns_20deci_2m_UTC_20190727_133129.629\seg_018.png,18,18,19,1,,
pohang,1khz_50ns_20deci_2m_UTC_20190727_133129.629.tdms,0017_1khz_50ns_20deci_2m_UTC_20190727_133129.629\seg_019.png,19,19,20,1,,
pohang,1khz_50ns_20deci_2m_UTC_20190727_133129.629.tdms,0017_1khz_50ns_20deci_2m_UTC_20190727_133129.629\seg_020.png,20,20,21,1,,
pohang,1khz_50ns_20deci_2m_UTC_20190727_133129.629.tdms,0017_1khz_50ns_20deci_2m_UTC_20190727_133129.629\seg_021.png,21,21,22,1,,
pohang,1khz_50ns_20deci_2m_UTC_20190727_133129.629.tdms,0017_1khz_50ns_20deci_2m_UTC_20190727_133129.629\seg_022.png,22,22,23,0,,
pohang,1khz_50ns_20deci_2m_UTC_20190727_133129.629.tdms,0017_1khz_50ns_20deci_2m_UTC_20190727_133129.629\seg_023.png,23,23,24,0,,
pohang,1khz_50ns_20deci_2m_UTC_20190727_133129.629.tdms,0017_1khz_50ns_20deci_2m_UTC_20190727_133129.629\seg_024.png,24,24,25,0,,
pohang,1khz_50ns_20deci_2m_UTC_20190727_133129.629.tdms,0017_1khz_50ns_20deci_2m_UTC_20190727_133129.629\seg_025.png,25,25,26,0,,
pohang,1khz_50ns_20deci_2m_UTC_20190727_133129.629.tdms,0017_1khz_50ns_20deci_2m_UTC_20190727_133129.629\seg_026.png,26,26,27,0,,
pohang,1khz_50ns_20deci_2m_UTC_20190727_133129.629.tdms,0017_1khz_50ns_20deci_2m_UTC_20190727_133129.629\seg_027.png,27,27,28,0,,
pohang,1khz_50ns_20deci_2m_UTC_20190727_133129.629.tdms,0017_1khz_50ns_20deci_2m_UTC_20190727_133129.629\seg_028.png,28,28,29,0,,
pohang,1khz_50ns_20deci_2m_UTC_20190727_133129.629.tdms,0017_1khz_50ns_20deci_2m_UTC_20190727_133129.629\seg_029.png,29,29,30,0,,
pohang,1khz_50ns_20deci_2m_UTC_20190727_133229.629.tdms,0018_1khz_50ns_20deci_2m_UTC_20190727_133229.629\seg_000.png,0,0,1,0,,
pohang,1khz_50ns_20deci_2m_UTC_20190727_133229.629.tdms,0018_1khz_50ns_20deci_2m_UTC_20190727_133229.629\seg_001.png,1,1,2,0,,
pohang,1khz_50ns_20deci_2m_UTC_20190727_133229.629.tdms,0018_1khz_50ns_20deci_2m_UTC_20190727_133229.629\seg_002.png,2,2,3,0,,
pohang,1khz_50ns_20deci_2m_UTC_20190727_133229.629.tdms,0018_1khz_50ns_20deci_2m_UTC_20190727_133229.629\seg_003.png,3,3,4,1,,
pohang,1khz_50ns_20deci_2m_UTC_20190727_133229.629.tdms,0018_1khz_50ns_20deci_2m_UTC_20190727_133229.629\seg_004.png,4,4,5,1,,
pohang,1khz_50ns_20deci_2m_UTC_20190727_133229.629.tdms,0018_1khz_50ns_20deci_2m_UTC_20190727_133229.629\seg_005.png,5,5,6,1,,
pohang,1khz_50ns_20deci_2m_UTC_20190727_133229.629.tdms,0018_1khz_50ns_20deci_2m_UTC_20190727_133229.629\seg_006.png,6,6,7,1,,
pohang,1khz_50ns_20deci_2m_UTC_20190727_133229.629.tdms,0018_1khz_50ns_20deci_2m_UTC_20190727_133229.629\seg_007.png,7,7,8,1,,
pohang,1khz_50ns_20deci_2m_UTC_20190727_133229.629.tdms,0018_1khz_50ns_20deci_2m_UTC_20190727_133229.629\seg_008.png,8,8,9,1,,
pohang,1khz_50ns_20deci_2m_UTC_20190727_133229.629.tdms,0018_1khz_50ns_20deci_2m_UTC_20190727_133229.629\seg_009.png,9,9,10,1,,
pohang,1khz_50ns_20deci_2m_UTC_20190727_133229.629.tdms,0018_1khz_50ns_20deci_2m_UTC_20190727_133229.629\seg_010.png,10,10,11,1,,
pohang,1khz_50ns_20deci_2m_UTC_20190727_133229.629.tdms,0018_1khz_50ns_20deci_2m_UTC_20190727_133229.629\seg_011.png,11,11,12,1,,
pohang,1khz_50ns_20deci_2m_UTC_20190727_133229.629.tdms,0018_1khz_50ns_20deci_2m_UTC_20190727_133229.629\seg_012.png,12,12,13,1,,
pohang,1khz_50ns_20deci_2m_UTC_20190727_133229.629.tdms,0018_1khz_50ns_20deci_2m_UTC_20190727_133229.629\seg_013.png,13,13,14,1,,
pohang,1khz_50ns_20deci_2m_UTC_20190727_133229.629.tdms,0018_1khz_50ns_20deci_2m_UTC_20190727_133229.629\seg_014.png,14,14,15,1,,
pohang,1khz_50ns_20deci_2m_UTC_20190727_133229.629.tdms,0018_1khz_50ns_20deci_2m_UTC_20190727_133229.629\seg_015.png,15,15,16,1,,
pohang,1khz_50ns_20deci_2m_UTC_20190727_133229.629.tdms,0018_1khz_50ns_20deci_2m_UTC_20190727_133229.629\seg_016.png,16,16,17,1,,
pohang,1khz_50ns_20deci_2m_UTC_20190727_133229.629.tdms,0018_1khz_50ns_20deci_2m_UTC_20190727_133229.629\seg_017.png,17,17,18,1,,
pohang,1khz_50ns_20deci_2m_UTC_20190727_133229.629.tdms,0018_1khz_50ns_20deci_2m_UTC_20190727_133229.629\seg_018.png,18,18,19,1,,
pohang,1khz_50ns_20deci_2m_UTC_20190727_133229.629.tdms,0018_1khz_50ns_20deci_2m_UTC_20190727_133229.629\seg_019.png,19,19,20,1,,
pohang,1khz_50ns_20deci_2m_UTC_20190727_133229.629.tdms,0018_1khz_50ns_20deci_2m_UTC_20190727_133229.629\seg_020.png,20,20,21,1,,
pohang,1khz_50ns_20deci_2m_UTC_20190727_133229.629.tdms,0018_1khz_50ns_20deci_2m_UTC_20190727_133229.629\seg_021.png,21,21,22,0,,
pohang,1khz_50ns_20deci_2m_UTC_20190727_133229.629.tdms,0018_1khz_50ns_20deci_2m_UTC_20190727_133229.629\seg_022.png,22,22,23,0,,
pohang,1khz_50ns_20deci_2m_UTC_20190727_133229.629.tdms,0018_1khz_50ns_20deci_2m_UTC_20190727_133229.629\seg_023.png,23,23,24,0,,
pohang,1khz_50ns_20deci_2m_UTC_20190727_133229.629.tdms,0018_1khz_50ns_20deci_2m_UTC_20190727_133229.629\seg_024.png,24,24,25,0,,
pohang,1khz_50ns_20deci_2m_UTC_20190727_133229.629.tdms,0018_1khz_50ns_20deci_2m_UTC_20190727_133229.629\seg_025.png,25,25,26,0,,
pohang,1khz_50ns_20deci_2m_UTC_20190727_133229.629.tdms,0018_1khz_50ns_20deci_2m_UTC_20190727_133229.629\seg_026.png,26,26,27,0,,
pohang,1khz_50ns_20deci_2m_UTC_20190727_133229.629.tdms,0018_1khz_50ns_20deci_2m_UTC_20190727_133229.629\seg_027.png,27,27,28,0,,
pohang,1khz_50ns_20deci_2m_UTC_20190727_133229.629.tdms,0018_1khz_50ns_20deci_2m_UTC_20190727_133229.629\seg_028.png,28,28,29,0,,
pohang,1khz_50ns_20deci_2m_UTC_20190727_133229.629.tdms,0018_1khz_50ns_20deci_2m_UTC_20190727_133229.629\seg_029.png,29,29,30,0,,
pohang,1khz_50ns_20deci_2m_UTC_20190729_204529.575.tdms,0019_1khz_50ns_20deci_2m_UTC_20190729_204529.575\seg_000.png,0,0,1,0,,
pohang,1khz_50ns_20deci_2m_UTC_20190729_204529.575.tdms,0019_1khz_50ns_20deci_2m_UTC_20190729_204529.575\seg_001.png,1,1,2,0,,
pohang,1khz_50ns_20deci_2m_UTC_20190729_204529.575.tdms,0019_1khz_50ns_20deci_2m_UTC_20190729_204529.575\seg_002.png,2,2,3,0,,
pohang,1khz_50ns_20deci_2m_UTC_20190729_204529.575.tdms,0019_1khz_50ns_20deci_2m_UTC_20190729_204529.575\seg_003.png,3,3,4,0,,
pohang,1khz_50ns_20deci_2m_UTC_20190729_204529.575.tdms,0019_1khz_50ns_20deci_2m_UTC_20190729_204529.575\seg_004.png,4,4,5,0,,
pohang,1khz_50ns_20deci_2m_UTC_20190729_204529.575.tdms,0019_1khz_50ns_20deci_2m_UTC_20190729_204529.575\seg_005.png,5,5,6,0,,
pohang,1khz_50ns_20deci_2m_UTC_20190729_204529.575.tdms,0019_1khz_50ns_20deci_2m_UTC_20190729_204529.575\seg_006.png,6,6,7,0,,
pohang,1khz_50ns_20deci_2m_UTC_20190729_204529.575.tdms,0019_1khz_50ns_20deci_2m_UTC_20190729_204529.575\seg_007.png,7,7,8,0,,
pohang,1khz_50ns_20deci_2m_UTC_20190729_204529.575.tdms,0019_1khz_50ns_20deci_2m_UTC_20190729_204529.575\seg_008.png,8,8,9,0,,
pohang,1khz_50ns_20deci_2m_UTC_20190729_204529.575.tdms,0019_1khz_50ns_20deci_2m_UTC_20190729_204529.575\seg_009.png,9,9,10,0,,
pohang,1khz_50ns_20deci_2m_UTC_20190729_204529.575.tdms,0019_1khz_50ns_20deci_2m_UTC_20190729_204529.575\seg_010.png,10,10,11,0,,
pohang,1khz_50ns_20deci_2m_UTC_20190729_204529.575.tdms,0019_1khz_50ns_20deci_2m_UTC_20190729_204529.575\seg_011.png,11,11,12,1,,
pohang,1khz_50ns_20deci_2m_UTC_20190729_204529.575.tdms,0019_1khz_50ns_20deci_2m_UTC_20190729_204529.575\seg_012.png,12,12,13,1,,
pohang,1khz_50ns_20deci_2m_UTC_20190729_204529.575.tdms,0019_1khz_50ns_20deci_2m_UTC_20190729_204529.575\seg_013.png,13,13,14,1,,
pohang,1khz_50ns_20deci_2m_UTC_20190729_204529.575.tdms,0019_1khz_50ns_20deci_2m_UTC_20190729_204529.575\seg_014.png,14,14,15,1,,
pohang,1khz_50ns_20deci_2m_UTC_20190729_204529.575.tdms,0019_1khz_50ns_20deci_2m_UTC_20190729_204529.575\seg_015.png,15,15,16,1,,
pohang,1khz_50ns_20deci_2m_UTC_20190729_204529.575.tdms,0019_1khz_50ns_20deci_2m_UTC_20190729_204529.575\seg_016.png,16,16,17,1,,
pohang,1khz_50ns_20deci_2m_UTC_20190729_204529.575.tdms,0019_1khz_50ns_20deci_2m_UTC_20190729_204529.575\seg_017.png,17,17,18,1,,
pohang,1khz_50ns_20deci_2m_UTC_20190729_204529.575.tdms,0019_1khz_50ns_20deci_2m_UTC_20190729_204529.575\seg_018.png,18,18,19,1,,
pohang,1khz_50ns_20deci_2m_UTC_20190729_204529.575.tdms,0019_1khz_50ns_20deci_2m_UTC_20190729_204529.575\seg_019.png,19,19,20,1,,
pohang,1khz_50ns_20deci_2m_UTC_20190729_204529.575.tdms,0019_1khz_50ns_20deci_2m_UTC_20190729_204529.575\seg_020.png,20,20,21,1,,
pohang,1khz_50ns_20deci_2m_UTC_20190729_204529.575.tdms,0019_1khz_50ns_20deci_2m_UTC_20190729_204529.575\seg_021.png,21,21,22,1,,
pohang,1khz_50ns_20deci_2m_UTC_20190729_204529.575.tdms,0019_1khz_50ns_20deci_2m_UTC_20190729_204529.575\seg_022.png,22,22,23,1,,
pohang,1khz_50ns_20deci_2m_UTC_20190729_204529.575.tdms,0019_1khz_50ns_20deci_2m_UTC_20190729_204529.575\seg_023.png,23,23,24,1,,
pohang,1khz_50ns_20deci_2m_UTC_20190729_204529.575.tdms,0019_1khz_50ns_20deci_2m_UTC_20190729_204529.575\seg_024.png,24,24,25,1,,
pohang,1khz_50ns_20deci_2m_UTC_20190729_204529.575.tdms,0019_1khz_50ns_20deci_2m_UTC_20190729_204529.575\seg_025.png,25,25,26,1,,
pohang,1khz_50ns_20deci_2m_UTC_20190729_204529.575.tdms,0019_1khz_50ns_20deci_2m_UTC_20190729_204529.575\seg_026.png,26,26,27,1,,
pohang,1khz_50ns_20deci_2m_UTC_20190729_204529.575.tdms,0019_1khz_50ns_20deci_2m_UTC_20190729_204529.575\seg_027.png,27,27,28,1,,
pohang,1khz_50ns_20deci_2m_UTC_20190729_204529.575.tdms,0019_1khz_50ns_20deci_2m_UTC_20190729_204529.575\seg_028.png,28,28,29,1,,
pohang,1khz_50ns_20deci_2m_UTC_20190729_204529.575.tdms,0019_1khz_50ns_20deci_2m_UTC_20190729_204529.575\seg_029.png,29,29,30,1,,
pohang,1khz_50ns_20deci_2m_UTC_20190729_204529.575.tdms,0020_1khz_50ns_20deci_2m_UTC_20190729_204529.575\seg_000.png,0,0,1,0,,
pohang,1khz_50ns_20deci_2m_UTC_20190729_204529.575.tdms,0020_1khz_50ns_20deci_2m_UTC_20190729_204529.575\seg_001.png,1,1,2,0,,
pohang,1khz_50ns_20deci_2m_UTC_20190729_204529.575.tdms,0020_1khz_50ns_20deci_2m_UTC_20190729_204529.575\seg_002.png,2,2,3,0,,
pohang,1khz_50ns_20deci_2m_UTC_20190729_204529.575.tdms,0020_1khz_50ns_20deci_2m_UTC_20190729_204529.575\seg_003.png,3,3,4,0,,
pohang,1khz_50ns_20deci_2m_UTC_20190729_204529.575.tdms,0020_1khz_50ns_20deci_2m_UTC_20190729_204529.575\seg_004.png,4,4,5,0,,
pohang,1khz_50ns_20deci_2m_UTC_20190729_204529.575.tdms,0020_1khz_50ns_20deci_2m_UTC_20190729_204529.575\seg_005.png,5,5,6,0,,
pohang,1khz_50ns_20deci_2m_UTC_20190729_204529.575.tdms,0020_1khz_50ns_20deci_2m_UTC_20190729_204529.575\seg_006.png,6,6,7,0,,
pohang,1khz_50ns_20deci_2m_UTC_20190729_204529.575.tdms,0020_1khz_50ns_20deci_2m_UTC_20190729_204529.575\seg_007.png,7,7,8,0,,
pohang,1khz_50ns_20deci_2m_UTC_20190729_204529.575.tdms,0020_1khz_50ns_20deci_2m_UTC_20190729_204529.575\seg_008.png,8,8,9,0,,
pohang,1khz_50ns_20deci_2m_UTC_20190729_204529.575.tdms,0020_1khz_50ns_20deci_2m_UTC_20190729_204529.575\seg_009.png,9,9,10,0,,
pohang,1khz_50ns_20deci_2m_UTC_20190729_204529.575.tdms,0020_1khz_50ns_20deci_2m_UTC_20190729_204529.575\seg_010.png,10,10,11,0,,
pohang,1khz_50ns_20deci_2m_UTC_20190729_204529.575.tdms,0020_1khz_50ns_20deci_2m_UTC_20190729_204529.575\seg_011.png,11,11,12,1,,
pohang,1khz_50ns_20deci_2m_UTC_20190729_204529.575.tdms,0020_1khz_50ns_20deci_2m_UTC_20190729_204529.575\seg_012.png,12,12,13,1,,
pohang,1khz_50ns_20deci_2m_UTC_20190729_204529.575.tdms,0020_1khz_50ns_20deci_2m_UTC_20190729_204529.575\seg_013.png,13,13,14,1,,
pohang,1khz_50ns_20deci_2m_UTC_20190729_204529.575.tdms,0020_1khz_50ns_20deci_2m_UTC_20190729_204529.575\seg_014.png,14,14,15,1,,
pohang,1khz_50ns_20deci_2m_UTC_20190729_204529.575.tdms,0020_1khz_50ns_20deci_2m_UTC_20190729_204529.575\seg_015.png,15,15,16,0,,
pohang,1khz_50ns_20deci_2m_UTC_20190729_204529.575.tdms,0020_1khz_50ns_20deci_2m_UTC_20190729_204529.575\seg_016.png,16,16,17,0,,
pohang,1khz_50ns_20deci_2m_UTC_20190729_204529.575.tdms,0020_1khz_50ns_20deci_2m_UTC_20190729_204529.575\seg_017.png,17,17,18,0,,
pohang,1khz_50ns_20deci_2m_UTC_20190729_204529.575.tdms,0020_1khz_50ns_20deci_2m_UTC_20190729_204529.575\seg_018.png,18,18,19,0,,
pohang,1khz_50ns_20deci_2m_UTC_20190729_204529.575.tdms,0020_1khz_50ns_20deci_2m_UTC_20190729_204529.575\seg_019.png,19,19,20,0,,
pohang,1khz_50ns_20deci_2m_UTC_20190729_204529.575.tdms,0020_1khz_50ns_20deci_2m_UTC_20190729_204529.575\seg_020.png,20,20,21,0,,
pohang,1khz_50ns_20deci_2m_UTC_20190729_204529.575.tdms,0020_1khz_50ns_20deci_2m_UTC_20190729_204529.575\seg_021.png,21,21,22,0,,
pohang,1khz_50ns_20deci_2m_UTC_20190729_204529.575.tdms,0020_1khz_50ns_20deci_2m_UTC_20190729_204529.575\seg_022.png,22,22,23,0,,
pohang,1khz_50ns_20deci_2m_UTC_20190729_204529.575.tdms,0020_1khz_50ns_20deci_2m_UTC_20190729_204529.575\seg_023.png,23,23,24,1,,
pohang,1khz_50ns_20deci_2m_UTC_20190729_204529.575.tdms,0020_1khz_50ns_20deci_2m_UTC_20190729_204529.575\seg_024.png,24,24,25,1,,
pohang,1khz_50ns_20deci_2m_UTC_20190729_204529.575.tdms,0020_1khz_50ns_20deci_2m_UTC_20190729_204529.575\seg_025.png,25,25,26,1,,
pohang,1khz_50ns_20deci_2m_UTC_20190729_204529.575.tdms,0020_1khz_50ns_20deci_2m_UTC_20190729_204529.575\seg_026.png,26,26,27,1,,
pohang,1khz_50ns_20deci_2m_UTC_20190729_204529.575.tdms,0020_1khz_50ns_20deci_2m_UTC_20190729_204529.575\seg_027.png,27,27,28,1,,
pohang,1khz_50ns_20deci_2m_UTC_20190729_204529.575.tdms,0020_1khz_50ns_20deci_2m_UTC_20190729_204529.575\seg_028.png,28,28,29,1,,
pohang,1khz_50ns_20deci_2m_UTC_20190729_204529.575.tdms,0020_1khz_50ns_20deci_2m_UTC_20190729_204529.575\seg_029.png,29,29,30,1,,
pohang,1khz_50ns_20deci_2m_UTC_20190803_170659.463.tdms,0021_1khz_50ns_20deci_2m_UTC_20190803_170659.463\seg_000.png,0,0,1,0,,
pohang,1khz_50ns_20deci_2m_UTC_20190803_170659.463.tdms,0021_1khz_50ns_20deci_2m_UTC_20190803_170659.463\seg_001.png,1,1,2,0,,
pohang,1khz_50ns_20deci_2m_UTC_20190803_170659.463.tdms,0021_1khz_50ns_20deci_2m_UTC_20190803_170659.463\seg_002.png,2,2,3,0,,
pohang,1khz_50ns_20deci_2m_UTC_20190803_170659.463.tdms,0021_1khz_50ns_20deci_2m_UTC_20190803_170659.463\seg_003.png,3,3,4,0,,
pohang,1khz_50ns_20deci_2m_UTC_20190803_170659.463.tdms,0021_1khz_50ns_20deci_2m_UTC_20190803_170659.463\seg_004.png,4,4,5,0,,
pohang,1khz_50ns_20deci_2m_UTC_20190803_170659.463.tdms,0021_1khz_50ns_20deci_2m_UTC_20190803_170659.463\seg_005.png,5,5,6,0,,
pohang,1khz_50ns_20deci_2m_UTC_20190803_170659.463.tdms,0021_1khz_50ns_20deci_2m_UTC_20190803_170659.463\seg_006.png,6,6,7,0,,
pohang,1khz_50ns_20deci_2m_UTC_20190803_170659.463.tdms,0021_1khz_50ns_20deci_2m_UTC_20190803_170659.463\seg_007.png,7,7,8,0,,
pohang,1khz_50ns_20deci_2m_UTC_20190803_170659.463.tdms,0021_1khz_50ns_20deci_2m_UTC_20190803_170659.463\seg_008.png,8,8,9,0,,
pohang,1khz_50ns_20deci_2m_UTC_20190803_170659.463.tdms,0021_1khz_50ns_20deci_2m_UTC_20190803_170659.463\seg_009.png,9,9,10,0,,
pohang,1khz_50ns_20deci_2m_UTC_20190803_170659.463.tdms,0021_1khz_50ns_20deci_2m_UTC_20190803_170659.463\seg_010.png,10,10,11,0,,
pohang,1khz_50ns_20deci_2m_UTC_20190803_170659.463.tdms,0021_1khz_50ns_20deci_2m_UTC_20190803_170659.463\seg_011.png,11,11,12,0,,
pohang,1khz_50ns_20deci_2m_UTC_20190803_170659.463.tdms,0021_1khz_50ns_20deci_2m_UTC_20190803_170659.463\seg_012.png,12,12,13,0,,
pohang,1khz_50ns_20deci_2m_UTC_20190803_170659.463.tdms,0021_1khz_50ns_20deci_2m_UTC_20190803_170659.463\seg_013.png,13,13,14,0,,
pohang,1khz_50ns_20deci_2m_UTC_20190803_170659.463.tdms,0021_1khz_50ns_20deci_2m_UTC_20190803_170659.463\seg_014.png,14,14,15,1,,
pohang,1khz_50ns_20deci_2m_UTC_20190803_170659.463.tdms,0021_1khz_50ns_20deci_2m_UTC_20190803_170659.463\seg_015.png,15,15,16,1,,
pohang,1khz_50ns_20deci_2m_UTC_20190803_170659.463.tdms,0021_1khz_50ns_20deci_2m_UTC_20190803_170659.463\seg_016.png,16,16,17,1,,
pohang,1khz_50ns_20deci_2m_UTC_20190803_170659.463.tdms,0021_1khz_50ns_20deci_2m_UTC_20190803_170659.463\seg_017.png,17,17,18,1,,
pohang,1khz_50ns_20deci_2m_UTC_20190803_170659.463.tdms,0021_1khz_50ns_20deci_2m_UTC_20190803_170659.463\seg_018.png,18,18,19,1,,
pohang,1khz_50ns_20deci_2m_UTC_20190803_170659.463.tdms,0021_1khz_50ns_20deci_2m_UTC_20190803_170659.463\seg_019.png,19,19,20,1,,
pohang,1khz_50ns_20deci_2m_UTC_20190803_170659.463.tdms,0021_1khz_50ns_20deci_2m_UTC_20190803_170659.463\seg_020.png,20,20,21,1,,
pohang,1khz_50ns_20deci_2m_UTC_20190803_170659.463.tdms,0021_1khz_50ns_20deci_2m_UTC_20190803_170659.463\seg_021.png,21,21,22,1,,
pohang,1khz_50ns_20deci_2m_UTC_20190803_170659.463.tdms,0021_1khz_50ns_20deci_2m_UTC_20190803_170659.463\seg_022.png,22,22,23,1,,
pohang,1khz_50ns_20deci_2m_UTC_20190803_170659.463.tdms,0021_1khz_50ns_20deci_2m_UTC_20190803_170659.463\seg_023.png,23,23,24,1,,
pohang,1khz_50ns_20deci_2m_UTC_20190803_170659.463.tdms,0021_1khz_50ns_20deci_2m_UTC_20190803_170659.463\seg_024.png,24,24,25,1,,
pohang,1khz_50ns_20deci_2m_UTC_20190803_170659.463.tdms,0021_1khz_50ns_20deci_2m_UTC_20190803_170659.463\seg_025.png,25,25,26,1,,
pohang,1khz_50ns_20deci_2m_UTC_20190803_170659.463.tdms,0021_1khz_50ns_20deci_2m_UTC_20190803_170659.463\seg_026.png,26,26,27,1,,
pohang,1khz_50ns_20deci_2m_UTC_20190803_170659.463.tdms,0021_1khz_50ns_20deci_2m_UTC_20190803_170659.463\seg_027.png,27,27,28,1,,
pohang,1khz_50ns_20deci_2m_UTC_20190803_170659.463.tdms,0021_1khz_50ns_20deci_2m_UTC_20190803_170659.463\seg_028.png,28,28,29,1,,
pohang,1khz_50ns_20deci_2m_UTC_20190803_170659.463.tdms,0021_1khz_50ns_20deci_2m_UTC_20190803_170659.463\seg_029.png,29,29,30,1,,
pohang,1khz_50ns_20deci_2m_UTC_20190804_081559.449.tdms,0022_1khz_50ns_20deci_2m_UTC_20190804_081559.449\seg_000.png,0,0,1,0,,
pohang,1khz_50ns_20deci_2m_UTC_20190804_081559.449.tdms,0022_1khz_50ns_20deci_2m_UTC_20190804_081559.449\seg_001.png,1,1,2,0,,
pohang,1khz_50ns_20deci_2m_UTC_20190804_081559.449.tdms,0022_1khz_50ns_20deci_2m_UTC_20190804_081559.449\seg_002.png,2,2,3,0,,
pohang,1khz_50ns_20deci_2m_UTC_20190804_081559.449.tdms,0022_1khz_50ns_20deci_2m_UTC_20190804_081559.449\seg_003.png,3,3,4,0,,
pohang,1khz_50ns_20deci_2m_UTC_20190804_081559.449.tdms,0022_1khz_50ns_20deci_2m_UTC_20190804_081559.449\seg_004.png,4,4,5,0,,
pohang,1khz_50ns_20deci_2m_UTC_20190804_081559.449.tdms,0022_1khz_50ns_20deci_2m_UTC_20190804_081559.449\seg_005.png,5,5,6,0,,
pohang,1khz_50ns_20deci_2m_UTC_20190804_081559.449.tdms,0022_1khz_50ns_20deci_2m_UTC_20190804_081559.449\seg_006.png,6,6,7,0,,
pohang,1khz_50ns_20deci_2m_UTC_20190804_081559.449.tdms,0022_1khz_50ns_20deci_2m_UTC_20190804_081559.449\seg_007.png,7,7,8,0,,
pohang,1khz_50ns_20deci_2m_UTC_20190804_081559.449.tdms,0022_1khz_50ns_20deci_2m_UTC_20190804_081559.449\seg_008.png,8,8,9,0,,
pohang,1khz_50ns_20deci_2m_UTC_20190804_081559.449.tdms,0022_1khz_50ns_20deci_2m_UTC_20190804_081559.449\seg_009.png,9,9,10,0,,
pohang,1khz_50ns_20deci_2m_UTC_20190804_081559.449.tdms,0022_1khz_50ns_20deci_2m_UTC_20190804_081559.449\seg_010.png,10,10,11,0,,
pohang,1khz_50ns_20deci_2m_UTC_20190804_081559.449.tdms,0022_1khz_50ns_20deci_2m_UTC_20190804_081559.449\seg_011.png,11,11,12,0,,
pohang,1khz_50ns_20deci_2m_UTC_20190804_081559.449.tdms,0022_1khz_50ns_20deci_2m_UTC_20190804_081559.449\seg_012.png,12,12,13,0,,
pohang,1khz_50ns_20deci_2m_UTC_20190804_081559.449.tdms,0022_1khz_50ns_20deci_2m_UTC_20190804_081559.449\seg_013.png,13,13,14,0,,
pohang,1khz_50ns_20deci_2m_UTC_20190804_081559.449.tdms,0022_1khz_50ns_20deci_2m_UTC_20190804_081559.449\seg_014.png,14,14,15,0,,
pohang,1khz_50ns_20deci_2m_UTC_20190804_081559.449.tdms,0022_1khz_50ns_20deci_2m_UTC_20190804_081559.449\seg_015.png,15,15,16,0,,
pohang,1khz_50ns_20deci_2m_UTC_20190804_081559.449.tdms,0022_1khz_50ns_20deci_2m_UTC_20190804_081559.449\seg_016.png,16,16,17,0,,
pohang,1khz_50ns_20deci_2m_UTC_20190804_081559.449.tdms,0022_1khz_50ns_20deci_2m_UTC_20190804_081559.449\seg_017.png,17,17,18,0,,
pohang,1khz_50ns_20deci_2m_UTC_20190804_081559.449.tdms,0022_1khz_50ns_20deci_2m_UTC_20190804_081559.449\seg_018.png,18,18,19,0,,
pohang,1khz_50ns_20deci_2m_UTC_20190804_081559.449.tdms,0022_1khz_50ns_20deci_2m_UTC_20190804_081559.449\seg_019.png,19,19,20,0,,
pohang,1khz_50ns_20deci_2m_UTC_20190804_081559.449.tdms,0022_1khz_50ns_20deci_2m_UTC_20190804_081559.449\seg_020.png,20,20,21,0,,
pohang,1khz_50ns_20deci_2m_UTC_20190804_081559.449.tdms,0022_1khz_50ns_20deci_2m_UTC_20190804_081559.449\seg_021.png,21,21,22,0,,
pohang,1khz_50ns_20deci_2m_UTC_20190804_081559.449.tdms,0022_1khz_50ns_20deci_2m_UTC_20190804_081559.449\seg_022.png,22,22,23,0,,
pohang,1khz_50ns_20deci_2m_UTC_20190804_081559.449.tdms,0022_1khz_50ns_20deci_2m_UTC_20190804_081559.449\seg_023.png,23,23,24,0,,
pohang,1khz_50ns_20deci_2m_UTC_20190804_081559.449.tdms,0022_1khz_50ns_20deci_2m_UTC_20190804_081559.449\seg_024.png,24,24,25,0,,
pohang,1khz_50ns_20deci_2m_UTC_20190804_081559.449.tdms,0022_1khz_50ns_20deci_2m_UTC_20190804_081559.449\seg_025.png,25,25,26,0,,
pohang,1khz_50ns_20deci_2m_UTC_20190804_081559.449.tdms,0022_1khz_50ns_20deci_2m_UTC_20190804_081559.449\seg_026.png,26,26,27,0,,
pohang,1khz_50ns_20deci_2m_UTC_20190804_081559.449.tdms,0022_1khz_50ns_20deci_2m_UTC_20190804_081559.449\seg_027.png,27,27,28,0,,
pohang,1khz_50ns_20deci_2m_UTC_20190804_081559.449.tdms,0022_1khz_50ns_20deci_2m_UTC_20190804_081559.449\seg_028.png,28,28,29,1,,
pohang,1khz_50ns_20deci_2m_UTC_20190804_081559.449.tdms,0022_1khz_50ns_20deci_2m_UTC_20190804_081559.449\seg_029.png,29,29,30,1,,
pohang,1khz_50ns_20deci_2m_UTC_20190806_145929.395.tdms,0023_1khz_50ns_20deci_2m_UTC_20190806_145929.395\seg_000.png,0,0,1,0,,
pohang,1khz_50ns_20deci_2m_UTC_20190806_145929.395.tdms,0023_1khz_50ns_20deci_2m_UTC_20190806_145929.395\seg_001.png,1,1,2,0,,
pohang,1khz_50ns_20deci_2m_UTC_20190806_145929.395.tdms,0023_1khz_50ns_20deci_2m_UTC_20190806_145929.395\seg_002.png,2,2,3,0,,
pohang,1khz_50ns_20deci_2m_UTC_20190806_145929.395.tdms,0023_1khz_50ns_20deci_2m_UTC_20190806_145929.395\seg_003.png,3,3,4,0,,
pohang,1khz_50ns_20deci_2m_UTC_20190806_145929.395.tdms,0023_1khz_50ns_20deci_2m_UTC_20190806_145929.395\seg_004.png,4,4,5,0,,
pohang,1khz_50ns_20deci_2m_UTC_20190806_145929.395.tdms,0023_1khz_50ns_20deci_2m_UTC_20190806_145929.395\seg_005.png,5,5,6,0,,
pohang,1khz_50ns_20deci_2m_UTC_20190806_145929.395.tdms,0023_1khz_50ns_20deci_2m_UTC_20190806_145929.395\seg_006.png,6,6,7,0,,
pohang,1khz_50ns_20deci_2m_UTC_20190806_145929.395.tdms,0023_1khz_50ns_20deci_2m_UTC_20190806_145929.395\seg_007.png,7,7,8,0,,
pohang,1khz_50ns_20deci_2m_UTC_20190806_145929.395.tdms,0023_1khz_50ns_20deci_2m_UTC_20190806_145929.395\seg_008.png,8,8,9,0,,
pohang,1khz_50ns_20deci_2m_UTC_20190806_145929.395.tdms,0023_1khz_50ns_20deci_2m_UTC_20190806_145929.395\seg_009.png,9,9,10,0,,
pohang,1khz_50ns_20deci_2m_UTC_20190806_145929.395.tdms,0023_1khz_50ns_20deci_2m_UTC_20190806_145929.395\seg_010.png,10,10,11,0,,
pohang,1khz_50ns_20deci_2m_UTC_20190806_145929.395.tdms,0023_1khz_50ns_20deci_2m_UTC_20190806_145929.395\seg_011.png,11,11,12,0,,
pohang,1khz_50ns_20deci_2m_UTC_20190806_145929.395.tdms,0023_1khz_50ns_20deci_2m_UTC_20190806_145929.395\seg_012.png,12,12,13,0,,
pohang,1khz_50ns_20deci_2m_UTC_20190806_145929.395.tdms,0023_1khz_50ns_20deci_2m_UTC_20190806_145929.395\seg_013.png,13,13,14,0,,
pohang,1khz_50ns_20deci_2m_UTC_20190806_145929.395.tdms,0023_1khz_50ns_20deci_2m_UTC_20190806_145929.395\seg_014.png,14,14,15,0,,
pohang,1khz_50ns_20deci_2m_UTC_20190806_145929.395.tdms,0023_1khz_50ns_20deci_2m_UTC_20190806_145929.395\seg_015.png,15,15,16,0,,
pohang,1khz_50ns_20deci_2m_UTC_20190806_145929.395.tdms,0023_1khz_50ns_20deci_2m_UTC_20190806_145929.395\seg_016.png,16,16,17,0,,
pohang,1khz_50ns_20deci_2m_UTC_20190806_145929.395.tdms,0023_1khz_50ns_20deci_2m_UTC_20190806_145929.395\seg_017.png,17,17,18,0,,
pohang,1khz_50ns_20deci_2m_UTC_20190806_145929.395.tdms,0023_1khz_50ns_20deci_2m_UTC_20190806_145929.395\seg_018.png,18,18,19,0,,
pohang,1khz_50ns_20deci_2m_UTC_20190806_145929.395.tdms,0023_1khz_50ns_20deci_2m_UTC_20190806_145929.395\seg_019.png,19,19,20,0,,
pohang,1khz_50ns_20deci_2m_UTC_20190806_145929.395.tdms,0023_1khz_50ns_20deci_2m_UTC_20190806_145929.395\seg_020.png,20,20,21,0,,
pohang,1khz_50ns_20deci_2m_UTC_20190806_145929.395.tdms,0023_1khz_50ns_20deci_2m_UTC_20190806_145929.395\seg_021.png,21,21,22,0,,
pohang,1khz_50ns_20deci_2m_UTC_20190806_145929.395.tdms,0023_1khz_50ns_20deci_2m_UTC_20190806_145929.395\seg_022.png,22,22,23,0,,
pohang,1khz_50ns_20deci_2m_UTC_20190806_145929.395.tdms,0023_1khz_50ns_20deci_2m_UTC_20190806_145929.395\seg_023.png,23,23,24,0,,
pohang,1khz_50ns_20deci_2m_UTC_20190806_145929.395.tdms,0023_1khz_50ns_20deci_2m_UTC_20190806_145929.395\seg_024.png,24,24,25,0,,
pohang,1khz_50ns_20deci_2m_UTC_20190806_145929.395.tdms,0023_1khz_50ns_20deci_2m_UTC_20190806_145929.395\seg_025.png,25,25,26,0,,
pohang,1khz_50ns_20deci_2m_UTC_20190806_145929.395.tdms,0023_1khz_50ns_20deci_2m_UTC_20190806_145929.395\seg_026.png,26,26,27,0,,
pohang,1khz_50ns_20deci_2m_UTC_20190806_145929.395.tdms,0023_1khz_50ns_20deci_2m_UTC_20190806_145929.395\seg_027.png,27,27,28,0,,
pohang,1khz_50ns_20deci_2m_UTC_20190806_145929.395.tdms,0023_1khz_50ns_20deci_2m_UTC_20190806_145929.395\seg_028.png,28,28,29,0,,
pohang,1khz_50ns_20deci_2m_UTC_20190806_145929.395.tdms,0023_1khz_50ns_20deci_2m_UTC_20190806_145929.395\seg_029.png,29,29,30,0,,
pohang,1khz_50ns_20deci_2m_UTC_20190816_190730.000.tdms,0024_1khz_50ns_20deci_2m_UTC_20190816_190730.000\seg_000.png,0,0,1,0,,
pohang,1khz_50ns_20deci_2m_UTC_20190816_190730.000.tdms,0024_1khz_50ns_20deci_2m_UTC_20190816_190730.000\seg_001.png,1,1,2,0,,
pohang,1khz_50ns_20deci_2m_UTC_20190816_190730.000.tdms,0024_1khz_50ns_20deci_2m_UTC_20190816_190730.000\seg_002.png,2,2,3,1,,
pohang,1khz_50ns_20deci_2m_UTC_20190816_190730.000.tdms,0024_1khz_50ns_20deci_2m_UTC_20190816_190730.000\seg_003.png,3,3,4,1,,
pohang,1khz_50ns_20deci_2m_UTC_20190816_190730.000.tdms,0024_1khz_50ns_20deci_2m_UTC_20190816_190730.000\seg_004.png,4,4,5,1,,
pohang,1khz_50ns_20deci_2m_UTC_20190816_190730.000.tdms,0024_1khz_50ns_20deci_2m_UTC_20190816_190730.000\seg_005.png,5,5,6,1,,
pohang,1khz_50ns_20deci_2m_UTC_20190816_190730.000.tdms,0024_1khz_50ns_20deci_2m_UTC_20190816_190730.000\seg_006.png,6,6,7,1,,
pohang,1khz_50ns_20deci_2m_UTC_20190816_190730.000.tdms,0024_1khz_50ns_20deci_2m_UTC_20190816_190730.000\seg_007.png,7,7,8,1,,
pohang,1khz_50ns_20deci_2m_UTC_20190816_190730.000.tdms,0024_1khz_50ns_20deci_2m_UTC_20190816_190730.000\seg_008.png,8,8,9,1,,
pohang,1khz_50ns_20deci_2m_UTC_20190816_190730.000.tdms,0024_1khz_50ns_20deci_2m_UTC_20190816_190730.000\seg_009.png,9,9,10,1,,
pohang,1khz_50ns_20deci_2m_UTC_20190816_190730.000.tdms,0024_1khz_50ns_20deci_2m_UTC_20190816_190730.000\seg_010.png,10,10,11,1,,
pohang,1khz_50ns_20deci_2m_UTC_20190816_190730.000.tdms,0024_1khz_50ns_20deci_2m_UTC_20190816_190730.000\seg_011.png,11,11,12,1,,
pohang,1khz_50ns_20deci_2m_UTC_20190816_190730.000.tdms,0024_1khz_50ns_20deci_2m_UTC_20190816_190730.000\seg_012.png,12,12,13,1,,
pohang,1khz_50ns_20deci_2m_UTC_20190816_190730.000.tdms,0024_1khz_50ns_20deci_2m_UTC_20190816_190730.000\seg_013.png,13,13,14,1,,
pohang,1khz_50ns_20deci_2m_UTC_20190816_190730.000.tdms,0024_1khz_50ns_20deci_2m_UTC_20190816_190730.000\seg_014.png,14,14,15,1,,
pohang,1khz_50ns_20deci_2m_UTC_20190816_190730.000.tdms,0024_1khz_50ns_20deci_2m_UTC_20190816_190730.000\seg_015.png,15,15,16,1,,
pohang,1khz_50ns_20deci_2m_UTC_20190816_190730.000.tdms,0024_1khz_50ns_20deci_2m_UTC_20190816_190730.000\seg_016.png,16,16,17,1,,
pohang,1khz_50ns_20deci_2m_UTC_20190816_190730.000.tdms,0024_1khz_50ns_20deci_2m_UTC_20190816_190730.000\seg_017.png,17,17,18,1,,
pohang,1khz_50ns_20deci_2m_UTC_20190816_190730.000.tdms,0024_1khz_50ns_20deci_2m_UTC_20190816_190730.000\seg_018.png,18,18,19,1,,
pohang,1khz_50ns_20deci_2m_UTC_20190816_190730.000.tdms,0024_1khz_50ns_20deci_2m_UTC_20190816_190730.000\seg_019.png,19,19,20,1,,
pohang,1khz_50ns_20deci_2m_UTC_20190816_190730.000.tdms,0024_1khz_50ns_20deci_2m_UTC_20190816_190730.000\seg_020.png,20,20,21,1,,
pohang,1khz_50ns_20deci_2m_UTC_20190816_190730.000.tdms,0024_1khz_50ns_20deci_2m_UTC_20190816_190730.000\seg_021.png,21,21,22,1,,
pohang,1khz_50ns_20deci_2m_UTC_20190816_190730.000.tdms,0024_1khz_50ns_20deci_2m_UTC_20190816_190730.000\seg_022.png,22,22,23,1,,
pohang,1khz_50ns_20deci_2m_UTC_20190816_190730.000.tdms,0024_1khz_50ns_20deci_2m_UTC_20190816_190730.000\seg_023.png,23,23,24,1,,
pohang,1khz_50ns_20deci_2m_UTC_20190816_190730.000.tdms,0024_1khz_50ns_20deci_2m_UTC_20190816_190730.000\seg_024.png,24,24,25,1,,
pohang,1khz_50ns_20deci_2m_UTC_20190816_190730.000.tdms,0024_1khz_50ns_20deci_2m_UTC_20190816_190730.000\seg_025.png,25,25,26,1,,
pohang,1khz_50ns_20deci_2m_UTC_20190816_190730.000.tdms,0024_1khz_50ns_20deci_2m_UTC_20190816_190730.000\seg_026.png,26,26,27,1,,
pohang,1khz_50ns_20deci_2m_UTC_20190816_190730.000.tdms,0024_1khz_50ns_20deci_2m_UTC_20190816_190730.000\seg_027.png,27,27,28,1,,
pohang,1khz_50ns_20deci_2m_UTC_20190816_190730.000.tdms,0024_1khz_50ns_20deci_2m_UTC_20190816_190730.000\seg_028.png,28,28,29,1,,
pohang,1khz_50ns_20deci_2m_UTC_20190816_190730.000.tdms,0024_1khz_50ns_20deci_2m_UTC_20190816_190730.000\seg_029.png,29,29,30,1,,
pohang,1khz_50ns_20deci_2m_UTC_20190818_064830.000.tdms,0025_1khz_50ns_20deci_2m_UTC_20190818_064830.000\seg_000.png,0,0,1,0,,
pohang,1khz_50ns_20deci_2m_UTC_20190818_064830.000.tdms,0025_1khz_50ns_20deci_2m_UTC_20190818_064830.000\seg_001.png,1,1,2,0,,
pohang,1khz_50ns_20deci_2m_UTC_20190818_064830.000.tdms,0025_1khz_50ns_20deci_2m_UTC_20190818_064830.000\seg_002.png,2,2,3,0,,
pohang,1khz_50ns_20deci_2m_UTC_20190818_064830.000.tdms,0025_1khz_50ns_20deci_2m_UTC_20190818_064830.000\seg_003.png,3,3,4,0,,
pohang,1khz_50ns_20deci_2m_UTC_20190818_064830.000.tdms,0025_1khz_50ns_20deci_2m_UTC_20190818_064830.000\seg_004.png,4,4,5,0,,
pohang,1khz_50ns_20deci_2m_UTC_20190818_064830.000.tdms,0025_1khz_50ns_20deci_2m_UTC_20190818_064830.000\seg_005.png,5,5,6,0,,
pohang,1khz_50ns_20deci_2m_UTC_20190818_064830.000.tdms,0025_1khz_50ns_20deci_2m_UTC_20190818_064830.000\seg_006.png,6,6,7,0,,
pohang,1khz_50ns_20deci_2m_UTC_20190818_064830.000.tdms,0025_1khz_50ns_20deci_2m_UTC_20190818_064830.000\seg_007.png,7,7,8,0,,
pohang,1khz_50ns_20deci_2m_UTC_20190818_064830.000.tdms,0025_1khz_50ns_20deci_2m_UTC_20190818_064830.000\seg_008.png,8,8,9,0,,
pohang,1khz_50ns_20deci_2m_UTC_20190818_064830.000.tdms,0025_1khz_50ns_20deci_2m_UTC_20190818_064830.000\seg_009.png,9,9,10,1,,
pohang,1khz_50ns_20deci_2m_UTC_20190818_064830.000.tdms,0025_1khz_50ns_20deci_2m_UTC_20190818_064830.000\seg_010.png,10,10,11,1,,
pohang,1khz_50ns_20deci_2m_UTC_20190818_064830.000.tdms,0025_1khz_50ns_20deci_2m_UTC_20190818_064830.000\seg_011.png,11,11,12,1,,
pohang,1khz_50ns_20deci_2m_UTC_20190818_064830.000.tdms,0025_1khz_50ns_20deci_2m_UTC_20190818_064830.000\seg_012.png,12,12,13,1,,
pohang,1khz_50ns_20deci_2m_UTC_20190818_064830.000.tdms,0025_1khz_50ns_20deci_2m_UTC_20190818_064830.000\seg_013.png,13,13,14,1,,
pohang,1khz_50ns_20deci_2m_UTC_20190818_064830.000.tdms,0025_1khz_50ns_20deci_2m_UTC_20190818_064830.000\seg_014.png,14,14,15,1,,
pohang,1khz_50ns_20deci_2m_UTC_20190818_064830.000.tdms,0025_1khz_50ns_20deci_2m_UTC_20190818_064830.000\seg_015.png,15,15,16,1,,
pohang,1khz_50ns_20deci_2m_UTC_20190818_064830.000.tdms,0025_1khz_50ns_20deci_2m_UTC_20190818_064830.000\seg_016.png,16,16,17,1,,
pohang,1khz_50ns_20deci_2m_UTC_20190818_064830.000.tdms,0025_1khz_50ns_20deci_2m_UTC_20190818_064830.000\seg_017.png,17,17,18,1,,
pohang,1khz_50ns_20deci_2m_UTC_20190818_064830.000.tdms,0025_1khz_50ns_20deci_2m_UTC_20190818_064830.000\seg_018.png,18,18,19,1,,
pohang,1khz_50ns_20deci_2m_UTC_20190818_064830.000.tdms,0025_1khz_50ns_20deci_2m_UTC_20190818_064830.000\seg_019.png,19,19,20,1,,
pohang,1khz_50ns_20deci_2m_UTC_20190818_064830.000.tdms,0025_1khz_50ns_20deci_2m_UTC_20190818_064830.000\seg_020.png,20,20,21,1,,
pohang,1khz_50ns_20deci_2m_UTC_20190818_064830.000.tdms,0025_1khz_50ns_20deci_2m_UTC_20190818_064830.000\seg_021.png,21,21,22,1,,
pohang,1khz_50ns_20deci_2m_UTC_20190818_064830.000.tdms,0025_1khz_50ns_20deci_2m_UTC_20190818_064830.000\seg_022.png,22,22,23,1,,
pohang,1khz_50ns_20deci_2m_UTC_20190818_064830.000.tdms,0025_1khz_50ns_20deci_2m_UTC_20190818_064830.000\seg_023.png,23,23,24,1,,
pohang,1khz_50ns_20deci_2m_UTC_20190818_064830.000.tdms,0025_1khz_50ns_20deci_2m_UTC_20190818_064830.000\seg_024.png,24,24,25,1,,
pohang,1khz_50ns_20deci_2m_UTC_20190818_064830.000.tdms,0025_1khz_50ns_20deci_2m_UTC_20190818_064830.000\seg_025.png,25,25,26,1,,
pohang,1khz_50ns_20deci_2m_UTC_20190818_064830.000.tdms,0025_1khz_50ns_20deci_2m_UTC_20190818_064830.000\seg_026.png,26,26,27,0,,
pohang,1khz_50ns_20deci_2m_UTC_20190818_064830.000.tdms,0025_1khz_50ns_20deci_2m_UTC_20190818_064830.000\seg_027.png,27,27,28,0,,
pohang,1khz_50ns_20deci_2m_UTC_20190818_064830.000.tdms,0025_1khz_50ns_20deci_2m_UTC_20190818_064830.000\seg_028.png,28,28,29,0,,
pohang,1khz_50ns_20deci_2m_UTC_20190818_064830.000.tdms,0025_1khz_50ns_20deci_2m_UTC_20190818_064830.000\seg_029.png,29,29,30,0,,
pohang,1khz_50ns_20deci_2m_UTC_20190818_090630.000.tdms,0026_1khz_50ns_20deci_2m_UTC_20190818_090630.000\seg_000.png,0,0,1,0,,
pohang,1khz_50ns_20deci_2m_UTC_20190818_090630.000.tdms,0026_1khz_50ns_20deci_2m_UTC_20190818_090630.000\seg_001.png,1,1,2,0,,
pohang,1khz_50ns_20deci_2m_UTC_20190818_090630.000.tdms,0026_1khz_50ns_20deci_2m_UTC_20190818_090630.000\seg_002.png,2,2,3,0,,
pohang,1khz_50ns_20deci_2m_UTC_20190818_090630.000.tdms,0026_1khz_50ns_20deci_2m_UTC_20190818_090630.000\seg_003.png,3,3,4,0,,
pohang,1khz_50ns_20deci_2m_UTC_20190818_090630.000.tdms,0026_1khz_50ns_20deci_2m_UTC_20190818_090630.000\seg_004.png,4,4,5,0,,
pohang,1khz_50ns_20deci_2m_UTC_20190818_090630.000.tdms,0026_1khz_50ns_20deci_2m_UTC_20190818_090630.000\seg_005.png,5,5,6,0,,
pohang,1khz_50ns_20deci_2m_UTC_20190818_090630.000.tdms,0026_1khz_50ns_20deci_2m_UTC_20190818_090630.000\seg_006.png,6,6,7,0,,
pohang,1khz_50ns_20deci_2m_UTC_20190818_090630.000.tdms,0026_1khz_50ns_20deci_2m_UTC_20190818_090630.000\seg_007.png,7,7,8,0,,
pohang,1khz_50ns_20deci_2m_UTC_20190818_090630.000.tdms,0026_1khz_50ns_20deci_2m_UTC_20190818_090630.000\seg_008.png,8,8,9,0,,
pohang,1khz_50ns_20deci_2m_UTC_20190818_090630.000.tdms,0026_1khz_50ns_20deci_2m_UTC_20190818_090630.000\seg_009.png,9,9,10,0,,
pohang,1khz_50ns_20deci_2m_UTC_20190818_090630.000.tdms,0026_1khz_50ns_20deci_2m_UTC_20190818_090630.000\seg_010.png,10,10,11,0,,
pohang,1khz_50ns_20deci_2m_UTC_20190818_090630.000.tdms,0026_1khz_50ns_20deci_2m_UTC_20190818_090630.000\seg_011.png,11,11,12,0,,
pohang,1khz_50ns_20deci_2m_UTC_20190818_090630.000.tdms,0026_1khz_50ns_20deci_2m_UTC_20190818_090630.000\seg_012.png,12,12,13,0,,
pohang,1khz_50ns_20deci_2m_UTC_20190818_090630.000.tdms,0026_1khz_50ns_20deci_2m_UTC_20190818_090630.000\seg_013.png,13,13,14,0,,
pohang,1khz_50ns_20deci_2m_UTC_20190818_090630.000.tdms,0026_1khz_50ns_20deci_2m_UTC_20190818_090630.000\seg_014.png,14,14,15,0,,
pohang,1khz_50ns_20deci_2m_UTC_20190818_090630.000.tdms,0026_1khz_50ns_20deci_2m_UTC_20190818_090630.000\seg_015.png,15,15,16,0,,
pohang,1khz_50ns_20deci_2m_UTC_20190818_090630.000.tdms,0026_1khz_50ns_20deci_2m_UTC_20190818_090630.000\seg_016.png,16,16,17,0,,
pohang,1khz_50ns_20deci_2m_UTC_20190818_090630.000.tdms,0026_1khz_50ns_20deci_2m_UTC_20190818_090630.000\seg_017.png,17,17,18,0,,
pohang,1khz_50ns_20deci_2m_UTC_20190818_090630.000.tdms,0026_1khz_50ns_20deci_2m_UTC_20190818_090630.000\seg_018.png,18,18,19,0,,
pohang,1khz_50ns_20deci_2m_UTC_20190818_090630.000.tdms,0026_1khz_50ns_20deci_2m_UTC_20190818_090630.000\seg_019.png,19,19,20,0,,
pohang,1khz_50ns_20deci_2m_UTC_20190818_090630.000.tdms,0026_1khz_50ns_20deci_2m_UTC_20190818_090630.000\seg_020.png,20,20,21,0,,
pohang,1khz_50ns_20deci_2m_UTC_20190818_090630.000.tdms,0026_1khz_50ns_20deci_2m_UTC_20190818_090630.000\seg_021.png,21,21,22,0,,
pohang,1khz_50ns_20deci_2m_UTC_20190818_090630.000.tdms,0026_1khz_50ns_20deci_2m_UTC_20190818_090630.000\seg_022.png,22,22,23,0,,
pohang,1khz_50ns_20deci_2m_UTC_20190818_090630.000.tdms,0026_1khz_50ns_20deci_2m_UTC_20190818_090630.000\seg_023.png,23,23,24,0,,
pohang,1khz_50ns_20deci_2m_UTC_20190818_090630.000.tdms,0026_1khz_50ns_20deci_2m_UTC_20190818_090630.000\seg_024.png,24,24,25,0,,
pohang,1khz_50ns_20deci_2m_UTC_20190818_090630.000.tdms,0026_1khz_50ns_20deci_2m_UTC_20190818_090630.000\seg_025.png,25,25,26,0,,
pohang,1khz_50ns_20deci_2m_UTC_20190818_090630.000.tdms,0026_1khz_50ns_20deci_2m_UTC_20190818_090630.000\seg_026.png,26,26,27,0,,
pohang,1khz_50ns_20deci_2m_UTC_20190818_090630.000.tdms,0026_1khz_50ns_20deci_2m_UTC_20190818_090630.000\seg_027.png,27,27,28,1,,
pohang,1khz_50ns_20deci_2m_UTC_20190818_090630.000.tdms,0026_1khz_50ns_20deci_2m_UTC_20190818_090630.000\seg_028.png,28,28,29,1,,
pohang,1khz_50ns_20deci_2m_UTC_20190818_090630.000.tdms,0026_1khz_50ns_20deci_2m_UTC_20190818_090630.000\seg_029.png,29,29,30,1,,
pohang,1khz_50ns_20deci_2m_UTC_20190818_152200.000.tdms,0027_1khz_50ns_20deci_2m_UTC_20190818_152200.000\seg_000.png,0,0,1,0,,
pohang,1khz_50ns_20deci_2m_UTC_20190818_152200.000.tdms,0027_1khz_50ns_20deci_2m_UTC_20190818_152200.000\seg_001.png,1,1,2,0,,
pohang,1khz_50ns_20deci_2m_UTC_20190818_152200.000.tdms,0027_1khz_50ns_20deci_2m_UTC_20190818_152200.000\seg_002.png,2,2,3,0,,
pohang,1khz_50ns_20deci_2m_UTC_20190818_152200.000.tdms,0027_1khz_50ns_20deci_2m_UTC_20190818_152200.000\seg_003.png,3,3,4,0,,
pohang,1khz_50ns_20deci_2m_UTC_20190818_152200.000.tdms,0027_1khz_50ns_20deci_2m_UTC_20190818_152200.000\seg_004.png,4,4,5,0,,
pohang,1khz_50ns_20deci_2m_UTC_20190818_152200.000.tdms,0027_1khz_50ns_20deci_2m_UTC_20190818_152200.000\seg_005.png,5,5,6,0,,
pohang,1khz_50ns_20deci_2m_UTC_20190818_152200.000.tdms,0027_1khz_50ns_20deci_2m_UTC_20190818_152200.000\seg_006.png,6,6,7,0,,
pohang,1khz_50ns_20deci_2m_UTC_20190818_152200.000.tdms,0027_1khz_50ns_20deci_2m_UTC_20190818_152200.000\seg_007.png,7,7,8,0,,
pohang,1khz_50ns_20deci_2m_UTC_20190818_152200.000.tdms,0027_1khz_50ns_20deci_2m_UTC_20190818_152200.000\seg_008.png,8,8,9,0,,
pohang,1khz_50ns_20deci_2m_UTC_20190818_152200.000.tdms,0027_1khz_50ns_20deci_2m_UTC_20190818_152200.000\seg_009.png,9,9,10,0,,
pohang,1khz_50ns_20deci_2m_UTC_20190818_152200.000.tdms,0027_1khz_50ns_20deci_2m_UTC_20190818_152200.000\seg_010.png,10,10,11,0,,
pohang,1khz_50ns_20deci_2m_UTC_20190818_152200.000.tdms,0027_1khz_50ns_20deci_2m_UTC_20190818_152200.000\seg_011.png,11,11,12,0,,
pohang,1khz_50ns_20deci_2m_UTC_20190818_152200.000.tdms,0027_1khz_50ns_20deci_2m_UTC_20190818_152200.000\seg_012.png,12,12,13,0,,
pohang,1khz_50ns_20deci_2m_UTC_20190818_152200.000.tdms,0027_1khz_50ns_20deci_2m_UTC_20190818_152200.000\seg_013.png,13,13,14,0,,
pohang,1khz_50ns_20deci_2m_UTC_20190818_152200.000.tdms,0027_1khz_50ns_20deci_2m_UTC_20190818_152200.000\seg_014.png,14,14,15,0,,
pohang,1khz_50ns_20deci_2m_UTC_20190818_152200.000.tdms,0027_1khz_50ns_20deci_2m_UTC_20190818_152200.000\seg_015.png,15,15,16,0,,
pohang,1khz_50ns_20deci_2m_UTC_20190818_152200.000.tdms,0027_1khz_50ns_20deci_2m_UTC_20190818_152200.000\seg_016.png,16,16,17,0,,
pohang,1khz_50ns_20deci_2m_UTC_20190818_152200.000.tdms,0027_1khz_50ns_20deci_2m_UTC_20190818_152200.000\seg_017.png,17,17,18,0,,
pohang,1khz_50ns_20deci_2m_UTC_20190818_152200.000.tdms,0027_1khz_50ns_20deci_2m_UTC_20190818_152200.000\seg_018.png,18,18,19,1,,
pohang,1khz_50ns_20deci_2m_UTC_20190818_152200.000.tdms,0027_1khz_50ns_20deci_2m_UTC_20190818_152200.000\seg_019.png,19,19,20,1,,
pohang,1khz_50ns_20deci_2m_UTC_20190818_152200.000.tdms,0027_1khz_50ns_20deci_2m_UTC_20190818_152200.000\seg_020.png,20,20,21,1,,
pohang,1khz_50ns_20deci_2m_UTC_20190818_152200.000.tdms,0027_1khz_50ns_20deci_2m_UTC_20190818_152200.000\seg_021.png,21,21,22,1,,
pohang,1khz_50ns_20deci_2m_UTC_20190818_152200.000.tdms,0027_1khz_50ns_20deci_2m_UTC_20190818_152200.000\seg_022.png,22,22,23,1,,
pohang,1khz_50ns_20deci_2m_UTC_20190818_152200.000.tdms,0027_1khz_50ns_20deci_2m_UTC_20190818_152200.000\seg_023.png,23,23,24,1,,
pohang,1khz_50ns_20deci_2m_UTC_20190818_152200.000.tdms,0027_1khz_50ns_20deci_2m_UTC_20190818_152200.000\seg_024.png,24,24,25,1,,
pohang,1khz_50ns_20deci_2m_UTC_20190818_152200.000.tdms,0027_1khz_50ns_20deci_2m_UTC_20190818_152200.000\seg_025.png,25,25,26,1,,
pohang,1khz_50ns_20deci_2m_UTC_20190818_152200.000.tdms,0027_1khz_50ns_20deci_2m_UTC_20190818_152200.000\seg_026.png,26,26,27,1,,
pohang,1khz_50ns_20deci_2m_UTC_20190818_152200.000.tdms,0027_1khz_50ns_20deci_2m_UTC_20190818_152200.000\seg_027.png,27,27,28,1,,
pohang,1khz_50ns_20deci_2m_UTC_20190818_152200.000.tdms,0027_1khz_50ns_20deci_2m_UTC_20190818_152200.000\seg_028.png,28,28,29,1,,
pohang,1khz_50ns_20deci_2m_UTC_20190818_152200.000.tdms,0027_1khz_50ns_20deci_2m_UTC_20190818_152200.000\seg_029.png,29,29,30,1,,
pohang,1khz_50ns_20deci_2m_UTC_20190818_152200.000.tdms,0028_1khz_50ns_20deci_2m_UTC_20190818_152200.000\seg_000.png,0,0,1,0,,
pohang,1khz_50ns_20deci_2m_UTC_20190818_152200.000.tdms,0028_1khz_50ns_20deci_2m_UTC_20190818_152200.000\seg_001.png,1,1,2,0,,
pohang,1khz_50ns_20deci_2m_UTC_20190818_152200.000.tdms,0028_1khz_50ns_20deci_2m_UTC_20190818_152200.000\seg_002.png,2,2,3,0,,
pohang,1khz_50ns_20deci_2m_UTC_20190818_152200.000.tdms,0028_1khz_50ns_20deci_2m_UTC_20190818_152200.000\seg_003.png,3,3,4,0,,
pohang,1khz_50ns_20deci_2m_UTC_20190818_152200.000.tdms,0028_1khz_50ns_20deci_2m_UTC_20190818_152200.000\seg_004.png,4,4,5,0,,
pohang,1khz_50ns_20deci_2m_UTC_20190818_152200.000.tdms,0028_1khz_50ns_20deci_2m_UTC_20190818_152200.000\seg_005.png,5,5,6,0,,
pohang,1khz_50ns_20deci_2m_UTC_20190818_152200.000.tdms,0028_1khz_50ns_20deci_2m_UTC_20190818_152200.000\seg_006.png,6,6,7,0,,
pohang,1khz_50ns_20deci_2m_UTC_20190818_152200.000.tdms,0028_1khz_50ns_20deci_2m_UTC_20190818_152200.000\seg_007.png,7,7,8,0,,
pohang,1khz_50ns_20deci_2m_UTC_20190818_152200.000.tdms,0028_1khz_50ns_20deci_2m_UTC_20190818_152200.000\seg_008.png,8,8,9,0,,
pohang,1khz_50ns_20deci_2m_UTC_20190818_152200.000.tdms,0028_1khz_50ns_20deci_2m_UTC_20190818_152200.000\seg_009.png,9,9,10,0,,
pohang,1khz_50ns_20deci_2m_UTC_20190818_152200.000.tdms,0028_1khz_50ns_20deci_2m_UTC_20190818_152200.000\seg_010.png,10,10,11,0,,
pohang,1khz_50ns_20deci_2m_UTC_20190818_152200.000.tdms,0028_1khz_50ns_20deci_2m_UTC_20190818_152200.000\seg_011.png,11,11,12,0,,
pohang,1khz_50ns_20deci_2m_UTC_20190818_152200.000.tdms,0028_1khz_50ns_20deci_2m_UTC_20190818_152200.000\seg_012.png,12,12,13,0,,
pohang,1khz_50ns_20deci_2m_UTC_20190818_152200.000.tdms,0028_1khz_50ns_20deci_2m_UTC_20190818_152200.000\seg_013.png,13,13,14,0,,
pohang,1khz_50ns_20deci_2m_UTC_20190818_152200.000.tdms,0028_1khz_50ns_20deci_2m_UTC_20190818_152200.000\seg_014.png,14,14,15,0,,
pohang,1khz_50ns_20deci_2m_UTC_20190818_152200.000.tdms,0028_1khz_50ns_20deci_2m_UTC_20190818_152200.000\seg_015.png,15,15,16,0,,
pohang,1khz_50ns_20deci_2m_UTC_20190818_152200.000.tdms,0028_1khz_50ns_20deci_2m_UTC_20190818_152200.000\seg_016.png,16,16,17,0,,
pohang,1khz_50ns_20deci_2m_UTC_20190818_152200.000.tdms,0028_1khz_50ns_20deci_2m_UTC_20190818_152200.000\seg_017.png,17,17,18,0,,
pohang,1khz_50ns_20deci_2m_UTC_20190818_152200.000.tdms,0028_1khz_50ns_20deci_2m_UTC_20190818_152200.000\seg_018.png,18,18,19,1,,
pohang,1khz_50ns_20deci_2m_UTC_20190818_152200.000.tdms,0028_1khz_50ns_20deci_2m_UTC_20190818_152200.000\seg_019.png,19,19,20,1,,
pohang,1khz_50ns_20deci_2m_UTC_20190818_152200.000.tdms,0028_1khz_50ns_20deci_2m_UTC_20190818_152200.000\seg_020.png,20,20,21,1,,
pohang,1khz_50ns_20deci_2m_UTC_20190818_152200.000.tdms,0028_1khz_50ns_20deci_2m_UTC_20190818_152200.000\seg_021.png,21,21,22,1,,
pohang,1khz_50ns_20deci_2m_UTC_20190818_152200.000.tdms,0028_1khz_50ns_20deci_2m_UTC_20190818_152200.000\seg_022.png,22,22,23,1,,
pohang,1khz_50ns_20deci_2m_UTC_20190818_152200.000.tdms,0028_1khz_50ns_20deci_2m_UTC_20190818_152200.000\seg_023.png,23,23,24,1,,
pohang,1khz_50ns_20deci_2m_UTC_20190818_152200.000.tdms,0028_1khz_50ns_20deci_2m_UTC_20190818_152200.000\seg_024.png,24,24,25,1,,
pohang,1khz_50ns_20deci_2m_UTC_20190818_152200.000.tdms,0028_1khz_50ns_20deci_2m_UTC_20190818_152200.000\seg_025.png,25,25,26,1,,
pohang,1khz_50ns_20deci_2m_UTC_20190818_152200.000.tdms,0028_1khz_50ns_20deci_2m_UTC_20190818_152200.000\seg_026.png,26,26,27,1,,
pohang,1khz_50ns_20deci_2m_UTC_20190818_152200.000.tdms,0028_1khz_50ns_20deci_2m_UTC_20190818_152200.000\seg_027.png,27,27,28,1,,
pohang,1khz_50ns_20deci_2m_UTC_20190818_152200.000.tdms,0028_1khz_50ns_20deci_2m_UTC_20190818_152200.000\seg_028.png,28,28,29,1,,
pohang,1khz_50ns_20deci_2m_UTC_20190818_152200.000.tdms,0028_1khz_50ns_20deci_2m_UTC_20190818_152200.000\seg_029.png,29,29,30,1,,
pohang,1khz_50ns_20deci_2m_UTC_20190819_055430.000.tdms,0029_1khz_50ns_20deci_2m_UTC_20190819_055430.000\seg_000.png,0,0,1,0,,
pohang,1khz_50ns_20deci_2m_UTC_20190819_055430.000.tdms,0029_1khz_50ns_20deci_2m_UTC_20190819_055430.000\seg_001.png,1,1,2,0,,
pohang,1khz_50ns_20deci_2m_UTC_20190819_055430.000.tdms,0029_1khz_50ns_20deci_2m_UTC_20190819_055430.000\seg_002.png,2,2,3,0,,
pohang,1khz_50ns_20deci_2m_UTC_20190819_055430.000.tdms,0029_1khz_50ns_20deci_2m_UTC_20190819_055430.000\seg_003.png,3,3,4,0,,
pohang,1khz_50ns_20deci_2m_UTC_20190819_055430.000.tdms,0029_1khz_50ns_20deci_2m_UTC_20190819_055430.000\seg_004.png,4,4,5,0,,
pohang,1khz_50ns_20deci_2m_UTC_20190819_055430.000.tdms,0029_1khz_50ns_20deci_2m_UTC_20190819_055430.000\seg_005.png,5,5,6,0,,
pohang,1khz_50ns_20deci_2m_UTC_20190819_055430.000.tdms,0029_1khz_50ns_20deci_2m_UTC_20190819_055430.000\seg_006.png,6,6,7,0,,
pohang,1khz_50ns_20deci_2m_UTC_20190819_055430.000.tdms,0029_1khz_50ns_20deci_2m_UTC_20190819_055430.000\seg_007.png,7,7,8,0,,
pohang,1khz_50ns_20deci_2m_UTC_20190819_055430.000.tdms,0029_1khz_50ns_20deci_2m_UTC_20190819_055430.000\seg_008.png,8,8,9,0,,
pohang,1khz_50ns_20deci_2m_UTC_20190819_055430.000.tdms,0029_1khz_50ns_20deci_2m_UTC_20190819_055430.000\seg_009.png,9,9,10,0,,
pohang,1khz_50ns_20deci_2m_UTC_20190819_055430.000.tdms,0029_1khz_50ns_20deci_2m_UTC_20190819_055430.000\seg_010.png,10,10,11,0,,
pohang,1khz_50ns_20deci_2m_UTC_20190819_055430.000.tdms,0029_1khz_50ns_20deci_2m_UTC_20190819_055430.000\seg_011.png,11,11,12,0,,
pohang,1khz_50ns_20deci_2m_UTC_20190819_055430.000.tdms,0029_1khz_50ns_20deci_2m_UTC_20190819_055430.000\seg_012.png,12,12,13,0,,
pohang,1khz_50ns_20deci_2m_UTC_20190819_055430.000.tdms,0029_1khz_50ns_20deci_2m_UTC_20190819_055430.000\seg_013.png,13,13,14,0,,
pohang,1khz_50ns_20deci_2m_UTC_20190819_055430.000.tdms,0029_1khz_50ns_20deci_2m_UTC_20190819_055430.000\seg_014.png,14,14,15,0,,
pohang,1khz_50ns_20deci_2m_UTC_20190819_055430.000.tdms,0029_1khz_50ns_20deci_2m_UTC_20190819_055430.000\seg_015.png,15,15,16,0,,
pohang,1khz_50ns_20deci_2m_UTC_20190819_055430.000.tdms,0029_1khz_50ns_20deci_2m_UTC_20190819_055430.000\seg_016.png,16,16,17,0,,
pohang,1khz_50ns_20deci_2m_UTC_20190819_055430.000.tdms,0029_1khz_50ns_20deci_2m_UTC_20190819_055430.000\seg_017.png,17,17,18,0,,
pohang,1khz_50ns_20deci_2m_UTC_20190819_055430.000.tdms,0029_1khz_50ns_20deci_2m_UTC_20190819_055430.000\seg_018.png,18,18,19,0,,
pohang,1khz_50ns_20deci_2m_UTC_20190819_055430.000.tdms,0029_1khz_50ns_20deci_2m_UTC_20190819_055430.000\seg_019.png,19,19,20,0,,
pohang,1khz_50ns_20deci_2m_UTC_20190819_055430.000.tdms,0029_1khz_50ns_20deci_2m_UTC_20190819_055430.000\seg_020.png,20,20,21,0,,
pohang,1khz_50ns_20deci_2m_UTC_20190819_055430.000.tdms,0029_1khz_50ns_20deci_2m_UTC_20190819_055430.000\seg_021.png,21,21,22,0,,
pohang,1khz_50ns_20deci_2m_UTC_20190819_055430.000.tdms,0029_1khz_50ns_20deci_2m_UTC_20190819_055430.000\seg_022.png,22,22,23,0,,
pohang,1khz_50ns_20deci_2m_UTC_20190819_055430.000.tdms,0029_1khz_50ns_20deci_2m_UTC_20190819_055430.000\seg_023.png,23,23,24,0,,
pohang,1khz_50ns_20deci_2m_UTC_20190819_055430.000.tdms,0029_1khz_50ns_20deci_2m_UTC_20190819_055430.000\seg_024.png,24,24,25,0,,
pohang,1khz_50ns_20deci_2m_UTC_20190819_055430.000.tdms,0029_1khz_50ns_20deci_2m_UTC_20190819_055430.000\seg_025.png,25,25,26,0,,
pohang,1khz_50ns_20deci_2m_UTC_20190819_055430.000.tdms,0029_1khz_50ns_20deci_2m_UTC_20190819_055430.000\seg_026.png,26,26,27,0,,
pohang,1khz_50ns_20deci_2m_UTC_20190819_055430.000.tdms,0029_1khz_50ns_20deci_2m_UTC_20190819_055430.000\seg_027.png,27,27,28,0,,
pohang,1khz_50ns_20deci_2m_UTC_20190819_055430.000.tdms,0029_1khz_50ns_20deci_2m_UTC_20190819_055430.000\seg_028.png,28,28,29,0,,
pohang,1khz_50ns_20deci_2m_UTC_20190819_055430.000.tdms,0029_1khz_50ns_20deci_2m_UTC_20190819_055430.000\seg_029.png,29,29,30,0,,
pohang,1khz_50ns_20deci_2m_UTC_20190819_055430.000.tdms,0030_1khz_50ns_20deci_2m_UTC_20190819_055430.000\seg_000.png,0,0,1,0,,
pohang,1khz_50ns_20deci_2m_UTC_20190819_055430.000.tdms,0030_1khz_50ns_20deci_2m_UTC_20190819_055430.000\seg_001.png,1,1,2,0,,
pohang,1khz_50ns_20deci_2m_UTC_20190819_055430.000.tdms,0030_1khz_50ns_20deci_2m_UTC_20190819_055430.000\seg_002.png,2,2,3,0,,
pohang,1khz_50ns_20deci_2m_UTC_20190819_055430.000.tdms,0030_1khz_50ns_20deci_2m_UTC_20190819_055430.000\seg_003.png,3,3,4,0,,
pohang,1khz_50ns_20deci_2m_UTC_20190819_055430.000.tdms,0030_1khz_50ns_20deci_2m_UTC_20190819_055430.000\seg_004.png,4,4,5,0,,
pohang,1khz_50ns_20deci_2m_UTC_20190819_055430.000.tdms,0030_1khz_50ns_20deci_2m_UTC_20190819_055430.000\seg_005.png,5,5,6,0,,
pohang,1khz_50ns_20deci_2m_UTC_20190819_055430.000.tdms,0030_1khz_50ns_20deci_2m_UTC_20190819_055430.000\seg_006.png,6,6,7,0,,
pohang,1khz_50ns_20deci_2m_UTC_20190819_055430.000.tdms,0030_1khz_50ns_20deci_2m_UTC_20190819_055430.000\seg_007.png,7,7,8,0,,
pohang,1khz_50ns_20deci_2m_UTC_20190819_055430.000.tdms,0030_1khz_50ns_20deci_2m_UTC_20190819_055430.000\seg_008.png,8,8,9,0,,
pohang,1khz_50ns_20deci_2m_UTC_20190819_055430.000.tdms,0030_1khz_50ns_20deci_2m_UTC_20190819_055430.000\seg_009.png,9,9,10,0,,
pohang,1khz_50ns_20deci_2m_UTC_20190819_055430.000.tdms,0030_1khz_50ns_20deci_2m_UTC_20190819_055430.000\seg_010.png,10,10,11,0,,
pohang,1khz_50ns_20deci_2m_UTC_20190819_055430.000.tdms,0030_1khz_50ns_20deci_2m_UTC_20190819_055430.000\seg_011.png,11,11,12,0,,
pohang,1khz_50ns_20deci_2m_UTC_20190819_055430.000.tdms,0030_1khz_50ns_20deci_2m_UTC_20190819_055430.000\seg_012.png,12,12,13,0,,
pohang,1khz_50ns_20deci_2m_UTC_20190819_055430.000.tdms,0030_1khz_50ns_20deci_2m_UTC_20190819_055430.000\seg_013.png,13,13,14,0,,
pohang,1khz_50ns_20deci_2m_UTC_20190819_055430.000.tdms,0030_1khz_50ns_20deci_2m_UTC_20190819_055430.000\seg_014.png,14,14,15,0,,
pohang,1khz_50ns_20deci_2m_UTC_20190819_055430.000.tdms,0030_1khz_50ns_20deci_2m_UTC_20190819_055430.000\seg_015.png,15,15,16,0,,
pohang,1khz_50ns_20deci_2m_UTC_20190819_055430.000.tdms,0030_1khz_50ns_20deci_2m_UTC_20190819_055430.000\seg_016.png,16,16,17,0,,
pohang,1khz_50ns_20deci_2m_UTC_20190819_055430.000.tdms,0030_1khz_50ns_20deci_2m_UTC_20190819_055430.000\seg_017.png,17,17,18,0,,
pohang,1khz_50ns_20deci_2m_UTC_20190819_055430.000.tdms,0030_1khz_50ns_20deci_2m_UTC_20190819_055430.000\seg_018.png,18,18,19,0,,
pohang,1khz_50ns_20deci_2m_UTC_20190819_055430.000.tdms,0030_1khz_50ns_20deci_2m_UTC_20190819_055430.000\seg_019.png,19,19,20,0,,
pohang,1khz_50ns_20deci_2m_UTC_20190819_055430.000.tdms,0030_1khz_50ns_20deci_2m_UTC_20190819_055430.000\seg_020.png,20,20,21,0,,
pohang,1khz_50ns_20deci_2m_UTC_20190819_055430.000.tdms,0030_1khz_50ns_20deci_2m_UTC_20190819_055430.000\seg_021.png,21,21,22,0,,
pohang,1khz_50ns_20deci_2m_UTC_20190819_055430.000.tdms,0030_1khz_50ns_20deci_2m_UTC_20190819_055430.000\seg_022.png,22,22,23,0,,
pohang,1khz_50ns_20deci_2m_UTC_20190819_055430.000.tdms,0030_1khz_50ns_20deci_2m_UTC_20190819_055430.000\seg_023.png,23,23,24,0,,
pohang,1khz_50ns_20deci_2m_UTC_20190819_055430.000.tdms,0030_1khz_50ns_20deci_2m_UTC_20190819_055430.000\seg_024.png,24,24,25,0,,
pohang,1khz_50ns_20deci_2m_UTC_20190819_055430.000.tdms,0030_1khz_50ns_20deci_2m_UTC_20190819_055430.000\seg_025.png,25,25,26,0,,
pohang,1khz_50ns_20deci_2m_UTC_20190819_055430.000.tdms,0030_1khz_50ns_20deci_2m_UTC_20190819_055430.000\seg_026.png,26,26,27,0,,
pohang,1khz_50ns_20deci_2m_UTC_20190819_055430.000.tdms,0030_1khz_50ns_20deci_2m_UTC_20190819_055430.000\seg_027.png,27,27,28,0,,
pohang,1khz_50ns_20deci_2m_UTC_20190819_055430.000.tdms,0030_1khz_50ns_20deci_2m_UTC_20190819_055430.000\seg_028.png,28,28,29,0,,
pohang,1khz_50ns_20deci_2m_UTC_20190819_055430.000.tdms,0030_1khz_50ns_20deci_2m_UTC_20190819_055430.000\seg_029.png,29,29,30,0,,
pohang,1khz_50ns_20deci_2m_UTC_20190819_055430.000.tdms,0031_1khz_50ns_20deci_2m_UTC_20190819_055430.000\seg_000.png,0,0,1,0,,
pohang,1khz_50ns_20deci_2m_UTC_20190819_055430.000.tdms,0031_1khz_50ns_20deci_2m_UTC_20190819_055430.000\seg_001.png,1,1,2,0,,
pohang,1khz_50ns_20deci_2m_UTC_20190819_055430.000.tdms,0031_1khz_50ns_20deci_2m_UTC_20190819_055430.000\seg_002.png,2,2,3,0,,
pohang,1khz_50ns_20deci_2m_UTC_20190819_055430.000.tdms,0031_1khz_50ns_20deci_2m_UTC_20190819_055430.000\seg_003.png,3,3,4,0,,
pohang,1khz_50ns_20deci_2m_UTC_20190819_055430.000.tdms,0031_1khz_50ns_20deci_2m_UTC_20190819_055430.000\seg_004.png,4,4,5,0,,
pohang,1khz_50ns_20deci_2m_UTC_20190819_055430.000.tdms,0031_1khz_50ns_20deci_2m_UTC_20190819_055430.000\seg_005.png,5,5,6,0,,
pohang,1khz_50ns_20deci_2m_UTC_20190819_055430.000.tdms,0031_1khz_50ns_20deci_2m_UTC_20190819_055430.000\seg_006.png,6,6,7,0,,
pohang,1khz_50ns_20deci_2m_UTC_20190819_055430.000.tdms,0031_1khz_50ns_20deci_2m_UTC_20190819_055430.000\seg_007.png,7,7,8,0,,
pohang,1khz_50ns_20deci_2m_UTC_20190819_055430.000.tdms,0031_1khz_50ns_20deci_2m_UTC_20190819_055430.000\seg_008.png,8,8,9,0,,
pohang,1khz_50ns_20deci_2m_UTC_20190819_055430.000.tdms,0031_1khz_50ns_20deci_2m_UTC_20190819_055430.000\seg_009.png,9,9,10,0,,
pohang,1khz_50ns_20deci_2m_UTC_20190819_055430.000.tdms,0031_1khz_50ns_20deci_2m_UTC_20190819_055430.000\seg_010.png,10,10,11,0,,
pohang,1khz_50ns_20deci_2m_UTC_20190819_055430.000.tdms,0031_1khz_50ns_20deci_2m_UTC_20190819_055430.000\seg_011.png,11,11,12,0,,
pohang,1khz_50ns_20deci_2m_UTC_20190819_055430.000.tdms,0031_1khz_50ns_20deci_2m_UTC_20190819_055430.000\seg_012.png,12,12,13,0,,
pohang,1khz_50ns_20deci_2m_UTC_20190819_055430.000.tdms,0031_1khz_50ns_20deci_2m_UTC_20190819_055430.000\seg_013.png,13,13,14,0,,
pohang,1khz_50ns_20deci_2m_UTC_20190819_055430.000.tdms,0031_1khz_50ns_20deci_2m_UTC_20190819_055430.000\seg_014.png,14,14,15,0,,
pohang,1khz_50ns_20deci_2m_UTC_20190819_055430.000.tdms,0031_1khz_50ns_20deci_2m_UTC_20190819_055430.000\seg_015.png,15,15,16,0,,
pohang,1khz_50ns_20deci_2m_UTC_20190819_055430.000.tdms,0031_1khz_50ns_20deci_2m_UTC_20190819_055430.000\seg_016.png,16,16,17,0,,
pohang,1khz_50ns_20deci_2m_UTC_20190819_055430.000.tdms,0031_1khz_50ns_20deci_2m_UTC_20190819_055430.000\seg_017.png,17,17,18,0,,
pohang,1khz_50ns_20deci_2m_UTC_20190819_055430.000.tdms,0031_1khz_50ns_20deci_2m_UTC_20190819_055430.000\seg_018.png,18,18,19,0,,
pohang,1khz_50ns_20deci_2m_UTC_20190819_055430.000.tdms,0031_1khz_50ns_20deci_2m_UTC_20190819_055430.000\seg_019.png,19,19,20,0,,
pohang,1khz_50ns_20deci_2m_UTC_20190819_055430.000.tdms,0031_1khz_50ns_20deci_2m_UTC_20190819_055430.000\seg_020.png,20,20,21,0,,
pohang,1khz_50ns_20deci_2m_UTC_20190819_055430.000.tdms,0031_1khz_50ns_20deci_2m_UTC_20190819_055430.000\seg_021.png,21,21,22,0,,
pohang,1khz_50ns_20deci_2m_UTC_20190819_055430.000.tdms,0031_1khz_50ns_20deci_2m_UTC_20190819_055430.000\seg_022.png,22,22,23,0,,
pohang,1khz_50ns_20deci_2m_UTC_20190819_055430.000.tdms,0031_1khz_50ns_20deci_2m_UTC_20190819_055430.000\seg_023.png,23,23,24,0,,
pohang,1khz_50ns_20deci_2m_UTC_20190819_055430.000.tdms,0031_1khz_50ns_20deci_2m_UTC_20190819_055430.000\seg_024.png,24,24,25,0,,
pohang,1khz_50ns_20deci_2m_UTC_20190819_055430.000.tdms,0031_1khz_50ns_20deci_2m_UTC_20190819_055430.000\seg_025.png,25,25,26,0,,
pohang,1khz_50ns_20deci_2m_UTC_20190819_055430.000.tdms,0031_1khz_50ns_20deci_2m_UTC_20190819_055430.000\seg_026.png,26,26,27,0,,
pohang,1khz_50ns_20deci_2m_UTC_20190819_055430.000.tdms,0031_1khz_50ns_20deci_2m_UTC_20190819_055430.000\seg_027.png,27,27,28,0,,
pohang,1khz_50ns_20deci_2m_UTC_20190819_055430.000.tdms,0031_1khz_50ns_20deci_2m_UTC_20190819_055430.000\seg_028.png,28,28,29,0,,
pohang,1khz_50ns_20deci_2m_UTC_20190819_055430.000.tdms,0031_1khz_50ns_20deci_2m_UTC_20190819_055430.000\seg_029.png,29,29,30,0,,
pohang,1khz_50ns_20deci_2m_UTC_20190819_055430.000.tdms,0032_1khz_50ns_20deci_2m_UTC_20190819_055430.000\seg_000.png,0,0,1,0,,
pohang,1khz_50ns_20deci_2m_UTC_20190819_055430.000.tdms,0032_1khz_50ns_20deci_2m_UTC_20190819_055430.000\seg_001.png,1,1,2,0,,
pohang,1khz_50ns_20deci_2m_UTC_20190819_055430.000.tdms,0032_1khz_50ns_20deci_2m_UTC_20190819_055430.000\seg_002.png,2,2,3,0,,
pohang,1khz_50ns_20deci_2m_UTC_20190819_055430.000.tdms,0032_1khz_50ns_20deci_2m_UTC_20190819_055430.000\seg_003.png,3,3,4,0,,
pohang,1khz_50ns_20deci_2m_UTC_20190819_055430.000.tdms,0032_1khz_50ns_20deci_2m_UTC_20190819_055430.000\seg_004.png,4,4,5,0,,
pohang,1khz_50ns_20deci_2m_UTC_20190819_055430.000.tdms,0032_1khz_50ns_20deci_2m_UTC_20190819_055430.000\seg_005.png,5,5,6,0,,
pohang,1khz_50ns_20deci_2m_UTC_20190819_055430.000.tdms,0032_1khz_50ns_20deci_2m_UTC_20190819_055430.000\seg_006.png,6,6,7,0,,
pohang,1khz_50ns_20deci_2m_UTC_20190819_055430.000.tdms,0032_1khz_50ns_20deci_2m_UTC_20190819_055430.000\seg_007.png,7,7,8,0,,
pohang,1khz_50ns_20deci_2m_UTC_20190819_055430.000.tdms,0032_1khz_50ns_20deci_2m_UTC_20190819_055430.000\seg_008.png,8,8,9,0,,
pohang,1khz_50ns_20deci_2m_UTC_20190819_055430.000.tdms,0032_1khz_50ns_20deci_2m_UTC_20190819_055430.000\seg_009.png,9,9,10,0,,
pohang,1khz_50ns_20deci_2m_UTC_20190819_055430.000.tdms,0032_1khz_50ns_20deci_2m_UTC_20190819_055430.000\seg_010.png,10,10,11,0,,
pohang,1khz_50ns_20deci_2m_UTC_20190819_055430.000.tdms,0032_1khz_50ns_20deci_2m_UTC_20190819_055430.000\seg_011.png,11,11,12,0,,
pohang,1khz_50ns_20deci_2m_UTC_20190819_055430.000.tdms,0032_1khz_50ns_20deci_2m_UTC_20190819_055430.000\seg_012.png,12,12,13,0,,
pohang,1khz_50ns_20deci_2m_UTC_20190819_055430.000.tdms,0032_1khz_50ns_20deci_2m_UTC_20190819_055430.000\seg_013.png,13,13,14,0,,
pohang,1khz_50ns_20deci_2m_UTC_20190819_055430.000.tdms,0032_1khz_50ns_20deci_2m_UTC_20190819_055430.000\seg_014.png,14,14,15,0,,
pohang,1khz_50ns_20deci_2m_UTC_20190819_055430.000.tdms,0032_1khz_50ns_20deci_2m_UTC_20190819_055430.000\seg_015.png,15,15,16,0,,
pohang,1khz_50ns_20deci_2m_UTC_20190819_055430.000.tdms,0032_1khz_50ns_20deci_2m_UTC_20190819_055430.000\seg_016.png,16,16,17,0,,
pohang,1khz_50ns_20deci_2m_UTC_20190819_055430.000.tdms,0032_1khz_50ns_20deci_2m_UTC_20190819_055430.000\seg_017.png,17,17,18,0,,
pohang,1khz_50ns_20deci_2m_UTC_20190819_055430.000.tdms,0032_1khz_50ns_20deci_2m_UTC_20190819_055430.000\seg_018.png,18,18,19,0,,
pohang,1khz_50ns_20deci_2m_UTC_20190819_055430.000.tdms,0032_1khz_50ns_20deci_2m_UTC_20190819_055430.000\seg_019.png,19,19,20,0,,
pohang,1khz_50ns_20deci_2m_UTC_20190819_055430.000.tdms,0032_1khz_50ns_20deci_2m_UTC_20190819_055430.000\seg_020.png,20,20,21,0,,
pohang,1khz_50ns_20deci_2m_UTC_20190819_055430.000.tdms,0032_1khz_50ns_20deci_2m_UTC_20190819_055430.000\seg_021.png,21,21,22,0,,
pohang,1khz_50ns_20deci_2m_UTC_20190819_055430.000.tdms,0032_1khz_50ns_20deci_2m_UTC_20190819_055430.000\seg_022.png,22,22,23,0,,
pohang,1khz_50ns_20deci_2m_UTC_20190819_055430.000.tdms,0032_1khz_50ns_20deci_2m_UTC_20190819_055430.000\seg_023.png,23,23,24,0,,
pohang,1khz_50ns_20deci_2m_UTC_20190819_055430.000.tdms,0032_1khz_50ns_20deci_2m_UTC_20190819_055430.000\seg_024.png,24,24,25,0,,
pohang,1khz_50ns_20deci_2m_UTC_20190819_055430.000.tdms,0032_1khz_50ns_20deci_2m_UTC_20190819_055430.000\seg_025.png,25,25,26,0,,
pohang,1khz_50ns_20deci_2m_UTC_20190819_055430.000.tdms,0032_1khz_50ns_20deci_2m_UTC_20190819_055430.000\seg_026.png,26,26,27,0,,
pohang,1khz_50ns_20deci_2m_UTC_20190819_055430.000.tdms,0032_1khz_50ns_20deci_2m_UTC_20190819_055430.000\seg_027.png,27,27,28,0,,
pohang,1khz_50ns_20deci_2m_UTC_20190819_055430.000.tdms,0032_1khz_50ns_20deci_2m_UTC_20190819_055430.000\seg_028.png,28,28,29,0,,
pohang,1khz_50ns_20deci_2m_UTC_20190819_055430.000.tdms,0032_1khz_50ns_20deci_2m_UTC_20190819_055430.000\seg_029.png,29,29,30,0,,
pohang,1khz_50ns_20deci_2m_UTC_20190819_055430.000.tdms,0033_1khz_50ns_20deci_2m_UTC_20190819_055430.000\seg_000.png,0,0,1,0,,
pohang,1khz_50ns_20deci_2m_UTC_20190819_055430.000.tdms,0033_1khz_50ns_20deci_2m_UTC_20190819_055430.000\seg_001.png,1,1,2,0,,
pohang,1khz_50ns_20deci_2m_UTC_20190819_055430.000.tdms,0033_1khz_50ns_20deci_2m_UTC_20190819_055430.000\seg_002.png,2,2,3,0,,
pohang,1khz_50ns_20deci_2m_UTC_20190819_055430.000.tdms,0033_1khz_50ns_20deci_2m_UTC_20190819_055430.000\seg_003.png,3,3,4,0,,
pohang,1khz_50ns_20deci_2m_UTC_20190819_055430.000.tdms,0033_1khz_50ns_20deci_2m_UTC_20190819_055430.000\seg_004.png,4,4,5,0,,
pohang,1khz_50ns_20deci_2m_UTC_20190819_055430.000.tdms,0033_1khz_50ns_20deci_2m_UTC_20190819_055430.000\seg_005.png,5,5,6,0,,
pohang,1khz_50ns_20deci_2m_UTC_20190819_055430.000.tdms,0033_1khz_50ns_20deci_2m_UTC_20190819_055430.000\seg_006.png,6,6,7,0,,
pohang,1khz_50ns_20deci_2m_UTC_20190819_055430.000.tdms,0033_1khz_50ns_20deci_2m_UTC_20190819_055430.000\seg_007.png,7,7,8,0,,
pohang,1khz_50ns_20deci_2m_UTC_20190819_055430.000.tdms,0033_1khz_50ns_20deci_2m_UTC_20190819_055430.000\seg_008.png,8,8,9,0,,
pohang,1khz_50ns_20deci_2m_UTC_20190819_055430.000.tdms,0033_1khz_50ns_20deci_2m_UTC_20190819_055430.000\seg_009.png,9,9,10,0,,
pohang,1khz_50ns_20deci_2m_UTC_20190819_055430.000.tdms,0033_1khz_50ns_20deci_2m_UTC_20190819_055430.000\seg_010.png,10,10,11,0,,
pohang,1khz_50ns_20deci_2m_UTC_20190819_055430.000.tdms,0033_1khz_50ns_20deci_2m_UTC_20190819_055430.000\seg_011.png,11,11,12,0,,
pohang,1khz_50ns_20deci_2m_UTC_20190819_055430.000.tdms,0033_1khz_50ns_20deci_2m_UTC_20190819_055430.000\seg_012.png,12,12,13,0,,
pohang,1khz_50ns_20deci_2m_UTC_20190819_055430.000.tdms,0033_1khz_50ns_20deci_2m_UTC_20190819_055430.000\seg_013.png,13,13,14,0,,
pohang,1khz_50ns_20deci_2m_UTC_20190819_055430.000.tdms,0033_1khz_50ns_20deci_2m_UTC_20190819_055430.000\seg_014.png,14,14,15,0,,
pohang,1khz_50ns_20deci_2m_UTC_20190819_055430.000.tdms,0033_1khz_50ns_20deci_2m_UTC_20190819_055430.000\seg_015.png,15,15,16,0,,
pohang,1khz_50ns_20deci_2m_UTC_20190819_055430.000.tdms,0033_1khz_50ns_20deci_2m_UTC_20190819_055430.000\seg_016.png,16,16,17,0,,
pohang,1khz_50ns_20deci_2m_UTC_20190819_055430.000.tdms,0033_1khz_50ns_20deci_2m_UTC_20190819_055430.000\seg_017.png,17,17,18,0,,
pohang,1khz_50ns_20deci_2m_UTC_20190819_055430.000.tdms,0033_1khz_50ns_20deci_2m_UTC_20190819_055430.000\seg_018.png,18,18,19,0,,
pohang,1khz_50ns_20deci_2m_UTC_20190819_055430.000.tdms,0033_1khz_50ns_20deci_2m_UTC_20190819_055430.000\seg_019.png,19,19,20,0,,
pohang,1khz_50ns_20deci_2m_UTC_20190819_055430.000.tdms,0033_1khz_50ns_20deci_2m_UTC_20190819_055430.000\seg_020.png,20,20,21,0,,
pohang,1khz_50ns_20deci_2m_UTC_20190819_055430.000.tdms,0033_1khz_50ns_20deci_2m_UTC_20190819_055430.000\seg_021.png,21,21,22,0,,
pohang,1khz_50ns_20deci_2m_UTC_20190819_055430.000.tdms,0033_1khz_50ns_20deci_2m_UTC_20190819_055430.000\seg_022.png,22,22,23,0,,
pohang,1khz_50ns_20deci_2m_UTC_20190819_055430.000.tdms,0033_1khz_50ns_20deci_2m_UTC_20190819_055430.000\seg_023.png,23,23,24,0,,
pohang,1khz_50ns_20deci_2m_UTC_20190819_055430.000.tdms,0033_1khz_50ns_20deci_2m_UTC_20190819_055430.000\seg_024.png,24,24,25,0,,
pohang,1khz_50ns_20deci_2m_UTC_20190819_055430.000.tdms,0033_1khz_50ns_20deci_2m_UTC_20190819_055430.000\seg_025.png,25,25,26,0,,
pohang,1khz_50ns_20deci_2m_UTC_20190819_055430.000.tdms,0033_1khz_50ns_20deci_2m_UTC_20190819_055430.000\seg_026.png,26,26,27,0,,
pohang,1khz_50ns_20deci_2m_UTC_20190819_055430.000.tdms,0033_1khz_50ns_20deci_2m_UTC_20190819_055430.000\seg_027.png,27,27,28,0,,
pohang,1khz_50ns_20deci_2m_UTC_20190819_055430.000.tdms,0033_1khz_50ns_20deci_2m_UTC_20190819_055430.000\seg_028.png,28,28,29,0,,
pohang,1khz_50ns_20deci_2m_UTC_20190819_055430.000.tdms,0033_1khz_50ns_20deci_2m_UTC_20190819_055430.000\seg_029.png,29,29,30,0,,
pohang,1khz_50ns_20deci_2m_UTC_20190819_055430.000.tdms,0034_1khz_50ns_20deci_2m_UTC_20190819_055430.000\seg_000.png,0,0,1,0,,
pohang,1khz_50ns_20deci_2m_UTC_20190819_055430.000.tdms,0034_1khz_50ns_20deci_2m_UTC_20190819_055430.000\seg_001.png,1,1,2,0,,
pohang,1khz_50ns_20deci_2m_UTC_20190819_055430.000.tdms,0034_1khz_50ns_20deci_2m_UTC_20190819_055430.000\seg_002.png,2,2,3,0,,
pohang,1khz_50ns_20deci_2m_UTC_20190819_055430.000.tdms,0034_1khz_50ns_20deci_2m_UTC_20190819_055430.000\seg_003.png,3,3,4,0,,
pohang,1khz_50ns_20deci_2m_UTC_20190819_055430.000.tdms,0034_1khz_50ns_20deci_2m_UTC_20190819_055430.000\seg_004.png,4,4,5,0,,
pohang,1khz_50ns_20deci_2m_UTC_20190819_055430.000.tdms,0034_1khz_50ns_20deci_2m_UTC_20190819_055430.000\seg_005.png,5,5,6,0,,
pohang,1khz_50ns_20deci_2m_UTC_20190819_055430.000.tdms,0034_1khz_50ns_20deci_2m_UTC_20190819_055430.000\seg_006.png,6,6,7,0,,
pohang,1khz_50ns_20deci_2m_UTC_20190819_055430.000.tdms,0034_1khz_50ns_20deci_2m_UTC_20190819_055430.000\seg_007.png,7,7,8,0,,
pohang,1khz_50ns_20deci_2m_UTC_20190819_055430.000.tdms,0034_1khz_50ns_20deci_2m_UTC_20190819_055430.000\seg_008.png,8,8,9,0,,
pohang,1khz_50ns_20deci_2m_UTC_20190819_055430.000.tdms,0034_1khz_50ns_20deci_2m_UTC_20190819_055430.000\seg_009.png,9,9,10,0,,
pohang,1khz_50ns_20deci_2m_UTC_20190819_055430.000.tdms,0034_1khz_50ns_20deci_2m_UTC_20190819_055430.000\seg_010.png,10,10,11,0,,
pohang,1khz_50ns_20deci_2m_UTC_20190819_055430.000.tdms,0034_1khz_50ns_20deci_2m_UTC_20190819_055430.000\seg_011.png,11,11,12,0,,
pohang,1khz_50ns_20deci_2m_UTC_20190819_055430.000.tdms,0034_1khz_50ns_20deci_2m_UTC_20190819_055430.000\seg_012.png,12,12,13,0,,
pohang,1khz_50ns_20deci_2m_UTC_20190819_055430.000.tdms,0034_1khz_50ns_20deci_2m_UTC_20190819_055430.000\seg_013.png,13,13,14,0,,
pohang,1khz_50ns_20deci_2m_UTC_20190819_055430.000.tdms,0034_1khz_50ns_20deci_2m_UTC_20190819_055430.000\seg_014.png,14,14,15,0,,
pohang,1khz_50ns_20deci_2m_UTC_20190819_055430.000.tdms,0034_1khz_50ns_20deci_2m_UTC_20190819_055430.000\seg_015.png,15,15,16,0,,
pohang,1khz_50ns_20deci_2m_UTC_20190819_055430.000.tdms,0034_1khz_50ns_20deci_2m_UTC_20190819_055430.000\seg_016.png,16,16,17,0,,
pohang,1khz_50ns_20deci_2m_UTC_20190819_055430.000.tdms,0034_1khz_50ns_20deci_2m_UTC_20190819_055430.000\seg_017.png,17,17,18,0,,
pohang,1khz_50ns_20deci_2m_UTC_20190819_055430.000.tdms,0034_1khz_50ns_20deci_2m_UTC_20190819_055430.000\seg_018.png,18,18,19,0,,
pohang,1khz_50ns_20deci_2m_UTC_20190819_055430.000.tdms,0034_1khz_50ns_20deci_2m_UTC_20190819_055430.000\seg_019.png,19,19,20,0,,
pohang,1khz_50ns_20deci_2m_UTC_20190819_055430.000.tdms,0034_1khz_50ns_20deci_2m_UTC_20190819_055430.000\seg_020.png,20,20,21,0,,
pohang,1khz_50ns_20deci_2m_UTC_20190819_055430.000.tdms,0034_1khz_50ns_20deci_2m_UTC_20190819_055430.000\seg_021.png,21,21,22,0,,
pohang,1khz_50ns_20deci_2m_UTC_20190819_055430.000.tdms,0034_1khz_50ns_20deci_2m_UTC_20190819_055430.000\seg_022.png,22,22,23,0,,
pohang,1khz_50ns_20deci_2m_UTC_20190819_055430.000.tdms,0034_1khz_50ns_20deci_2m_UTC_20190819_055430.000\seg_023.png,23,23,24,0,,
pohang,1khz_50ns_20deci_2m_UTC_20190819_055430.000.tdms,0034_1khz_50ns_20deci_2m_UTC_20190819_055430.000\seg_024.png,24,24,25,0,,
pohang,1khz_50ns_20deci_2m_UTC_20190819_055430.000.tdms,0034_1khz_50ns_20deci_2m_UTC_20190819_055430.000\seg_025.png,25,25,26,0,,
pohang,1khz_50ns_20deci_2m_UTC_20190819_055430.000.tdms,0034_1khz_50ns_20deci_2m_UTC_20190819_055430.000\seg_026.png,26,26,27,0,,
pohang,1khz_50ns_20deci_2m_UTC_20190819_055430.000.tdms,0034_1khz_50ns_20deci_2m_UTC_20190819_055430.000\seg_027.png,27,27,28,0,,
pohang,1khz_50ns_20deci_2m_UTC_20190819_055430.000.tdms,0034_1khz_50ns_20deci_2m_UTC_20190819_055430.000\seg_028.png,28,28,29,0,,
pohang,1khz_50ns_20deci_2m_UTC_20190819_055430.000.tdms,0034_1khz_50ns_20deci_2m_UTC_20190819_055430.000\seg_029.png,29,29,30,0,,
pohang,1khz_50ns_20deci_2m_UTC_20190819_055430.000.tdms,0035_1khz_50ns_20deci_2m_UTC_20190819_055430.000\seg_000.png,0,0,1,0,,
pohang,1khz_50ns_20deci_2m_UTC_20190819_055430.000.tdms,0035_1khz_50ns_20deci_2m_UTC_20190819_055430.000\seg_001.png,1,1,2,0,,
pohang,1khz_50ns_20deci_2m_UTC_20190819_055430.000.tdms,0035_1khz_50ns_20deci_2m_UTC_20190819_055430.000\seg_002.png,2,2,3,0,,
pohang,1khz_50ns_20deci_2m_UTC_20190819_055430.000.tdms,0035_1khz_50ns_20deci_2m_UTC_20190819_055430.000\seg_003.png,3,3,4,0,,
pohang,1khz_50ns_20deci_2m_UTC_20190819_055430.000.tdms,0035_1khz_50ns_20deci_2m_UTC_20190819_055430.000\seg_004.png,4,4,5,0,,
pohang,1khz_50ns_20deci_2m_UTC_20190819_055430.000.tdms,0035_1khz_50ns_20deci_2m_UTC_20190819_055430.000\seg_005.png,5,5,6,0,,
pohang,1khz_50ns_20deci_2m_UTC_20190819_055430.000.tdms,0035_1khz_50ns_20deci_2m_UTC_20190819_055430.000\seg_006.png,6,6,7,0,,
pohang,1khz_50ns_20deci_2m_UTC_20190819_055430.000.tdms,0035_1khz_50ns_20deci_2m_UTC_20190819_055430.000\seg_007.png,7,7,8,0,,
pohang,1khz_50ns_20deci_2m_UTC_20190819_055430.000.tdms,0035_1khz_50ns_20deci_2m_UTC_20190819_055430.000\seg_008.png,8,8,9,0,,
pohang,1khz_50ns_20deci_2m_UTC_20190819_055430.000.tdms,0035_1khz_50ns_20deci_2m_UTC_20190819_055430.000\seg_009.png,9,9,10,0,,
pohang,1khz_50ns_20deci_2m_UTC_20190819_055430.000.tdms,0035_1khz_50ns_20deci_2m_UTC_20190819_055430.000\seg_010.png,10,10,11,0,,
pohang,1khz_50ns_20deci_2m_UTC_20190819_055430.000.tdms,0035_1khz_50ns_20deci_2m_UTC_20190819_055430.000\seg_011.png,11,11,12,0,,
pohang,1khz_50ns_20deci_2m_UTC_20190819_055430.000.tdms,0035_1khz_50ns_20deci_2m_UTC_20190819_055430.000\seg_012.png,12,12,13,0,,
pohang,1khz_50ns_20deci_2m_UTC_20190819_055430.000.tdms,0035_1khz_50ns_20deci_2m_UTC_20190819_055430.000\seg_013.png,13,13,14,0,,
pohang,1khz_50ns_20deci_2m_UTC_20190819_055430.000.tdms,0035_1khz_50ns_20deci_2m_UTC_20190819_055430.000\seg_014.png,14,14,15,0,,
pohang,1khz_50ns_20deci_2m_UTC_20190819_055430.000.tdms,0035_1khz_50ns_20deci_2m_UTC_20190819_055430.000\seg_015.png,15,15,16,0,,
pohang,1khz_50ns_20deci_2m_UTC_20190819_055430.000.tdms,0035_1khz_50ns_20deci_2m_UTC_20190819_055430.000\seg_016.png,16,16,17,0,,
pohang,1khz_50ns_20deci_2m_UTC_20190819_055430.000.tdms,0035_1khz_50ns_20deci_2m_UTC_20190819_055430.000\seg_017.png,17,17,18,0,,
pohang,1khz_50ns_20deci_2m_UTC_20190819_055430.000.tdms,0035_1khz_50ns_20deci_2m_UTC_20190819_055430.000\seg_018.png,18,18,19,0,,
pohang,1khz_50ns_20deci_2m_UTC_20190819_055430.000.tdms,0035_1khz_50ns_20deci_2m_UTC_20190819_055430.000\seg_019.png,19,19,20,0,,
pohang,1khz_50ns_20deci_2m_UTC_20190819_055430.000.tdms,0035_1khz_50ns_20deci_2m_UTC_20190819_055430.000\seg_020.png,20,20,21,0,,
pohang,1khz_50ns_20deci_2m_UTC_20190819_055430.000.tdms,0035_1khz_50ns_20deci_2m_UTC_20190819_055430.000\seg_021.png,21,21,22,0,,
pohang,1khz_50ns_20deci_2m_UTC_20190819_055430.000.tdms,0035_1khz_50ns_20deci_2m_UTC_20190819_055430.000\seg_022.png,22,22,23,0,,
pohang,1khz_50ns_20deci_2m_UTC_20190819_055430.000.tdms,0035_1khz_50ns_20deci_2m_UTC_20190819_055430.000\seg_023.png,23,23,24,0,,
pohang,1khz_50ns_20deci_2m_UTC_20190819_055430.000.tdms,0035_1khz_50ns_20deci_2m_UTC_20190819_055430.000\seg_024.png,24,24,25,0,,
pohang,1khz_50ns_20deci_2m_UTC_20190819_055430.000.tdms,0035_1khz_50ns_20deci_2m_UTC_20190819_055430.000\seg_025.png,25,25,26,0,,
pohang,1khz_50ns_20deci_2m_UTC_20190819_055430.000.tdms,0035_1khz_50ns_20deci_2m_UTC_20190819_055430.000\seg_026.png,26,26,27,0,,
pohang,1khz_50ns_20deci_2m_UTC_20190819_055430.000.tdms,0035_1khz_50ns_20deci_2m_UTC_20190819_055430.000\seg_027.png,27,27,28,0,,
pohang,1khz_50ns_20deci_2m_UTC_20190819_055430.000.tdms,0035_1khz_50ns_20deci_2m_UTC_20190819_055430.000\seg_028.png,28,28,29,0,,
pohang,1khz_50ns_20deci_2m_UTC_20190819_055430.000.tdms,0035_1khz_50ns_20deci_2m_UTC_20190819_055430.000\seg_029.png,29,29,30,0,,
pohang,1khz_50ns_20deci_2m_UTC_20190819_055430.000.tdms,0036_1khz_50ns_20deci_2m_UTC_20190819_055430.000\seg_000.png,0,0,1,0,,
pohang,1khz_50ns_20deci_2m_UTC_20190819_055430.000.tdms,0036_1khz_50ns_20deci_2m_UTC_20190819_055430.000\seg_001.png,1,1,2,0,,
pohang,1khz_50ns_20deci_2m_UTC_20190819_055430.000.tdms,0036_1khz_50ns_20deci_2m_UTC_20190819_055430.000\seg_002.png,2,2,3,0,,
pohang,1khz_50ns_20deci_2m_UTC_20190819_055430.000.tdms,0036_1khz_50ns_20deci_2m_UTC_20190819_055430.000\seg_003.png,3,3,4,0,,
pohang,1khz_50ns_20deci_2m_UTC_20190819_055430.000.tdms,0036_1khz_50ns_20deci_2m_UTC_20190819_055430.000\seg_004.png,4,4,5,0,,
pohang,1khz_50ns_20deci_2m_UTC_20190819_055430.000.tdms,0036_1khz_50ns_20deci_2m_UTC_20190819_055430.000\seg_005.png,5,5,6,0,,
pohang,1khz_50ns_20deci_2m_UTC_20190819_055430.000.tdms,0036_1khz_50ns_20deci_2m_UTC_20190819_055430.000\seg_006.png,6,6,7,0,,
pohang,1khz_50ns_20deci_2m_UTC_20190819_055430.000.tdms,0036_1khz_50ns_20deci_2m_UTC_20190819_055430.000\seg_007.png,7,7,8,0,,
pohang,1khz_50ns_20deci_2m_UTC_20190819_055430.000.tdms,0036_1khz_50ns_20deci_2m_UTC_20190819_055430.000\seg_008.png,8,8,9,0,,
pohang,1khz_50ns_20deci_2m_UTC_20190819_055430.000.tdms,0036_1khz_50ns_20deci_2m_UTC_20190819_055430.000\seg_009.png,9,9,10,0,,
pohang,1khz_50ns_20deci_2m_UTC_20190819_055430.000.tdms,0036_1khz_50ns_20deci_2m_UTC_20190819_055430.000\seg_010.png,10,10,11,0,,
pohang,1khz_50ns_20deci_2m_UTC_20190819_055430.000.tdms,0036_1khz_50ns_20deci_2m_UTC_20190819_055430.000\seg_011.png,11,11,12,0,,
pohang,1khz_50ns_20deci_2m_UTC_20190819_055430.000.tdms,0036_1khz_50ns_20deci_2m_UTC_20190819_055430.000\seg_012.png,12,12,13,0,,
pohang,1khz_50ns_20deci_2m_UTC_20190819_055430.000.tdms,0036_1khz_50ns_20deci_2m_UTC_20190819_055430.000\seg_013.png,13,13,14,0,,
pohang,1khz_50ns_20deci_2m_UTC_20190819_055430.000.tdms,0036_1khz_50ns_20deci_2m_UTC_20190819_055430.000\seg_014.png,14,14,15,0,,
pohang,1khz_50ns_20deci_2m_UTC_20190819_055430.000.tdms,0036_1khz_50ns_20deci_2m_UTC_20190819_055430.000\seg_015.png,15,15,16,0,,
pohang,1khz_50ns_20deci_2m_UTC_20190819_055430.000.tdms,0036_1khz_50ns_20deci_2m_UTC_20190819_055430.000\seg_016.png,16,16,17,0,,
pohang,1khz_50ns_20deci_2m_UTC_20190819_055430.000.tdms,0036_1khz_50ns_20deci_2m_UTC_20190819_055430.000\seg_017.png,17,17,18,0,,
pohang,1khz_50ns_20deci_2m_UTC_20190819_055430.000.tdms,0036_1khz_50ns_20deci_2m_UTC_20190819_055430.000\seg_018.png,18,18,19,0,,
pohang,1khz_50ns_20deci_2m_UTC_20190819_055430.000.tdms,0036_1khz_50ns_20deci_2m_UTC_20190819_055430.000\seg_019.png,19,19,20,0,,
pohang,1khz_50ns_20deci_2m_UTC_20190819_055430.000.tdms,0036_1khz_50ns_20deci_2m_UTC_20190819_055430.000\seg_020.png,20,20,21,0,,
pohang,1khz_50ns_20deci_2m_UTC_20190819_055430.000.tdms,0036_1khz_50ns_20deci_2m_UTC_20190819_055430.000\seg_021.png,21,21,22,0,,
pohang,1khz_50ns_20deci_2m_UTC_20190819_055430.000.tdms,0036_1khz_50ns_20deci_2m_UTC_20190819_055430.000\seg_022.png,22,22,23,0,,
pohang,1khz_50ns_20deci_2m_UTC_20190819_055430.000.tdms,0036_1khz_50ns_20deci_2m_UTC_20190819_055430.000\seg_023.png,23,23,24,0,,
pohang,1khz_50ns_20deci_2m_UTC_20190819_055430.000.tdms,0036_1khz_50ns_20deci_2m_UTC_20190819_055430.000\seg_024.png,24,24,25,0,,
pohang,1khz_50ns_20deci_2m_UTC_20190819_055430.000.tdms,0036_1khz_50ns_20deci_2m_UTC_20190819_055430.000\seg_025.png,25,25,26,0,,
pohang,1khz_50ns_20deci_2m_UTC_20190819_055430.000.tdms,0036_1khz_50ns_20deci_2m_UTC_20190819_055430.000\seg_026.png,26,26,27,0,,
pohang,1khz_50ns_20deci_2m_UTC_20190819_055430.000.tdms,0036_1khz_50ns_20deci_2m_UTC_20190819_055430.000\seg_027.png,27,27,28,0,,
pohang,1khz_50ns_20deci_2m_UTC_20190819_055430.000.tdms,0036_1khz_50ns_20deci_2m_UTC_20190819_055430.000\seg_028.png,28,28,29,0,,
pohang,1khz_50ns_20deci_2m_UTC_20190819_055430.000.tdms,0036_1khz_50ns_20deci_2m_UTC_20190819_055430.000\seg_029.png,29,29,30,0,,
pohang,1khz_50ns_20deci_2m_UTC_20190819_055430.000.tdms,0037_1khz_50ns_20deci_2m_UTC_20190819_055430.000\seg_000.png,0,0,1,0,,
pohang,1khz_50ns_20deci_2m_UTC_20190819_055430.000.tdms,0037_1khz_50ns_20deci_2m_UTC_20190819_055430.000\seg_001.png,1,1,2,0,,
pohang,1khz_50ns_20deci_2m_UTC_20190819_055430.000.tdms,0037_1khz_50ns_20deci_2m_UTC_20190819_055430.000\seg_002.png,2,2,3,0,,
pohang,1khz_50ns_20deci_2m_UTC_20190819_055430.000.tdms,0037_1khz_50ns_20deci_2m_UTC_20190819_055430.000\seg_003.png,3,3,4,0,,
pohang,1khz_50ns_20deci_2m_UTC_20190819_055430.000.tdms,0037_1khz_50ns_20deci_2m_UTC_20190819_055430.000\seg_004.png,4,4,5,0,,
pohang,1khz_50ns_20deci_2m_UTC_20190819_055430.000.tdms,0037_1khz_50ns_20deci_2m_UTC_20190819_055430.000\seg_005.png,5,5,6,0,,
pohang,1khz_50ns_20deci_2m_UTC_20190819_055430.000.tdms,0037_1khz_50ns_20deci_2m_UTC_20190819_055430.000\seg_006.png,6,6,7,0,,
pohang,1khz_50ns_20deci_2m_UTC_20190819_055430.000.tdms,0037_1khz_50ns_20deci_2m_UTC_20190819_055430.000\seg_007.png,7,7,8,0,,
pohang,1khz_50ns_20deci_2m_UTC_20190819_055430.000.tdms,0037_1khz_50ns_20deci_2m_UTC_20190819_055430.000\seg_008.png,8,8,9,0,,
pohang,1khz_50ns_20deci_2m_UTC_20190819_055430.000.tdms,0037_1khz_50ns_20deci_2m_UTC_20190819_055430.000\seg_009.png,9,9,10,0,,
pohang,1khz_50ns_20deci_2m_UTC_20190819_055430.000.tdms,0037_1khz_50ns_20deci_2m_UTC_20190819_055430.000\seg_010.png,10,10,11,0,,
pohang,1khz_50ns_20deci_2m_UTC_20190819_055430.000.tdms,0037_1khz_50ns_20deci_2m_UTC_20190819_055430.000\seg_011.png,11,11,12,0,,
pohang,1khz_50ns_20deci_2m_UTC_20190819_055430.000.tdms,0037_1khz_50ns_20deci_2m_UTC_20190819_055430.000\seg_012.png,12,12,13,0,,
pohang,1khz_50ns_20deci_2m_UTC_20190819_055430.000.tdms,0037_1khz_50ns_20deci_2m_UTC_20190819_055430.000\seg_013.png,13,13,14,0,,
pohang,1khz_50ns_20deci_2m_UTC_20190819_055430.000.tdms,0037_1khz_50ns_20deci_2m_UTC_20190819_055430.000\seg_014.png,14,14,15,0,,
pohang,1khz_50ns_20deci_2m_UTC_20190819_055430.000.tdms,0037_1khz_50ns_20deci_2m_UTC_20190819_055430.000\seg_015.png,15,15,16,0,,
pohang,1khz_50ns_20deci_2m_UTC_20190819_055430.000.tdms,0037_1khz_50ns_20deci_2m_UTC_20190819_055430.000\seg_016.png,16,16,17,0,,
pohang,1khz_50ns_20deci_2m_UTC_20190819_055430.000.tdms,0037_1khz_50ns_20deci_2m_UTC_20190819_055430.000\seg_017.png,17,17,18,0,,
pohang,1khz_50ns_20deci_2m_UTC_20190819_055430.000.tdms,0037_1khz_50ns_20deci_2m_UTC_20190819_055430.000\seg_018.png,18,18,19,0,,
pohang,1khz_50ns_20deci_2m_UTC_20190819_055430.000.tdms,0037_1khz_50ns_20deci_2m_UTC_20190819_055430.000\seg_019.png,19,19,20,0,,
pohang,1khz_50ns_20deci_2m_UTC_20190819_055430.000.tdms,0037_1khz_50ns_20deci_2m_UTC_20190819_055430.000\seg_020.png,20,20,21,0,,
pohang,1khz_50ns_20deci_2m_UTC_20190819_055430.000.tdms,0037_1khz_50ns_20deci_2m_UTC_20190819_055430.000\seg_021.png,21,21,22,0,,
pohang,1khz_50ns_20deci_2m_UTC_20190819_055430.000.tdms,0037_1khz_50ns_20deci_2m_UTC_20190819_055430.000\seg_022.png,22,22,23,0,,
pohang,1khz_50ns_20deci_2m_UTC_20190819_055430.000.tdms,0037_1khz_50ns_20deci_2m_UTC_20190819_055430.000\seg_023.png,23,23,24,0,,
pohang,1khz_50ns_20deci_2m_UTC_20190819_055430.000.tdms,0037_1khz_50ns_20deci_2m_UTC_20190819_055430.000\seg_024.png,24,24,25,0,,
pohang,1khz_50ns_20deci_2m_UTC_20190819_055430.000.tdms,0037_1khz_50ns_20deci_2m_UTC_20190819_055430.000\seg_025.png,25,25,26,0,,
pohang,1khz_50ns_20deci_2m_UTC_20190819_055430.000.tdms,0037_1khz_50ns_20deci_2m_UTC_20190819_055430.000\seg_026.png,26,26,27,0,,
pohang,1khz_50ns_20deci_2m_UTC_20190819_055430.000.tdms,0037_1khz_50ns_20deci_2m_UTC_20190819_055430.000\seg_027.png,27,27,28,0,,
pohang,1khz_50ns_20deci_2m_UTC_20190819_055430.000.tdms,0037_1khz_50ns_20deci_2m_UTC_20190819_055430.000\seg_028.png,28,28,29,0,,
pohang,1khz_50ns_20deci_2m_UTC_20190819_055430.000.tdms,0037_1khz_50ns_20deci_2m_UTC_20190819_055430.000\seg_029.png,29,29,30,0,,
pohang,1khz_50ns_20deci_2m_UTC_20190819_055430.000.tdms,0038_1khz_50ns_20deci_2m_UTC_20190819_055430.000\seg_000.png,0,0,1,0,,
pohang,1khz_50ns_20deci_2m_UTC_20190819_055430.000.tdms,0038_1khz_50ns_20deci_2m_UTC_20190819_055430.000\seg_001.png,1,1,2,0,,
pohang,1khz_50ns_20deci_2m_UTC_20190819_055430.000.tdms,0038_1khz_50ns_20deci_2m_UTC_20190819_055430.000\seg_002.png,2,2,3,0,,
pohang,1khz_50ns_20deci_2m_UTC_20190819_055430.000.tdms,0038_1khz_50ns_20deci_2m_UTC_20190819_055430.000\seg_003.png,3,3,4,0,,
pohang,1khz_50ns_20deci_2m_UTC_20190819_055430.000.tdms,0038_1khz_50ns_20deci_2m_UTC_20190819_055430.000\seg_004.png,4,4,5,0,,
pohang,1khz_50ns_20deci_2m_UTC_20190819_055430.000.tdms,0038_1khz_50ns_20deci_2m_UTC_20190819_055430.000\seg_005.png,5,5,6,0,,
pohang,1khz_50ns_20deci_2m_UTC_20190819_055430.000.tdms,0038_1khz_50ns_20deci_2m_UTC_20190819_055430.000\seg_006.png,6,6,7,0,,
pohang,1khz_50ns_20deci_2m_UTC_20190819_055430.000.tdms,0038_1khz_50ns_20deci_2m_UTC_20190819_055430.000\seg_007.png,7,7,8,0,,
pohang,1khz_50ns_20deci_2m_UTC_20190819_055430.000.tdms,0038_1khz_50ns_20deci_2m_UTC_20190819_055430.000\seg_008.png,8,8,9,0,,
pohang,1khz_50ns_20deci_2m_UTC_20190819_055430.000.tdms,0038_1khz_50ns_20deci_2m_UTC_20190819_055430.000\seg_009.png,9,9,10,0,,
pohang,1khz_50ns_20deci_2m_UTC_20190819_055430.000.tdms,0038_1khz_50ns_20deci_2m_UTC_20190819_055430.000\seg_010.png,10,10,11,0,,
pohang,1khz_50ns_20deci_2m_UTC_20190819_055430.000.tdms,0038_1khz_50ns_20deci_2m_UTC_20190819_055430.000\seg_011.png,11,11,12,0,,
pohang,1khz_50ns_20deci_2m_UTC_20190819_055430.000.tdms,0038_1khz_50ns_20deci_2m_UTC_20190819_055430.000\seg_012.png,12,12,13,0,,
pohang,1khz_50ns_20deci_2m_UTC_20190819_055430.000.tdms,0038_1khz_50ns_20deci_2m_UTC_20190819_055430.000\seg_013.png,13,13,14,0,,
pohang,1khz_50ns_20deci_2m_UTC_20190819_055430.000.tdms,0038_1khz_50ns_20deci_2m_UTC_20190819_055430.000\seg_014.png,14,14,15,0,,
pohang,1khz_50ns_20deci_2m_UTC_20190819_055430.000.tdms,0038_1khz_50ns_20deci_2m_UTC_20190819_055430.000\seg_015.png,15,15,16,0,,
pohang,1khz_50ns_20deci_2m_UTC_20190819_055430.000.tdms,0038_1khz_50ns_20deci_2m_UTC_20190819_055430.000\seg_016.png,16,16,17,0,,
pohang,1khz_50ns_20deci_2m_UTC_20190819_055430.000.tdms,0038_1khz_50ns_20deci_2m_UTC_20190819_055430.000\seg_017.png,17,17,18,0,,
pohang,1khz_50ns_20deci_2m_UTC_20190819_055430.000.tdms,0038_1khz_50ns_20deci_2m_UTC_20190819_055430.000\seg_018.png,18,18,19,0,,
pohang,1khz_50ns_20deci_2m_UTC_20190819_055430.000.tdms,0038_1khz_50ns_20deci_2m_UTC_20190819_055430.000\seg_019.png,19,19,20,0,,
pohang,1khz_50ns_20deci_2m_UTC_20190819_055430.000.tdms,0038_1khz_50ns_20deci_2m_UTC_20190819_055430.000\seg_020.png,20,20,21,0,,
pohang,1khz_50ns_20deci_2m_UTC_20190819_055430.000.tdms,0038_1khz_50ns_20deci_2m_UTC_20190819_055430.000\seg_021.png,21,21,22,0,,
pohang,1khz_50ns_20deci_2m_UTC_20190819_055430.000.tdms,0038_1khz_50ns_20deci_2m_UTC_20190819_055430.000\seg_022.png,22,22,23,0,,
pohang,1khz_50ns_20deci_2m_UTC_20190819_055430.000.tdms,0038_1khz_50ns_20deci_2m_UTC_20190819_055430.000\seg_023.png,23,23,24,0,,
pohang,1khz_50ns_20deci_2m_UTC_20190819_055430.000.tdms,0038_1khz_50ns_20deci_2m_UTC_20190819_055430.000\seg_024.png,24,24,25,0,,
pohang,1khz_50ns_20deci_2m_UTC_20190819_055430.000.tdms,0038_1khz_50ns_20deci_2m_UTC_20190819_055430.000\seg_025.png,25,25,26,0,,
pohang,1khz_50ns_20deci_2m_UTC_20190819_055430.000.tdms,0038_1khz_50ns_20deci_2m_UTC_20190819_055430.000\seg_026.png,26,26,27,0,,
pohang,1khz_50ns_20deci_2m_UTC_20190819_055430.000.tdms,0038_1khz_50ns_20deci_2m_UTC_20190819_055430.000\seg_027.png,27,27,28,0,,
pohang,1khz_50ns_20deci_2m_UTC_20190819_055430.000.tdms,0038_1khz_50ns_20deci_2m_UTC_20190819_055430.000\seg_028.png,28,28,29,0,,
pohang,1khz_50ns_20deci_2m_UTC_20190819_055430.000.tdms,0038_1khz_50ns_20deci_2m_UTC_20190819_055430.000\seg_029.png,29,29,30,0,,
pohang,1khz_50ns_20deci_2m_UTC_20190819_055430.000.tdms,0039_1khz_50ns_20deci_2m_UTC_20190819_055430.000\seg_000.png,0,0,1,0,,
pohang,1khz_50ns_20deci_2m_UTC_20190819_055430.000.tdms,0039_1khz_50ns_20deci_2m_UTC_20190819_055430.000\seg_001.png,1,1,2,0,,
pohang,1khz_50ns_20deci_2m_UTC_20190819_055430.000.tdms,0039_1khz_50ns_20deci_2m_UTC_20190819_055430.000\seg_002.png,2,2,3,0,,
pohang,1khz_50ns_20deci_2m_UTC_20190819_055430.000.tdms,0039_1khz_50ns_20deci_2m_UTC_20190819_055430.000\seg_003.png,3,3,4,0,,
pohang,1khz_50ns_20deci_2m_UTC_20190819_055430.000.tdms,0039_1khz_50ns_20deci_2m_UTC_20190819_055430.000\seg_004.png,4,4,5,0,,
pohang,1khz_50ns_20deci_2m_UTC_20190819_055430.000.tdms,0039_1khz_50ns_20deci_2m_UTC_20190819_055430.000\seg_005.png,5,5,6,0,,
pohang,1khz_50ns_20deci_2m_UTC_20190819_055430.000.tdms,0039_1khz_50ns_20deci_2m_UTC_20190819_055430.000\seg_006.png,6,6,7,0,,
pohang,1khz_50ns_20deci_2m_UTC_20190819_055430.000.tdms,0039_1khz_50ns_20deci_2m_UTC_20190819_055430.000\seg_007.png,7,7,8,0,,
pohang,1khz_50ns_20deci_2m_UTC_20190819_055430.000.tdms,0039_1khz_50ns_20deci_2m_UTC_20190819_055430.000\seg_008.png,8,8,9,0,,
pohang,1khz_50ns_20deci_2m_UTC_20190819_055430.000.tdms,0039_1khz_50ns_20deci_2m_UTC_20190819_055430.000\seg_009.png,9,9,10,0,,
pohang,1khz_50ns_20deci_2m_UTC_20190819_055430.000.tdms,0039_1khz_50ns_20deci_2m_UTC_20190819_055430.000\seg_010.png,10,10,11,0,,
pohang,1khz_50ns_20deci_2m_UTC_20190819_055430.000.tdms,0039_1khz_50ns_20deci_2m_UTC_20190819_055430.000\seg_011.png,11,11,12,0,,
pohang,1khz_50ns_20deci_2m_UTC_20190819_055430.000.tdms,0039_1khz_50ns_20deci_2m_UTC_20190819_055430.000\seg_012.png,12,12,13,0,,
pohang,1khz_50ns_20deci_2m_UTC_20190819_055430.000.tdms,0039_1khz_50ns_20deci_2m_UTC_20190819_055430.000\seg_013.png,13,13,14,0,,
pohang,1khz_50ns_20deci_2m_UTC_20190819_055430.000.tdms,0039_1khz_50ns_20deci_2m_UTC_20190819_055430.000\seg_014.png,14,14,15,0,,
pohang,1khz_50ns_20deci_2m_UTC_20190819_055430.000.tdms,0039_1khz_50ns_20deci_2m_UTC_20190819_055430.000\seg_015.png,15,15,16,0,,
pohang,1khz_50ns_20deci_2m_UTC_20190819_055430.000.tdms,0039_1khz_50ns_20deci_2m_UTC_20190819_055430.000\seg_016.png,16,16,17,0,,
pohang,1khz_50ns_20deci_2m_UTC_20190819_055430.000.tdms,0039_1khz_50ns_20deci_2m_UTC_20190819_055430.000\seg_017.png,17,17,18,0,,
pohang,1khz_50ns_20deci_2m_UTC_20190819_055430.000.tdms,0039_1khz_50ns_20deci_2m_UTC_20190819_055430.000\seg_018.png,18,18,19,0,,
pohang,1khz_50ns_20deci_2m_UTC_20190819_055430.000.tdms,0039_1khz_50ns_20deci_2m_UTC_20190819_055430.000\seg_019.png,19,19,20,0,,
pohang,1khz_50ns_20deci_2m_UTC_20190819_055430.000.tdms,0039_1khz_50ns_20deci_2m_UTC_20190819_055430.000\seg_020.png,20,20,21,0,,
pohang,1khz_50ns_20deci_2m_UTC_20190819_055430.000.tdms,0039_1khz_50ns_20deci_2m_UTC_20190819_055430.000\seg_021.png,21,21,22,0,,
pohang,1khz_50ns_20deci_2m_UTC_20190819_055430.000.tdms,0039_1khz_50ns_20deci_2m_UTC_20190819_055430.000\seg_022.png,22,22,23,0,,
pohang,1khz_50ns_20deci_2m_UTC_20190819_055430.000.tdms,0039_1khz_50ns_20deci_2m_UTC_20190819_055430.000\seg_023.png,23,23,24,0,,
pohang,1khz_50ns_20deci_2m_UTC_20190819_055430.000.tdms,0039_1khz_50ns_20deci_2m_UTC_20190819_055430.000\seg_024.png,24,24,25,0,,
pohang,1khz_50ns_20deci_2m_UTC_20190819_055430.000.tdms,0039_1khz_50ns_20deci_2m_UTC_20190819_055430.000\seg_025.png,25,25,26,0,,
pohang,1khz_50ns_20deci_2m_UTC_20190819_055430.000.tdms,0039_1khz_50ns_20deci_2m_UTC_20190819_055430.000\seg_026.png,26,26,27,0,,
pohang,1khz_50ns_20deci_2m_UTC_20190819_055430.000.tdms,0039_1khz_50ns_20deci_2m_UTC_20190819_055430.000\seg_027.png,27,27,28,0,,
pohang,1khz_50ns_20deci_2m_UTC_20190819_055430.000.tdms,0039_1khz_50ns_20deci_2m_UTC_20190819_055430.000\seg_028.png,28,28,29,0,,
pohang,1khz_50ns_20deci_2m_UTC_20190819_055430.000.tdms,0039_1khz_50ns_20deci_2m_UTC_20190819_055430.000\seg_029.png,29,29,30,0,,
pohang,1khz_50ns_20deci_2m_UTC_20190819_055430.000.tdms,0040_1khz_50ns_20deci_2m_UTC_20190819_055430.000\seg_000.png,0,0,1,0,,
pohang,1khz_50ns_20deci_2m_UTC_20190819_055430.000.tdms,0040_1khz_50ns_20deci_2m_UTC_20190819_055430.000\seg_001.png,1,1,2,0,,
pohang,1khz_50ns_20deci_2m_UTC_20190819_055430.000.tdms,0040_1khz_50ns_20deci_2m_UTC_20190819_055430.000\seg_002.png,2,2,3,0,,
pohang,1khz_50ns_20deci_2m_UTC_20190819_055430.000.tdms,0040_1khz_50ns_20deci_2m_UTC_20190819_055430.000\seg_003.png,3,3,4,0,,
pohang,1khz_50ns_20deci_2m_UTC_20190819_055430.000.tdms,0040_1khz_50ns_20deci_2m_UTC_20190819_055430.000\seg_004.png,4,4,5,0,,
pohang,1khz_50ns_20deci_2m_UTC_20190819_055430.000.tdms,0040_1khz_50ns_20deci_2m_UTC_20190819_055430.000\seg_005.png,5,5,6,0,,
pohang,1khz_50ns_20deci_2m_UTC_20190819_055430.000.tdms,0040_1khz_50ns_20deci_2m_UTC_20190819_055430.000\seg_006.png,6,6,7,0,,
pohang,1khz_50ns_20deci_2m_UTC_20190819_055430.000.tdms,0040_1khz_50ns_20deci_2m_UTC_20190819_055430.000\seg_007.png,7,7,8,0,,
pohang,1khz_50ns_20deci_2m_UTC_20190819_055430.000.tdms,0040_1khz_50ns_20deci_2m_UTC_20190819_055430.000\seg_008.png,8,8,9,0,,
pohang,1khz_50ns_20deci_2m_UTC_20190819_055430.000.tdms,0040_1khz_50ns_20deci_2m_UTC_20190819_055430.000\seg_009.png,9,9,10,0,,
pohang,1khz_50ns_20deci_2m_UTC_20190819_055430.000.tdms,0040_1khz_50ns_20deci_2m_UTC_20190819_055430.000\seg_010.png,10,10,11,0,,
pohang,1khz_50ns_20deci_2m_UTC_20190819_055430.000.tdms,0040_1khz_50ns_20deci_2m_UTC_20190819_055430.000\seg_011.png,11,11,12,0,,
pohang,1khz_50ns_20deci_2m_UTC_20190819_055430.000.tdms,0040_1khz_50ns_20deci_2m_UTC_20190819_055430.000\seg_012.png,12,12,13,0,,
pohang,1khz_50ns_20deci_2m_UTC_20190819_055430.000.tdms,0040_1khz_50ns_20deci_2m_UTC_20190819_055430.000\seg_013.png,13,13,14,0,,
pohang,1khz_50ns_20deci_2m_UTC_20190819_055430.000.tdms,0040_1khz_50ns_20deci_2m_UTC_20190819_055430.000\seg_014.png,14,14,15,0,,
pohang,1khz_50ns_20deci_2m_UTC_20190819_055430.000.tdms,0040_1khz_50ns_20deci_2m_UTC_20190819_055430.000\seg_015.png,15,15,16,0,,
pohang,1khz_50ns_20deci_2m_UTC_20190819_055430.000.tdms,0040_1khz_50ns_20deci_2m_UTC_20190819_055430.000\seg_016.png,16,16,17,0,,
pohang,1khz_50ns_20deci_2m_UTC_20190819_055430.000.tdms,0040_1khz_50ns_20deci_2m_UTC_20190819_055430.000\seg_017.png,17,17,18,0,,
pohang,1khz_50ns_20deci_2m_UTC_20190819_055430.000.tdms,0040_1khz_50ns_20deci_2m_UTC_20190819_055430.000\seg_018.png,18,18,19,0,,
pohang,1khz_50ns_20deci_2m_UTC_20190819_055430.000.tdms,0040_1khz_50ns_20deci_2m_UTC_20190819_055430.000\seg_019.png,19,19,20,0,,
pohang,1khz_50ns_20deci_2m_UTC_20190819_055430.000.tdms,0040_1khz_50ns_20deci_2m_UTC_20190819_055430.000\seg_020.png,20,20,21,0,,
pohang,1khz_50ns_20deci_2m_UTC_20190819_055430.000.tdms,0040_1khz_50ns_20deci_2m_UTC_20190819_055430.000\seg_021.png,21,21,22,0,,
pohang,1khz_50ns_20deci_2m_UTC_20190819_055430.000.tdms,0040_1khz_50ns_20deci_2m_UTC_20190819_055430.000\seg_022.png,22,22,23,0,,
pohang,1khz_50ns_20deci_2m_UTC_20190819_055430.000.tdms,0040_1khz_50ns_20deci_2m_UTC_20190819_055430.000\seg_023.png,23,23,24,0,,
pohang,1khz_50ns_20deci_2m_UTC_20190819_055430.000.tdms,0040_1khz_50ns_20deci_2m_UTC_20190819_055430.000\seg_024.png,24,24,25,0,,
pohang,1khz_50ns_20deci_2m_UTC_20190819_055430.000.tdms,0040_1khz_50ns_20deci_2m_UTC_20190819_055430.000\seg_025.png,25,25,26,0,,
pohang,1khz_50ns_20deci_2m_UTC_20190819_055430.000.tdms,0040_1khz_50ns_20deci_2m_UTC_20190819_055430.000\seg_026.png,26,26,27,0,,
pohang,1khz_50ns_20deci_2m_UTC_20190819_055430.000.tdms,0040_1khz_50ns_20deci_2m_UTC_20190819_055430.000\seg_027.png,27,27,28,0,,
pohang,1khz_50ns_20deci_2m_UTC_20190819_055430.000.tdms,0040_1khz_50ns_20deci_2m_UTC_20190819_055430.000\seg_028.png,28,28,29,0,,
pohang,1khz_50ns_20deci_2m_UTC_20190819_055430.000.tdms,0040_1khz_50ns_20deci_2m_UTC_20190819_055430.000\seg_029.png,29,29,30,0,,
pohang,1khz_50ns_20deci_2m_UTC_20190819_055430.000.tdms,0041_1khz_50ns_20deci_2m_UTC_20190819_055430.000\seg_000.png,0,0,1,0,,
pohang,1khz_50ns_20deci_2m_UTC_20190819_055430.000.tdms,0041_1khz_50ns_20deci_2m_UTC_20190819_055430.000\seg_001.png,1,1,2,0,,
pohang,1khz_50ns_20deci_2m_UTC_20190819_055430.000.tdms,0041_1khz_50ns_20deci_2m_UTC_20190819_055430.000\seg_002.png,2,2,3,0,,
pohang,1khz_50ns_20deci_2m_UTC_20190819_055430.000.tdms,0041_1khz_50ns_20deci_2m_UTC_20190819_055430.000\seg_003.png,3,3,4,0,,
pohang,1khz_50ns_20deci_2m_UTC_20190819_055430.000.tdms,0041_1khz_50ns_20deci_2m_UTC_20190819_055430.000\seg_004.png,4,4,5,0,,
pohang,1khz_50ns_20deci_2m_UTC_20190819_055430.000.tdms,0041_1khz_50ns_20deci_2m_UTC_20190819_055430.000\seg_005.png,5,5,6,0,,
pohang,1khz_50ns_20deci_2m_UTC_20190819_055430.000.tdms,0041_1khz_50ns_20deci_2m_UTC_20190819_055430.000\seg_006.png,6,6,7,0,,
pohang,1khz_50ns_20deci_2m_UTC_20190819_055430.000.tdms,0041_1khz_50ns_20deci_2m_UTC_20190819_055430.000\seg_007.png,7,7,8,0,,
pohang,1khz_50ns_20deci_2m_UTC_20190819_055430.000.tdms,0041_1khz_50ns_20deci_2m_UTC_20190819_055430.000\seg_008.png,8,8,9,0,,
pohang,1khz_50ns_20deci_2m_UTC_20190819_055430.000.tdms,0041_1khz_50ns_20deci_2m_UTC_20190819_055430.000\seg_009.png,9,9,10,0,,
pohang,1khz_50ns_20deci_2m_UTC_20190819_055430.000.tdms,0041_1khz_50ns_20deci_2m_UTC_20190819_055430.000\seg_010.png,10,10,11,0,,
pohang,1khz_50ns_20deci_2m_UTC_20190819_055430.000.tdms,0041_1khz_50ns_20deci_2m_UTC_20190819_055430.000\seg_011.png,11,11,12,0,,
pohang,1khz_50ns_20deci_2m_UTC_20190819_055430.000.tdms,0041_1khz_50ns_20deci_2m_UTC_20190819_055430.000\seg_012.png,12,12,13,0,,
pohang,1khz_50ns_20deci_2m_UTC_20190819_055430.000.tdms,0041_1khz_50ns_20deci_2m_UTC_20190819_055430.000\seg_013.png,13,13,14,0,,
pohang,1khz_50ns_20deci_2m_UTC_20190819_055430.000.tdms,0041_1khz_50ns_20deci_2m_UTC_20190819_055430.000\seg_014.png,14,14,15,0,,
pohang,1khz_50ns_20deci_2m_UTC_20190819_055430.000.tdms,0041_1khz_50ns_20deci_2m_UTC_20190819_055430.000\seg_015.png,15,15,16,0,,
pohang,1khz_50ns_20deci_2m_UTC_20190819_055430.000.tdms,0041_1khz_50ns_20deci_2m_UTC_20190819_055430.000\seg_016.png,16,16,17,0,,
pohang,1khz_50ns_20deci_2m_UTC_20190819_055430.000.tdms,0041_1khz_50ns_20deci_2m_UTC_20190819_055430.000\seg_017.png,17,17,18,0,,
pohang,1khz_50ns_20deci_2m_UTC_20190819_055430.000.tdms,0041_1khz_50ns_20deci_2m_UTC_20190819_055430.000\seg_018.png,18,18,19,0,,
pohang,1khz_50ns_20deci_2m_UTC_20190819_055430.000.tdms,0041_1khz_50ns_20deci_2m_UTC_20190819_055430.000\seg_019.png,19,19,20,0,,
pohang,1khz_50ns_20deci_2m_UTC_20190819_055430.000.tdms,0041_1khz_50ns_20deci_2m_UTC_20190819_055430.000\seg_020.png,20,20,21,0,,
pohang,1khz_50ns_20deci_2m_UTC_20190819_055430.000.tdms,0041_1khz_50ns_20deci_2m_UTC_20190819_055430.000\seg_021.png,21,21,22,0,,
pohang,1khz_50ns_20deci_2m_UTC_20190819_055430.000.tdms,0041_1khz_50ns_20deci_2m_UTC_20190819_055430.000\seg_022.png,22,22,23,0,,
pohang,1khz_50ns_20deci_2m_UTC_20190819_055430.000.tdms,0041_1khz_50ns_20deci_2m_UTC_20190819_055430.000\seg_023.png,23,23,24,0,,
pohang,1khz_50ns_20deci_2m_UTC_20190819_055430.000.tdms,0041_1khz_50ns_20deci_2m_UTC_20190819_055430.000\seg_024.png,24,24,25,0,,
pohang,1khz_50ns_20deci_2m_UTC_20190819_055430.000.tdms,0041_1khz_50ns_20deci_2m_UTC_20190819_055430.000\seg_025.png,25,25,26,0,,
pohang,1khz_50ns_20deci_2m_UTC_20190819_055430.000.tdms,0041_1khz_50ns_20deci_2m_UTC_20190819_055430.000\seg_026.png,26,26,27,0,,
pohang,1khz_50ns_20deci_2m_UTC_20190819_055430.000.tdms,0041_1khz_50ns_20deci_2m_UTC_20190819_055430.000\seg_027.png,27,27,28,0,,
pohang,1khz_50ns_20deci_2m_UTC_20190819_055430.000.tdms,0041_1khz_50ns_20deci_2m_UTC_20190819_055430.000\seg_028.png,28,28,29,0,,
pohang,1khz_50ns_20deci_2m_UTC_20190819_055430.000.tdms,0041_1khz_50ns_20deci_2m_UTC_20190819_055430.000\seg_029.png,29,29,30,0,,
pohang,1khz_50ns_20deci_2m_UTC_20190819_055430.000.tdms,0042_1khz_50ns_20deci_2m_UTC_20190819_055430.000\seg_000.png,0,0,1,0,,
pohang,1khz_50ns_20deci_2m_UTC_20190819_055430.000.tdms,0042_1khz_50ns_20deci_2m_UTC_20190819_055430.000\seg_001.png,1,1,2,0,,
pohang,1khz_50ns_20deci_2m_UTC_20190819_055430.000.tdms,0042_1khz_50ns_20deci_2m_UTC_20190819_055430.000\seg_002.png,2,2,3,0,,
pohang,1khz_50ns_20deci_2m_UTC_20190819_055430.000.tdms,0042_1khz_50ns_20deci_2m_UTC_20190819_055430.000\seg_003.png,3,3,4,0,,
pohang,1khz_50ns_20deci_2m_UTC_20190819_055430.000.tdms,0042_1khz_50ns_20deci_2m_UTC_20190819_055430.000\seg_004.png,4,4,5,0,,
pohang,1khz_50ns_20deci_2m_UTC_20190819_055430.000.tdms,0042_1khz_50ns_20deci_2m_UTC_20190819_055430.000\seg_005.png,5,5,6,0,,
pohang,1khz_50ns_20deci_2m_UTC_20190819_055430.000.tdms,0042_1khz_50ns_20deci_2m_UTC_20190819_055430.000\seg_006.png,6,6,7,0,,
pohang,1khz_50ns_20deci_2m_UTC_20190819_055430.000.tdms,0042_1khz_50ns_20deci_2m_UTC_20190819_055430.000\seg_007.png,7,7,8,0,,
pohang,1khz_50ns_20deci_2m_UTC_20190819_055430.000.tdms,0042_1khz_50ns_20deci_2m_UTC_20190819_055430.000\seg_008.png,8,8,9,0,,
pohang,1khz_50ns_20deci_2m_UTC_20190819_055430.000.tdms,0042_1khz_50ns_20deci_2m_UTC_20190819_055430.000\seg_009.png,9,9,10,0,,
pohang,1khz_50ns_20deci_2m_UTC_20190819_055430.000.tdms,0042_1khz_50ns_20deci_2m_UTC_20190819_055430.000\seg_010.png,10,10,11,0,,
pohang,1khz_50ns_20deci_2m_UTC_20190819_055430.000.tdms,0042_1khz_50ns_20deci_2m_UTC_20190819_055430.000\seg_011.png,11,11,12,0,,
pohang,1khz_50ns_20deci_2m_UTC_20190819_055430.000.tdms,0042_1khz_50ns_20deci_2m_UTC_20190819_055430.000\seg_012.png,12,12,13,0,,
pohang,1khz_50ns_20deci_2m_UTC_20190819_055430.000.tdms,0042_1khz_50ns_20deci_2m_UTC_20190819_055430.000\seg_013.png,13,13,14,0,,
pohang,1khz_50ns_20deci_2m_UTC_20190819_055430.000.tdms,0042_1khz_50ns_20deci_2m_UTC_20190819_055430.000\seg_014.png,14,14,15,0,,
pohang,1khz_50ns_20deci_2m_UTC_20190819_055430.000.tdms,0042_1khz_50ns_20deci_2m_UTC_20190819_055430.000\seg_015.png,15,15,16,0,,
pohang,1khz_50ns_20deci_2m_UTC_20190819_055430.000.tdms,0042_1khz_50ns_20deci_2m_UTC_20190819_055430.000\seg_016.png,16,16,17,0,,
pohang,1khz_50ns_20deci_2m_UTC_20190819_055430.000.tdms,0042_1khz_50ns_20deci_2m_UTC_20190819_055430.000\seg_017.png,17,17,18,0,,
pohang,1khz_50ns_20deci_2m_UTC_20190819_055430.000.tdms,0042_1khz_50ns_20deci_2m_UTC_20190819_055430.000\seg_018.png,18,18,19,0,,
pohang,1khz_50ns_20deci_2m_UTC_20190819_055430.000.tdms,0042_1khz_50ns_20deci_2m_UTC_20190819_055430.000\seg_019.png,19,19,20,0,,
pohang,1khz_50ns_20deci_2m_UTC_20190819_055430.000.tdms,0042_1khz_50ns_20deci_2m_UTC_20190819_055430.000\seg_020.png,20,20,21,0,,
pohang,1khz_50ns_20deci_2m_UTC_20190819_055430.000.tdms,0042_1khz_50ns_20deci_2m_UTC_20190819_055430.000\seg_021.png,21,21,22,0,,
pohang,1khz_50ns_20deci_2m_UTC_20190819_055430.000.tdms,0042_1khz_50ns_20deci_2m_UTC_20190819_055430.000\seg_022.png,22,22,23,0,,
pohang,1khz_50ns_20deci_2m_UTC_20190819_055430.000.tdms,0042_1khz_50ns_20deci_2m_UTC_20190819_055430.000\seg_023.png,23,23,24,0,,
pohang,1khz_50ns_20deci_2m_UTC_20190819_055430.000.tdms,0042_1khz_50ns_20deci_2m_UTC_20190819_055430.000\seg_024.png,24,24,25,0,,
pohang,1khz_50ns_20deci_2m_UTC_20190819_055430.000.tdms,0042_1khz_50ns_20deci_2m_UTC_20190819_055430.000\seg_025.png,25,25,26,0,,
pohang,1khz_50ns_20deci_2m_UTC_20190819_055430.000.tdms,0042_1khz_50ns_20deci_2m_UTC_20190819_055430.000\seg_026.png,26,26,27,0,,
pohang,1khz_50ns_20deci_2m_UTC_20190819_055430.000.tdms,0042_1khz_50ns_20deci_2m_UTC_20190819_055430.000\seg_027.png,27,27,28,0,,
pohang,1khz_50ns_20deci_2m_UTC_20190819_055430.000.tdms,0042_1khz_50ns_20deci_2m_UTC_20190819_055430.000\seg_028.png,28,28,29,0,,
pohang,1khz_50ns_20deci_2m_UTC_20190819_055430.000.tdms,0042_1khz_50ns_20deci_2m_UTC_20190819_055430.000\seg_029.png,29,29,30,0,,
pohang,1khz_50ns_20deci_2m_UTC_20190819_055430.000.tdms,0043_1khz_50ns_20deci_2m_UTC_20190819_055430.000\seg_000.png,0,0,1,0,,
pohang,1khz_50ns_20deci_2m_UTC_20190819_055430.000.tdms,0043_1khz_50ns_20deci_2m_UTC_20190819_055430.000\seg_001.png,1,1,2,0,,
pohang,1khz_50ns_20deci_2m_UTC_20190819_055430.000.tdms,0043_1khz_50ns_20deci_2m_UTC_20190819_055430.000\seg_002.png,2,2,3,0,,
pohang,1khz_50ns_20deci_2m_UTC_20190819_055430.000.tdms,0043_1khz_50ns_20deci_2m_UTC_20190819_055430.000\seg_003.png,3,3,4,0,,
pohang,1khz_50ns_20deci_2m_UTC_20190819_055430.000.tdms,0043_1khz_50ns_20deci_2m_UTC_20190819_055430.000\seg_004.png,4,4,5,0,,
pohang,1khz_50ns_20deci_2m_UTC_20190819_055430.000.tdms,0043_1khz_50ns_20deci_2m_UTC_20190819_055430.000\seg_005.png,5,5,6,0,,
pohang,1khz_50ns_20deci_2m_UTC_20190819_055430.000.tdms,0043_1khz_50ns_20deci_2m_UTC_20190819_055430.000\seg_006.png,6,6,7,0,,
pohang,1khz_50ns_20deci_2m_UTC_20190819_055430.000.tdms,0043_1khz_50ns_20deci_2m_UTC_20190819_055430.000\seg_007.png,7,7,8,0,,
pohang,1khz_50ns_20deci_2m_UTC_20190819_055430.000.tdms,0043_1khz_50ns_20deci_2m_UTC_20190819_055430.000\seg_008.png,8,8,9,0,,
pohang,1khz_50ns_20deci_2m_UTC_20190819_055430.000.tdms,0043_1khz_50ns_20deci_2m_UTC_20190819_055430.000\seg_009.png,9,9,10,0,,
pohang,1khz_50ns_20deci_2m_UTC_20190819_055430.000.tdms,0043_1khz_50ns_20deci_2m_UTC_20190819_055430.000\seg_010.png,10,10,11,0,,
pohang,1khz_50ns_20deci_2m_UTC_20190819_055430.000.tdms,0043_1khz_50ns_20deci_2m_UTC_20190819_055430.000\seg_011.png,11,11,12,0,,
pohang,1khz_50ns_20deci_2m_UTC_20190819_055430.000.tdms,0043_1khz_50ns_20deci_2m_UTC_20190819_055430.000\seg_012.png,12,12,13,0,,
pohang,1khz_50ns_20deci_2m_UTC_20190819_055430.000.tdms,0043_1khz_50ns_20deci_2m_UTC_20190819_055430.000\seg_013.png,13,13,14,0,,
pohang,1khz_50ns_20deci_2m_UTC_20190819_055430.000.tdms,0043_1khz_50ns_20deci_2m_UTC_20190819_055430.000\seg_014.png,14,14,15,0,,
pohang,1khz_50ns_20deci_2m_UTC_20190819_055430.000.tdms,0043_1khz_50ns_20deci_2m_UTC_20190819_055430.000\seg_015.png,15,15,16,0,,
pohang,1khz_50ns_20deci_2m_UTC_20190819_055430.000.tdms,0043_1khz_50ns_20deci_2m_UTC_20190819_055430.000\seg_016.png,16,16,17,0,,
pohang,1khz_50ns_20deci_2m_UTC_20190819_055430.000.tdms,0043_1khz_50ns_20deci_2m_UTC_20190819_055430.000\seg_017.png,17,17,18,0,,
pohang,1khz_50ns_20deci_2m_UTC_20190819_055430.000.tdms,0043_1khz_50ns_20deci_2m_UTC_20190819_055430.000\seg_018.png,18,18,19,0,,
pohang,1khz_50ns_20deci_2m_UTC_20190819_055430.000.tdms,0043_1khz_50ns_20deci_2m_UTC_20190819_055430.000\seg_019.png,19,19,20,0,,
pohang,1khz_50ns_20deci_2m_UTC_20190819_055430.000.tdms,0043_1khz_50ns_20deci_2m_UTC_20190819_055430.000\seg_020.png,20,20,21,0,,
pohang,1khz_50ns_20deci_2m_UTC_20190819_055430.000.tdms,0043_1khz_50ns_20deci_2m_UTC_20190819_055430.000\seg_021.png,21,21,22,0,,
pohang,1khz_50ns_20deci_2m_UTC_20190819_055430.000.tdms,0043_1khz_50ns_20deci_2m_UTC_20190819_055430.000\seg_022.png,22,22,23,0,,
pohang,1khz_50ns_20deci_2m_UTC_20190819_055430.000.tdms,0043_1khz_50ns_20deci_2m_UTC_20190819_055430.000\seg_023.png,23,23,24,0,,
pohang,1khz_50ns_20deci_2m_UTC_20190819_055430.000.tdms,0043_1khz_50ns_20deci_2m_UTC_20190819_055430.000\seg_024.png,24,24,25,0,,
pohang,1khz_50ns_20deci_2m_UTC_20190819_055430.000.tdms,0043_1khz_50ns_20deci_2m_UTC_20190819_055430.000\seg_025.png,25,25,26,0,,
pohang,1khz_50ns_20deci_2m_UTC_20190819_055430.000.tdms,0043_1khz_50ns_20deci_2m_UTC_20190819_055430.000\seg_026.png,26,26,27,0,,
pohang,1khz_50ns_20deci_2m_UTC_20190819_055430.000.tdms,0043_1khz_50ns_20deci_2m_UTC_20190819_055430.000\seg_027.png,27,27,28,0,,
pohang,1khz_50ns_20deci_2m_UTC_20190819_055430.000.tdms,0043_1khz_50ns_20deci_2m_UTC_20190819_055430.000\seg_028.png,28,28,29,0,,
pohang,1khz_50ns_20deci_2m_UTC_20190819_055430.000.tdms,0043_1khz_50ns_20deci_2m_UTC_20190819_055430.000\seg_029.png,29,29,30,0,,
pohang,1khz_50ns_20deci_2m_UTC_20190819_055430.000.tdms,0044_1khz_50ns_20deci_2m_UTC_20190819_055430.000\seg_000.png,0,0,1,0,,
pohang,1khz_50ns_20deci_2m_UTC_20190819_055430.000.tdms,0044_1khz_50ns_20deci_2m_UTC_20190819_055430.000\seg_001.png,1,1,2,0,,
pohang,1khz_50ns_20deci_2m_UTC_20190819_055430.000.tdms,0044_1khz_50ns_20deci_2m_UTC_20190819_055430.000\seg_002.png,2,2,3,0,,
pohang,1khz_50ns_20deci_2m_UTC_20190819_055430.000.tdms,0044_1khz_50ns_20deci_2m_UTC_20190819_055430.000\seg_003.png,3,3,4,0,,
pohang,1khz_50ns_20deci_2m_UTC_20190819_055430.000.tdms,0044_1khz_50ns_20deci_2m_UTC_20190819_055430.000\seg_004.png,4,4,5,0,,
pohang,1khz_50ns_20deci_2m_UTC_20190819_055430.000.tdms,0044_1khz_50ns_20deci_2m_UTC_20190819_055430.000\seg_005.png,5,5,6,0,,
pohang,1khz_50ns_20deci_2m_UTC_20190819_055430.000.tdms,0044_1khz_50ns_20deci_2m_UTC_20190819_055430.000\seg_006.png,6,6,7,0,,
pohang,1khz_50ns_20deci_2m_UTC_20190819_055430.000.tdms,0044_1khz_50ns_20deci_2m_UTC_20190819_055430.000\seg_007.png,7,7,8,0,,
pohang,1khz_50ns_20deci_2m_UTC_20190819_055430.000.tdms,0044_1khz_50ns_20deci_2m_UTC_20190819_055430.000\seg_008.png,8,8,9,0,,
pohang,1khz_50ns_20deci_2m_UTC_20190819_055430.000.tdms,0044_1khz_50ns_20deci_2m_UTC_20190819_055430.000\seg_009.png,9,9,10,0,,
pohang,1khz_50ns_20deci_2m_UTC_20190819_055430.000.tdms,0044_1khz_50ns_20deci_2m_UTC_20190819_055430.000\seg_010.png,10,10,11,0,,
pohang,1khz_50ns_20deci_2m_UTC_20190819_055430.000.tdms,0044_1khz_50ns_20deci_2m_UTC_20190819_055430.000\seg_011.png,11,11,12,0,,
pohang,1khz_50ns_20deci_2m_UTC_20190819_055430.000.tdms,0044_1khz_50ns_20deci_2m_UTC_20190819_055430.000\seg_012.png,12,12,13,0,,
pohang,1khz_50ns_20deci_2m_UTC_20190819_055430.000.tdms,0044_1khz_50ns_20deci_2m_UTC_20190819_055430.000\seg_013.png,13,13,14,0,,
pohang,1khz_50ns_20deci_2m_UTC_20190819_055430.000.tdms,0044_1khz_50ns_20deci_2m_UTC_20190819_055430.000\seg_014.png,14,14,15,0,,
pohang,1khz_50ns_20deci_2m_UTC_20190819_055430.000.tdms,0044_1khz_50ns_20deci_2m_UTC_20190819_055430.000\seg_015.png,15,15,16,0,,
pohang,1khz_50ns_20deci_2m_UTC_20190819_055430.000.tdms,0044_1khz_50ns_20deci_2m_UTC_20190819_055430.000\seg_016.png,16,16,17,0,,
pohang,1khz_50ns_20deci_2m_UTC_20190819_055430.000.tdms,0044_1khz_50ns_20deci_2m_UTC_20190819_055430.000\seg_017.png,17,17,18,0,,
pohang,1khz_50ns_20deci_2m_UTC_20190819_055430.000.tdms,0044_1khz_50ns_20deci_2m_UTC_20190819_055430.000\seg_018.png,18,18,19,0,,
pohang,1khz_50ns_20deci_2m_UTC_20190819_055430.000.tdms,0044_1khz_50ns_20deci_2m_UTC_20190819_055430.000\seg_019.png,19,19,20,0,,
pohang,1khz_50ns_20deci_2m_UTC_20190819_055430.000.tdms,0044_1khz_50ns_20deci_2m_UTC_20190819_055430.000\seg_020.png,20,20,21,0,,
pohang,1khz_50ns_20deci_2m_UTC_20190819_055430.000.tdms,0044_1khz_50ns_20deci_2m_UTC_20190819_055430.000\seg_021.png,21,21,22,0,,
pohang,1khz_50ns_20deci_2m_UTC_20190819_055430.000.tdms,0044_1khz_50ns_20deci_2m_UTC_20190819_055430.000\seg_022.png,22,22,23,0,,
pohang,1khz_50ns_20deci_2m_UTC_20190819_055430.000.tdms,0044_1khz_50ns_20deci_2m_UTC_20190819_055430.000\seg_023.png,23,23,24,0,,
pohang,1khz_50ns_20deci_2m_UTC_20190819_055430.000.tdms,0044_1khz_50ns_20deci_2m_UTC_20190819_055430.000\seg_024.png,24,24,25,0,,
pohang,1khz_50ns_20deci_2m_UTC_20190819_055430.000.tdms,0044_1khz_50ns_20deci_2m_UTC_20190819_055430.000\seg_025.png,25,25,26,0,,
pohang,1khz_50ns_20deci_2m_UTC_20190819_055430.000.tdms,0044_1khz_50ns_20deci_2m_UTC_20190819_055430.000\seg_026.png,26,26,27,0,,
pohang,1khz_50ns_20deci_2m_UTC_20190819_055430.000.tdms,0044_1khz_50ns_20deci_2m_UTC_20190819_055430.000\seg_027.png,27,27,28,0,,
pohang,1khz_50ns_20deci_2m_UTC_20190819_055430.000.tdms,0044_1khz_50ns_20deci_2m_UTC_20190819_055430.000\seg_028.png,28,28,29,0,,
pohang,1khz_50ns_20deci_2m_UTC_20190819_055430.000.tdms,0044_1khz_50ns_20deci_2m_UTC_20190819_055430.000\seg_029.png,29,29,30,0,,
pohang,1khz_50ns_20deci_2m_UTC_20190819_055430.000.tdms,0045_1khz_50ns_20deci_2m_UTC_20190819_055430.000\seg_000.png,0,0,1,0,,
pohang,1khz_50ns_20deci_2m_UTC_20190819_055430.000.tdms,0045_1khz_50ns_20deci_2m_UTC_20190819_055430.000\seg_001.png,1,1,2,0,,
pohang,1khz_50ns_20deci_2m_UTC_20190819_055430.000.tdms,0045_1khz_50ns_20deci_2m_UTC_20190819_055430.000\seg_002.png,2,2,3,0,,
pohang,1khz_50ns_20deci_2m_UTC_20190819_055430.000.tdms,0045_1khz_50ns_20deci_2m_UTC_20190819_055430.000\seg_003.png,3,3,4,0,,
pohang,1khz_50ns_20deci_2m_UTC_20190819_055430.000.tdms,0045_1khz_50ns_20deci_2m_UTC_20190819_055430.000\seg_004.png,4,4,5,0,,
pohang,1khz_50ns_20deci_2m_UTC_20190819_055430.000.tdms,0045_1khz_50ns_20deci_2m_UTC_20190819_055430.000\seg_005.png,5,5,6,0,,
pohang,1khz_50ns_20deci_2m_UTC_20190819_055430.000.tdms,0045_1khz_50ns_20deci_2m_UTC_20190819_055430.000\seg_006.png,6,6,7,0,,
pohang,1khz_50ns_20deci_2m_UTC_20190819_055430.000.tdms,0045_1khz_50ns_20deci_2m_UTC_20190819_055430.000\seg_007.png,7,7,8,0,,
pohang,1khz_50ns_20deci_2m_UTC_20190819_055430.000.tdms,0045_1khz_50ns_20deci_2m_UTC_20190819_055430.000\seg_008.png,8,8,9,0,,
pohang,1khz_50ns_20deci_2m_UTC_20190819_055430.000.tdms,0045_1khz_50ns_20deci_2m_UTC_20190819_055430.000\seg_009.png,9,9,10,0,,
pohang,1khz_50ns_20deci_2m_UTC_20190819_055430.000.tdms,0045_1khz_50ns_20deci_2m_UTC_20190819_055430.000\seg_010.png,10,10,11,0,,
pohang,1khz_50ns_20deci_2m_UTC_20190819_055430.000.tdms,0045_1khz_50ns_20deci_2m_UTC_20190819_055430.000\seg_011.png,11,11,12,0,,
pohang,1khz_50ns_20deci_2m_UTC_20190819_055430.000.tdms,0045_1khz_50ns_20deci_2m_UTC_20190819_055430.000\seg_012.png,12,12,13,0,,
pohang,1khz_50ns_20deci_2m_UTC_20190819_055430.000.tdms,0045_1khz_50ns_20deci_2m_UTC_20190819_055430.000\seg_013.png,13,13,14,0,,
pohang,1khz_50ns_20deci_2m_UTC_20190819_055430.000.tdms,0045_1khz_50ns_20deci_2m_UTC_20190819_055430.000\seg_014.png,14,14,15,0,,
pohang,1khz_50ns_20deci_2m_UTC_20190819_055430.000.tdms,0045_1khz_50ns_20deci_2m_UTC_20190819_055430.000\seg_015.png,15,15,16,0,,
pohang,1khz_50ns_20deci_2m_UTC_20190819_055430.000.tdms,0045_1khz_50ns_20deci_2m_UTC_20190819_055430.000\seg_016.png,16,16,17,0,,
pohang,1khz_50ns_20deci_2m_UTC_20190819_055430.000.tdms,0045_1khz_50ns_20deci_2m_UTC_20190819_055430.000\seg_017.png,17,17,18,0,,
pohang,1khz_50ns_20deci_2m_UTC_20190819_055430.000.tdms,0045_1khz_50ns_20deci_2m_UTC_20190819_055430.000\seg_018.png,18,18,19,0,,
pohang,1khz_50ns_20deci_2m_UTC_20190819_055430.000.tdms,0045_1khz_50ns_20deci_2m_UTC_20190819_055430.000\seg_019.png,19,19,20,0,,
pohang,1khz_50ns_20deci_2m_UTC_20190819_055430.000.tdms,0045_1khz_50ns_20deci_2m_UTC_20190819_055430.000\seg_020.png,20,20,21,0,,
pohang,1khz_50ns_20deci_2m_UTC_20190819_055430.000.tdms,0045_1khz_50ns_20deci_2m_UTC_20190819_055430.000\seg_021.png,21,21,22,0,,
pohang,1khz_50ns_20deci_2m_UTC_20190819_055430.000.tdms,0045_1khz_50ns_20deci_2m_UTC_20190819_055430.000\seg_022.png,22,22,23,0,,
pohang,1khz_50ns_20deci_2m_UTC_20190819_055430.000.tdms,0045_1khz_50ns_20deci_2m_UTC_20190819_055430.000\seg_023.png,23,23,24,0,,
pohang,1khz_50ns_20deci_2m_UTC_20190819_055430.000.tdms,0045_1khz_50ns_20deci_2m_UTC_20190819_055430.000\seg_024.png,24,24,25,0,,
pohang,1khz_50ns_20deci_2m_UTC_20190819_055430.000.tdms,0045_1khz_50ns_20deci_2m_UTC_20190819_055430.000\seg_025.png,25,25,26,0,,
pohang,1khz_50ns_20deci_2m_UTC_20190819_055430.000.tdms,0045_1khz_50ns_20deci_2m_UTC_20190819_055430.000\seg_026.png,26,26,27,0,,
pohang,1khz_50ns_20deci_2m_UTC_20190819_055430.000.tdms,0045_1khz_50ns_20deci_2m_UTC_20190819_055430.000\seg_027.png,27,27,28,0,,
pohang,1khz_50ns_20deci_2m_UTC_20190819_055430.000.tdms,0045_1khz_50ns_20deci_2m_UTC_20190819_055430.000\seg_028.png,28,28,29,0,,
pohang,1khz_50ns_20deci_2m_UTC_20190819_055430.000.tdms,0045_1khz_50ns_20deci_2m_UTC_20190819_055430.000\seg_029.png,29,29,30,0,,
pohang,1khz_50ns_20deci_2m_UTC_20190819_055430.000.tdms,0046_1khz_50ns_20deci_2m_UTC_20190819_055430.000\seg_000.png,0,0,1,0,,
pohang,1khz_50ns_20deci_2m_UTC_20190819_055430.000.tdms,0046_1khz_50ns_20deci_2m_UTC_20190819_055430.000\seg_001.png,1,1,2,0,,
pohang,1khz_50ns_20deci_2m_UTC_20190819_055430.000.tdms,0046_1khz_50ns_20deci_2m_UTC_20190819_055430.000\seg_002.png,2,2,3,0,,
pohang,1khz_50ns_20deci_2m_UTC_20190819_055430.000.tdms,0046_1khz_50ns_20deci_2m_UTC_20190819_055430.000\seg_003.png,3,3,4,0,,
pohang,1khz_50ns_20deci_2m_UTC_20190819_055430.000.tdms,0046_1khz_50ns_20deci_2m_UTC_20190819_055430.000\seg_004.png,4,4,5,0,,
pohang,1khz_50ns_20deci_2m_UTC_20190819_055430.000.tdms,0046_1khz_50ns_20deci_2m_UTC_20190819_055430.000\seg_005.png,5,5,6,0,,
pohang,1khz_50ns_20deci_2m_UTC_20190819_055430.000.tdms,0046_1khz_50ns_20deci_2m_UTC_20190819_055430.000\seg_006.png,6,6,7,0,,
pohang,1khz_50ns_20deci_2m_UTC_20190819_055430.000.tdms,0046_1khz_50ns_20deci_2m_UTC_20190819_055430.000\seg_007.png,7,7,8,0,,
pohang,1khz_50ns_20deci_2m_UTC_20190819_055430.000.tdms,0046_1khz_50ns_20deci_2m_UTC_20190819_055430.000\seg_008.png,8,8,9,0,,
pohang,1khz_50ns_20deci_2m_UTC_20190819_055430.000.tdms,0046_1khz_50ns_20deci_2m_UTC_20190819_055430.000\seg_009.png,9,9,10,0,,
pohang,1khz_50ns_20deci_2m_UTC_20190819_055430.000.tdms,0046_1khz_50ns_20deci_2m_UTC_20190819_055430.000\seg_010.png,10,10,11,0,,
pohang,1khz_50ns_20deci_2m_UTC_20190819_055430.000.tdms,0046_1khz_50ns_20deci_2m_UTC_20190819_055430.000\seg_011.png,11,11,12,0,,
pohang,1khz_50ns_20deci_2m_UTC_20190819_055430.000.tdms,0046_1khz_50ns_20deci_2m_UTC_20190819_055430.000\seg_012.png,12,12,13,0,,
pohang,1khz_50ns_20deci_2m_UTC_20190819_055430.000.tdms,0046_1khz_50ns_20deci_2m_UTC_20190819_055430.000\seg_013.png,13,13,14,0,,
pohang,1khz_50ns_20deci_2m_UTC_20190819_055430.000.tdms,0046_1khz_50ns_20deci_2m_UTC_20190819_055430.000\seg_014.png,14,14,15,0,,
pohang,1khz_50ns_20deci_2m_UTC_20190819_055430.000.tdms,0046_1khz_50ns_20deci_2m_UTC_20190819_055430.000\seg_015.png,15,15,16,0,,
pohang,1khz_50ns_20deci_2m_UTC_20190819_055430.000.tdms,0046_1khz_50ns_20deci_2m_UTC_20190819_055430.000\seg_016.png,16,16,17,0,,
pohang,1khz_50ns_20deci_2m_UTC_20190819_055430.000.tdms,0046_1khz_50ns_20deci_2m_UTC_20190819_055430.000\seg_017.png,17,17,18,0,,
pohang,1khz_50ns_20deci_2m_UTC_20190819_055430.000.tdms,0046_1khz_50ns_20deci_2m_UTC_20190819_055430.000\seg_018.png,18,18,19,0,,
pohang,1khz_50ns_20deci_2m_UTC_20190819_055430.000.tdms,0046_1khz_50ns_20deci_2m_UTC_20190819_055430.000\seg_019.png,19,19,20,0,,
pohang,1khz_50ns_20deci_2m_UTC_20190819_055430.000.tdms,0046_1khz_50ns_20deci_2m_UTC_20190819_055430.000\seg_020.png,20,20,21,0,,
pohang,1khz_50ns_20deci_2m_UTC_20190819_055430.000.tdms,0046_1khz_50ns_20deci_2m_UTC_20190819_055430.000\seg_021.png,21,21,22,0,,
pohang,1khz_50ns_20deci_2m_UTC_20190819_055430.000.tdms,0046_1khz_50ns_20deci_2m_UTC_20190819_055430.000\seg_022.png,22,22,23,0,,
pohang,1khz_50ns_20deci_2m_UTC_20190819_055430.000.tdms,0046_1khz_50ns_20deci_2m_UTC_20190819_055430.000\seg_023.png,23,23,24,0,,
pohang,1khz_50ns_20deci_2m_UTC_20190819_055430.000.tdms,0046_1khz_50ns_20deci_2m_UTC_20190819_055430.000\seg_024.png,24,24,25,0,,
pohang,1khz_50ns_20deci_2m_UTC_20190819_055430.000.tdms,0046_1khz_50ns_20deci_2m_UTC_20190819_055430.000\seg_025.png,25,25,26,0,,
pohang,1khz_50ns_20deci_2m_UTC_20190819_055430.000.tdms,0046_1khz_50ns_20deci_2m_UTC_20190819_055430.000\seg_026.png,26,26,27,0,,
pohang,1khz_50ns_20deci_2m_UTC_20190819_055430.000.tdms,0046_1khz_50ns_20deci_2m_UTC_20190819_055430.000\seg_027.png,27,27,28,0,,
pohang,1khz_50ns_20deci_2m_UTC_20190819_055430.000.tdms,0046_1khz_50ns_20deci_2m_UTC_20190819_055430.000\seg_028.png,28,28,29,0,,
pohang,1khz_50ns_20deci_2m_UTC_20190819_055430.000.tdms,0046_1khz_50ns_20deci_2m_UTC_20190819_055430.000\seg_029.png,29,29,30,0,,
pohang,1khz_50ns_20deci_2m_UTC_20190819_055430.000.tdms,0047_1khz_50ns_20deci_2m_UTC_20190819_055430.000\seg_000.png,0,0,1,0,,
pohang,1khz_50ns_20deci_2m_UTC_20190819_055430.000.tdms,0047_1khz_50ns_20deci_2m_UTC_20190819_055430.000\seg_001.png,1,1,2,0,,
pohang,1khz_50ns_20deci_2m_UTC_20190819_055430.000.tdms,0047_1khz_50ns_20deci_2m_UTC_20190819_055430.000\seg_002.png,2,2,3,0,,
pohang,1khz_50ns_20deci_2m_UTC_20190819_055430.000.tdms,0047_1khz_50ns_20deci_2m_UTC_20190819_055430.000\seg_003.png,3,3,4,0,,
pohang,1khz_50ns_20deci_2m_UTC_20190819_055430.000.tdms,0047_1khz_50ns_20deci_2m_UTC_20190819_055430.000\seg_004.png,4,4,5,0,,
pohang,1khz_50ns_20deci_2m_UTC_20190819_055430.000.tdms,0047_1khz_50ns_20deci_2m_UTC_20190819_055430.000\seg_005.png,5,5,6,0,,
pohang,1khz_50ns_20deci_2m_UTC_20190819_055430.000.tdms,0047_1khz_50ns_20deci_2m_UTC_20190819_055430.000\seg_006.png,6,6,7,0,,
pohang,1khz_50ns_20deci_2m_UTC_20190819_055430.000.tdms,0047_1khz_50ns_20deci_2m_UTC_20190819_055430.000\seg_007.png,7,7,8,0,,
pohang,1khz_50ns_20deci_2m_UTC_20190819_055430.000.tdms,0047_1khz_50ns_20deci_2m_UTC_20190819_055430.000\seg_008.png,8,8,9,0,,
pohang,1khz_50ns_20deci_2m_UTC_20190819_055430.000.tdms,0047_1khz_50ns_20deci_2m_UTC_20190819_055430.000\seg_009.png,9,9,10,0,,
pohang,1khz_50ns_20deci_2m_UTC_20190819_055430.000.tdms,0047_1khz_50ns_20deci_2m_UTC_20190819_055430.000\seg_010.png,10,10,11,0,,
pohang,1khz_50ns_20deci_2m_UTC_20190819_055430.000.tdms,0047_1khz_50ns_20deci_2m_UTC_20190819_055430.000\seg_011.png,11,11,12,0,,
pohang,1khz_50ns_20deci_2m_UTC_20190819_055430.000.tdms,0047_1khz_50ns_20deci_2m_UTC_20190819_055430.000\seg_012.png,12,12,13,0,,
pohang,1khz_50ns_20deci_2m_UTC_20190819_055430.000.tdms,0047_1khz_50ns_20deci_2m_UTC_20190819_055430.000\seg_013.png,13,13,14,0,,
pohang,1khz_50ns_20deci_2m_UTC_20190819_055430.000.tdms,0047_1khz_50ns_20deci_2m_UTC_20190819_055430.000\seg_014.png,14,14,15,0,,
pohang,1khz_50ns_20deci_2m_UTC_20190819_055430.000.tdms,0047_1khz_50ns_20deci_2m_UTC_20190819_055430.000\seg_015.png,15,15,16,0,,
pohang,1khz_50ns_20deci_2m_UTC_20190819_055430.000.tdms,0047_1khz_50ns_20deci_2m_UTC_20190819_055430.000\seg_016.png,16,16,17,0,,
pohang,1khz_50ns_20deci_2m_UTC_20190819_055430.000.tdms,0047_1khz_50ns_20deci_2m_UTC_20190819_055430.000\seg_017.png,17,17,18,0,,
pohang,1khz_50ns_20deci_2m_UTC_20190819_055430.000.tdms,0047_1khz_50ns_20deci_2m_UTC_20190819_055430.000\seg_018.png,18,18,19,0,,
pohang,1khz_50ns_20deci_2m_UTC_20190819_055430.000.tdms,0047_1khz_50ns_20deci_2m_UTC_20190819_055430.000\seg_019.png,19,19,20,0,,
pohang,1khz_50ns_20deci_2m_UTC_20190819_055430.000.tdms,0047_1khz_50ns_20deci_2m_UTC_20190819_055430.000\seg_020.png,20,20,21,0,,
pohang,1khz_50ns_20deci_2m_UTC_20190819_055430.000.tdms,0047_1khz_50ns_20deci_2m_UTC_20190819_055430.000\seg_021.png,21,21,22,0,,
pohang,1khz_50ns_20deci_2m_UTC_20190819_055430.000.tdms,0047_1khz_50ns_20deci_2m_UTC_20190819_055430.000\seg_022.png,22,22,23,0,,
pohang,1khz_50ns_20deci_2m_UTC_20190819_055430.000.tdms,0047_1khz_50ns_20deci_2m_UTC_20190819_055430.000\seg_023.png,23,23,24,0,,
pohang,1khz_50ns_20deci_2m_UTC_20190819_055430.000.tdms,0047_1khz_50ns_20deci_2m_UTC_20190819_055430.000\seg_024.png,24,24,25,0,,
pohang,1khz_50ns_20deci_2m_UTC_20190819_055430.000.tdms,0047_1khz_50ns_20deci_2m_UTC_20190819_055430.000\seg_025.png,25,25,26,0,,
pohang,1khz_50ns_20deci_2m_UTC_20190819_055430.000.tdms,0047_1khz_50ns_20deci_2m_UTC_20190819_055430.000\seg_026.png,26,26,27,0,,
pohang,1khz_50ns_20deci_2m_UTC_20190819_055430.000.tdms,0047_1khz_50ns_20deci_2m_UTC_20190819_055430.000\seg_027.png,27,27,28,0,,
pohang,1khz_50ns_20deci_2m_UTC_20190819_055430.000.tdms,0047_1khz_50ns_20deci_2m_UTC_20190819_055430.000\seg_028.png,28,28,29,0,,
pohang,1khz_50ns_20deci_2m_UTC_20190819_055430.000.tdms,0047_1khz_50ns_20deci_2m_UTC_20190819_055430.000\seg_029.png,29,29,30,0,,
pohang,1khz_50ns_20deci_2m_UTC_20190819_055430.000.tdms,0048_1khz_50ns_20deci_2m_UTC_20190819_055430.000\seg_000.png,0,0,1,0,,
pohang,1khz_50ns_20deci_2m_UTC_20190819_055430.000.tdms,0048_1khz_50ns_20deci_2m_UTC_20190819_055430.000\seg_001.png,1,1,2,0,,
pohang,1khz_50ns_20deci_2m_UTC_20190819_055430.000.tdms,0048_1khz_50ns_20deci_2m_UTC_20190819_055430.000\seg_002.png,2,2,3,0,,
pohang,1khz_50ns_20deci_2m_UTC_20190819_055430.000.tdms,0048_1khz_50ns_20deci_2m_UTC_20190819_055430.000\seg_003.png,3,3,4,0,,
pohang,1khz_50ns_20deci_2m_UTC_20190819_055430.000.tdms,0048_1khz_50ns_20deci_2m_UTC_20190819_055430.000\seg_004.png,4,4,5,0,,
pohang,1khz_50ns_20deci_2m_UTC_20190819_055430.000.tdms,0048_1khz_50ns_20deci_2m_UTC_20190819_055430.000\seg_005.png,5,5,6,0,,
pohang,1khz_50ns_20deci_2m_UTC_20190819_055430.000.tdms,0048_1khz_50ns_20deci_2m_UTC_20190819_055430.000\seg_006.png,6,6,7,0,,
pohang,1khz_50ns_20deci_2m_UTC_20190819_055430.000.tdms,0048_1khz_50ns_20deci_2m_UTC_20190819_055430.000\seg_007.png,7,7,8,0,,
pohang,1khz_50ns_20deci_2m_UTC_20190819_055430.000.tdms,0048_1khz_50ns_20deci_2m_UTC_20190819_055430.000\seg_008.png,8,8,9,0,,
pohang,1khz_50ns_20deci_2m_UTC_20190819_055430.000.tdms,0048_1khz_50ns_20deci_2m_UTC_20190819_055430.000\seg_009.png,9,9,10,0,,
pohang,1khz_50ns_20deci_2m_UTC_20190819_055430.000.tdms,0048_1khz_50ns_20deci_2m_UTC_20190819_055430.000\seg_010.png,10,10,11,0,,
pohang,1khz_50ns_20deci_2m_UTC_20190819_055430.000.tdms,0048_1khz_50ns_20deci_2m_UTC_20190819_055430.000\seg_011.png,11,11,12,0,,
pohang,1khz_50ns_20deci_2m_UTC_20190819_055430.000.tdms,0048_1khz_50ns_20deci_2m_UTC_20190819_055430.000\seg_012.png,12,12,13,0,,
pohang,1khz_50ns_20deci_2m_UTC_20190819_055430.000.tdms,0048_1khz_50ns_20deci_2m_UTC_20190819_055430.000\seg_013.png,13,13,14,0,,
pohang,1khz_50ns_20deci_2m_UTC_20190819_055430.000.tdms,0048_1khz_50ns_20deci_2m_UTC_20190819_055430.000\seg_014.png,14,14,15,0,,
pohang,1khz_50ns_20deci_2m_UTC_20190819_055430.000.tdms,0048_1khz_50ns_20deci_2m_UTC_20190819_055430.000\seg_015.png,15,15,16,0,,
pohang,1khz_50ns_20deci_2m_UTC_20190819_055430.000.tdms,0048_1khz_50ns_20deci_2m_UTC_20190819_055430.000\seg_016.png,16,16,17,0,,
pohang,1khz_50ns_20deci_2m_UTC_20190819_055430.000.tdms,0048_1khz_50ns_20deci_2m_UTC_20190819_055430.000\seg_017.png,17,17,18,0,,
pohang,1khz_50ns_20deci_2m_UTC_20190819_055430.000.tdms,0048_1khz_50ns_20deci_2m_UTC_20190819_055430.000\seg_018.png,18,18,19,0,,
pohang,1khz_50ns_20deci_2m_UTC_20190819_055430.000.tdms,0048_1khz_50ns_20deci_2m_UTC_20190819_055430.000\seg_019.png,19,19,20,0,,
pohang,1khz_50ns_20deci_2m_UTC_20190819_055430.000.tdms,0048_1khz_50ns_20deci_2m_UTC_20190819_055430.000\seg_020.png,20,20,21,0,,
pohang,1khz_50ns_20deci_2m_UTC_20190819_055430.000.tdms,0048_1khz_50ns_20deci_2m_UTC_20190819_055430.000\seg_021.png,21,21,22,0,,
pohang,1khz_50ns_20deci_2m_UTC_20190819_055430.000.tdms,0048_1khz_50ns_20deci_2m_UTC_20190819_055430.000\seg_022.png,22,22,23,0,,
pohang,1khz_50ns_20deci_2m_UTC_20190819_055430.000.tdms,0048_1khz_50ns_20deci_2m_UTC_20190819_055430.000\seg_023.png,23,23,24,0,,
pohang,1khz_50ns_20deci_2m_UTC_20190819_055430.000.tdms,0048_1khz_50ns_20deci_2m_UTC_20190819_055430.000\seg_024.png,24,24,25,0,,
pohang,1khz_50ns_20deci_2m_UTC_20190819_055430.000.tdms,0048_1khz_50ns_20deci_2m_UTC_20190819_055430.000\seg_025.png,25,25,26,0,,
pohang,1khz_50ns_20deci_2m_UTC_20190819_055430.000.tdms,0048_1khz_50ns_20deci_2m_UTC_20190819_055430.000\seg_026.png,26,26,27,0,,
pohang,1khz_50ns_20deci_2m_UTC_20190819_055430.000.tdms,0048_1khz_50ns_20deci_2m_UTC_20190819_055430.000\seg_027.png,27,27,28,0,,
pohang,1khz_50ns_20deci_2m_UTC_20190819_055430.000.tdms,0048_1khz_50ns_20deci_2m_UTC_20190819_055430.000\seg_028.png,28,28,29,0,,
pohang,1khz_50ns_20deci_2m_UTC_20190819_055430.000.tdms,0048_1khz_50ns_20deci_2m_UTC_20190819_055430.000\seg_029.png,29,29,30,0,,
pohang,1khz_50ns_20deci_2m_UTC_20190819_055430.000.tdms,0049_1khz_50ns_20deci_2m_UTC_20190819_055430.000\seg_000.png,0,0,1,0,,
pohang,1khz_50ns_20deci_2m_UTC_20190819_055430.000.tdms,0049_1khz_50ns_20deci_2m_UTC_20190819_055430.000\seg_001.png,1,1,2,0,,
pohang,1khz_50ns_20deci_2m_UTC_20190819_055430.000.tdms,0049_1khz_50ns_20deci_2m_UTC_20190819_055430.000\seg_002.png,2,2,3,0,,
pohang,1khz_50ns_20deci_2m_UTC_20190819_055430.000.tdms,0049_1khz_50ns_20deci_2m_UTC_20190819_055430.000\seg_003.png,3,3,4,0,,
pohang,1khz_50ns_20deci_2m_UTC_20190819_055430.000.tdms,0049_1khz_50ns_20deci_2m_UTC_20190819_055430.000\seg_004.png,4,4,5,0,,
pohang,1khz_50ns_20deci_2m_UTC_20190819_055430.000.tdms,0049_1khz_50ns_20deci_2m_UTC_20190819_055430.000\seg_005.png,5,5,6,0,,
pohang,1khz_50ns_20deci_2m_UTC_20190819_055430.000.tdms,0049_1khz_50ns_20deci_2m_UTC_20190819_055430.000\seg_006.png,6,6,7,0,,
pohang,1khz_50ns_20deci_2m_UTC_20190819_055430.000.tdms,0049_1khz_50ns_20deci_2m_UTC_20190819_055430.000\seg_007.png,7,7,8,0,,
pohang,1khz_50ns_20deci_2m_UTC_20190819_055430.000.tdms,0049_1khz_50ns_20deci_2m_UTC_20190819_055430.000\seg_008.png,8,8,9,0,,
pohang,1khz_50ns_20deci_2m_UTC_20190819_055430.000.tdms,0049_1khz_50ns_20deci_2m_UTC_20190819_055430.000\seg_009.png,9,9,10,0,,
pohang,1khz_50ns_20deci_2m_UTC_20190819_055430.000.tdms,0049_1khz_50ns_20deci_2m_UTC_20190819_055430.000\seg_010.png,10,10,11,0,,
pohang,1khz_50ns_20deci_2m_UTC_20190819_055430.000.tdms,0049_1khz_50ns_20deci_2m_UTC_20190819_055430.000\seg_011.png,11,11,12,0,,
pohang,1khz_50ns_20deci_2m_UTC_20190819_055430.000.tdms,0049_1khz_50ns_20deci_2m_UTC_20190819_055430.000\seg_012.png,12,12,13,0,,
pohang,1khz_50ns_20deci_2m_UTC_20190819_055430.000.tdms,0049_1khz_50ns_20deci_2m_UTC_20190819_055430.000\seg_013.png,13,13,14,0,,
pohang,1khz_50ns_20deci_2m_UTC_20190819_055430.000.tdms,0049_1khz_50ns_20deci_2m_UTC_20190819_055430.000\seg_014.png,14,14,15,0,,
pohang,1khz_50ns_20deci_2m_UTC_20190819_055430.000.tdms,0049_1khz_50ns_20deci_2m_UTC_20190819_055430.000\seg_015.png,15,15,16,0,,
pohang,1khz_50ns_20deci_2m_UTC_20190819_055430.000.tdms,0049_1khz_50ns_20deci_2m_UTC_20190819_055430.000\seg_016.png,16,16,17,0,,
pohang,1khz_50ns_20deci_2m_UTC_20190819_055430.000.tdms,0049_1khz_50ns_20deci_2m_UTC_20190819_055430.000\seg_017.png,17,17,18,0,,
pohang,1khz_50ns_20deci_2m_UTC_20190819_055430.000.tdms,0049_1khz_50ns_20deci_2m_UTC_20190819_055430.000\seg_018.png,18,18,19,0,,
pohang,1khz_50ns_20deci_2m_UTC_20190819_055430.000.tdms,0049_1khz_50ns_20deci_2m_UTC_20190819_055430.000\seg_019.png,19,19,20,0,,
pohang,1khz_50ns_20deci_2m_UTC_20190819_055430.000.tdms,0049_1khz_50ns_20deci_2m_UTC_20190819_055430.000\seg_020.png,20,20,21,0,,
pohang,1khz_50ns_20deci_2m_UTC_20190819_055430.000.tdms,0049_1khz_50ns_20deci_2m_UTC_20190819_055430.000\seg_021.png,21,21,22,0,,
pohang,1khz_50ns_20deci_2m_UTC_20190819_055430.000.tdms,0049_1khz_50ns_20deci_2m_UTC_20190819_055430.000\seg_022.png,22,22,23,0,,
pohang,1khz_50ns_20deci_2m_UTC_20190819_055430.000.tdms,0049_1khz_50ns_20deci_2m_UTC_20190819_055430.000\seg_023.png,23,23,24,0,,
pohang,1khz_50ns_20deci_2m_UTC_20190819_055430.000.tdms,0049_1khz_50ns_20deci_2m_UTC_20190819_055430.000\seg_024.png,24,24,25,0,,
pohang,1khz_50ns_20deci_2m_UTC_20190819_055430.000.tdms,0049_1khz_50ns_20deci_2m_UTC_20190819_055430.000\seg_025.png,25,25,26,0,,
pohang,1khz_50ns_20deci_2m_UTC_20190819_055430.000.tdms,0049_1khz_50ns_20deci_2m_UTC_20190819_055430.000\seg_026.png,26,26,27,0,,
pohang,1khz_50ns_20deci_2m_UTC_20190819_055430.000.tdms,0049_1khz_50ns_20deci_2m_UTC_20190819_055430.000\seg_027.png,27,27,28,0,,
pohang,1khz_50ns_20deci_2m_UTC_20190819_055430.000.tdms,0049_1khz_50ns_20deci_2m_UTC_20190819_055430.000\seg_028.png,28,28,29,0,,
pohang,1khz_50ns_20deci_2m_UTC_20190819_055430.000.tdms,0049_1khz_50ns_20deci_2m_UTC_20190819_055430.000\seg_029.png,29,29,30,0,,
pohang,1khz_50ns_20deci_2m_UTC_20190819_055430.000.tdms,0050_1khz_50ns_20deci_2m_UTC_20190819_055430.000\seg_000.png,0,0,1,0,,
pohang,1khz_50ns_20deci_2m_UTC_20190819_055430.000.tdms,0050_1khz_50ns_20deci_2m_UTC_20190819_055430.000\seg_001.png,1,1,2,0,,
pohang,1khz_50ns_20deci_2m_UTC_20190819_055430.000.tdms,0050_1khz_50ns_20deci_2m_UTC_20190819_055430.000\seg_002.png,2,2,3,0,,
pohang,1khz_50ns_20deci_2m_UTC_20190819_055430.000.tdms,0050_1khz_50ns_20deci_2m_UTC_20190819_055430.000\seg_003.png,3,3,4,0,,
pohang,1khz_50ns_20deci_2m_UTC_20190819_055430.000.tdms,0050_1khz_50ns_20deci_2m_UTC_20190819_055430.000\seg_004.png,4,4,5,0,,
pohang,1khz_50ns_20deci_2m_UTC_20190819_055430.000.tdms,0050_1khz_50ns_20deci_2m_UTC_20190819_055430.000\seg_005.png,5,5,6,0,,
pohang,1khz_50ns_20deci_2m_UTC_20190819_055430.000.tdms,0050_1khz_50ns_20deci_2m_UTC_20190819_055430.000\seg_006.png,6,6,7,0,,
pohang,1khz_50ns_20deci_2m_UTC_20190819_055430.000.tdms,0050_1khz_50ns_20deci_2m_UTC_20190819_055430.000\seg_007.png,7,7,8,0,,
pohang,1khz_50ns_20deci_2m_UTC_20190819_055430.000.tdms,0050_1khz_50ns_20deci_2m_UTC_20190819_055430.000\seg_008.png,8,8,9,0,,
pohang,1khz_50ns_20deci_2m_UTC_20190819_055430.000.tdms,0050_1khz_50ns_20deci_2m_UTC_20190819_055430.000\seg_009.png,9,9,10,0,,
pohang,1khz_50ns_20deci_2m_UTC_20190819_055430.000.tdms,0050_1khz_50ns_20deci_2m_UTC_20190819_055430.000\seg_010.png,10,10,11,0,,
pohang,1khz_50ns_20deci_2m_UTC_20190819_055430.000.tdms,0050_1khz_50ns_20deci_2m_UTC_20190819_055430.000\seg_011.png,11,11,12,0,,
pohang,1khz_50ns_20deci_2m_UTC_20190819_055430.000.tdms,0050_1khz_50ns_20deci_2m_UTC_20190819_055430.000\seg_012.png,12,12,13,0,,
pohang,1khz_50ns_20deci_2m_UTC_20190819_055430.000.tdms,0050_1khz_50ns_20deci_2m_UTC_20190819_055430.000\seg_013.png,13,13,14,0,,
pohang,1khz_50ns_20deci_2m_UTC_20190819_055430.000.tdms,0050_1khz_50ns_20deci_2m_UTC_20190819_055430.000\seg_014.png,14,14,15,0,,
pohang,1khz_50ns_20deci_2m_UTC_20190819_055430.000.tdms,0050_1khz_50ns_20deci_2m_UTC_20190819_055430.000\seg_015.png,15,15,16,0,,
pohang,1khz_50ns_20deci_2m_UTC_20190819_055430.000.tdms,0050_1khz_50ns_20deci_2m_UTC_20190819_055430.000\seg_016.png,16,16,17,0,,
pohang,1khz_50ns_20deci_2m_UTC_20190819_055430.000.tdms,0050_1khz_50ns_20deci_2m_UTC_20190819_055430.000\seg_017.png,17,17,18,0,,
pohang,1khz_50ns_20deci_2m_UTC_20190819_055430.000.tdms,0050_1khz_50ns_20deci_2m_UTC_20190819_055430.000\seg_018.png,18,18,19,0,,
pohang,1khz_50ns_20deci_2m_UTC_20190819_055430.000.tdms,0050_1khz_50ns_20deci_2m_UTC_20190819_055430.000\seg_019.png,19,19,20,0,,
pohang,1khz_50ns_20deci_2m_UTC_20190819_055430.000.tdms,0050_1khz_50ns_20deci_2m_UTC_20190819_055430.000\seg_020.png,20,20,21,0,,
pohang,1khz_50ns_20deci_2m_UTC_20190819_055430.000.tdms,0050_1khz_50ns_20deci_2m_UTC_20190819_055430.000\seg_021.png,21,21,22,0,,
pohang,1khz_50ns_20deci_2m_UTC_20190819_055430.000.tdms,0050_1khz_50ns_20deci_2m_UTC_20190819_055430.000\seg_022.png,22,22,23,0,,
pohang,1khz_50ns_20deci_2m_UTC_20190819_055430.000.tdms,0050_1khz_50ns_20deci_2m_UTC_20190819_055430.000\seg_023.png,23,23,24,0,,
pohang,1khz_50ns_20deci_2m_UTC_20190819_055430.000.tdms,0050_1khz_50ns_20deci_2m_UTC_20190819_055430.000\seg_024.png,24,24,25,0,,
pohang,1khz_50ns_20deci_2m_UTC_20190819_055430.000.tdms,0050_1khz_50ns_20deci_2m_UTC_20190819_055430.000\seg_025.png,25,25,26,0,,
pohang,1khz_50ns_20deci_2m_UTC_20190819_055430.000.tdms,0050_1khz_50ns_20deci_2m_UTC_20190819_055430.000\seg_026.png,26,26,27,0,,
pohang,1khz_50ns_20deci_2m_UTC_20190819_055430.000.tdms,0050_1khz_50ns_20deci_2m_UTC_20190819_055430.000\seg_027.png,27,27,28,0,,
pohang,1khz_50ns_20deci_2m_UTC_20190819_055430.000.tdms,0050_1khz_50ns_20deci_2m_UTC_20190819_055430.000\seg_028.png,28,28,29,0,,
pohang,1khz_50ns_20deci_2m_UTC_20190819_055430.000.tdms,0050_1khz_50ns_20deci_2m_UTC_20190819_055430.000\seg_029.png,29,29,30,0,,
pohang,1khz_50ns_20deci_2m_UTC_20190819_055430.000.tdms,0051_1khz_50ns_20deci_2m_UTC_20190819_055430.000\seg_000.png,0,0,1,0,,
pohang,1khz_50ns_20deci_2m_UTC_20190819_055430.000.tdms,0051_1khz_50ns_20deci_2m_UTC_20190819_055430.000\seg_001.png,1,1,2,0,,
pohang,1khz_50ns_20deci_2m_UTC_20190819_055430.000.tdms,0051_1khz_50ns_20deci_2m_UTC_20190819_055430.000\seg_002.png,2,2,3,0,,
pohang,1khz_50ns_20deci_2m_UTC_20190819_055430.000.tdms,0051_1khz_50ns_20deci_2m_UTC_20190819_055430.000\seg_003.png,3,3,4,0,,
pohang,1khz_50ns_20deci_2m_UTC_20190819_055430.000.tdms,0051_1khz_50ns_20deci_2m_UTC_20190819_055430.000\seg_004.png,4,4,5,0,,
pohang,1khz_50ns_20deci_2m_UTC_20190819_055430.000.tdms,0051_1khz_50ns_20deci_2m_UTC_20190819_055430.000\seg_005.png,5,5,6,0,,
pohang,1khz_50ns_20deci_2m_UTC_20190819_055430.000.tdms,0051_1khz_50ns_20deci_2m_UTC_20190819_055430.000\seg_006.png,6,6,7,0,,
pohang,1khz_50ns_20deci_2m_UTC_20190819_055430.000.tdms,0051_1khz_50ns_20deci_2m_UTC_20190819_055430.000\seg_007.png,7,7,8,0,,
pohang,1khz_50ns_20deci_2m_UTC_20190819_055430.000.tdms,0051_1khz_50ns_20deci_2m_UTC_20190819_055430.000\seg_008.png,8,8,9,0,,
pohang,1khz_50ns_20deci_2m_UTC_20190819_055430.000.tdms,0051_1khz_50ns_20deci_2m_UTC_20190819_055430.000\seg_009.png,9,9,10,0,,
pohang,1khz_50ns_20deci_2m_UTC_20190819_055430.000.tdms,0051_1khz_50ns_20deci_2m_UTC_20190819_055430.000\seg_010.png,10,10,11,0,,
pohang,1khz_50ns_20deci_2m_UTC_20190819_055430.000.tdms,0051_1khz_50ns_20deci_2m_UTC_20190819_055430.000\seg_011.png,11,11,12,0,,
pohang,1khz_50ns_20deci_2m_UTC_20190819_055430.000.tdms,0051_1khz_50ns_20deci_2m_UTC_20190819_055430.000\seg_012.png,12,12,13,0,,
pohang,1khz_50ns_20deci_2m_UTC_20190819_055430.000.tdms,0051_1khz_50ns_20deci_2m_UTC_20190819_055430.000\seg_013.png,13,13,14,0,,
pohang,1khz_50ns_20deci_2m_UTC_20190819_055430.000.tdms,0051_1khz_50ns_20deci_2m_UTC_20190819_055430.000\seg_014.png,14,14,15,0,,
pohang,1khz_50ns_20deci_2m_UTC_20190819_055430.000.tdms,0051_1khz_50ns_20deci_2m_UTC_20190819_055430.000\seg_015.png,15,15,16,0,,
pohang,1khz_50ns_20deci_2m_UTC_20190819_055430.000.tdms,0051_1khz_50ns_20deci_2m_UTC_20190819_055430.000\seg_016.png,16,16,17,0,,
pohang,1khz_50ns_20deci_2m_UTC_20190819_055430.000.tdms,0051_1khz_50ns_20deci_2m_UTC_20190819_055430.000\seg_017.png,17,17,18,0,,
pohang,1khz_50ns_20deci_2m_UTC_20190819_055430.000.tdms,0051_1khz_50ns_20deci_2m_UTC_20190819_055430.000\seg_018.png,18,18,19,0,,
pohang,1khz_50ns_20deci_2m_UTC_20190819_055430.000.tdms,0051_1khz_50ns_20deci_2m_UTC_20190819_055430.000\seg_019.png,19,19,20,0,,
pohang,1khz_50ns_20deci_2m_UTC_20190819_055430.000.tdms,0051_1khz_50ns_20deci_2m_UTC_20190819_055430.000\seg_020.png,20,20,21,0,,
pohang,1khz_50ns_20deci_2m_UTC_20190819_055430.000.tdms,0051_1khz_50ns_20deci_2m_UTC_20190819_055430.000\seg_021.png,21,21,22,0,,
pohang,1khz_50ns_20deci_2m_UTC_20190819_055430.000.tdms,0051_1khz_50ns_20deci_2m_UTC_20190819_055430.000\seg_022.png,22,22,23,0,,
pohang,1khz_50ns_20deci_2m_UTC_20190819_055430.000.tdms,0051_1khz_50ns_20deci_2m_UTC_20190819_055430.000\seg_023.png,23,23,24,0,,
pohang,1khz_50ns_20deci_2m_UTC_20190819_055430.000.tdms,0051_1khz_50ns_20deci_2m_UTC_20190819_055430.000\seg_024.png,24,24,25,0,,
pohang,1khz_50ns_20deci_2m_UTC_20190819_055430.000.tdms,0051_1khz_50ns_20deci_2m_UTC_20190819_055430.000\seg_025.png,25,25,26,0,,
pohang,1khz_50ns_20deci_2m_UTC_20190819_055430.000.tdms,0051_1khz_50ns_20deci_2m_UTC_20190819_055430.000\seg_026.png,26,26,27,0,,
pohang,1khz_50ns_20deci_2m_UTC_20190819_055430.000.tdms,0051_1khz_50ns_20deci_2m_UTC_20190819_055430.000\seg_027.png,27,27,28,0,,
pohang,1khz_50ns_20deci_2m_UTC_20190819_055430.000.tdms,0051_1khz_50ns_20deci_2m_UTC_20190819_055430.000\seg_028.png,28,28,29,0,,
pohang,1khz_50ns_20deci_2m_UTC_20190819_055430.000.tdms,0051_1khz_50ns_20deci_2m_UTC_20190819_055430.000\seg_029.png,29,29,30,0,,
pohang,1khz_50ns_20deci_2m_UTC_20190819_055430.000.tdms,0052_1khz_50ns_20deci_2m_UTC_20190819_055430.000\seg_000.png,0,0,1,0,,
pohang,1khz_50ns_20deci_2m_UTC_20190819_055430.000.tdms,0052_1khz_50ns_20deci_2m_UTC_20190819_055430.000\seg_001.png,1,1,2,0,,
pohang,1khz_50ns_20deci_2m_UTC_20190819_055430.000.tdms,0052_1khz_50ns_20deci_2m_UTC_20190819_055430.000\seg_002.png,2,2,3,0,,
pohang,1khz_50ns_20deci_2m_UTC_20190819_055430.000.tdms,0052_1khz_50ns_20deci_2m_UTC_20190819_055430.000\seg_003.png,3,3,4,0,,
pohang,1khz_50ns_20deci_2m_UTC_20190819_055430.000.tdms,0052_1khz_50ns_20deci_2m_UTC_20190819_055430.000\seg_004.png,4,4,5,0,,
pohang,1khz_50ns_20deci_2m_UTC_20190819_055430.000.tdms,0052_1khz_50ns_20deci_2m_UTC_20190819_055430.000\seg_005.png,5,5,6,0,,
pohang,1khz_50ns_20deci_2m_UTC_20190819_055430.000.tdms,0052_1khz_50ns_20deci_2m_UTC_20190819_055430.000\seg_006.png,6,6,7,0,,
pohang,1khz_50ns_20deci_2m_UTC_20190819_055430.000.tdms,0052_1khz_50ns_20deci_2m_UTC_20190819_055430.000\seg_007.png,7,7,8,0,,
pohang,1khz_50ns_20deci_2m_UTC_20190819_055430.000.tdms,0052_1khz_50ns_20deci_2m_UTC_20190819_055430.000\seg_008.png,8,8,9,0,,
pohang,1khz_50ns_20deci_2m_UTC_20190819_055430.000.tdms,0052_1khz_50ns_20deci_2m_UTC_20190819_055430.000\seg_009.png,9,9,10,0,,
pohang,1khz_50ns_20deci_2m_UTC_20190819_055430.000.tdms,0052_1khz_50ns_20deci_2m_UTC_20190819_055430.000\seg_010.png,10,10,11,0,,
pohang,1khz_50ns_20deci_2m_UTC_20190819_055430.000.tdms,0052_1khz_50ns_20deci_2m_UTC_20190819_055430.000\seg_011.png,11,11,12,0,,
pohang,1khz_50ns_20deci_2m_UTC_20190819_055430.000.tdms,0052_1khz_50ns_20deci_2m_UTC_20190819_055430.000\seg_012.png,12,12,13,0,,
pohang,1khz_50ns_20deci_2m_UTC_20190819_055430.000.tdms,0052_1khz_50ns_20deci_2m_UTC_20190819_055430.000\seg_013.png,13,13,14,0,,
pohang,1khz_50ns_20deci_2m_UTC_20190819_055430.000.tdms,0052_1khz_50ns_20deci_2m_UTC_20190819_055430.000\seg_014.png,14,14,15,0,,
pohang,1khz_50ns_20deci_2m_UTC_20190819_055430.000.tdms,0052_1khz_50ns_20deci_2m_UTC_20190819_055430.000\seg_015.png,15,15,16,0,,
pohang,1khz_50ns_20deci_2m_UTC_20190819_055430.000.tdms,0052_1khz_50ns_20deci_2m_UTC_20190819_055430.000\seg_016.png,16,16,17,0,,
pohang,1khz_50ns_20deci_2m_UTC_20190819_055430.000.tdms,0052_1khz_50ns_20deci_2m_UTC_20190819_055430.000\seg_017.png,17,17,18,0,,
pohang,1khz_50ns_20deci_2m_UTC_20190819_055430.000.tdms,0052_1khz_50ns_20deci_2m_UTC_20190819_055430.000\seg_018.png,18,18,19,0,,
pohang,1khz_50ns_20deci_2m_UTC_20190819_055430.000.tdms,0052_1khz_50ns_20deci_2m_UTC_20190819_055430.000\seg_019.png,19,19,20,0,,
pohang,1khz_50ns_20deci_2m_UTC_20190819_055430.000.tdms,0052_1khz_50ns_20deci_2m_UTC_20190819_055430.000\seg_020.png,20,20,21,0,,
pohang,1khz_50ns_20deci_2m_UTC_20190819_055430.000.tdms,0052_1khz_50ns_20deci_2m_UTC_20190819_055430.000\seg_021.png,21,21,22,0,,
pohang,1khz_50ns_20deci_2m_UTC_20190819_055430.000.tdms,0052_1khz_50ns_20deci_2m_UTC_20190819_055430.000\seg_022.png,22,22,23,0,,
pohang,1khz_50ns_20deci_2m_UTC_20190819_055430.000.tdms,0052_1khz_50ns_20deci_2m_UTC_20190819_055430.000\seg_023.png,23,23,24,0,,
pohang,1khz_50ns_20deci_2m_UTC_20190819_055430.000.tdms,0052_1khz_50ns_20deci_2m_UTC_20190819_055430.000\seg_024.png,24,24,25,0,,
pohang,1khz_50ns_20deci_2m_UTC_20190819_055430.000.tdms,0052_1khz_50ns_20deci_2m_UTC_20190819_055430.000\seg_025.png,25,25,26,0,,
pohang,1khz_50ns_20deci_2m_UTC_20190819_055430.000.tdms,0052_1khz_50ns_20deci_2m_UTC_20190819_055430.000\seg_026.png,26,26,27,0,,
pohang,1khz_50ns_20deci_2m_UTC_20190819_055430.000.tdms,0052_1khz_50ns_20deci_2m_UTC_20190819_055430.000\seg_027.png,27,27,28,0,,
pohang,1khz_50ns_20deci_2m_UTC_20190819_055430.000.tdms,0052_1khz_50ns_20deci_2m_UTC_20190819_055430.000\seg_028.png,28,28,29,0,,
pohang,1khz_50ns_20deci_2m_UTC_20190819_055430.000.tdms,0052_1khz_50ns_20deci_2m_UTC_20190819_055430.000\seg_029.png,29,29,30,0,,
pohang,1khz_50ns_20deci_2m_UTC_20190819_055430.000.tdms,0053_1khz_50ns_20deci_2m_UTC_20190819_055430.000\seg_000.png,0,0,1,0,,
pohang,1khz_50ns_20deci_2m_UTC_20190819_055430.000.tdms,0053_1khz_50ns_20deci_2m_UTC_20190819_055430.000\seg_001.png,1,1,2,0,,
pohang,1khz_50ns_20deci_2m_UTC_20190819_055430.000.tdms,0053_1khz_50ns_20deci_2m_UTC_20190819_055430.000\seg_002.png,2,2,3,0,,
pohang,1khz_50ns_20deci_2m_UTC_20190819_055430.000.tdms,0053_1khz_50ns_20deci_2m_UTC_20190819_055430.000\seg_003.png,3,3,4,0,,
pohang,1khz_50ns_20deci_2m_UTC_20190819_055430.000.tdms,0053_1khz_50ns_20deci_2m_UTC_20190819_055430.000\seg_004.png,4,4,5,0,,
pohang,1khz_50ns_20deci_2m_UTC_20190819_055430.000.tdms,0053_1khz_50ns_20deci_2m_UTC_20190819_055430.000\seg_005.png,5,5,6,0,,
pohang,1khz_50ns_20deci_2m_UTC_20190819_055430.000.tdms,0053_1khz_50ns_20deci_2m_UTC_20190819_055430.000\seg_006.png,6,6,7,0,,
pohang,1khz_50ns_20deci_2m_UTC_20190819_055430.000.tdms,0053_1khz_50ns_20deci_2m_UTC_20190819_055430.000\seg_007.png,7,7,8,0,,
pohang,1khz_50ns_20deci_2m_UTC_20190819_055430.000.tdms,0053_1khz_50ns_20deci_2m_UTC_20190819_055430.000\seg_008.png,8,8,9,0,,
pohang,1khz_50ns_20deci_2m_UTC_20190819_055430.000.tdms,0053_1khz_50ns_20deci_2m_UTC_20190819_055430.000\seg_009.png,9,9,10,0,,
pohang,1khz_50ns_20deci_2m_UTC_20190819_055430.000.tdms,0053_1khz_50ns_20deci_2m_UTC_20190819_055430.000\seg_010.png,10,10,11,0,,
pohang,1khz_50ns_20deci_2m_UTC_20190819_055430.000.tdms,0053_1khz_50ns_20deci_2m_UTC_20190819_055430.000\seg_011.png,11,11,12,0,,
pohang,1khz_50ns_20deci_2m_UTC_20190819_055430.000.tdms,0053_1khz_50ns_20deci_2m_UTC_20190819_055430.000\seg_012.png,12,12,13,0,,
pohang,1khz_50ns_20deci_2m_UTC_20190819_055430.000.tdms,0053_1khz_50ns_20deci_2m_UTC_20190819_055430.000\seg_013.png,13,13,14,0,,
pohang,1khz_50ns_20deci_2m_UTC_20190819_055430.000.tdms,0053_1khz_50ns_20deci_2m_UTC_20190819_055430.000\seg_014.png,14,14,15,0,,
pohang,1khz_50ns_20deci_2m_UTC_20190819_055430.000.tdms,0053_1khz_50ns_20deci_2m_UTC_20190819_055430.000\seg_015.png,15,15,16,0,,
pohang,1khz_50ns_20deci_2m_UTC_20190819_055430.000.tdms,0053_1khz_50ns_20deci_2m_UTC_20190819_055430.000\seg_016.png,16,16,17,0,,
pohang,1khz_50ns_20deci_2m_UTC_20190819_055430.000.tdms,0053_1khz_50ns_20deci_2m_UTC_20190819_055430.000\seg_017.png,17,17,18,0,,
pohang,1khz_50ns_20deci_2m_UTC_20190819_055430.000.tdms,0053_1khz_50ns_20deci_2m_UTC_20190819_055430.000\seg_018.png,18,18,19,0,,
pohang,1khz_50ns_20deci_2m_UTC_20190819_055430.000.tdms,0053_1khz_50ns_20deci_2m_UTC_20190819_055430.000\seg_019.png,19,19,20,0,,
pohang,1khz_50ns_20deci_2m_UTC_20190819_055430.000.tdms,0053_1khz_50ns_20deci_2m_UTC_20190819_055430.000\seg_020.png,20,20,21,0,,
pohang,1khz_50ns_20deci_2m_UTC_20190819_055430.000.tdms,0053_1khz_50ns_20deci_2m_UTC_20190819_055430.000\seg_021.png,21,21,22,0,,
pohang,1khz_50ns_20deci_2m_UTC_20190819_055430.000.tdms,0053_1khz_50ns_20deci_2m_UTC_20190819_055430.000\seg_022.png,22,22,23,0,,
pohang,1khz_50ns_20deci_2m_UTC_20190819_055430.000.tdms,0053_1khz_50ns_20deci_2m_UTC_20190819_055430.000\seg_023.png,23,23,24,0,,
pohang,1khz_50ns_20deci_2m_UTC_20190819_055430.000.tdms,0053_1khz_50ns_20deci_2m_UTC_20190819_055430.000\seg_024.png,24,24,25,0,,
pohang,1khz_50ns_20deci_2m_UTC_20190819_055430.000.tdms,0053_1khz_50ns_20deci_2m_UTC_20190819_055430.000\seg_025.png,25,25,26,0,,
pohang,1khz_50ns_20deci_2m_UTC_20190819_055430.000.tdms,0053_1khz_50ns_20deci_2m_UTC_20190819_055430.000\seg_026.png,26,26,27,0,,
pohang,1khz_50ns_20deci_2m_UTC_20190819_055430.000.tdms,0053_1khz_50ns_20deci_2m_UTC_20190819_055430.000\seg_027.png,27,27,28,0,,
pohang,1khz_50ns_20deci_2m_UTC_20190819_055430.000.tdms,0053_1khz_50ns_20deci_2m_UTC_20190819_055430.000\seg_028.png,28,28,29,0,,
pohang,1khz_50ns_20deci_2m_UTC_20190819_055430.000.tdms,0053_1khz_50ns_20deci_2m_UTC_20190819_055430.000\seg_029.png,29,29,30,0,,
pohang,1khz_50ns_20deci_2m_UTC_20190819_055430.000.tdms,0054_1khz_50ns_20deci_2m_UTC_20190819_055430.000\seg_000.png,0,0,1,0,,
pohang,1khz_50ns_20deci_2m_UTC_20190819_055430.000.tdms,0054_1khz_50ns_20deci_2m_UTC_20190819_055430.000\seg_001.png,1,1,2,0,,
pohang,1khz_50ns_20deci_2m_UTC_20190819_055430.000.tdms,0054_1khz_50ns_20deci_2m_UTC_20190819_055430.000\seg_002.png,2,2,3,0,,
pohang,1khz_50ns_20deci_2m_UTC_20190819_055430.000.tdms,0054_1khz_50ns_20deci_2m_UTC_20190819_055430.000\seg_003.png,3,3,4,0,,
pohang,1khz_50ns_20deci_2m_UTC_20190819_055430.000.tdms,0054_1khz_50ns_20deci_2m_UTC_20190819_055430.000\seg_004.png,4,4,5,0,,
pohang,1khz_50ns_20deci_2m_UTC_20190819_055430.000.tdms,0054_1khz_50ns_20deci_2m_UTC_20190819_055430.000\seg_005.png,5,5,6,0,,
pohang,1khz_50ns_20deci_2m_UTC_20190819_055430.000.tdms,0054_1khz_50ns_20deci_2m_UTC_20190819_055430.000\seg_006.png,6,6,7,0,,
pohang,1khz_50ns_20deci_2m_UTC_20190819_055430.000.tdms,0054_1khz_50ns_20deci_2m_UTC_20190819_055430.000\seg_007.png,7,7,8,0,,
pohang,1khz_50ns_20deci_2m_UTC_20190819_055430.000.tdms,0054_1khz_50ns_20deci_2m_UTC_20190819_055430.000\seg_008.png,8,8,9,0,,
pohang,1khz_50ns_20deci_2m_UTC_20190819_055430.000.tdms,0054_1khz_50ns_20deci_2m_UTC_20190819_055430.000\seg_009.png,9,9,10,0,,
pohang,1khz_50ns_20deci_2m_UTC_20190819_055430.000.tdms,0054_1khz_50ns_20deci_2m_UTC_20190819_055430.000\seg_010.png,10,10,11,0,,
pohang,1khz_50ns_20deci_2m_UTC_20190819_055430.000.tdms,0054_1khz_50ns_20deci_2m_UTC_20190819_055430.000\seg_011.png,11,11,12,0,,
pohang,1khz_50ns_20deci_2m_UTC_20190819_055430.000.tdms,0054_1khz_50ns_20deci_2m_UTC_20190819_055430.000\seg_012.png,12,12,13,0,,
pohang,1khz_50ns_20deci_2m_UTC_20190819_055430.000.tdms,0054_1khz_50ns_20deci_2m_UTC_20190819_055430.000\seg_013.png,13,13,14,0,,
pohang,1khz_50ns_20deci_2m_UTC_20190819_055430.000.tdms,0054_1khz_50ns_20deci_2m_UTC_20190819_055430.000\seg_014.png,14,14,15,0,,
pohang,1khz_50ns_20deci_2m_UTC_20190819_055430.000.tdms,0054_1khz_50ns_20deci_2m_UTC_20190819_055430.000\seg_015.png,15,15,16,0,,
pohang,1khz_50ns_20deci_2m_UTC_20190819_055430.000.tdms,0054_1khz_50ns_20deci_2m_UTC_20190819_055430.000\seg_016.png,16,16,17,0,,
pohang,1khz_50ns_20deci_2m_UTC_20190819_055430.000.tdms,0054_1khz_50ns_20deci_2m_UTC_20190819_055430.000\seg_017.png,17,17,18,0,,
pohang,1khz_50ns_20deci_2m_UTC_20190819_055430.000.tdms,0054_1khz_50ns_20deci_2m_UTC_20190819_055430.000\seg_018.png,18,18,19,0,,
pohang,1khz_50ns_20deci_2m_UTC_20190819_055430.000.tdms,0054_1khz_50ns_20deci_2m_UTC_20190819_055430.000\seg_019.png,19,19,20,0,,
pohang,1khz_50ns_20deci_2m_UTC_20190819_055430.000.tdms,0054_1khz_50ns_20deci_2m_UTC_20190819_055430.000\seg_020.png,20,20,21,0,,
pohang,1khz_50ns_20deci_2m_UTC_20190819_055430.000.tdms,0054_1khz_50ns_20deci_2m_UTC_20190819_055430.000\seg_021.png,21,21,22,0,,
pohang,1khz_50ns_20deci_2m_UTC_20190819_055430.000.tdms,0054_1khz_50ns_20deci_2m_UTC_20190819_055430.000\seg_022.png,22,22,23,0,,
pohang,1khz_50ns_20deci_2m_UTC_20190819_055430.000.tdms,0054_1khz_50ns_20deci_2m_UTC_20190819_055430.000\seg_023.png,23,23,24,0,,
pohang,1khz_50ns_20deci_2m_UTC_20190819_055430.000.tdms,0054_1khz_50ns_20deci_2m_UTC_20190819_055430.000\seg_024.png,24,24,25,0,,
pohang,1khz_50ns_20deci_2m_UTC_20190819_055430.000.tdms,0054_1khz_50ns_20deci_2m_UTC_20190819_055430.000\seg_025.png,25,25,26,0,,
pohang,1khz_50ns_20deci_2m_UTC_20190819_055430.000.tdms,0054_1khz_50ns_20deci_2m_UTC_20190819_055430.000\seg_026.png,26,26,27,0,,
pohang,1khz_50ns_20deci_2m_UTC_20190819_055430.000.tdms,0054_1khz_50ns_20deci_2m_UTC_20190819_055430.000\seg_027.png,27,27,28,0,,
pohang,1khz_50ns_20deci_2m_UTC_20190819_055430.000.tdms,0054_1khz_50ns_20deci_2m_UTC_20190819_055430.000\seg_028.png,28,28,29,0,,
pohang,1khz_50ns_20deci_2m_UTC_20190819_055430.000.tdms,0054_1khz_50ns_20deci_2m_UTC_20190819_055430.000\seg_029.png,29,29,30,0,,
pohang,1khz_50ns_20deci_2m_UTC_20190819_055430.000.tdms,0055_1khz_50ns_20deci_2m_UTC_20190819_055430.000\seg_000.png,0,0,1,0,,
pohang,1khz_50ns_20deci_2m_UTC_20190819_055430.000.tdms,0055_1khz_50ns_20deci_2m_UTC_20190819_055430.000\seg_001.png,1,1,2,0,,
pohang,1khz_50ns_20deci_2m_UTC_20190819_055430.000.tdms,0055_1khz_50ns_20deci_2m_UTC_20190819_055430.000\seg_002.png,2,2,3,0,,
pohang,1khz_50ns_20deci_2m_UTC_20190819_055430.000.tdms,0055_1khz_50ns_20deci_2m_UTC_20190819_055430.000\seg_003.png,3,3,4,0,,
pohang,1khz_50ns_20deci_2m_UTC_20190819_055430.000.tdms,0055_1khz_50ns_20deci_2m_UTC_20190819_055430.000\seg_004.png,4,4,5,0,,
pohang,1khz_50ns_20deci_2m_UTC_20190819_055430.000.tdms,0055_1khz_50ns_20deci_2m_UTC_20190819_055430.000\seg_005.png,5,5,6,0,,
pohang,1khz_50ns_20deci_2m_UTC_20190819_055430.000.tdms,0055_1khz_50ns_20deci_2m_UTC_20190819_055430.000\seg_006.png,6,6,7,0,,
pohang,1khz_50ns_20deci_2m_UTC_20190819_055430.000.tdms,0055_1khz_50ns_20deci_2m_UTC_20190819_055430.000\seg_007.png,7,7,8,0,,
pohang,1khz_50ns_20deci_2m_UTC_20190819_055430.000.tdms,0055_1khz_50ns_20deci_2m_UTC_20190819_055430.000\seg_008.png,8,8,9,0,,
pohang,1khz_50ns_20deci_2m_UTC_20190819_055430.000.tdms,0055_1khz_50ns_20deci_2m_UTC_20190819_055430.000\seg_009.png,9,9,10,0,,
pohang,1khz_50ns_20deci_2m_UTC_20190819_055430.000.tdms,0055_1khz_50ns_20deci_2m_UTC_20190819_055430.000\seg_010.png,10,10,11,0,,
pohang,1khz_50ns_20deci_2m_UTC_20190819_055430.000.tdms,0055_1khz_50ns_20deci_2m_UTC_20190819_055430.000\seg_011.png,11,11,12,0,,
pohang,1khz_50ns_20deci_2m_UTC_20190819_055430.000.tdms,0055_1khz_50ns_20deci_2m_UTC_20190819_055430.000\seg_012.png,12,12,13,0,,
pohang,1khz_50ns_20deci_2m_UTC_20190819_055430.000.tdms,0055_1khz_50ns_20deci_2m_UTC_20190819_055430.000\seg_013.png,13,13,14,0,,
pohang,1khz_50ns_20deci_2m_UTC_20190819_055430.000.tdms,0055_1khz_50ns_20deci_2m_UTC_20190819_055430.000\seg_014.png,14,14,15,0,,
pohang,1khz_50ns_20deci_2m_UTC_20190819_055430.000.tdms,0055_1khz_50ns_20deci_2m_UTC_20190819_055430.000\seg_015.png,15,15,16,0,,
pohang,1khz_50ns_20deci_2m_UTC_20190819_055430.000.tdms,0055_1khz_50ns_20deci_2m_UTC_20190819_055430.000\seg_016.png,16,16,17,0,,
pohang,1khz_50ns_20deci_2m_UTC_20190819_055430.000.tdms,0055_1khz_50ns_20deci_2m_UTC_20190819_055430.000\seg_017.png,17,17,18,0,,
pohang,1khz_50ns_20deci_2m_UTC_20190819_055430.000.tdms,0055_1khz_50ns_20deci_2m_UTC_20190819_055430.000\seg_018.png,18,18,19,0,,
pohang,1khz_50ns_20deci_2m_UTC_20190819_055430.000.tdms,0055_1khz_50ns_20deci_2m_UTC_20190819_055430.000\seg_019.png,19,19,20,0,,
pohang,1khz_50ns_20deci_2m_UTC_20190819_055430.000.tdms,0055_1khz_50ns_20deci_2m_UTC_20190819_055430.000\seg_020.png,20,20,21,0,,
pohang,1khz_50ns_20deci_2m_UTC_20190819_055430.000.tdms,0055_1khz_50ns_20deci_2m_UTC_20190819_055430.000\seg_021.png,21,21,22,0,,
pohang,1khz_50ns_20deci_2m_UTC_20190819_055430.000.tdms,0055_1khz_50ns_20deci_2m_UTC_20190819_055430.000\seg_022.png,22,22,23,0,,
pohang,1khz_50ns_20deci_2m_UTC_20190819_055430.000.tdms,0055_1khz_50ns_20deci_2m_UTC_20190819_055430.000\seg_023.png,23,23,24,0,,
pohang,1khz_50ns_20deci_2m_UTC_20190819_055430.000.tdms,0055_1khz_50ns_20deci_2m_UTC_20190819_055430.000\seg_024.png,24,24,25,0,,
pohang,1khz_50ns_20deci_2m_UTC_20190819_055430.000.tdms,0055_1khz_50ns_20deci_2m_UTC_20190819_055430.000\seg_025.png,25,25,26,0,,
pohang,1khz_50ns_20deci_2m_UTC_20190819_055430.000.tdms,0055_1khz_50ns_20deci_2m_UTC_20190819_055430.000\seg_026.png,26,26,27,0,,
pohang,1khz_50ns_20deci_2m_UTC_20190819_055430.000.tdms,0055_1khz_50ns_20deci_2m_UTC_20190819_055430.000\seg_027.png,27,27,28,0,,
pohang,1khz_50ns_20deci_2m_UTC_20190819_055430.000.tdms,0055_1khz_50ns_20deci_2m_UTC_20190819_055430.000\seg_028.png,28,28,29,0,,
pohang,1khz_50ns_20deci_2m_UTC_20190819_055430.000.tdms,0055_1khz_50ns_20deci_2m_UTC_20190819_055430.000\seg_029.png,29,29,30,0,,
pohang,1khz_50ns_20deci_2m_UTC_20190819_055430.000.tdms,0056_1khz_50ns_20deci_2m_UTC_20190819_055430.000\seg_000.png,0,0,1,0,,
pohang,1khz_50ns_20deci_2m_UTC_20190819_055430.000.tdms,0056_1khz_50ns_20deci_2m_UTC_20190819_055430.000\seg_001.png,1,1,2,0,,
pohang,1khz_50ns_20deci_2m_UTC_20190819_055430.000.tdms,0056_1khz_50ns_20deci_2m_UTC_20190819_055430.000\seg_002.png,2,2,3,0,,
pohang,1khz_50ns_20deci_2m_UTC_20190819_055430.000.tdms,0056_1khz_50ns_20deci_2m_UTC_20190819_055430.000\seg_003.png,3,3,4,0,,
pohang,1khz_50ns_20deci_2m_UTC_20190819_055430.000.tdms,0056_1khz_50ns_20deci_2m_UTC_20190819_055430.000\seg_004.png,4,4,5,0,,
pohang,1khz_50ns_20deci_2m_UTC_20190819_055430.000.tdms,0056_1khz_50ns_20deci_2m_UTC_20190819_055430.000\seg_005.png,5,5,6,0,,
pohang,1khz_50ns_20deci_2m_UTC_20190819_055430.000.tdms,0056_1khz_50ns_20deci_2m_UTC_20190819_055430.000\seg_006.png,6,6,7,0,,
pohang,1khz_50ns_20deci_2m_UTC_20190819_055430.000.tdms,0056_1khz_50ns_20deci_2m_UTC_20190819_055430.000\seg_007.png,7,7,8,0,,
pohang,1khz_50ns_20deci_2m_UTC_20190819_055430.000.tdms,0056_1khz_50ns_20deci_2m_UTC_20190819_055430.000\seg_008.png,8,8,9,0,,
pohang,1khz_50ns_20deci_2m_UTC_20190819_055430.000.tdms,0056_1khz_50ns_20deci_2m_UTC_20190819_055430.000\seg_009.png,9,9,10,0,,
pohang,1khz_50ns_20deci_2m_UTC_20190819_055430.000.tdms,0056_1khz_50ns_20deci_2m_UTC_20190819_055430.000\seg_010.png,10,10,11,0,,
pohang,1khz_50ns_20deci_2m_UTC_20190819_055430.000.tdms,0056_1khz_50ns_20deci_2m_UTC_20190819_055430.000\seg_011.png,11,11,12,0,,
pohang,1khz_50ns_20deci_2m_UTC_20190819_055430.000.tdms,0056_1khz_50ns_20deci_2m_UTC_20190819_055430.000\seg_012.png,12,12,13,0,,
pohang,1khz_50ns_20deci_2m_UTC_20190819_055430.000.tdms,0056_1khz_50ns_20deci_2m_UTC_20190819_055430.000\seg_013.png,13,13,14,0,,
pohang,1khz_50ns_20deci_2m_UTC_20190819_055430.000.tdms,0056_1khz_50ns_20deci_2m_UTC_20190819_055430.000\seg_014.png,14,14,15,0,,
pohang,1khz_50ns_20deci_2m_UTC_20190819_055430.000.tdms,0056_1khz_50ns_20deci_2m_UTC_20190819_055430.000\seg_015.png,15,15,16,0,,
pohang,1khz_50ns_20deci_2m_UTC_20190819_055430.000.tdms,0056_1khz_50ns_20deci_2m_UTC_20190819_055430.000\seg_016.png,16,16,17,0,,
pohang,1khz_50ns_20deci_2m_UTC_20190819_055430.000.tdms,0056_1khz_50ns_20deci_2m_UTC_20190819_055430.000\seg_017.png,17,17,18,0,,
pohang,1khz_50ns_20deci_2m_UTC_20190819_055430.000.tdms,0056_1khz_50ns_20deci_2m_UTC_20190819_055430.000\seg_018.png,18,18,19,0,,
pohang,1khz_50ns_20deci_2m_UTC_20190819_055430.000.tdms,0056_1khz_50ns_20deci_2m_UTC_20190819_055430.000\seg_019.png,19,19,20,0,,
pohang,1khz_50ns_20deci_2m_UTC_20190819_055430.000.tdms,0056_1khz_50ns_20deci_2m_UTC_20190819_055430.000\seg_020.png,20,20,21,0,,
pohang,1khz_50ns_20deci_2m_UTC_20190819_055430.000.tdms,0056_1khz_50ns_20deci_2m_UTC_20190819_055430.000\seg_021.png,21,21,22,0,,
pohang,1khz_50ns_20deci_2m_UTC_20190819_055430.000.tdms,0056_1khz_50ns_20deci_2m_UTC_20190819_055430.000\seg_022.png,22,22,23,0,,
pohang,1khz_50ns_20deci_2m_UTC_20190819_055430.000.tdms,0056_1khz_50ns_20deci_2m_UTC_20190819_055430.000\seg_023.png,23,23,24,0,,
pohang,1khz_50ns_20deci_2m_UTC_20190819_055430.000.tdms,0056_1khz_50ns_20deci_2m_UTC_20190819_055430.000\seg_024.png,24,24,25,0,,
pohang,1khz_50ns_20deci_2m_UTC_20190819_055430.000.tdms,0056_1khz_50ns_20deci_2m_UTC_20190819_055430.000\seg_025.png,25,25,26,0,,
pohang,1khz_50ns_20deci_2m_UTC_20190819_055430.000.tdms,0056_1khz_50ns_20deci_2m_UTC_20190819_055430.000\seg_026.png,26,26,27,0,,
pohang,1khz_50ns_20deci_2m_UTC_20190819_055430.000.tdms,0056_1khz_50ns_20deci_2m_UTC_20190819_055430.000\seg_027.png,27,27,28,0,,
pohang,1khz_50ns_20deci_2m_UTC_20190819_055430.000.tdms,0056_1khz_50ns_20deci_2m_UTC_20190819_055430.000\seg_028.png,28,28,29,0,,
pohang,1khz_50ns_20deci_2m_UTC_20190819_055430.000.tdms,0056_1khz_50ns_20deci_2m_UTC_20190819_055430.000\seg_029.png,29,29,30,0,,
pohang,1khz_50ns_20deci_2m_UTC_20190819_055430.000.tdms,0057_1khz_50ns_20deci_2m_UTC_20190819_055430.000\seg_000.png,0,0,1,0,,
pohang,1khz_50ns_20deci_2m_UTC_20190819_055430.000.tdms,0057_1khz_50ns_20deci_2m_UTC_20190819_055430.000\seg_001.png,1,1,2,0,,
pohang,1khz_50ns_20deci_2m_UTC_20190819_055430.000.tdms,0057_1khz_50ns_20deci_2m_UTC_20190819_055430.000\seg_002.png,2,2,3,0,,
pohang,1khz_50ns_20deci_2m_UTC_20190819_055430.000.tdms,0057_1khz_50ns_20deci_2m_UTC_20190819_055430.000\seg_003.png,3,3,4,0,,
pohang,1khz_50ns_20deci_2m_UTC_20190819_055430.000.tdms,0057_1khz_50ns_20deci_2m_UTC_20190819_055430.000\seg_004.png,4,4,5,0,,
pohang,1khz_50ns_20deci_2m_UTC_20190819_055430.000.tdms,0057_1khz_50ns_20deci_2m_UTC_20190819_055430.000\seg_005.png,5,5,6,0,,
pohang,1khz_50ns_20deci_2m_UTC_20190819_055430.000.tdms,0057_1khz_50ns_20deci_2m_UTC_20190819_055430.000\seg_006.png,6,6,7,0,,
pohang,1khz_50ns_20deci_2m_UTC_20190819_055430.000.tdms,0057_1khz_50ns_20deci_2m_UTC_20190819_055430.000\seg_007.png,7,7,8,0,,
pohang,1khz_50ns_20deci_2m_UTC_20190819_055430.000.tdms,0057_1khz_50ns_20deci_2m_UTC_20190819_055430.000\seg_008.png,8,8,9,0,,
pohang,1khz_50ns_20deci_2m_UTC_20190819_055430.000.tdms,0057_1khz_50ns_20deci_2m_UTC_20190819_055430.000\seg_009.png,9,9,10,0,,
pohang,1khz_50ns_20deci_2m_UTC_20190819_055430.000.tdms,0057_1khz_50ns_20deci_2m_UTC_20190819_055430.000\seg_010.png,10,10,11,0,,
pohang,1khz_50ns_20deci_2m_UTC_20190819_055430.000.tdms,0057_1khz_50ns_20deci_2m_UTC_20190819_055430.000\seg_011.png,11,11,12,0,,
pohang,1khz_50ns_20deci_2m_UTC_20190819_055430.000.tdms,0057_1khz_50ns_20deci_2m_UTC_20190819_055430.000\seg_012.png,12,12,13,0,,
pohang,1khz_50ns_20deci_2m_UTC_20190819_055430.000.tdms,0057_1khz_50ns_20deci_2m_UTC_20190819_055430.000\seg_013.png,13,13,14,0,,
pohang,1khz_50ns_20deci_2m_UTC_20190819_055430.000.tdms,0057_1khz_50ns_20deci_2m_UTC_20190819_055430.000\seg_014.png,14,14,15,0,,
pohang,1khz_50ns_20deci_2m_UTC_20190819_055430.000.tdms,0057_1khz_50ns_20deci_2m_UTC_20190819_055430.000\seg_015.png,15,15,16,0,,
pohang,1khz_50ns_20deci_2m_UTC_20190819_055430.000.tdms,0057_1khz_50ns_20deci_2m_UTC_20190819_055430.000\seg_016.png,16,16,17,0,,
pohang,1khz_50ns_20deci_2m_UTC_20190819_055430.000.tdms,0057_1khz_50ns_20deci_2m_UTC_20190819_055430.000\seg_017.png,17,17,18,0,,
pohang,1khz_50ns_20deci_2m_UTC_20190819_055430.000.tdms,0057_1khz_50ns_20deci_2m_UTC_20190819_055430.000\seg_018.png,18,18,19,0,,
pohang,1khz_50ns_20deci_2m_UTC_20190819_055430.000.tdms,0057_1khz_50ns_20deci_2m_UTC_20190819_055430.000\seg_019.png,19,19,20,0,,
pohang,1khz_50ns_20deci_2m_UTC_20190819_055430.000.tdms,0057_1khz_50ns_20deci_2m_UTC_20190819_055430.000\seg_020.png,20,20,21,0,,
pohang,1khz_50ns_20deci_2m_UTC_20190819_055430.000.tdms,0057_1khz_50ns_20deci_2m_UTC_20190819_055430.000\seg_021.png,21,21,22,0,,
pohang,1khz_50ns_20deci_2m_UTC_20190819_055430.000.tdms,0057_1khz_50ns_20deci_2m_UTC_20190819_055430.000\seg_022.png,22,22,23,0,,
pohang,1khz_50ns_20deci_2m_UTC_20190819_055430.000.tdms,0057_1khz_50ns_20deci_2m_UTC_20190819_055430.000\seg_023.png,23,23,24,0,,
pohang,1khz_50ns_20deci_2m_UTC_20190819_055430.000.tdms,0057_1khz_50ns_20deci_2m_UTC_20190819_055430.000\seg_024.png,24,24,25,0,,
pohang,1khz_50ns_20deci_2m_UTC_20190819_055430.000.tdms,0057_1khz_50ns_20deci_2m_UTC_20190819_055430.000\seg_025.png,25,25,26,0,,
pohang,1khz_50ns_20deci_2m_UTC_20190819_055430.000.tdms,0057_1khz_50ns_20deci_2m_UTC_20190819_055430.000\seg_026.png,26,26,27,0,,
pohang,1khz_50ns_20deci_2m_UTC_20190819_055430.000.tdms,0057_1khz_50ns_20deci_2m_UTC_20190819_055430.000\seg_027.png,27,27,28,0,,
pohang,1khz_50ns_20deci_2m_UTC_20190819_055430.000.tdms,0057_1khz_50ns_20deci_2m_UTC_20190819_055430.000\seg_028.png,28,28,29,0,,
pohang,1khz_50ns_20deci_2m_UTC_20190819_055430.000.tdms,0057_1khz_50ns_20deci_2m_UTC_20190819_055430.000\seg_029.png,29,29,30,0,,
pohang,1khz_50ns_20deci_2m_UTC_20190917_184030.000.tdms,0058_1khz_50ns_20deci_2m_UTC_20190917_184030.000\seg_000.png,0,0,1,0,,
pohang,1khz_50ns_20deci_2m_UTC_20190917_184030.000.tdms,0058_1khz_50ns_20deci_2m_UTC_20190917_184030.000\seg_001.png,1,1,2,0,,
pohang,1khz_50ns_20deci_2m_UTC_20190917_184030.000.tdms,0058_1khz_50ns_20deci_2m_UTC_20190917_184030.000\seg_002.png,2,2,3,0,,
pohang,1khz_50ns_20deci_2m_UTC_20190917_184030.000.tdms,0058_1khz_50ns_20deci_2m_UTC_20190917_184030.000\seg_003.png,3,3,4,0,,
pohang,1khz_50ns_20deci_2m_UTC_20190917_184030.000.tdms,0058_1khz_50ns_20deci_2m_UTC_20190917_184030.000\seg_004.png,4,4,5,0,,
pohang,1khz_50ns_20deci_2m_UTC_20190917_184030.000.tdms,0058_1khz_50ns_20deci_2m_UTC_20190917_184030.000\seg_005.png,5,5,6,0,,
pohang,1khz_50ns_20deci_2m_UTC_20190917_184030.000.tdms,0058_1khz_50ns_20deci_2m_UTC_20190917_184030.000\seg_006.png,6,6,7,0,,
pohang,1khz_50ns_20deci_2m_UTC_20190917_184030.000.tdms,0058_1khz_50ns_20deci_2m_UTC_20190917_184030.000\seg_007.png,7,7,8,0,,
pohang,1khz_50ns_20deci_2m_UTC_20190917_184030.000.tdms,0058_1khz_50ns_20deci_2m_UTC_20190917_184030.000\seg_008.png,8,8,9,0,,
pohang,1khz_50ns_20deci_2m_UTC_20190917_184030.000.tdms,0058_1khz_50ns_20deci_2m_UTC_20190917_184030.000\seg_009.png,9,9,10,0,,
pohang,1khz_50ns_20deci_2m_UTC_20190917_184030.000.tdms,0058_1khz_50ns_20deci_2m_UTC_20190917_184030.000\seg_010.png,10,10,11,0,,
pohang,1khz_50ns_20deci_2m_UTC_20190917_184030.000.tdms,0058_1khz_50ns_20deci_2m_UTC_20190917_184030.000\seg_011.png,11,11,12,0,,
pohang,1khz_50ns_20deci_2m_UTC_20190917_184030.000.tdms,0058_1khz_50ns_20deci_2m_UTC_20190917_184030.000\seg_012.png,12,12,13,1,,
pohang,1khz_50ns_20deci_2m_UTC_20190917_184030.000.tdms,0058_1khz_50ns_20deci_2m_UTC_20190917_184030.000\seg_013.png,13,13,14,1,,
pohang,1khz_50ns_20deci_2m_UTC_20190917_184030.000.tdms,0058_1khz_50ns_20deci_2m_UTC_20190917_184030.000\seg_014.png,14,14,15,1,,
pohang,1khz_50ns_20deci_2m_UTC_20190917_184030.000.tdms,0058_1khz_50ns_20deci_2m_UTC_20190917_184030.000\seg_015.png,15,15,16,1,,
pohang,1khz_50ns_20deci_2m_UTC_20190917_184030.000.tdms,0058_1khz_50ns_20deci_2m_UTC_20190917_184030.000\seg_016.png,16,16,17,1,,
pohang,1khz_50ns_20deci_2m_UTC_20190917_184030.000.tdms,0058_1khz_50ns_20deci_2m_UTC_20190917_184030.000\seg_017.png,17,17,18,1,,
pohang,1khz_50ns_20deci_2m_UTC_20190917_184030.000.tdms,0058_1khz_50ns_20deci_2m_UTC_20190917_184030.000\seg_018.png,18,18,19,1,,
pohang,1khz_50ns_20deci_2m_UTC_20190917_184030.000.tdms,0058_1khz_50ns_20deci_2m_UTC_20190917_184030.000\seg_019.png,19,19,20,1,,
pohang,1khz_50ns_20deci_2m_UTC_20190917_184030.000.tdms,0058_1khz_50ns_20deci_2m_UTC_20190917_184030.000\seg_020.png,20,20,21,1,,
pohang,1khz_50ns_20deci_2m_UTC_20190917_184030.000.tdms,0058_1khz_50ns_20deci_2m_UTC_20190917_184030.000\seg_021.png,21,21,22,1,,
pohang,1khz_50ns_20deci_2m_UTC_20190917_184030.000.tdms,0058_1khz_50ns_20deci_2m_UTC_20190917_184030.000\seg_022.png,22,22,23,1,,
pohang,1khz_50ns_20deci_2m_UTC_20190917_184030.000.tdms,0058_1khz_50ns_20deci_2m_UTC_20190917_184030.000\seg_023.png,23,23,24,0,,
pohang,1khz_50ns_20deci_2m_UTC_20190917_184030.000.tdms,0058_1khz_50ns_20deci_2m_UTC_20190917_184030.000\seg_024.png,24,24,25,0,,
pohang,1khz_50ns_20deci_2m_UTC_20190917_184030.000.tdms,0058_1khz_50ns_20deci_2m_UTC_20190917_184030.000\seg_025.png,25,25,26,0,,
pohang,1khz_50ns_20deci_2m_UTC_20190917_184030.000.tdms,0058_1khz_50ns_20deci_2m_UTC_20190917_184030.000\seg_026.png,26,26,27,0,,
pohang,1khz_50ns_20deci_2m_UTC_20190917_184030.000.tdms,0058_1khz_50ns_20deci_2m_UTC_20190917_184030.000\seg_027.png,27,27,28,0,,
pohang,1khz_50ns_20deci_2m_UTC_20190917_184030.000.tdms,0058_1khz_50ns_20deci_2m_UTC_20190917_184030.000\seg_028.png,28,28,29,0,,
pohang,1khz_50ns_20deci_2m_UTC_20190917_184030.000.tdms,0058_1khz_50ns_20deci_2m_UTC_20190917_184030.000\seg_029.png,29,29,30,0,,
pohang,1khz_50ns_20deci_2m_UTC_20190917_184030.000.tdms,0059_1khz_50ns_20deci_2m_UTC_20190917_184030.000\seg_000.png,0,0,1,0,,
pohang,1khz_50ns_20deci_2m_UTC_20190917_184030.000.tdms,0059_1khz_50ns_20deci_2m_UTC_20190917_184030.000\seg_001.png,1,1,2,0,,
pohang,1khz_50ns_20deci_2m_UTC_20190917_184030.000.tdms,0059_1khz_50ns_20deci_2m_UTC_20190917_184030.000\seg_002.png,2,2,3,0,,
pohang,1khz_50ns_20deci_2m_UTC_20190917_184030.000.tdms,0059_1khz_50ns_20deci_2m_UTC_20190917_184030.000\seg_003.png,3,3,4,0,,
pohang,1khz_50ns_20deci_2m_UTC_20190917_184030.000.tdms,0059_1khz_50ns_20deci_2m_UTC_20190917_184030.000\seg_004.png,4,4,5,0,,
pohang,1khz_50ns_20deci_2m_UTC_20190917_184030.000.tdms,0059_1khz_50ns_20deci_2m_UTC_20190917_184030.000\seg_005.png,5,5,6,0,,
pohang,1khz_50ns_20deci_2m_UTC_20190917_184030.000.tdms,0059_1khz_50ns_20deci_2m_UTC_20190917_184030.000\seg_006.png,6,6,7,0,,
pohang,1khz_50ns_20deci_2m_UTC_20190917_184030.000.tdms,0059_1khz_50ns_20deci_2m_UTC_20190917_184030.000\seg_007.png,7,7,8,0,,
pohang,1khz_50ns_20deci_2m_UTC_20190917_184030.000.tdms,0059_1khz_50ns_20deci_2m_UTC_20190917_184030.000\seg_008.png,8,8,9,0,,
pohang,1khz_50ns_20deci_2m_UTC_20190917_184030.000.tdms,0059_1khz_50ns_20deci_2m_UTC_20190917_184030.000\seg_009.png,9,9,10,0,,
pohang,1khz_50ns_20deci_2m_UTC_20190917_184030.000.tdms,0059_1khz_50ns_20deci_2m_UTC_20190917_184030.000\seg_010.png,10,10,11,0,,
pohang,1khz_50ns_20deci_2m_UTC_20190917_184030.000.tdms,0059_1khz_50ns_20deci_2m_UTC_20190917_184030.000\seg_011.png,11,11,12,0,,
pohang,1khz_50ns_20deci_2m_UTC_20190917_184030.000.tdms,0059_1khz_50ns_20deci_2m_UTC_20190917_184030.000\seg_012.png,12,12,13,1,,
pohang,1khz_50ns_20deci_2m_UTC_20190917_184030.000.tdms,0059_1khz_50ns_20deci_2m_UTC_20190917_184030.000\seg_013.png,13,13,14,1,,
pohang,1khz_50ns_20deci_2m_UTC_20190917_184030.000.tdms,0059_1khz_50ns_20deci_2m_UTC_20190917_184030.000\seg_014.png,14,14,15,1,,
pohang,1khz_50ns_20deci_2m_UTC_20190917_184030.000.tdms,0059_1khz_50ns_20deci_2m_UTC_20190917_184030.000\seg_015.png,15,15,16,1,,
pohang,1khz_50ns_20deci_2m_UTC_20190917_184030.000.tdms,0059_1khz_50ns_20deci_2m_UTC_20190917_184030.000\seg_016.png,16,16,17,1,,
pohang,1khz_50ns_20deci_2m_UTC_20190917_184030.000.tdms,0059_1khz_50ns_20deci_2m_UTC_20190917_184030.000\seg_017.png,17,17,18,1,,
pohang,1khz_50ns_20deci_2m_UTC_20190917_184030.000.tdms,0059_1khz_50ns_20deci_2m_UTC_20190917_184030.000\seg_018.png,18,18,19,1,,
pohang,1khz_50ns_20deci_2m_UTC_20190917_184030.000.tdms,0059_1khz_50ns_20deci_2m_UTC_20190917_184030.000\seg_019.png,19,19,20,1,,
pohang,1khz_50ns_20deci_2m_UTC_20190917_184030.000.tdms,0059_1khz_50ns_20deci_2m_UTC_20190917_184030.000\seg_020.png,20,20,21,1,,
pohang,1khz_50ns_20deci_2m_UTC_20190917_184030.000.tdms,0059_1khz_50ns_20deci_2m_UTC_20190917_184030.000\seg_021.png,21,21,22,1,,
pohang,1khz_50ns_20deci_2m_UTC_20190917_184030.000.tdms,0059_1khz_50ns_20deci_2m_UTC_20190917_184030.000\seg_022.png,22,22,23,1,,
pohang,1khz_50ns_20deci_2m_UTC_20190917_184030.000.tdms,0059_1khz_50ns_20deci_2m_UTC_20190917_184030.000\seg_023.png,23,23,24,0,,
pohang,1khz_50ns_20deci_2m_UTC_20190917_184030.000.tdms,0059_1khz_50ns_20deci_2m_UTC_20190917_184030.000\seg_024.png,24,24,25,0,,
pohang,1khz_50ns_20deci_2m_UTC_20190917_184030.000.tdms,0059_1khz_50ns_20deci_2m_UTC_20190917_184030.000\seg_025.png,25,25,26,0,,
pohang,1khz_50ns_20deci_2m_UTC_20190917_184030.000.tdms,0059_1khz_50ns_20deci_2m_UTC_20190917_184030.000\seg_026.png,26,26,27,0,,
pohang,1khz_50ns_20deci_2m_UTC_20190917_184030.000.tdms,0059_1khz_50ns_20deci_2m_UTC_20190917_184030.000\seg_027.png,27,27,28,0,,
pohang,1khz_50ns_20deci_2m_UTC_20190917_184030.000.tdms,0059_1khz_50ns_20deci_2m_UTC_20190917_184030.000\seg_028.png,28,28,29,0,,
pohang,1khz_50ns_20deci_2m_UTC_20190917_184030.000.tdms,0059_1khz_50ns_20deci_2m_UTC_20190917_184030.000\seg_029.png,29,29,30,0,,
pohang,1khz_50ns_20deci_2m_UTC_20190918_080600.000.tdms,0060_1khz_50ns_20deci_2m_UTC_20190918_080600.000\seg_000.png,0,0,1,0,,
pohang,1khz_50ns_20deci_2m_UTC_20190918_080600.000.tdms,0060_1khz_50ns_20deci_2m_UTC_20190918_080600.000\seg_001.png,1,1,2,0,,
pohang,1khz_50ns_20deci_2m_UTC_20190918_080600.000.tdms,0060_1khz_50ns_20deci_2m_UTC_20190918_080600.000\seg_002.png,2,2,3,0,,
pohang,1khz_50ns_20deci_2m_UTC_20190918_080600.000.tdms,0060_1khz_50ns_20deci_2m_UTC_20190918_080600.000\seg_003.png,3,3,4,0,,
pohang,1khz_50ns_20deci_2m_UTC_20190918_080600.000.tdms,0060_1khz_50ns_20deci_2m_UTC_20190918_080600.000\seg_004.png,4,4,5,0,,
pohang,1khz_50ns_20deci_2m_UTC_20190918_080600.000.tdms,0060_1khz_50ns_20deci_2m_UTC_20190918_080600.000\seg_005.png,5,5,6,0,,
pohang,1khz_50ns_20deci_2m_UTC_20190918_080600.000.tdms,0060_1khz_50ns_20deci_2m_UTC_20190918_080600.000\seg_006.png,6,6,7,0,,
pohang,1khz_50ns_20deci_2m_UTC_20190918_080600.000.tdms,0060_1khz_50ns_20deci_2m_UTC_20190918_080600.000\seg_007.png,7,7,8,0,,
pohang,1khz_50ns_20deci_2m_UTC_20190918_080600.000.tdms,0060_1khz_50ns_20deci_2m_UTC_20190918_080600.000\seg_008.png,8,8,9,0,,
pohang,1khz_50ns_20deci_2m_UTC_20190918_080600.000.tdms,0060_1khz_50ns_20deci_2m_UTC_20190918_080600.000\seg_009.png,9,9,10,0,,
pohang,1khz_50ns_20deci_2m_UTC_20190918_080600.000.tdms,0060_1khz_50ns_20deci_2m_UTC_20190918_080600.000\seg_010.png,10,10,11,0,,
pohang,1khz_50ns_20deci_2m_UTC_20190918_080600.000.tdms,0060_1khz_50ns_20deci_2m_UTC_20190918_080600.000\seg_011.png,11,11,12,1,,
pohang,1khz_50ns_20deci_2m_UTC_20190918_080600.000.tdms,0060_1khz_50ns_20deci_2m_UTC_20190918_080600.000\seg_012.png,12,12,13,1,,
pohang,1khz_50ns_20deci_2m_UTC_20190918_080600.000.tdms,0060_1khz_50ns_20deci_2m_UTC_20190918_080600.000\seg_013.png,13,13,14,1,,
pohang,1khz_50ns_20deci_2m_UTC_20190918_080600.000.tdms,0060_1khz_50ns_20deci_2m_UTC_20190918_080600.000\seg_014.png,14,14,15,1,,
pohang,1khz_50ns_20deci_2m_UTC_20190918_080600.000.tdms,0060_1khz_50ns_20deci_2m_UTC_20190918_080600.000\seg_015.png,15,15,16,1,,
pohang,1khz_50ns_20deci_2m_UTC_20190918_080600.000.tdms,0060_1khz_50ns_20deci_2m_UTC_20190918_080600.000\seg_016.png,16,16,17,1,,
pohang,1khz_50ns_20deci_2m_UTC_20190918_080600.000.tdms,0060_1khz_50ns_20deci_2m_UTC_20190918_080600.000\seg_017.png,17,17,18,1,,
pohang,1khz_50ns_20deci_2m_UTC_20190918_080600.000.tdms,0060_1khz_50ns_20deci_2m_UTC_20190918_080600.000\seg_018.png,18,18,19,1,,
pohang,1khz_50ns_20deci_2m_UTC_20190918_080600.000.tdms,0060_1khz_50ns_20deci_2m_UTC_20190918_080600.000\seg_019.png,19,19,20,1,,
pohang,1khz_50ns_20deci_2m_UTC_20190918_080600.000.tdms,0060_1khz_50ns_20deci_2m_UTC_20190918_080600.000\seg_020.png,20,20,21,1,,
pohang,1khz_50ns_20deci_2m_UTC_20190918_080600.000.tdms,0060_1khz_50ns_20deci_2m_UTC_20190918_080600.000\seg_021.png,21,21,22,1,,
pohang,1khz_50ns_20deci_2m_UTC_20190918_080600.000.tdms,0060_1khz_50ns_20deci_2m_UTC_20190918_080600.000\seg_022.png,22,22,23,1,,
pohang,1khz_50ns_20deci_2m_UTC_20190918_080600.000.tdms,0060_1khz_50ns_20deci_2m_UTC_20190918_080600.000\seg_023.png,23,23,24,1,,
pohang,1khz_50ns_20deci_2m_UTC_20190918_080600.000.tdms,0060_1khz_50ns_20deci_2m_UTC_20190918_080600.000\seg_024.png,24,24,25,1,,
pohang,1khz_50ns_20deci_2m_UTC_20190918_080600.000.tdms,0060_1khz_50ns_20deci_2m_UTC_20190918_080600.000\seg_025.png,25,25,26,1,,
pohang,1khz_50ns_20deci_2m_UTC_20190918_080600.000.tdms,0060_1khz_50ns_20deci_2m_UTC_20190918_080600.000\seg_026.png,26,26,27,1,,
pohang,1khz_50ns_20deci_2m_UTC_20190918_080600.000.tdms,0060_1khz_50ns_20deci_2m_UTC_20190918_080600.000\seg_027.png,27,27,28,1,,
pohang,1khz_50ns_20deci_2m_UTC_20190918_080600.000.tdms,0060_1khz_50ns_20deci_2m_UTC_20190918_080600.000\seg_028.png,28,28,29,1,,
pohang,1khz_50ns_20deci_2m_UTC_20190918_080600.000.tdms,0060_1khz_50ns_20deci_2m_UTC_20190918_080600.000\seg_029.png,29,29,30,1,,
pohang,1khz_50ns_20deci_2m_UTC_20190920_141300.000.tdms,0061_1khz_50ns_20deci_2m_UTC_20190920_141300.000\seg_000.png,0,0,1,0,,
pohang,1khz_50ns_20deci_2m_UTC_20190920_141300.000.tdms,0061_1khz_50ns_20deci_2m_UTC_20190920_141300.000\seg_001.png,1,1,2,0,,
pohang,1khz_50ns_20deci_2m_UTC_20190920_141300.000.tdms,0061_1khz_50ns_20deci_2m_UTC_20190920_141300.000\seg_002.png,2,2,3,0,,
pohang,1khz_50ns_20deci_2m_UTC_20190920_141300.000.tdms,0061_1khz_50ns_20deci_2m_UTC_20190920_141300.000\seg_003.png,3,3,4,0,,
pohang,1khz_50ns_20deci_2m_UTC_20190920_141300.000.tdms,0061_1khz_50ns_20deci_2m_UTC_20190920_141300.000\seg_004.png,4,4,5,0,,
pohang,1khz_50ns_20deci_2m_UTC_20190920_141300.000.tdms,0061_1khz_50ns_20deci_2m_UTC_20190920_141300.000\seg_005.png,5,5,6,0,,
pohang,1khz_50ns_20deci_2m_UTC_20190920_141300.000.tdms,0061_1khz_50ns_20deci_2m_UTC_20190920_141300.000\seg_006.png,6,6,7,0,,
pohang,1khz_50ns_20deci_2m_UTC_20190920_141300.000.tdms,0061_1khz_50ns_20deci_2m_UTC_20190920_141300.000\seg_007.png,7,7,8,0,,
pohang,1khz_50ns_20deci_2m_UTC_20190920_141300.000.tdms,0061_1khz_50ns_20deci_2m_UTC_20190920_141300.000\seg_008.png,8,8,9,0,,
pohang,1khz_50ns_20deci_2m_UTC_20190920_141300.000.tdms,0061_1khz_50ns_20deci_2m_UTC_20190920_141300.000\seg_009.png,9,9,10,0,,
pohang,1khz_50ns_20deci_2m_UTC_20190920_141300.000.tdms,0061_1khz_50ns_20deci_2m_UTC_20190920_141300.000\seg_010.png,10,10,11,0,,
pohang,1khz_50ns_20deci_2m_UTC_20190920_141300.000.tdms,0061_1khz_50ns_20deci_2m_UTC_20190920_141300.000\seg_011.png,11,11,12,0,,
pohang,1khz_50ns_20deci_2m_UTC_20190920_141300.000.tdms,0061_1khz_50ns_20deci_2m_UTC_20190920_141300.000\seg_012.png,12,12,13,0,,
pohang,1khz_50ns_20deci_2m_UTC_20190920_141300.000.tdms,0061_1khz_50ns_20deci_2m_UTC_20190920_141300.000\seg_013.png,13,13,14,0,,
pohang,1khz_50ns_20deci_2m_UTC_20190920_141300.000.tdms,0061_1khz_50ns_20deci_2m_UTC_20190920_141300.000\seg_014.png,14,14,15,0,,
pohang,1khz_50ns_20deci_2m_UTC_20190920_141300.000.tdms,0061_1khz_50ns_20deci_2m_UTC_20190920_141300.000\seg_015.png,15,15,16,0,,
pohang,1khz_50ns_20deci_2m_UTC_20190920_141300.000.tdms,0061_1khz_50ns_20deci_2m_UTC_20190920_141300.000\seg_016.png,16,16,17,0,,
pohang,1khz_50ns_20deci_2m_UTC_20190920_141300.000.tdms,0061_1khz_50ns_20deci_2m_UTC_20190920_141300.000\seg_017.png,17,17,18,0,,
pohang,1khz_50ns_20deci_2m_UTC_20190920_141300.000.tdms,0061_1khz_50ns_20deci_2m_UTC_20190920_141300.000\seg_018.png,18,18,19,0,,
pohang,1khz_50ns_20deci_2m_UTC_20190920_141300.000.tdms,0061_1khz_50ns_20deci_2m_UTC_20190920_141300.000\seg_019.png,19,19,20,0,,
pohang,1khz_50ns_20deci_2m_UTC_20190920_141300.000.tdms,0061_1khz_50ns_20deci_2m_UTC_20190920_141300.000\seg_020.png,20,20,21,0,,
pohang,1khz_50ns_20deci_2m_UTC_20190920_141300.000.tdms,0061_1khz_50ns_20deci_2m_UTC_20190920_141300.000\seg_021.png,21,21,22,0,,
pohang,1khz_50ns_20deci_2m_UTC_20190920_141300.000.tdms,0061_1khz_50ns_20deci_2m_UTC_20190920_141300.000\seg_022.png,22,22,23,0,,
pohang,1khz_50ns_20deci_2m_UTC_20190920_141300.000.tdms,0061_1khz_50ns_20deci_2m_UTC_20190920_141300.000\seg_023.png,23,23,24,0,,
pohang,1khz_50ns_20deci_2m_UTC_20190920_141300.000.tdms,0061_1khz_50ns_20deci_2m_UTC_20190920_141300.000\seg_024.png,24,24,25,0,,
pohang,1khz_50ns_20deci_2m_UTC_20190920_141300.000.tdms,0061_1khz_50ns_20deci_2m_UTC_20190920_141300.000\seg_025.png,25,25,26,0,,
pohang,1khz_50ns_20deci_2m_UTC_20190920_141300.000.tdms,0061_1khz_50ns_20deci_2m_UTC_20190920_141300.000\seg_026.png,26,26,27,0,,
pohang,1khz_50ns_20deci_2m_UTC_20190920_141300.000.tdms,0061_1khz_50ns_20deci_2m_UTC_20190920_141300.000\seg_027.png,27,27,28,1,,
pohang,1khz_50ns_20deci_2m_UTC_20190920_141300.000.tdms,0061_1khz_50ns_20deci_2m_UTC_20190920_141300.000\seg_028.png,28,28,29,1,,
pohang,1khz_50ns_20deci_2m_UTC_20190920_141300.000.tdms,0061_1khz_50ns_20deci_2m_UTC_20190920_141300.000\seg_029.png,29,29,30,1,,
pohang,1khz_50ns_20deci_2m_UTC_20190921_053530.000.tdms,0062_1khz_50ns_20deci_2m_UTC_20190921_053530.000\seg_000.png,0,0,1,0,,
pohang,1khz_50ns_20deci_2m_UTC_20190921_053530.000.tdms,0062_1khz_50ns_20deci_2m_UTC_20190921_053530.000\seg_001.png,1,1,2,0,,
pohang,1khz_50ns_20deci_2m_UTC_20190921_053530.000.tdms,0062_1khz_50ns_20deci_2m_UTC_20190921_053530.000\seg_002.png,2,2,3,0,,
pohang,1khz_50ns_20deci_2m_UTC_20190921_053530.000.tdms,0062_1khz_50ns_20deci_2m_UTC_20190921_053530.000\seg_003.png,3,3,4,0,,
pohang,1khz_50ns_20deci_2m_UTC_20190921_053530.000.tdms,0062_1khz_50ns_20deci_2m_UTC_20190921_053530.000\seg_004.png,4,4,5,0,,
pohang,1khz_50ns_20deci_2m_UTC_20190921_053530.000.tdms,0062_1khz_50ns_20deci_2m_UTC_20190921_053530.000\seg_005.png,5,5,6,0,,
pohang,1khz_50ns_20deci_2m_UTC_20190921_053530.000.tdms,0062_1khz_50ns_20deci_2m_UTC_20190921_053530.000\seg_006.png,6,6,7,0,,
pohang,1khz_50ns_20deci_2m_UTC_20190921_053530.000.tdms,0062_1khz_50ns_20deci_2m_UTC_20190921_053530.000\seg_007.png,7,7,8,0,,
pohang,1khz_50ns_20deci_2m_UTC_20190921_053530.000.tdms,0062_1khz_50ns_20deci_2m_UTC_20190921_053530.000\seg_008.png,8,8,9,0,,
pohang,1khz_50ns_20deci_2m_UTC_20190921_053530.000.tdms,0062_1khz_50ns_20deci_2m_UTC_20190921_053530.000\seg_009.png,9,9,10,0,,
pohang,1khz_50ns_20deci_2m_UTC_20190921_053530.000.tdms,0062_1khz_50ns_20deci_2m_UTC_20190921_053530.000\seg_010.png,10,10,11,0,,
pohang,1khz_50ns_20deci_2m_UTC_20190921_053530.000.tdms,0062_1khz_50ns_20deci_2m_UTC_20190921_053530.000\seg_011.png,11,11,12,0,,
pohang,1khz_50ns_20deci_2m_UTC_20190921_053530.000.tdms,0062_1khz_50ns_20deci_2m_UTC_20190921_053530.000\seg_012.png,12,12,13,0,,
pohang,1khz_50ns_20deci_2m_UTC_20190921_053530.000.tdms,0062_1khz_50ns_20deci_2m_UTC_20190921_053530.000\seg_013.png,13,13,14,0,,
pohang,1khz_50ns_20deci_2m_UTC_20190921_053530.000.tdms,0062_1khz_50ns_20deci_2m_UTC_20190921_053530.000\seg_014.png,14,14,15,0,,
pohang,1khz_50ns_20deci_2m_UTC_20190921_053530.000.tdms,0062_1khz_50ns_20deci_2m_UTC_20190921_053530.000\seg_015.png,15,15,16,0,,
pohang,1khz_50ns_20deci_2m_UTC_20190921_053530.000.tdms,0062_1khz_50ns_20deci_2m_UTC_20190921_053530.000\seg_016.png,16,16,17,0,,
pohang,1khz_50ns_20deci_2m_UTC_20190921_053530.000.tdms,0062_1khz_50ns_20deci_2m_UTC_20190921_053530.000\seg_017.png,17,17,18,0,,
pohang,1khz_50ns_20deci_2m_UTC_20190921_053530.000.tdms,0062_1khz_50ns_20deci_2m_UTC_20190921_053530.000\seg_018.png,18,18,19,0,,
pohang,1khz_50ns_20deci_2m_UTC_20190921_053530.000.tdms,0062_1khz_50ns_20deci_2m_UTC_20190921_053530.000\seg_019.png,19,19,20,0,,
pohang,1khz_50ns_20deci_2m_UTC_20190921_053530.000.tdms,0062_1khz_50ns_20deci_2m_UTC_20190921_053530.000\seg_020.png,20,20,21,0,,
pohang,1khz_50ns_20deci_2m_UTC_20190921_053530.000.tdms,0062_1khz_50ns_20deci_2m_UTC_20190921_053530.000\seg_021.png,21,21,22,0,,
pohang,1khz_50ns_20deci_2m_UTC_20190921_053530.000.tdms,0062_1khz_50ns_20deci_2m_UTC_20190921_053530.000\seg_022.png,22,22,23,0,,
pohang,1khz_50ns_20deci_2m_UTC_20190921_053530.000.tdms,0062_1khz_50ns_20deci_2m_UTC_20190921_053530.000\seg_023.png,23,23,24,0,,
pohang,1khz_50ns_20deci_2m_UTC_20190921_053530.000.tdms,0062_1khz_50ns_20deci_2m_UTC_20190921_053530.000\seg_024.png,24,24,25,0,,
pohang,1khz_50ns_20deci_2m_UTC_20190921_053530.000.tdms,0062_1khz_50ns_20deci_2m_UTC_20190921_053530.000\seg_025.png,25,25,26,0,,
pohang,1khz_50ns_20deci_2m_UTC_20190921_053530.000.tdms,0062_1khz_50ns_20deci_2m_UTC_20190921_053530.000\seg_026.png,26,26,27,0,,
pohang,1khz_50ns_20deci_2m_UTC_20190921_053530.000.tdms,0062_1khz_50ns_20deci_2m_UTC_20190921_053530.000\seg_027.png,27,27,28,1,,
pohang,1khz_50ns_20deci_2m_UTC_20190921_053530.000.tdms,0062_1khz_50ns_20deci_2m_UTC_20190921_053530.000\seg_028.png,28,28,29,1,,
pohang,1khz_50ns_20deci_2m_UTC_20190921_053530.000.tdms,0062_1khz_50ns_20deci_2m_UTC_20190921_053530.000\seg_029.png,29,29,30,1,,
pohang,1khz_50ns_20deci_2m_UTC_20190924_231430.000.tdms,0063_1khz_50ns_20deci_2m_UTC_20190924_231430.000\seg_000.png,0,0,1,0,,
pohang,1khz_50ns_20deci_2m_UTC_20190924_231430.000.tdms,0063_1khz_50ns_20deci_2m_UTC_20190924_231430.000\seg_001.png,1,1,2,0,,
pohang,1khz_50ns_20deci_2m_UTC_20190924_231430.000.tdms,0063_1khz_50ns_20deci_2m_UTC_20190924_231430.000\seg_002.png,2,2,3,0,,
pohang,1khz_50ns_20deci_2m_UTC_20190924_231430.000.tdms,0063_1khz_50ns_20deci_2m_UTC_20190924_231430.000\seg_003.png,3,3,4,0,,
pohang,1khz_50ns_20deci_2m_UTC_20190924_231430.000.tdms,0063_1khz_50ns_20deci_2m_UTC_20190924_231430.000\seg_004.png,4,4,5,0,,
pohang,1khz_50ns_20deci_2m_UTC_20190924_231430.000.tdms,0063_1khz_50ns_20deci_2m_UTC_20190924_231430.000\seg_005.png,5,5,6,0,,
pohang,1khz_50ns_20deci_2m_UTC_20190924_231430.000.tdms,0063_1khz_50ns_20deci_2m_UTC_20190924_231430.000\seg_006.png,6,6,7,0,,
pohang,1khz_50ns_20deci_2m_UTC_20190924_231430.000.tdms,0063_1khz_50ns_20deci_2m_UTC_20190924_231430.000\seg_007.png,7,7,8,0,,
pohang,1khz_50ns_20deci_2m_UTC_20190924_231430.000.tdms,0063_1khz_50ns_20deci_2m_UTC_20190924_231430.000\seg_008.png,8,8,9,0,,
pohang,1khz_50ns_20deci_2m_UTC_20190924_231430.000.tdms,0063_1khz_50ns_20deci_2m_UTC_20190924_231430.000\seg_009.png,9,9,10,0,,
pohang,1khz_50ns_20deci_2m_UTC_20190924_231430.000.tdms,0063_1khz_50ns_20deci_2m_UTC_20190924_231430.000\seg_010.png,10,10,11,0,,
pohang,1khz_50ns_20deci_2m_UTC_20190924_231430.000.tdms,0063_1khz_50ns_20deci_2m_UTC_20190924_231430.000\seg_011.png,11,11,12,0,,
pohang,1khz_50ns_20deci_2m_UTC_20190924_231430.000.tdms,0063_1khz_50ns_20deci_2m_UTC_20190924_231430.000\seg_012.png,12,12,13,1,,
pohang,1khz_50ns_20deci_2m_UTC_20190924_231430.000.tdms,0063_1khz_50ns_20deci_2m_UTC_20190924_231430.000\seg_013.png,13,13,14,1,,
pohang,1khz_50ns_20deci_2m_UTC_20190924_231430.000.tdms,0063_1khz_50ns_20deci_2m_UTC_20190924_231430.000\seg_014.png,14,14,15,1,,
pohang,1khz_50ns_20deci_2m_UTC_20190924_231430.000.tdms,0063_1khz_50ns_20deci_2m_UTC_20190924_231430.000\seg_015.png,15,15,16,1,,
pohang,1khz_50ns_20deci_2m_UTC_20190924_231430.000.tdms,0063_1khz_50ns_20deci_2m_UTC_20190924_231430.000\seg_016.png,16,16,17,1,,
pohang,1khz_50ns_20deci_2m_UTC_20190924_231430.000.tdms,0063_1khz_50ns_20deci_2m_UTC_20190924_231430.000\seg_017.png,17,17,18,1,,
pohang,1khz_50ns_20deci_2m_UTC_20190924_231430.000.tdms,0063_1khz_50ns_20deci_2m_UTC_20190924_231430.000\seg_018.png,18,18,19,1,,
pohang,1khz_50ns_20deci_2m_UTC_20190924_231430.000.tdms,0063_1khz_50ns_20deci_2m_UTC_20190924_231430.000\seg_019.png,19,19,20,1,,
pohang,1khz_50ns_20deci_2m_UTC_20190924_231430.000.tdms,0063_1khz_50ns_20deci_2m_UTC_20190924_231430.000\seg_020.png,20,20,21,1,,
pohang,1khz_50ns_20deci_2m_UTC_20190924_231430.000.tdms,0063_1khz_50ns_20deci_2m_UTC_20190924_231430.000\seg_021.png,21,21,22,1,,
pohang,1khz_50ns_20deci_2m_UTC_20190924_231430.000.tdms,0063_1khz_50ns_20deci_2m_UTC_20190924_231430.000\seg_022.png,22,22,23,1,,
pohang,1khz_50ns_20deci_2m_UTC_20190924_231430.000.tdms,0063_1khz_50ns_20deci_2m_UTC_20190924_231430.000\seg_023.png,23,23,24,1,,
pohang,1khz_50ns_20deci_2m_UTC_20190924_231430.000.tdms,0063_1khz_50ns_20deci_2m_UTC_20190924_231430.000\seg_024.png,24,24,25,1,,
pohang,1khz_50ns_20deci_2m_UTC_20190924_231430.000.tdms,0063_1khz_50ns_20deci_2m_UTC_20190924_231430.000\seg_025.png,25,25,26,1,,
pohang,1khz_50ns_20deci_2m_UTC_20190924_231430.000.tdms,0063_1khz_50ns_20deci_2m_UTC_20190924_231430.000\seg_026.png,26,26,27,1,,
pohang,1khz_50ns_20deci_2m_UTC_20190924_231430.000.tdms,0063_1khz_50ns_20deci_2m_UTC_20190924_231430.000\seg_027.png,27,27,28,1,,
pohang,1khz_50ns_20deci_2m_UTC_20190924_231430.000.tdms,0063_1khz_50ns_20deci_2m_UTC_20190924_231430.000\seg_028.png,28,28,29,1,,
pohang,1khz_50ns_20deci_2m_UTC_20190924_231430.000.tdms,0063_1khz_50ns_20deci_2m_UTC_20190924_231430.000\seg_029.png,29,29,30,1,,
pohang,1khz_50ns_20deci_2m_UTC_20190925_014730.000.tdms,0064_1khz_50ns_20deci_2m_UTC_20190925_014730.000\seg_000.png,0,0,1,0,,
pohang,1khz_50ns_20deci_2m_UTC_20190925_014730.000.tdms,0064_1khz_50ns_20deci_2m_UTC_20190925_014730.000\seg_001.png,1,1,2,0,,
pohang,1khz_50ns_20deci_2m_UTC_20190925_014730.000.tdms,0064_1khz_50ns_20deci_2m_UTC_20190925_014730.000\seg_002.png,2,2,3,0,,
pohang,1khz_50ns_20deci_2m_UTC_20190925_014730.000.tdms,0064_1khz_50ns_20deci_2m_UTC_20190925_014730.000\seg_003.png,3,3,4,0,,
pohang,1khz_50ns_20deci_2m_UTC_20190925_014730.000.tdms,0064_1khz_50ns_20deci_2m_UTC_20190925_014730.000\seg_004.png,4,4,5,0,,
pohang,1khz_50ns_20deci_2m_UTC_20190925_014730.000.tdms,0064_1khz_50ns_20deci_2m_UTC_20190925_014730.000\seg_005.png,5,5,6,0,,
pohang,1khz_50ns_20deci_2m_UTC_20190925_014730.000.tdms,0064_1khz_50ns_20deci_2m_UTC_20190925_014730.000\seg_006.png,6,6,7,0,,
pohang,1khz_50ns_20deci_2m_UTC_20190925_014730.000.tdms,0064_1khz_50ns_20deci_2m_UTC_20190925_014730.000\seg_007.png,7,7,8,0,,
pohang,1khz_50ns_20deci_2m_UTC_20190925_014730.000.tdms,0064_1khz_50ns_20deci_2m_UTC_20190925_014730.000\seg_008.png,8,8,9,0,,
pohang,1khz_50ns_20deci_2m_UTC_20190925_014730.000.tdms,0064_1khz_50ns_20deci_2m_UTC_20190925_014730.000\seg_009.png,9,9,10,0,,
pohang,1khz_50ns_20deci_2m_UTC_20190925_014730.000.tdms,0064_1khz_50ns_20deci_2m_UTC_20190925_014730.000\seg_010.png,10,10,11,0,,
pohang,1khz_50ns_20deci_2m_UTC_20190925_014730.000.tdms,0064_1khz_50ns_20deci_2m_UTC_20190925_014730.000\seg_011.png,11,11,12,0,,
pohang,1khz_50ns_20deci_2m_UTC_20190925_014730.000.tdms,0064_1khz_50ns_20deci_2m_UTC_20190925_014730.000\seg_012.png,12,12,13,0,,
pohang,1khz_50ns_20deci_2m_UTC_20190925_014730.000.tdms,0064_1khz_50ns_20deci_2m_UTC_20190925_014730.000\seg_013.png,13,13,14,0,,
pohang,1khz_50ns_20deci_2m_UTC_20190925_014730.000.tdms,0064_1khz_50ns_20deci_2m_UTC_20190925_014730.000\seg_014.png,14,14,15,0,,
pohang,1khz_50ns_20deci_2m_UTC_20190925_014730.000.tdms,0064_1khz_50ns_20deci_2m_UTC_20190925_014730.000\seg_015.png,15,15,16,0,,
pohang,1khz_50ns_20deci_2m_UTC_20190925_014730.000.tdms,0064_1khz_50ns_20deci_2m_UTC_20190925_014730.000\seg_016.png,16,16,17,0,,
pohang,1khz_50ns_20deci_2m_UTC_20190925_014730.000.tdms,0064_1khz_50ns_20deci_2m_UTC_20190925_014730.000\seg_017.png,17,17,18,0,,
pohang,1khz_50ns_20deci_2m_UTC_20190925_014730.000.tdms,0064_1khz_50ns_20deci_2m_UTC_20190925_014730.000\seg_018.png,18,18,19,0,,
pohang,1khz_50ns_20deci_2m_UTC_20190925_014730.000.tdms,0064_1khz_50ns_20deci_2m_UTC_20190925_014730.000\seg_019.png,19,19,20,0,,
pohang,1khz_50ns_20deci_2m_UTC_20190925_014730.000.tdms,0064_1khz_50ns_20deci_2m_UTC_20190925_014730.000\seg_020.png,20,20,21,0,,
pohang,1khz_50ns_20deci_2m_UTC_20190925_014730.000.tdms,0064_1khz_50ns_20deci_2m_UTC_20190925_014730.000\seg_021.png,21,21,22,0,,
pohang,1khz_50ns_20deci_2m_UTC_20190925_014730.000.tdms,0064_1khz_50ns_20deci_2m_UTC_20190925_014730.000\seg_022.png,22,22,23,0,,
pohang,1khz_50ns_20deci_2m_UTC_20190925_014730.000.tdms,0064_1khz_50ns_20deci_2m_UTC_20190925_014730.000\seg_023.png,23,23,24,0,,
pohang,1khz_50ns_20deci_2m_UTC_20190925_014730.000.tdms,0064_1khz_50ns_20deci_2m_UTC_20190925_014730.000\seg_024.png,24,24,25,0,,
pohang,1khz_50ns_20deci_2m_UTC_20190925_014730.000.tdms,0064_1khz_50ns_20deci_2m_UTC_20190925_014730.000\seg_025.png,25,25,26,1,,
pohang,1khz_50ns_20deci_2m_UTC_20190925_014730.000.tdms,0064_1khz_50ns_20deci_2m_UTC_20190925_014730.000\seg_026.png,26,26,27,1,,
pohang,1khz_50ns_20deci_2m_UTC_20190925_014730.000.tdms,0064_1khz_50ns_20deci_2m_UTC_20190925_014730.000\seg_027.png,27,27,28,1,,
pohang,1khz_50ns_20deci_2m_UTC_20190925_014730.000.tdms,0064_1khz_50ns_20deci_2m_UTC_20190925_014730.000\seg_028.png,28,28,29,1,,
pohang,1khz_50ns_20deci_2m_UTC_20190925_014730.000.tdms,0064_1khz_50ns_20deci_2m_UTC_20190925_014730.000\seg_029.png,29,29,30,1,,
pohang,1khz_50ns_20deci_2m_UTC_20190925_175730.000.tdms,0065_1khz_50ns_20deci_2m_UTC_20190925_175730.000\seg_000.png,0,0,1,0,,
pohang,1khz_50ns_20deci_2m_UTC_20190925_175730.000.tdms,0065_1khz_50ns_20deci_2m_UTC_20190925_175730.000\seg_001.png,1,1,2,0,,
pohang,1khz_50ns_20deci_2m_UTC_20190925_175730.000.tdms,0065_1khz_50ns_20deci_2m_UTC_20190925_175730.000\seg_002.png,2,2,3,0,,
pohang,1khz_50ns_20deci_2m_UTC_20190925_175730.000.tdms,0065_1khz_50ns_20deci_2m_UTC_20190925_175730.000\seg_003.png,3,3,4,0,,
pohang,1khz_50ns_20deci_2m_UTC_20190925_175730.000.tdms,0065_1khz_50ns_20deci_2m_UTC_20190925_175730.000\seg_004.png,4,4,5,0,,
pohang,1khz_50ns_20deci_2m_UTC_20190925_175730.000.tdms,0065_1khz_50ns_20deci_2m_UTC_20190925_175730.000\seg_005.png,5,5,6,1,,
pohang,1khz_50ns_20deci_2m_UTC_20190925_175730.000.tdms,0065_1khz_50ns_20deci_2m_UTC_20190925_175730.000\seg_006.png,6,6,7,1,,
pohang,1khz_50ns_20deci_2m_UTC_20190925_175730.000.tdms,0065_1khz_50ns_20deci_2m_UTC_20190925_175730.000\seg_007.png,7,7,8,1,,
pohang,1khz_50ns_20deci_2m_UTC_20190925_175730.000.tdms,0065_1khz_50ns_20deci_2m_UTC_20190925_175730.000\seg_008.png,8,8,9,1,,
pohang,1khz_50ns_20deci_2m_UTC_20190925_175730.000.tdms,0065_1khz_50ns_20deci_2m_UTC_20190925_175730.000\seg_009.png,9,9,10,1,,
pohang,1khz_50ns_20deci_2m_UTC_20190925_175730.000.tdms,0065_1khz_50ns_20deci_2m_UTC_20190925_175730.000\seg_010.png,10,10,11,1,,
pohang,1khz_50ns_20deci_2m_UTC_20190925_175730.000.tdms,0065_1khz_50ns_20deci_2m_UTC_20190925_175730.000\seg_011.png,11,11,12,1,,
pohang,1khz_50ns_20deci_2m_UTC_20190925_175730.000.tdms,0065_1khz_50ns_20deci_2m_UTC_20190925_175730.000\seg_012.png,12,12,13,1,,
pohang,1khz_50ns_20deci_2m_UTC_20190925_175730.000.tdms,0065_1khz_50ns_20deci_2m_UTC_20190925_175730.000\seg_013.png,13,13,14,1,,
pohang,1khz_50ns_20deci_2m_UTC_20190925_175730.000.tdms,0065_1khz_50ns_20deci_2m_UTC_20190925_175730.000\seg_014.png,14,14,15,1,,
pohang,1khz_50ns_20deci_2m_UTC_20190925_175730.000.tdms,0065_1khz_50ns_20deci_2m_UTC_20190925_175730.000\seg_015.png,15,15,16,1,,
pohang,1khz_50ns_20deci_2m_UTC_20190925_175730.000.tdms,0065_1khz_50ns_20deci_2m_UTC_20190925_175730.000\seg_016.png,16,16,17,1,,
pohang,1khz_50ns_20deci_2m_UTC_20190925_175730.000.tdms,0065_1khz_50ns_20deci_2m_UTC_20190925_175730.000\seg_017.png,17,17,18,1,,
pohang,1khz_50ns_20deci_2m_UTC_20190925_175730.000.tdms,0065_1khz_50ns_20deci_2m_UTC_20190925_175730.000\seg_018.png,18,18,19,1,,
pohang,1khz_50ns_20deci_2m_UTC_20190925_175730.000.tdms,0065_1khz_50ns_20deci_2m_UTC_20190925_175730.000\seg_019.png,19,19,20,1,,
pohang,1khz_50ns_20deci_2m_UTC_20190925_175730.000.tdms,0065_1khz_50ns_20deci_2m_UTC_20190925_175730.000\seg_020.png,20,20,21,1,,
pohang,1khz_50ns_20deci_2m_UTC_20190925_175730.000.tdms,0065_1khz_50ns_20deci_2m_UTC_20190925_175730.000\seg_021.png,21,21,22,1,,
pohang,1khz_50ns_20deci_2m_UTC_20190925_175730.000.tdms,0065_1khz_50ns_20deci_2m_UTC_20190925_175730.000\seg_022.png,22,22,23,1,,
pohang,1khz_50ns_20deci_2m_UTC_20190925_175730.000.tdms,0065_1khz_50ns_20deci_2m_UTC_20190925_175730.000\seg_023.png,23,23,24,1,,
pohang,1khz_50ns_20deci_2m_UTC_20190925_175730.000.tdms,0065_1khz_50ns_20deci_2m_UTC_20190925_175730.000\seg_024.png,24,24,25,1,,
pohang,1khz_50ns_20deci_2m_UTC_20190925_175730.000.tdms,0065_1khz_50ns_20deci_2m_UTC_20190925_175730.000\seg_025.png,25,25,26,1,,
pohang,1khz_50ns_20deci_2m_UTC_20190925_175730.000.tdms,0065_1khz_50ns_20deci_2m_UTC_20190925_175730.000\seg_026.png,26,26,27,1,,
pohang,1khz_50ns_20deci_2m_UTC_20190925_175730.000.tdms,0065_1khz_50ns_20deci_2m_UTC_20190925_175730.000\seg_027.png,27,27,28,1,,
pohang,1khz_50ns_20deci_2m_UTC_20190925_175730.000.tdms,0065_1khz_50ns_20deci_2m_UTC_20190925_175730.000\seg_028.png,28,28,29,1,,
pohang,1khz_50ns_20deci_2m_UTC_20190925_175730.000.tdms,0065_1khz_50ns_20deci_2m_UTC_20190925_175730.000\seg_029.png,29,29,30,1,,
