site,tdms_file,seg_png,segment_index,start_sec,end_sec,is_event,confidence,note
utah_upper,FORGE_78-32_iDASv3-P11_UTC190427171923.sgy,0000_FORGE_78-32_iDASv3-P11_UTC190427171923\seg_000.png,0,0,1,0,,
utah_upper,FORGE_78-32_iDASv3-P11_UTC190427171923.sgy,0000_FORGE_78-32_iDASv3-P11_UTC190427171923\seg_001.png,1,1,2,0,,
utah_upper,FORGE_78-32_iDASv3-P11_UTC190427171923.sgy,0000_FORGE_78-32_iDASv3-P11_UTC190427171923\seg_002.png,2,2,3,0,,
utah_upper,FORGE_78-32_iDASv3-P11_UTC190427171923.sgy,0000_FORGE_78-32_iDASv3-P11_UTC190427171923\seg_003.png,3,3,4,0,,
utah_upper,FORGE_78-32_iDASv3-P11_UTC190427171923.sgy,0000_FORGE_78-32_iDASv3-P11_UTC190427171923\seg_004.png,4,4,5,0,,
utah_upper,FORGE_78-32_iDASv3-P11_UTC190427171923.sgy,0000_FORGE_78-32_iDASv3-P11_UTC190427171923\seg_005.png,5,5,6,0,,
utah_upper,FORGE_78-32_iDASv3-P11_UTC190427171923.sgy,0000_FORGE_78-32_iDASv3-P11_UTC190427171923\seg_006.png,6,6,7,0,,
utah_upper,FORGE_78-32_iDASv3-P11_UTC190427171923.sgy,0000_FORGE_78-32_iDASv3-P11_UTC190427171923\seg_007.png,7,7,8,0,,
utah_upper,FORGE_78-32_iDASv3-P11_UTC190427171923.sgy,0000_FORGE_78-32_iDASv3-P11_UTC190427171923\seg_008.png,8,8,9,0,,
utah_upper,FORGE_78-32_iDASv3-P11_UTC190427171923.sgy,0000_FORGE_78-32_iDASv3-P11_UTC190427171923\seg_009.png,9,9,10,0,,
utah_upper,FORGE_78-32_iDASv3-P11_UTC190427171923.sgy,0000_FORGE_78-32_iDASv3-P11_UTC190427171923\seg_010.png,10,10,11,0,,
utah_upper,FORGE_78-32_iDASv3-P11_UTC190427171923.sgy,0000_FORGE_78-32_iDASv3-P11_UTC190427171923\seg_011.png,11,11,12,0,,
utah_upper,FORGE_78-32_iDASv3-P11_UTC190427171923.sgy,0000_FORGE_78-32_iDASv3-P11_UTC190427171923\seg_012.png,12,12,13,0,,
utah_upper,FORGE_78-32_iDASv3-P11_UTC190427171923.sgy,0000_FORGE_78-32_iDASv3-P11_UTC190427171923\seg_013.png,13,13,14,0,,
utah_upper,FORGE_78-32_iDASv3-P11_UTC190427171923.sgy,0000_FORGE_78-32_iDASv3-P11_UTC190427171923\seg_014.png,14,14,15,0,,
utah_upper,FORGE_78-32_iDASv3-P11_UTC190427171923.sgy,0000_FORGE_78-32_iDASv3-P11_UTC190427171923\seg_015.png,15,15,16,0,,
utah_upper,FORGE_78-32_iDASv3-P11_UTC190427171923.sgy,0000_FORGE_78-32_iDASv3-P11_UTC190427171923\seg_016.png,16,16,17,0,,
utah_upper,FORGE_78-32_iDASv3-P11_UTC190427171923.sgy,0000_FORGE_78-32_iDASv3-P11_UTC190427171923\seg_017.png,17,17,18,0,,
utah_upper,FORGE_78-32_iDASv3-P11_UTC190427171923.sgy,0000_FORGE_78-32_iDASv3-P11_UTC190427171923\seg_018.png,18,18,19,0,,
utah_upper,FORGE_78-32_iDASv3-P11_UTC190427171923.sgy,0000_FORGE_78-32_iDASv3-P11_UTC190427171923\seg_019.png,19,19,20,0,,
utah_upper,FORGE_78-32_iDASv3-P11_UTC190427171923.sgy,0000_FORGE_78-32_iDASv3-P11_UTC190427171923\seg_020.png,20,20,21,0,,
utah_upper,FORGE_78-32_iDASv3-P11_UTC190427171923.sgy,0000_FORGE_78-32_iDASv3-P11_UTC190427171923\seg_021.png,21,21,22,0,,
utah_upper,FORGE_78-32_iDASv3-P11_UTC190427171923.sgy,0000_FORGE_78-32_iDASv3-P11_UTC190427171923\seg_022.png,22,22,23,0,,
utah_upper,FORGE_78-32_iDASv3-P11_UTC190427171923.sgy,0000_FORGE_78-32_iDASv3-P11_UTC190427171923\seg_023.png,23,23,24,0,,
utah_upper,FORGE_78-32_iDASv3-P11_UTC190427171923.sgy,0000_FORGE_78-32_iDASv3-P11_UTC190427171923\seg_024.png,24,24,25,0,,
utah_upper,FORGE_78-32_iDASv3-P11_UTC190427171923.sgy,0000_FORGE_78-32_iDASv3-P11_UTC190427171923\seg_025.png,25,25,26,0,,
utah_upper,FORGE_78-32_iDASv3-P11_UTC190427171923.sgy,0000_FORGE_78-32_iDASv3-P11_UTC190427171923\seg_026.png,26,26,27,0,,
utah_upper,FORGE_78-32_iDASv3-P11_UTC190427171923.sgy,0000_FORGE_78-32_iDASv3-P11_UTC190427171923\seg_027.png,27,27,28,0,,
utah_upper,FORGE_78-32_iDASv3-P11_UTC190427171923.sgy,0000_FORGE_78-32_iDASv3-P11_UTC190427171923\seg_028.png,28,28,29,0,,
utah_upper,FORGE_78-32_iDASv3-P11_UTC190427171923.sgy,0000_FORGE_78-32_iDASv3-P11_UTC190427171923\seg_029.png,29,29,30,0,,
utah_upper,FORGE_78-32_iDASv3-P11_UTC190427172008.sgy,0001_FORGE_78-32_iDASv3-P11_UTC190427172008\seg_000.png,0,0,1,0,,
utah_upper,FORGE_78-32_iDASv3-P11_UTC190427172008.sgy,0001_FORGE_78-32_iDASv3-P11_UTC190427172008\seg_001.png,1,1,2,0,,
utah_upper,FORGE_78-32_iDASv3-P11_UTC190427172008.sgy,0001_FORGE_78-32_iDASv3-P11_UTC190427172008\seg_002.png,2,2,3,0,,
utah_upper,FORGE_78-32_iDASv3-P11_UTC190427172008.sgy,0001_FORGE_78-32_iDASv3-P11_UTC190427172008\seg_003.png,3,3,4,0,,
utah_upper,FORGE_78-32_iDASv3-P11_UTC190427172008.sgy,0001_FORGE_78-32_iDASv3-P11_UTC190427172008\seg_004.png,4,4,5,0,,
utah_upper,FORGE_78-32_iDASv3-P11_UTC190427172008.sgy,0001_FORGE_78-32_iDASv3-P11_UTC190427172008\seg_005.png,5,5,6,0,,
utah_upper,FORGE_78-32_iDASv3-P11_UTC190427172008.sgy,0001_FORGE_78-32_iDASv3-P11_UTC190427172008\seg_006.png,6,6,7,0,,
utah_upper,FORGE_78-32_iDASv3-P11_UTC190427172008.sgy,0001_FORGE_78-32_iDASv3-P11_UTC190427172008\seg_007.png,7,7,8,0,,
utah_upper,FORGE_78-32_iDASv3-P11_UTC190427172008.sgy,0001_FORGE_78-32_iDASv3-P11_UTC190427172008\seg_008.png,8,8,9,0,,
utah_upper,FORGE_78-32_iDASv3-P11_UTC190427172008.sgy,0001_FORGE_78-32_iDASv3-P11_UTC190427172008\seg_009.png,9,9,10,0,,
utah_upper,FORGE_78-32_iDASv3-P11_UTC190427172008.sgy,0001_FORGE_78-32_iDASv3-P11_UTC190427172008\seg_010.png,10,10,11,0,,
utah_upper,FORGE_78-32_iDASv3-P11_UTC190427172008.sgy,0001_FORGE_78-32_iDASv3-P11_UTC190427172008\seg_011.png,11,11,12,0,,
utah_upper,FORGE_78-32_iDASv3-P11_UTC190427172008.sgy,0001_FORGE_78-32_iDASv3-P11_UTC190427172008\seg_012.png,12,12,13,0,,
utah_upper,FORGE_78-32_iDASv3-P11_UTC190427172008.sgy,0001_FORGE_78-32_iDASv3-P11_UTC190427172008\seg_013.png,13,13,14,0,,
utah_upper,FORGE_78-32_iDASv3-P11_UTC190427172008.sgy,0001_FORGE_78-32_iDASv3-P11_UTC190427172008\seg_014.png,14,14,15,0,,
utah_upper,FORGE_78-32_iDASv3-P11_UTC190427172008.sgy,0001_FORGE_78-32_iDASv3-P11_UTC190427172008\seg_015.png,15,15,16,0,,
utah_upper,FORGE_78-32_iDASv3-P11_UTC190427172008.sgy,0001_FORGE_78-32_iDASv3-P11_UTC190427172008\seg_016.png,16,16,17,0,,
utah_upper,FORGE_78-32_iDASv3-P11_UTC190427172008.sgy,0001_FORGE_78-32_iDASv3-P11_UTC190427172008\seg_017.png,17,17,18,0,,
utah_upper,FORGE_78-32_iDASv3-P11_UTC190427172008.sgy,0001_FORGE_78-32_iDASv3-P11_UTC190427172008\seg_018.png,18,18,19,0,,
utah_upper,FORGE_78-32_iDASv3-P11_UTC190427172008.sgy,0001_FORGE_78-32_iDASv3-P11_UTC190427172008\seg_019.png,19,19,20,0,,
utah_upper,FORGE_78-32_iDASv3-P11_UTC190427172008.sgy,0001_FORGE_78-32_iDASv3-P11_UTC190427172008\seg_020.png,20,20,21,0,,
utah_upper,FORGE_78-32_iDASv3-P11_UTC190427172008.sgy,0001_FORGE_78-32_iDASv3-P11_UTC190427172008\seg_021.png,21,21,22,0,,
utah_upper,FORGE_78-32_iDASv3-P11_UTC190427172008.sgy,0001_FORGE_78-32_iDASv3-P11_UTC190427172008\seg_022.png,22,22,23,0,,
utah_upper,FORGE_78-32_iDASv3-P11_UTC190427172008.sgy,0001_FORGE_78-32_iDASv3-P11_UTC190427172008\seg_023.png,23,23,24,0,,
utah_upper,FORGE_78-32_iDASv3-P11_UTC190427172008.sgy,0001_FORGE_78-32_iDASv3-P11_UTC190427172008\seg_024.png,24,24,25,0,,
utah_upper,FORGE_78-32_iDASv3-P11_UTC190427172008.sgy,0001_FORGE_78-32_iDASv3-P11_UTC190427172008\seg_025.png,25,25,26,0,,
utah_upper,FORGE_78-32_iDASv3-P11_UTC190427172008.sgy,0001_FORGE_78-32_iDASv3-P11_UTC190427172008\seg_026.png,26,26,27,0,,
utah_upper,FORGE_78-32_iDASv3-P11_UTC190427172008.sgy,0001_FORGE_78-32_iDASv3-P11_UTC190427172008\seg_027.png,27,27,28,0,,
utah_upper,FORGE_78-32_iDASv3-P11_UTC190427172008.sgy,0001_FORGE_78-32_iDASv3-P11_UTC190427172008\seg_028.png,28,28,29,0,,
utah_upper,FORGE_78-32_iDASv3-P11_UTC190427172008.sgy,0001_FORGE_78-32_iDASv3-P11_UTC190427172008\seg_029.png,29,29,30,0,,
utah_upper,FORGE_78-32_iDASv3-P11_UTC190427172223.sgy,0002_FORGE_78-32_iDASv3-P11_UTC190427172223\seg_000.png,0,0,1,0,,
utah_upper,FORGE_78-32_iDASv3-P11_UTC190427172223.sgy,0002_FORGE_78-32_iDASv3-P11_UTC190427172223\seg_001.png,1,1,2,0,,
utah_upper,FORGE_78-32_iDASv3-P11_UTC190427172223.sgy,0002_FORGE_78-32_iDASv3-P11_UTC190427172223\seg_002.png,2,2,3,0,,
utah_upper,FORGE_78-32_iDASv3-P11_UTC190427172223.sgy,0002_FORGE_78-32_iDASv3-P11_UTC190427172223\seg_003.png,3,3,4,0,,
utah_upper,FORGE_78-32_iDASv3-P11_UTC190427172223.sgy,0002_FORGE_78-32_iDASv3-P11_UTC190427172223\seg_004.png,4,4,5,0,,
utah_upper,FORGE_78-32_iDASv3-P11_UTC190427172223.sgy,0002_FORGE_78-32_iDASv3-P11_UTC190427172223\seg_005.png,5,5,6,0,,
utah_upper,FORGE_78-32_iDASv3-P11_UTC190427172223.sgy,0002_FORGE_78-32_iDASv3-P11_UTC190427172223\seg_006.png,6,6,7,0,,
utah_upper,FORGE_78-32_iDASv3-P11_UTC190427172223.sgy,0002_FORGE_78-32_iDASv3-P11_UTC190427172223\seg_007.png,7,7,8,0,,
utah_upper,FORGE_78-32_iDASv3-P11_UTC190427172223.sgy,0002_FORGE_78-32_iDASv3-P11_UTC190427172223\seg_008.png,8,8,9,0,,
utah_upper,FORGE_78-32_iDASv3-P11_UTC190427172223.sgy,0002_FORGE_78-32_iDASv3-P11_UTC190427172223\seg_009.png,9,9,10,0,,
utah_upper,FORGE_78-32_iDASv3-P11_UTC190427172223.sgy,0002_FORGE_78-32_iDASv3-P11_UTC190427172223\seg_010.png,10,10,11,0,,
utah_upper,FORGE_78-32_iDASv3-P11_UTC190427172223.sgy,0002_FORGE_78-32_iDASv3-P11_UTC190427172223\seg_011.png,11,11,12,0,,
utah_upper,FORGE_78-32_iDASv3-P11_UTC190427172223.sgy,0002_FORGE_78-32_iDASv3-P11_UTC190427172223\seg_012.png,12,12,13,0,,
utah_upper,FORGE_78-32_iDASv3-P11_UTC190427172223.sgy,0002_FORGE_78-32_iDASv3-P11_UTC190427172223\seg_013.png,13,13,14,0,,
utah_upper,FORGE_78-32_iDASv3-P11_UTC190427172223.sgy,0002_FORGE_78-32_iDASv3-P11_UTC190427172223\seg_014.png,14,14,15,0,,
utah_upper,FORGE_78-32_iDASv3-P11_UTC190427172223.sgy,0002_FORGE_78-32_iDASv3-P11_UTC190427172223\seg_015.png,15,15,16,0,,
utah_upper,FORGE_78-32_iDASv3-P11_UTC190427172223.sgy,0002_FORGE_78-32_iDASv3-P11_UTC190427172223\seg_016.png,16,16,17,0,,
utah_upper,FORGE_78-32_iDASv3-P11_UTC190427172223.sgy,0002_FORGE_78-32_iDASv3-P11_UTC190427172223\seg_017.png,17,17,18,0,,
utah_upper,FORGE_78-32_iDASv3-P11_UTC190427172223.sgy,0002_FORGE_78-32_iDASv3-P11_UTC190427172223\seg_018.png,18,18,19,0,,
utah_upper,FORGE_78-32_iDASv3-P11_UTC190427172223.sgy,0002_FORGE_78-32_iDASv3-P11_UTC190427172223\seg_019.png,19,19,20,0,,
utah_upper,FORGE_78-32_iDASv3-P11_UTC190427172223.sgy,0002_FORGE_78-32_iDASv3-P11_UTC190427172223\seg_020.png,20,20,21,0,,
utah_upper,FORGE_78-32_iDASv3-P11_UTC190427172223.sgy,0002_FORGE_78-32_iDASv3-P11_UTC190427172223\seg_021.png,21,21,22,0,,
utah_upper,FORGE_78-32_iDASv3-P11_UTC190427172223.sgy,0002_FORGE_78-32_iDASv3-P11_UTC190427172223\seg_022.png,22,22,23,0,,
utah_upper,FORGE_78-32_iDASv3-P11_UTC190427172223.sgy,0002_FORGE_78-32_iDASv3-P11_UTC190427172223\seg_023.png,23,23,24,0,,
utah_upper,FORGE_78-32_iDASv3-P11_UTC190427172223.sgy,0002_FORGE_78-32_iDASv3-P11_UTC190427172223\seg_024.png,24,24,25,0,,
utah_upper,FORGE_78-32_iDASv3-P11_UTC190427172223.sgy,0002_FORGE_78-32_iDASv3-P11_UTC190427172223\seg_025.png,25,25,26,0,,
utah_upper,FORGE_78-32_iDASv3-P11_UTC190427172223.sgy,0002_FORGE_78-32_iDASv3-P11_UTC190427172223\seg_026.png,26,26,27,0,,
utah_upper,FORGE_78-32_iDASv3-P11_UTC190427172223.sgy,0002_FORGE_78-32_iDASv3-P11_UTC190427172223\seg_027.png,27,27,28,0,,
utah_upper,FORGE_78-32_iDASv3-P11_UTC190427172223.sgy,0002_FORGE_78-32_iDASv3-P11_UTC190427172223\seg_028.png,28,28,29,0,,
utah_upper,FORGE_78-32_iDASv3-P11_UTC190427172223.sgy,0002_FORGE_78-32_iDASv3-P11_UTC190427172223\seg_029.png,29,29,30,0,,
utah_upper,FORGE_78-32_iDASv3-P11_UTC190427172438.sgy,0003_FORGE_78-32_iDASv3-P11_UTC190427172438\seg_000.png,0,0,1,0,,
utah_upper,FORGE_78-32_iDASv3-P11_UTC190427172438.sgy,0003_FORGE_78-32_iDASv3-P11_UTC190427172438\seg_001.png,1,1,2,0,,
utah_upper,FORGE_78-32_iDASv3-P11_UTC190427172438.sgy,0003_FORGE_78-32_iDASv3-P11_UTC190427172438\seg_002.png,2,2,3,0,,
utah_upper,FORGE_78-32_iDASv3-P11_UTC190427172438.sgy,0003_FORGE_78-32_iDASv3-P11_UTC190427172438\seg_003.png,3,3,4,0,,
utah_upper,FORGE_78-32_iDASv3-P11_UTC190427172438.sgy,0003_FORGE_78-32_iDASv3-P11_UTC190427172438\seg_004.png,4,4,5,0,,
utah_upper,FORGE_78-32_iDASv3-P11_UTC190427172438.sgy,0003_FORGE_78-32_iDASv3-P11_UTC190427172438\seg_005.png,5,5,6,0,,
utah_upper,FORGE_78-32_iDASv3-P11_UTC190427172438.sgy,0003_FORGE_78-32_iDASv3-P11_UTC190427172438\seg_006.png,6,6,7,0,,
utah_upper,FORGE_78-32_iDASv3-P11_UTC190427172438.sgy,0003_FORGE_78-32_iDASv3-P11_UTC190427172438\seg_007.png,7,7,8,0,,
utah_upper,FORGE_78-32_iDASv3-P11_UTC190427172438.sgy,0003_FORGE_78-32_iDASv3-P11_UTC190427172438\seg_008.png,8,8,9,0,,
utah_upper,FORGE_78-32_iDASv3-P11_UTC190427172438.sgy,0003_FORGE_78-32_iDASv3-P11_UTC190427172438\seg_009.png,9,9,10,0,,
utah_upper,FORGE_78-32_iDASv3-P11_UTC190427172438.sgy,0003_FORGE_78-32_iDASv3-P11_UTC190427172438\seg_010.png,10,10,11,0,,
utah_upper,FORGE_78-32_iDASv3-P11_UTC190427172438.sgy,0003_FORGE_78-32_iDASv3-P11_UTC190427172438\seg_011.png,11,11,12,0,,
utah_upper,FORGE_78-32_iDASv3-P11_UTC190427172438.sgy,0003_FORGE_78-32_iDASv3-P11_UTC190427172438\seg_012.png,12,12,13,0,,
utah_upper,FORGE_78-32_iDASv3-P11_UTC190427172438.sgy,0003_FORGE_78-32_iDASv3-P11_UTC190427172438\seg_013.png,13,13,14,0,,
utah_upper,FORGE_78-32_iDASv3-P11_UTC190427172438.sgy,0003_FORGE_78-32_iDASv3-P11_UTC190427172438\seg_014.png,14,14,15,0,,
utah_upper,FORGE_78-32_iDASv3-P11_UTC190427172438.sgy,0003_FORGE_78-32_iDASv3-P11_UTC190427172438\seg_015.png,15,15,16,0,,
utah_upper,FORGE_78-32_iDASv3-P11_UTC190427172438.sgy,0003_FORGE_78-32_iDASv3-P11_UTC190427172438\seg_016.png,16,16,17,0,,
utah_upper,FORGE_78-32_iDASv3-P11_UTC190427172438.sgy,0003_FORGE_78-32_iDASv3-P11_UTC190427172438\seg_017.png,17,17,18,0,,
utah_upper,FORGE_78-32_iDASv3-P11_UTC190427172438.sgy,0003_FORGE_78-32_iDASv3-P11_UTC190427172438\seg_018.png,18,18,19,0,,
utah_upper,FORGE_78-32_iDASv3-P11_UTC190427172438.sgy,0003_FORGE_78-32_iDASv3-P11_UTC190427172438\seg_019.png,19,19,20,0,,
utah_upper,FORGE_78-32_iDASv3-P11_UTC190427172438.sgy,0003_FORGE_78-32_iDASv3-P11_UTC190427172438\seg_020.png,20,20,21,0,,
utah_upper,FORGE_78-32_iDASv3-P11_UTC190427172438.sgy,0003_FORGE_78-32_iDASv3-P11_UTC190427172438\seg_021.png,21,21,22,0,,
utah_upper,FORGE_78-32_iDASv3-P11_UTC190427172438.sgy,0003_FORGE_78-32_iDASv3-P11_UTC190427172438\seg_022.png,22,22,23,0,,
utah_upper,FORGE_78-32_iDASv3-P11_UTC190427172438.sgy,0003_FORGE_78-32_iDASv3-P11_UTC190427172438\seg_023.png,23,23,24,0,,
utah_upper,FORGE_78-32_iDASv3-P11_UTC190427172438.sgy,0003_FORGE_78-32_iDASv3-P11_UTC190427172438\seg_024.png,24,24,25,0,,
utah_upper,FORGE_78-32_iDASv3-P11_UTC190427172438.sgy,0003_FORGE_78-32_iDASv3-P11_UTC190427172438\seg_025.png,25,25,26,0,,
utah_upper,FORGE_78-32_iDASv3-P11_UTC190427172438.sgy,0003_FORGE_78-32_iDASv3-P11_UTC190427172438\seg_026.png,26,26,27,0,,
utah_upper,FORGE_78-32_iDASv3-P11_UTC190427172438.sgy,0003_FORGE_78-32_iDASv3-P11_UTC190427172438\seg_027.png,27,27,28,0,,
utah_upper,FORGE_78-32_iDASv3-P11_UTC190427172438.sgy,0003_FORGE_78-32_iDASv3-P11_UTC190427172438\seg_028.png,28,28,29,0,,
utah_upper,FORGE_78-32_iDASv3-P11_UTC190427172438.sgy,0003_FORGE_78-32_iDASv3-P11_UTC190427172438\seg_029.png,29,29,30,0,,
utah_upper,FORGE_78-32_iDASv3-P11_UTC190427172538.sgy,0004_FORGE_78-32_iDASv3-P11_UTC190427172538\seg_000.png,0,0,1,0,,
utah_upper,FORGE_78-32_iDASv3-P11_UTC190427172538.sgy,0004_FORGE_78-32_iDASv3-P11_UTC190427172538\seg_001.png,1,1,2,0,,
utah_upper,FORGE_78-32_iDASv3-P11_UTC190427172538.sgy,0004_FORGE_78-32_iDASv3-P11_UTC190427172538\seg_002.png,2,2,3,0,,
utah_upper,FORGE_78-32_iDASv3-P11_UTC190427172538.sgy,0004_FORGE_78-32_iDASv3-P11_UTC190427172538\seg_003.png,3,3,4,0,,
utah_upper,FORGE_78-32_iDASv3-P11_UTC190427172538.sgy,0004_FORGE_78-32_iDASv3-P11_UTC190427172538\seg_004.png,4,4,5,0,,
utah_upper,FORGE_78-32_iDASv3-P11_UTC190427172538.sgy,0004_FORGE_78-32_iDASv3-P11_UTC190427172538\seg_005.png,5,5,6,0,,
utah_upper,FORGE_78-32_iDASv3-P11_UTC190427172538.sgy,0004_FORGE_78-32_iDASv3-P11_UTC190427172538\seg_006.png,6,6,7,0,,
utah_upper,FORGE_78-32_iDASv3-P11_UTC190427172538.sgy,0004_FORGE_78-32_iDASv3-P11_UTC190427172538\seg_007.png,7,7,8,0,,
utah_upper,FORGE_78-32_iDASv3-P11_UTC190427172538.sgy,0004_FORGE_78-32_iDASv3-P11_UTC190427172538\seg_008.png,8,8,9,0,,
utah_upper,FORGE_78-32_iDASv3-P11_UTC190427172538.sgy,0004_FORGE_78-32_iDASv3-P11_UTC190427172538\seg_009.png,9,9,10,0,,
utah_upper,FORGE_78-32_iDASv3-P11_UTC190427172538.sgy,0004_FORGE_78-32_iDASv3-P11_UTC190427172538\seg_010.png,10,10,11,0,,
utah_upper,FORGE_78-32_iDASv3-P11_UTC190427172538.sgy,0004_FORGE_78-32_iDASv3-P11_UTC190427172538\seg_011.png,11,11,12,0,,
utah_upper,FORGE_78-32_iDASv3-P11_UTC190427172538.sgy,0004_FORGE_78-32_iDASv3-P11_UTC190427172538\seg_012.png,12,12,13,0,,
utah_upper,FORGE_78-32_iDASv3-P11_UTC190427172538.sgy,0004_FORGE_78-32_iDASv3-P11_UTC190427172538\seg_013.png,13,13,14,0,,
utah_upper,FORGE_78-32_iDASv3-P11_UTC190427172538.sgy,0004_FORGE_78-32_iDASv3-P11_UTC190427172538\seg_014.png,14,14,15,0,,
utah_upper,FORGE_78-32_iDASv3-P11_UTC190427172538.sgy,0004_FORGE_78-32_iDASv3-P11_UTC190427172538\seg_015.png,15,15,16,0,,
utah_upper,FORGE_78-32_iDASv3-P11_UTC190427172538.sgy,0004_FORGE_78-32_iDASv3-P11_UTC190427172538\seg_016.png,16,16,17,0,,
utah_upper,FORGE_78-32_iDASv3-P11_UTC190427172538.sgy,0004_FORGE_78-32_iDASv3-P11_UTC190427172538\seg_017.png,17,17,18,0,,
utah_upper,FORGE_78-32_iDASv3-P11_UTC190427172538.sgy,0004_FORGE_78-32_iDASv3-P11_UTC190427172538\seg_018.png,18,18,19,0,,
utah_upper,FORGE_78-32_iDASv3-P11_UTC190427172538.sgy,0004_FORGE_78-32_iDASv3-P11_UTC190427172538\seg_019.png,19,19,20,0,,
utah_upper,FORGE_78-32_iDASv3-P11_UTC190427172538.sgy,0004_FORGE_78-32_iDASv3-P11_UTC190427172538\seg_020.png,20,20,21,0,,
utah_upper,FORGE_78-32_iDASv3-P11_UTC190427172538.sgy,0004_FORGE_78-32_iDASv3-P11_UTC190427172538\seg_021.png,21,21,22,0,,
utah_upper,FORGE_78-32_iDASv3-P11_UTC190427172538.sgy,0004_FORGE_78-32_iDASv3-P11_UTC190427172538\seg_022.png,22,22,23,0,,
utah_upper,FORGE_78-32_iDASv3-P11_UTC190427172538.sgy,0004_FORGE_78-32_iDASv3-P11_UTC190427172538\seg_023.png,23,23,24,0,,
utah_upper,FORGE_78-32_iDASv3-P11_UTC190427172538.sgy,0004_FORGE_78-32_iDASv3-P11_UTC190427172538\seg_024.png,24,24,25,0,,
utah_upper,FORGE_78-32_iDASv3-P11_UTC190427172538.sgy,0004_FORGE_78-32_iDASv3-P11_UTC190427172538\seg_025.png,25,25,26,0,,
utah_upper,FORGE_78-32_iDASv3-P11_UTC190427172538.sgy,0004_FORGE_78-32_iDASv3-P11_UTC190427172538\seg_026.png,26,26,27,0,,
utah_upper,FORGE_78-32_iDASv3-P11_UTC190427172538.sgy,0004_FORGE_78-32_iDASv3-P11_UTC190427172538\seg_027.png,27,27,28,0,,
utah_upper,FORGE_78-32_iDASv3-P11_UTC190427172538.sgy,0004_FORGE_78-32_iDASv3-P11_UTC190427172538\seg_028.png,28,28,29,0,,
utah_upper,FORGE_78-32_iDASv3-P11_UTC190427172538.sgy,0004_FORGE_78-32_iDASv3-P11_UTC190427172538\seg_029.png,29,29,30,0,,
utah_upper,FORGE_78-32_iDASv3-P11_UTC190427172623.sgy,0005_FORGE_78-32_iDASv3-P11_UTC190427172623\seg_000.png,0,0,1,0,,
utah_upper,FORGE_78-32_iDASv3-P11_UTC190427172623.sgy,0005_FORGE_78-32_iDASv3-P11_UTC190427172623\seg_001.png,1,1,2,0,,
utah_upper,FORGE_78-32_iDASv3-P11_UTC190427172623.sgy,0005_FORGE_78-32_iDASv3-P11_UTC190427172623\seg_002.png,2,2,3,0,,
utah_upper,FORGE_78-32_iDASv3-P11_UTC190427172623.sgy,0005_FORGE_78-32_iDASv3-P11_UTC190427172623\seg_003.png,3,3,4,0,,
utah_upper,FORGE_78-32_iDASv3-P11_UTC190427172623.sgy,0005_FORGE_78-32_iDASv3-P11_UTC190427172623\seg_004.png,4,4,5,0,,
utah_upper,FORGE_78-32_iDASv3-P11_UTC190427172623.sgy,0005_FORGE_78-32_iDASv3-P11_UTC190427172623\seg_005.png,5,5,6,0,,
utah_upper,FORGE_78-32_iDASv3-P11_UTC190427172623.sgy,0005_FORGE_78-32_iDASv3-P11_UTC190427172623\seg_006.png,6,6,7,0,,
utah_upper,FORGE_78-32_iDASv3-P11_UTC190427172623.sgy,0005_FORGE_78-32_iDASv3-P11_UTC190427172623\seg_007.png,7,7,8,0,,
utah_upper,FORGE_78-32_iDASv3-P11_UTC190427172623.sgy,0005_FORGE_78-32_iDASv3-P11_UTC190427172623\seg_008.png,8,8,9,0,,
utah_upper,FORGE_78-32_iDASv3-P11_UTC190427172623.sgy,0005_FORGE_78-32_iDASv3-P11_UTC190427172623\seg_009.png,9,9,10,0,,
utah_upper,FORGE_78-32_iDASv3-P11_UTC190427172623.sgy,0005_FORGE_78-32_iDASv3-P11_UTC190427172623\seg_010.png,10,10,11,0,,
utah_upper,FORGE_78-32_iDASv3-P11_UTC190427172623.sgy,0005_FORGE_78-32_iDASv3-P11_UTC190427172623\seg_011.png,11,11,12,0,,
utah_upper,FORGE_78-32_iDASv3-P11_UTC190427172623.sgy,0005_FORGE_78-32_iDASv3-P11_UTC190427172623\seg_012.png,12,12,13,0,,
utah_upper,FORGE_78-32_iDASv3-P11_UTC190427172623.sgy,0005_FORGE_78-32_iDASv3-P11_UTC190427172623\seg_013.png,13,13,14,0,,
utah_upper,FORGE_78-32_iDASv3-P11_UTC190427172623.sgy,0005_FORGE_78-32_iDASv3-P11_UTC190427172623\seg_014.png,14,14,15,0,,
utah_upper,FORGE_78-32_iDASv3-P11_UTC190427172623.sgy,0005_FORGE_78-32_iDASv3-P11_UTC190427172623\seg_015.png,15,15,16,0,,
utah_upper,FORGE_78-32_iDASv3-P11_UTC190427172623.sgy,0005_FORGE_78-32_iDASv3-P11_UTC190427172623\seg_016.png,16,16,17,0,,
utah_upper,FORGE_78-32_iDASv3-P11_UTC190427172623.sgy,0005_FORGE_78-32_iDASv3-P11_UTC190427172623\seg_017.png,17,17,18,0,,
utah_upper,FORGE_78-32_iDASv3-P11_UTC190427172623.sgy,0005_FORGE_78-32_iDASv3-P11_UTC190427172623\seg_018.png,18,18,19,0,,
utah_upper,FORGE_78-32_iDASv3-P11_UTC190427172623.sgy,0005_FORGE_78-32_iDASv3-P11_UTC190427172623\seg_019.png,19,19,20,0,,
utah_upper,FORGE_78-32_iDASv3-P11_UTC190427172623.sgy,0005_FORGE_78-32_iDASv3-P11_UTC190427172623\seg_020.png,20,20,21,0,,
utah_upper,FORGE_78-32_iDASv3-P11_UTC190427172623.sgy,0005_FORGE_78-32_iDASv3-P11_UTC190427172623\seg_021.png,21,21,22,0,,
utah_upper,FORGE_78-32_iDASv3-P11_UTC190427172623.sgy,0005_FORGE_78-32_iDASv3-P11_UTC190427172623\seg_022.png,22,22,23,0,,
utah_upper,FORGE_78-32_iDASv3-P11_UTC190427172623.sgy,0005_FORGE_78-32_iDASv3-P11_UTC190427172623\seg_023.png,23,23,24,0,,
utah_upper,FORGE_78-32_iDASv3-P11_UTC190427172623.sgy,0005_FORGE_78-32_iDASv3-P11_UTC190427172623\seg_024.png,24,24,25,0,,
utah_upper,FORGE_78-32_iDASv3-P11_UTC190427172623.sgy,0005_FORGE_78-32_iDASv3-P11_UTC190427172623\seg_025.png,25,25,26,0,,
utah_upper,FORGE_78-32_iDASv3-P11_UTC190427172623.sgy,0005_FORGE_78-32_iDASv3-P11_UTC190427172623\seg_026.png,26,26,27,0,,
utah_upper,FORGE_78-32_iDASv3-P11_UTC190427172623.sgy,0005_FORGE_78-32_iDASv3-P11_UTC190427172623\seg_027.png,27,27,28,0,,
utah_upper,FORGE_78-32_iDASv3-P11_UTC190427172623.sgy,0005_FORGE_78-32_iDASv3-P11_UTC190427172623\seg_028.png,28,28,29,0,,
utah_upper,FORGE_78-32_iDASv3-P11_UTC190427172623.sgy,0005_FORGE_78-32_iDASv3-P11_UTC190427172623\seg_029.png,29,29,30,0,,
utah_upper,FORGE_78-32_iDASv3-P11_UTC190427172738.sgy,0006_FORGE_78-32_iDASv3-P11_UTC190427172738\seg_000.png,0,0,1,0,,
utah_upper,FORGE_78-32_iDASv3-P11_UTC190427172738.sgy,0006_FORGE_78-32_iDASv3-P11_UTC190427172738\seg_001.png,1,1,2,0,,
utah_upper,FORGE_78-32_iDASv3-P11_UTC190427172738.sgy,0006_FORGE_78-32_iDASv3-P11_UTC190427172738\seg_002.png,2,2,3,0,,
utah_upper,FORGE_78-32_iDASv3-P11_UTC190427172738.sgy,0006_FORGE_78-32_iDASv3-P11_UTC190427172738\seg_003.png,3,3,4,0,,
utah_upper,FORGE_78-32_iDASv3-P11_UTC190427172738.sgy,0006_FORGE_78-32_iDASv3-P11_UTC190427172738\seg_004.png,4,4,5,0,,
utah_upper,FORGE_78-32_iDASv3-P11_UTC190427172738.sgy,0006_FORGE_78-32_iDASv3-P11_UTC190427172738\seg_005.png,5,5,6,0,,
utah_upper,FORGE_78-32_iDASv3-P11_UTC190427172738.sgy,0006_FORGE_78-32_iDASv3-P11_UTC190427172738\seg_006.png,6,6,7,0,,
utah_upper,FORGE_78-32_iDASv3-P11_UTC190427172738.sgy,0006_FORGE_78-32_iDASv3-P11_UTC190427172738\seg_007.png,7,7,8,0,,
utah_upper,FORGE_78-32_iDASv3-P11_UTC190427172738.sgy,0006_FORGE_78-32_iDASv3-P11_UTC190427172738\seg_008.png,8,8,9,0,,
utah_upper,FORGE_78-32_iDASv3-P11_UTC190427172738.sgy,0006_FORGE_78-32_iDASv3-P11_UTC190427172738\seg_009.png,9,9,10,0,,
utah_upper,FORGE_78-32_iDASv3-P11_UTC190427172738.sgy,0006_FORGE_78-32_iDASv3-P11_UTC190427172738\seg_010.png,10,10,11,0,,
utah_upper,FORGE_78-32_iDASv3-P11_UTC190427172738.sgy,0006_FORGE_78-32_iDASv3-P11_UTC190427172738\seg_011.png,11,11,12,0,,
utah_upper,FORGE_78-32_iDASv3-P11_UTC190427172738.sgy,0006_FORGE_78-32_iDASv3-P11_UTC190427172738\seg_012.png,12,12,13,0,,
utah_upper,FORGE_78-32_iDASv3-P11_UTC190427172738.sgy,0006_FORGE_78-32_iDASv3-P11_UTC190427172738\seg_013.png,13,13,14,0,,
utah_upper,FORGE_78-32_iDASv3-P11_UTC190427172738.sgy,0006_FORGE_78-32_iDASv3-P11_UTC190427172738\seg_014.png,14,14,15,0,,
utah_upper,FORGE_78-32_iDASv3-P11_UTC190427172738.sgy,0006_FORGE_78-32_iDASv3-P11_UTC190427172738\seg_015.png,15,15,16,0,,
utah_upper,FORGE_78-32_iDASv3-P11_UTC190427172738.sgy,0006_FORGE_78-32_iDASv3-P11_UTC190427172738\seg_016.png,16,16,17,0,,
utah_upper,FORGE_78-32_iDASv3-P11_UTC190427172738.sgy,0006_FORGE_78-32_iDASv3-P11_UTC190427172738\seg_017.png,17,17,18,0,,
utah_upper,FORGE_78-32_iDASv3-P11_UTC190427172738.sgy,0006_FORGE_78-32_iDASv3-P11_UTC190427172738\seg_018.png,18,18,19,0,,
utah_upper,FORGE_78-32_iDASv3-P11_UTC190427172738.sgy,0006_FORGE_78-32_iDASv3-P11_UTC190427172738\seg_019.png,19,19,20,0,,
utah_upper,FORGE_78-32_iDASv3-P11_UTC190427172738.sgy,0006_FORGE_78-32_iDASv3-P11_UTC190427172738\seg_020.png,20,20,21,0,,
utah_upper,FORGE_78-32_iDASv3-P11_UTC190427172738.sgy,0006_FORGE_78-32_iDASv3-P11_UTC190427172738\seg_021.png,21,21,22,0,,
utah_upper,FORGE_78-32_iDASv3-P11_UTC190427172738.sgy,0006_FORGE_78-32_iDASv3-P11_UTC190427172738\seg_022.png,22,22,23,0,,
utah_upper,FORGE_78-32_iDASv3-P11_UTC190427172738.sgy,0006_FORGE_78-32_iDASv3-P11_UTC190427172738\seg_023.png,23,23,24,0,,
utah_upper,FORGE_78-32_iDASv3-P11_UTC190427172738.sgy,0006_FORGE_78-32_iDASv3-P11_UTC190427172738\seg_024.png,24,24,25,0,,
utah_upper,FORGE_78-32_iDASv3-P11_UTC190427172738.sgy,0006_FORGE_78-32_iDASv3-P11_UTC190427172738\seg_025.png,25,25,26,0,,
utah_upper,FORGE_78-32_iDASv3-P11_UTC190427172738.sgy,0006_FORGE_78-32_iDASv3-P11_UTC190427172738\seg_026.png,26,26,27,0,,
utah_upper,FORGE_78-32_iDASv3-P11_UTC190427172738.sgy,0006_FORGE_78-32_iDASv3-P11_UTC190427172738\seg_027.png,27,27,28,0,,
utah_upper,FORGE_78-32_iDASv3-P11_UTC190427172738.sgy,0006_FORGE_78-32_iDASv3-P11_UTC190427172738\seg_028.png,28,28,29,0,,
utah_upper,FORGE_78-32_iDASv3-P11_UTC190427172738.sgy,0006_FORGE_78-32_iDASv3-P11_UTC190427172738\seg_029.png,29,29,30,0,,
utah_upper,FORGE_78-32_iDASv3-P11_UTC190427172838.sgy,0007_FORGE_78-32_iDASv3-P11_UTC190427172838\seg_000.png,0,0,1,0,,
utah_upper,FORGE_78-32_iDASv3-P11_UTC190427172838.sgy,0007_FORGE_78-32_iDASv3-P11_UTC190427172838\seg_001.png,1,1,2,0,,
utah_upper,FORGE_78-32_iDASv3-P11_UTC190427172838.sgy,0007_FORGE_78-32_iDASv3-P11_UTC190427172838\seg_002.png,2,2,3,0,,
utah_upper,FORGE_78-32_iDASv3-P11_UTC190427172838.sgy,0007_FORGE_78-32_iDASv3-P11_UTC190427172838\seg_003.png,3,3,4,0,,
utah_upper,FORGE_78-32_iDASv3-P11_UTC190427172838.sgy,0007_FORGE_78-32_iDASv3-P11_UTC190427172838\seg_004.png,4,4,5,0,,
utah_upper,FORGE_78-32_iDASv3-P11_UTC190427172838.sgy,0007_FORGE_78-32_iDASv3-P11_UTC190427172838\seg_005.png,5,5,6,0,,
utah_upper,FORGE_78-32_iDASv3-P11_UTC190427172838.sgy,0007_FORGE_78-32_iDASv3-P11_UTC190427172838\seg_006.png,6,6,7,0,,
utah_upper,FORGE_78-32_iDASv3-P11_UTC190427172838.sgy,0007_FORGE_78-32_iDASv3-P11_UTC190427172838\seg_007.png,7,7,8,0,,
utah_upper,FORGE_78-32_iDASv3-P11_UTC190427172838.sgy,0007_FORGE_78-32_iDASv3-P11_UTC190427172838\seg_008.png,8,8,9,0,,
utah_upper,FORGE_78-32_iDASv3-P11_UTC190427172838.sgy,0007_FORGE_78-32_iDASv3-P11_UTC190427172838\seg_009.png,9,9,10,0,,
utah_upper,FORGE_78-32_iDASv3-P11_UTC190427172838.sgy,0007_FORGE_78-32_iDASv3-P11_UTC190427172838\seg_010.png,10,10,11,0,,
utah_upper,FORGE_78-32_iDASv3-P11_UTC190427172838.sgy,0007_FORGE_78-32_iDASv3-P11_UTC190427172838\seg_011.png,11,11,12,0,,
utah_upper,FORGE_78-32_iDASv3-P11_UTC190427172838.sgy,0007_FORGE_78-32_iDASv3-P11_UTC190427172838\seg_012.png,12,12,13,0,,
utah_upper,FORGE_78-32_iDASv3-P11_UTC190427172838.sgy,0007_FORGE_78-32_iDASv3-P11_UTC190427172838\seg_013.png,13,13,14,0,,
utah_upper,FORGE_78-32_iDASv3-P11_UTC190427172838.sgy,0007_FORGE_78-32_iDASv3-P11_UTC190427172838\seg_014.png,14,14,15,0,,
utah_upper,FORGE_78-32_iDASv3-P11_UTC190427172838.sgy,0007_FORGE_78-32_iDASv3-P11_UTC190427172838\seg_015.png,15,15,16,0,,
utah_upper,FORGE_78-32_iDASv3-P11_UTC190427172838.sgy,0007_FORGE_78-32_iDASv3-P11_UTC190427172838\seg_016.png,16,16,17,0,,
utah_upper,FORGE_78-32_iDASv3-P11_UTC190427172838.sgy,0007_FORGE_78-32_iDASv3-P11_UTC190427172838\seg_017.png,17,17,18,0,,
utah_upper,FORGE_78-32_iDASv3-P11_UTC190427172838.sgy,0007_FORGE_78-32_iDASv3-P11_UTC190427172838\seg_018.png,18,18,19,0,,
utah_upper,FORGE_78-32_iDASv3-P11_UTC190427172838.sgy,0007_FORGE_78-32_iDASv3-P11_UTC190427172838\seg_019.png,19,19,20,0,,
utah_upper,FORGE_78-32_iDASv3-P11_UTC190427172838.sgy,0007_FORGE_78-32_iDASv3-P11_UTC190427172838\seg_020.png,20,20,21,0,,
utah_upper,FORGE_78-32_iDASv3-P11_UTC190427172838.sgy,0007_FORGE_78-32_iDASv3-P11_UTC190427172838\seg_021.png,21,21,22,0,,
utah_upper,FORGE_78-32_iDASv3-P11_UTC190427172838.sgy,0007_FORGE_78-32_iDASv3-P11_UTC190427172838\seg_022.png,22,22,23,0,,
utah_upper,FORGE_78-32_iDASv3-P11_UTC190427172838.sgy,0007_FORGE_78-32_iDASv3-P11_UTC190427172838\seg_023.png,23,23,24,0,,
utah_upper,FORGE_78-32_iDASv3-P11_UTC190427172838.sgy,0007_FORGE_78-32_iDASv3-P11_UTC190427172838\seg_024.png,24,24,25,0,,
utah_upper,FORGE_78-32_iDASv3-P11_UTC190427172838.sgy,0007_FORGE_78-32_iDASv3-P11_UTC190427172838\seg_025.png,25,25,26,0,,
utah_upper,FORGE_78-32_iDASv3-P11_UTC190427172838.sgy,0007_FORGE_78-32_iDASv3-P11_UTC190427172838\seg_026.png,26,26,27,0,,
utah_upper,FORGE_78-32_iDASv3-P11_UTC190427172838.sgy,0007_FORGE_78-32_iDASv3-P11_UTC190427172838\seg_027.png,27,27,28,0,,
utah_upper,FORGE_78-32_iDASv3-P11_UTC190427172838.sgy,0007_FORGE_78-32_iDASv3-P11_UTC190427172838\seg_028.png,28,28,29,0,,
utah_upper,FORGE_78-32_iDASv3-P11_UTC190427172838.sgy,0007_FORGE_78-32_iDASv3-P11_UTC190427172838\seg_029.png,29,29,30,0,,
utah_upper,FORGE_78-32_iDASv3-P11_UTC190427172938.sgy,0008_FORGE_78-32_iDASv3-P11_UTC190427172938\seg_000.png,0,0,1,0,,
utah_upper,FORGE_78-32_iDASv3-P11_UTC190427172938.sgy,0008_FORGE_78-32_iDASv3-P11_UTC190427172938\seg_001.png,1,1,2,0,,
utah_upper,FORGE_78-32_iDASv3-P11_UTC190427172938.sgy,0008_FORGE_78-32_iDASv3-P11_UTC190427172938\seg_002.png,2,2,3,0,,
utah_upper,FORGE_78-32_iDASv3-P11_UTC190427172938.sgy,0008_FORGE_78-32_iDASv3-P11_UTC190427172938\seg_003.png,3,3,4,0,,
utah_upper,FORGE_78-32_iDASv3-P11_UTC190427172938.sgy,0008_FORGE_78-32_iDASv3-P11_UTC190427172938\seg_004.png,4,4,5,0,,
utah_upper,FORGE_78-32_iDASv3-P11_UTC190427172938.sgy,0008_FORGE_78-32_iDASv3-P11_UTC190427172938\seg_005.png,5,5,6,0,,
utah_upper,FORGE_78-32_iDASv3-P11_UTC190427172938.sgy,0008_FORGE_78-32_iDASv3-P11_UTC190427172938\seg_006.png,6,6,7,0,,
utah_upper,FORGE_78-32_iDASv3-P11_UTC190427172938.sgy,0008_FORGE_78-32_iDASv3-P11_UTC190427172938\seg_007.png,7,7,8,0,,
utah_upper,FORGE_78-32_iDASv3-P11_UTC190427172938.sgy,0008_FORGE_78-32_iDASv3-P11_UTC190427172938\seg_008.png,8,8,9,0,,
utah_upper,FORGE_78-32_iDASv3-P11_UTC190427172938.sgy,0008_FORGE_78-32_iDASv3-P11_UTC190427172938\seg_009.png,9,9,10,0,,
utah_upper,FORGE_78-32_iDASv3-P11_UTC190427172938.sgy,0008_FORGE_78-32_iDASv3-P11_UTC190427172938\seg_010.png,10,10,11,0,,
utah_upper,FORGE_78-32_iDASv3-P11_UTC190427172938.sgy,0008_FORGE_78-32_iDASv3-P11_UTC190427172938\seg_011.png,11,11,12,0,,
utah_upper,FORGE_78-32_iDASv3-P11_UTC190427172938.sgy,0008_FORGE_78-32_iDASv3-P11_UTC190427172938\seg_012.png,12,12,13,0,,
utah_upper,FORGE_78-32_iDASv3-P11_UTC190427172938.sgy,0008_FORGE_78-32_iDASv3-P11_UTC190427172938\seg_013.png,13,13,14,0,,
utah_upper,FORGE_78-32_iDASv3-P11_UTC190427172938.sgy,0008_FORGE_78-32_iDASv3-P11_UTC190427172938\seg_014.png,14,14,15,0,,
utah_upper,FORGE_78-32_iDASv3-P11_UTC190427172938.sgy,0008_FORGE_78-32_iDASv3-P11_UTC190427172938\seg_015.png,15,15,16,0,,
utah_upper,FORGE_78-32_iDASv3-P11_UTC190427172938.sgy,0008_FORGE_78-32_iDASv3-P11_UTC190427172938\seg_016.png,16,16,17,0,,
utah_upper,FORGE_78-32_iDASv3-P11_UTC190427172938.sgy,0008_FORGE_78-32_iDASv3-P11_UTC190427172938\seg_017.png,17,17,18,0,,
utah_upper,FORGE_78-32_iDASv3-P11_UTC190427172938.sgy,0008_FORGE_78-32_iDASv3-P11_UTC190427172938\seg_018.png,18,18,19,0,,
utah_upper,FORGE_78-32_iDASv3-P11_UTC190427172938.sgy,0008_FORGE_78-32_iDASv3-P11_UTC190427172938\seg_019.png,19,19,20,0,,
utah_upper,FORGE_78-32_iDASv3-P11_UTC190427172938.sgy,0008_FORGE_78-32_iDASv3-P11_UTC190427172938\seg_020.png,20,20,21,0,,
utah_upper,FORGE_78-32_iDASv3-P11_UTC190427172938.sgy,0008_FORGE_78-32_iDASv3-P11_UTC190427172938\seg_021.png,21,21,22,0,,
utah_upper,FORGE_78-32_iDASv3-P11_UTC190427172938.sgy,0008_FORGE_78-32_iDASv3-P11_UTC190427172938\seg_022.png,22,22,23,0,,
utah_upper,FORGE_78-32_iDASv3-P11_UTC190427172938.sgy,0008_FORGE_78-32_iDASv3-P11_UTC190427172938\seg_023.png,23,23,24,0,,
utah_upper,FORGE_78-32_iDASv3-P11_UTC190427172938.sgy,0008_FORGE_78-32_iDASv3-P11_UTC190427172938\seg_024.png,24,24,25,0,,
utah_upper,FORGE_78-32_iDASv3-P11_UTC190427172938.sgy,0008_FORGE_78-32_iDASv3-P11_UTC190427172938\seg_025.png,25,25,26,0,,
utah_upper,FORGE_78-32_iDASv3-P11_UTC190427172938.sgy,0008_FORGE_78-32_iDASv3-P11_UTC190427172938\seg_026.png,26,26,27,0,,
utah_upper,FORGE_78-32_iDASv3-P11_UTC190427172938.sgy,0008_FORGE_78-32_iDASv3-P11_UTC190427172938\seg_027.png,27,27,28,0,,
utah_upper,FORGE_78-32_iDASv3-P11_UTC190427172938.sgy,0008_FORGE_78-32_iDASv3-P11_UTC190427172938\seg_028.png,28,28,29,0,,
utah_upper,FORGE_78-32_iDASv3-P11_UTC190427172938.sgy,0008_FORGE_78-32_iDASv3-P11_UTC190427172938\seg_029.png,29,29,30,0,,
utah_upper,FORGE_78-32_iDASv3-P11_UTC190427173023.sgy,0009_FORGE_78-32_iDASv3-P11_UTC190427173023\seg_000.png,0,0,1,0,,
utah_upper,FORGE_78-32_iDASv3-P11_UTC190427173023.sgy,0009_FORGE_78-32_iDASv3-P11_UTC190427173023\seg_001.png,1,1,2,0,,
utah_upper,FORGE_78-32_iDASv3-P11_UTC190427173023.sgy,0009_FORGE_78-32_iDASv3-P11_UTC190427173023\seg_002.png,2,2,3,0,,
utah_upper,FORGE_78-32_iDASv3-P11_UTC190427173023.sgy,0009_FORGE_78-32_iDASv3-P11_UTC190427173023\seg_003.png,3,3,4,0,,
utah_upper,FORGE_78-32_iDASv3-P11_UTC190427173023.sgy,0009_FORGE_78-32_iDASv3-P11_UTC190427173023\seg_004.png,4,4,5,0,,
utah_upper,FORGE_78-32_iDASv3-P11_UTC190427173023.sgy,0009_FORGE_78-32_iDASv3-P11_UTC190427173023\seg_005.png,5,5,6,0,,
utah_upper,FORGE_78-32_iDASv3-P11_UTC190427173023.sgy,0009_FORGE_78-32_iDASv3-P11_UTC190427173023\seg_006.png,6,6,7,0,,
utah_upper,FORGE_78-32_iDASv3-P11_UTC190427173023.sgy,0009_FORGE_78-32_iDASv3-P11_UTC190427173023\seg_007.png,7,7,8,0,,
utah_upper,FORGE_78-32_iDASv3-P11_UTC190427173023.sgy,0009_FORGE_78-32_iDASv3-P11_UTC190427173023\seg_008.png,8,8,9,0,,
utah_upper,FORGE_78-32_iDASv3-P11_UTC190427173023.sgy,0009_FORGE_78-32_iDASv3-P11_UTC190427173023\seg_009.png,9,9,10,0,,
utah_upper,FORGE_78-32_iDASv3-P11_UTC190427173023.sgy,0009_FORGE_78-32_iDASv3-P11_UTC190427173023\seg_010.png,10,10,11,0,,
utah_upper,FORGE_78-32_iDASv3-P11_UTC190427173023.sgy,0009_FORGE_78-32_iDASv3-P11_UTC190427173023\seg_011.png,11,11,12,0,,
utah_upper,FORGE_78-32_iDASv3-P11_UTC190427173023.sgy,0009_FORGE_78-32_iDASv3-P11_UTC190427173023\seg_012.png,12,12,13,0,,
utah_upper,FORGE_78-32_iDASv3-P11_UTC190427173023.sgy,0009_FORGE_78-32_iDASv3-P11_UTC190427173023\seg_013.png,13,13,14,0,,
utah_upper,FORGE_78-32_iDASv3-P11_UTC190427173023.sgy,0009_FORGE_78-32_iDASv3-P11_UTC190427173023\seg_014.png,14,14,15,0,,
utah_upper,FORGE_78-32_iDASv3-P11_UTC190427173023.sgy,0009_FORGE_78-32_iDASv3-P11_UTC190427173023\seg_015.png,15,15,16,0,,
utah_upper,FORGE_78-32_iDASv3-P11_UTC190427173023.sgy,0009_FORGE_78-32_iDASv3-P11_UTC190427173023\seg_016.png,16,16,17,1,,
utah_upper,FORGE_78-32_iDASv3-P11_UTC190427173023.sgy,0009_FORGE_78-32_iDASv3-P11_UTC190427173023\seg_017.png,17,17,18,0,,
utah_upper,FORGE_78-32_iDASv3-P11_UTC190427173023.sgy,0009_FORGE_78-32_iDASv3-P11_UTC190427173023\seg_018.png,18,18,19,0,,
utah_upper,FORGE_78-32_iDASv3-P11_UTC190427173023.sgy,0009_FORGE_78-32_iDASv3-P11_UTC190427173023\seg_019.png,19,19,20,0,,
utah_upper,FORGE_78-32_iDASv3-P11_UTC190427173023.sgy,0009_FORGE_78-32_iDASv3-P11_UTC190427173023\seg_020.png,20,20,21,0,,
utah_upper,FORGE_78-32_iDASv3-P11_UTC190427173023.sgy,0009_FORGE_78-32_iDASv3-P11_UTC190427173023\seg_021.png,21,21,22,0,,
utah_upper,FORGE_78-32_iDASv3-P11_UTC190427173023.sgy,0009_FORGE_78-32_iDASv3-P11_UTC190427173023\seg_022.png,22,22,23,0,,
utah_upper,FORGE_78-32_iDASv3-P11_UTC190427173023.sgy,0009_FORGE_78-32_iDASv3-P11_UTC190427173023\seg_023.png,23,23,24,0,,
utah_upper,FORGE_78-32_iDASv3-P11_UTC190427173023.sgy,0009_FORGE_78-32_iDASv3-P11_UTC190427173023\seg_024.png,24,24,25,0,,
utah_upper,FORGE_78-32_iDASv3-P11_UTC190427173023.sgy,0009_FORGE_78-32_iDASv3-P11_UTC190427173023\seg_025.png,25,25,26,0,,
utah_upper,FORGE_78-32_iDASv3-P11_UTC190427173023.sgy,0009_FORGE_78-32_iDASv3-P11_UTC190427173023\seg_026.png,26,26,27,0,,
utah_upper,FORGE_78-32_iDASv3-P11_UTC190427173023.sgy,0009_FORGE_78-32_iDASv3-P11_UTC190427173023\seg_027.png,27,27,28,0,,
utah_upper,FORGE_78-32_iDASv3-P11_UTC190427173023.sgy,0009_FORGE_78-32_iDASv3-P11_UTC190427173023\seg_028.png,28,28,29,0,,
utah_upper,FORGE_78-32_iDASv3-P11_UTC190427173023.sgy,0009_FORGE_78-32_iDASv3-P11_UTC190427173023\seg_029.png,29,29,30,0,,
utah_upper,FORGE_78-32_iDASv3-P11_UTC190427173323.sgy,0010_FORGE_78-32_iDASv3-P11_UTC190427173323\seg_000.png,0,0,1,0,,
utah_upper,FORGE_78-32_iDASv3-P11_UTC190427173323.sgy,0010_FORGE_78-32_iDASv3-P11_UTC190427173323\seg_001.png,1,1,2,0,,
utah_upper,FORGE_78-32_iDASv3-P11_UTC190427173323.sgy,0010_FORGE_78-32_iDASv3-P11_UTC190427173323\seg_002.png,2,2,3,0,,
utah_upper,FORGE_78-32_iDASv3-P11_UTC190427173323.sgy,0010_FORGE_78-32_iDASv3-P11_UTC190427173323\seg_003.png,3,3,4,0,,
utah_upper,FORGE_78-32_iDASv3-P11_UTC190427173323.sgy,0010_FORGE_78-32_iDASv3-P11_UTC190427173323\seg_004.png,4,4,5,0,,
utah_upper,FORGE_78-32_iDASv3-P11_UTC190427173323.sgy,0010_FORGE_78-32_iDASv3-P11_UTC190427173323\seg_005.png,5,5,6,0,,
utah_upper,FORGE_78-32_iDASv3-P11_UTC190427173323.sgy,0010_FORGE_78-32_iDASv3-P11_UTC190427173323\seg_006.png,6,6,7,0,,
utah_upper,FORGE_78-32_iDASv3-P11_UTC190427173323.sgy,0010_FORGE_78-32_iDASv3-P11_UTC190427173323\seg_007.png,7,7,8,0,,
utah_upper,FORGE_78-32_iDASv3-P11_UTC190427173323.sgy,0010_FORGE_78-32_iDASv3-P11_UTC190427173323\seg_008.png,8,8,9,0,,
utah_upper,FORGE_78-32_iDASv3-P11_UTC190427173323.sgy,0010_FORGE_78-32_iDASv3-P11_UTC190427173323\seg_009.png,9,9,10,0,,
utah_upper,FORGE_78-32_iDASv3-P11_UTC190427173323.sgy,0010_FORGE_78-32_iDASv3-P11_UTC190427173323\seg_010.png,10,10,11,0,,
utah_upper,FORGE_78-32_iDASv3-P11_UTC190427173323.sgy,0010_FORGE_78-32_iDASv3-P11_UTC190427173323\seg_011.png,11,11,12,0,,
utah_upper,FORGE_78-32_iDASv3-P11_UTC190427173323.sgy,0010_FORGE_78-32_iDASv3-P11_UTC190427173323\seg_012.png,12,12,13,0,,
utah_upper,FORGE_78-32_iDASv3-P11_UTC190427173323.sgy,0010_FORGE_78-32_iDASv3-P11_UTC190427173323\seg_013.png,13,13,14,0,,
utah_upper,FORGE_78-32_iDASv3-P11_UTC190427173323.sgy,0010_FORGE_78-32_iDASv3-P11_UTC190427173323\seg_014.png,14,14,15,0,,
utah_upper,FORGE_78-32_iDASv3-P11_UTC190427173323.sgy,0010_FORGE_78-32_iDASv3-P11_UTC190427173323\seg_015.png,15,15,16,0,,
utah_upper,FORGE_78-32_iDASv3-P11_UTC190427173323.sgy,0010_FORGE_78-32_iDASv3-P11_UTC190427173323\seg_016.png,16,16,17,0,,
utah_upper,FORGE_78-32_iDASv3-P11_UTC190427173323.sgy,0010_FORGE_78-32_iDASv3-P11_UTC190427173323\seg_017.png,17,17,18,0,,
utah_upper,FORGE_78-32_iDASv3-P11_UTC190427173323.sgy,0010_FORGE_78-32_iDASv3-P11_UTC190427173323\seg_018.png,18,18,19,0,,
utah_upper,FORGE_78-32_iDASv3-P11_UTC190427173323.sgy,0010_FORGE_78-32_iDASv3-P11_UTC190427173323\seg_019.png,19,19,20,0,,
utah_upper,FORGE_78-32_iDASv3-P11_UTC190427173323.sgy,0010_FORGE_78-32_iDASv3-P11_UTC190427173323\seg_020.png,20,20,21,0,,
utah_upper,FORGE_78-32_iDASv3-P11_UTC190427173323.sgy,0010_FORGE_78-32_iDASv3-P11_UTC190427173323\seg_021.png,21,21,22,0,,
utah_upper,FORGE_78-32_iDASv3-P11_UTC190427173323.sgy,0010_FORGE_78-32_iDASv3-P11_UTC190427173323\seg_022.png,22,22,23,0,,
utah_upper,FORGE_78-32_iDASv3-P11_UTC190427173323.sgy,0010_FORGE_78-32_iDASv3-P11_UTC190427173323\seg_023.png,23,23,24,0,,
utah_upper,FORGE_78-32_iDASv3-P11_UTC190427173323.sgy,0010_FORGE_78-32_iDASv3-P11_UTC190427173323\seg_024.png,24,24,25,0,,
utah_upper,FORGE_78-32_iDASv3-P11_UTC190427173323.sgy,0010_FORGE_78-32_iDASv3-P11_UTC190427173323\seg_025.png,25,25,26,0,,
utah_upper,FORGE_78-32_iDASv3-P11_UTC190427173323.sgy,0010_FORGE_78-32_iDASv3-P11_UTC190427173323\seg_026.png,26,26,27,0,,
utah_upper,FORGE_78-32_iDASv3-P11_UTC190427173323.sgy,0010_FORGE_78-32_iDASv3-P11_UTC190427173323\seg_027.png,27,27,28,0,,
utah_upper,FORGE_78-32_iDASv3-P11_UTC190427173323.sgy,0010_FORGE_78-32_iDASv3-P11_UTC190427173323\seg_028.png,28,28,29,0,,
utah_upper,FORGE_78-32_iDASv3-P11_UTC190427173323.sgy,0010_FORGE_78-32_iDASv3-P11_UTC190427173323\seg_029.png,29,29,30,0,,
utah_upper,FORGE_78-32_iDASv3-P11_UTC190427173438.sgy,0011_FORGE_78-32_iDASv3-P11_UTC190427173438\seg_000.png,0,0,1,0,,
utah_upper,FORGE_78-32_iDASv3-P11_UTC190427173438.sgy,0011_FORGE_78-32_iDASv3-P11_UTC190427173438\seg_001.png,1,1,2,0,,
utah_upper,FORGE_78-32_iDASv3-P11_UTC190427173438.sgy,0011_FORGE_78-32_iDASv3-P11_UTC190427173438\seg_002.png,2,2,3,0,,
utah_upper,FORGE_78-32_iDASv3-P11_UTC190427173438.sgy,0011_FORGE_78-32_iDASv3-P11_UTC190427173438\seg_003.png,3,3,4,0,,
utah_upper,FORGE_78-32_iDASv3-P11_UTC190427173438.sgy,0011_FORGE_78-32_iDASv3-P11_UTC190427173438\seg_004.png,4,4,5,0,,
utah_upper,FORGE_78-32_iDASv3-P11_UTC190427173438.sgy,0011_FORGE_78-32_iDASv3-P11_UTC190427173438\seg_005.png,5,5,6,0,,
utah_upper,FORGE_78-32_iDASv3-P11_UTC190427173438.sgy,0011_FORGE_78-32_iDASv3-P11_UTC190427173438\seg_006.png,6,6,7,0,,
utah_upper,FORGE_78-32_iDASv3-P11_UTC190427173438.sgy,0011_FORGE_78-32_iDASv3-P11_UTC190427173438\seg_007.png,7,7,8,0,,
utah_upper,FORGE_78-32_iDASv3-P11_UTC190427173438.sgy,0011_FORGE_78-32_iDASv3-P11_UTC190427173438\seg_008.png,8,8,9,0,,
utah_upper,FORGE_78-32_iDASv3-P11_UTC190427173438.sgy,0011_FORGE_78-32_iDASv3-P11_UTC190427173438\seg_009.png,9,9,10,0,,
utah_upper,FORGE_78-32_iDASv3-P11_UTC190427173438.sgy,0011_FORGE_78-32_iDASv3-P11_UTC190427173438\seg_010.png,10,10,11,0,,
utah_upper,FORGE_78-32_iDASv3-P11_UTC190427173438.sgy,0011_FORGE_78-32_iDASv3-P11_UTC190427173438\seg_011.png,11,11,12,0,,
utah_upper,FORGE_78-32_iDASv3-P11_UTC190427173438.sgy,0011_FORGE_78-32_iDASv3-P11_UTC190427173438\seg_012.png,12,12,13,0,,
utah_upper,FORGE_78-32_iDASv3-P11_UTC190427173438.sgy,0011_FORGE_78-32_iDASv3-P11_UTC190427173438\seg_013.png,13,13,14,0,,
utah_upper,FORGE_78-32_iDASv3-P11_UTC190427173438.sgy,0011_FORGE_78-32_iDASv3-P11_UTC190427173438\seg_014.png,14,14,15,0,,
utah_upper,FORGE_78-32_iDASv3-P11_UTC190427173438.sgy,0011_FORGE_78-32_iDASv3-P11_UTC190427173438\seg_015.png,15,15,16,0,,
utah_upper,FORGE_78-32_iDASv3-P11_UTC190427173438.sgy,0011_FORGE_78-32_iDASv3-P11_UTC190427173438\seg_016.png,16,16,17,0,,
utah_upper,FORGE_78-32_iDASv3-P11_UTC190427173438.sgy,0011_FORGE_78-32_iDASv3-P11_UTC190427173438\seg_017.png,17,17,18,0,,
utah_upper,FORGE_78-32_iDASv3-P11_UTC190427173438.sgy,0011_FORGE_78-32_iDASv3-P11_UTC190427173438\seg_018.png,18,18,19,0,,
utah_upper,FORGE_78-32_iDASv3-P11_UTC190427173438.sgy,0011_FORGE_78-32_iDASv3-P11_UTC190427173438\seg_019.png,19,19,20,0,,
utah_upper,FORGE_78-32_iDASv3-P11_UTC190427173438.sgy,0011_FORGE_78-32_iDASv3-P11_UTC190427173438\seg_020.png,20,20,21,0,,
utah_upper,FORGE_78-32_iDASv3-P11_UTC190427173438.sgy,0011_FORGE_78-32_iDASv3-P11_UTC190427173438\seg_021.png,21,21,22,0,,
utah_upper,FORGE_78-32_iDASv3-P11_UTC190427173438.sgy,0011_FORGE_78-32_iDASv3-P11_UTC190427173438\seg_022.png,22,22,23,0,,
utah_upper,FORGE_78-32_iDASv3-P11_UTC190427173438.sgy,0011_FORGE_78-32_iDASv3-P11_UTC190427173438\seg_023.png,23,23,24,0,,
utah_upper,FORGE_78-32_iDASv3-P11_UTC190427173438.sgy,0011_FORGE_78-32_iDASv3-P11_UTC190427173438\seg_024.png,24,24,25,0,,
utah_upper,FORGE_78-32_iDASv3-P11_UTC190427173438.sgy,0011_FORGE_78-32_iDASv3-P11_UTC190427173438\seg_025.png,25,25,26,0,,
utah_upper,FORGE_78-32_iDASv3-P11_UTC190427173438.sgy,0011_FORGE_78-32_iDASv3-P11_UTC190427173438\seg_026.png,26,26,27,0,,
utah_upper,FORGE_78-32_iDASv3-P11_UTC190427173438.sgy,0011_FORGE_78-32_iDASv3-P11_UTC190427173438\seg_027.png,27,27,28,0,,
utah_upper,FORGE_78-32_iDASv3-P11_UTC190427173438.sgy,0011_FORGE_78-32_iDASv3-P11_UTC190427173438\seg_028.png,28,28,29,0,,
utah_upper,FORGE_78-32_iDASv3-P11_UTC190427173438.sgy,0011_FORGE_78-32_iDASv3-P11_UTC190427173438\seg_029.png,29,29,30,0,,
utah_upper,FORGE_78-32_iDASv3-P11_UTC190427173508.sgy,0012_FORGE_78-32_iDASv3-P11_UTC190427173508\seg_000.png,0,0,1,0,,
utah_upper,FORGE_78-32_iDASv3-P11_UTC190427173508.sgy,0012_FORGE_78-32_iDASv3-P11_UTC190427173508\seg_001.png,1,1,2,0,,
utah_upper,FORGE_78-32_iDASv3-P11_UTC190427173508.sgy,0012_FORGE_78-32_iDASv3-P11_UTC190427173508\seg_002.png,2,2,3,0,,
utah_upper,FORGE_78-32_iDASv3-P11_UTC190427173508.sgy,0012_FORGE_78-32_iDASv3-P11_UTC190427173508\seg_003.png,3,3,4,0,,
utah_upper,FORGE_78-32_iDASv3-P11_UTC190427173508.sgy,0012_FORGE_78-32_iDASv3-P11_UTC190427173508\seg_004.png,4,4,5,0,,
utah_upper,FORGE_78-32_iDASv3-P11_UTC190427173508.sgy,0012_FORGE_78-32_iDASv3-P11_UTC190427173508\seg_005.png,5,5,6,0,,
utah_upper,FORGE_78-32_iDASv3-P11_UTC190427173508.sgy,0012_FORGE_78-32_iDASv3-P11_UTC190427173508\seg_006.png,6,6,7,0,,
utah_upper,FORGE_78-32_iDASv3-P11_UTC190427173508.sgy,0012_FORGE_78-32_iDASv3-P11_UTC190427173508\seg_007.png,7,7,8,0,,
utah_upper,FORGE_78-32_iDASv3-P11_UTC190427173508.sgy,0012_FORGE_78-32_iDASv3-P11_UTC190427173508\seg_008.png,8,8,9,0,,
utah_upper,FORGE_78-32_iDASv3-P11_UTC190427173508.sgy,0012_FORGE_78-32_iDASv3-P11_UTC190427173508\seg_009.png,9,9,10,0,,
utah_upper,FORGE_78-32_iDASv3-P11_UTC190427173508.sgy,0012_FORGE_78-32_iDASv3-P11_UTC190427173508\seg_010.png,10,10,11,0,,
utah_upper,FORGE_78-32_iDASv3-P11_UTC190427173508.sgy,0012_FORGE_78-32_iDASv3-P11_UTC190427173508\seg_011.png,11,11,12,0,,
utah_upper,FORGE_78-32_iDASv3-P11_UTC190427173508.sgy,0012_FORGE_78-32_iDASv3-P11_UTC190427173508\seg_012.png,12,12,13,0,,
utah_upper,FORGE_78-32_iDASv3-P11_UTC190427173508.sgy,0012_FORGE_78-32_iDASv3-P11_UTC190427173508\seg_013.png,13,13,14,0,,
utah_upper,FORGE_78-32_iDASv3-P11_UTC190427173508.sgy,0012_FORGE_78-32_iDASv3-P11_UTC190427173508\seg_014.png,14,14,15,0,,
utah_upper,FORGE_78-32_iDASv3-P11_UTC190427173508.sgy,0012_FORGE_78-32_iDASv3-P11_UTC190427173508\seg_015.png,15,15,16,0,,
utah_upper,FORGE_78-32_iDASv3-P11_UTC190427173508.sgy,0012_FORGE_78-32_iDASv3-P11_UTC190427173508\seg_016.png,16,16,17,0,,
utah_upper,FORGE_78-32_iDASv3-P11_UTC190427173508.sgy,0012_FORGE_78-32_iDASv3-P11_UTC190427173508\seg_017.png,17,17,18,0,,
utah_upper,FORGE_78-32_iDASv3-P11_UTC190427173508.sgy,0012_FORGE_78-32_iDASv3-P11_UTC190427173508\seg_018.png,18,18,19,0,,
utah_upper,FORGE_78-32_iDASv3-P11_UTC190427173508.sgy,0012_FORGE_78-32_iDASv3-P11_UTC190427173508\seg_019.png,19,19,20,0,,
utah_upper,FORGE_78-32_iDASv3-P11_UTC190427173508.sgy,0012_FORGE_78-32_iDASv3-P11_UTC190427173508\seg_020.png,20,20,21,0,,
utah_upper,FORGE_78-32_iDASv3-P11_UTC190427173508.sgy,0012_FORGE_78-32_iDASv3-P11_UTC190427173508\seg_021.png,21,21,22,0,,
utah_upper,FORGE_78-32_iDASv3-P11_UTC190427173508.sgy,0012_FORGE_78-32_iDASv3-P11_UTC190427173508\seg_022.png,22,22,23,0,,
utah_upper,FORGE_78-32_iDASv3-P11_UTC190427173508.sgy,0012_FORGE_78-32_iDASv3-P11_UTC190427173508\seg_023.png,23,23,24,0,,
utah_upper,FORGE_78-32_iDASv3-P11_UTC190427173508.sgy,0012_FORGE_78-32_iDASv3-P11_UTC190427173508\seg_024.png,24,24,25,0,,
utah_upper,FORGE_78-32_iDASv3-P11_UTC190427173508.sgy,0012_FORGE_78-32_iDASv3-P11_UTC190427173508\seg_025.png,25,25,26,0,,
utah_upper,FORGE_78-32_iDASv3-P11_UTC190427173508.sgy,0012_FORGE_78-32_iDASv3-P11_UTC190427173508\seg_026.png,26,26,27,0,,
utah_upper,FORGE_78-32_iDASv3-P11_UTC190427173508.sgy,0012_FORGE_78-32_iDASv3-P11_UTC190427173508\seg_027.png,27,27,28,0,,
utah_upper,FORGE_78-32_iDASv3-P11_UTC190427173508.sgy,0012_FORGE_78-32_iDASv3-P11_UTC190427173508\seg_028.png,28,28,29,0,,
utah_upper,FORGE_78-32_iDASv3-P11_UTC190427173508.sgy,0012_FORGE_78-32_iDASv3-P11_UTC190427173508\seg_029.png,29,29,30,0,,
utah_upper,FORGE_78-32_iDASv3-P11_UTC190427173653.sgy,0013_FORGE_78-32_iDASv3-P11_UTC190427173653\seg_000.png,0,0,1,0,,
utah_upper,FORGE_78-32_iDASv3-P11_UTC190427173653.sgy,0013_FORGE_78-32_iDASv3-P11_UTC190427173653\seg_001.png,1,1,2,0,,
utah_upper,FORGE_78-32_iDASv3-P11_UTC190427173653.sgy,0013_FORGE_78-32_iDASv3-P11_UTC190427173653\seg_002.png,2,2,3,0,,
utah_upper,FORGE_78-32_iDASv3-P11_UTC190427173653.sgy,0013_FORGE_78-32_iDASv3-P11_UTC190427173653\seg_003.png,3,3,4,0,,
utah_upper,FORGE_78-32_iDASv3-P11_UTC190427173653.sgy,0013_FORGE_78-32_iDASv3-P11_UTC190427173653\seg_004.png,4,4,5,0,,
utah_upper,FORGE_78-32_iDASv3-P11_UTC190427173653.sgy,0013_FORGE_78-32_iDASv3-P11_UTC190427173653\seg_005.png,5,5,6,0,,
utah_upper,FORGE_78-32_iDASv3-P11_UTC190427173653.sgy,0013_FORGE_78-32_iDASv3-P11_UTC190427173653\seg_006.png,6,6,7,0,,
utah_upper,FORGE_78-32_iDASv3-P11_UTC190427173653.sgy,0013_FORGE_78-32_iDASv3-P11_UTC190427173653\seg_007.png,7,7,8,0,,
utah_upper,FORGE_78-32_iDASv3-P11_UTC190427173653.sgy,0013_FORGE_78-32_iDASv3-P11_UTC190427173653\seg_008.png,8,8,9,0,,
utah_upper,FORGE_78-32_iDASv3-P11_UTC190427173653.sgy,0013_FORGE_78-32_iDASv3-P11_UTC190427173653\seg_009.png,9,9,10,0,,
utah_upper,FORGE_78-32_iDASv3-P11_UTC190427173653.sgy,0013_FORGE_78-32_iDASv3-P11_UTC190427173653\seg_010.png,10,10,11,0,,
utah_upper,FORGE_78-32_iDASv3-P11_UTC190427173653.sgy,0013_FORGE_78-32_iDASv3-P11_UTC190427173653\seg_011.png,11,11,12,0,,
utah_upper,FORGE_78-32_iDASv3-P11_UTC190427173653.sgy,0013_FORGE_78-32_iDASv3-P11_UTC190427173653\seg_012.png,12,12,13,0,,
utah_upper,FORGE_78-32_iDASv3-P11_UTC190427173653.sgy,0013_FORGE_78-32_iDASv3-P11_UTC190427173653\seg_013.png,13,13,14,0,,
utah_upper,FORGE_78-32_iDASv3-P11_UTC190427173653.sgy,0013_FORGE_78-32_iDASv3-P11_UTC190427173653\seg_014.png,14,14,15,0,,
utah_upper,FORGE_78-32_iDASv3-P11_UTC190427173653.sgy,0013_FORGE_78-32_iDASv3-P11_UTC190427173653\seg_015.png,15,15,16,0,,
utah_upper,FORGE_78-32_iDASv3-P11_UTC190427173653.sgy,0013_FORGE_78-32_iDASv3-P11_UTC190427173653\seg_016.png,16,16,17,0,,
utah_upper,FORGE_78-32_iDASv3-P11_UTC190427173653.sgy,0013_FORGE_78-32_iDASv3-P11_UTC190427173653\seg_017.png,17,17,18,0,,
utah_upper,FORGE_78-32_iDASv3-P11_UTC190427173653.sgy,0013_FORGE_78-32_iDASv3-P11_UTC190427173653\seg_018.png,18,18,19,0,,
utah_upper,FORGE_78-32_iDASv3-P11_UTC190427173653.sgy,0013_FORGE_78-32_iDASv3-P11_UTC190427173653\seg_019.png,19,19,20,0,,
utah_upper,FORGE_78-32_iDASv3-P11_UTC190427173653.sgy,0013_FORGE_78-32_iDASv3-P11_UTC190427173653\seg_020.png,20,20,21,0,,
utah_upper,FORGE_78-32_iDASv3-P11_UTC190427173653.sgy,0013_FORGE_78-32_iDASv3-P11_UTC190427173653\seg_021.png,21,21,22,0,,
utah_upper,FORGE_78-32_iDASv3-P11_UTC190427173653.sgy,0013_FORGE_78-32_iDASv3-P11_UTC190427173653\seg_022.png,22,22,23,0,,
utah_upper,FORGE_78-32_iDASv3-P11_UTC190427173653.sgy,0013_FORGE_78-32_iDASv3-P11_UTC190427173653\seg_023.png,23,23,24,0,,
utah_upper,FORGE_78-32_iDASv3-P11_UTC190427173653.sgy,0013_FORGE_78-32_iDASv3-P11_UTC190427173653\seg_024.png,24,24,25,0,,
utah_upper,FORGE_78-32_iDASv3-P11_UTC190427173653.sgy,0013_FORGE_78-32_iDASv3-P11_UTC190427173653\seg_025.png,25,25,26,0,,
utah_upper,FORGE_78-32_iDASv3-P11_UTC190427173653.sgy,0013_FORGE_78-32_iDASv3-P11_UTC190427173653\seg_026.png,26,26,27,0,,
utah_upper,FORGE_78-32_iDASv3-P11_UTC190427173653.sgy,0013_FORGE_78-32_iDASv3-P11_UTC190427173653\seg_027.png,27,27,28,0,,
utah_upper,FORGE_78-32_iDASv3-P11_UTC190427173653.sgy,0013_FORGE_78-32_iDASv3-P11_UTC190427173653\seg_028.png,28,28,29,0,,
utah_upper,FORGE_78-32_iDASv3-P11_UTC190427173653.sgy,0013_FORGE_78-32_iDASv3-P11_UTC190427173653\seg_029.png,29,29,30,0,,
utah_upper,FORGE_78-32_iDASv3-P11_UTC190427173708.sgy,0014_FORGE_78-32_iDASv3-P11_UTC190427173708\seg_000.png,0,0,1,0,,
utah_upper,FORGE_78-32_iDASv3-P11_UTC190427173708.sgy,0014_FORGE_78-32_iDASv3-P11_UTC190427173708\seg_001.png,1,1,2,0,,
utah_upper,FORGE_78-32_iDASv3-P11_UTC190427173708.sgy,0014_FORGE_78-32_iDASv3-P11_UTC190427173708\seg_002.png,2,2,3,0,,
utah_upper,FORGE_78-32_iDASv3-P11_UTC190427173708.sgy,0014_FORGE_78-32_iDASv3-P11_UTC190427173708\seg_003.png,3,3,4,0,,
utah_upper,FORGE_78-32_iDASv3-P11_UTC190427173708.sgy,0014_FORGE_78-32_iDASv3-P11_UTC190427173708\seg_004.png,4,4,5,0,,
utah_upper,FORGE_78-32_iDASv3-P11_UTC190427173708.sgy,0014_FORGE_78-32_iDASv3-P11_UTC190427173708\seg_005.png,5,5,6,0,,
utah_upper,FORGE_78-32_iDASv3-P11_UTC190427173708.sgy,0014_FORGE_78-32_iDASv3-P11_UTC190427173708\seg_006.png,6,6,7,0,,
utah_upper,FORGE_78-32_iDASv3-P11_UTC190427173708.sgy,0014_FORGE_78-32_iDASv3-P11_UTC190427173708\seg_007.png,7,7,8,0,,
utah_upper,FORGE_78-32_iDASv3-P11_UTC190427173708.sgy,0014_FORGE_78-32_iDASv3-P11_UTC190427173708\seg_008.png,8,8,9,0,,
utah_upper,FORGE_78-32_iDASv3-P11_UTC190427173708.sgy,0014_FORGE_78-32_iDASv3-P11_UTC190427173708\seg_009.png,9,9,10,0,,
utah_upper,FORGE_78-32_iDASv3-P11_UTC190427173708.sgy,0014_FORGE_78-32_iDASv3-P11_UTC190427173708\seg_010.png,10,10,11,0,,
utah_upper,FORGE_78-32_iDASv3-P11_UTC190427173708.sgy,0014_FORGE_78-32_iDASv3-P11_UTC190427173708\seg_011.png,11,11,12,0,,
utah_upper,FORGE_78-32_iDASv3-P11_UTC190427173708.sgy,0014_FORGE_78-32_iDASv3-P11_UTC190427173708\seg_012.png,12,12,13,0,,
utah_upper,FORGE_78-32_iDASv3-P11_UTC190427173708.sgy,0014_FORGE_78-32_iDASv3-P11_UTC190427173708\seg_013.png,13,13,14,0,,
utah_upper,FORGE_78-32_iDASv3-P11_UTC190427173708.sgy,0014_FORGE_78-32_iDASv3-P11_UTC190427173708\seg_014.png,14,14,15,0,,
utah_upper,FORGE_78-32_iDASv3-P11_UTC190427173708.sgy,0014_FORGE_78-32_iDASv3-P11_UTC190427173708\seg_015.png,15,15,16,0,,
utah_upper,FORGE_78-32_iDASv3-P11_UTC190427173708.sgy,0014_FORGE_78-32_iDASv3-P11_UTC190427173708\seg_016.png,16,16,17,0,,
utah_upper,FORGE_78-32_iDASv3-P11_UTC190427173708.sgy,0014_FORGE_78-32_iDASv3-P11_UTC190427173708\seg_017.png,17,17,18,0,,
utah_upper,FORGE_78-32_iDASv3-P11_UTC190427173708.sgy,0014_FORGE_78-32_iDASv3-P11_UTC190427173708\seg_018.png,18,18,19,0,,
utah_upper,FORGE_78-32_iDASv3-P11_UTC190427173708.sgy,0014_FORGE_78-32_iDASv3-P11_UTC190427173708\seg_019.png,19,19,20,0,,
utah_upper,FORGE_78-32_iDASv3-P11_UTC190427173708.sgy,0014_FORGE_78-32_iDASv3-P11_UTC190427173708\seg_020.png,20,20,21,0,,
utah_upper,FORGE_78-32_iDASv3-P11_UTC190427173708.sgy,0014_FORGE_78-32_iDASv3-P11_UTC190427173708\seg_021.png,21,21,22,0,,
utah_upper,FORGE_78-32_iDASv3-P11_UTC190427173708.sgy,0014_FORGE_78-32_iDASv3-P11_UTC190427173708\seg_022.png,22,22,23,0,,
utah_upper,FORGE_78-32_iDASv3-P11_UTC190427173708.sgy,0014_FORGE_78-32_iDASv3-P11_UTC190427173708\seg_023.png,23,23,24,0,,
utah_upper,FORGE_78-32_iDASv3-P11_UTC190427173708.sgy,0014_FORGE_78-32_iDASv3-P11_UTC190427173708\seg_024.png,24,24,25,0,,
utah_upper,FORGE_78-32_iDASv3-P11_UTC190427173708.sgy,0014_FORGE_78-32_iDASv3-P11_UTC190427173708\seg_025.png,25,25,26,0,,
utah_upper,FORGE_78-32_iDASv3-P11_UTC190427173708.sgy,0014_FORGE_78-32_iDASv3-P11_UTC190427173708\seg_026.png,26,26,27,0,,
utah_upper,FORGE_78-32_iDASv3-P11_UTC190427173708.sgy,0014_FORGE_78-32_iDASv3-P11_UTC190427173708\seg_027.png,27,27,28,0,,
utah_upper,FORGE_78-32_iDASv3-P11_UTC190427173708.sgy,0014_FORGE_78-32_iDASv3-P11_UTC190427173708\seg_028.png,28,28,29,0,,
utah_upper,FORGE_78-32_iDASv3-P11_UTC190427173708.sgy,0014_FORGE_78-32_iDASv3-P11_UTC190427173708\seg_029.png,29,29,30,0,,
utah_upper,FORGE_78-32_iDASv3-P11_UTC190427173738.sgy,0015_FORGE_78-32_iDASv3-P11_UTC190427173738\seg_000.png,0,0,1,0,,
utah_upper,FORGE_78-32_iDASv3-P11_UTC190427173738.sgy,0015_FORGE_78-32_iDASv3-P11_UTC190427173738\seg_001.png,1,1,2,0,,
utah_upper,FORGE_78-32_iDASv3-P11_UTC190427173738.sgy,0015_FORGE_78-32_iDASv3-P11_UTC190427173738\seg_002.png,2,2,3,0,,
utah_upper,FORGE_78-32_iDASv3-P11_UTC190427173738.sgy,0015_FORGE_78-32_iDASv3-P11_UTC190427173738\seg_003.png,3,3,4,0,,
utah_upper,FORGE_78-32_iDASv3-P11_UTC190427173738.sgy,0015_FORGE_78-32_iDASv3-P11_UTC190427173738\seg_004.png,4,4,5,0,,
utah_upper,FORGE_78-32_iDASv3-P11_UTC190427173738.sgy,0015_FORGE_78-32_iDASv3-P11_UTC190427173738\seg_005.png,5,5,6,0,,
utah_upper,FORGE_78-32_iDASv3-P11_UTC190427173738.sgy,0015_FORGE_78-32_iDASv3-P11_UTC190427173738\seg_006.png,6,6,7,0,,
utah_upper,FORGE_78-32_iDASv3-P11_UTC190427173738.sgy,0015_FORGE_78-32_iDASv3-P11_UTC190427173738\seg_007.png,7,7,8,0,,
utah_upper,FORGE_78-32_iDASv3-P11_UTC190427173738.sgy,0015_FORGE_78-32_iDASv3-P11_UTC190427173738\seg_008.png,8,8,9,0,,
utah_upper,FORGE_78-32_iDASv3-P11_UTC190427173738.sgy,0015_FORGE_78-32_iDASv3-P11_UTC190427173738\seg_009.png,9,9,10,0,,
utah_upper,FORGE_78-32_iDASv3-P11_UTC190427173738.sgy,0015_FORGE_78-32_iDASv3-P11_UTC190427173738\seg_010.png,10,10,11,0,,
utah_upper,FORGE_78-32_iDASv3-P11_UTC190427173738.sgy,0015_FORGE_78-32_iDASv3-P11_UTC190427173738\seg_011.png,11,11,12,0,,
utah_upper,FORGE_78-32_iDASv3-P11_UTC190427173738.sgy,0015_FORGE_78-32_iDASv3-P11_UTC190427173738\seg_012.png,12,12,13,0,,
utah_upper,FORGE_78-32_iDASv3-P11_UTC190427173738.sgy,0015_FORGE_78-32_iDASv3-P11_UTC190427173738\seg_013.png,13,13,14,0,,
utah_upper,FORGE_78-32_iDASv3-P11_UTC190427173738.sgy,0015_FORGE_78-32_iDASv3-P11_UTC190427173738\seg_014.png,14,14,15,0,,
utah_upper,FORGE_78-32_iDASv3-P11_UTC190427173738.sgy,0015_FORGE_78-32_iDASv3-P11_UTC190427173738\seg_015.png,15,15,16,0,,
utah_upper,FORGE_78-32_iDASv3-P11_UTC190427173738.sgy,0015_FORGE_78-32_iDASv3-P11_UTC190427173738\seg_016.png,16,16,17,0,,
utah_upper,FORGE_78-32_iDASv3-P11_UTC190427173738.sgy,0015_FORGE_78-32_iDASv3-P11_UTC190427173738\seg_017.png,17,17,18,0,,
utah_upper,FORGE_78-32_iDASv3-P11_UTC190427173738.sgy,0015_FORGE_78-32_iDASv3-P11_UTC190427173738\seg_018.png,18,18,19,0,,
utah_upper,FORGE_78-32_iDASv3-P11_UTC190427173738.sgy,0015_FORGE_78-32_iDASv3-P11_UTC190427173738\seg_019.png,19,19,20,0,,
utah_upper,FORGE_78-32_iDASv3-P11_UTC190427173738.sgy,0015_FORGE_78-32_iDASv3-P11_UTC190427173738\seg_020.png,20,20,21,0,,
utah_upper,FORGE_78-32_iDASv3-P11_UTC190427173738.sgy,0015_FORGE_78-32_iDASv3-P11_UTC190427173738\seg_021.png,21,21,22,0,,
utah_upper,FORGE_78-32_iDASv3-P11_UTC190427173738.sgy,0015_FORGE_78-32_iDASv3-P11_UTC190427173738\seg_022.png,22,22,23,0,,
utah_upper,FORGE_78-32_iDASv3-P11_UTC190427173738.sgy,0015_FORGE_78-32_iDASv3-P11_UTC190427173738\seg_023.png,23,23,24,0,,
utah_upper,FORGE_78-32_iDASv3-P11_UTC190427173738.sgy,0015_FORGE_78-32_iDASv3-P11_UTC190427173738\seg_024.png,24,24,25,0,,
utah_upper,FORGE_78-32_iDASv3-P11_UTC190427173738.sgy,0015_FORGE_78-32_iDASv3-P11_UTC190427173738\seg_025.png,25,25,26,0,,
utah_upper,FORGE_78-32_iDASv3-P11_UTC190427173738.sgy,0015_FORGE_78-32_iDASv3-P11_UTC190427173738\seg_026.png,26,26,27,0,,
utah_upper,FORGE_78-32_iDASv3-P11_UTC190427173738.sgy,0015_FORGE_78-32_iDASv3-P11_UTC190427173738\seg_027.png,27,27,28,0,,
utah_upper,FORGE_78-32_iDASv3-P11_UTC190427173738.sgy,0015_FORGE_78-32_iDASv3-P11_UTC190427173738\seg_028.png,28,28,29,0,,
utah_upper,FORGE_78-32_iDASv3-P11_UTC190427173738.sgy,0015_FORGE_78-32_iDASv3-P11_UTC190427173738\seg_029.png,29,29,30,0,,
utah_upper,FORGE_78-32_iDASv3-P11_UTC190427173853.sgy,0016_FORGE_78-32_iDASv3-P11_UTC190427173853\seg_000.png,0,0,1,0,,
utah_upper,FORGE_78-32_iDASv3-P11_UTC190427173853.sgy,0016_FORGE_78-32_iDASv3-P11_UTC190427173853\seg_001.png,1,1,2,0,,
utah_upper,FORGE_78-32_iDASv3-P11_UTC190427173853.sgy,0016_FORGE_78-32_iDASv3-P11_UTC190427173853\seg_002.png,2,2,3,0,,
utah_upper,FORGE_78-32_iDASv3-P11_UTC190427173853.sgy,0016_FORGE_78-32_iDASv3-P11_UTC190427173853\seg_003.png,3,3,4,0,,
utah_upper,FORGE_78-32_iDASv3-P11_UTC190427173853.sgy,0016_FORGE_78-32_iDASv3-P11_UTC190427173853\seg_004.png,4,4,5,0,,
utah_upper,FORGE_78-32_iDASv3-P11_UTC190427173853.sgy,0016_FORGE_78-32_iDASv3-P11_UTC190427173853\seg_005.png,5,5,6,0,,
utah_upper,FORGE_78-32_iDASv3-P11_UTC190427173853.sgy,0016_FORGE_78-32_iDASv3-P11_UTC190427173853\seg_006.png,6,6,7,0,,
utah_upper,FORGE_78-32_iDASv3-P11_UTC190427173853.sgy,0016_FORGE_78-32_iDASv3-P11_UTC190427173853\seg_007.png,7,7,8,0,,
utah_upper,FORGE_78-32_iDASv3-P11_UTC190427173853.sgy,0016_FORGE_78-32_iDASv3-P11_UTC190427173853\seg_008.png,8,8,9,0,,
utah_upper,FORGE_78-32_iDASv3-P11_UTC190427173853.sgy,0016_FORGE_78-32_iDASv3-P11_UTC190427173853\seg_009.png,9,9,10,0,,
utah_upper,FORGE_78-32_iDASv3-P11_UTC190427173853.sgy,0016_FORGE_78-32_iDASv3-P11_UTC190427173853\seg_010.png,10,10,11,0,,
utah_upper,FORGE_78-32_iDASv3-P11_UTC190427173853.sgy,0016_FORGE_78-32_iDASv3-P11_UTC190427173853\seg_011.png,11,11,12,0,,
utah_upper,FORGE_78-32_iDASv3-P11_UTC190427173853.sgy,0016_FORGE_78-32_iDASv3-P11_UTC190427173853\seg_012.png,12,12,13,0,,
utah_upper,FORGE_78-32_iDASv3-P11_UTC190427173853.sgy,0016_FORGE_78-32_iDASv3-P11_UTC190427173853\seg_013.png,13,13,14,0,,
utah_upper,FORGE_78-32_iDASv3-P11_UTC190427173853.sgy,0016_FORGE_78-32_iDASv3-P11_UTC190427173853\seg_014.png,14,14,15,0,,
utah_upper,FORGE_78-32_iDASv3-P11_UTC190427173853.sgy,0016_FORGE_78-32_iDASv3-P11_UTC190427173853\seg_015.png,15,15,16,0,,
utah_upper,FORGE_78-32_iDASv3-P11_UTC190427173853.sgy,0016_FORGE_78-32_iDASv3-P11_UTC190427173853\seg_016.png,16,16,17,0,,
utah_upper,FORGE_78-32_iDASv3-P11_UTC190427173853.sgy,0016_FORGE_78-32_iDASv3-P11_UTC190427173853\seg_017.png,17,17,18,0,,
utah_upper,FORGE_78-32_iDASv3-P11_UTC190427173853.sgy,0016_FORGE_78-32_iDASv3-P11_UTC190427173853\seg_018.png,18,18,19,0,,
utah_upper,FORGE_78-32_iDASv3-P11_UTC190427173853.sgy,0016_FORGE_78-32_iDASv3-P11_UTC190427173853\seg_019.png,19,19,20,0,,
utah_upper,FORGE_78-32_iDASv3-P11_UTC190427173853.sgy,0016_FORGE_78-32_iDASv3-P11_UTC190427173853\seg_020.png,20,20,21,0,,
utah_upper,FORGE_78-32_iDASv3-P11_UTC190427173853.sgy,0016_FORGE_78-32_iDASv3-P11_UTC190427173853\seg_021.png,21,21,22,0,,
utah_upper,FORGE_78-32_iDASv3-P11_UTC190427173853.sgy,0016_FORGE_78-32_iDASv3-P11_UTC190427173853\seg_022.png,22,22,23,0,,
utah_upper,FORGE_78-32_iDASv3-P11_UTC190427173853.sgy,0016_FORGE_78-32_iDASv3-P11_UTC190427173853\seg_023.png,23,23,24,0,,
utah_upper,FORGE_78-32_iDASv3-P11_UTC190427173853.sgy,0016_FORGE_78-32_iDASv3-P11_UTC190427173853\seg_024.png,24,24,25,0,,
utah_upper,FORGE_78-32_iDASv3-P11_UTC190427173853.sgy,0016_FORGE_78-32_iDASv3-P11_UTC190427173853\seg_025.png,25,25,26,0,,
utah_upper,FORGE_78-32_iDASv3-P11_UTC190427173853.sgy,0016_FORGE_78-32_iDASv3-P11_UTC190427173853\seg_026.png,26,26,27,0,,
utah_upper,FORGE_78-32_iDASv3-P11_UTC190427173853.sgy,0016_FORGE_78-32_iDASv3-P11_UTC190427173853\seg_027.png,27,27,28,0,,
utah_upper,FORGE_78-32_iDASv3-P11_UTC190427173853.sgy,0016_FORGE_78-32_iDASv3-P11_UTC190427173853\seg_028.png,28,28,29,0,,
utah_upper,FORGE_78-32_iDASv3-P11_UTC190427173853.sgy,0016_FORGE_78-32_iDASv3-P11_UTC190427173853\seg_029.png,29,29,30,0,,
utah_upper,FORGE_78-32_iDASv3-P11_UTC190427173908.sgy,0017_FORGE_78-32_iDASv3-P11_UTC190427173908\seg_000.png,0,0,1,0,,
utah_upper,FORGE_78-32_iDASv3-P11_UTC190427173908.sgy,0017_FORGE_78-32_iDASv3-P11_UTC190427173908\seg_001.png,1,1,2,0,,
utah_upper,FORGE_78-32_iDASv3-P11_UTC190427173908.sgy,0017_FORGE_78-32_iDASv3-P11_UTC190427173908\seg_002.png,2,2,3,0,,
utah_upper,FORGE_78-32_iDASv3-P11_UTC190427173908.sgy,0017_FORGE_78-32_iDASv3-P11_UTC190427173908\seg_003.png,3,3,4,0,,
utah_upper,FORGE_78-32_iDASv3-P11_UTC190427173908.sgy,0017_FORGE_78-32_iDASv3-P11_UTC190427173908\seg_004.png,4,4,5,0,,
utah_upper,FORGE_78-32_iDASv3-P11_UTC190427173908.sgy,0017_FORGE_78-32_iDASv3-P11_UTC190427173908\seg_005.png,5,5,6,0,,
utah_upper,FORGE_78-32_iDASv3-P11_UTC190427173908.sgy,0017_FORGE_78-32_iDASv3-P11_UTC190427173908\seg_006.png,6,6,7,0,,
utah_upper,FORGE_78-32_iDASv3-P11_UTC190427173908.sgy,0017_FORGE_78-32_iDASv3-P11_UTC190427173908\seg_007.png,7,7,8,0,,
utah_upper,FORGE_78-32_iDASv3-P11_UTC190427173908.sgy,0017_FORGE_78-32_iDASv3-P11_UTC190427173908\seg_008.png,8,8,9,0,,
utah_upper,FORGE_78-32_iDASv3-P11_UTC190427173908.sgy,0017_FORGE_78-32_iDASv3-P11_UTC190427173908\seg_009.png,9,9,10,0,,
utah_upper,FORGE_78-32_iDASv3-P11_UTC190427173908.sgy,0017_FORGE_78-32_iDASv3-P11_UTC190427173908\seg_010.png,10,10,11,0,,
utah_upper,FORGE_78-32_iDASv3-P11_UTC190427173908.sgy,0017_FORGE_78-32_iDASv3-P11_UTC190427173908\seg_011.png,11,11,12,0,,
utah_upper,FORGE_78-32_iDASv3-P11_UTC190427173908.sgy,0017_FORGE_78-32_iDASv3-P11_UTC190427173908\seg_012.png,12,12,13,0,,
utah_upper,FORGE_78-32_iDASv3-P11_UTC190427173908.sgy,0017_FORGE_78-32_iDASv3-P11_UTC190427173908\seg_013.png,13,13,14,0,,
utah_upper,FORGE_78-32_iDASv3-P11_UTC190427173908.sgy,0017_FORGE_78-32_iDASv3-P11_UTC190427173908\seg_014.png,14,14,15,0,,
utah_upper,FORGE_78-32_iDASv3-P11_UTC190427173908.sgy,0017_FORGE_78-32_iDASv3-P11_UTC190427173908\seg_015.png,15,15,16,0,,
utah_upper,FORGE_78-32_iDASv3-P11_UTC190427173908.sgy,0017_FORGE_78-32_iDASv3-P11_UTC190427173908\seg_016.png,16,16,17,0,,
utah_upper,FORGE_78-32_iDASv3-P11_UTC190427173908.sgy,0017_FORGE_78-32_iDASv3-P11_UTC190427173908\seg_017.png,17,17,18,0,,
utah_upper,FORGE_78-32_iDASv3-P11_UTC190427173908.sgy,0017_FORGE_78-32_iDASv3-P11_UTC190427173908\seg_018.png,18,18,19,0,,
utah_upper,FORGE_78-32_iDASv3-P11_UTC190427173908.sgy,0017_FORGE_78-32_iDASv3-P11_UTC190427173908\seg_019.png,19,19,20,0,,
utah_upper,FORGE_78-32_iDASv3-P11_UTC190427173908.sgy,0017_FORGE_78-32_iDASv3-P11_UTC190427173908\seg_020.png,20,20,21,0,,
utah_upper,FORGE_78-32_iDASv3-P11_UTC190427173908.sgy,0017_FORGE_78-32_iDASv3-P11_UTC190427173908\seg_021.png,21,21,22,0,,
utah_upper,FORGE_78-32_iDASv3-P11_UTC190427173908.sgy,0017_FORGE_78-32_iDASv3-P11_UTC190427173908\seg_022.png,22,22,23,0,,
utah_upper,FORGE_78-32_iDASv3-P11_UTC190427173908.sgy,0017_FORGE_78-32_iDASv3-P11_UTC190427173908\seg_023.png,23,23,24,0,,
utah_upper,FORGE_78-32_iDASv3-P11_UTC190427173908.sgy,0017_FORGE_78-32_iDASv3-P11_UTC190427173908\seg_024.png,24,24,25,0,,
utah_upper,FORGE_78-32_iDASv3-P11_UTC190427173908.sgy,0017_FORGE_78-32_iDASv3-P11_UTC190427173908\seg_025.png,25,25,26,0,,
utah_upper,FORGE_78-32_iDASv3-P11_UTC190427173908.sgy,0017_FORGE_78-32_iDASv3-P11_UTC190427173908\seg_026.png,26,26,27,0,,
utah_upper,FORGE_78-32_iDASv3-P11_UTC190427173908.sgy,0017_FORGE_78-32_iDASv3-P11_UTC190427173908\seg_027.png,27,27,28,0,,
utah_upper,FORGE_78-32_iDASv3-P11_UTC190427173908.sgy,0017_FORGE_78-32_iDASv3-P11_UTC190427173908\seg_028.png,28,28,29,0,,
utah_upper,FORGE_78-32_iDASv3-P11_UTC190427173908.sgy,0017_FORGE_78-32_iDASv3-P11_UTC190427173908\seg_029.png,29,29,30,0,,
utah_upper,FORGE_78-32_iDASv3-P11_UTC190427173953.sgy,0018_FORGE_78-32_iDASv3-P11_UTC190427173953\seg_000.png,0,0,1,0,,
utah_upper,FORGE_78-32_iDASv3-P11_UTC190427173953.sgy,0018_FORGE_78-32_iDASv3-P11_UTC190427173953\seg_001.png,1,1,2,0,,
utah_upper,FORGE_78-32_iDASv3-P11_UTC190427173953.sgy,0018_FORGE_78-32_iDASv3-P11_UTC190427173953\seg_002.png,2,2,3,0,,
utah_upper,FORGE_78-32_iDASv3-P11_UTC190427173953.sgy,0018_FORGE_78-32_iDASv3-P11_UTC190427173953\seg_003.png,3,3,4,0,,
utah_upper,FORGE_78-32_iDASv3-P11_UTC190427173953.sgy,0018_FORGE_78-32_iDASv3-P11_UTC190427173953\seg_004.png,4,4,5,0,,
utah_upper,FORGE_78-32_iDASv3-P11_UTC190427173953.sgy,0018_FORGE_78-32_iDASv3-P11_UTC190427173953\seg_005.png,5,5,6,0,,
utah_upper,FORGE_78-32_iDASv3-P11_UTC190427173953.sgy,0018_FORGE_78-32_iDASv3-P11_UTC190427173953\seg_006.png,6,6,7,0,,
utah_upper,FORGE_78-32_iDASv3-P11_UTC190427173953.sgy,0018_FORGE_78-32_iDASv3-P11_UTC190427173953\seg_007.png,7,7,8,0,,
utah_upper,FORGE_78-32_iDASv3-P11_UTC190427173953.sgy,0018_FORGE_78-32_iDASv3-P11_UTC190427173953\seg_008.png,8,8,9,0,,
utah_upper,FORGE_78-32_iDASv3-P11_UTC190427173953.sgy,0018_FORGE_78-32_iDASv3-P11_UTC190427173953\seg_009.png,9,9,10,0,,
utah_upper,FORGE_78-32_iDASv3-P11_UTC190427173953.sgy,0018_FORGE_78-32_iDASv3-P11_UTC190427173953\seg_010.png,10,10,11,0,,
utah_upper,FORGE_78-32_iDASv3-P11_UTC190427173953.sgy,0018_FORGE_78-32_iDASv3-P11_UTC190427173953\seg_011.png,11,11,12,0,,
utah_upper,FORGE_78-32_iDASv3-P11_UTC190427173953.sgy,0018_FORGE_78-32_iDASv3-P11_UTC190427173953\seg_012.png,12,12,13,0,,
utah_upper,FORGE_78-32_iDASv3-P11_UTC190427173953.sgy,0018_FORGE_78-32_iDASv3-P11_UTC190427173953\seg_013.png,13,13,14,0,,
utah_upper,FORGE_78-32_iDASv3-P11_UTC190427173953.sgy,0018_FORGE_78-32_iDASv3-P11_UTC190427173953\seg_014.png,14,14,15,0,,
utah_upper,FORGE_78-32_iDASv3-P11_UTC190427173953.sgy,0018_FORGE_78-32_iDASv3-P11_UTC190427173953\seg_015.png,15,15,16,0,,
utah_upper,FORGE_78-32_iDASv3-P11_UTC190427173953.sgy,0018_FORGE_78-32_iDASv3-P11_UTC190427173953\seg_016.png,16,16,17,0,,
utah_upper,FORGE_78-32_iDASv3-P11_UTC190427173953.sgy,0018_FORGE_78-32_iDASv3-P11_UTC190427173953\seg_017.png,17,17,18,0,,
utah_upper,FORGE_78-32_iDASv3-P11_UTC190427173953.sgy,0018_FORGE_78-32_iDASv3-P11_UTC190427173953\seg_018.png,18,18,19,0,,
utah_upper,FORGE_78-32_iDASv3-P11_UTC190427173953.sgy,0018_FORGE_78-32_iDASv3-P11_UTC190427173953\seg_019.png,19,19,20,0,,
utah_upper,FORGE_78-32_iDASv3-P11_UTC190427173953.sgy,0018_FORGE_78-32_iDASv3-P11_UTC190427173953\seg_020.png,20,20,21,0,,
utah_upper,FORGE_78-32_iDASv3-P11_UTC190427173953.sgy,0018_FORGE_78-32_iDASv3-P11_UTC190427173953\seg_021.png,21,21,22,0,,
utah_upper,FORGE_78-32_iDASv3-P11_UTC190427173953.sgy,0018_FORGE_78-32_iDASv3-P11_UTC190427173953\seg_022.png,22,22,23,0,,
utah_upper,FORGE_78-32_iDASv3-P11_UTC190427173953.sgy,0018_FORGE_78-32_iDASv3-P11_UTC190427173953\seg_023.png,23,23,24,0,,
utah_upper,FORGE_78-32_iDASv3-P11_UTC190427173953.sgy,0018_FORGE_78-32_iDASv3-P11_UTC190427173953\seg_024.png,24,24,25,0,,
utah_upper,FORGE_78-32_iDASv3-P11_UTC190427173953.sgy,0018_FORGE_78-32_iDASv3-P11_UTC190427173953\seg_025.png,25,25,26,0,,
utah_upper,FORGE_78-32_iDASv3-P11_UTC190427173953.sgy,0018_FORGE_78-32_iDASv3-P11_UTC190427173953\seg_026.png,26,26,27,0,,
utah_upper,FORGE_78-32_iDASv3-P11_UTC190427173953.sgy,0018_FORGE_78-32_iDASv3-P11_UTC190427173953\seg_027.png,27,27,28,0,,
utah_upper,FORGE_78-32_iDASv3-P11_UTC190427173953.sgy,0018_FORGE_78-32_iDASv3-P11_UTC190427173953\seg_028.png,28,28,29,0,,
utah_upper,FORGE_78-32_iDASv3-P11_UTC190427173953.sgy,0018_FORGE_78-32_iDASv3-P11_UTC190427173953\seg_029.png,29,29,30,0,,
utah_upper,FORGE_78-32_iDASv3-P11_UTC190427174023.sgy,0019_FORGE_78-32_iDASv3-P11_UTC190427174023\seg_000.png,0,0,1,0,,
utah_upper,FORGE_78-32_iDASv3-P11_UTC190427174023.sgy,0019_FORGE_78-32_iDASv3-P11_UTC190427174023\seg_001.png,1,1,2,0,,
utah_upper,FORGE_78-32_iDASv3-P11_UTC190427174023.sgy,0019_FORGE_78-32_iDASv3-P11_UTC190427174023\seg_002.png,2,2,3,0,,
utah_upper,FORGE_78-32_iDASv3-P11_UTC190427174023.sgy,0019_FORGE_78-32_iDASv3-P11_UTC190427174023\seg_003.png,3,3,4,0,,
utah_upper,FORGE_78-32_iDASv3-P11_UTC190427174023.sgy,0019_FORGE_78-32_iDASv3-P11_UTC190427174023\seg_004.png,4,4,5,0,,
utah_upper,FORGE_78-32_iDASv3-P11_UTC190427174023.sgy,0019_FORGE_78-32_iDASv3-P11_UTC190427174023\seg_005.png,5,5,6,0,,
utah_upper,FORGE_78-32_iDASv3-P11_UTC190427174023.sgy,0019_FORGE_78-32_iDASv3-P11_UTC190427174023\seg_006.png,6,6,7,0,,
utah_upper,FORGE_78-32_iDASv3-P11_UTC190427174023.sgy,0019_FORGE_78-32_iDASv3-P11_UTC190427174023\seg_007.png,7,7,8,0,,
utah_upper,FORGE_78-32_iDASv3-P11_UTC190427174023.sgy,0019_FORGE_78-32_iDASv3-P11_UTC190427174023\seg_008.png,8,8,9,0,,
utah_upper,FORGE_78-32_iDASv3-P11_UTC190427174023.sgy,0019_FORGE_78-32_iDASv3-P11_UTC190427174023\seg_009.png,9,9,10,0,,
utah_upper,FORGE_78-32_iDASv3-P11_UTC190427174023.sgy,0019_FORGE_78-32_iDASv3-P11_UTC190427174023\seg_010.png,10,10,11,0,,
utah_upper,FORGE_78-32_iDASv3-P11_UTC190427174023.sgy,0019_FORGE_78-32_iDASv3-P11_UTC190427174023\seg_011.png,11,11,12,0,,
utah_upper,FORGE_78-32_iDASv3-P11_UTC190427174023.sgy,0019_FORGE_78-32_iDASv3-P11_UTC190427174023\seg_012.png,12,12,13,0,,
utah_upper,FORGE_78-32_iDASv3-P11_UTC190427174023.sgy,0019_FORGE_78-32_iDASv3-P11_UTC190427174023\seg_013.png,13,13,14,0,,
utah_upper,FORGE_78-32_iDASv3-P11_UTC190427174023.sgy,0019_FORGE_78-32_iDASv3-P11_UTC190427174023\seg_014.png,14,14,15,0,,
utah_upper,FORGE_78-32_iDASv3-P11_UTC190427174023.sgy,0019_FORGE_78-32_iDASv3-P11_UTC190427174023\seg_015.png,15,15,16,0,,
utah_upper,FORGE_78-32_iDASv3-P11_UTC190427174023.sgy,0019_FORGE_78-32_iDASv3-P11_UTC190427174023\seg_016.png,16,16,17,0,,
utah_upper,FORGE_78-32_iDASv3-P11_UTC190427174023.sgy,0019_FORGE_78-32_iDASv3-P11_UTC190427174023\seg_017.png,17,17,18,0,,
utah_upper,FORGE_78-32_iDASv3-P11_UTC190427174023.sgy,0019_FORGE_78-32_iDASv3-P11_UTC190427174023\seg_018.png,18,18,19,0,,
utah_upper,FORGE_78-32_iDASv3-P11_UTC190427174023.sgy,0019_FORGE_78-32_iDASv3-P11_UTC190427174023\seg_019.png,19,19,20,0,,
utah_upper,FORGE_78-32_iDASv3-P11_UTC190427174023.sgy,0019_FORGE_78-32_iDASv3-P11_UTC190427174023\seg_020.png,20,20,21,0,,
utah_upper,FORGE_78-32_iDASv3-P11_UTC190427174023.sgy,0019_FORGE_78-32_iDASv3-P11_UTC190427174023\seg_021.png,21,21,22,0,,
utah_upper,FORGE_78-32_iDASv3-P11_UTC190427174023.sgy,0019_FORGE_78-32_iDASv3-P11_UTC190427174023\seg_022.png,22,22,23,0,,
utah_upper,FORGE_78-32_iDASv3-P11_UTC190427174023.sgy,0019_FORGE_78-32_iDASv3-P11_UTC190427174023\seg_023.png,23,23,24,0,,
utah_upper,FORGE_78-32_iDASv3-P11_UTC190427174023.sgy,0019_FORGE_78-32_iDASv3-P11_UTC190427174023\seg_024.png,24,24,25,0,,
utah_upper,FORGE_78-32_iDASv3-P11_UTC190427174023.sgy,0019_FORGE_78-32_iDASv3-P11_UTC190427174023\seg_025.png,25,25,26,0,,
utah_upper,FORGE_78-32_iDASv3-P11_UTC190427174023.sgy,0019_FORGE_78-32_iDASv3-P11_UTC190427174023\seg_026.png,26,26,27,0,,
utah_upper,FORGE_78-32_iDASv3-P11_UTC190427174023.sgy,0019_FORGE_78-32_iDASv3-P11_UTC190427174023\seg_027.png,27,27,28,0,,
utah_upper,FORGE_78-32_iDASv3-P11_UTC190427174023.sgy,0019_FORGE_78-32_iDASv3-P11_UTC190427174023\seg_028.png,28,28,29,0,,
utah_upper,FORGE_78-32_iDASv3-P11_UTC190427174023.sgy,0019_FORGE_78-32_iDASv3-P11_UTC190427174023\seg_029.png,29,29,30,0,,
utah_upper,FORGE_78-32_iDASv3-P11_UTC190427174108.sgy,0020_FORGE_78-32_iDASv3-P11_UTC190427174108\seg_000.png,0,0,1,0,,
utah_upper,FORGE_78-32_iDASv3-P11_UTC190427174108.sgy,0020_FORGE_78-32_iDASv3-P11_UTC190427174108\seg_001.png,1,1,2,0,,
utah_upper,FORGE_78-32_iDASv3-P11_UTC190427174108.sgy,0020_FORGE_78-32_iDASv3-P11_UTC190427174108\seg_002.png,2,2,3,0,,
utah_upper,FORGE_78-32_iDASv3-P11_UTC190427174108.sgy,0020_FORGE_78-32_iDASv3-P11_UTC190427174108\seg_003.png,3,3,4,0,,
utah_upper,FORGE_78-32_iDASv3-P11_UTC190427174108.sgy,0020_FORGE_78-32_iDASv3-P11_UTC190427174108\seg_004.png,4,4,5,0,,
utah_upper,FORGE_78-32_iDASv3-P11_UTC190427174108.sgy,0020_FORGE_78-32_iDASv3-P11_UTC190427174108\seg_005.png,5,5,6,0,,
utah_upper,FORGE_78-32_iDASv3-P11_UTC190427174108.sgy,0020_FORGE_78-32_iDASv3-P11_UTC190427174108\seg_006.png,6,6,7,0,,
utah_upper,FORGE_78-32_iDASv3-P11_UTC190427174108.sgy,0020_FORGE_78-32_iDASv3-P11_UTC190427174108\seg_007.png,7,7,8,0,,
utah_upper,FORGE_78-32_iDASv3-P11_UTC190427174108.sgy,0020_FORGE_78-32_iDASv3-P11_UTC190427174108\seg_008.png,8,8,9,0,,
utah_upper,FORGE_78-32_iDASv3-P11_UTC190427174108.sgy,0020_FORGE_78-32_iDASv3-P11_UTC190427174108\seg_009.png,9,9,10,0,,
utah_upper,FORGE_78-32_iDASv3-P11_UTC190427174108.sgy,0020_FORGE_78-32_iDASv3-P11_UTC190427174108\seg_010.png,10,10,11,0,,
utah_upper,FORGE_78-32_iDASv3-P11_UTC190427174108.sgy,0020_FORGE_78-32_iDASv3-P11_UTC190427174108\seg_011.png,11,11,12,0,,
utah_upper,FORGE_78-32_iDASv3-P11_UTC190427174108.sgy,0020_FORGE_78-32_iDASv3-P11_UTC190427174108\seg_012.png,12,12,13,0,,
utah_upper,FORGE_78-32_iDASv3-P11_UTC190427174108.sgy,0020_FORGE_78-32_iDASv3-P11_UTC190427174108\seg_013.png,13,13,14,0,,
utah_upper,FORGE_78-32_iDASv3-P11_UTC190427174108.sgy,0020_FORGE_78-32_iDASv3-P11_UTC190427174108\seg_014.png,14,14,15,0,,
utah_upper,FORGE_78-32_iDASv3-P11_UTC190427174108.sgy,0020_FORGE_78-32_iDASv3-P11_UTC190427174108\seg_015.png,15,15,16,0,,
utah_upper,FORGE_78-32_iDASv3-P11_UTC190427174108.sgy,0020_FORGE_78-32_iDASv3-P11_UTC190427174108\seg_016.png,16,16,17,0,,
utah_upper,FORGE_78-32_iDASv3-P11_UTC190427174108.sgy,0020_FORGE_78-32_iDASv3-P11_UTC190427174108\seg_017.png,17,17,18,0,,
utah_upper,FORGE_78-32_iDASv3-P11_UTC190427174108.sgy,0020_FORGE_78-32_iDASv3-P11_UTC190427174108\seg_018.png,18,18,19,0,,
utah_upper,FORGE_78-32_iDASv3-P11_UTC190427174108.sgy,0020_FORGE_78-32_iDASv3-P11_UTC190427174108\seg_019.png,19,19,20,0,,
utah_upper,FORGE_78-32_iDASv3-P11_UTC190427174108.sgy,0020_FORGE_78-32_iDASv3-P11_UTC190427174108\seg_020.png,20,20,21,0,,
utah_upper,FORGE_78-32_iDASv3-P11_UTC190427174108.sgy,0020_FORGE_78-32_iDASv3-P11_UTC190427174108\seg_021.png,21,21,22,0,,
utah_upper,FORGE_78-32_iDASv3-P11_UTC190427174108.sgy,0020_FORGE_78-32_iDASv3-P11_UTC190427174108\seg_022.png,22,22,23,0,,
utah_upper,FORGE_78-32_iDASv3-P11_UTC190427174108.sgy,0020_FORGE_78-32_iDASv3-P11_UTC190427174108\seg_023.png,23,23,24,0,,
utah_upper,FORGE_78-32_iDASv3-P11_UTC190427174108.sgy,0020_FORGE_78-32_iDASv3-P11_UTC190427174108\seg_024.png,24,24,25,0,,
utah_upper,FORGE_78-32_iDASv3-P11_UTC190427174108.sgy,0020_FORGE_78-32_iDASv3-P11_UTC190427174108\seg_025.png,25,25,26,0,,
utah_upper,FORGE_78-32_iDASv3-P11_UTC190427174108.sgy,0020_FORGE_78-32_iDASv3-P11_UTC190427174108\seg_026.png,26,26,27,0,,
utah_upper,FORGE_78-32_iDASv3-P11_UTC190427174108.sgy,0020_FORGE_78-32_iDASv3-P11_UTC190427174108\seg_027.png,27,27,28,0,,
utah_upper,FORGE_78-32_iDASv3-P11_UTC190427174108.sgy,0020_FORGE_78-32_iDASv3-P11_UTC190427174108\seg_028.png,28,28,29,0,,
utah_upper,FORGE_78-32_iDASv3-P11_UTC190427174108.sgy,0020_FORGE_78-32_iDASv3-P11_UTC190427174108\seg_029.png,29,29,30,0,,
utah_upper,FORGE_78-32_iDASv3-P11_UTC190427174308.sgy,0021_FORGE_78-32_iDASv3-P11_UTC190427174308\seg_000.png,0,0,1,0,,
utah_upper,FORGE_78-32_iDASv3-P11_UTC190427174308.sgy,0021_FORGE_78-32_iDASv3-P11_UTC190427174308\seg_001.png,1,1,2,0,,
utah_upper,FORGE_78-32_iDASv3-P11_UTC190427174308.sgy,0021_FORGE_78-32_iDASv3-P11_UTC190427174308\seg_002.png,2,2,3,0,,
utah_upper,FORGE_78-32_iDASv3-P11_UTC190427174308.sgy,0021_FORGE_78-32_iDASv3-P11_UTC190427174308\seg_003.png,3,3,4,0,,
utah_upper,FORGE_78-32_iDASv3-P11_UTC190427174308.sgy,0021_FORGE_78-32_iDASv3-P11_UTC190427174308\seg_004.png,4,4,5,0,,
utah_upper,FORGE_78-32_iDASv3-P11_UTC190427174308.sgy,0021_FORGE_78-32_iDASv3-P11_UTC190427174308\seg_005.png,5,5,6,0,,
utah_upper,FORGE_78-32_iDASv3-P11_UTC190427174308.sgy,0021_FORGE_78-32_iDASv3-P11_UTC190427174308\seg_006.png,6,6,7,0,,
utah_upper,FORGE_78-32_iDASv3-P11_UTC190427174308.sgy,0021_FORGE_78-32_iDASv3-P11_UTC190427174308\seg_007.png,7,7,8,0,,
utah_upper,FORGE_78-32_iDASv3-P11_UTC190427174308.sgy,0021_FORGE_78-32_iDASv3-P11_UTC190427174308\seg_008.png,8,8,9,0,,
utah_upper,FORGE_78-32_iDASv3-P11_UTC190427174308.sgy,0021_FORGE_78-32_iDASv3-P11_UTC190427174308\seg_009.png,9,9,10,0,,
utah_upper,FORGE_78-32_iDASv3-P11_UTC190427174308.sgy,0021_FORGE_78-32_iDASv3-P11_UTC190427174308\seg_010.png,10,10,11,0,,
utah_upper,FORGE_78-32_iDASv3-P11_UTC190427174308.sgy,0021_FORGE_78-32_iDASv3-P11_UTC190427174308\seg_011.png,11,11,12,0,,
utah_upper,FORGE_78-32_iDASv3-P11_UTC190427174308.sgy,0021_FORGE_78-32_iDASv3-P11_UTC190427174308\seg_012.png,12,12,13,0,,
utah_upper,FORGE_78-32_iDASv3-P11_UTC190427174308.sgy,0021_FORGE_78-32_iDASv3-P11_UTC190427174308\seg_013.png,13,13,14,0,,
utah_upper,FORGE_78-32_iDASv3-P11_UTC190427174308.sgy,0021_FORGE_78-32_iDASv3-P11_UTC190427174308\seg_014.png,14,14,15,0,,
utah_upper,FORGE_78-32_iDASv3-P11_UTC190427174308.sgy,0021_FORGE_78-32_iDASv3-P11_UTC190427174308\seg_015.png,15,15,16,0,,
utah_upper,FORGE_78-32_iDASv3-P11_UTC190427174308.sgy,0021_FORGE_78-32_iDASv3-P11_UTC190427174308\seg_016.png,16,16,17,1,,
utah_upper,FORGE_78-32_iDASv3-P11_UTC190427174308.sgy,0021_FORGE_78-32_iDASv3-P11_UTC190427174308\seg_017.png,17,17,18,1,,
utah_upper,FORGE_78-32_iDASv3-P11_UTC190427174308.sgy,0021_FORGE_78-32_iDASv3-P11_UTC190427174308\seg_018.png,18,18,19,0,,
utah_upper,FORGE_78-32_iDASv3-P11_UTC190427174308.sgy,0021_FORGE_78-32_iDASv3-P11_UTC190427174308\seg_019.png,19,19,20,0,,
utah_upper,FORGE_78-32_iDASv3-P11_UTC190427174308.sgy,0021_FORGE_78-32_iDASv3-P11_UTC190427174308\seg_020.png,20,20,21,0,,
utah_upper,FORGE_78-32_iDASv3-P11_UTC190427174308.sgy,0021_FORGE_78-32_iDASv3-P11_UTC190427174308\seg_021.png,21,21,22,0,,
utah_upper,FORGE_78-32_iDASv3-P11_UTC190427174308.sgy,0021_FORGE_78-32_iDASv3-P11_UTC190427174308\seg_022.png,22,22,23,0,,
utah_upper,FORGE_78-32_iDASv3-P11_UTC190427174308.sgy,0021_FORGE_78-32_iDASv3-P11_UTC190427174308\seg_023.png,23,23,24,0,,
utah_upper,FORGE_78-32_iDASv3-P11_UTC190427174308.sgy,0021_FORGE_78-32_iDASv3-P11_UTC190427174308\seg_024.png,24,24,25,0,,
utah_upper,FORGE_78-32_iDASv3-P11_UTC190427174308.sgy,0021_FORGE_78-32_iDASv3-P11_UTC190427174308\seg_025.png,25,25,26,0,,
utah_upper,FORGE_78-32_iDASv3-P11_UTC190427174308.sgy,0021_FORGE_78-32_iDASv3-P11_UTC190427174308\seg_026.png,26,26,27,0,,
utah_upper,FORGE_78-32_iDASv3-P11_UTC190427174308.sgy,0021_FORGE_78-32_iDASv3-P11_UTC190427174308\seg_027.png,27,27,28,0,,
utah_upper,FORGE_78-32_iDASv3-P11_UTC190427174308.sgy,0021_FORGE_78-32_iDASv3-P11_UTC190427174308\seg_028.png,28,28,29,0,,
utah_upper,FORGE_78-32_iDASv3-P11_UTC190427174308.sgy,0021_FORGE_78-32_iDASv3-P11_UTC190427174308\seg_029.png,29,29,30,0,,
utah_upper,FORGE_78-32_iDASv3-P11_UTC190427174508.sgy,0022_FORGE_78-32_iDASv3-P11_UTC190427174508\seg_000.png,0,0,1,0,,
utah_upper,FORGE_78-32_iDASv3-P11_UTC190427174508.sgy,0022_FORGE_78-32_iDASv3-P11_UTC190427174508\seg_001.png,1,1,2,0,,
utah_upper,FORGE_78-32_iDASv3-P11_UTC190427174508.sgy,0022_FORGE_78-32_iDASv3-P11_UTC190427174508\seg_002.png,2,2,3,0,,
utah_upper,FORGE_78-32_iDASv3-P11_UTC190427174508.sgy,0022_FORGE_78-32_iDASv3-P11_UTC190427174508\seg_003.png,3,3,4,0,,
utah_upper,FORGE_78-32_iDASv3-P11_UTC190427174508.sgy,0022_FORGE_78-32_iDASv3-P11_UTC190427174508\seg_004.png,4,4,5,0,,
utah_upper,FORGE_78-32_iDASv3-P11_UTC190427174508.sgy,0022_FORGE_78-32_iDASv3-P11_UTC190427174508\seg_005.png,5,5,6,0,,
utah_upper,FORGE_78-32_iDASv3-P11_UTC190427174508.sgy,0022_FORGE_78-32_iDASv3-P11_UTC190427174508\seg_006.png,6,6,7,0,,
utah_upper,FORGE_78-32_iDASv3-P11_UTC190427174508.sgy,0022_FORGE_78-32_iDASv3-P11_UTC190427174508\seg_007.png,7,7,8,0,,
utah_upper,FORGE_78-32_iDASv3-P11_UTC190427174508.sgy,0022_FORGE_78-32_iDASv3-P11_UTC190427174508\seg_008.png,8,8,9,0,,
utah_upper,FORGE_78-32_iDASv3-P11_UTC190427174508.sgy,0022_FORGE_78-32_iDASv3-P11_UTC190427174508\seg_009.png,9,9,10,0,,
utah_upper,FORGE_78-32_iDASv3-P11_UTC190427174508.sgy,0022_FORGE_78-32_iDASv3-P11_UTC190427174508\seg_010.png,10,10,11,0,,
utah_upper,FORGE_78-32_iDASv3-P11_UTC190427174508.sgy,0022_FORGE_78-32_iDASv3-P11_UTC190427174508\seg_011.png,11,11,12,0,,
utah_upper,FORGE_78-32_iDASv3-P11_UTC190427174508.sgy,0022_FORGE_78-32_iDASv3-P11_UTC190427174508\seg_012.png,12,12,13,0,,
utah_upper,FORGE_78-32_iDASv3-P11_UTC190427174508.sgy,0022_FORGE_78-32_iDASv3-P11_UTC190427174508\seg_013.png,13,13,14,0,,
utah_upper,FORGE_78-32_iDASv3-P11_UTC190427174508.sgy,0022_FORGE_78-32_iDASv3-P11_UTC190427174508\seg_014.png,14,14,15,0,,
utah_upper,FORGE_78-32_iDASv3-P11_UTC190427174508.sgy,0022_FORGE_78-32_iDASv3-P11_UTC190427174508\seg_015.png,15,15,16,0,,
utah_upper,FORGE_78-32_iDASv3-P11_UTC190427174508.sgy,0022_FORGE_78-32_iDASv3-P11_UTC190427174508\seg_016.png,16,16,17,0,,
utah_upper,FORGE_78-32_iDASv3-P11_UTC190427174508.sgy,0022_FORGE_78-32_iDASv3-P11_UTC190427174508\seg_017.png,17,17,18,0,,
utah_upper,FORGE_78-32_iDASv3-P11_UTC190427174508.sgy,0022_FORGE_78-32_iDASv3-P11_UTC190427174508\seg_018.png,18,18,19,0,,
utah_upper,FORGE_78-32_iDASv3-P11_UTC190427174508.sgy,0022_FORGE_78-32_iDASv3-P11_UTC190427174508\seg_019.png,19,19,20,0,,
utah_upper,FORGE_78-32_iDASv3-P11_UTC190427174508.sgy,0022_FORGE_78-32_iDASv3-P11_UTC190427174508\seg_020.png,20,20,21,0,,
utah_upper,FORGE_78-32_iDASv3-P11_UTC190427174508.sgy,0022_FORGE_78-32_iDASv3-P11_UTC190427174508\seg_021.png,21,21,22,0,,
utah_upper,FORGE_78-32_iDASv3-P11_UTC190427174508.sgy,0022_FORGE_78-32_iDASv3-P11_UTC190427174508\seg_022.png,22,22,23,0,,
utah_upper,FORGE_78-32_iDASv3-P11_UTC190427174508.sgy,0022_FORGE_78-32_iDASv3-P11_UTC190427174508\seg_023.png,23,23,24,0,,
utah_upper,FORGE_78-32_iDASv3-P11_UTC190427174508.sgy,0022_FORGE_78-32_iDASv3-P11_UTC190427174508\seg_024.png,24,24,25,0,,
utah_upper,FORGE_78-32_iDASv3-P11_UTC190427174508.sgy,0022_FORGE_78-32_iDASv3-P11_UTC190427174508\seg_025.png,25,25,26,0,,
utah_upper,FORGE_78-32_iDASv3-P11_UTC190427174508.sgy,0022_FORGE_78-32_iDASv3-P11_UTC190427174508\seg_026.png,26,26,27,0,,
utah_upper,FORGE_78-32_iDASv3-P11_UTC190427174508.sgy,0022_FORGE_78-32_iDASv3-P11_UTC190427174508\seg_027.png,27,27,28,0,,
utah_upper,FORGE_78-32_iDASv3-P11_UTC190427174508.sgy,0022_FORGE_78-32_iDASv3-P11_UTC190427174508\seg_028.png,28,28,29,0,,
utah_upper,FORGE_78-32_iDASv3-P11_UTC190427174508.sgy,0022_FORGE_78-32_iDASv3-P11_UTC190427174508\seg_029.png,29,29,30,0,,
utah_upper,FORGE_78-32_iDASv3-P11_UTC190427174538.sgy,0023_FORGE_78-32_iDASv3-P11_UTC190427174538\seg_000.png,0,0,1,0,,
utah_upper,FORGE_78-32_iDASv3-P11_UTC190427174538.sgy,0023_FORGE_78-32_iDASv3-P11_UTC190427174538\seg_001.png,1,1,2,0,,
utah_upper,FORGE_78-32_iDASv3-P11_UTC190427174538.sgy,0023_FORGE_78-32_iDASv3-P11_UTC190427174538\seg_002.png,2,2,3,0,,
utah_upper,FORGE_78-32_iDASv3-P11_UTC190427174538.sgy,0023_FORGE_78-32_iDASv3-P11_UTC190427174538\seg_003.png,3,3,4,0,,
utah_upper,FORGE_78-32_iDASv3-P11_UTC190427174538.sgy,0023_FORGE_78-32_iDASv3-P11_UTC190427174538\seg_004.png,4,4,5,0,,
utah_upper,FORGE_78-32_iDASv3-P11_UTC190427174538.sgy,0023_FORGE_78-32_iDASv3-P11_UTC190427174538\seg_005.png,5,5,6,0,,
utah_upper,FORGE_78-32_iDASv3-P11_UTC190427174538.sgy,0023_FORGE_78-32_iDASv3-P11_UTC190427174538\seg_006.png,6,6,7,0,,
utah_upper,FORGE_78-32_iDASv3-P11_UTC190427174538.sgy,0023_FORGE_78-32_iDASv3-P11_UTC190427174538\seg_007.png,7,7,8,0,,
utah_upper,FORGE_78-32_iDASv3-P11_UTC190427174538.sgy,0023_FORGE_78-32_iDASv3-P11_UTC190427174538\seg_008.png,8,8,9,0,,
utah_upper,FORGE_78-32_iDASv3-P11_UTC190427174538.sgy,0023_FORGE_78-32_iDASv3-P11_UTC190427174538\seg_009.png,9,9,10,0,,
utah_upper,FORGE_78-32_iDASv3-P11_UTC190427174538.sgy,0023_FORGE_78-32_iDASv3-P11_UTC190427174538\seg_010.png,10,10,11,1,,
utah_upper,FORGE_78-32_iDASv3-P11_UTC190427174538.sgy,0023_FORGE_78-32_iDASv3-P11_UTC190427174538\seg_011.png,11,11,12,1,,
utah_upper,FORGE_78-32_iDASv3-P11_UTC190427174538.sgy,0023_FORGE_78-32_iDASv3-P11_UTC190427174538\seg_012.png,12,12,13,0,,
utah_upper,FORGE_78-32_iDASv3-P11_UTC190427174538.sgy,0023_FORGE_78-32_iDASv3-P11_UTC190427174538\seg_013.png,13,13,14,0,,
utah_upper,FORGE_78-32_iDASv3-P11_UTC190427174538.sgy,0023_FORGE_78-32_iDASv3-P11_UTC190427174538\seg_014.png,14,14,15,0,,
utah_upper,FORGE_78-32_iDASv3-P11_UTC190427174538.sgy,0023_FORGE_78-32_iDASv3-P11_UTC190427174538\seg_015.png,15,15,16,0,,
utah_upper,FORGE_78-32_iDASv3-P11_UTC190427174538.sgy,0023_FORGE_78-32_iDASv3-P11_UTC190427174538\seg_016.png,16,16,17,0,,
utah_upper,FORGE_78-32_iDASv3-P11_UTC190427174538.sgy,0023_FORGE_78-32_iDASv3-P11_UTC190427174538\seg_017.png,17,17,18,0,,
utah_upper,FORGE_78-32_iDASv3-P11_UTC190427174538.sgy,0023_FORGE_78-32_iDASv3-P11_UTC190427174538\seg_018.png,18,18,19,0,,
utah_upper,FORGE_78-32_iDASv3-P11_UTC190427174538.sgy,0023_FORGE_78-32_iDASv3-P11_UTC190427174538\seg_019.png,19,19,20,0,,
utah_upper,FORGE_78-32_iDASv3-P11_UTC190427174538.sgy,0023_FORGE_78-32_iDASv3-P11_UTC190427174538\seg_020.png,20,20,21,0,,
utah_upper,FORGE_78-32_iDASv3-P11_UTC190427174538.sgy,0023_FORGE_78-32_iDASv3-P11_UTC190427174538\seg_021.png,21,21,22,0,,
utah_upper,FORGE_78-32_iDASv3-P11_UTC190427174538.sgy,0023_FORGE_78-32_iDASv3-P11_UTC190427174538\seg_022.png,22,22,23,0,,
utah_upper,FORGE_78-32_iDASv3-P11_UTC190427174538.sgy,0023_FORGE_78-32_iDASv3-P11_UTC190427174538\seg_023.png,23,23,24,0,,
utah_upper,FORGE_78-32_iDASv3-P11_UTC190427174538.sgy,0023_FORGE_78-32_iDASv3-P11_UTC190427174538\seg_024.png,24,24,25,0,,
utah_upper,FORGE_78-32_iDASv3-P11_UTC190427174538.sgy,0023_FORGE_78-32_iDASv3-P11_UTC190427174538\seg_025.png,25,25,26,0,,
utah_upper,FORGE_78-32_iDASv3-P11_UTC190427174538.sgy,0023_FORGE_78-32_iDASv3-P11_UTC190427174538\seg_026.png,26,26,27,0,,
utah_upper,FORGE_78-32_iDASv3-P11_UTC190427174538.sgy,0023_FORGE_78-32_iDASv3-P11_UTC190427174538\seg_027.png,27,27,28,0,,
utah_upper,FORGE_78-32_iDASv3-P11_UTC190427174538.sgy,0023_FORGE_78-32_iDASv3-P11_UTC190427174538\seg_028.png,28,28,29,0,,
utah_upper,FORGE_78-32_iDASv3-P11_UTC190427174538.sgy,0023_FORGE_78-32_iDASv3-P11_UTC190427174538\seg_029.png,29,29,30,0,,
utah_upper,FORGE_78-32_iDASv3-P11_UTC190427174608.sgy,0024_FORGE_78-32_iDASv3-P11_UTC190427174608\seg_000.png,0,0,1,0,,
utah_upper,FORGE_78-32_iDASv3-P11_UTC190427174608.sgy,0024_FORGE_78-32_iDASv3-P11_UTC190427174608\seg_001.png,1,1,2,0,,
utah_upper,FORGE_78-32_iDASv3-P11_UTC190427174608.sgy,0024_FORGE_78-32_iDASv3-P11_UTC190427174608\seg_002.png,2,2,3,0,,
utah_upper,FORGE_78-32_iDASv3-P11_UTC190427174608.sgy,0024_FORGE_78-32_iDASv3-P11_UTC190427174608\seg_003.png,3,3,4,0,,
utah_upper,FORGE_78-32_iDASv3-P11_UTC190427174608.sgy,0024_FORGE_78-32_iDASv3-P11_UTC190427174608\seg_004.png,4,4,5,0,,
utah_upper,FORGE_78-32_iDASv3-P11_UTC190427174608.sgy,0024_FORGE_78-32_iDASv3-P11_UTC190427174608\seg_005.png,5,5,6,0,,
utah_upper,FORGE_78-32_iDASv3-P11_UTC190427174608.sgy,0024_FORGE_78-32_iDASv3-P11_UTC190427174608\seg_006.png,6,6,7,0,,
utah_upper,FORGE_78-32_iDASv3-P11_UTC190427174608.sgy,0024_FORGE_78-32_iDASv3-P11_UTC190427174608\seg_007.png,7,7,8,0,,
utah_upper,FORGE_78-32_iDASv3-P11_UTC190427174608.sgy,0024_FORGE_78-32_iDASv3-P11_UTC190427174608\seg_008.png,8,8,9,0,,
utah_upper,FORGE_78-32_iDASv3-P11_UTC190427174608.sgy,0024_FORGE_78-32_iDASv3-P11_UTC190427174608\seg_009.png,9,9,10,0,,
utah_upper,FORGE_78-32_iDASv3-P11_UTC190427174608.sgy,0024_FORGE_78-32_iDASv3-P11_UTC190427174608\seg_010.png,10,10,11,0,,
utah_upper,FORGE_78-32_iDASv3-P11_UTC190427174608.sgy,0024_FORGE_78-32_iDASv3-P11_UTC190427174608\seg_011.png,11,11,12,0,,
utah_upper,FORGE_78-32_iDASv3-P11_UTC190427174608.sgy,0024_FORGE_78-32_iDASv3-P11_UTC190427174608\seg_012.png,12,12,13,0,,
utah_upper,FORGE_78-32_iDASv3-P11_UTC190427174608.sgy,0024_FORGE_78-32_iDASv3-P11_UTC190427174608\seg_013.png,13,13,14,0,,
utah_upper,FORGE_78-32_iDASv3-P11_UTC190427174608.sgy,0024_FORGE_78-32_iDASv3-P11_UTC190427174608\seg_014.png,14,14,15,0,,
utah_upper,FORGE_78-32_iDASv3-P11_UTC190427174608.sgy,0024_FORGE_78-32_iDASv3-P11_UTC190427174608\seg_015.png,15,15,16,0,,
utah_upper,FORGE_78-32_iDASv3-P11_UTC190427174608.sgy,0024_FORGE_78-32_iDASv3-P11_UTC190427174608\seg_016.png,16,16,17,0,,
utah_upper,FORGE_78-32_iDASv3-P11_UTC190427174608.sgy,0024_FORGE_78-32_iDASv3-P11_UTC190427174608\seg_017.png,17,17,18,0,,
utah_upper,FORGE_78-32_iDASv3-P11_UTC190427174608.sgy,0024_FORGE_78-32_iDASv3-P11_UTC190427174608\seg_018.png,18,18,19,0,,
utah_upper,FORGE_78-32_iDASv3-P11_UTC190427174608.sgy,0024_FORGE_78-32_iDASv3-P11_UTC190427174608\seg_019.png,19,19,20,0,,
utah_upper,FORGE_78-32_iDASv3-P11_UTC190427174608.sgy,0024_FORGE_78-32_iDASv3-P11_UTC190427174608\seg_020.png,20,20,21,0,,
utah_upper,FORGE_78-32_iDASv3-P11_UTC190427174608.sgy,0024_FORGE_78-32_iDASv3-P11_UTC190427174608\seg_021.png,21,21,22,0,,
utah_upper,FORGE_78-32_iDASv3-P11_UTC190427174608.sgy,0024_FORGE_78-32_iDASv3-P11_UTC190427174608\seg_022.png,22,22,23,0,,
utah_upper,FORGE_78-32_iDASv3-P11_UTC190427174608.sgy,0024_FORGE_78-32_iDASv3-P11_UTC190427174608\seg_023.png,23,23,24,0,,
utah_upper,FORGE_78-32_iDASv3-P11_UTC190427174608.sgy,0024_FORGE_78-32_iDASv3-P11_UTC190427174608\seg_024.png,24,24,25,0,,
utah_upper,FORGE_78-32_iDASv3-P11_UTC190427174608.sgy,0024_FORGE_78-32_iDASv3-P11_UTC190427174608\seg_025.png,25,25,26,0,,
utah_upper,FORGE_78-32_iDASv3-P11_UTC190427174608.sgy,0024_FORGE_78-32_iDASv3-P11_UTC190427174608\seg_026.png,26,26,27,0,,
utah_upper,FORGE_78-32_iDASv3-P11_UTC190427174608.sgy,0024_FORGE_78-32_iDASv3-P11_UTC190427174608\seg_027.png,27,27,28,0,,
utah_upper,FORGE_78-32_iDASv3-P11_UTC190427174608.sgy,0024_FORGE_78-32_iDASv3-P11_UTC190427174608\seg_028.png,28,28,29,0,,
utah_upper,FORGE_78-32_iDASv3-P11_UTC190427174608.sgy,0024_FORGE_78-32_iDASv3-P11_UTC190427174608\seg_029.png,29,29,30,0,,
utah_upper,FORGE_78-32_iDASv3-P11_UTC190427174753.sgy,0025_FORGE_78-32_iDASv3-P11_UTC190427174753\seg_000.png,0,0,1,0,,
utah_upper,FORGE_78-32_iDASv3-P11_UTC190427174753.sgy,0025_FORGE_78-32_iDASv3-P11_UTC190427174753\seg_001.png,1,1,2,0,,
utah_upper,FORGE_78-32_iDASv3-P11_UTC190427174753.sgy,0025_FORGE_78-32_iDASv3-P11_UTC190427174753\seg_002.png,2,2,3,0,,
utah_upper,FORGE_78-32_iDASv3-P11_UTC190427174753.sgy,0025_FORGE_78-32_iDASv3-P11_UTC190427174753\seg_003.png,3,3,4,0,,
utah_upper,FORGE_78-32_iDASv3-P11_UTC190427174753.sgy,0025_FORGE_78-32_iDASv3-P11_UTC190427174753\seg_004.png,4,4,5,0,,
utah_upper,FORGE_78-32_iDASv3-P11_UTC190427174753.sgy,0025_FORGE_78-32_iDASv3-P11_UTC190427174753\seg_005.png,5,5,6,0,,
utah_upper,FORGE_78-32_iDASv3-P11_UTC190427174753.sgy,0025_FORGE_78-32_iDASv3-P11_UTC190427174753\seg_006.png,6,6,7,0,,
utah_upper,FORGE_78-32_iDASv3-P11_UTC190427174753.sgy,0025_FORGE_78-32_iDASv3-P11_UTC190427174753\seg_007.png,7,7,8,0,,
utah_upper,FORGE_78-32_iDASv3-P11_UTC190427174753.sgy,0025_FORGE_78-32_iDASv3-P11_UTC190427174753\seg_008.png,8,8,9,0,,
utah_upper,FORGE_78-32_iDASv3-P11_UTC190427174753.sgy,0025_FORGE_78-32_iDASv3-P11_UTC190427174753\seg_009.png,9,9,10,0,,
utah_upper,FORGE_78-32_iDASv3-P11_UTC190427174753.sgy,0025_FORGE_78-32_iDASv3-P11_UTC190427174753\seg_010.png,10,10,11,0,,
utah_upper,FORGE_78-32_iDASv3-P11_UTC190427174753.sgy,0025_FORGE_78-32_iDASv3-P11_UTC190427174753\seg_011.png,11,11,12,0,,
utah_upper,FORGE_78-32_iDASv3-P11_UTC190427174753.sgy,0025_FORGE_78-32_iDASv3-P11_UTC190427174753\seg_012.png,12,12,13,0,,
utah_upper,FORGE_78-32_iDASv3-P11_UTC190427174753.sgy,0025_FORGE_78-32_iDASv3-P11_UTC190427174753\seg_013.png,13,13,14,0,,
utah_upper,FORGE_78-32_iDASv3-P11_UTC190427174753.sgy,0025_FORGE_78-32_iDASv3-P11_UTC190427174753\seg_014.png,14,14,15,0,,
utah_upper,FORGE_78-32_iDASv3-P11_UTC190427174753.sgy,0025_FORGE_78-32_iDASv3-P11_UTC190427174753\seg_015.png,15,15,16,0,,
utah_upper,FORGE_78-32_iDASv3-P11_UTC190427174753.sgy,0025_FORGE_78-32_iDASv3-P11_UTC190427174753\seg_016.png,16,16,17,0,,
utah_upper,FORGE_78-32_iDASv3-P11_UTC190427174753.sgy,0025_FORGE_78-32_iDASv3-P11_UTC190427174753\seg_017.png,17,17,18,0,,
utah_upper,FORGE_78-32_iDASv3-P11_UTC190427174753.sgy,0025_FORGE_78-32_iDASv3-P11_UTC190427174753\seg_018.png,18,18,19,0,,
utah_upper,FORGE_78-32_iDASv3-P11_UTC190427174753.sgy,0025_FORGE_78-32_iDASv3-P11_UTC190427174753\seg_019.png,19,19,20,0,,
utah_upper,FORGE_78-32_iDASv3-P11_UTC190427174753.sgy,0025_FORGE_78-32_iDASv3-P11_UTC190427174753\seg_020.png,20,20,21,0,,
utah_upper,FORGE_78-32_iDASv3-P11_UTC190427174753.sgy,0025_FORGE_78-32_iDASv3-P11_UTC190427174753\seg_021.png,21,21,22,0,,
utah_upper,FORGE_78-32_iDASv3-P11_UTC190427174753.sgy,0025_FORGE_78-32_iDASv3-P11_UTC190427174753\seg_022.png,22,22,23,0,,
utah_upper,FORGE_78-32_iDASv3-P11_UTC190427174753.sgy,0025_FORGE_78-32_iDASv3-P11_UTC190427174753\seg_023.png,23,23,24,0,,
utah_upper,FORGE_78-32_iDASv3-P11_UTC190427174753.sgy,0025_FORGE_78-32_iDASv3-P11_UTC190427174753\seg_024.png,24,24,25,0,,
utah_upper,FORGE_78-32_iDASv3-P11_UTC190427174753.sgy,0025_FORGE_78-32_iDASv3-P11_UTC190427174753\seg_025.png,25,25,26,0,,
utah_upper,FORGE_78-32_iDASv3-P11_UTC190427174753.sgy,0025_FORGE_78-32_iDASv3-P11_UTC190427174753\seg_026.png,26,26,27,0,,
utah_upper,FORGE_78-32_iDASv3-P11_UTC190427174753.sgy,0025_FORGE_78-32_iDASv3-P11_UTC190427174753\seg_027.png,27,27,28,0,,
utah_upper,FORGE_78-32_iDASv3-P11_UTC190427174753.sgy,0025_FORGE_78-32_iDASv3-P11_UTC190427174753\seg_028.png,28,28,29,0,,
utah_upper,FORGE_78-32_iDASv3-P11_UTC190427174753.sgy,0025_FORGE_78-32_iDASv3-P11_UTC190427174753\seg_029.png,29,29,30,0,,
utah_upper,FORGE_78-32_iDASv3-P11_UTC190427174923.sgy,0026_FORGE_78-32_iDASv3-P11_UTC190427174923\seg_000.png,0,0,1,0,,
utah_upper,FORGE_78-32_iDASv3-P11_UTC190427174923.sgy,0026_FORGE_78-32_iDASv3-P11_UTC190427174923\seg_001.png,1,1,2,0,,
utah_upper,FORGE_78-32_iDASv3-P11_UTC190427174923.sgy,0026_FORGE_78-32_iDASv3-P11_UTC190427174923\seg_002.png,2,2,3,0,,
utah_upper,FORGE_78-32_iDASv3-P11_UTC190427174923.sgy,0026_FORGE_78-32_iDASv3-P11_UTC190427174923\seg_003.png,3,3,4,0,,
utah_upper,FORGE_78-32_iDASv3-P11_UTC190427174923.sgy,0026_FORGE_78-32_iDASv3-P11_UTC190427174923\seg_004.png,4,4,5,0,,
utah_upper,FORGE_78-32_iDASv3-P11_UTC190427174923.sgy,0026_FORGE_78-32_iDASv3-P11_UTC190427174923\seg_005.png,5,5,6,0,,
utah_upper,FORGE_78-32_iDASv3-P11_UTC190427174923.sgy,0026_FORGE_78-32_iDASv3-P11_UTC190427174923\seg_006.png,6,6,7,0,,
utah_upper,FORGE_78-32_iDASv3-P11_UTC190427174923.sgy,0026_FORGE_78-32_iDASv3-P11_UTC190427174923\seg_007.png,7,7,8,0,,
utah_upper,FORGE_78-32_iDASv3-P11_UTC190427174923.sgy,0026_FORGE_78-32_iDASv3-P11_UTC190427174923\seg_008.png,8,8,9,0,,
utah_upper,FORGE_78-32_iDASv3-P11_UTC190427174923.sgy,0026_FORGE_78-32_iDASv3-P11_UTC190427174923\seg_009.png,9,9,10,0,,
utah_upper,FORGE_78-32_iDASv3-P11_UTC190427174923.sgy,0026_FORGE_78-32_iDASv3-P11_UTC190427174923\seg_010.png,10,10,11,0,,
utah_upper,FORGE_78-32_iDASv3-P11_UTC190427174923.sgy,0026_FORGE_78-32_iDASv3-P11_UTC190427174923\seg_011.png,11,11,12,0,,
utah_upper,FORGE_78-32_iDASv3-P11_UTC190427174923.sgy,0026_FORGE_78-32_iDASv3-P11_UTC190427174923\seg_012.png,12,12,13,0,,
utah_upper,FORGE_78-32_iDASv3-P11_UTC190427174923.sgy,0026_FORGE_78-32_iDASv3-P11_UTC190427174923\seg_013.png,13,13,14,0,,
utah_upper,FORGE_78-32_iDASv3-P11_UTC190427174923.sgy,0026_FORGE_78-32_iDASv3-P11_UTC190427174923\seg_014.png,14,14,15,0,,
utah_upper,FORGE_78-32_iDASv3-P11_UTC190427174923.sgy,0026_FORGE_78-32_iDASv3-P11_UTC190427174923\seg_015.png,15,15,16,0,,
utah_upper,FORGE_78-32_iDASv3-P11_UTC190427174923.sgy,0026_FORGE_78-32_iDASv3-P11_UTC190427174923\seg_016.png,16,16,17,0,,
utah_upper,FORGE_78-32_iDASv3-P11_UTC190427174923.sgy,0026_FORGE_78-32_iDASv3-P11_UTC190427174923\seg_017.png,17,17,18,0,,
utah_upper,FORGE_78-32_iDASv3-P11_UTC190427174923.sgy,0026_FORGE_78-32_iDASv3-P11_UTC190427174923\seg_018.png,18,18,19,0,,
utah_upper,FORGE_78-32_iDASv3-P11_UTC190427174923.sgy,0026_FORGE_78-32_iDASv3-P11_UTC190427174923\seg_019.png,19,19,20,0,,
utah_upper,FORGE_78-32_iDASv3-P11_UTC190427174923.sgy,0026_FORGE_78-32_iDASv3-P11_UTC190427174923\seg_020.png,20,20,21,0,,
utah_upper,FORGE_78-32_iDASv3-P11_UTC190427174923.sgy,0026_FORGE_78-32_iDASv3-P11_UTC190427174923\seg_021.png,21,21,22,0,,
utah_upper,FORGE_78-32_iDASv3-P11_UTC190427174923.sgy,0026_FORGE_78-32_iDASv3-P11_UTC190427174923\seg_022.png,22,22,23,0,,
utah_upper,FORGE_78-32_iDASv3-P11_UTC190427174923.sgy,0026_FORGE_78-32_iDASv3-P11_UTC190427174923\seg_023.png,23,23,24,0,,
utah_upper,FORGE_78-32_iDASv3-P11_UTC190427174923.sgy,0026_FORGE_78-32_iDASv3-P11_UTC190427174923\seg_024.png,24,24,25,0,,
utah_upper,FORGE_78-32_iDASv3-P11_UTC190427174923.sgy,0026_FORGE_78-32_iDASv3-P11_UTC190427174923\seg_025.png,25,25,26,0,,
utah_upper,FORGE_78-32_iDASv3-P11_UTC190427174923.sgy,0026_FORGE_78-32_iDASv3-P11_UTC190427174923\seg_026.png,26,26,27,0,,
utah_upper,FORGE_78-32_iDASv3-P11_UTC190427174923.sgy,0026_FORGE_78-32_iDASv3-P11_UTC190427174923\seg_027.png,27,27,28,0,,
utah_upper,FORGE_78-32_iDASv3-P11_UTC190427174923.sgy,0026_FORGE_78-32_iDASv3-P11_UTC190427174923\seg_028.png,28,28,29,0,,
utah_upper,FORGE_78-32_iDASv3-P11_UTC190427174923.sgy,0026_FORGE_78-32_iDASv3-P11_UTC190427174923\seg_029.png,29,29,30,0,,
utah_upper,FORGE_78-32_iDASv3-P11_UTC190427175023.sgy,0027_FORGE_78-32_iDASv3-P11_UTC190427175023\seg_000.png,0,0,1,0,,
utah_upper,FORGE_78-32_iDASv3-P11_UTC190427175023.sgy,0027_FORGE_78-32_iDASv3-P11_UTC190427175023\seg_001.png,1,1,2,0,,
utah_upper,FORGE_78-32_iDASv3-P11_UTC190427175023.sgy,0027_FORGE_78-32_iDASv3-P11_UTC190427175023\seg_002.png,2,2,3,0,,
utah_upper,FORGE_78-32_iDASv3-P11_UTC190427175023.sgy,0027_FORGE_78-32_iDASv3-P11_UTC190427175023\seg_003.png,3,3,4,0,,
utah_upper,FORGE_78-32_iDASv3-P11_UTC190427175023.sgy,0027_FORGE_78-32_iDASv3-P11_UTC190427175023\seg_004.png,4,4,5,0,,
utah_upper,FORGE_78-32_iDASv3-P11_UTC190427175023.sgy,0027_FORGE_78-32_iDASv3-P11_UTC190427175023\seg_005.png,5,5,6,0,,
utah_upper,FORGE_78-32_iDASv3-P11_UTC190427175023.sgy,0027_FORGE_78-32_iDASv3-P11_UTC190427175023\seg_006.png,6,6,7,0,,
utah_upper,FORGE_78-32_iDASv3-P11_UTC190427175023.sgy,0027_FORGE_78-32_iDASv3-P11_UTC190427175023\seg_007.png,7,7,8,0,,
utah_upper,FORGE_78-32_iDASv3-P11_UTC190427175023.sgy,0027_FORGE_78-32_iDASv3-P11_UTC190427175023\seg_008.png,8,8,9,0,,
utah_upper,FORGE_78-32_iDASv3-P11_UTC190427175023.sgy,0027_FORGE_78-32_iDASv3-P11_UTC190427175023\seg_009.png,9,9,10,0,,
utah_upper,FORGE_78-32_iDASv3-P11_UTC190427175023.sgy,0027_FORGE_78-32_iDASv3-P11_UTC190427175023\seg_010.png,10,10,11,0,,
utah_upper,FORGE_78-32_iDASv3-P11_UTC190427175023.sgy,0027_FORGE_78-32_iDASv3-P11_UTC190427175023\seg_011.png,11,11,12,0,,
utah_upper,FORGE_78-32_iDASv3-P11_UTC190427175023.sgy,0027_FORGE_78-32_iDASv3-P11_UTC190427175023\seg_012.png,12,12,13,0,,
utah_upper,FORGE_78-32_iDASv3-P11_UTC190427175023.sgy,0027_FORGE_78-32_iDASv3-P11_UTC190427175023\seg_013.png,13,13,14,0,,
utah_upper,FORGE_78-32_iDASv3-P11_UTC190427175023.sgy,0027_FORGE_78-32_iDASv3-P11_UTC190427175023\seg_014.png,14,14,15,0,,
utah_upper,FORGE_78-32_iDASv3-P11_UTC190427175023.sgy,0027_FORGE_78-32_iDASv3-P11_UTC190427175023\seg_015.png,15,15,16,0,,
utah_upper,FORGE_78-32_iDASv3-P11_UTC190427175023.sgy,0027_FORGE_78-32_iDASv3-P11_UTC190427175023\seg_016.png,16,16,17,0,,
utah_upper,FORGE_78-32_iDASv3-P11_UTC190427175023.sgy,0027_FORGE_78-32_iDASv3-P11_UTC190427175023\seg_017.png,17,17,18,0,,
utah_upper,FORGE_78-32_iDASv3-P11_UTC190427175023.sgy,0027_FORGE_78-32_iDASv3-P11_UTC190427175023\seg_018.png,18,18,19,0,,
utah_upper,FORGE_78-32_iDASv3-P11_UTC190427175023.sgy,0027_FORGE_78-32_iDASv3-P11_UTC190427175023\seg_019.png,19,19,20,0,,
utah_upper,FORGE_78-32_iDASv3-P11_UTC190427175023.sgy,0027_FORGE_78-32_iDASv3-P11_UTC190427175023\seg_020.png,20,20,21,0,,
utah_upper,FORGE_78-32_iDASv3-P11_UTC190427175023.sgy,0027_FORGE_78-32_iDASv3-P11_UTC190427175023\seg_021.png,21,21,22,0,,
utah_upper,FORGE_78-32_iDASv3-P11_UTC190427175023.sgy,0027_FORGE_78-32_iDASv3-P11_UTC190427175023\seg_022.png,22,22,23,0,,
utah_upper,FORGE_78-32_iDASv3-P11_UTC190427175023.sgy,0027_FORGE_78-32_iDASv3-P11_UTC190427175023\seg_023.png,23,23,24,0,,
utah_upper,FORGE_78-32_iDASv3-P11_UTC190427175023.sgy,0027_FORGE_78-32_iDASv3-P11_UTC190427175023\seg_024.png,24,24,25,0,,
utah_upper,FORGE_78-32_iDASv3-P11_UTC190427175023.sgy,0027_FORGE_78-32_iDASv3-P11_UTC190427175023\seg_025.png,25,25,26,0,,
utah_upper,FORGE_78-32_iDASv3-P11_UTC190427175023.sgy,0027_FORGE_78-32_iDASv3-P11_UTC190427175023\seg_026.png,26,26,27,0,,
utah_upper,FORGE_78-32_iDASv3-P11_UTC190427175023.sgy,0027_FORGE_78-32_iDASv3-P11_UTC190427175023\seg_027.png,27,27,28,0,,
utah_upper,FORGE_78-32_iDASv3-P11_UTC190427175023.sgy,0027_FORGE_78-32_iDASv3-P11_UTC190427175023\seg_028.png,28,28,29,0,,
utah_upper,FORGE_78-32_iDASv3-P11_UTC190427175023.sgy,0027_FORGE_78-32_iDASv3-P11_UTC190427175023\seg_029.png,29,29,30,0,,
utah_upper,FORGE_78-32_iDASv3-P11_UTC190427175038.sgy,0028_FORGE_78-32_iDASv3-P11_UTC190427175038\seg_000.png,0,0,1,0,,
utah_upper,FORGE_78-32_iDASv3-P11_UTC190427175038.sgy,0028_FORGE_78-32_iDASv3-P11_UTC190427175038\seg_001.png,1,1,2,0,,
utah_upper,FORGE_78-32_iDASv3-P11_UTC190427175038.sgy,0028_FORGE_78-32_iDASv3-P11_UTC190427175038\seg_002.png,2,2,3,0,,
utah_upper,FORGE_78-32_iDASv3-P11_UTC190427175038.sgy,0028_FORGE_78-32_iDASv3-P11_UTC190427175038\seg_003.png,3,3,4,0,,
utah_upper,FORGE_78-32_iDASv3-P11_UTC190427175038.sgy,0028_FORGE_78-32_iDASv3-P11_UTC190427175038\seg_004.png,4,4,5,0,,
utah_upper,FORGE_78-32_iDASv3-P11_UTC190427175038.sgy,0028_FORGE_78-32_iDASv3-P11_UTC190427175038\seg_005.png,5,5,6,0,,
utah_upper,FORGE_78-32_iDASv3-P11_UTC190427175038.sgy,0028_FORGE_78-32_iDASv3-P11_UTC190427175038\seg_006.png,6,6,7,0,,
utah_upper,FORGE_78-32_iDASv3-P11_UTC190427175038.sgy,0028_FORGE_78-32_iDASv3-P11_UTC190427175038\seg_007.png,7,7,8,0,,
utah_upper,FORGE_78-32_iDASv3-P11_UTC190427175038.sgy,0028_FORGE_78-32_iDASv3-P11_UTC190427175038\seg_008.png,8,8,9,0,,
utah_upper,FORGE_78-32_iDASv3-P11_UTC190427175038.sgy,0028_FORGE_78-32_iDASv3-P11_UTC190427175038\seg_009.png,9,9,10,0,,
utah_upper,FORGE_78-32_iDASv3-P11_UTC190427175038.sgy,0028_FORGE_78-32_iDASv3-P11_UTC190427175038\seg_010.png,10,10,11,0,,
utah_upper,FORGE_78-32_iDASv3-P11_UTC190427175038.sgy,0028_FORGE_78-32_iDASv3-P11_UTC190427175038\seg_011.png,11,11,12,0,,
utah_upper,FORGE_78-32_iDASv3-P11_UTC190427175038.sgy,0028_FORGE_78-32_iDASv3-P11_UTC190427175038\seg_012.png,12,12,13,0,,
utah_upper,FORGE_78-32_iDASv3-P11_UTC190427175038.sgy,0028_FORGE_78-32_iDASv3-P11_UTC190427175038\seg_013.png,13,13,14,0,,
utah_upper,FORGE_78-32_iDASv3-P11_UTC190427175038.sgy,0028_FORGE_78-32_iDASv3-P11_UTC190427175038\seg_014.png,14,14,15,0,,
utah_upper,FORGE_78-32_iDASv3-P11_UTC190427175038.sgy,0028_FORGE_78-32_iDASv3-P11_UTC190427175038\seg_015.png,15,15,16,0,,
utah_upper,FORGE_78-32_iDASv3-P11_UTC190427175038.sgy,0028_FORGE_78-32_iDASv3-P11_UTC190427175038\seg_016.png,16,16,17,0,,
utah_upper,FORGE_78-32_iDASv3-P11_UTC190427175038.sgy,0028_FORGE_78-32_iDASv3-P11_UTC190427175038\seg_017.png,17,17,18,0,,
utah_upper,FORGE_78-32_iDASv3-P11_UTC190427175038.sgy,0028_FORGE_78-32_iDASv3-P11_UTC190427175038\seg_018.png,18,18,19,0,,
utah_upper,FORGE_78-32_iDASv3-P11_UTC190427175038.sgy,0028_FORGE_78-32_iDASv3-P11_UTC190427175038\seg_019.png,19,19,20,0,,
utah_upper,FORGE_78-32_iDASv3-P11_UTC190427175038.sgy,0028_FORGE_78-32_iDASv3-P11_UTC190427175038\seg_020.png,20,20,21,0,,
utah_upper,FORGE_78-32_iDASv3-P11_UTC190427175038.sgy,0028_FORGE_78-32_iDASv3-P11_UTC190427175038\seg_021.png,21,21,22,0,,
utah_upper,FORGE_78-32_iDASv3-P11_UTC190427175038.sgy,0028_FORGE_78-32_iDASv3-P11_UTC190427175038\seg_022.png,22,22,23,0,,
utah_upper,FORGE_78-32_iDASv3-P11_UTC190427175038.sgy,0028_FORGE_78-32_iDASv3-P11_UTC190427175038\seg_023.png,23,23,24,0,,
utah_upper,FORGE_78-32_iDASv3-P11_UTC190427175038.sgy,0028_FORGE_78-32_iDASv3-P11_UTC190427175038\seg_024.png,24,24,25,0,,
utah_upper,FORGE_78-32_iDASv3-P11_UTC190427175038.sgy,0028_FORGE_78-32_iDASv3-P11_UTC190427175038\seg_025.png,25,25,26,0,,
utah_upper,FORGE_78-32_iDASv3-P11_UTC190427175038.sgy,0028_FORGE_78-32_iDASv3-P11_UTC190427175038\seg_026.png,26,26,27,0,,
utah_upper,FORGE_78-32_iDASv3-P11_UTC190427175038.sgy,0028_FORGE_78-32_iDASv3-P11_UTC190427175038\seg_027.png,27,27,28,0,,
utah_upper,FORGE_78-32_iDASv3-P11_UTC190427175038.sgy,0028_FORGE_78-32_iDASv3-P11_UTC190427175038\seg_028.png,28,28,29,0,,
utah_upper,FORGE_78-32_iDASv3-P11_UTC190427175038.sgy,0028_FORGE_78-32_iDASv3-P11_UTC190427175038\seg_029.png,29,29,30,0,,
utah_upper,FORGE_78-32_iDASv3-P11_UTC190427175108.sgy,0029_FORGE_78-32_iDASv3-P11_UTC190427175108\seg_000.png,0,0,1,0,,
utah_upper,FORGE_78-32_iDASv3-P11_UTC190427175108.sgy,0029_FORGE_78-32_iDASv3-P11_UTC190427175108\seg_001.png,1,1,2,0,,
utah_upper,FORGE_78-32_iDASv3-P11_UTC190427175108.sgy,0029_FORGE_78-32_iDASv3-P11_UTC190427175108\seg_002.png,2,2,3,0,,
utah_upper,FORGE_78-32_iDASv3-P11_UTC190427175108.sgy,0029_FORGE_78-32_iDASv3-P11_UTC190427175108\seg_003.png,3,3,4,0,,
utah_upper,FORGE_78-32_iDASv3-P11_UTC190427175108.sgy,0029_FORGE_78-32_iDASv3-P11_UTC190427175108\seg_004.png,4,4,5,0,,
utah_upper,FORGE_78-32_iDASv3-P11_UTC190427175108.sgy,0029_FORGE_78-32_iDASv3-P11_UTC190427175108\seg_005.png,5,5,6,0,,
utah_upper,FORGE_78-32_iDASv3-P11_UTC190427175108.sgy,0029_FORGE_78-32_iDASv3-P11_UTC190427175108\seg_006.png,6,6,7,0,,
utah_upper,FORGE_78-32_iDASv3-P11_UTC190427175108.sgy,0029_FORGE_78-32_iDASv3-P11_UTC190427175108\seg_007.png,7,7,8,0,,
utah_upper,FORGE_78-32_iDASv3-P11_UTC190427175108.sgy,0029_FORGE_78-32_iDASv3-P11_UTC190427175108\seg_008.png,8,8,9,0,,
utah_upper,FORGE_78-32_iDASv3-P11_UTC190427175108.sgy,0029_FORGE_78-32_iDASv3-P11_UTC190427175108\seg_009.png,9,9,10,0,,
utah_upper,FORGE_78-32_iDASv3-P11_UTC190427175108.sgy,0029_FORGE_78-32_iDASv3-P11_UTC190427175108\seg_010.png,10,10,11,0,,
utah_upper,FORGE_78-32_iDASv3-P11_UTC190427175108.sgy,0029_FORGE_78-32_iDASv3-P11_UTC190427175108\seg_011.png,11,11,12,0,,
utah_upper,FORGE_78-32_iDASv3-P11_UTC190427175108.sgy,0029_FORGE_78-32_iDASv3-P11_UTC190427175108\seg_012.png,12,12,13,0,,
utah_upper,FORGE_78-32_iDASv3-P11_UTC190427175108.sgy,0029_FORGE_78-32_iDASv3-P11_UTC190427175108\seg_013.png,13,13,14,0,,
utah_upper,FORGE_78-32_iDASv3-P11_UTC190427175108.sgy,0029_FORGE_78-32_iDASv3-P11_UTC190427175108\seg_014.png,14,14,15,0,,
utah_upper,FORGE_78-32_iDASv3-P11_UTC190427175108.sgy,0029_FORGE_78-32_iDASv3-P11_UTC190427175108\seg_015.png,15,15,16,0,,
utah_upper,FORGE_78-32_iDASv3-P11_UTC190427175108.sgy,0029_FORGE_78-32_iDASv3-P11_UTC190427175108\seg_016.png,16,16,17,0,,
utah_upper,FORGE_78-32_iDASv3-P11_UTC190427175108.sgy,0029_FORGE_78-32_iDASv3-P11_UTC190427175108\seg_017.png,17,17,18,0,,
utah_upper,FORGE_78-32_iDASv3-P11_UTC190427175108.sgy,0029_FORGE_78-32_iDASv3-P11_UTC190427175108\seg_018.png,18,18,19,0,,
utah_upper,FORGE_78-32_iDASv3-P11_UTC190427175108.sgy,0029_FORGE_78-32_iDASv3-P11_UTC190427175108\seg_019.png,19,19,20,1,,
utah_upper,FORGE_78-32_iDASv3-P11_UTC190427175108.sgy,0029_FORGE_78-32_iDASv3-P11_UTC190427175108\seg_020.png,20,20,21,0,,
utah_upper,FORGE_78-32_iDASv3-P11_UTC190427175108.sgy,0029_FORGE_78-32_iDASv3-P11_UTC190427175108\seg_021.png,21,21,22,0,,
utah_upper,FORGE_78-32_iDASv3-P11_UTC190427175108.sgy,0029_FORGE_78-32_iDASv3-P11_UTC190427175108\seg_022.png,22,22,23,0,,
utah_upper,FORGE_78-32_iDASv3-P11_UTC190427175108.sgy,0029_FORGE_78-32_iDASv3-P11_UTC190427175108\seg_023.png,23,23,24,0,,
utah_upper,FORGE_78-32_iDASv3-P11_UTC190427175108.sgy,0029_FORGE_78-32_iDASv3-P11_UTC190427175108\seg_024.png,24,24,25,0,,
utah_upper,FORGE_78-32_iDASv3-P11_UTC190427175108.sgy,0029_FORGE_78-32_iDASv3-P11_UTC190427175108\seg_025.png,25,25,26,0,,
utah_upper,FORGE_78-32_iDASv3-P11_UTC190427175108.sgy,0029_FORGE_78-32_iDASv3-P11_UTC190427175108\seg_026.png,26,26,27,0,,
utah_upper,FORGE_78-32_iDASv3-P11_UTC190427175108.sgy,0029_FORGE_78-32_iDASv3-P11_UTC190427175108\seg_027.png,27,27,28,0,,
utah_upper,FORGE_78-32_iDASv3-P11_UTC190427175108.sgy,0029_FORGE_78-32_iDASv3-P11_UTC190427175108\seg_028.png,28,28,29,0,,
utah_upper,FORGE_78-32_iDASv3-P11_UTC190427175108.sgy,0029_FORGE_78-32_iDASv3-P11_UTC190427175108\seg_029.png,29,29,30,0,,
utah_upper,FORGE_78-32_iDASv3-P11_UTC190427175123.sgy,0030_FORGE_78-32_iDASv3-P11_UTC190427175123\seg_000.png,0,0,1,0,,
utah_upper,FORGE_78-32_iDASv3-P11_UTC190427175123.sgy,0030_FORGE_78-32_iDASv3-P11_UTC190427175123\seg_001.png,1,1,2,0,,
utah_upper,FORGE_78-32_iDASv3-P11_UTC190427175123.sgy,0030_FORGE_78-32_iDASv3-P11_UTC190427175123\seg_002.png,2,2,3,0,,
utah_upper,FORGE_78-32_iDASv3-P11_UTC190427175123.sgy,0030_FORGE_78-32_iDASv3-P11_UTC190427175123\seg_003.png,3,3,4,0,,
utah_upper,FORGE_78-32_iDASv3-P11_UTC190427175123.sgy,0030_FORGE_78-32_iDASv3-P11_UTC190427175123\seg_004.png,4,4,5,0,,
utah_upper,FORGE_78-32_iDASv3-P11_UTC190427175123.sgy,0030_FORGE_78-32_iDASv3-P11_UTC190427175123\seg_005.png,5,5,6,0,,
utah_upper,FORGE_78-32_iDASv3-P11_UTC190427175123.sgy,0030_FORGE_78-32_iDASv3-P11_UTC190427175123\seg_006.png,6,6,7,0,,
utah_upper,FORGE_78-32_iDASv3-P11_UTC190427175123.sgy,0030_FORGE_78-32_iDASv3-P11_UTC190427175123\seg_007.png,7,7,8,0,,
utah_upper,FORGE_78-32_iDASv3-P11_UTC190427175123.sgy,0030_FORGE_78-32_iDASv3-P11_UTC190427175123\seg_008.png,8,8,9,0,,
utah_upper,FORGE_78-32_iDASv3-P11_UTC190427175123.sgy,0030_FORGE_78-32_iDASv3-P11_UTC190427175123\seg_009.png,9,9,10,0,,
utah_upper,FORGE_78-32_iDASv3-P11_UTC190427175123.sgy,0030_FORGE_78-32_iDASv3-P11_UTC190427175123\seg_010.png,10,10,11,0,,
utah_upper,FORGE_78-32_iDASv3-P11_UTC190427175123.sgy,0030_FORGE_78-32_iDASv3-P11_UTC190427175123\seg_011.png,11,11,12,0,,
utah_upper,FORGE_78-32_iDASv3-P11_UTC190427175123.sgy,0030_FORGE_78-32_iDASv3-P11_UTC190427175123\seg_012.png,12,12,13,0,,
utah_upper,FORGE_78-32_iDASv3-P11_UTC190427175123.sgy,0030_FORGE_78-32_iDASv3-P11_UTC190427175123\seg_013.png,13,13,14,0,,
utah_upper,FORGE_78-32_iDASv3-P11_UTC190427175123.sgy,0030_FORGE_78-32_iDASv3-P11_UTC190427175123\seg_014.png,14,14,15,0,,
utah_upper,FORGE_78-32_iDASv3-P11_UTC190427175123.sgy,0030_FORGE_78-32_iDASv3-P11_UTC190427175123\seg_015.png,15,15,16,1,,
utah_upper,FORGE_78-32_iDASv3-P11_UTC190427175123.sgy,0030_FORGE_78-32_iDASv3-P11_UTC190427175123\seg_016.png,16,16,17,1,,
utah_upper,FORGE_78-32_iDASv3-P11_UTC190427175123.sgy,0030_FORGE_78-32_iDASv3-P11_UTC190427175123\seg_017.png,17,17,18,0,,
utah_upper,FORGE_78-32_iDASv3-P11_UTC190427175123.sgy,0030_FORGE_78-32_iDASv3-P11_UTC190427175123\seg_018.png,18,18,19,0,,
utah_upper,FORGE_78-32_iDASv3-P11_UTC190427175123.sgy,0030_FORGE_78-32_iDASv3-P11_UTC190427175123\seg_019.png,19,19,20,0,,
utah_upper,FORGE_78-32_iDASv3-P11_UTC190427175123.sgy,0030_FORGE_78-32_iDASv3-P11_UTC190427175123\seg_020.png,20,20,21,0,,
utah_upper,FORGE_78-32_iDASv3-P11_UTC190427175123.sgy,0030_FORGE_78-32_iDASv3-P11_UTC190427175123\seg_021.png,21,21,22,0,,
utah_upper,FORGE_78-32_iDASv3-P11_UTC190427175123.sgy,0030_FORGE_78-32_iDASv3-P11_UTC190427175123\seg_022.png,22,22,23,0,,
utah_upper,FORGE_78-32_iDASv3-P11_UTC190427175123.sgy,0030_FORGE_78-32_iDASv3-P11_UTC190427175123\seg_023.png,23,23,24,0,,
utah_upper,FORGE_78-32_iDASv3-P11_UTC190427175123.sgy,0030_FORGE_78-32_iDASv3-P11_UTC190427175123\seg_024.png,24,24,25,0,,
utah_upper,FORGE_78-32_iDASv3-P11_UTC190427175123.sgy,0030_FORGE_78-32_iDASv3-P11_UTC190427175123\seg_025.png,25,25,26,0,,
utah_upper,FORGE_78-32_iDASv3-P11_UTC190427175123.sgy,0030_FORGE_78-32_iDASv3-P11_UTC190427175123\seg_026.png,26,26,27,0,,
utah_upper,FORGE_78-32_iDASv3-P11_UTC190427175123.sgy,0030_FORGE_78-32_iDASv3-P11_UTC190427175123\seg_027.png,27,27,28,0,,
utah_upper,FORGE_78-32_iDASv3-P11_UTC190427175123.sgy,0030_FORGE_78-32_iDASv3-P11_UTC190427175123\seg_028.png,28,28,29,0,,
utah_upper,FORGE_78-32_iDASv3-P11_UTC190427175123.sgy,0030_FORGE_78-32_iDASv3-P11_UTC190427175123\seg_029.png,29,29,30,0,,
utah_upper,FORGE_78-32_iDASv3-P11_UTC190427175438.sgy,0031_FORGE_78-32_iDASv3-P11_UTC190427175438\seg_000.png,0,0,1,0,,
utah_upper,FORGE_78-32_iDASv3-P11_UTC190427175438.sgy,0031_FORGE_78-32_iDASv3-P11_UTC190427175438\seg_001.png,1,1,2,0,,
utah_upper,FORGE_78-32_iDASv3-P11_UTC190427175438.sgy,0031_FORGE_78-32_iDASv3-P11_UTC190427175438\seg_002.png,2,2,3,0,,
utah_upper,FORGE_78-32_iDASv3-P11_UTC190427175438.sgy,0031_FORGE_78-32_iDASv3-P11_UTC190427175438\seg_003.png,3,3,4,0,,
utah_upper,FORGE_78-32_iDASv3-P11_UTC190427175438.sgy,0031_FORGE_78-32_iDASv3-P11_UTC190427175438\seg_004.png,4,4,5,0,,
utah_upper,FORGE_78-32_iDASv3-P11_UTC190427175438.sgy,0031_FORGE_78-32_iDASv3-P11_UTC190427175438\seg_005.png,5,5,6,0,,
utah_upper,FORGE_78-32_iDASv3-P11_UTC190427175438.sgy,0031_FORGE_78-32_iDASv3-P11_UTC190427175438\seg_006.png,6,6,7,0,,
utah_upper,FORGE_78-32_iDASv3-P11_UTC190427175438.sgy,0031_FORGE_78-32_iDASv3-P11_UTC190427175438\seg_007.png,7,7,8,0,,
utah_upper,FORGE_78-32_iDASv3-P11_UTC190427175438.sgy,0031_FORGE_78-32_iDASv3-P11_UTC190427175438\seg_008.png,8,8,9,0,,
utah_upper,FORGE_78-32_iDASv3-P11_UTC190427175438.sgy,0031_FORGE_78-32_iDASv3-P11_UTC190427175438\seg_009.png,9,9,10,0,,
utah_upper,FORGE_78-32_iDASv3-P11_UTC190427175438.sgy,0031_FORGE_78-32_iDASv3-P11_UTC190427175438\seg_010.png,10,10,11,0,,
utah_upper,FORGE_78-32_iDASv3-P11_UTC190427175438.sgy,0031_FORGE_78-32_iDASv3-P11_UTC190427175438\seg_011.png,11,11,12,0,,
utah_upper,FORGE_78-32_iDASv3-P11_UTC190427175438.sgy,0031_FORGE_78-32_iDASv3-P11_UTC190427175438\seg_012.png,12,12,13,0,,
utah_upper,FORGE_78-32_iDASv3-P11_UTC190427175438.sgy,0031_FORGE_78-32_iDASv3-P11_UTC190427175438\seg_013.png,13,13,14,0,,
utah_upper,FORGE_78-32_iDASv3-P11_UTC190427175438.sgy,0031_FORGE_78-32_iDASv3-P11_UTC190427175438\seg_014.png,14,14,15,0,,
utah_upper,FORGE_78-32_iDASv3-P11_UTC190427175438.sgy,0031_FORGE_78-32_iDASv3-P11_UTC190427175438\seg_015.png,15,15,16,0,,
utah_upper,FORGE_78-32_iDASv3-P11_UTC190427175438.sgy,0031_FORGE_78-32_iDASv3-P11_UTC190427175438\seg_016.png,16,16,17,0,,
utah_upper,FORGE_78-32_iDASv3-P11_UTC190427175438.sgy,0031_FORGE_78-32_iDASv3-P11_UTC190427175438\seg_017.png,17,17,18,0,,
utah_upper,FORGE_78-32_iDASv3-P11_UTC190427175438.sgy,0031_FORGE_78-32_iDASv3-P11_UTC190427175438\seg_018.png,18,18,19,0,,
utah_upper,FORGE_78-32_iDASv3-P11_UTC190427175438.sgy,0031_FORGE_78-32_iDASv3-P11_UTC190427175438\seg_019.png,19,19,20,0,,
utah_upper,FORGE_78-32_iDASv3-P11_UTC190427175438.sgy,0031_FORGE_78-32_iDASv3-P11_UTC190427175438\seg_020.png,20,20,21,0,,
utah_upper,FORGE_78-32_iDASv3-P11_UTC190427175438.sgy,0031_FORGE_78-32_iDASv3-P11_UTC190427175438\seg_021.png,21,21,22,0,,
utah_upper,FORGE_78-32_iDASv3-P11_UTC190427175438.sgy,0031_FORGE_78-32_iDASv3-P11_UTC190427175438\seg_022.png,22,22,23,0,,
utah_upper,FORGE_78-32_iDASv3-P11_UTC190427175438.sgy,0031_FORGE_78-32_iDASv3-P11_UTC190427175438\seg_023.png,23,23,24,0,,
utah_upper,FORGE_78-32_iDASv3-P11_UTC190427175438.sgy,0031_FORGE_78-32_iDASv3-P11_UTC190427175438\seg_024.png,24,24,25,0,,
utah_upper,FORGE_78-32_iDASv3-P11_UTC190427175438.sgy,0031_FORGE_78-32_iDASv3-P11_UTC190427175438\seg_025.png,25,25,26,0,,
utah_upper,FORGE_78-32_iDASv3-P11_UTC190427175438.sgy,0031_FORGE_78-32_iDASv3-P11_UTC190427175438\seg_026.png,26,26,27,0,,
utah_upper,FORGE_78-32_iDASv3-P11_UTC190427175438.sgy,0031_FORGE_78-32_iDASv3-P11_UTC190427175438\seg_027.png,27,27,28,0,,
utah_upper,FORGE_78-32_iDASv3-P11_UTC190427175438.sgy,0031_FORGE_78-32_iDASv3-P11_UTC190427175438\seg_028.png,28,28,29,0,,
utah_upper,FORGE_78-32_iDASv3-P11_UTC190427175438.sgy,0031_FORGE_78-32_iDASv3-P11_UTC190427175438\seg_029.png,29,29,30,0,,
utah_upper,FORGE_78-32_iDASv3-P11_UTC190427175823.sgy,0032_FORGE_78-32_iDASv3-P11_UTC190427175823\seg_000.png,0,0,1,0,,
utah_upper,FORGE_78-32_iDASv3-P11_UTC190427175823.sgy,0032_FORGE_78-32_iDASv3-P11_UTC190427175823\seg_001.png,1,1,2,0,,
utah_upper,FORGE_78-32_iDASv3-P11_UTC190427175823.sgy,0032_FORGE_78-32_iDASv3-P11_UTC190427175823\seg_002.png,2,2,3,0,,
utah_upper,FORGE_78-32_iDASv3-P11_UTC190427175823.sgy,0032_FORGE_78-32_iDASv3-P11_UTC190427175823\seg_003.png,3,3,4,0,,
utah_upper,FORGE_78-32_iDASv3-P11_UTC190427175823.sgy,0032_FORGE_78-32_iDASv3-P11_UTC190427175823\seg_004.png,4,4,5,0,,
utah_upper,FORGE_78-32_iDASv3-P11_UTC190427175823.sgy,0032_FORGE_78-32_iDASv3-P11_UTC190427175823\seg_005.png,5,5,6,0,,
utah_upper,FORGE_78-32_iDASv3-P11_UTC190427175823.sgy,0032_FORGE_78-32_iDASv3-P11_UTC190427175823\seg_006.png,6,6,7,0,,
utah_upper,FORGE_78-32_iDASv3-P11_UTC190427175823.sgy,0032_FORGE_78-32_iDASv3-P11_UTC190427175823\seg_007.png,7,7,8,0,,
utah_upper,FORGE_78-32_iDASv3-P11_UTC190427175823.sgy,0032_FORGE_78-32_iDASv3-P11_UTC190427175823\seg_008.png,8,8,9,0,,
utah_upper,FORGE_78-32_iDASv3-P11_UTC190427175823.sgy,0032_FORGE_78-32_iDASv3-P11_UTC190427175823\seg_009.png,9,9,10,0,,
utah_upper,FORGE_78-32_iDASv3-P11_UTC190427175823.sgy,0032_FORGE_78-32_iDASv3-P11_UTC190427175823\seg_010.png,10,10,11,0,,
utah_upper,FORGE_78-32_iDASv3-P11_UTC190427175823.sgy,0032_FORGE_78-32_iDASv3-P11_UTC190427175823\seg_011.png,11,11,12,0,,
utah_upper,FORGE_78-32_iDASv3-P11_UTC190427175823.sgy,0032_FORGE_78-32_iDASv3-P11_UTC190427175823\seg_012.png,12,12,13,0,,
utah_upper,FORGE_78-32_iDASv3-P11_UTC190427175823.sgy,0032_FORGE_78-32_iDASv3-P11_UTC190427175823\seg_013.png,13,13,14,0,,
utah_upper,FORGE_78-32_iDASv3-P11_UTC190427175823.sgy,0032_FORGE_78-32_iDASv3-P11_UTC190427175823\seg_014.png,14,14,15,0,,
utah_upper,FORGE_78-32_iDASv3-P11_UTC190427175823.sgy,0032_FORGE_78-32_iDASv3-P11_UTC190427175823\seg_015.png,15,15,16,0,,
utah_upper,FORGE_78-32_iDASv3-P11_UTC190427175823.sgy,0032_FORGE_78-32_iDASv3-P11_UTC190427175823\seg_016.png,16,16,17,0,,
utah_upper,FORGE_78-32_iDASv3-P11_UTC190427175823.sgy,0032_FORGE_78-32_iDASv3-P11_UTC190427175823\seg_017.png,17,17,18,0,,
utah_upper,FORGE_78-32_iDASv3-P11_UTC190427175823.sgy,0032_FORGE_78-32_iDASv3-P11_UTC190427175823\seg_018.png,18,18,19,0,,
utah_upper,FORGE_78-32_iDASv3-P11_UTC190427175823.sgy,0032_FORGE_78-32_iDASv3-P11_UTC190427175823\seg_019.png,19,19,20,0,,
utah_upper,FORGE_78-32_iDASv3-P11_UTC190427175823.sgy,0032_FORGE_78-32_iDASv3-P11_UTC190427175823\seg_020.png,20,20,21,0,,
utah_upper,FORGE_78-32_iDASv3-P11_UTC190427175823.sgy,0032_FORGE_78-32_iDASv3-P11_UTC190427175823\seg_021.png,21,21,22,0,,
utah_upper,FORGE_78-32_iDASv3-P11_UTC190427175823.sgy,0032_FORGE_78-32_iDASv3-P11_UTC190427175823\seg_022.png,22,22,23,0,,
utah_upper,FORGE_78-32_iDASv3-P11_UTC190427175823.sgy,0032_FORGE_78-32_iDASv3-P11_UTC190427175823\seg_023.png,23,23,24,0,,
utah_upper,FORGE_78-32_iDASv3-P11_UTC190427175823.sgy,0032_FORGE_78-32_iDASv3-P11_UTC190427175823\seg_024.png,24,24,25,0,,
utah_upper,FORGE_78-32_iDASv3-P11_UTC190427175823.sgy,0032_FORGE_78-32_iDASv3-P11_UTC190427175823\seg_025.png,25,25,26,0,,
utah_upper,FORGE_78-32_iDASv3-P11_UTC190427175823.sgy,0032_FORGE_78-32_iDASv3-P11_UTC190427175823\seg_026.png,26,26,27,0,,
utah_upper,FORGE_78-32_iDASv3-P11_UTC190427175823.sgy,0032_FORGE_78-32_iDASv3-P11_UTC190427175823\seg_027.png,27,27,28,0,,
utah_upper,FORGE_78-32_iDASv3-P11_UTC190427175823.sgy,0032_FORGE_78-32_iDASv3-P11_UTC190427175823\seg_028.png,28,28,29,0,,
utah_upper,FORGE_78-32_iDASv3-P11_UTC190427175823.sgy,0032_FORGE_78-32_iDASv3-P11_UTC190427175823\seg_029.png,29,29,30,0,,
utah_upper,FORGE_78-32_iDASv3-P11_UTC190427175953.sgy,0033_FORGE_78-32_iDASv3-P11_UTC190427175953\seg_000.png,0,0,1,0,,
utah_upper,FORGE_78-32_iDASv3-P11_UTC190427175953.sgy,0033_FORGE_78-32_iDASv3-P11_UTC190427175953\seg_001.png,1,1,2,0,,
utah_upper,FORGE_78-32_iDASv3-P11_UTC190427175953.sgy,0033_FORGE_78-32_iDASv3-P11_UTC190427175953\seg_002.png,2,2,3,0,,
utah_upper,FORGE_78-32_iDASv3-P11_UTC190427175953.sgy,0033_FORGE_78-32_iDASv3-P11_UTC190427175953\seg_003.png,3,3,4,0,,
utah_upper,FORGE_78-32_iDASv3-P11_UTC190427175953.sgy,0033_FORGE_78-32_iDASv3-P11_UTC190427175953\seg_004.png,4,4,5,0,,
utah_upper,FORGE_78-32_iDASv3-P11_UTC190427175953.sgy,0033_FORGE_78-32_iDASv3-P11_UTC190427175953\seg_005.png,5,5,6,0,,
utah_upper,FORGE_78-32_iDASv3-P11_UTC190427175953.sgy,0033_FORGE_78-32_iDASv3-P11_UTC190427175953\seg_006.png,6,6,7,0,,
utah_upper,FORGE_78-32_iDASv3-P11_UTC190427175953.sgy,0033_FORGE_78-32_iDASv3-P11_UTC190427175953\seg_007.png,7,7,8,0,,
utah_upper,FORGE_78-32_iDASv3-P11_UTC190427175953.sgy,0033_FORGE_78-32_iDASv3-P11_UTC190427175953\seg_008.png,8,8,9,0,,
utah_upper,FORGE_78-32_iDASv3-P11_UTC190427175953.sgy,0033_FORGE_78-32_iDASv3-P11_UTC190427175953\seg_009.png,9,9,10,0,,
utah_upper,FORGE_78-32_iDASv3-P11_UTC190427175953.sgy,0033_FORGE_78-32_iDASv3-P11_UTC190427175953\seg_010.png,10,10,11,0,,
utah_upper,FORGE_78-32_iDASv3-P11_UTC190427175953.sgy,0033_FORGE_78-32_iDASv3-P11_UTC190427175953\seg_011.png,11,11,12,0,,
utah_upper,FORGE_78-32_iDASv3-P11_UTC190427175953.sgy,0033_FORGE_78-32_iDASv3-P11_UTC190427175953\seg_012.png,12,12,13,0,,
utah_upper,FORGE_78-32_iDASv3-P11_UTC190427175953.sgy,0033_FORGE_78-32_iDASv3-P11_UTC190427175953\seg_013.png,13,13,14,0,,
utah_upper,FORGE_78-32_iDASv3-P11_UTC190427175953.sgy,0033_FORGE_78-32_iDASv3-P11_UTC190427175953\seg_014.png,14,14,15,0,,
utah_upper,FORGE_78-32_iDASv3-P11_UTC190427175953.sgy,0033_FORGE_78-32_iDASv3-P11_UTC190427175953\seg_015.png,15,15,16,0,,
utah_upper,FORGE_78-32_iDASv3-P11_UTC190427175953.sgy,0033_FORGE_78-32_iDASv3-P11_UTC190427175953\seg_016.png,16,16,17,0,,
utah_upper,FORGE_78-32_iDASv3-P11_UTC190427175953.sgy,0033_FORGE_78-32_iDASv3-P11_UTC190427175953\seg_017.png,17,17,18,0,,
utah_upper,FORGE_78-32_iDASv3-P11_UTC190427175953.sgy,0033_FORGE_78-32_iDASv3-P11_UTC190427175953\seg_018.png,18,18,19,0,,
utah_upper,FORGE_78-32_iDASv3-P11_UTC190427175953.sgy,0033_FORGE_78-32_iDASv3-P11_UTC190427175953\seg_019.png,19,19,20,0,,
utah_upper,FORGE_78-32_iDASv3-P11_UTC190427175953.sgy,0033_FORGE_78-32_iDASv3-P11_UTC190427175953\seg_020.png,20,20,21,0,,
utah_upper,FORGE_78-32_iDASv3-P11_UTC190427175953.sgy,0033_FORGE_78-32_iDASv3-P11_UTC190427175953\seg_021.png,21,21,22,0,,
utah_upper,FORGE_78-32_iDASv3-P11_UTC190427175953.sgy,0033_FORGE_78-32_iDASv3-P11_UTC190427175953\seg_022.png,22,22,23,0,,
utah_upper,FORGE_78-32_iDASv3-P11_UTC190427175953.sgy,0033_FORGE_78-32_iDASv3-P11_UTC190427175953\seg_023.png,23,23,24,0,,
utah_upper,FORGE_78-32_iDASv3-P11_UTC190427175953.sgy,0033_FORGE_78-32_iDASv3-P11_UTC190427175953\seg_024.png,24,24,25,0,,
utah_upper,FORGE_78-32_iDASv3-P11_UTC190427175953.sgy,0033_FORGE_78-32_iDASv3-P11_UTC190427175953\seg_025.png,25,25,26,0,,
utah_upper,FORGE_78-32_iDASv3-P11_UTC190427175953.sgy,0033_FORGE_78-32_iDASv3-P11_UTC190427175953\seg_026.png,26,26,27,0,,
utah_upper,FORGE_78-32_iDASv3-P11_UTC190427175953.sgy,0033_FORGE_78-32_iDASv3-P11_UTC190427175953\seg_027.png,27,27,28,0,,
utah_upper,FORGE_78-32_iDASv3-P11_UTC190427175953.sgy,0033_FORGE_78-32_iDASv3-P11_UTC190427175953\seg_028.png,28,28,29,0,,
utah_upper,FORGE_78-32_iDASv3-P11_UTC190427175953.sgy,0033_FORGE_78-32_iDASv3-P11_UTC190427175953\seg_029.png,29,29,30,0,,
utah_upper,FORGE_78-32_iDASv3-P11_UTC190427180023.sgy,0034_FORGE_78-32_iDASv3-P11_UTC190427180023\seg_000.png,0,0,1,0,,
utah_upper,FORGE_78-32_iDASv3-P11_UTC190427180023.sgy,0034_FORGE_78-32_iDASv3-P11_UTC190427180023\seg_001.png,1,1,2,0,,
utah_upper,FORGE_78-32_iDASv3-P11_UTC190427180023.sgy,0034_FORGE_78-32_iDASv3-P11_UTC190427180023\seg_002.png,2,2,3,0,,
utah_upper,FORGE_78-32_iDASv3-P11_UTC190427180023.sgy,0034_FORGE_78-32_iDASv3-P11_UTC190427180023\seg_003.png,3,3,4,0,,
utah_upper,FORGE_78-32_iDASv3-P11_UTC190427180023.sgy,0034_FORGE_78-32_iDASv3-P11_UTC190427180023\seg_004.png,4,4,5,0,,
utah_upper,FORGE_78-32_iDASv3-P11_UTC190427180023.sgy,0034_FORGE_78-32_iDASv3-P11_UTC190427180023\seg_005.png,5,5,6,0,,
utah_upper,FORGE_78-32_iDASv3-P11_UTC190427180023.sgy,0034_FORGE_78-32_iDASv3-P11_UTC190427180023\seg_006.png,6,6,7,0,,
utah_upper,FORGE_78-32_iDASv3-P11_UTC190427180023.sgy,0034_FORGE_78-32_iDASv3-P11_UTC190427180023\seg_007.png,7,7,8,0,,
utah_upper,FORGE_78-32_iDASv3-P11_UTC190427180023.sgy,0034_FORGE_78-32_iDASv3-P11_UTC190427180023\seg_008.png,8,8,9,0,,
utah_upper,FORGE_78-32_iDASv3-P11_UTC190427180023.sgy,0034_FORGE_78-32_iDASv3-P11_UTC190427180023\seg_009.png,9,9,10,0,,
utah_upper,FORGE_78-32_iDASv3-P11_UTC190427180023.sgy,0034_FORGE_78-32_iDASv3-P11_UTC190427180023\seg_010.png,10,10,11,0,,
utah_upper,FORGE_78-32_iDASv3-P11_UTC190427180023.sgy,0034_FORGE_78-32_iDASv3-P11_UTC190427180023\seg_011.png,11,11,12,0,,
utah_upper,FORGE_78-32_iDASv3-P11_UTC190427180023.sgy,0034_FORGE_78-32_iDASv3-P11_UTC190427180023\seg_012.png,12,12,13,0,,
utah_upper,FORGE_78-32_iDASv3-P11_UTC190427180023.sgy,0034_FORGE_78-32_iDASv3-P11_UTC190427180023\seg_013.png,13,13,14,0,,
utah_upper,FORGE_78-32_iDASv3-P11_UTC190427180023.sgy,0034_FORGE_78-32_iDASv3-P11_UTC190427180023\seg_014.png,14,14,15,0,,
utah_upper,FORGE_78-32_iDASv3-P11_UTC190427180023.sgy,0034_FORGE_78-32_iDASv3-P11_UTC190427180023\seg_015.png,15,15,16,0,,
utah_upper,FORGE_78-32_iDASv3-P11_UTC190427180023.sgy,0034_FORGE_78-32_iDASv3-P11_UTC190427180023\seg_016.png,16,16,17,0,,
utah_upper,FORGE_78-32_iDASv3-P11_UTC190427180023.sgy,0034_FORGE_78-32_iDASv3-P11_UTC190427180023\seg_017.png,17,17,18,0,,
utah_upper,FORGE_78-32_iDASv3-P11_UTC190427180023.sgy,0034_FORGE_78-32_iDASv3-P11_UTC190427180023\seg_018.png,18,18,19,0,,
utah_upper,FORGE_78-32_iDASv3-P11_UTC190427180023.sgy,0034_FORGE_78-32_iDASv3-P11_UTC190427180023\seg_019.png,19,19,20,0,,
utah_upper,FORGE_78-32_iDASv3-P11_UTC190427180023.sgy,0034_FORGE_78-32_iDASv3-P11_UTC190427180023\seg_020.png,20,20,21,0,,
utah_upper,FORGE_78-32_iDASv3-P11_UTC190427180023.sgy,0034_FORGE_78-32_iDASv3-P11_UTC190427180023\seg_021.png,21,21,22,0,,
utah_upper,FORGE_78-32_iDASv3-P11_UTC190427180023.sgy,0034_FORGE_78-32_iDASv3-P11_UTC190427180023\seg_022.png,22,22,23,0,,
utah_upper,FORGE_78-32_iDASv3-P11_UTC190427180023.sgy,0034_FORGE_78-32_iDASv3-P11_UTC190427180023\seg_023.png,23,23,24,0,,
utah_upper,FORGE_78-32_iDASv3-P11_UTC190427180023.sgy,0034_FORGE_78-32_iDASv3-P11_UTC190427180023\seg_024.png,24,24,25,0,,
utah_upper,FORGE_78-32_iDASv3-P11_UTC190427180023.sgy,0034_FORGE_78-32_iDASv3-P11_UTC190427180023\seg_025.png,25,25,26,0,,
utah_upper,FORGE_78-32_iDASv3-P11_UTC190427180023.sgy,0034_FORGE_78-32_iDASv3-P11_UTC190427180023\seg_026.png,26,26,27,0,,
utah_upper,FORGE_78-32_iDASv3-P11_UTC190427180023.sgy,0034_FORGE_78-32_iDASv3-P11_UTC190427180023\seg_027.png,27,27,28,0,,
utah_upper,FORGE_78-32_iDASv3-P11_UTC190427180023.sgy,0034_FORGE_78-32_iDASv3-P11_UTC190427180023\seg_028.png,28,28,29,0,,
utah_upper,FORGE_78-32_iDASv3-P11_UTC190427180023.sgy,0034_FORGE_78-32_iDASv3-P11_UTC190427180023\seg_029.png,29,29,30,0,,
utah_upper,FORGE_78-32_iDASv3-P11_UTC190427180053.sgy,0035_FORGE_78-32_iDASv3-P11_UTC190427180053\seg_000.png,0,0,1,0,,
utah_upper,FORGE_78-32_iDASv3-P11_UTC190427180053.sgy,0035_FORGE_78-32_iDASv3-P11_UTC190427180053\seg_001.png,1,1,2,0,,
utah_upper,FORGE_78-32_iDASv3-P11_UTC190427180053.sgy,0035_FORGE_78-32_iDASv3-P11_UTC190427180053\seg_002.png,2,2,3,0,,
utah_upper,FORGE_78-32_iDASv3-P11_UTC190427180053.sgy,0035_FORGE_78-32_iDASv3-P11_UTC190427180053\seg_003.png,3,3,4,0,,
utah_upper,FORGE_78-32_iDASv3-P11_UTC190427180053.sgy,0035_FORGE_78-32_iDASv3-P11_UTC190427180053\seg_004.png,4,4,5,0,,
utah_upper,FORGE_78-32_iDASv3-P11_UTC190427180053.sgy,0035_FORGE_78-32_iDASv3-P11_UTC190427180053\seg_005.png,5,5,6,0,,
utah_upper,FORGE_78-32_iDASv3-P11_UTC190427180053.sgy,0035_FORGE_78-32_iDASv3-P11_UTC190427180053\seg_006.png,6,6,7,0,,
utah_upper,FORGE_78-32_iDASv3-P11_UTC190427180053.sgy,0035_FORGE_78-32_iDASv3-P11_UTC190427180053\seg_007.png,7,7,8,0,,
utah_upper,FORGE_78-32_iDASv3-P11_UTC190427180053.sgy,0035_FORGE_78-32_iDASv3-P11_UTC190427180053\seg_008.png,8,8,9,0,,
utah_upper,FORGE_78-32_iDASv3-P11_UTC190427180053.sgy,0035_FORGE_78-32_iDASv3-P11_UTC190427180053\seg_009.png,9,9,10,0,,
utah_upper,FORGE_78-32_iDASv3-P11_UTC190427180053.sgy,0035_FORGE_78-32_iDASv3-P11_UTC190427180053\seg_010.png,10,10,11,0,,
utah_upper,FORGE_78-32_iDASv3-P11_UTC190427180053.sgy,0035_FORGE_78-32_iDASv3-P11_UTC190427180053\seg_011.png,11,11,12,0,,
utah_upper,FORGE_78-32_iDASv3-P11_UTC190427180053.sgy,0035_FORGE_78-32_iDASv3-P11_UTC190427180053\seg_012.png,12,12,13,0,,
utah_upper,FORGE_78-32_iDASv3-P11_UTC190427180053.sgy,0035_FORGE_78-32_iDASv3-P11_UTC190427180053\seg_013.png,13,13,14,0,,
utah_upper,FORGE_78-32_iDASv3-P11_UTC190427180053.sgy,0035_FORGE_78-32_iDASv3-P11_UTC190427180053\seg_014.png,14,14,15,0,,
utah_upper,FORGE_78-32_iDASv3-P11_UTC190427180053.sgy,0035_FORGE_78-32_iDASv3-P11_UTC190427180053\seg_015.png,15,15,16,0,,
utah_upper,FORGE_78-32_iDASv3-P11_UTC190427180053.sgy,0035_FORGE_78-32_iDASv3-P11_UTC190427180053\seg_016.png,16,16,17,0,,
utah_upper,FORGE_78-32_iDASv3-P11_UTC190427180053.sgy,0035_FORGE_78-32_iDASv3-P11_UTC190427180053\seg_017.png,17,17,18,0,,
utah_upper,FORGE_78-32_iDASv3-P11_UTC190427180053.sgy,0035_FORGE_78-32_iDASv3-P11_UTC190427180053\seg_018.png,18,18,19,0,,
utah_upper,FORGE_78-32_iDASv3-P11_UTC190427180053.sgy,0035_FORGE_78-32_iDASv3-P11_UTC190427180053\seg_019.png,19,19,20,0,,
utah_upper,FORGE_78-32_iDASv3-P11_UTC190427180053.sgy,0035_FORGE_78-32_iDASv3-P11_UTC190427180053\seg_020.png,20,20,21,0,,
utah_upper,FORGE_78-32_iDASv3-P11_UTC190427180053.sgy,0035_FORGE_78-32_iDASv3-P11_UTC190427180053\seg_021.png,21,21,22,0,,
utah_upper,FORGE_78-32_iDASv3-P11_UTC190427180053.sgy,0035_FORGE_78-32_iDASv3-P11_UTC190427180053\seg_022.png,22,22,23,0,,
utah_upper,FORGE_78-32_iDASv3-P11_UTC190427180053.sgy,0035_FORGE_78-32_iDASv3-P11_UTC190427180053\seg_023.png,23,23,24,0,,
utah_upper,FORGE_78-32_iDASv3-P11_UTC190427180053.sgy,0035_FORGE_78-32_iDASv3-P11_UTC190427180053\seg_024.png,24,24,25,0,,
utah_upper,FORGE_78-32_iDASv3-P11_UTC190427180053.sgy,0035_FORGE_78-32_iDASv3-P11_UTC190427180053\seg_025.png,25,25,26,0,,
utah_upper,FORGE_78-32_iDASv3-P11_UTC190427180053.sgy,0035_FORGE_78-32_iDASv3-P11_UTC190427180053\seg_026.png,26,26,27,0,,
utah_upper,FORGE_78-32_iDASv3-P11_UTC190427180053.sgy,0035_FORGE_78-32_iDASv3-P11_UTC190427180053\seg_027.png,27,27,28,0,,
utah_upper,FORGE_78-32_iDASv3-P11_UTC190427180053.sgy,0035_FORGE_78-32_iDASv3-P11_UTC190427180053\seg_028.png,28,28,29,0,,
utah_upper,FORGE_78-32_iDASv3-P11_UTC190427180053.sgy,0035_FORGE_78-32_iDASv3-P11_UTC190427180053\seg_029.png,29,29,30,0,,
utah_upper,FORGE_78-32_iDASv3-P11_UTC190427180423.sgy,0036_FORGE_78-32_iDASv3-P11_UTC190427180423\seg_000.png,0,0,1,0,,
utah_upper,FORGE_78-32_iDASv3-P11_UTC190427180423.sgy,0036_FORGE_78-32_iDASv3-P11_UTC190427180423\seg_001.png,1,1,2,0,,
utah_upper,FORGE_78-32_iDASv3-P11_UTC190427180423.sgy,0036_FORGE_78-32_iDASv3-P11_UTC190427180423\seg_002.png,2,2,3,0,,
utah_upper,FORGE_78-32_iDASv3-P11_UTC190427180423.sgy,0036_FORGE_78-32_iDASv3-P11_UTC190427180423\seg_003.png,3,3,4,0,,
utah_upper,FORGE_78-32_iDASv3-P11_UTC190427180423.sgy,0036_FORGE_78-32_iDASv3-P11_UTC190427180423\seg_004.png,4,4,5,0,,
utah_upper,FORGE_78-32_iDASv3-P11_UTC190427180423.sgy,0036_FORGE_78-32_iDASv3-P11_UTC190427180423\seg_005.png,5,5,6,0,,
utah_upper,FORGE_78-32_iDASv3-P11_UTC190427180423.sgy,0036_FORGE_78-32_iDASv3-P11_UTC190427180423\seg_006.png,6,6,7,0,,
utah_upper,FORGE_78-32_iDASv3-P11_UTC190427180423.sgy,0036_FORGE_78-32_iDASv3-P11_UTC190427180423\seg_007.png,7,7,8,0,,
utah_upper,FORGE_78-32_iDASv3-P11_UTC190427180423.sgy,0036_FORGE_78-32_iDASv3-P11_UTC190427180423\seg_008.png,8,8,9,0,,
utah_upper,FORGE_78-32_iDASv3-P11_UTC190427180423.sgy,0036_FORGE_78-32_iDASv3-P11_UTC190427180423\seg_009.png,9,9,10,0,,
utah_upper,FORGE_78-32_iDASv3-P11_UTC190427180423.sgy,0036_FORGE_78-32_iDASv3-P11_UTC190427180423\seg_010.png,10,10,11,0,,
utah_upper,FORGE_78-32_iDASv3-P11_UTC190427180423.sgy,0036_FORGE_78-32_iDASv3-P11_UTC190427180423\seg_011.png,11,11,12,0,,
utah_upper,FORGE_78-32_iDASv3-P11_UTC190427180423.sgy,0036_FORGE_78-32_iDASv3-P11_UTC190427180423\seg_012.png,12,12,13,0,,
utah_upper,FORGE_78-32_iDASv3-P11_UTC190427180423.sgy,0036_FORGE_78-32_iDASv3-P11_UTC190427180423\seg_013.png,13,13,14,0,,
utah_upper,FORGE_78-32_iDASv3-P11_UTC190427180423.sgy,0036_FORGE_78-32_iDASv3-P11_UTC190427180423\seg_014.png,14,14,15,0,,
utah_upper,FORGE_78-32_iDASv3-P11_UTC190427180423.sgy,0036_FORGE_78-32_iDASv3-P11_UTC190427180423\seg_015.png,15,15,16,0,,
utah_upper,FORGE_78-32_iDASv3-P11_UTC190427180423.sgy,0036_FORGE_78-32_iDASv3-P11_UTC190427180423\seg_016.png,16,16,17,0,,
utah_upper,FORGE_78-32_iDASv3-P11_UTC190427180423.sgy,0036_FORGE_78-32_iDASv3-P11_UTC190427180423\seg_017.png,17,17,18,0,,
utah_upper,FORGE_78-32_iDASv3-P11_UTC190427180423.sgy,0036_FORGE_78-32_iDASv3-P11_UTC190427180423\seg_018.png,18,18,19,0,,
utah_upper,FORGE_78-32_iDASv3-P11_UTC190427180423.sgy,0036_FORGE_78-32_iDASv3-P11_UTC190427180423\seg_019.png,19,19,20,0,,
utah_upper,FORGE_78-32_iDASv3-P11_UTC190427180423.sgy,0036_FORGE_78-32_iDASv3-P11_UTC190427180423\seg_020.png,20,20,21,0,,
utah_upper,FORGE_78-32_iDASv3-P11_UTC190427180423.sgy,0036_FORGE_78-32_iDASv3-P11_UTC190427180423\seg_021.png,21,21,22,0,,
utah_upper,FORGE_78-32_iDASv3-P11_UTC190427180423.sgy,0036_FORGE_78-32_iDASv3-P11_UTC190427180423\seg_022.png,22,22,23,0,,
utah_upper,FORGE_78-32_iDASv3-P11_UTC190427180423.sgy,0036_FORGE_78-32_iDASv3-P11_UTC190427180423\seg_023.png,23,23,24,0,,
utah_upper,FORGE_78-32_iDASv3-P11_UTC190427180423.sgy,0036_FORGE_78-32_iDASv3-P11_UTC190427180423\seg_024.png,24,24,25,0,,
utah_upper,FORGE_78-32_iDASv3-P11_UTC190427180423.sgy,0036_FORGE_78-32_iDASv3-P11_UTC190427180423\seg_025.png,25,25,26,0,,
utah_upper,FORGE_78-32_iDASv3-P11_UTC190427180423.sgy,0036_FORGE_78-32_iDASv3-P11_UTC190427180423\seg_026.png,26,26,27,0,,
utah_upper,FORGE_78-32_iDASv3-P11_UTC190427180423.sgy,0036_FORGE_78-32_iDASv3-P11_UTC190427180423\seg_027.png,27,27,28,0,,
utah_upper,FORGE_78-32_iDASv3-P11_UTC190427180423.sgy,0036_FORGE_78-32_iDASv3-P11_UTC190427180423\seg_028.png,28,28,29,0,,
utah_upper,FORGE_78-32_iDASv3-P11_UTC190427180423.sgy,0036_FORGE_78-32_iDASv3-P11_UTC190427180423\seg_029.png,29,29,30,0,,
utah_upper,FORGE_78-32_iDASv3-P11_UTC190427180453.sgy,0037_FORGE_78-32_iDASv3-P11_UTC190427180453\seg_000.png,0,0,1,0,,
utah_upper,FORGE_78-32_iDASv3-P11_UTC190427180453.sgy,0037_FORGE_78-32_iDASv3-P11_UTC190427180453\seg_001.png,1,1,2,0,,
utah_upper,FORGE_78-32_iDASv3-P11_UTC190427180453.sgy,0037_FORGE_78-32_iDASv3-P11_UTC190427180453\seg_002.png,2,2,3,0,,
utah_upper,FORGE_78-32_iDASv3-P11_UTC190427180453.sgy,0037_FORGE_78-32_iDASv3-P11_UTC190427180453\seg_003.png,3,3,4,0,,
utah_upper,FORGE_78-32_iDASv3-P11_UTC190427180453.sgy,0037_FORGE_78-32_iDASv3-P11_UTC190427180453\seg_004.png,4,4,5,0,,
utah_upper,FORGE_78-32_iDASv3-P11_UTC190427180453.sgy,0037_FORGE_78-32_iDASv3-P11_UTC190427180453\seg_005.png,5,5,6,0,,
utah_upper,FORGE_78-32_iDASv3-P11_UTC190427180453.sgy,0037_FORGE_78-32_iDASv3-P11_UTC190427180453\seg_006.png,6,6,7,0,,
utah_upper,FORGE_78-32_iDASv3-P11_UTC190427180453.sgy,0037_FORGE_78-32_iDASv3-P11_UTC190427180453\seg_007.png,7,7,8,0,,
utah_upper,FORGE_78-32_iDASv3-P11_UTC190427180453.sgy,0037_FORGE_78-32_iDASv3-P11_UTC190427180453\seg_008.png,8,8,9,0,,
utah_upper,FORGE_78-32_iDASv3-P11_UTC190427180453.sgy,0037_FORGE_78-32_iDASv3-P11_UTC190427180453\seg_009.png,9,9,10,0,,
utah_upper,FORGE_78-32_iDASv3-P11_UTC190427180453.sgy,0037_FORGE_78-32_iDASv3-P11_UTC190427180453\seg_010.png,10,10,11,0,,
utah_upper,FORGE_78-32_iDASv3-P11_UTC190427180453.sgy,0037_FORGE_78-32_iDASv3-P11_UTC190427180453\seg_011.png,11,11,12,0,,
utah_upper,FORGE_78-32_iDASv3-P11_UTC190427180453.sgy,0037_FORGE_78-32_iDASv3-P11_UTC190427180453\seg_012.png,12,12,13,0,,
utah_upper,FORGE_78-32_iDASv3-P11_UTC190427180453.sgy,0037_FORGE_78-32_iDASv3-P11_UTC190427180453\seg_013.png,13,13,14,0,,
utah_upper,FORGE_78-32_iDASv3-P11_UTC190427180453.sgy,0037_FORGE_78-32_iDASv3-P11_UTC190427180453\seg_014.png,14,14,15,0,,
utah_upper,FORGE_78-32_iDASv3-P11_UTC190427180453.sgy,0037_FORGE_78-32_iDASv3-P11_UTC190427180453\seg_015.png,15,15,16,0,,
utah_upper,FORGE_78-32_iDASv3-P11_UTC190427180453.sgy,0037_FORGE_78-32_iDASv3-P11_UTC190427180453\seg_016.png,16,16,17,0,,
utah_upper,FORGE_78-32_iDASv3-P11_UTC190427180453.sgy,0037_FORGE_78-32_iDASv3-P11_UTC190427180453\seg_017.png,17,17,18,0,,
utah_upper,FORGE_78-32_iDASv3-P11_UTC190427180453.sgy,0037_FORGE_78-32_iDASv3-P11_UTC190427180453\seg_018.png,18,18,19,1,,
utah_upper,FORGE_78-32_iDASv3-P11_UTC190427180453.sgy,0037_FORGE_78-32_iDASv3-P11_UTC190427180453\seg_019.png,19,19,20,1,,
utah_upper,FORGE_78-32_iDASv3-P11_UTC190427180453.sgy,0037_FORGE_78-32_iDASv3-P11_UTC190427180453\seg_020.png,20,20,21,0,,
utah_upper,FORGE_78-32_iDASv3-P11_UTC190427180453.sgy,0037_FORGE_78-32_iDASv3-P11_UTC190427180453\seg_021.png,21,21,22,0,,
utah_upper,FORGE_78-32_iDASv3-P11_UTC190427180453.sgy,0037_FORGE_78-32_iDASv3-P11_UTC190427180453\seg_022.png,22,22,23,0,,
utah_upper,FORGE_78-32_iDASv3-P11_UTC190427180453.sgy,0037_FORGE_78-32_iDASv3-P11_UTC190427180453\seg_023.png,23,23,24,0,,
utah_upper,FORGE_78-32_iDASv3-P11_UTC190427180453.sgy,0037_FORGE_78-32_iDASv3-P11_UTC190427180453\seg_024.png,24,24,25,0,,
utah_upper,FORGE_78-32_iDASv3-P11_UTC190427180453.sgy,0037_FORGE_78-32_iDASv3-P11_UTC190427180453\seg_025.png,25,25,26,0,,
utah_upper,FORGE_78-32_iDASv3-P11_UTC190427180453.sgy,0037_FORGE_78-32_iDASv3-P11_UTC190427180453\seg_026.png,26,26,27,0,,
utah_upper,FORGE_78-32_iDASv3-P11_UTC190427180453.sgy,0037_FORGE_78-32_iDASv3-P11_UTC190427180453\seg_027.png,27,27,28,0,,
utah_upper,FORGE_78-32_iDASv3-P11_UTC190427180453.sgy,0037_FORGE_78-32_iDASv3-P11_UTC190427180453\seg_028.png,28,28,29,0,,
utah_upper,FORGE_78-32_iDASv3-P11_UTC190427180453.sgy,0037_FORGE_78-32_iDASv3-P11_UTC190427180453\seg_029.png,29,29,30,0,,
utah_upper,FORGE_78-32_iDASv3-P11_UTC190427180538.sgy,0038_FORGE_78-32_iDASv3-P11_UTC190427180538\seg_000.png,0,0,1,0,,
utah_upper,FORGE_78-32_iDASv3-P11_UTC190427180538.sgy,0038_FORGE_78-32_iDASv3-P11_UTC190427180538\seg_001.png,1,1,2,0,,
utah_upper,FORGE_78-32_iDASv3-P11_UTC190427180538.sgy,0038_FORGE_78-32_iDASv3-P11_UTC190427180538\seg_002.png,2,2,3,0,,
utah_upper,FORGE_78-32_iDASv3-P11_UTC190427180538.sgy,0038_FORGE_78-32_iDASv3-P11_UTC190427180538\seg_003.png,3,3,4,0,,
utah_upper,FORGE_78-32_iDASv3-P11_UTC190427180538.sgy,0038_FORGE_78-32_iDASv3-P11_UTC190427180538\seg_004.png,4,4,5,0,,
utah_upper,FORGE_78-32_iDASv3-P11_UTC190427180538.sgy,0038_FORGE_78-32_iDASv3-P11_UTC190427180538\seg_005.png,5,5,6,0,,
utah_upper,FORGE_78-32_iDASv3-P11_UTC190427180538.sgy,0038_FORGE_78-32_iDASv3-P11_UTC190427180538\seg_006.png,6,6,7,0,,
utah_upper,FORGE_78-32_iDASv3-P11_UTC190427180538.sgy,0038_FORGE_78-32_iDASv3-P11_UTC190427180538\seg_007.png,7,7,8,0,,
utah_upper,FORGE_78-32_iDASv3-P11_UTC190427180538.sgy,0038_FORGE_78-32_iDASv3-P11_UTC190427180538\seg_008.png,8,8,9,0,,
utah_upper,FORGE_78-32_iDASv3-P11_UTC190427180538.sgy,0038_FORGE_78-32_iDASv3-P11_UTC190427180538\seg_009.png,9,9,10,0,,
utah_upper,FORGE_78-32_iDASv3-P11_UTC190427180538.sgy,0038_FORGE_78-32_iDASv3-P11_UTC190427180538\seg_010.png,10,10,11,0,,
utah_upper,FORGE_78-32_iDASv3-P11_UTC190427180538.sgy,0038_FORGE_78-32_iDASv3-P11_UTC190427180538\seg_011.png,11,11,12,0,,
utah_upper,FORGE_78-32_iDASv3-P11_UTC190427180538.sgy,0038_FORGE_78-32_iDASv3-P11_UTC190427180538\seg_012.png,12,12,13,0,,
utah_upper,FORGE_78-32_iDASv3-P11_UTC190427180538.sgy,0038_FORGE_78-32_iDASv3-P11_UTC190427180538\seg_013.png,13,13,14,0,,
utah_upper,FORGE_78-32_iDASv3-P11_UTC190427180538.sgy,0038_FORGE_78-32_iDASv3-P11_UTC190427180538\seg_014.png,14,14,15,0,,
utah_upper,FORGE_78-32_iDASv3-P11_UTC190427180538.sgy,0038_FORGE_78-32_iDASv3-P11_UTC190427180538\seg_015.png,15,15,16,0,,
utah_upper,FORGE_78-32_iDASv3-P11_UTC190427180538.sgy,0038_FORGE_78-32_iDASv3-P11_UTC190427180538\seg_016.png,16,16,17,0,,
utah_upper,FORGE_78-32_iDASv3-P11_UTC190427180538.sgy,0038_FORGE_78-32_iDASv3-P11_UTC190427180538\seg_017.png,17,17,18,0,,
utah_upper,FORGE_78-32_iDASv3-P11_UTC190427180538.sgy,0038_FORGE_78-32_iDASv3-P11_UTC190427180538\seg_018.png,18,18,19,0,,
utah_upper,FORGE_78-32_iDASv3-P11_UTC190427180538.sgy,0038_FORGE_78-32_iDASv3-P11_UTC190427180538\seg_019.png,19,19,20,0,,
utah_upper,FORGE_78-32_iDASv3-P11_UTC190427180538.sgy,0038_FORGE_78-32_iDASv3-P11_UTC190427180538\seg_020.png,20,20,21,0,,
utah_upper,FORGE_78-32_iDASv3-P11_UTC190427180538.sgy,0038_FORGE_78-32_iDASv3-P11_UTC190427180538\seg_021.png,21,21,22,0,,
utah_upper,FORGE_78-32_iDASv3-P11_UTC190427180538.sgy,0038_FORGE_78-32_iDASv3-P11_UTC190427180538\seg_022.png,22,22,23,0,,
utah_upper,FORGE_78-32_iDASv3-P11_UTC190427180538.sgy,0038_FORGE_78-32_iDASv3-P11_UTC190427180538\seg_023.png,23,23,24,0,,
utah_upper,FORGE_78-32_iDASv3-P11_UTC190427180538.sgy,0038_FORGE_78-32_iDASv3-P11_UTC190427180538\seg_024.png,24,24,25,0,,
utah_upper,FORGE_78-32_iDASv3-P11_UTC190427180538.sgy,0038_FORGE_78-32_iDASv3-P11_UTC190427180538\seg_025.png,25,25,26,0,,
utah_upper,FORGE_78-32_iDASv3-P11_UTC190427180538.sgy,0038_FORGE_78-32_iDASv3-P11_UTC190427180538\seg_026.png,26,26,27,0,,
utah_upper,FORGE_78-32_iDASv3-P11_UTC190427180538.sgy,0038_FORGE_78-32_iDASv3-P11_UTC190427180538\seg_027.png,27,27,28,0,,
utah_upper,FORGE_78-32_iDASv3-P11_UTC190427180538.sgy,0038_FORGE_78-32_iDASv3-P11_UTC190427180538\seg_028.png,28,28,29,0,,
utah_upper,FORGE_78-32_iDASv3-P11_UTC190427180538.sgy,0038_FORGE_78-32_iDASv3-P11_UTC190427180538\seg_029.png,29,29,30,0,,
utah_upper,FORGE_78-32_iDASv3-P11_UTC190427180553.sgy,0039_FORGE_78-32_iDASv3-P11_UTC190427180553\seg_000.png,0,0,1,0,,
utah_upper,FORGE_78-32_iDASv3-P11_UTC190427180553.sgy,0039_FORGE_78-32_iDASv3-P11_UTC190427180553\seg_001.png,1,1,2,0,,
utah_upper,FORGE_78-32_iDASv3-P11_UTC190427180553.sgy,0039_FORGE_78-32_iDASv3-P11_UTC190427180553\seg_002.png,2,2,3,0,,
utah_upper,FORGE_78-32_iDASv3-P11_UTC190427180553.sgy,0039_FORGE_78-32_iDASv3-P11_UTC190427180553\seg_003.png,3,3,4,0,,
utah_upper,FORGE_78-32_iDASv3-P11_UTC190427180553.sgy,0039_FORGE_78-32_iDASv3-P11_UTC190427180553\seg_004.png,4,4,5,0,,
utah_upper,FORGE_78-32_iDASv3-P11_UTC190427180553.sgy,0039_FORGE_78-32_iDASv3-P11_UTC190427180553\seg_005.png,5,5,6,0,,
utah_upper,FORGE_78-32_iDASv3-P11_UTC190427180553.sgy,0039_FORGE_78-32_iDASv3-P11_UTC190427180553\seg_006.png,6,6,7,0,,
utah_upper,FORGE_78-32_iDASv3-P11_UTC190427180553.sgy,0039_FORGE_78-32_iDASv3-P11_UTC190427180553\seg_007.png,7,7,8,0,,
utah_upper,FORGE_78-32_iDASv3-P11_UTC190427180553.sgy,0039_FORGE_78-32_iDASv3-P11_UTC190427180553\seg_008.png,8,8,9,0,,
utah_upper,FORGE_78-32_iDASv3-P11_UTC190427180553.sgy,0039_FORGE_78-32_iDASv3-P11_UTC190427180553\seg_009.png,9,9,10,0,,
utah_upper,FORGE_78-32_iDASv3-P11_UTC190427180553.sgy,0039_FORGE_78-32_iDASv3-P11_UTC190427180553\seg_010.png,10,10,11,0,,
utah_upper,FORGE_78-32_iDASv3-P11_UTC190427180553.sgy,0039_FORGE_78-32_iDASv3-P11_UTC190427180553\seg_011.png,11,11,12,0,,
utah_upper,FORGE_78-32_iDASv3-P11_UTC190427180553.sgy,0039_FORGE_78-32_iDASv3-P11_UTC190427180553\seg_012.png,12,12,13,0,,
utah_upper,FORGE_78-32_iDASv3-P11_UTC190427180553.sgy,0039_FORGE_78-32_iDASv3-P11_UTC190427180553\seg_013.png,13,13,14,0,,
utah_upper,FORGE_78-32_iDASv3-P11_UTC190427180553.sgy,0039_FORGE_78-32_iDASv3-P11_UTC190427180553\seg_014.png,14,14,15,0,,
utah_upper,FORGE_78-32_iDASv3-P11_UTC190427180553.sgy,0039_FORGE_78-32_iDASv3-P11_UTC190427180553\seg_015.png,15,15,16,0,,
utah_upper,FORGE_78-32_iDASv3-P11_UTC190427180553.sgy,0039_FORGE_78-32_iDASv3-P11_UTC190427180553\seg_016.png,16,16,17,0,,
utah_upper,FORGE_78-32_iDASv3-P11_UTC190427180553.sgy,0039_FORGE_78-32_iDASv3-P11_UTC190427180553\seg_017.png,17,17,18,0,,
utah_upper,FORGE_78-32_iDASv3-P11_UTC190427180553.sgy,0039_FORGE_78-32_iDASv3-P11_UTC190427180553\seg_018.png,18,18,19,0,,
utah_upper,FORGE_78-32_iDASv3-P11_UTC190427180553.sgy,0039_FORGE_78-32_iDASv3-P11_UTC190427180553\seg_019.png,19,19,20,0,,
utah_upper,FORGE_78-32_iDASv3-P11_UTC190427180553.sgy,0039_FORGE_78-32_iDASv3-P11_UTC190427180553\seg_020.png,20,20,21,0,,
utah_upper,FORGE_78-32_iDASv3-P11_UTC190427180553.sgy,0039_FORGE_78-32_iDASv3-P11_UTC190427180553\seg_021.png,21,21,22,0,,
utah_upper,FORGE_78-32_iDASv3-P11_UTC190427180553.sgy,0039_FORGE_78-32_iDASv3-P11_UTC190427180553\seg_022.png,22,22,23,0,,
utah_upper,FORGE_78-32_iDASv3-P11_UTC190427180553.sgy,0039_FORGE_78-32_iDASv3-P11_UTC190427180553\seg_023.png,23,23,24,0,,
utah_upper,FORGE_78-32_iDASv3-P11_UTC190427180553.sgy,0039_FORGE_78-32_iDASv3-P11_UTC190427180553\seg_024.png,24,24,25,1,,
utah_upper,FORGE_78-32_iDASv3-P11_UTC190427180553.sgy,0039_FORGE_78-32_iDASv3-P11_UTC190427180553\seg_025.png,25,25,26,1,,
utah_upper,FORGE_78-32_iDASv3-P11_UTC190427180553.sgy,0039_FORGE_78-32_iDASv3-P11_UTC190427180553\seg_026.png,26,26,27,0,,
utah_upper,FORGE_78-32_iDASv3-P11_UTC190427180553.sgy,0039_FORGE_78-32_iDASv3-P11_UTC190427180553\seg_027.png,27,27,28,0,,
utah_upper,FORGE_78-32_iDASv3-P11_UTC190427180553.sgy,0039_FORGE_78-32_iDASv3-P11_UTC190427180553\seg_028.png,28,28,29,0,,
utah_upper,FORGE_78-32_iDASv3-P11_UTC190427180553.sgy,0039_FORGE_78-32_iDASv3-P11_UTC190427180553\seg_029.png,29,29,30,0,,
utah_upper,FORGE_78-32_iDASv3-P11_UTC190427180708.sgy,0040_FORGE_78-32_iDASv3-P11_UTC190427180708\seg_000.png,0,0,1,0,,
utah_upper,FORGE_78-32_iDASv3-P11_UTC190427180708.sgy,0040_FORGE_78-32_iDASv3-P11_UTC190427180708\seg_001.png,1,1,2,0,,
utah_upper,FORGE_78-32_iDASv3-P11_UTC190427180708.sgy,0040_FORGE_78-32_iDASv3-P11_UTC190427180708\seg_002.png,2,2,3,0,,
utah_upper,FORGE_78-32_iDASv3-P11_UTC190427180708.sgy,0040_FORGE_78-32_iDASv3-P11_UTC190427180708\seg_003.png,3,3,4,0,,
utah_upper,FORGE_78-32_iDASv3-P11_UTC190427180708.sgy,0040_FORGE_78-32_iDASv3-P11_UTC190427180708\seg_004.png,4,4,5,0,,
utah_upper,FORGE_78-32_iDASv3-P11_UTC190427180708.sgy,0040_FORGE_78-32_iDASv3-P11_UTC190427180708\seg_005.png,5,5,6,0,,
utah_upper,FORGE_78-32_iDASv3-P11_UTC190427180708.sgy,0040_FORGE_78-32_iDASv3-P11_UTC190427180708\seg_006.png,6,6,7,0,,
utah_upper,FORGE_78-32_iDASv3-P11_UTC190427180708.sgy,0040_FORGE_78-32_iDASv3-P11_UTC190427180708\seg_007.png,7,7,8,0,,
utah_upper,FORGE_78-32_iDASv3-P11_UTC190427180708.sgy,0040_FORGE_78-32_iDASv3-P11_UTC190427180708\seg_008.png,8,8,9,0,,
utah_upper,FORGE_78-32_iDASv3-P11_UTC190427180708.sgy,0040_FORGE_78-32_iDASv3-P11_UTC190427180708\seg_009.png,9,9,10,0,,
utah_upper,FORGE_78-32_iDASv3-P11_UTC190427180708.sgy,0040_FORGE_78-32_iDASv3-P11_UTC190427180708\seg_010.png,10,10,11,0,,
utah_upper,FORGE_78-32_iDASv3-P11_UTC190427180708.sgy,0040_FORGE_78-32_iDASv3-P11_UTC190427180708\seg_011.png,11,11,12,0,,
utah_upper,FORGE_78-32_iDASv3-P11_UTC190427180708.sgy,0040_FORGE_78-32_iDASv3-P11_UTC190427180708\seg_012.png,12,12,13,0,,
utah_upper,FORGE_78-32_iDASv3-P11_UTC190427180708.sgy,0040_FORGE_78-32_iDASv3-P11_UTC190427180708\seg_013.png,13,13,14,0,,
utah_upper,FORGE_78-32_iDASv3-P11_UTC190427180708.sgy,0040_FORGE_78-32_iDASv3-P11_UTC190427180708\seg_014.png,14,14,15,0,,
utah_upper,FORGE_78-32_iDASv3-P11_UTC190427180708.sgy,0040_FORGE_78-32_iDASv3-P11_UTC190427180708\seg_015.png,15,15,16,0,,
utah_upper,FORGE_78-32_iDASv3-P11_UTC190427180708.sgy,0040_FORGE_78-32_iDASv3-P11_UTC190427180708\seg_016.png,16,16,17,0,,
utah_upper,FORGE_78-32_iDASv3-P11_UTC190427180708.sgy,0040_FORGE_78-32_iDASv3-P11_UTC190427180708\seg_017.png,17,17,18,0,,
utah_upper,FORGE_78-32_iDASv3-P11_UTC190427180708.sgy,0040_FORGE_78-32_iDASv3-P11_UTC190427180708\seg_018.png,18,18,19,0,,
utah_upper,FORGE_78-32_iDASv3-P11_UTC190427180708.sgy,0040_FORGE_78-32_iDASv3-P11_UTC190427180708\seg_019.png,19,19,20,0,,
utah_upper,FORGE_78-32_iDASv3-P11_UTC190427180708.sgy,0040_FORGE_78-32_iDASv3-P11_UTC190427180708\seg_020.png,20,20,21,0,,
utah_upper,FORGE_78-32_iDASv3-P11_UTC190427180708.sgy,0040_FORGE_78-32_iDASv3-P11_UTC190427180708\seg_021.png,21,21,22,0,,
utah_upper,FORGE_78-32_iDASv3-P11_UTC190427180708.sgy,0040_FORGE_78-32_iDASv3-P11_UTC190427180708\seg_022.png,22,22,23,0,,
utah_upper,FORGE_78-32_iDASv3-P11_UTC190427180708.sgy,0040_FORGE_78-32_iDASv3-P11_UTC190427180708\seg_023.png,23,23,24,0,,
utah_upper,FORGE_78-32_iDASv3-P11_UTC190427180708.sgy,0040_FORGE_78-32_iDASv3-P11_UTC190427180708\seg_024.png,24,24,25,0,,
utah_upper,FORGE_78-32_iDASv3-P11_UTC190427180708.sgy,0040_FORGE_78-32_iDASv3-P11_UTC190427180708\seg_025.png,25,25,26,0,,
utah_upper,FORGE_78-32_iDASv3-P11_UTC190427180708.sgy,0040_FORGE_78-32_iDASv3-P11_UTC190427180708\seg_026.png,26,26,27,0,,
utah_upper,FORGE_78-32_iDASv3-P11_UTC190427180708.sgy,0040_FORGE_78-32_iDASv3-P11_UTC190427180708\seg_027.png,27,27,28,0,,
utah_upper,FORGE_78-32_iDASv3-P11_UTC190427180708.sgy,0040_FORGE_78-32_iDASv3-P11_UTC190427180708\seg_028.png,28,28,29,0,,
utah_upper,FORGE_78-32_iDASv3-P11_UTC190427180708.sgy,0040_FORGE_78-32_iDASv3-P11_UTC190427180708\seg_029.png,29,29,30,0,,
utah_upper,FORGE_78-32_iDASv3-P11_UTC190427180953.sgy,0041_FORGE_78-32_iDASv3-P11_UTC190427180953\seg_000.png,0,0,1,0,,
utah_upper,FORGE_78-32_iDASv3-P11_UTC190427180953.sgy,0041_FORGE_78-32_iDASv3-P11_UTC190427180953\seg_001.png,1,1,2,0,,
utah_upper,FORGE_78-32_iDASv3-P11_UTC190427180953.sgy,0041_FORGE_78-32_iDASv3-P11_UTC190427180953\seg_002.png,2,2,3,0,,
utah_upper,FORGE_78-32_iDASv3-P11_UTC190427180953.sgy,0041_FORGE_78-32_iDASv3-P11_UTC190427180953\seg_003.png,3,3,4,0,,
utah_upper,FORGE_78-32_iDASv3-P11_UTC190427180953.sgy,0041_FORGE_78-32_iDASv3-P11_UTC190427180953\seg_004.png,4,4,5,0,,
utah_upper,FORGE_78-32_iDASv3-P11_UTC190427180953.sgy,0041_FORGE_78-32_iDASv3-P11_UTC190427180953\seg_005.png,5,5,6,0,,
utah_upper,FORGE_78-32_iDASv3-P11_UTC190427180953.sgy,0041_FORGE_78-32_iDASv3-P11_UTC190427180953\seg_006.png,6,6,7,0,,
utah_upper,FORGE_78-32_iDASv3-P11_UTC190427180953.sgy,0041_FORGE_78-32_iDASv3-P11_UTC190427180953\seg_007.png,7,7,8,0,,
utah_upper,FORGE_78-32_iDASv3-P11_UTC190427180953.sgy,0041_FORGE_78-32_iDASv3-P11_UTC190427180953\seg_008.png,8,8,9,0,,
utah_upper,FORGE_78-32_iDASv3-P11_UTC190427180953.sgy,0041_FORGE_78-32_iDASv3-P11_UTC190427180953\seg_009.png,9,9,10,0,,
utah_upper,FORGE_78-32_iDASv3-P11_UTC190427180953.sgy,0041_FORGE_78-32_iDASv3-P11_UTC190427180953\seg_010.png,10,10,11,0,,
utah_upper,FORGE_78-32_iDASv3-P11_UTC190427180953.sgy,0041_FORGE_78-32_iDASv3-P11_UTC190427180953\seg_011.png,11,11,12,0,,
utah_upper,FORGE_78-32_iDASv3-P11_UTC190427180953.sgy,0041_FORGE_78-32_iDASv3-P11_UTC190427180953\seg_012.png,12,12,13,0,,
utah_upper,FORGE_78-32_iDASv3-P11_UTC190427180953.sgy,0041_FORGE_78-32_iDASv3-P11_UTC190427180953\seg_013.png,13,13,14,0,,
utah_upper,FORGE_78-32_iDASv3-P11_UTC190427180953.sgy,0041_FORGE_78-32_iDASv3-P11_UTC190427180953\seg_014.png,14,14,15,0,,
utah_upper,FORGE_78-32_iDASv3-P11_UTC190427180953.sgy,0041_FORGE_78-32_iDASv3-P11_UTC190427180953\seg_015.png,15,15,16,0,,
utah_upper,FORGE_78-32_iDASv3-P11_UTC190427180953.sgy,0041_FORGE_78-32_iDASv3-P11_UTC190427180953\seg_016.png,16,16,17,0,,
utah_upper,FORGE_78-32_iDASv3-P11_UTC190427180953.sgy,0041_FORGE_78-32_iDASv3-P11_UTC190427180953\seg_017.png,17,17,18,0,,
utah_upper,FORGE_78-32_iDASv3-P11_UTC190427180953.sgy,0041_FORGE_78-32_iDASv3-P11_UTC190427180953\seg_018.png,18,18,19,0,,
utah_upper,FORGE_78-32_iDASv3-P11_UTC190427180953.sgy,0041_FORGE_78-32_iDASv3-P11_UTC190427180953\seg_019.png,19,19,20,0,,
utah_upper,FORGE_78-32_iDASv3-P11_UTC190427180953.sgy,0041_FORGE_78-32_iDASv3-P11_UTC190427180953\seg_020.png,20,20,21,0,,
utah_upper,FORGE_78-32_iDASv3-P11_UTC190427180953.sgy,0041_FORGE_78-32_iDASv3-P11_UTC190427180953\seg_021.png,21,21,22,0,,
utah_upper,FORGE_78-32_iDASv3-P11_UTC190427180953.sgy,0041_FORGE_78-32_iDASv3-P11_UTC190427180953\seg_022.png,22,22,23,0,,
utah_upper,FORGE_78-32_iDASv3-P11_UTC190427180953.sgy,0041_FORGE_78-32_iDASv3-P11_UTC190427180953\seg_023.png,23,23,24,0,,
utah_upper,FORGE_78-32_iDASv3-P11_UTC190427180953.sgy,0041_FORGE_78-32_iDASv3-P11_UTC190427180953\seg_024.png,24,24,25,0,,
utah_upper,FORGE_78-32_iDASv3-P11_UTC190427180953.sgy,0041_FORGE_78-32_iDASv3-P11_UTC190427180953\seg_025.png,25,25,26,0,,
utah_upper,FORGE_78-32_iDASv3-P11_UTC190427180953.sgy,0041_FORGE_78-32_iDASv3-P11_UTC190427180953\seg_026.png,26,26,27,0,,
utah_upper,FORGE_78-32_iDASv3-P11_UTC190427180953.sgy,0041_FORGE_78-32_iDASv3-P11_UTC190427180953\seg_027.png,27,27,28,0,,
utah_upper,FORGE_78-32_iDASv3-P11_UTC190427180953.sgy,0041_FORGE_78-32_iDASv3-P11_UTC190427180953\seg_028.png,28,28,29,0,,
utah_upper,FORGE_78-32_iDASv3-P11_UTC190427180953.sgy,0041_FORGE_78-32_iDASv3-P11_UTC190427180953\seg_029.png,29,29,30,0,,
utah_upper,FORGE_78-32_iDASv3-P11_UTC190427181008.sgy,0042_FORGE_78-32_iDASv3-P11_UTC190427181008\seg_000.png,0,0,1,0,,
utah_upper,FORGE_78-32_iDASv3-P11_UTC190427181008.sgy,0042_FORGE_78-32_iDASv3-P11_UTC190427181008\seg_001.png,1,1,2,0,,
utah_upper,FORGE_78-32_iDASv3-P11_UTC190427181008.sgy,0042_FORGE_78-32_iDASv3-P11_UTC190427181008\seg_002.png,2,2,3,0,,
utah_upper,FORGE_78-32_iDASv3-P11_UTC190427181008.sgy,0042_FORGE_78-32_iDASv3-P11_UTC190427181008\seg_003.png,3,3,4,0,,
utah_upper,FORGE_78-32_iDASv3-P11_UTC190427181008.sgy,0042_FORGE_78-32_iDASv3-P11_UTC190427181008\seg_004.png,4,4,5,0,,
utah_upper,FORGE_78-32_iDASv3-P11_UTC190427181008.sgy,0042_FORGE_78-32_iDASv3-P11_UTC190427181008\seg_005.png,5,5,6,0,,
utah_upper,FORGE_78-32_iDASv3-P11_UTC190427181008.sgy,0042_FORGE_78-32_iDASv3-P11_UTC190427181008\seg_006.png,6,6,7,0,,
utah_upper,FORGE_78-32_iDASv3-P11_UTC190427181008.sgy,0042_FORGE_78-32_iDASv3-P11_UTC190427181008\seg_007.png,7,7,8,0,,
utah_upper,FORGE_78-32_iDASv3-P11_UTC190427181008.sgy,0042_FORGE_78-32_iDASv3-P11_UTC190427181008\seg_008.png,8,8,9,0,,
utah_upper,FORGE_78-32_iDASv3-P11_UTC190427181008.sgy,0042_FORGE_78-32_iDASv3-P11_UTC190427181008\seg_009.png,9,9,10,0,,
utah_upper,FORGE_78-32_iDASv3-P11_UTC190427181008.sgy,0042_FORGE_78-32_iDASv3-P11_UTC190427181008\seg_010.png,10,10,11,0,,
utah_upper,FORGE_78-32_iDASv3-P11_UTC190427181008.sgy,0042_FORGE_78-32_iDASv3-P11_UTC190427181008\seg_011.png,11,11,12,0,,
utah_upper,FORGE_78-32_iDASv3-P11_UTC190427181008.sgy,0042_FORGE_78-32_iDASv3-P11_UTC190427181008\seg_012.png,12,12,13,0,,
utah_upper,FORGE_78-32_iDASv3-P11_UTC190427181008.sgy,0042_FORGE_78-32_iDASv3-P11_UTC190427181008\seg_013.png,13,13,14,0,,
utah_upper,FORGE_78-32_iDASv3-P11_UTC190427181008.sgy,0042_FORGE_78-32_iDASv3-P11_UTC190427181008\seg_014.png,14,14,15,0,,
utah_upper,FORGE_78-32_iDASv3-P11_UTC190427181008.sgy,0042_FORGE_78-32_iDASv3-P11_UTC190427181008\seg_015.png,15,15,16,0,,
utah_upper,FORGE_78-32_iDASv3-P11_UTC190427181008.sgy,0042_FORGE_78-32_iDASv3-P11_UTC190427181008\seg_016.png,16,16,17,0,,
utah_upper,FORGE_78-32_iDASv3-P11_UTC190427181008.sgy,0042_FORGE_78-32_iDASv3-P11_UTC190427181008\seg_017.png,17,17,18,0,,
utah_upper,FORGE_78-32_iDASv3-P11_UTC190427181008.sgy,0042_FORGE_78-32_iDASv3-P11_UTC190427181008\seg_018.png,18,18,19,0,,
utah_upper,FORGE_78-32_iDASv3-P11_UTC190427181008.sgy,0042_FORGE_78-32_iDASv3-P11_UTC190427181008\seg_019.png,19,19,20,0,,
utah_upper,FORGE_78-32_iDASv3-P11_UTC190427181008.sgy,0042_FORGE_78-32_iDASv3-P11_UTC190427181008\seg_020.png,20,20,21,0,,
utah_upper,FORGE_78-32_iDASv3-P11_UTC190427181008.sgy,0042_FORGE_78-32_iDASv3-P11_UTC190427181008\seg_021.png,21,21,22,0,,
utah_upper,FORGE_78-32_iDASv3-P11_UTC190427181008.sgy,0042_FORGE_78-32_iDASv3-P11_UTC190427181008\seg_022.png,22,22,23,0,,
utah_upper,FORGE_78-32_iDASv3-P11_UTC190427181008.sgy,0042_FORGE_78-32_iDASv3-P11_UTC190427181008\seg_023.png,23,23,24,0,,
utah_upper,FORGE_78-32_iDASv3-P11_UTC190427181008.sgy,0042_FORGE_78-32_iDASv3-P11_UTC190427181008\seg_024.png,24,24,25,0,,
utah_upper,FORGE_78-32_iDASv3-P11_UTC190427181008.sgy,0042_FORGE_78-32_iDASv3-P11_UTC190427181008\seg_025.png,25,25,26,0,,
utah_upper,FORGE_78-32_iDASv3-P11_UTC190427181008.sgy,0042_FORGE_78-32_iDASv3-P11_UTC190427181008\seg_026.png,26,26,27,0,,
utah_upper,FORGE_78-32_iDASv3-P11_UTC190427181008.sgy,0042_FORGE_78-32_iDASv3-P11_UTC190427181008\seg_027.png,27,27,28,0,,
utah_upper,FORGE_78-32_iDASv3-P11_UTC190427181008.sgy,0042_FORGE_78-32_iDASv3-P11_UTC190427181008\seg_028.png,28,28,29,0,,
utah_upper,FORGE_78-32_iDASv3-P11_UTC190427181008.sgy,0042_FORGE_78-32_iDASv3-P11_UTC190427181008\seg_029.png,29,29,30,0,,
utah_upper,FORGE_78-32_iDASv3-P11_UTC190427182223.sgy,0043_FORGE_78-32_iDASv3-P11_UTC190427182223\seg_000.png,0,0,1,0,,
utah_upper,FORGE_78-32_iDASv3-P11_UTC190427182223.sgy,0043_FORGE_78-32_iDASv3-P11_UTC190427182223\seg_001.png,1,1,2,0,,
utah_upper,FORGE_78-32_iDASv3-P11_UTC190427182223.sgy,0043_FORGE_78-32_iDASv3-P11_UTC190427182223\seg_002.png,2,2,3,0,,
utah_upper,FORGE_78-32_iDASv3-P11_UTC190427182223.sgy,0043_FORGE_78-32_iDASv3-P11_UTC190427182223\seg_003.png,3,3,4,0,,
utah_upper,FORGE_78-32_iDASv3-P11_UTC190427182223.sgy,0043_FORGE_78-32_iDASv3-P11_UTC190427182223\seg_004.png,4,4,5,0,,
utah_upper,FORGE_78-32_iDASv3-P11_UTC190427182223.sgy,0043_FORGE_78-32_iDASv3-P11_UTC190427182223\seg_005.png,5,5,6,0,,
utah_upper,FORGE_78-32_iDASv3-P11_UTC190427182223.sgy,0043_FORGE_78-32_iDASv3-P11_UTC190427182223\seg_006.png,6,6,7,0,,
utah_upper,FORGE_78-32_iDASv3-P11_UTC190427182223.sgy,0043_FORGE_78-32_iDASv3-P11_UTC190427182223\seg_007.png,7,7,8,0,,
utah_upper,FORGE_78-32_iDASv3-P11_UTC190427182223.sgy,0043_FORGE_78-32_iDASv3-P11_UTC190427182223\seg_008.png,8,8,9,0,,
utah_upper,FORGE_78-32_iDASv3-P11_UTC190427182223.sgy,0043_FORGE_78-32_iDASv3-P11_UTC190427182223\seg_009.png,9,9,10,0,,
utah_upper,FORGE_78-32_iDASv3-P11_UTC190427182223.sgy,0043_FORGE_78-32_iDASv3-P11_UTC190427182223\seg_010.png,10,10,11,0,,
utah_upper,FORGE_78-32_iDASv3-P11_UTC190427182223.sgy,0043_FORGE_78-32_iDASv3-P11_UTC190427182223\seg_011.png,11,11,12,0,,
utah_upper,FORGE_78-32_iDASv3-P11_UTC190427182223.sgy,0043_FORGE_78-32_iDASv3-P11_UTC190427182223\seg_012.png,12,12,13,0,,
utah_upper,FORGE_78-32_iDASv3-P11_UTC190427182223.sgy,0043_FORGE_78-32_iDASv3-P11_UTC190427182223\seg_013.png,13,13,14,0,,
utah_upper,FORGE_78-32_iDASv3-P11_UTC190427182223.sgy,0043_FORGE_78-32_iDASv3-P11_UTC190427182223\seg_014.png,14,14,15,0,,
utah_upper,FORGE_78-32_iDASv3-P11_UTC190427182223.sgy,0043_FORGE_78-32_iDASv3-P11_UTC190427182223\seg_015.png,15,15,16,0,,
utah_upper,FORGE_78-32_iDASv3-P11_UTC190427182223.sgy,0043_FORGE_78-32_iDASv3-P11_UTC190427182223\seg_016.png,16,16,17,0,,
utah_upper,FORGE_78-32_iDASv3-P11_UTC190427182223.sgy,0043_FORGE_78-32_iDASv3-P11_UTC190427182223\seg_017.png,17,17,18,0,,
utah_upper,FORGE_78-32_iDASv3-P11_UTC190427182223.sgy,0043_FORGE_78-32_iDASv3-P11_UTC190427182223\seg_018.png,18,18,19,0,,
utah_upper,FORGE_78-32_iDASv3-P11_UTC190427182223.sgy,0043_FORGE_78-32_iDASv3-P11_UTC190427182223\seg_019.png,19,19,20,0,,
utah_upper,FORGE_78-32_iDASv3-P11_UTC190427182223.sgy,0043_FORGE_78-32_iDASv3-P11_UTC190427182223\seg_020.png,20,20,21,0,,
utah_upper,FORGE_78-32_iDASv3-P11_UTC190427182223.sgy,0043_FORGE_78-32_iDASv3-P11_UTC190427182223\seg_021.png,21,21,22,0,,
utah_upper,FORGE_78-32_iDASv3-P11_UTC190427182223.sgy,0043_FORGE_78-32_iDASv3-P11_UTC190427182223\seg_022.png,22,22,23,0,,
utah_upper,FORGE_78-32_iDASv3-P11_UTC190427182223.sgy,0043_FORGE_78-32_iDASv3-P11_UTC190427182223\seg_023.png,23,23,24,0,,
utah_upper,FORGE_78-32_iDASv3-P11_UTC190427182223.sgy,0043_FORGE_78-32_iDASv3-P11_UTC190427182223\seg_024.png,24,24,25,0,,
utah_upper,FORGE_78-32_iDASv3-P11_UTC190427182223.sgy,0043_FORGE_78-32_iDASv3-P11_UTC190427182223\seg_025.png,25,25,26,0,,
utah_upper,FORGE_78-32_iDASv3-P11_UTC190427182223.sgy,0043_FORGE_78-32_iDASv3-P11_UTC190427182223\seg_026.png,26,26,27,0,,
utah_upper,FORGE_78-32_iDASv3-P11_UTC190427182223.sgy,0043_FORGE_78-32_iDASv3-P11_UTC190427182223\seg_027.png,27,27,28,0,,
utah_upper,FORGE_78-32_iDASv3-P11_UTC190427182223.sgy,0043_FORGE_78-32_iDASv3-P11_UTC190427182223\seg_028.png,28,28,29,0,,
utah_upper,FORGE_78-32_iDASv3-P11_UTC190427182223.sgy,0043_FORGE_78-32_iDASv3-P11_UTC190427182223\seg_029.png,29,29,30,0,,
utah_upper,FORGE_78-32_iDASv3-P11_UTC190427182638.sgy,0044_FORGE_78-32_iDASv3-P11_UTC190427182638\seg_000.png,0,0,1,0,,
utah_upper,FORGE_78-32_iDASv3-P11_UTC190427182638.sgy,0044_FORGE_78-32_iDASv3-P11_UTC190427182638\seg_001.png,1,1,2,0,,
utah_upper,FORGE_78-32_iDASv3-P11_UTC190427182638.sgy,0044_FORGE_78-32_iDASv3-P11_UTC190427182638\seg_002.png,2,2,3,0,,
utah_upper,FORGE_78-32_iDASv3-P11_UTC190427182638.sgy,0044_FORGE_78-32_iDASv3-P11_UTC190427182638\seg_003.png,3,3,4,0,,
utah_upper,FORGE_78-32_iDASv3-P11_UTC190427182638.sgy,0044_FORGE_78-32_iDASv3-P11_UTC190427182638\seg_004.png,4,4,5,0,,
utah_upper,FORGE_78-32_iDASv3-P11_UTC190427182638.sgy,0044_FORGE_78-32_iDASv3-P11_UTC190427182638\seg_005.png,5,5,6,0,,
utah_upper,FORGE_78-32_iDASv3-P11_UTC190427182638.sgy,0044_FORGE_78-32_iDASv3-P11_UTC190427182638\seg_006.png,6,6,7,0,,
utah_upper,FORGE_78-32_iDASv3-P11_UTC190427182638.sgy,0044_FORGE_78-32_iDASv3-P11_UTC190427182638\seg_007.png,7,7,8,0,,
utah_upper,FORGE_78-32_iDASv3-P11_UTC190427182638.sgy,0044_FORGE_78-32_iDASv3-P11_UTC190427182638\seg_008.png,8,8,9,0,,
utah_upper,FORGE_78-32_iDASv3-P11_UTC190427182638.sgy,0044_FORGE_78-32_iDASv3-P11_UTC190427182638\seg_009.png,9,9,10,0,,
utah_upper,FORGE_78-32_iDASv3-P11_UTC190427182638.sgy,0044_FORGE_78-32_iDASv3-P11_UTC190427182638\seg_010.png,10,10,11,0,,
utah_upper,FORGE_78-32_iDASv3-P11_UTC190427182638.sgy,0044_FORGE_78-32_iDASv3-P11_UTC190427182638\seg_011.png,11,11,12,0,,
utah_upper,FORGE_78-32_iDASv3-P11_UTC190427182638.sgy,0044_FORGE_78-32_iDASv3-P11_UTC190427182638\seg_012.png,12,12,13,0,,
utah_upper,FORGE_78-32_iDASv3-P11_UTC190427182638.sgy,0044_FORGE_78-32_iDASv3-P11_UTC190427182638\seg_013.png,13,13,14,0,,
utah_upper,FORGE_78-32_iDASv3-P11_UTC190427182638.sgy,0044_FORGE_78-32_iDASv3-P11_UTC190427182638\seg_014.png,14,14,15,0,,
utah_upper,FORGE_78-32_iDASv3-P11_UTC190427182638.sgy,0044_FORGE_78-32_iDASv3-P11_UTC190427182638\seg_015.png,15,15,16,0,,
utah_upper,FORGE_78-32_iDASv3-P11_UTC190427182638.sgy,0044_FORGE_78-32_iDASv3-P11_UTC190427182638\seg_016.png,16,16,17,0,,
utah_upper,FORGE_78-32_iDASv3-P11_UTC190427182638.sgy,0044_FORGE_78-32_iDASv3-P11_UTC190427182638\seg_017.png,17,17,18,0,,
utah_upper,FORGE_78-32_iDASv3-P11_UTC190427182638.sgy,0044_FORGE_78-32_iDASv3-P11_UTC190427182638\seg_018.png,18,18,19,0,,
utah_upper,FORGE_78-32_iDASv3-P11_UTC190427182638.sgy,0044_FORGE_78-32_iDASv3-P11_UTC190427182638\seg_019.png,19,19,20,0,,
utah_upper,FORGE_78-32_iDASv3-P11_UTC190427182638.sgy,0044_FORGE_78-32_iDASv3-P11_UTC190427182638\seg_020.png,20,20,21,0,,
utah_upper,FORGE_78-32_iDASv3-P11_UTC190427182638.sgy,0044_FORGE_78-32_iDASv3-P11_UTC190427182638\seg_021.png,21,21,22,0,,
utah_upper,FORGE_78-32_iDASv3-P11_UTC190427182638.sgy,0044_FORGE_78-32_iDASv3-P11_UTC190427182638\seg_022.png,22,22,23,0,,
utah_upper,FORGE_78-32_iDASv3-P11_UTC190427182638.sgy,0044_FORGE_78-32_iDASv3-P11_UTC190427182638\seg_023.png,23,23,24,0,,
utah_upper,FORGE_78-32_iDASv3-P11_UTC190427182638.sgy,0044_FORGE_78-32_iDASv3-P11_UTC190427182638\seg_024.png,24,24,25,0,,
utah_upper,FORGE_78-32_iDASv3-P11_UTC190427182638.sgy,0044_FORGE_78-32_iDASv3-P11_UTC190427182638\seg_025.png,25,25,26,0,,
utah_upper,FORGE_78-32_iDASv3-P11_UTC190427182638.sgy,0044_FORGE_78-32_iDASv3-P11_UTC190427182638\seg_026.png,26,26,27,0,,
utah_upper,FORGE_78-32_iDASv3-P11_UTC190427182638.sgy,0044_FORGE_78-32_iDASv3-P11_UTC190427182638\seg_027.png,27,27,28,0,,
utah_upper,FORGE_78-32_iDASv3-P11_UTC190427182638.sgy,0044_FORGE_78-32_iDASv3-P11_UTC190427182638\seg_028.png,28,28,29,0,,
utah_upper,FORGE_78-32_iDASv3-P11_UTC190427182638.sgy,0044_FORGE_78-32_iDASv3-P11_UTC190427182638\seg_029.png,29,29,30,0,,
utah_upper,FORGE_78-32_iDASv3-P11_UTC190427182753.sgy,0045_FORGE_78-32_iDASv3-P11_UTC190427182753\seg_000.png,0,0,1,0,,
utah_upper,FORGE_78-32_iDASv3-P11_UTC190427182753.sgy,0045_FORGE_78-32_iDASv3-P11_UTC190427182753\seg_001.png,1,1,2,0,,
utah_upper,FORGE_78-32_iDASv3-P11_UTC190427182753.sgy,0045_FORGE_78-32_iDASv3-P11_UTC190427182753\seg_002.png,2,2,3,0,,
utah_upper,FORGE_78-32_iDASv3-P11_UTC190427182753.sgy,0045_FORGE_78-32_iDASv3-P11_UTC190427182753\seg_003.png,3,3,4,0,,
utah_upper,FORGE_78-32_iDASv3-P11_UTC190427182753.sgy,0045_FORGE_78-32_iDASv3-P11_UTC190427182753\seg_004.png,4,4,5,0,,
utah_upper,FORGE_78-32_iDASv3-P11_UTC190427182753.sgy,0045_FORGE_78-32_iDASv3-P11_UTC190427182753\seg_005.png,5,5,6,0,,
utah_upper,FORGE_78-32_iDASv3-P11_UTC190427182753.sgy,0045_FORGE_78-32_iDASv3-P11_UTC190427182753\seg_006.png,6,6,7,0,,
utah_upper,FORGE_78-32_iDASv3-P11_UTC190427182753.sgy,0045_FORGE_78-32_iDASv3-P11_UTC190427182753\seg_007.png,7,7,8,0,,
utah_upper,FORGE_78-32_iDASv3-P11_UTC190427182753.sgy,0045_FORGE_78-32_iDASv3-P11_UTC190427182753\seg_008.png,8,8,9,0,,
utah_upper,FORGE_78-32_iDASv3-P11_UTC190427182753.sgy,0045_FORGE_78-32_iDASv3-P11_UTC190427182753\seg_009.png,9,9,10,0,,
utah_upper,FORGE_78-32_iDASv3-P11_UTC190427182753.sgy,0045_FORGE_78-32_iDASv3-P11_UTC190427182753\seg_010.png,10,10,11,0,,
utah_upper,FORGE_78-32_iDASv3-P11_UTC190427182753.sgy,0045_FORGE_78-32_iDASv3-P11_UTC190427182753\seg_011.png,11,11,12,0,,
utah_upper,FORGE_78-32_iDASv3-P11_UTC190427182753.sgy,0045_FORGE_78-32_iDASv3-P11_UTC190427182753\seg_012.png,12,12,13,0,,
utah_upper,FORGE_78-32_iDASv3-P11_UTC190427182753.sgy,0045_FORGE_78-32_iDASv3-P11_UTC190427182753\seg_013.png,13,13,14,0,,
utah_upper,FORGE_78-32_iDASv3-P11_UTC190427182753.sgy,0045_FORGE_78-32_iDASv3-P11_UTC190427182753\seg_014.png,14,14,15,0,,
utah_upper,FORGE_78-32_iDASv3-P11_UTC190427182753.sgy,0045_FORGE_78-32_iDASv3-P11_UTC190427182753\seg_015.png,15,15,16,0,,
utah_upper,FORGE_78-32_iDASv3-P11_UTC190427182753.sgy,0045_FORGE_78-32_iDASv3-P11_UTC190427182753\seg_016.png,16,16,17,0,,
utah_upper,FORGE_78-32_iDASv3-P11_UTC190427182753.sgy,0045_FORGE_78-32_iDASv3-P11_UTC190427182753\seg_017.png,17,17,18,0,,
utah_upper,FORGE_78-32_iDASv3-P11_UTC190427182753.sgy,0045_FORGE_78-32_iDASv3-P11_UTC190427182753\seg_018.png,18,18,19,0,,
utah_upper,FORGE_78-32_iDASv3-P11_UTC190427182753.sgy,0045_FORGE_78-32_iDASv3-P11_UTC190427182753\seg_019.png,19,19,20,0,,
utah_upper,FORGE_78-32_iDASv3-P11_UTC190427182753.sgy,0045_FORGE_78-32_iDASv3-P11_UTC190427182753\seg_020.png,20,20,21,0,,
utah_upper,FORGE_78-32_iDASv3-P11_UTC190427182753.sgy,0045_FORGE_78-32_iDASv3-P11_UTC190427182753\seg_021.png,21,21,22,0,,
utah_upper,FORGE_78-32_iDASv3-P11_UTC190427182753.sgy,0045_FORGE_78-32_iDASv3-P11_UTC190427182753\seg_022.png,22,22,23,0,,
utah_upper,FORGE_78-32_iDASv3-P11_UTC190427182753.sgy,0045_FORGE_78-32_iDASv3-P11_UTC190427182753\seg_023.png,23,23,24,0,,
utah_upper,FORGE_78-32_iDASv3-P11_UTC190427182753.sgy,0045_FORGE_78-32_iDASv3-P11_UTC190427182753\seg_024.png,24,24,25,0,,
utah_upper,FORGE_78-32_iDASv3-P11_UTC190427182753.sgy,0045_FORGE_78-32_iDASv3-P11_UTC190427182753\seg_025.png,25,25,26,0,,
utah_upper,FORGE_78-32_iDASv3-P11_UTC190427182753.sgy,0045_FORGE_78-32_iDASv3-P11_UTC190427182753\seg_026.png,26,26,27,0,,
utah_upper,FORGE_78-32_iDASv3-P11_UTC190427182753.sgy,0045_FORGE_78-32_iDASv3-P11_UTC190427182753\seg_027.png,27,27,28,0,,
utah_upper,FORGE_78-32_iDASv3-P11_UTC190427182753.sgy,0045_FORGE_78-32_iDASv3-P11_UTC190427182753\seg_028.png,28,28,29,0,,
utah_upper,FORGE_78-32_iDASv3-P11_UTC190427182753.sgy,0045_FORGE_78-32_iDASv3-P11_UTC190427182753\seg_029.png,29,29,30,0,,
utah_upper,FORGE_78-32_iDASv3-P11_UTC190427191823.sgy,0046_FORGE_78-32_iDASv3-P11_UTC190427191823\seg_000.png,0,0,1,0,,
utah_upper,FORGE_78-32_iDASv3-P11_UTC190427191823.sgy,0046_FORGE_78-32_iDASv3-P11_UTC190427191823\seg_001.png,1,1,2,0,,
utah_upper,FORGE_78-32_iDASv3-P11_UTC190427191823.sgy,0046_FORGE_78-32_iDASv3-P11_UTC190427191823\seg_002.png,2,2,3,0,,
utah_upper,FORGE_78-32_iDASv3-P11_UTC190427191823.sgy,0046_FORGE_78-32_iDASv3-P11_UTC190427191823\seg_003.png,3,3,4,0,,
utah_upper,FORGE_78-32_iDASv3-P11_UTC190427191823.sgy,0046_FORGE_78-32_iDASv3-P11_UTC190427191823\seg_004.png,4,4,5,0,,
utah_upper,FORGE_78-32_iDASv3-P11_UTC190427191823.sgy,0046_FORGE_78-32_iDASv3-P11_UTC190427191823\seg_005.png,5,5,6,0,,
utah_upper,FORGE_78-32_iDASv3-P11_UTC190427191823.sgy,0046_FORGE_78-32_iDASv3-P11_UTC190427191823\seg_006.png,6,6,7,0,,
utah_upper,FORGE_78-32_iDASv3-P11_UTC190427191823.sgy,0046_FORGE_78-32_iDASv3-P11_UTC190427191823\seg_007.png,7,7,8,0,,
utah_upper,FORGE_78-32_iDASv3-P11_UTC190427191823.sgy,0046_FORGE_78-32_iDASv3-P11_UTC190427191823\seg_008.png,8,8,9,0,,
utah_upper,FORGE_78-32_iDASv3-P11_UTC190427191823.sgy,0046_FORGE_78-32_iDASv3-P11_UTC190427191823\seg_009.png,9,9,10,0,,
utah_upper,FORGE_78-32_iDASv3-P11_UTC190427191823.sgy,0046_FORGE_78-32_iDASv3-P11_UTC190427191823\seg_010.png,10,10,11,0,,
utah_upper,FORGE_78-32_iDASv3-P11_UTC190427191823.sgy,0046_FORGE_78-32_iDASv3-P11_UTC190427191823\seg_011.png,11,11,12,0,,
utah_upper,FORGE_78-32_iDASv3-P11_UTC190427191823.sgy,0046_FORGE_78-32_iDASv3-P11_UTC190427191823\seg_012.png,12,12,13,0,,
utah_upper,FORGE_78-32_iDASv3-P11_UTC190427191823.sgy,0046_FORGE_78-32_iDASv3-P11_UTC190427191823\seg_013.png,13,13,14,0,,
utah_upper,FORGE_78-32_iDASv3-P11_UTC190427191823.sgy,0046_FORGE_78-32_iDASv3-P11_UTC190427191823\seg_014.png,14,14,15,0,,
utah_upper,FORGE_78-32_iDASv3-P11_UTC190427191823.sgy,0046_FORGE_78-32_iDASv3-P11_UTC190427191823\seg_015.png,15,15,16,0,,
utah_upper,FORGE_78-32_iDASv3-P11_UTC190427191823.sgy,0046_FORGE_78-32_iDASv3-P11_UTC190427191823\seg_016.png,16,16,17,0,,
utah_upper,FORGE_78-32_iDASv3-P11_UTC190427191823.sgy,0046_FORGE_78-32_iDASv3-P11_UTC190427191823\seg_017.png,17,17,18,0,,
utah_upper,FORGE_78-32_iDASv3-P11_UTC190427191823.sgy,0046_FORGE_78-32_iDASv3-P11_UTC190427191823\seg_018.png,18,18,19,0,,
utah_upper,FORGE_78-32_iDASv3-P11_UTC190427191823.sgy,0046_FORGE_78-32_iDASv3-P11_UTC190427191823\seg_019.png,19,19,20,0,,
utah_upper,FORGE_78-32_iDASv3-P11_UTC190427191823.sgy,0046_FORGE_78-32_iDASv3-P11_UTC190427191823\seg_020.png,20,20,21,0,,
utah_upper,FORGE_78-32_iDASv3-P11_UTC190427191823.sgy,0046_FORGE_78-32_iDASv3-P11_UTC190427191823\seg_021.png,21,21,22,0,,
utah_upper,FORGE_78-32_iDASv3-P11_UTC190427191823.sgy,0046_FORGE_78-32_iDASv3-P11_UTC190427191823\seg_022.png,22,22,23,0,,
utah_upper,FORGE_78-32_iDASv3-P11_UTC190427191823.sgy,0046_FORGE_78-32_iDASv3-P11_UTC190427191823\seg_023.png,23,23,24,0,,
utah_upper,FORGE_78-32_iDASv3-P11_UTC190427191823.sgy,0046_FORGE_78-32_iDASv3-P11_UTC190427191823\seg_024.png,24,24,25,0,,
utah_upper,FORGE_78-32_iDASv3-P11_UTC190427191823.sgy,0046_FORGE_78-32_iDASv3-P11_UTC190427191823\seg_025.png,25,25,26,0,,
utah_upper,FORGE_78-32_iDASv3-P11_UTC190427191823.sgy,0046_FORGE_78-32_iDASv3-P11_UTC190427191823\seg_026.png,26,26,27,0,,
utah_upper,FORGE_78-32_iDASv3-P11_UTC190427191823.sgy,0046_FORGE_78-32_iDASv3-P11_UTC190427191823\seg_027.png,27,27,28,0,,
utah_upper,FORGE_78-32_iDASv3-P11_UTC190427191823.sgy,0046_FORGE_78-32_iDASv3-P11_UTC190427191823\seg_028.png,28,28,29,0,,
utah_upper,FORGE_78-32_iDASv3-P11_UTC190427191823.sgy,0046_FORGE_78-32_iDASv3-P11_UTC190427191823\seg_029.png,29,29,30,0,,
utah_upper,FORGE_78-32_iDASv3-P11_UTC190427194323.sgy,0047_FORGE_78-32_iDASv3-P11_UTC190427194323\seg_000.png,0,0,1,0,,
utah_upper,FORGE_78-32_iDASv3-P11_UTC190427194323.sgy,0047_FORGE_78-32_iDASv3-P11_UTC190427194323\seg_001.png,1,1,2,0,,
utah_upper,FORGE_78-32_iDASv3-P11_UTC190427194323.sgy,0047_FORGE_78-32_iDASv3-P11_UTC190427194323\seg_002.png,2,2,3,0,,
utah_upper,FORGE_78-32_iDASv3-P11_UTC190427194323.sgy,0047_FORGE_78-32_iDASv3-P11_UTC190427194323\seg_003.png,3,3,4,0,,
utah_upper,FORGE_78-32_iDASv3-P11_UTC190427194323.sgy,0047_FORGE_78-32_iDASv3-P11_UTC190427194323\seg_004.png,4,4,5,0,,
utah_upper,FORGE_78-32_iDASv3-P11_UTC190427194323.sgy,0047_FORGE_78-32_iDASv3-P11_UTC190427194323\seg_005.png,5,5,6,0,,
utah_upper,FORGE_78-32_iDASv3-P11_UTC190427194323.sgy,0047_FORGE_78-32_iDASv3-P11_UTC190427194323\seg_006.png,6,6,7,0,,
utah_upper,FORGE_78-32_iDASv3-P11_UTC190427194323.sgy,0047_FORGE_78-32_iDASv3-P11_UTC190427194323\seg_007.png,7,7,8,0,,
utah_upper,FORGE_78-32_iDASv3-P11_UTC190427194323.sgy,0047_FORGE_78-32_iDASv3-P11_UTC190427194323\seg_008.png,8,8,9,0,,
utah_upper,FORGE_78-32_iDASv3-P11_UTC190427194323.sgy,0047_FORGE_78-32_iDASv3-P11_UTC190427194323\seg_009.png,9,9,10,0,,
utah_upper,FORGE_78-32_iDASv3-P11_UTC190427194323.sgy,0047_FORGE_78-32_iDASv3-P11_UTC190427194323\seg_010.png,10,10,11,0,,
utah_upper,FORGE_78-32_iDASv3-P11_UTC190427194323.sgy,0047_FORGE_78-32_iDASv3-P11_UTC190427194323\seg_011.png,11,11,12,0,,
utah_upper,FORGE_78-32_iDASv3-P11_UTC190427194323.sgy,0047_FORGE_78-32_iDASv3-P11_UTC190427194323\seg_012.png,12,12,13,0,,
utah_upper,FORGE_78-32_iDASv3-P11_UTC190427194323.sgy,0047_FORGE_78-32_iDASv3-P11_UTC190427194323\seg_013.png,13,13,14,0,,
utah_upper,FORGE_78-32_iDASv3-P11_UTC190427194323.sgy,0047_FORGE_78-32_iDASv3-P11_UTC190427194323\seg_014.png,14,14,15,0,,
utah_upper,FORGE_78-32_iDASv3-P11_UTC190427194323.sgy,0047_FORGE_78-32_iDASv3-P11_UTC190427194323\seg_015.png,15,15,16,0,,
utah_upper,FORGE_78-32_iDASv3-P11_UTC190427194323.sgy,0047_FORGE_78-32_iDASv3-P11_UTC190427194323\seg_016.png,16,16,17,0,,
utah_upper,FORGE_78-32_iDASv3-P11_UTC190427194323.sgy,0047_FORGE_78-32_iDASv3-P11_UTC190427194323\seg_017.png,17,17,18,0,,
utah_upper,FORGE_78-32_iDASv3-P11_UTC190427194323.sgy,0047_FORGE_78-32_iDASv3-P11_UTC190427194323\seg_018.png,18,18,19,0,,
utah_upper,FORGE_78-32_iDASv3-P11_UTC190427194323.sgy,0047_FORGE_78-32_iDASv3-P11_UTC190427194323\seg_019.png,19,19,20,0,,
utah_upper,FORGE_78-32_iDASv3-P11_UTC190427194323.sgy,0047_FORGE_78-32_iDASv3-P11_UTC190427194323\seg_020.png,20,20,21,0,,
utah_upper,FORGE_78-32_iDASv3-P11_UTC190427194323.sgy,0047_FORGE_78-32_iDASv3-P11_UTC190427194323\seg_021.png,21,21,22,0,,
utah_upper,FORGE_78-32_iDASv3-P11_UTC190427194323.sgy,0047_FORGE_78-32_iDASv3-P11_UTC190427194323\seg_022.png,22,22,23,0,,
utah_upper,FORGE_78-32_iDASv3-P11_UTC190427194323.sgy,0047_FORGE_78-32_iDASv3-P11_UTC190427194323\seg_023.png,23,23,24,0,,
utah_upper,FORGE_78-32_iDASv3-P11_UTC190427194323.sgy,0047_FORGE_78-32_iDASv3-P11_UTC190427194323\seg_024.png,24,24,25,0,,
utah_upper,FORGE_78-32_iDASv3-P11_UTC190427194323.sgy,0047_FORGE_78-32_iDASv3-P11_UTC190427194323\seg_025.png,25,25,26,0,,
utah_upper,FORGE_78-32_iDASv3-P11_UTC190427194323.sgy,0047_FORGE_78-32_iDASv3-P11_UTC190427194323\seg_026.png,26,26,27,0,,
utah_upper,FORGE_78-32_iDASv3-P11_UTC190427194323.sgy,0047_FORGE_78-32_iDASv3-P11_UTC190427194323\seg_027.png,27,27,28,0,,
utah_upper,FORGE_78-32_iDASv3-P11_UTC190427194323.sgy,0047_FORGE_78-32_iDASv3-P11_UTC190427194323\seg_028.png,28,28,29,0,,
utah_upper,FORGE_78-32_iDASv3-P11_UTC190427194323.sgy,0047_FORGE_78-32_iDASv3-P11_UTC190427194323\seg_029.png,29,29,30,0,,
utah_upper,FORGE_78-32_iDASv3-P11_UTC190427194723.sgy,0048_FORGE_78-32_iDASv3-P11_UTC190427194723\seg_000.png,0,0,1,0,,
utah_upper,FORGE_78-32_iDASv3-P11_UTC190427194723.sgy,0048_FORGE_78-32_iDASv3-P11_UTC190427194723\seg_001.png,1,1,2,0,,
utah_upper,FORGE_78-32_iDASv3-P11_UTC190427194723.sgy,0048_FORGE_78-32_iDASv3-P11_UTC190427194723\seg_002.png,2,2,3,0,,
utah_upper,FORGE_78-32_iDASv3-P11_UTC190427194723.sgy,0048_FORGE_78-32_iDASv3-P11_UTC190427194723\seg_003.png,3,3,4,0,,
utah_upper,FORGE_78-32_iDASv3-P11_UTC190427194723.sgy,0048_FORGE_78-32_iDASv3-P11_UTC190427194723\seg_004.png,4,4,5,0,,
utah_upper,FORGE_78-32_iDASv3-P11_UTC190427194723.sgy,0048_FORGE_78-32_iDASv3-P11_UTC190427194723\seg_005.png,5,5,6,0,,
utah_upper,FORGE_78-32_iDASv3-P11_UTC190427194723.sgy,0048_FORGE_78-32_iDASv3-P11_UTC190427194723\seg_006.png,6,6,7,0,,
utah_upper,FORGE_78-32_iDASv3-P11_UTC190427194723.sgy,0048_FORGE_78-32_iDASv3-P11_UTC190427194723\seg_007.png,7,7,8,0,,
utah_upper,FORGE_78-32_iDASv3-P11_UTC190427194723.sgy,0048_FORGE_78-32_iDASv3-P11_UTC190427194723\seg_008.png,8,8,9,0,,
utah_upper,FORGE_78-32_iDASv3-P11_UTC190427194723.sgy,0048_FORGE_78-32_iDASv3-P11_UTC190427194723\seg_009.png,9,9,10,0,,
utah_upper,FORGE_78-32_iDASv3-P11_UTC190427194723.sgy,0048_FORGE_78-32_iDASv3-P11_UTC190427194723\seg_010.png,10,10,11,0,,
utah_upper,FORGE_78-32_iDASv3-P11_UTC190427194723.sgy,0048_FORGE_78-32_iDASv3-P11_UTC190427194723\seg_011.png,11,11,12,0,,
utah_upper,FORGE_78-32_iDASv3-P11_UTC190427194723.sgy,0048_FORGE_78-32_iDASv3-P11_UTC190427194723\seg_012.png,12,12,13,0,,
utah_upper,FORGE_78-32_iDASv3-P11_UTC190427194723.sgy,0048_FORGE_78-32_iDASv3-P11_UTC190427194723\seg_013.png,13,13,14,0,,
utah_upper,FORGE_78-32_iDASv3-P11_UTC190427194723.sgy,0048_FORGE_78-32_iDASv3-P11_UTC190427194723\seg_014.png,14,14,15,0,,
utah_upper,FORGE_78-32_iDASv3-P11_UTC190427194723.sgy,0048_FORGE_78-32_iDASv3-P11_UTC190427194723\seg_015.png,15,15,16,0,,
utah_upper,FORGE_78-32_iDASv3-P11_UTC190427194723.sgy,0048_FORGE_78-32_iDASv3-P11_UTC190427194723\seg_016.png,16,16,17,0,,
utah_upper,FORGE_78-32_iDASv3-P11_UTC190427194723.sgy,0048_FORGE_78-32_iDASv3-P11_UTC190427194723\seg_017.png,17,17,18,0,,
utah_upper,FORGE_78-32_iDASv3-P11_UTC190427194723.sgy,0048_FORGE_78-32_iDASv3-P11_UTC190427194723\seg_018.png,18,18,19,0,,
utah_upper,FORGE_78-32_iDASv3-P11_UTC190427194723.sgy,0048_FORGE_78-32_iDASv3-P11_UTC190427194723\seg_019.png,19,19,20,0,,
utah_upper,FORGE_78-32_iDASv3-P11_UTC190427194723.sgy,0048_FORGE_78-32_iDASv3-P11_UTC190427194723\seg_020.png,20,20,21,0,,
utah_upper,FORGE_78-32_iDASv3-P11_UTC190427194723.sgy,0048_FORGE_78-32_iDASv3-P11_UTC190427194723\seg_021.png,21,21,22,0,,
utah_upper,FORGE_78-32_iDASv3-P11_UTC190427194723.sgy,0048_FORGE_78-32_iDASv3-P11_UTC190427194723\seg_022.png,22,22,23,0,,
utah_upper,FORGE_78-32_iDASv3-P11_UTC190427194723.sgy,0048_FORGE_78-32_iDASv3-P11_UTC190427194723\seg_023.png,23,23,24,0,,
utah_upper,FORGE_78-32_iDASv3-P11_UTC190427194723.sgy,0048_FORGE_78-32_iDASv3-P11_UTC190427194723\seg_024.png,24,24,25,0,,
utah_upper,FORGE_78-32_iDASv3-P11_UTC190427194723.sgy,0048_FORGE_78-32_iDASv3-P11_UTC190427194723\seg_025.png,25,25,26,0,,
utah_upper,FORGE_78-32_iDASv3-P11_UTC190427194723.sgy,0048_FORGE_78-32_iDASv3-P11_UTC190427194723\seg_026.png,26,26,27,0,,
utah_upper,FORGE_78-32_iDASv3-P11_UTC190427194723.sgy,0048_FORGE_78-32_iDASv3-P11_UTC190427194723\seg_027.png,27,27,28,0,,
utah_upper,FORGE_78-32_iDASv3-P11_UTC190427194723.sgy,0048_FORGE_78-32_iDASv3-P11_UTC190427194723\seg_028.png,28,28,29,0,,
utah_upper,FORGE_78-32_iDASv3-P11_UTC190427194723.sgy,0048_FORGE_78-32_iDASv3-P11_UTC190427194723\seg_029.png,29,29,30,0,,
utah_upper,FORGE_78-32_iDASv3-P11_UTC190427194908.sgy,0049_FORGE_78-32_iDASv3-P11_UTC190427194908\seg_000.png,0,0,1,0,,
utah_upper,FORGE_78-32_iDASv3-P11_UTC190427194908.sgy,0049_FORGE_78-32_iDASv3-P11_UTC190427194908\seg_001.png,1,1,2,0,,
utah_upper,FORGE_78-32_iDASv3-P11_UTC190427194908.sgy,0049_FORGE_78-32_iDASv3-P11_UTC190427194908\seg_002.png,2,2,3,0,,
utah_upper,FORGE_78-32_iDASv3-P11_UTC190427194908.sgy,0049_FORGE_78-32_iDASv3-P11_UTC190427194908\seg_003.png,3,3,4,0,,
utah_upper,FORGE_78-32_iDASv3-P11_UTC190427194908.sgy,0049_FORGE_78-32_iDASv3-P11_UTC190427194908\seg_004.png,4,4,5,0,,
utah_upper,FORGE_78-32_iDASv3-P11_UTC190427194908.sgy,0049_FORGE_78-32_iDASv3-P11_UTC190427194908\seg_005.png,5,5,6,0,,
utah_upper,FORGE_78-32_iDASv3-P11_UTC190427194908.sgy,0049_FORGE_78-32_iDASv3-P11_UTC190427194908\seg_006.png,6,6,7,0,,
utah_upper,FORGE_78-32_iDASv3-P11_UTC190427194908.sgy,0049_FORGE_78-32_iDASv3-P11_UTC190427194908\seg_007.png,7,7,8,0,,
utah_upper,FORGE_78-32_iDASv3-P11_UTC190427194908.sgy,0049_FORGE_78-32_iDASv3-P11_UTC190427194908\seg_008.png,8,8,9,0,,
utah_upper,FORGE_78-32_iDASv3-P11_UTC190427194908.sgy,0049_FORGE_78-32_iDASv3-P11_UTC190427194908\seg_009.png,9,9,10,0,,
utah_upper,FORGE_78-32_iDASv3-P11_UTC190427194908.sgy,0049_FORGE_78-32_iDASv3-P11_UTC190427194908\seg_010.png,10,10,11,0,,
utah_upper,FORGE_78-32_iDASv3-P11_UTC190427194908.sgy,0049_FORGE_78-32_iDASv3-P11_UTC190427194908\seg_011.png,11,11,12,0,,
utah_upper,FORGE_78-32_iDASv3-P11_UTC190427194908.sgy,0049_FORGE_78-32_iDASv3-P11_UTC190427194908\seg_012.png,12,12,13,0,,
utah_upper,FORGE_78-32_iDASv3-P11_UTC190427194908.sgy,0049_FORGE_78-32_iDASv3-P11_UTC190427194908\seg_013.png,13,13,14,0,,
utah_upper,FORGE_78-32_iDASv3-P11_UTC190427194908.sgy,0049_FORGE_78-32_iDASv3-P11_UTC190427194908\seg_014.png,14,14,15,0,,
utah_upper,FORGE_78-32_iDASv3-P11_UTC190427194908.sgy,0049_FORGE_78-32_iDASv3-P11_UTC190427194908\seg_015.png,15,15,16,0,,
utah_upper,FORGE_78-32_iDASv3-P11_UTC190427194908.sgy,0049_FORGE_78-32_iDASv3-P11_UTC190427194908\seg_016.png,16,16,17,0,,
utah_upper,FORGE_78-32_iDASv3-P11_UTC190427194908.sgy,0049_FORGE_78-32_iDASv3-P11_UTC190427194908\seg_017.png,17,17,18,0,,
utah_upper,FORGE_78-32_iDASv3-P11_UTC190427194908.sgy,0049_FORGE_78-32_iDASv3-P11_UTC190427194908\seg_018.png,18,18,19,0,,
utah_upper,FORGE_78-32_iDASv3-P11_UTC190427194908.sgy,0049_FORGE_78-32_iDASv3-P11_UTC190427194908\seg_019.png,19,19,20,0,,
utah_upper,FORGE_78-32_iDASv3-P11_UTC190427194908.sgy,0049_FORGE_78-32_iDASv3-P11_UTC190427194908\seg_020.png,20,20,21,0,,
utah_upper,FORGE_78-32_iDASv3-P11_UTC190427194908.sgy,0049_FORGE_78-32_iDASv3-P11_UTC190427194908\seg_021.png,21,21,22,0,,
utah_upper,FORGE_78-32_iDASv3-P11_UTC190427194908.sgy,0049_FORGE_78-32_iDASv3-P11_UTC190427194908\seg_022.png,22,22,23,0,,
utah_upper,FORGE_78-32_iDASv3-P11_UTC190427194908.sgy,0049_FORGE_78-32_iDASv3-P11_UTC190427194908\seg_023.png,23,23,24,0,,
utah_upper,FORGE_78-32_iDASv3-P11_UTC190427194908.sgy,0049_FORGE_78-32_iDASv3-P11_UTC190427194908\seg_024.png,24,24,25,0,,
utah_upper,FORGE_78-32_iDASv3-P11_UTC190427194908.sgy,0049_FORGE_78-32_iDASv3-P11_UTC190427194908\seg_025.png,25,25,26,0,,
utah_upper,FORGE_78-32_iDASv3-P11_UTC190427194908.sgy,0049_FORGE_78-32_iDASv3-P11_UTC190427194908\seg_026.png,26,26,27,0,,
utah_upper,FORGE_78-32_iDASv3-P11_UTC190427194908.sgy,0049_FORGE_78-32_iDASv3-P11_UTC190427194908\seg_027.png,27,27,28,0,,
utah_upper,FORGE_78-32_iDASv3-P11_UTC190427194908.sgy,0049_FORGE_78-32_iDASv3-P11_UTC190427194908\seg_028.png,28,28,29,0,,
utah_upper,FORGE_78-32_iDASv3-P11_UTC190427194908.sgy,0049_FORGE_78-32_iDASv3-P11_UTC190427194908\seg_029.png,29,29,30,0,,
utah_upper,FORGE_78-32_iDASv3-P11_UTC190427194938.sgy,0050_FORGE_78-32_iDASv3-P11_UTC190427194938\seg_000.png,0,0,1,0,,
utah_upper,FORGE_78-32_iDASv3-P11_UTC190427194938.sgy,0050_FORGE_78-32_iDASv3-P11_UTC190427194938\seg_001.png,1,1,2,0,,
utah_upper,FORGE_78-32_iDASv3-P11_UTC190427194938.sgy,0050_FORGE_78-32_iDASv3-P11_UTC190427194938\seg_002.png,2,2,3,0,,
utah_upper,FORGE_78-32_iDASv3-P11_UTC190427194938.sgy,0050_FORGE_78-32_iDASv3-P11_UTC190427194938\seg_003.png,3,3,4,0,,
utah_upper,FORGE_78-32_iDASv3-P11_UTC190427194938.sgy,0050_FORGE_78-32_iDASv3-P11_UTC190427194938\seg_004.png,4,4,5,0,,
utah_upper,FORGE_78-32_iDASv3-P11_UTC190427194938.sgy,0050_FORGE_78-32_iDASv3-P11_UTC190427194938\seg_005.png,5,5,6,0,,
utah_upper,FORGE_78-32_iDASv3-P11_UTC190427194938.sgy,0050_FORGE_78-32_iDASv3-P11_UTC190427194938\seg_006.png,6,6,7,0,,
utah_upper,FORGE_78-32_iDASv3-P11_UTC190427194938.sgy,0050_FORGE_78-32_iDASv3-P11_UTC190427194938\seg_007.png,7,7,8,0,,
utah_upper,FORGE_78-32_iDASv3-P11_UTC190427194938.sgy,0050_FORGE_78-32_iDASv3-P11_UTC190427194938\seg_008.png,8,8,9,0,,
utah_upper,FORGE_78-32_iDASv3-P11_UTC190427194938.sgy,0050_FORGE_78-32_iDASv3-P11_UTC190427194938\seg_009.png,9,9,10,0,,
utah_upper,FORGE_78-32_iDASv3-P11_UTC190427194938.sgy,0050_FORGE_78-32_iDASv3-P11_UTC190427194938\seg_010.png,10,10,11,0,,
utah_upper,FORGE_78-32_iDASv3-P11_UTC190427194938.sgy,0050_FORGE_78-32_iDASv3-P11_UTC190427194938\seg_011.png,11,11,12,0,,
utah_upper,FORGE_78-32_iDASv3-P11_UTC190427194938.sgy,0050_FORGE_78-32_iDASv3-P11_UTC190427194938\seg_012.png,12,12,13,0,,
utah_upper,FORGE_78-32_iDASv3-P11_UTC190427194938.sgy,0050_FORGE_78-32_iDASv3-P11_UTC190427194938\seg_013.png,13,13,14,0,,
utah_upper,FORGE_78-32_iDASv3-P11_UTC190427194938.sgy,0050_FORGE_78-32_iDASv3-P11_UTC190427194938\seg_014.png,14,14,15,0,,
utah_upper,FORGE_78-32_iDASv3-P11_UTC190427194938.sgy,0050_FORGE_78-32_iDASv3-P11_UTC190427194938\seg_015.png,15,15,16,0,,
utah_upper,FORGE_78-32_iDASv3-P11_UTC190427194938.sgy,0050_FORGE_78-32_iDASv3-P11_UTC190427194938\seg_016.png,16,16,17,0,,
utah_upper,FORGE_78-32_iDASv3-P11_UTC190427194938.sgy,0050_FORGE_78-32_iDASv3-P11_UTC190427194938\seg_017.png,17,17,18,0,,
utah_upper,FORGE_78-32_iDASv3-P11_UTC190427194938.sgy,0050_FORGE_78-32_iDASv3-P11_UTC190427194938\seg_018.png,18,18,19,0,,
utah_upper,FORGE_78-32_iDASv3-P11_UTC190427194938.sgy,0050_FORGE_78-32_iDASv3-P11_UTC190427194938\seg_019.png,19,19,20,0,,
utah_upper,FORGE_78-32_iDASv3-P11_UTC190427194938.sgy,0050_FORGE_78-32_iDASv3-P11_UTC190427194938\seg_020.png,20,20,21,0,,
utah_upper,FORGE_78-32_iDASv3-P11_UTC190427194938.sgy,0050_FORGE_78-32_iDASv3-P11_UTC190427194938\seg_021.png,21,21,22,0,,
utah_upper,FORGE_78-32_iDASv3-P11_UTC190427194938.sgy,0050_FORGE_78-32_iDASv3-P11_UTC190427194938\seg_022.png,22,22,23,0,,
utah_upper,FORGE_78-32_iDASv3-P11_UTC190427194938.sgy,0050_FORGE_78-32_iDASv3-P11_UTC190427194938\seg_023.png,23,23,24,0,,
utah_upper,FORGE_78-32_iDASv3-P11_UTC190427194938.sgy,0050_FORGE_78-32_iDASv3-P11_UTC190427194938\seg_024.png,24,24,25,0,,
utah_upper,FORGE_78-32_iDASv3-P11_UTC190427194938.sgy,0050_FORGE_78-32_iDASv3-P11_UTC190427194938\seg_025.png,25,25,26,0,,
utah_upper,FORGE_78-32_iDASv3-P11_UTC190427194938.sgy,0050_FORGE_78-32_iDASv3-P11_UTC190427194938\seg_026.png,26,26,27,0,,
utah_upper,FORGE_78-32_iDASv3-P11_UTC190427194938.sgy,0050_FORGE_78-32_iDASv3-P11_UTC190427194938\seg_027.png,27,27,28,0,,
utah_upper,FORGE_78-32_iDASv3-P11_UTC190427194938.sgy,0050_FORGE_78-32_iDASv3-P11_UTC190427194938\seg_028.png,28,28,29,0,,
utah_upper,FORGE_78-32_iDASv3-P11_UTC190427194938.sgy,0050_FORGE_78-32_iDASv3-P11_UTC190427194938\seg_029.png,29,29,30,0,,
utah_upper,FORGE_78-32_iDASv3-P11_UTC190427194953.sgy,0051_FORGE_78-32_iDASv3-P11_UTC190427194953\seg_000.png,0,0,1,0,,
utah_upper,FORGE_78-32_iDASv3-P11_UTC190427194953.sgy,0051_FORGE_78-32_iDASv3-P11_UTC190427194953\seg_001.png,1,1,2,0,,
utah_upper,FORGE_78-32_iDASv3-P11_UTC190427194953.sgy,0051_FORGE_78-32_iDASv3-P11_UTC190427194953\seg_002.png,2,2,3,0,,
utah_upper,FORGE_78-32_iDASv3-P11_UTC190427194953.sgy,0051_FORGE_78-32_iDASv3-P11_UTC190427194953\seg_003.png,3,3,4,0,,
utah_upper,FORGE_78-32_iDASv3-P11_UTC190427194953.sgy,0051_FORGE_78-32_iDASv3-P11_UTC190427194953\seg_004.png,4,4,5,0,,
utah_upper,FORGE_78-32_iDASv3-P11_UTC190427194953.sgy,0051_FORGE_78-32_iDASv3-P11_UTC190427194953\seg_005.png,5,5,6,0,,
utah_upper,FORGE_78-32_iDASv3-P11_UTC190427194953.sgy,0051_FORGE_78-32_iDASv3-P11_UTC190427194953\seg_006.png,6,6,7,0,,
utah_upper,FORGE_78-32_iDASv3-P11_UTC190427194953.sgy,0051_FORGE_78-32_iDASv3-P11_UTC190427194953\seg_007.png,7,7,8,0,,
utah_upper,FORGE_78-32_iDASv3-P11_UTC190427194953.sgy,0051_FORGE_78-32_iDASv3-P11_UTC190427194953\seg_008.png,8,8,9,0,,
utah_upper,FORGE_78-32_iDASv3-P11_UTC190427194953.sgy,0051_FORGE_78-32_iDASv3-P11_UTC190427194953\seg_009.png,9,9,10,0,,
utah_upper,FORGE_78-32_iDASv3-P11_UTC190427194953.sgy,0051_FORGE_78-32_iDASv3-P11_UTC190427194953\seg_010.png,10,10,11,0,,
utah_upper,FORGE_78-32_iDASv3-P11_UTC190427194953.sgy,0051_FORGE_78-32_iDASv3-P11_UTC190427194953\seg_011.png,11,11,12,0,,
utah_upper,FORGE_78-32_iDASv3-P11_UTC190427194953.sgy,0051_FORGE_78-32_iDASv3-P11_UTC190427194953\seg_012.png,12,12,13,0,,
utah_upper,FORGE_78-32_iDASv3-P11_UTC190427194953.sgy,0051_FORGE_78-32_iDASv3-P11_UTC190427194953\seg_013.png,13,13,14,0,,
utah_upper,FORGE_78-32_iDASv3-P11_UTC190427194953.sgy,0051_FORGE_78-32_iDASv3-P11_UTC190427194953\seg_014.png,14,14,15,0,,
utah_upper,FORGE_78-32_iDASv3-P11_UTC190427194953.sgy,0051_FORGE_78-32_iDASv3-P11_UTC190427194953\seg_015.png,15,15,16,0,,
utah_upper,FORGE_78-32_iDASv3-P11_UTC190427194953.sgy,0051_FORGE_78-32_iDASv3-P11_UTC190427194953\seg_016.png,16,16,17,0,,
utah_upper,FORGE_78-32_iDASv3-P11_UTC190427194953.sgy,0051_FORGE_78-32_iDASv3-P11_UTC190427194953\seg_017.png,17,17,18,0,,
utah_upper,FORGE_78-32_iDASv3-P11_UTC190427194953.sgy,0051_FORGE_78-32_iDASv3-P11_UTC190427194953\seg_018.png,18,18,19,0,,
utah_upper,FORGE_78-32_iDASv3-P11_UTC190427194953.sgy,0051_FORGE_78-32_iDASv3-P11_UTC190427194953\seg_019.png,19,19,20,0,,
utah_upper,FORGE_78-32_iDASv3-P11_UTC190427194953.sgy,0051_FORGE_78-32_iDASv3-P11_UTC190427194953\seg_020.png,20,20,21,0,,
utah_upper,FORGE_78-32_iDASv3-P11_UTC190427194953.sgy,0051_FORGE_78-32_iDASv3-P11_UTC190427194953\seg_021.png,21,21,22,0,,
utah_upper,FORGE_78-32_iDASv3-P11_UTC190427194953.sgy,0051_FORGE_78-32_iDASv3-P11_UTC190427194953\seg_022.png,22,22,23,0,,
utah_upper,FORGE_78-32_iDASv3-P11_UTC190427194953.sgy,0051_FORGE_78-32_iDASv3-P11_UTC190427194953\seg_023.png,23,23,24,0,,
utah_upper,FORGE_78-32_iDASv3-P11_UTC190427194953.sgy,0051_FORGE_78-32_iDASv3-P11_UTC190427194953\seg_024.png,24,24,25,0,,
utah_upper,FORGE_78-32_iDASv3-P11_UTC190427194953.sgy,0051_FORGE_78-32_iDASv3-P11_UTC190427194953\seg_025.png,25,25,26,0,,
utah_upper,FORGE_78-32_iDASv3-P11_UTC190427194953.sgy,0051_FORGE_78-32_iDASv3-P11_UTC190427194953\seg_026.png,26,26,27,0,,
utah_upper,FORGE_78-32_iDASv3-P11_UTC190427194953.sgy,0051_FORGE_78-32_iDASv3-P11_UTC190427194953\seg_027.png,27,27,28,0,,
utah_upper,FORGE_78-32_iDASv3-P11_UTC190427194953.sgy,0051_FORGE_78-32_iDASv3-P11_UTC190427194953\seg_028.png,28,28,29,0,,
utah_upper,FORGE_78-32_iDASv3-P11_UTC190427194953.sgy,0051_FORGE_78-32_iDASv3-P11_UTC190427194953\seg_029.png,29,29,30,0,,
utah_upper,FORGE_78-32_iDASv3-P11_UTC190427195008.sgy,0052_FORGE_78-32_iDASv3-P11_UTC190427195008\seg_000.png,0,0,1,0,,
utah_upper,FORGE_78-32_iDASv3-P11_UTC190427195008.sgy,0052_FORGE_78-32_iDASv3-P11_UTC190427195008\seg_001.png,1,1,2,0,,
utah_upper,FORGE_78-32_iDASv3-P11_UTC190427195008.sgy,0052_FORGE_78-32_iDASv3-P11_UTC190427195008\seg_002.png,2,2,3,0,,
utah_upper,FORGE_78-32_iDASv3-P11_UTC190427195008.sgy,0052_FORGE_78-32_iDASv3-P11_UTC190427195008\seg_003.png,3,3,4,0,,
utah_upper,FORGE_78-32_iDASv3-P11_UTC190427195008.sgy,0052_FORGE_78-32_iDASv3-P11_UTC190427195008\seg_004.png,4,4,5,0,,
utah_upper,FORGE_78-32_iDASv3-P11_UTC190427195008.sgy,0052_FORGE_78-32_iDASv3-P11_UTC190427195008\seg_005.png,5,5,6,0,,
utah_upper,FORGE_78-32_iDASv3-P11_UTC190427195008.sgy,0052_FORGE_78-32_iDASv3-P11_UTC190427195008\seg_006.png,6,6,7,0,,
utah_upper,FORGE_78-32_iDASv3-P11_UTC190427195008.sgy,0052_FORGE_78-32_iDASv3-P11_UTC190427195008\seg_007.png,7,7,8,0,,
utah_upper,FORGE_78-32_iDASv3-P11_UTC190427195008.sgy,0052_FORGE_78-32_iDASv3-P11_UTC190427195008\seg_008.png,8,8,9,0,,
utah_upper,FORGE_78-32_iDASv3-P11_UTC190427195008.sgy,0052_FORGE_78-32_iDASv3-P11_UTC190427195008\seg_009.png,9,9,10,0,,
utah_upper,FORGE_78-32_iDASv3-P11_UTC190427195008.sgy,0052_FORGE_78-32_iDASv3-P11_UTC190427195008\seg_010.png,10,10,11,0,,
utah_upper,FORGE_78-32_iDASv3-P11_UTC190427195008.sgy,0052_FORGE_78-32_iDASv3-P11_UTC190427195008\seg_011.png,11,11,12,0,,
utah_upper,FORGE_78-32_iDASv3-P11_UTC190427195008.sgy,0052_FORGE_78-32_iDASv3-P11_UTC190427195008\seg_012.png,12,12,13,0,,
utah_upper,FORGE_78-32_iDASv3-P11_UTC190427195008.sgy,0052_FORGE_78-32_iDASv3-P11_UTC190427195008\seg_013.png,13,13,14,0,,
utah_upper,FORGE_78-32_iDASv3-P11_UTC190427195008.sgy,0052_FORGE_78-32_iDASv3-P11_UTC190427195008\seg_014.png,14,14,15,0,,
utah_upper,FORGE_78-32_iDASv3-P11_UTC190427195008.sgy,0052_FORGE_78-32_iDASv3-P11_UTC190427195008\seg_015.png,15,15,16,0,,
utah_upper,FORGE_78-32_iDASv3-P11_UTC190427195008.sgy,0052_FORGE_78-32_iDASv3-P11_UTC190427195008\seg_016.png,16,16,17,0,,
utah_upper,FORGE_78-32_iDASv3-P11_UTC190427195008.sgy,0052_FORGE_78-32_iDASv3-P11_UTC190427195008\seg_017.png,17,17,18,0,,
utah_upper,FORGE_78-32_iDASv3-P11_UTC190427195008.sgy,0052_FORGE_78-32_iDASv3-P11_UTC190427195008\seg_018.png,18,18,19,0,,
utah_upper,FORGE_78-32_iDASv3-P11_UTC190427195008.sgy,0052_FORGE_78-32_iDASv3-P11_UTC190427195008\seg_019.png,19,19,20,0,,
utah_upper,FORGE_78-32_iDASv3-P11_UTC190427195008.sgy,0052_FORGE_78-32_iDASv3-P11_UTC190427195008\seg_020.png,20,20,21,0,,
utah_upper,FORGE_78-32_iDASv3-P11_UTC190427195008.sgy,0052_FORGE_78-32_iDASv3-P11_UTC190427195008\seg_021.png,21,21,22,0,,
utah_upper,FORGE_78-32_iDASv3-P11_UTC190427195008.sgy,0052_FORGE_78-32_iDASv3-P11_UTC190427195008\seg_022.png,22,22,23,0,,
utah_upper,FORGE_78-32_iDASv3-P11_UTC190427195008.sgy,0052_FORGE_78-32_iDASv3-P11_UTC190427195008\seg_023.png,23,23,24,0,,
utah_upper,FORGE_78-32_iDASv3-P11_UTC190427195008.sgy,0052_FORGE_78-32_iDASv3-P11_UTC190427195008\seg_024.png,24,24,25,0,,
utah_upper,FORGE_78-32_iDASv3-P11_UTC190427195008.sgy,0052_FORGE_78-32_iDASv3-P11_UTC190427195008\seg_025.png,25,25,26,0,,
utah_upper,FORGE_78-32_iDASv3-P11_UTC190427195008.sgy,0052_FORGE_78-32_iDASv3-P11_UTC190427195008\seg_026.png,26,26,27,0,,
utah_upper,FORGE_78-32_iDASv3-P11_UTC190427195008.sgy,0052_FORGE_78-32_iDASv3-P11_UTC190427195008\seg_027.png,27,27,28,0,,
utah_upper,FORGE_78-32_iDASv3-P11_UTC190427195008.sgy,0052_FORGE_78-32_iDASv3-P11_UTC190427195008\seg_028.png,28,28,29,0,,
utah_upper,FORGE_78-32_iDASv3-P11_UTC190427195008.sgy,0052_FORGE_78-32_iDASv3-P11_UTC190427195008\seg_029.png,29,29,30,0,,
utah_upper,FORGE_78-32_iDASv3-P11_UTC190427195323.sgy,0053_FORGE_78-32_iDASv3-P11_UTC190427195323\seg_000.png,0,0,1,0,,
utah_upper,FORGE_78-32_iDASv3-P11_UTC190427195323.sgy,0053_FORGE_78-32_iDASv3-P11_UTC190427195323\seg_001.png,1,1,2,0,,
utah_upper,FORGE_78-32_iDASv3-P11_UTC190427195323.sgy,0053_FORGE_78-32_iDASv3-P11_UTC190427195323\seg_002.png,2,2,3,0,,
utah_upper,FORGE_78-32_iDASv3-P11_UTC190427195323.sgy,0053_FORGE_78-32_iDASv3-P11_UTC190427195323\seg_003.png,3,3,4,0,,
utah_upper,FORGE_78-32_iDASv3-P11_UTC190427195323.sgy,0053_FORGE_78-32_iDASv3-P11_UTC190427195323\seg_004.png,4,4,5,0,,
utah_upper,FORGE_78-32_iDASv3-P11_UTC190427195323.sgy,0053_FORGE_78-32_iDASv3-P11_UTC190427195323\seg_005.png,5,5,6,0,,
utah_upper,FORGE_78-32_iDASv3-P11_UTC190427195323.sgy,0053_FORGE_78-32_iDASv3-P11_UTC190427195323\seg_006.png,6,6,7,0,,
utah_upper,FORGE_78-32_iDASv3-P11_UTC190427195323.sgy,0053_FORGE_78-32_iDASv3-P11_UTC190427195323\seg_007.png,7,7,8,0,,
utah_upper,FORGE_78-32_iDASv3-P11_UTC190427195323.sgy,0053_FORGE_78-32_iDASv3-P11_UTC190427195323\seg_008.png,8,8,9,0,,
utah_upper,FORGE_78-32_iDASv3-P11_UTC190427195323.sgy,0053_FORGE_78-32_iDASv3-P11_UTC190427195323\seg_009.png,9,9,10,0,,
utah_upper,FORGE_78-32_iDASv3-P11_UTC190427195323.sgy,0053_FORGE_78-32_iDASv3-P11_UTC190427195323\seg_010.png,10,10,11,0,,
utah_upper,FORGE_78-32_iDASv3-P11_UTC190427195323.sgy,0053_FORGE_78-32_iDASv3-P11_UTC190427195323\seg_011.png,11,11,12,0,,
utah_upper,FORGE_78-32_iDASv3-P11_UTC190427195323.sgy,0053_FORGE_78-32_iDASv3-P11_UTC190427195323\seg_012.png,12,12,13,0,,
utah_upper,FORGE_78-32_iDASv3-P11_UTC190427195323.sgy,0053_FORGE_78-32_iDASv3-P11_UTC190427195323\seg_013.png,13,13,14,0,,
utah_upper,FORGE_78-32_iDASv3-P11_UTC190427195323.sgy,0053_FORGE_78-32_iDASv3-P11_UTC190427195323\seg_014.png,14,14,15,0,,
utah_upper,FORGE_78-32_iDASv3-P11_UTC190427195323.sgy,0053_FORGE_78-32_iDASv3-P11_UTC190427195323\seg_015.png,15,15,16,0,,
utah_upper,FORGE_78-32_iDASv3-P11_UTC190427195323.sgy,0053_FORGE_78-32_iDASv3-P11_UTC190427195323\seg_016.png,16,16,17,0,,
utah_upper,FORGE_78-32_iDASv3-P11_UTC190427195323.sgy,0053_FORGE_78-32_iDASv3-P11_UTC190427195323\seg_017.png,17,17,18,0,,
utah_upper,FORGE_78-32_iDASv3-P11_UTC190427195323.sgy,0053_FORGE_78-32_iDASv3-P11_UTC190427195323\seg_018.png,18,18,19,0,,
utah_upper,FORGE_78-32_iDASv3-P11_UTC190427195323.sgy,0053_FORGE_78-32_iDASv3-P11_UTC190427195323\seg_019.png,19,19,20,0,,
utah_upper,FORGE_78-32_iDASv3-P11_UTC190427195323.sgy,0053_FORGE_78-32_iDASv3-P11_UTC190427195323\seg_020.png,20,20,21,0,,
utah_upper,FORGE_78-32_iDASv3-P11_UTC190427195323.sgy,0053_FORGE_78-32_iDASv3-P11_UTC190427195323\seg_021.png,21,21,22,0,,
utah_upper,FORGE_78-32_iDASv3-P11_UTC190427195323.sgy,0053_FORGE_78-32_iDASv3-P11_UTC190427195323\seg_022.png,22,22,23,0,,
utah_upper,FORGE_78-32_iDASv3-P11_UTC190427195323.sgy,0053_FORGE_78-32_iDASv3-P11_UTC190427195323\seg_023.png,23,23,24,0,,
utah_upper,FORGE_78-32_iDASv3-P11_UTC190427195323.sgy,0053_FORGE_78-32_iDASv3-P11_UTC190427195323\seg_024.png,24,24,25,0,,
utah_upper,FORGE_78-32_iDASv3-P11_UTC190427195323.sgy,0053_FORGE_78-32_iDASv3-P11_UTC190427195323\seg_025.png,25,25,26,0,,
utah_upper,FORGE_78-32_iDASv3-P11_UTC190427195323.sgy,0053_FORGE_78-32_iDASv3-P11_UTC190427195323\seg_026.png,26,26,27,0,,
utah_upper,FORGE_78-32_iDASv3-P11_UTC190427195323.sgy,0053_FORGE_78-32_iDASv3-P11_UTC190427195323\seg_027.png,27,27,28,0,,
utah_upper,FORGE_78-32_iDASv3-P11_UTC190427195323.sgy,0053_FORGE_78-32_iDASv3-P11_UTC190427195323\seg_028.png,28,28,29,0,,
utah_upper,FORGE_78-32_iDASv3-P11_UTC190427195323.sgy,0053_FORGE_78-32_iDASv3-P11_UTC190427195323\seg_029.png,29,29,30,0,,
utah_upper,FORGE_78-32_iDASv3-P11_UTC190427195423.sgy,0054_FORGE_78-32_iDASv3-P11_UTC190427195423\seg_000.png,0,0,1,0,,
utah_upper,FORGE_78-32_iDASv3-P11_UTC190427195423.sgy,0054_FORGE_78-32_iDASv3-P11_UTC190427195423\seg_001.png,1,1,2,0,,
utah_upper,FORGE_78-32_iDASv3-P11_UTC190427195423.sgy,0054_FORGE_78-32_iDASv3-P11_UTC190427195423\seg_002.png,2,2,3,0,,
utah_upper,FORGE_78-32_iDASv3-P11_UTC190427195423.sgy,0054_FORGE_78-32_iDASv3-P11_UTC190427195423\seg_003.png,3,3,4,0,,
utah_upper,FORGE_78-32_iDASv3-P11_UTC190427195423.sgy,0054_FORGE_78-32_iDASv3-P11_UTC190427195423\seg_004.png,4,4,5,0,,
utah_upper,FORGE_78-32_iDASv3-P11_UTC190427195423.sgy,0054_FORGE_78-32_iDASv3-P11_UTC190427195423\seg_005.png,5,5,6,0,,
utah_upper,FORGE_78-32_iDASv3-P11_UTC190427195423.sgy,0054_FORGE_78-32_iDASv3-P11_UTC190427195423\seg_006.png,6,6,7,0,,
utah_upper,FORGE_78-32_iDASv3-P11_UTC190427195423.sgy,0054_FORGE_78-32_iDASv3-P11_UTC190427195423\seg_007.png,7,7,8,0,,
utah_upper,FORGE_78-32_iDASv3-P11_UTC190427195423.sgy,0054_FORGE_78-32_iDASv3-P11_UTC190427195423\seg_008.png,8,8,9,0,,
utah_upper,FORGE_78-32_iDASv3-P11_UTC190427195423.sgy,0054_FORGE_78-32_iDASv3-P11_UTC190427195423\seg_009.png,9,9,10,0,,
utah_upper,FORGE_78-32_iDASv3-P11_UTC190427195423.sgy,0054_FORGE_78-32_iDASv3-P11_UTC190427195423\seg_010.png,10,10,11,0,,
utah_upper,FORGE_78-32_iDASv3-P11_UTC190427195423.sgy,0054_FORGE_78-32_iDASv3-P11_UTC190427195423\seg_011.png,11,11,12,0,,
utah_upper,FORGE_78-32_iDASv3-P11_UTC190427195423.sgy,0054_FORGE_78-32_iDASv3-P11_UTC190427195423\seg_012.png,12,12,13,0,,
utah_upper,FORGE_78-32_iDASv3-P11_UTC190427195423.sgy,0054_FORGE_78-32_iDASv3-P11_UTC190427195423\seg_013.png,13,13,14,0,,
utah_upper,FORGE_78-32_iDASv3-P11_UTC190427195423.sgy,0054_FORGE_78-32_iDASv3-P11_UTC190427195423\seg_014.png,14,14,15,0,,
utah_upper,FORGE_78-32_iDASv3-P11_UTC190427195423.sgy,0054_FORGE_78-32_iDASv3-P11_UTC190427195423\seg_015.png,15,15,16,1,,
utah_upper,FORGE_78-32_iDASv3-P11_UTC190427195423.sgy,0054_FORGE_78-32_iDASv3-P11_UTC190427195423\seg_016.png,16,16,17,0,,
utah_upper,FORGE_78-32_iDASv3-P11_UTC190427195423.sgy,0054_FORGE_78-32_iDASv3-P11_UTC190427195423\seg_017.png,17,17,18,0,,
utah_upper,FORGE_78-32_iDASv3-P11_UTC190427195423.sgy,0054_FORGE_78-32_iDASv3-P11_UTC190427195423\seg_018.png,18,18,19,0,,
utah_upper,FORGE_78-32_iDASv3-P11_UTC190427195423.sgy,0054_FORGE_78-32_iDASv3-P11_UTC190427195423\seg_019.png,19,19,20,0,,
utah_upper,FORGE_78-32_iDASv3-P11_UTC190427195423.sgy,0054_FORGE_78-32_iDASv3-P11_UTC190427195423\seg_020.png,20,20,21,0,,
utah_upper,FORGE_78-32_iDASv3-P11_UTC190427195423.sgy,0054_FORGE_78-32_iDASv3-P11_UTC190427195423\seg_021.png,21,21,22,0,,
utah_upper,FORGE_78-32_iDASv3-P11_UTC190427195423.sgy,0054_FORGE_78-32_iDASv3-P11_UTC190427195423\seg_022.png,22,22,23,0,,
utah_upper,FORGE_78-32_iDASv3-P11_UTC190427195423.sgy,0054_FORGE_78-32_iDASv3-P11_UTC190427195423\seg_023.png,23,23,24,0,,
utah_upper,FORGE_78-32_iDASv3-P11_UTC190427195423.sgy,0054_FORGE_78-32_iDASv3-P11_UTC190427195423\seg_024.png,24,24,25,0,,
utah_upper,FORGE_78-32_iDASv3-P11_UTC190427195423.sgy,0054_FORGE_78-32_iDASv3-P11_UTC190427195423\seg_025.png,25,25,26,0,,
utah_upper,FORGE_78-32_iDASv3-P11_UTC190427195423.sgy,0054_FORGE_78-32_iDASv3-P11_UTC190427195423\seg_026.png,26,26,27,0,,
utah_upper,FORGE_78-32_iDASv3-P11_UTC190427195423.sgy,0054_FORGE_78-32_iDASv3-P11_UTC190427195423\seg_027.png,27,27,28,0,,
utah_upper,FORGE_78-32_iDASv3-P11_UTC190427195423.sgy,0054_FORGE_78-32_iDASv3-P11_UTC190427195423\seg_028.png,28,28,29,0,,
utah_upper,FORGE_78-32_iDASv3-P11_UTC190427195423.sgy,0054_FORGE_78-32_iDASv3-P11_UTC190427195423\seg_029.png,29,29,30,0,,
utah_upper,FORGE_78-32_iDASv3-P11_UTC190427195753.sgy,0055_FORGE_78-32_iDASv3-P11_UTC190427195753\seg_000.png,0,0,1,0,,
utah_upper,FORGE_78-32_iDASv3-P11_UTC190427195753.sgy,0055_FORGE_78-32_iDASv3-P11_UTC190427195753\seg_001.png,1,1,2,0,,
utah_upper,FORGE_78-32_iDASv3-P11_UTC190427195753.sgy,0055_FORGE_78-32_iDASv3-P11_UTC190427195753\seg_002.png,2,2,3,0,,
utah_upper,FORGE_78-32_iDASv3-P11_UTC190427195753.sgy,0055_FORGE_78-32_iDASv3-P11_UTC190427195753\seg_003.png,3,3,4,0,,
utah_upper,FORGE_78-32_iDASv3-P11_UTC190427195753.sgy,0055_FORGE_78-32_iDASv3-P11_UTC190427195753\seg_004.png,4,4,5,0,,
utah_upper,FORGE_78-32_iDASv3-P11_UTC190427195753.sgy,0055_FORGE_78-32_iDASv3-P11_UTC190427195753\seg_005.png,5,5,6,0,,
utah_upper,FORGE_78-32_iDASv3-P11_UTC190427195753.sgy,0055_FORGE_78-32_iDASv3-P11_UTC190427195753\seg_006.png,6,6,7,0,,
utah_upper,FORGE_78-32_iDASv3-P11_UTC190427195753.sgy,0055_FORGE_78-32_iDASv3-P11_UTC190427195753\seg_007.png,7,7,8,0,,
utah_upper,FORGE_78-32_iDASv3-P11_UTC190427195753.sgy,0055_FORGE_78-32_iDASv3-P11_UTC190427195753\seg_008.png,8,8,9,0,,
utah_upper,FORGE_78-32_iDASv3-P11_UTC190427195753.sgy,0055_FORGE_78-32_iDASv3-P11_UTC190427195753\seg_009.png,9,9,10,0,,
utah_upper,FORGE_78-32_iDASv3-P11_UTC190427195753.sgy,0055_FORGE_78-32_iDASv3-P11_UTC190427195753\seg_010.png,10,10,11,0,,
utah_upper,FORGE_78-32_iDASv3-P11_UTC190427195753.sgy,0055_FORGE_78-32_iDASv3-P11_UTC190427195753\seg_011.png,11,11,12,0,,
utah_upper,FORGE_78-32_iDASv3-P11_UTC190427195753.sgy,0055_FORGE_78-32_iDASv3-P11_UTC190427195753\seg_012.png,12,12,13,0,,
utah_upper,FORGE_78-32_iDASv3-P11_UTC190427195753.sgy,0055_FORGE_78-32_iDASv3-P11_UTC190427195753\seg_013.png,13,13,14,0,,
utah_upper,FORGE_78-32_iDASv3-P11_UTC190427195753.sgy,0055_FORGE_78-32_iDASv3-P11_UTC190427195753\seg_014.png,14,14,15,0,,
utah_upper,FORGE_78-32_iDASv3-P11_UTC190427195753.sgy,0055_FORGE_78-32_iDASv3-P11_UTC190427195753\seg_015.png,15,15,16,0,,
utah_upper,FORGE_78-32_iDASv3-P11_UTC190427195753.sgy,0055_FORGE_78-32_iDASv3-P11_UTC190427195753\seg_016.png,16,16,17,0,,
utah_upper,FORGE_78-32_iDASv3-P11_UTC190427195753.sgy,0055_FORGE_78-32_iDASv3-P11_UTC190427195753\seg_017.png,17,17,18,1,,
utah_upper,FORGE_78-32_iDASv3-P11_UTC190427195753.sgy,0055_FORGE_78-32_iDASv3-P11_UTC190427195753\seg_018.png,18,18,19,1,,
utah_upper,FORGE_78-32_iDASv3-P11_UTC190427195753.sgy,0055_FORGE_78-32_iDASv3-P11_UTC190427195753\seg_019.png,19,19,20,0,,
utah_upper,FORGE_78-32_iDASv3-P11_UTC190427195753.sgy,0055_FORGE_78-32_iDASv3-P11_UTC190427195753\seg_020.png,20,20,21,0,,
utah_upper,FORGE_78-32_iDASv3-P11_UTC190427195753.sgy,0055_FORGE_78-32_iDASv3-P11_UTC190427195753\seg_021.png,21,21,22,0,,
utah_upper,FORGE_78-32_iDASv3-P11_UTC190427195753.sgy,0055_FORGE_78-32_iDASv3-P11_UTC190427195753\seg_022.png,22,22,23,0,,
utah_upper,FORGE_78-32_iDASv3-P11_UTC190427195753.sgy,0055_FORGE_78-32_iDASv3-P11_UTC190427195753\seg_023.png,23,23,24,0,,
utah_upper,FORGE_78-32_iDASv3-P11_UTC190427195753.sgy,0055_FORGE_78-32_iDASv3-P11_UTC190427195753\seg_024.png,24,24,25,0,,
utah_upper,FORGE_78-32_iDASv3-P11_UTC190427195753.sgy,0055_FORGE_78-32_iDASv3-P11_UTC190427195753\seg_025.png,25,25,26,0,,
utah_upper,FORGE_78-32_iDASv3-P11_UTC190427195753.sgy,0055_FORGE_78-32_iDASv3-P11_UTC190427195753\seg_026.png,26,26,27,0,,
utah_upper,FORGE_78-32_iDASv3-P11_UTC190427195753.sgy,0055_FORGE_78-32_iDASv3-P11_UTC190427195753\seg_027.png,27,27,28,0,,
utah_upper,FORGE_78-32_iDASv3-P11_UTC190427195753.sgy,0055_FORGE_78-32_iDASv3-P11_UTC190427195753\seg_028.png,28,28,29,0,,
utah_upper,FORGE_78-32_iDASv3-P11_UTC190427195753.sgy,0055_FORGE_78-32_iDASv3-P11_UTC190427195753\seg_029.png,29,29,30,0,,
utah_upper,FORGE_78-32_iDASv3-P11_UTC190427195823.sgy,0056_FORGE_78-32_iDASv3-P11_UTC190427195823\seg_000.png,0,0,1,0,,
utah_upper,FORGE_78-32_iDASv3-P11_UTC190427195823.sgy,0056_FORGE_78-32_iDASv3-P11_UTC190427195823\seg_001.png,1,1,2,0,,
utah_upper,FORGE_78-32_iDASv3-P11_UTC190427195823.sgy,0056_FORGE_78-32_iDASv3-P11_UTC190427195823\seg_002.png,2,2,3,0,,
utah_upper,FORGE_78-32_iDASv3-P11_UTC190427195823.sgy,0056_FORGE_78-32_iDASv3-P11_UTC190427195823\seg_003.png,3,3,4,0,,
utah_upper,FORGE_78-32_iDASv3-P11_UTC190427195823.sgy,0056_FORGE_78-32_iDASv3-P11_UTC190427195823\seg_004.png,4,4,5,0,,
utah_upper,FORGE_78-32_iDASv3-P11_UTC190427195823.sgy,0056_FORGE_78-32_iDASv3-P11_UTC190427195823\seg_005.png,5,5,6,0,,
utah_upper,FORGE_78-32_iDASv3-P11_UTC190427195823.sgy,0056_FORGE_78-32_iDASv3-P11_UTC190427195823\seg_006.png,6,6,7,0,,
utah_upper,FORGE_78-32_iDASv3-P11_UTC190427195823.sgy,0056_FORGE_78-32_iDASv3-P11_UTC190427195823\seg_007.png,7,7,8,0,,
utah_upper,FORGE_78-32_iDASv3-P11_UTC190427195823.sgy,0056_FORGE_78-32_iDASv3-P11_UTC190427195823\seg_008.png,8,8,9,0,,
utah_upper,FORGE_78-32_iDASv3-P11_UTC190427195823.sgy,0056_FORGE_78-32_iDASv3-P11_UTC190427195823\seg_009.png,9,9,10,0,,
utah_upper,FORGE_78-32_iDASv3-P11_UTC190427195823.sgy,0056_FORGE_78-32_iDASv3-P11_UTC190427195823\seg_010.png,10,10,11,0,,
utah_upper,FORGE_78-32_iDASv3-P11_UTC190427195823.sgy,0056_FORGE_78-32_iDASv3-P11_UTC190427195823\seg_011.png,11,11,12,0,,
utah_upper,FORGE_78-32_iDASv3-P11_UTC190427195823.sgy,0056_FORGE_78-32_iDASv3-P11_UTC190427195823\seg_012.png,12,12,13,0,,
utah_upper,FORGE_78-32_iDASv3-P11_UTC190427195823.sgy,0056_FORGE_78-32_iDASv3-P11_UTC190427195823\seg_013.png,13,13,14,0,,
utah_upper,FORGE_78-32_iDASv3-P11_UTC190427195823.sgy,0056_FORGE_78-32_iDASv3-P11_UTC190427195823\seg_014.png,14,14,15,0,,
utah_upper,FORGE_78-32_iDASv3-P11_UTC190427195823.sgy,0056_FORGE_78-32_iDASv3-P11_UTC190427195823\seg_015.png,15,15,16,0,,
utah_upper,FORGE_78-32_iDASv3-P11_UTC190427195823.sgy,0056_FORGE_78-32_iDASv3-P11_UTC190427195823\seg_016.png,16,16,17,0,,
utah_upper,FORGE_78-32_iDASv3-P11_UTC190427195823.sgy,0056_FORGE_78-32_iDASv3-P11_UTC190427195823\seg_017.png,17,17,18,0,,
utah_upper,FORGE_78-32_iDASv3-P11_UTC190427195823.sgy,0056_FORGE_78-32_iDASv3-P11_UTC190427195823\seg_018.png,18,18,19,0,,
utah_upper,FORGE_78-32_iDASv3-P11_UTC190427195823.sgy,0056_FORGE_78-32_iDASv3-P11_UTC190427195823\seg_019.png,19,19,20,0,,
utah_upper,FORGE_78-32_iDASv3-P11_UTC190427195823.sgy,0056_FORGE_78-32_iDASv3-P11_UTC190427195823\seg_020.png,20,20,21,0,,
utah_upper,FORGE_78-32_iDASv3-P11_UTC190427195823.sgy,0056_FORGE_78-32_iDASv3-P11_UTC190427195823\seg_021.png,21,21,22,0,,
utah_upper,FORGE_78-32_iDASv3-P11_UTC190427195823.sgy,0056_FORGE_78-32_iDASv3-P11_UTC190427195823\seg_022.png,22,22,23,0,,
utah_upper,FORGE_78-32_iDASv3-P11_UTC190427195823.sgy,0056_FORGE_78-32_iDASv3-P11_UTC190427195823\seg_023.png,23,23,24,0,,
utah_upper,FORGE_78-32_iDASv3-P11_UTC190427195823.sgy,0056_FORGE_78-32_iDASv3-P11_UTC190427195823\seg_024.png,24,24,25,0,,
utah_upper,FORGE_78-32_iDASv3-P11_UTC190427195823.sgy,0056_FORGE_78-32_iDASv3-P11_UTC190427195823\seg_025.png,25,25,26,0,,
utah_upper,FORGE_78-32_iDASv3-P11_UTC190427195823.sgy,0056_FORGE_78-32_iDASv3-P11_UTC190427195823\seg_026.png,26,26,27,0,,
utah_upper,FORGE_78-32_iDASv3-P11_UTC190427195823.sgy,0056_FORGE_78-32_iDASv3-P11_UTC190427195823\seg_027.png,27,27,28,0,,
utah_upper,FORGE_78-32_iDASv3-P11_UTC190427195823.sgy,0056_FORGE_78-32_iDASv3-P11_UTC190427195823\seg_028.png,28,28,29,0,,
utah_upper,FORGE_78-32_iDASv3-P11_UTC190427195823.sgy,0056_FORGE_78-32_iDASv3-P11_UTC190427195823\seg_029.png,29,29,30,0,,
utah_upper,FORGE_78-32_iDASv3-P11_UTC190427200308.sgy,0057_FORGE_78-32_iDASv3-P11_UTC190427200308\seg_000.png,0,0,1,0,,
utah_upper,FORGE_78-32_iDASv3-P11_UTC190427200308.sgy,0057_FORGE_78-32_iDASv3-P11_UTC190427200308\seg_001.png,1,1,2,0,,
utah_upper,FORGE_78-32_iDASv3-P11_UTC190427200308.sgy,0057_FORGE_78-32_iDASv3-P11_UTC190427200308\seg_002.png,2,2,3,0,,
utah_upper,FORGE_78-32_iDASv3-P11_UTC190427200308.sgy,0057_FORGE_78-32_iDASv3-P11_UTC190427200308\seg_003.png,3,3,4,0,,
utah_upper,FORGE_78-32_iDASv3-P11_UTC190427200308.sgy,0057_FORGE_78-32_iDASv3-P11_UTC190427200308\seg_004.png,4,4,5,0,,
utah_upper,FORGE_78-32_iDASv3-P11_UTC190427200308.sgy,0057_FORGE_78-32_iDASv3-P11_UTC190427200308\seg_005.png,5,5,6,0,,
utah_upper,FORGE_78-32_iDASv3-P11_UTC190427200308.sgy,0057_FORGE_78-32_iDASv3-P11_UTC190427200308\seg_006.png,6,6,7,0,,
utah_upper,FORGE_78-32_iDASv3-P11_UTC190427200308.sgy,0057_FORGE_78-32_iDASv3-P11_UTC190427200308\seg_007.png,7,7,8,0,,
utah_upper,FORGE_78-32_iDASv3-P11_UTC190427200308.sgy,0057_FORGE_78-32_iDASv3-P11_UTC190427200308\seg_008.png,8,8,9,0,,
utah_upper,FORGE_78-32_iDASv3-P11_UTC190427200308.sgy,0057_FORGE_78-32_iDASv3-P11_UTC190427200308\seg_009.png,9,9,10,0,,
utah_upper,FORGE_78-32_iDASv3-P11_UTC190427200308.sgy,0057_FORGE_78-32_iDASv3-P11_UTC190427200308\seg_010.png,10,10,11,0,,
utah_upper,FORGE_78-32_iDASv3-P11_UTC190427200308.sgy,0057_FORGE_78-32_iDASv3-P11_UTC190427200308\seg_011.png,11,11,12,0,,
utah_upper,FORGE_78-32_iDASv3-P11_UTC190427200308.sgy,0057_FORGE_78-32_iDASv3-P11_UTC190427200308\seg_012.png,12,12,13,0,,
utah_upper,FORGE_78-32_iDASv3-P11_UTC190427200308.sgy,0057_FORGE_78-32_iDASv3-P11_UTC190427200308\seg_013.png,13,13,14,0,,
utah_upper,FORGE_78-32_iDASv3-P11_UTC190427200308.sgy,0057_FORGE_78-32_iDASv3-P11_UTC190427200308\seg_014.png,14,14,15,0,,
utah_upper,FORGE_78-32_iDASv3-P11_UTC190427200308.sgy,0057_FORGE_78-32_iDASv3-P11_UTC190427200308\seg_015.png,15,15,16,0,,
utah_upper,FORGE_78-32_iDASv3-P11_UTC190427200308.sgy,0057_FORGE_78-32_iDASv3-P11_UTC190427200308\seg_016.png,16,16,17,0,,
utah_upper,FORGE_78-32_iDASv3-P11_UTC190427200308.sgy,0057_FORGE_78-32_iDASv3-P11_UTC190427200308\seg_017.png,17,17,18,0,,
utah_upper,FORGE_78-32_iDASv3-P11_UTC190427200308.sgy,0057_FORGE_78-32_iDASv3-P11_UTC190427200308\seg_018.png,18,18,19,0,,
utah_upper,FORGE_78-32_iDASv3-P11_UTC190427200308.sgy,0057_FORGE_78-32_iDASv3-P11_UTC190427200308\seg_019.png,19,19,20,0,,
utah_upper,FORGE_78-32_iDASv3-P11_UTC190427200308.sgy,0057_FORGE_78-32_iDASv3-P11_UTC190427200308\seg_020.png,20,20,21,0,,
utah_upper,FORGE_78-32_iDASv3-P11_UTC190427200308.sgy,0057_FORGE_78-32_iDASv3-P11_UTC190427200308\seg_021.png,21,21,22,0,,
utah_upper,FORGE_78-32_iDASv3-P11_UTC190427200308.sgy,0057_FORGE_78-32_iDASv3-P11_UTC190427200308\seg_022.png,22,22,23,0,,
utah_upper,FORGE_78-32_iDASv3-P11_UTC190427200308.sgy,0057_FORGE_78-32_iDASv3-P11_UTC190427200308\seg_023.png,23,23,24,0,,
utah_upper,FORGE_78-32_iDASv3-P11_UTC190427200308.sgy,0057_FORGE_78-32_iDASv3-P11_UTC190427200308\seg_024.png,24,24,25,0,,
utah_upper,FORGE_78-32_iDASv3-P11_UTC190427200308.sgy,0057_FORGE_78-32_iDASv3-P11_UTC190427200308\seg_025.png,25,25,26,0,,
utah_upper,FORGE_78-32_iDASv3-P11_UTC190427200308.sgy,0057_FORGE_78-32_iDASv3-P11_UTC190427200308\seg_026.png,26,26,27,0,,
utah_upper,FORGE_78-32_iDASv3-P11_UTC190427200308.sgy,0057_FORGE_78-32_iDASv3-P11_UTC190427200308\seg_027.png,27,27,28,0,,
utah_upper,FORGE_78-32_iDASv3-P11_UTC190427200308.sgy,0057_FORGE_78-32_iDASv3-P11_UTC190427200308\seg_028.png,28,28,29,0,,
utah_upper,FORGE_78-32_iDASv3-P11_UTC190427200308.sgy,0057_FORGE_78-32_iDASv3-P11_UTC190427200308\seg_029.png,29,29,30,0,,
utah_upper,FORGE_78-32_iDASv3-P11_UTC190427200508.sgy,0058_FORGE_78-32_iDASv3-P11_UTC190427200508\seg_000.png,0,0,1,0,,
utah_upper,FORGE_78-32_iDASv3-P11_UTC190427200508.sgy,0058_FORGE_78-32_iDASv3-P11_UTC190427200508\seg_001.png,1,1,2,0,,
utah_upper,FORGE_78-32_iDASv3-P11_UTC190427200508.sgy,0058_FORGE_78-32_iDASv3-P11_UTC190427200508\seg_002.png,2,2,3,0,,
utah_upper,FORGE_78-32_iDASv3-P11_UTC190427200508.sgy,0058_FORGE_78-32_iDASv3-P11_UTC190427200508\seg_003.png,3,3,4,0,,
utah_upper,FORGE_78-32_iDASv3-P11_UTC190427200508.sgy,0058_FORGE_78-32_iDASv3-P11_UTC190427200508\seg_004.png,4,4,5,0,,
utah_upper,FORGE_78-32_iDASv3-P11_UTC190427200508.sgy,0058_FORGE_78-32_iDASv3-P11_UTC190427200508\seg_005.png,5,5,6,0,,
utah_upper,FORGE_78-32_iDASv3-P11_UTC190427200508.sgy,0058_FORGE_78-32_iDASv3-P11_UTC190427200508\seg_006.png,6,6,7,0,,
utah_upper,FORGE_78-32_iDASv3-P11_UTC190427200508.sgy,0058_FORGE_78-32_iDASv3-P11_UTC190427200508\seg_007.png,7,7,8,0,,
utah_upper,FORGE_78-32_iDASv3-P11_UTC190427200508.sgy,0058_FORGE_78-32_iDASv3-P11_UTC190427200508\seg_008.png,8,8,9,0,,
utah_upper,FORGE_78-32_iDASv3-P11_UTC190427200508.sgy,0058_FORGE_78-32_iDASv3-P11_UTC190427200508\seg_009.png,9,9,10,0,,
utah_upper,FORGE_78-32_iDASv3-P11_UTC190427200508.sgy,0058_FORGE_78-32_iDASv3-P11_UTC190427200508\seg_010.png,10,10,11,0,,
utah_upper,FORGE_78-32_iDASv3-P11_UTC190427200508.sgy,0058_FORGE_78-32_iDASv3-P11_UTC190427200508\seg_011.png,11,11,12,0,,
utah_upper,FORGE_78-32_iDASv3-P11_UTC190427200508.sgy,0058_FORGE_78-32_iDASv3-P11_UTC190427200508\seg_012.png,12,12,13,0,,
utah_upper,FORGE_78-32_iDASv3-P11_UTC190427200508.sgy,0058_FORGE_78-32_iDASv3-P11_UTC190427200508\seg_013.png,13,13,14,0,,
utah_upper,FORGE_78-32_iDASv3-P11_UTC190427200508.sgy,0058_FORGE_78-32_iDASv3-P11_UTC190427200508\seg_014.png,14,14,15,0,,
utah_upper,FORGE_78-32_iDASv3-P11_UTC190427200508.sgy,0058_FORGE_78-32_iDASv3-P11_UTC190427200508\seg_015.png,15,15,16,0,,
utah_upper,FORGE_78-32_iDASv3-P11_UTC190427200508.sgy,0058_FORGE_78-32_iDASv3-P11_UTC190427200508\seg_016.png,16,16,17,0,,
utah_upper,FORGE_78-32_iDASv3-P11_UTC190427200508.sgy,0058_FORGE_78-32_iDASv3-P11_UTC190427200508\seg_017.png,17,17,18,0,,
utah_upper,FORGE_78-32_iDASv3-P11_UTC190427200508.sgy,0058_FORGE_78-32_iDASv3-P11_UTC190427200508\seg_018.png,18,18,19,0,,
utah_upper,FORGE_78-32_iDASv3-P11_UTC190427200508.sgy,0058_FORGE_78-32_iDASv3-P11_UTC190427200508\seg_019.png,19,19,20,0,,
utah_upper,FORGE_78-32_iDASv3-P11_UTC190427200508.sgy,0058_FORGE_78-32_iDASv3-P11_UTC190427200508\seg_020.png,20,20,21,0,,
utah_upper,FORGE_78-32_iDASv3-P11_UTC190427200508.sgy,0058_FORGE_78-32_iDASv3-P11_UTC190427200508\seg_021.png,21,21,22,0,,
utah_upper,FORGE_78-32_iDASv3-P11_UTC190427200508.sgy,0058_FORGE_78-32_iDASv3-P11_UTC190427200508\seg_022.png,22,22,23,0,,
utah_upper,FORGE_78-32_iDASv3-P11_UTC190427200508.sgy,0058_FORGE_78-32_iDASv3-P11_UTC190427200508\seg_023.png,23,23,24,0,,
utah_upper,FORGE_78-32_iDASv3-P11_UTC190427200508.sgy,0058_FORGE_78-32_iDASv3-P11_UTC190427200508\seg_024.png,24,24,25,0,,
utah_upper,FORGE_78-32_iDASv3-P11_UTC190427200508.sgy,0058_FORGE_78-32_iDASv3-P11_UTC190427200508\seg_025.png,25,25,26,0,,
utah_upper,FORGE_78-32_iDASv3-P11_UTC190427200508.sgy,0058_FORGE_78-32_iDASv3-P11_UTC190427200508\seg_026.png,26,26,27,0,,
utah_upper,FORGE_78-32_iDASv3-P11_UTC190427200508.sgy,0058_FORGE_78-32_iDASv3-P11_UTC190427200508\seg_027.png,27,27,28,0,,
utah_upper,FORGE_78-32_iDASv3-P11_UTC190427200508.sgy,0058_FORGE_78-32_iDASv3-P11_UTC190427200508\seg_028.png,28,28,29,0,,
utah_upper,FORGE_78-32_iDASv3-P11_UTC190427200508.sgy,0058_FORGE_78-32_iDASv3-P11_UTC190427200508\seg_029.png,29,29,30,0,,
utah_upper,FORGE_78-32_iDASv3-P11_UTC190427200638.sgy,0059_FORGE_78-32_iDASv3-P11_UTC190427200638\seg_000.png,0,0,1,0,,
utah_upper,FORGE_78-32_iDASv3-P11_UTC190427200638.sgy,0059_FORGE_78-32_iDASv3-P11_UTC190427200638\seg_001.png,1,1,2,0,,
utah_upper,FORGE_78-32_iDASv3-P11_UTC190427200638.sgy,0059_FORGE_78-32_iDASv3-P11_UTC190427200638\seg_002.png,2,2,3,0,,
utah_upper,FORGE_78-32_iDASv3-P11_UTC190427200638.sgy,0059_FORGE_78-32_iDASv3-P11_UTC190427200638\seg_003.png,3,3,4,0,,
utah_upper,FORGE_78-32_iDASv3-P11_UTC190427200638.sgy,0059_FORGE_78-32_iDASv3-P11_UTC190427200638\seg_004.png,4,4,5,0,,
utah_upper,FORGE_78-32_iDASv3-P11_UTC190427200638.sgy,0059_FORGE_78-32_iDASv3-P11_UTC190427200638\seg_005.png,5,5,6,0,,
utah_upper,FORGE_78-32_iDASv3-P11_UTC190427200638.sgy,0059_FORGE_78-32_iDASv3-P11_UTC190427200638\seg_006.png,6,6,7,0,,
utah_upper,FORGE_78-32_iDASv3-P11_UTC190427200638.sgy,0059_FORGE_78-32_iDASv3-P11_UTC190427200638\seg_007.png,7,7,8,0,,
utah_upper,FORGE_78-32_iDASv3-P11_UTC190427200638.sgy,0059_FORGE_78-32_iDASv3-P11_UTC190427200638\seg_008.png,8,8,9,0,,
utah_upper,FORGE_78-32_iDASv3-P11_UTC190427200638.sgy,0059_FORGE_78-32_iDASv3-P11_UTC190427200638\seg_009.png,9,9,10,0,,
utah_upper,FORGE_78-32_iDASv3-P11_UTC190427200638.sgy,0059_FORGE_78-32_iDASv3-P11_UTC190427200638\seg_010.png,10,10,11,0,,
utah_upper,FORGE_78-32_iDASv3-P11_UTC190427200638.sgy,0059_FORGE_78-32_iDASv3-P11_UTC190427200638\seg_011.png,11,11,12,0,,
utah_upper,FORGE_78-32_iDASv3-P11_UTC190427200638.sgy,0059_FORGE_78-32_iDASv3-P11_UTC190427200638\seg_012.png,12,12,13,0,,
utah_upper,FORGE_78-32_iDASv3-P11_UTC190427200638.sgy,0059_FORGE_78-32_iDASv3-P11_UTC190427200638\seg_013.png,13,13,14,0,,
utah_upper,FORGE_78-32_iDASv3-P11_UTC190427200638.sgy,0059_FORGE_78-32_iDASv3-P11_UTC190427200638\seg_014.png,14,14,15,0,,
utah_upper,FORGE_78-32_iDASv3-P11_UTC190427200638.sgy,0059_FORGE_78-32_iDASv3-P11_UTC190427200638\seg_015.png,15,15,16,0,,
utah_upper,FORGE_78-32_iDASv3-P11_UTC190427200638.sgy,0059_FORGE_78-32_iDASv3-P11_UTC190427200638\seg_016.png,16,16,17,0,,
utah_upper,FORGE_78-32_iDASv3-P11_UTC190427200638.sgy,0059_FORGE_78-32_iDASv3-P11_UTC190427200638\seg_017.png,17,17,18,0,,
utah_upper,FORGE_78-32_iDASv3-P11_UTC190427200638.sgy,0059_FORGE_78-32_iDASv3-P11_UTC190427200638\seg_018.png,18,18,19,0,,
utah_upper,FORGE_78-32_iDASv3-P11_UTC190427200638.sgy,0059_FORGE_78-32_iDASv3-P11_UTC190427200638\seg_019.png,19,19,20,0,,
utah_upper,FORGE_78-32_iDASv3-P11_UTC190427200638.sgy,0059_FORGE_78-32_iDASv3-P11_UTC190427200638\seg_020.png,20,20,21,0,,
utah_upper,FORGE_78-32_iDASv3-P11_UTC190427200638.sgy,0059_FORGE_78-32_iDASv3-P11_UTC190427200638\seg_021.png,21,21,22,0,,
utah_upper,FORGE_78-32_iDASv3-P11_UTC190427200638.sgy,0059_FORGE_78-32_iDASv3-P11_UTC190427200638\seg_022.png,22,22,23,0,,
utah_upper,FORGE_78-32_iDASv3-P11_UTC190427200638.sgy,0059_FORGE_78-32_iDASv3-P11_UTC190427200638\seg_023.png,23,23,24,0,,
utah_upper,FORGE_78-32_iDASv3-P11_UTC190427200638.sgy,0059_FORGE_78-32_iDASv3-P11_UTC190427200638\seg_024.png,24,24,25,0,,
utah_upper,FORGE_78-32_iDASv3-P11_UTC190427200638.sgy,0059_FORGE_78-32_iDASv3-P11_UTC190427200638\seg_025.png,25,25,26,0,,
utah_upper,FORGE_78-32_iDASv3-P11_UTC190427200638.sgy,0059_FORGE_78-32_iDASv3-P11_UTC190427200638\seg_026.png,26,26,27,0,,
utah_upper,FORGE_78-32_iDASv3-P11_UTC190427200638.sgy,0059_FORGE_78-32_iDASv3-P11_UTC190427200638\seg_027.png,27,27,28,0,,
utah_upper,FORGE_78-32_iDASv3-P11_UTC190427200638.sgy,0059_FORGE_78-32_iDASv3-P11_UTC190427200638\seg_028.png,28,28,29,0,,
utah_upper,FORGE_78-32_iDASv3-P11_UTC190427200638.sgy,0059_FORGE_78-32_iDASv3-P11_UTC190427200638\seg_029.png,29,29,30,0,,
utah_upper,FORGE_78-32_iDASv3-P11_UTC190427200653.sgy,0060_FORGE_78-32_iDASv3-P11_UTC190427200653\seg_000.png,0,0,1,0,,
utah_upper,FORGE_78-32_iDASv3-P11_UTC190427200653.sgy,0060_FORGE_78-32_iDASv3-P11_UTC190427200653\seg_001.png,1,1,2,0,,
utah_upper,FORGE_78-32_iDASv3-P11_UTC190427200653.sgy,0060_FORGE_78-32_iDASv3-P11_UTC190427200653\seg_002.png,2,2,3,0,,
utah_upper,FORGE_78-32_iDASv3-P11_UTC190427200653.sgy,0060_FORGE_78-32_iDASv3-P11_UTC190427200653\seg_003.png,3,3,4,0,,
utah_upper,FORGE_78-32_iDASv3-P11_UTC190427200653.sgy,0060_FORGE_78-32_iDASv3-P11_UTC190427200653\seg_004.png,4,4,5,0,,
utah_upper,FORGE_78-32_iDASv3-P11_UTC190427200653.sgy,0060_FORGE_78-32_iDASv3-P11_UTC190427200653\seg_005.png,5,5,6,0,,
utah_upper,FORGE_78-32_iDASv3-P11_UTC190427200653.sgy,0060_FORGE_78-32_iDASv3-P11_UTC190427200653\seg_006.png,6,6,7,0,,
utah_upper,FORGE_78-32_iDASv3-P11_UTC190427200653.sgy,0060_FORGE_78-32_iDASv3-P11_UTC190427200653\seg_007.png,7,7,8,0,,
utah_upper,FORGE_78-32_iDASv3-P11_UTC190427200653.sgy,0060_FORGE_78-32_iDASv3-P11_UTC190427200653\seg_008.png,8,8,9,0,,
utah_upper,FORGE_78-32_iDASv3-P11_UTC190427200653.sgy,0060_FORGE_78-32_iDASv3-P11_UTC190427200653\seg_009.png,9,9,10,0,,
utah_upper,FORGE_78-32_iDASv3-P11_UTC190427200653.sgy,0060_FORGE_78-32_iDASv3-P11_UTC190427200653\seg_010.png,10,10,11,0,,
utah_upper,FORGE_78-32_iDASv3-P11_UTC190427200653.sgy,0060_FORGE_78-32_iDASv3-P11_UTC190427200653\seg_011.png,11,11,12,0,,
utah_upper,FORGE_78-32_iDASv3-P11_UTC190427200653.sgy,0060_FORGE_78-32_iDASv3-P11_UTC190427200653\seg_012.png,12,12,13,0,,
utah_upper,FORGE_78-32_iDASv3-P11_UTC190427200653.sgy,0060_FORGE_78-32_iDASv3-P11_UTC190427200653\seg_013.png,13,13,14,0,,
utah_upper,FORGE_78-32_iDASv3-P11_UTC190427200653.sgy,0060_FORGE_78-32_iDASv3-P11_UTC190427200653\seg_014.png,14,14,15,0,,
utah_upper,FORGE_78-32_iDASv3-P11_UTC190427200653.sgy,0060_FORGE_78-32_iDASv3-P11_UTC190427200653\seg_015.png,15,15,16,0,,
utah_upper,FORGE_78-32_iDASv3-P11_UTC190427200653.sgy,0060_FORGE_78-32_iDASv3-P11_UTC190427200653\seg_016.png,16,16,17,0,,
utah_upper,FORGE_78-32_iDASv3-P11_UTC190427200653.sgy,0060_FORGE_78-32_iDASv3-P11_UTC190427200653\seg_017.png,17,17,18,0,,
utah_upper,FORGE_78-32_iDASv3-P11_UTC190427200653.sgy,0060_FORGE_78-32_iDASv3-P11_UTC190427200653\seg_018.png,18,18,19,0,,
utah_upper,FORGE_78-32_iDASv3-P11_UTC190427200653.sgy,0060_FORGE_78-32_iDASv3-P11_UTC190427200653\seg_019.png,19,19,20,0,,
utah_upper,FORGE_78-32_iDASv3-P11_UTC190427200653.sgy,0060_FORGE_78-32_iDASv3-P11_UTC190427200653\seg_020.png,20,20,21,0,,
utah_upper,FORGE_78-32_iDASv3-P11_UTC190427200653.sgy,0060_FORGE_78-32_iDASv3-P11_UTC190427200653\seg_021.png,21,21,22,0,,
utah_upper,FORGE_78-32_iDASv3-P11_UTC190427200653.sgy,0060_FORGE_78-32_iDASv3-P11_UTC190427200653\seg_022.png,22,22,23,0,,
utah_upper,FORGE_78-32_iDASv3-P11_UTC190427200653.sgy,0060_FORGE_78-32_iDASv3-P11_UTC190427200653\seg_023.png,23,23,24,0,,
utah_upper,FORGE_78-32_iDASv3-P11_UTC190427200653.sgy,0060_FORGE_78-32_iDASv3-P11_UTC190427200653\seg_024.png,24,24,25,0,,
utah_upper,FORGE_78-32_iDASv3-P11_UTC190427200653.sgy,0060_FORGE_78-32_iDASv3-P11_UTC190427200653\seg_025.png,25,25,26,0,,
utah_upper,FORGE_78-32_iDASv3-P11_UTC190427200653.sgy,0060_FORGE_78-32_iDASv3-P11_UTC190427200653\seg_026.png,26,26,27,0,,
utah_upper,FORGE_78-32_iDASv3-P11_UTC190427200653.sgy,0060_FORGE_78-32_iDASv3-P11_UTC190427200653\seg_027.png,27,27,28,0,,
utah_upper,FORGE_78-32_iDASv3-P11_UTC190427200653.sgy,0060_FORGE_78-32_iDASv3-P11_UTC190427200653\seg_028.png,28,28,29,0,,
utah_upper,FORGE_78-32_iDASv3-P11_UTC190427200653.sgy,0060_FORGE_78-32_iDASv3-P11_UTC190427200653\seg_029.png,29,29,30,0,,
utah_upper,FORGE_78-32_iDASv3-P11_UTC190427200953.sgy,0061_FORGE_78-32_iDASv3-P11_UTC190427200953\seg_000.png,0,0,1,0,,
utah_upper,FORGE_78-32_iDASv3-P11_UTC190427200953.sgy,0061_FORGE_78-32_iDASv3-P11_UTC190427200953\seg_001.png,1,1,2,0,,
utah_upper,FORGE_78-32_iDASv3-P11_UTC190427200953.sgy,0061_FORGE_78-32_iDASv3-P11_UTC190427200953\seg_002.png,2,2,3,0,,
utah_upper,FORGE_78-32_iDASv3-P11_UTC190427200953.sgy,0061_FORGE_78-32_iDASv3-P11_UTC190427200953\seg_003.png,3,3,4,0,,
utah_upper,FORGE_78-32_iDASv3-P11_UTC190427200953.sgy,0061_FORGE_78-32_iDASv3-P11_UTC190427200953\seg_004.png,4,4,5,0,,
utah_upper,FORGE_78-32_iDASv3-P11_UTC190427200953.sgy,0061_FORGE_78-32_iDASv3-P11_UTC190427200953\seg_005.png,5,5,6,0,,
utah_upper,FORGE_78-32_iDASv3-P11_UTC190427200953.sgy,0061_FORGE_78-32_iDASv3-P11_UTC190427200953\seg_006.png,6,6,7,0,,
utah_upper,FORGE_78-32_iDASv3-P11_UTC190427200953.sgy,0061_FORGE_78-32_iDASv3-P11_UTC190427200953\seg_007.png,7,7,8,0,,
utah_upper,FORGE_78-32_iDASv3-P11_UTC190427200953.sgy,0061_FORGE_78-32_iDASv3-P11_UTC190427200953\seg_008.png,8,8,9,0,,
utah_upper,FORGE_78-32_iDASv3-P11_UTC190427200953.sgy,0061_FORGE_78-32_iDASv3-P11_UTC190427200953\seg_009.png,9,9,10,0,,
utah_upper,FORGE_78-32_iDASv3-P11_UTC190427200953.sgy,0061_FORGE_78-32_iDASv3-P11_UTC190427200953\seg_010.png,10,10,11,0,,
utah_upper,FORGE_78-32_iDASv3-P11_UTC190427200953.sgy,0061_FORGE_78-32_iDASv3-P11_UTC190427200953\seg_011.png,11,11,12,0,,
utah_upper,FORGE_78-32_iDASv3-P11_UTC190427200953.sgy,0061_FORGE_78-32_iDASv3-P11_UTC190427200953\seg_012.png,12,12,13,0,,
utah_upper,FORGE_78-32_iDASv3-P11_UTC190427200953.sgy,0061_FORGE_78-32_iDASv3-P11_UTC190427200953\seg_013.png,13,13,14,0,,
utah_upper,FORGE_78-32_iDASv3-P11_UTC190427200953.sgy,0061_FORGE_78-32_iDASv3-P11_UTC190427200953\seg_014.png,14,14,15,0,,
utah_upper,FORGE_78-32_iDASv3-P11_UTC190427200953.sgy,0061_FORGE_78-32_iDASv3-P11_UTC190427200953\seg_015.png,15,15,16,0,,
utah_upper,FORGE_78-32_iDASv3-P11_UTC190427200953.sgy,0061_FORGE_78-32_iDASv3-P11_UTC190427200953\seg_016.png,16,16,17,0,,
utah_upper,FORGE_78-32_iDASv3-P11_UTC190427200953.sgy,0061_FORGE_78-32_iDASv3-P11_UTC190427200953\seg_017.png,17,17,18,0,,
utah_upper,FORGE_78-32_iDASv3-P11_UTC190427200953.sgy,0061_FORGE_78-32_iDASv3-P11_UTC190427200953\seg_018.png,18,18,19,0,,
utah_upper,FORGE_78-32_iDASv3-P11_UTC190427200953.sgy,0061_FORGE_78-32_iDASv3-P11_UTC190427200953\seg_019.png,19,19,20,0,,
utah_upper,FORGE_78-32_iDASv3-P11_UTC190427200953.sgy,0061_FORGE_78-32_iDASv3-P11_UTC190427200953\seg_020.png,20,20,21,0,,
utah_upper,FORGE_78-32_iDASv3-P11_UTC190427200953.sgy,0061_FORGE_78-32_iDASv3-P11_UTC190427200953\seg_021.png,21,21,22,0,,
utah_upper,FORGE_78-32_iDASv3-P11_UTC190427200953.sgy,0061_FORGE_78-32_iDASv3-P11_UTC190427200953\seg_022.png,22,22,23,0,,
utah_upper,FORGE_78-32_iDASv3-P11_UTC190427200953.sgy,0061_FORGE_78-32_iDASv3-P11_UTC190427200953\seg_023.png,23,23,24,0,,
utah_upper,FORGE_78-32_iDASv3-P11_UTC190427200953.sgy,0061_FORGE_78-32_iDASv3-P11_UTC190427200953\seg_024.png,24,24,25,0,,
utah_upper,FORGE_78-32_iDASv3-P11_UTC190427200953.sgy,0061_FORGE_78-32_iDASv3-P11_UTC190427200953\seg_025.png,25,25,26,0,,
utah_upper,FORGE_78-32_iDASv3-P11_UTC190427200953.sgy,0061_FORGE_78-32_iDASv3-P11_UTC190427200953\seg_026.png,26,26,27,0,,
utah_upper,FORGE_78-32_iDASv3-P11_UTC190427200953.sgy,0061_FORGE_78-32_iDASv3-P11_UTC190427200953\seg_027.png,27,27,28,0,,
utah_upper,FORGE_78-32_iDASv3-P11_UTC190427200953.sgy,0061_FORGE_78-32_iDASv3-P11_UTC190427200953\seg_028.png,28,28,29,0,,
utah_upper,FORGE_78-32_iDASv3-P11_UTC190427200953.sgy,0061_FORGE_78-32_iDASv3-P11_UTC190427200953\seg_029.png,29,29,30,0,,
utah_upper,FORGE_78-32_iDASv3-P11_UTC190427201008.sgy,0062_FORGE_78-32_iDASv3-P11_UTC190427201008\seg_000.png,0,0,1,0,,
utah_upper,FORGE_78-32_iDASv3-P11_UTC190427201008.sgy,0062_FORGE_78-32_iDASv3-P11_UTC190427201008\seg_001.png,1,1,2,0,,
utah_upper,FORGE_78-32_iDASv3-P11_UTC190427201008.sgy,0062_FORGE_78-32_iDASv3-P11_UTC190427201008\seg_002.png,2,2,3,0,,
utah_upper,FORGE_78-32_iDASv3-P11_UTC190427201008.sgy,0062_FORGE_78-32_iDASv3-P11_UTC190427201008\seg_003.png,3,3,4,0,,
utah_upper,FORGE_78-32_iDASv3-P11_UTC190427201008.sgy,0062_FORGE_78-32_iDASv3-P11_UTC190427201008\seg_004.png,4,4,5,0,,
utah_upper,FORGE_78-32_iDASv3-P11_UTC190427201008.sgy,0062_FORGE_78-32_iDASv3-P11_UTC190427201008\seg_005.png,5,5,6,0,,
utah_upper,FORGE_78-32_iDASv3-P11_UTC190427201008.sgy,0062_FORGE_78-32_iDASv3-P11_UTC190427201008\seg_006.png,6,6,7,0,,
utah_upper,FORGE_78-32_iDASv3-P11_UTC190427201008.sgy,0062_FORGE_78-32_iDASv3-P11_UTC190427201008\seg_007.png,7,7,8,0,,
utah_upper,FORGE_78-32_iDASv3-P11_UTC190427201008.sgy,0062_FORGE_78-32_iDASv3-P11_UTC190427201008\seg_008.png,8,8,9,0,,
utah_upper,FORGE_78-32_iDASv3-P11_UTC190427201008.sgy,0062_FORGE_78-32_iDASv3-P11_UTC190427201008\seg_009.png,9,9,10,0,,
utah_upper,FORGE_78-32_iDASv3-P11_UTC190427201008.sgy,0062_FORGE_78-32_iDASv3-P11_UTC190427201008\seg_010.png,10,10,11,0,,
utah_upper,FORGE_78-32_iDASv3-P11_UTC190427201008.sgy,0062_FORGE_78-32_iDASv3-P11_UTC190427201008\seg_011.png,11,11,12,0,,
utah_upper,FORGE_78-32_iDASv3-P11_UTC190427201008.sgy,0062_FORGE_78-32_iDASv3-P11_UTC190427201008\seg_012.png,12,12,13,0,,
utah_upper,FORGE_78-32_iDASv3-P11_UTC190427201008.sgy,0062_FORGE_78-32_iDASv3-P11_UTC190427201008\seg_013.png,13,13,14,0,,
utah_upper,FORGE_78-32_iDASv3-P11_UTC190427201008.sgy,0062_FORGE_78-32_iDASv3-P11_UTC190427201008\seg_014.png,14,14,15,0,,
utah_upper,FORGE_78-32_iDASv3-P11_UTC190427201008.sgy,0062_FORGE_78-32_iDASv3-P11_UTC190427201008\seg_015.png,15,15,16,0,,
utah_upper,FORGE_78-32_iDASv3-P11_UTC190427201008.sgy,0062_FORGE_78-32_iDASv3-P11_UTC190427201008\seg_016.png,16,16,17,0,,
utah_upper,FORGE_78-32_iDASv3-P11_UTC190427201008.sgy,0062_FORGE_78-32_iDASv3-P11_UTC190427201008\seg_017.png,17,17,18,0,,
utah_upper,FORGE_78-32_iDASv3-P11_UTC190427201008.sgy,0062_FORGE_78-32_iDASv3-P11_UTC190427201008\seg_018.png,18,18,19,0,,
utah_upper,FORGE_78-32_iDASv3-P11_UTC190427201008.sgy,0062_FORGE_78-32_iDASv3-P11_UTC190427201008\seg_019.png,19,19,20,0,,
utah_upper,FORGE_78-32_iDASv3-P11_UTC190427201008.sgy,0062_FORGE_78-32_iDASv3-P11_UTC190427201008\seg_020.png,20,20,21,0,,
utah_upper,FORGE_78-32_iDASv3-P11_UTC190427201008.sgy,0062_FORGE_78-32_iDASv3-P11_UTC190427201008\seg_021.png,21,21,22,0,,
utah_upper,FORGE_78-32_iDASv3-P11_UTC190427201008.sgy,0062_FORGE_78-32_iDASv3-P11_UTC190427201008\seg_022.png,22,22,23,0,,
utah_upper,FORGE_78-32_iDASv3-P11_UTC190427201008.sgy,0062_FORGE_78-32_iDASv3-P11_UTC190427201008\seg_023.png,23,23,24,0,,
utah_upper,FORGE_78-32_iDASv3-P11_UTC190427201008.sgy,0062_FORGE_78-32_iDASv3-P11_UTC190427201008\seg_024.png,24,24,25,0,,
utah_upper,FORGE_78-32_iDASv3-P11_UTC190427201008.sgy,0062_FORGE_78-32_iDASv3-P11_UTC190427201008\seg_025.png,25,25,26,0,,
utah_upper,FORGE_78-32_iDASv3-P11_UTC190427201008.sgy,0062_FORGE_78-32_iDASv3-P11_UTC190427201008\seg_026.png,26,26,27,0,,
utah_upper,FORGE_78-32_iDASv3-P11_UTC190427201008.sgy,0062_FORGE_78-32_iDASv3-P11_UTC190427201008\seg_027.png,27,27,28,0,,
utah_upper,FORGE_78-32_iDASv3-P11_UTC190427201008.sgy,0062_FORGE_78-32_iDASv3-P11_UTC190427201008\seg_028.png,28,28,29,0,,
utah_upper,FORGE_78-32_iDASv3-P11_UTC190427201008.sgy,0062_FORGE_78-32_iDASv3-P11_UTC190427201008\seg_029.png,29,29,30,0,,
utah_upper,FORGE_78-32_iDASv3-P11_UTC190427201723.sgy,0063_FORGE_78-32_iDASv3-P11_UTC190427201723\seg_000.png,0,0,1,0,,
utah_upper,FORGE_78-32_iDASv3-P11_UTC190427201723.sgy,0063_FORGE_78-32_iDASv3-P11_UTC190427201723\seg_001.png,1,1,2,0,,
utah_upper,FORGE_78-32_iDASv3-P11_UTC190427201723.sgy,0063_FORGE_78-32_iDASv3-P11_UTC190427201723\seg_002.png,2,2,3,0,,
utah_upper,FORGE_78-32_iDASv3-P11_UTC190427201723.sgy,0063_FORGE_78-32_iDASv3-P11_UTC190427201723\seg_003.png,3,3,4,0,,
utah_upper,FORGE_78-32_iDASv3-P11_UTC190427201723.sgy,0063_FORGE_78-32_iDASv3-P11_UTC190427201723\seg_004.png,4,4,5,0,,
utah_upper,FORGE_78-32_iDASv3-P11_UTC190427201723.sgy,0063_FORGE_78-32_iDASv3-P11_UTC190427201723\seg_005.png,5,5,6,0,,
utah_upper,FORGE_78-32_iDASv3-P11_UTC190427201723.sgy,0063_FORGE_78-32_iDASv3-P11_UTC190427201723\seg_006.png,6,6,7,0,,
utah_upper,FORGE_78-32_iDASv3-P11_UTC190427201723.sgy,0063_FORGE_78-32_iDASv3-P11_UTC190427201723\seg_007.png,7,7,8,0,,
utah_upper,FORGE_78-32_iDASv3-P11_UTC190427201723.sgy,0063_FORGE_78-32_iDASv3-P11_UTC190427201723\seg_008.png,8,8,9,0,,
utah_upper,FORGE_78-32_iDASv3-P11_UTC190427201723.sgy,0063_FORGE_78-32_iDASv3-P11_UTC190427201723\seg_009.png,9,9,10,0,,
utah_upper,FORGE_78-32_iDASv3-P11_UTC190427201723.sgy,0063_FORGE_78-32_iDASv3-P11_UTC190427201723\seg_010.png,10,10,11,0,,
utah_upper,FORGE_78-32_iDASv3-P11_UTC190427201723.sgy,0063_FORGE_78-32_iDASv3-P11_UTC190427201723\seg_011.png,11,11,12,0,,
utah_upper,FORGE_78-32_iDASv3-P11_UTC190427201723.sgy,0063_FORGE_78-32_iDASv3-P11_UTC190427201723\seg_012.png,12,12,13,0,,
utah_upper,FORGE_78-32_iDASv3-P11_UTC190427201723.sgy,0063_FORGE_78-32_iDASv3-P11_UTC190427201723\seg_013.png,13,13,14,0,,
utah_upper,FORGE_78-32_iDASv3-P11_UTC190427201723.sgy,0063_FORGE_78-32_iDASv3-P11_UTC190427201723\seg_014.png,14,14,15,0,,
utah_upper,FORGE_78-32_iDASv3-P11_UTC190427201723.sgy,0063_FORGE_78-32_iDASv3-P11_UTC190427201723\seg_015.png,15,15,16,0,,
utah_upper,FORGE_78-32_iDASv3-P11_UTC190427201723.sgy,0063_FORGE_78-32_iDASv3-P11_UTC190427201723\seg_016.png,16,16,17,0,,
utah_upper,FORGE_78-32_iDASv3-P11_UTC190427201723.sgy,0063_FORGE_78-32_iDASv3-P11_UTC190427201723\seg_017.png,17,17,18,0,,
utah_upper,FORGE_78-32_iDASv3-P11_UTC190427201723.sgy,0063_FORGE_78-32_iDASv3-P11_UTC190427201723\seg_018.png,18,18,19,0,,
utah_upper,FORGE_78-32_iDASv3-P11_UTC190427201723.sgy,0063_FORGE_78-32_iDASv3-P11_UTC190427201723\seg_019.png,19,19,20,0,,
utah_upper,FORGE_78-32_iDASv3-P11_UTC190427201723.sgy,0063_FORGE_78-32_iDASv3-P11_UTC190427201723\seg_020.png,20,20,21,0,,
utah_upper,FORGE_78-32_iDASv3-P11_UTC190427201723.sgy,0063_FORGE_78-32_iDASv3-P11_UTC190427201723\seg_021.png,21,21,22,0,,
utah_upper,FORGE_78-32_iDASv3-P11_UTC190427201723.sgy,0063_FORGE_78-32_iDASv3-P11_UTC190427201723\seg_022.png,22,22,23,0,,
utah_upper,FORGE_78-32_iDASv3-P11_UTC190427201723.sgy,0063_FORGE_78-32_iDASv3-P11_UTC190427201723\seg_023.png,23,23,24,0,,
utah_upper,FORGE_78-32_iDASv3-P11_UTC190427201723.sgy,0063_FORGE_78-32_iDASv3-P11_UTC190427201723\seg_024.png,24,24,25,0,,
utah_upper,FORGE_78-32_iDASv3-P11_UTC190427201723.sgy,0063_FORGE_78-32_iDASv3-P11_UTC190427201723\seg_025.png,25,25,26,0,,
utah_upper,FORGE_78-32_iDASv3-P11_UTC190427201723.sgy,0063_FORGE_78-32_iDASv3-P11_UTC190427201723\seg_026.png,26,26,27,0,,
utah_upper,FORGE_78-32_iDASv3-P11_UTC190427201723.sgy,0063_FORGE_78-32_iDASv3-P11_UTC190427201723\seg_027.png,27,27,28,0,,
utah_upper,FORGE_78-32_iDASv3-P11_UTC190427201723.sgy,0063_FORGE_78-32_iDASv3-P11_UTC190427201723\seg_028.png,28,28,29,0,,
utah_upper,FORGE_78-32_iDASv3-P11_UTC190427201723.sgy,0063_FORGE_78-32_iDASv3-P11_UTC190427201723\seg_029.png,29,29,30,0,,
utah_upper,FORGE_78-32_iDASv3-P11_UTC190427202053.sgy,0064_FORGE_78-32_iDASv3-P11_UTC190427202053\seg_000.png,0,0,1,0,,
utah_upper,FORGE_78-32_iDASv3-P11_UTC190427202053.sgy,0064_FORGE_78-32_iDASv3-P11_UTC190427202053\seg_001.png,1,1,2,0,,
utah_upper,FORGE_78-32_iDASv3-P11_UTC190427202053.sgy,0064_FORGE_78-32_iDASv3-P11_UTC190427202053\seg_002.png,2,2,3,0,,
utah_upper,FORGE_78-32_iDASv3-P11_UTC190427202053.sgy,0064_FORGE_78-32_iDASv3-P11_UTC190427202053\seg_003.png,3,3,4,0,,
utah_upper,FORGE_78-32_iDASv3-P11_UTC190427202053.sgy,0064_FORGE_78-32_iDASv3-P11_UTC190427202053\seg_004.png,4,4,5,0,,
utah_upper,FORGE_78-32_iDASv3-P11_UTC190427202053.sgy,0064_FORGE_78-32_iDASv3-P11_UTC190427202053\seg_005.png,5,5,6,0,,
utah_upper,FORGE_78-32_iDASv3-P11_UTC190427202053.sgy,0064_FORGE_78-32_iDASv3-P11_UTC190427202053\seg_006.png,6,6,7,0,,
utah_upper,FORGE_78-32_iDASv3-P11_UTC190427202053.sgy,0064_FORGE_78-32_iDASv3-P11_UTC190427202053\seg_007.png,7,7,8,0,,
utah_upper,FORGE_78-32_iDASv3-P11_UTC190427202053.sgy,0064_FORGE_78-32_iDASv3-P11_UTC190427202053\seg_008.png,8,8,9,0,,
utah_upper,FORGE_78-32_iDASv3-P11_UTC190427202053.sgy,0064_FORGE_78-32_iDASv3-P11_UTC190427202053\seg_009.png,9,9,10,1,,
utah_upper,FORGE_78-32_iDASv3-P11_UTC190427202053.sgy,0064_FORGE_78-32_iDASv3-P11_UTC190427202053\seg_010.png,10,10,11,1,,
utah_upper,FORGE_78-32_iDASv3-P11_UTC190427202053.sgy,0064_FORGE_78-32_iDASv3-P11_UTC190427202053\seg_011.png,11,11,12,0,,
utah_upper,FORGE_78-32_iDASv3-P11_UTC190427202053.sgy,0064_FORGE_78-32_iDASv3-P11_UTC190427202053\seg_012.png,12,12,13,0,,
utah_upper,FORGE_78-32_iDASv3-P11_UTC190427202053.sgy,0064_FORGE_78-32_iDASv3-P11_UTC190427202053\seg_013.png,13,13,14,0,,
utah_upper,FORGE_78-32_iDASv3-P11_UTC190427202053.sgy,0064_FORGE_78-32_iDASv3-P11_UTC190427202053\seg_014.png,14,14,15,0,,
utah_upper,FORGE_78-32_iDASv3-P11_UTC190427202053.sgy,0064_FORGE_78-32_iDASv3-P11_UTC190427202053\seg_015.png,15,15,16,0,,
utah_upper,FORGE_78-32_iDASv3-P11_UTC190427202053.sgy,0064_FORGE_78-32_iDASv3-P11_UTC190427202053\seg_016.png,16,16,17,0,,
utah_upper,FORGE_78-32_iDASv3-P11_UTC190427202053.sgy,0064_FORGE_78-32_iDASv3-P11_UTC190427202053\seg_017.png,17,17,18,0,,
utah_upper,FORGE_78-32_iDASv3-P11_UTC190427202053.sgy,0064_FORGE_78-32_iDASv3-P11_UTC190427202053\seg_018.png,18,18,19,0,,
utah_upper,FORGE_78-32_iDASv3-P11_UTC190427202053.sgy,0064_FORGE_78-32_iDASv3-P11_UTC190427202053\seg_019.png,19,19,20,0,,
utah_upper,FORGE_78-32_iDASv3-P11_UTC190427202053.sgy,0064_FORGE_78-32_iDASv3-P11_UTC190427202053\seg_020.png,20,20,21,0,,
utah_upper,FORGE_78-32_iDASv3-P11_UTC190427202053.sgy,0064_FORGE_78-32_iDASv3-P11_UTC190427202053\seg_021.png,21,21,22,0,,
utah_upper,FORGE_78-32_iDASv3-P11_UTC190427202053.sgy,0064_FORGE_78-32_iDASv3-P11_UTC190427202053\seg_022.png,22,22,23,0,,
utah_upper,FORGE_78-32_iDASv3-P11_UTC190427202053.sgy,0064_FORGE_78-32_iDASv3-P11_UTC190427202053\seg_023.png,23,23,24,0,,
utah_upper,FORGE_78-32_iDASv3-P11_UTC190427202053.sgy,0064_FORGE_78-32_iDASv3-P11_UTC190427202053\seg_024.png,24,24,25,0,,
utah_upper,FORGE_78-32_iDASv3-P11_UTC190427202053.sgy,0064_FORGE_78-32_iDASv3-P11_UTC190427202053\seg_025.png,25,25,26,0,,
utah_upper,FORGE_78-32_iDASv3-P11_UTC190427202053.sgy,0064_FORGE_78-32_iDASv3-P11_UTC190427202053\seg_026.png,26,26,27,0,,
utah_upper,FORGE_78-32_iDASv3-P11_UTC190427202053.sgy,0064_FORGE_78-32_iDASv3-P11_UTC190427202053\seg_027.png,27,27,28,0,,
utah_upper,FORGE_78-32_iDASv3-P11_UTC190427202053.sgy,0064_FORGE_78-32_iDASv3-P11_UTC190427202053\seg_028.png,28,28,29,0,,
utah_upper,FORGE_78-32_iDASv3-P11_UTC190427202053.sgy,0064_FORGE_78-32_iDASv3-P11_UTC190427202053\seg_029.png,29,29,30,0,,
utah_upper,FORGE_78-32_iDASv3-P11_UTC190427203253.sgy,0065_FORGE_78-32_iDASv3-P11_UTC190427203253\seg_000.png,0,0,1,0,,
utah_upper,FORGE_78-32_iDASv3-P11_UTC190427203253.sgy,0065_FORGE_78-32_iDASv3-P11_UTC190427203253\seg_001.png,1,1,2,0,,
utah_upper,FORGE_78-32_iDASv3-P11_UTC190427203253.sgy,0065_FORGE_78-32_iDASv3-P11_UTC190427203253\seg_002.png,2,2,3,0,,
utah_upper,FORGE_78-32_iDASv3-P11_UTC190427203253.sgy,0065_FORGE_78-32_iDASv3-P11_UTC190427203253\seg_003.png,3,3,4,0,,
utah_upper,FORGE_78-32_iDASv3-P11_UTC190427203253.sgy,0065_FORGE_78-32_iDASv3-P11_UTC190427203253\seg_004.png,4,4,5,0,,
utah_upper,FORGE_78-32_iDASv3-P11_UTC190427203253.sgy,0065_FORGE_78-32_iDASv3-P11_UTC190427203253\seg_005.png,5,5,6,0,,
utah_upper,FORGE_78-32_iDASv3-P11_UTC190427203253.sgy,0065_FORGE_78-32_iDASv3-P11_UTC190427203253\seg_006.png,6,6,7,0,,
utah_upper,FORGE_78-32_iDASv3-P11_UTC190427203253.sgy,0065_FORGE_78-32_iDASv3-P11_UTC190427203253\seg_007.png,7,7,8,0,,
utah_upper,FORGE_78-32_iDASv3-P11_UTC190427203253.sgy,0065_FORGE_78-32_iDASv3-P11_UTC190427203253\seg_008.png,8,8,9,0,,
utah_upper,FORGE_78-32_iDASv3-P11_UTC190427203253.sgy,0065_FORGE_78-32_iDASv3-P11_UTC190427203253\seg_009.png,9,9,10,0,,
utah_upper,FORGE_78-32_iDASv3-P11_UTC190427203253.sgy,0065_FORGE_78-32_iDASv3-P11_UTC190427203253\seg_010.png,10,10,11,0,,
utah_upper,FORGE_78-32_iDASv3-P11_UTC190427203253.sgy,0065_FORGE_78-32_iDASv3-P11_UTC190427203253\seg_011.png,11,11,12,0,,
utah_upper,FORGE_78-32_iDASv3-P11_UTC190427203253.sgy,0065_FORGE_78-32_iDASv3-P11_UTC190427203253\seg_012.png,12,12,13,0,,
utah_upper,FORGE_78-32_iDASv3-P11_UTC190427203253.sgy,0065_FORGE_78-32_iDASv3-P11_UTC190427203253\seg_013.png,13,13,14,0,,
utah_upper,FORGE_78-32_iDASv3-P11_UTC190427203253.sgy,0065_FORGE_78-32_iDASv3-P11_UTC190427203253\seg_014.png,14,14,15,0,,
utah_upper,FORGE_78-32_iDASv3-P11_UTC190427203253.sgy,0065_FORGE_78-32_iDASv3-P11_UTC190427203253\seg_015.png,15,15,16,0,,
utah_upper,FORGE_78-32_iDASv3-P11_UTC190427203253.sgy,0065_FORGE_78-32_iDASv3-P11_UTC190427203253\seg_016.png,16,16,17,0,,
utah_upper,FORGE_78-32_iDASv3-P11_UTC190427203253.sgy,0065_FORGE_78-32_iDASv3-P11_UTC190427203253\seg_017.png,17,17,18,0,,
utah_upper,FORGE_78-32_iDASv3-P11_UTC190427203253.sgy,0065_FORGE_78-32_iDASv3-P11_UTC190427203253\seg_018.png,18,18,19,0,,
utah_upper,FORGE_78-32_iDASv3-P11_UTC190427203253.sgy,0065_FORGE_78-32_iDASv3-P11_UTC190427203253\seg_019.png,19,19,20,0,,
utah_upper,FORGE_78-32_iDASv3-P11_UTC190427203253.sgy,0065_FORGE_78-32_iDASv3-P11_UTC190427203253\seg_020.png,20,20,21,0,,
utah_upper,FORGE_78-32_iDASv3-P11_UTC190427203253.sgy,0065_FORGE_78-32_iDASv3-P11_UTC190427203253\seg_021.png,21,21,22,0,,
utah_upper,FORGE_78-32_iDASv3-P11_UTC190427203253.sgy,0065_FORGE_78-32_iDASv3-P11_UTC190427203253\seg_022.png,22,22,23,0,,
utah_upper,FORGE_78-32_iDASv3-P11_UTC190427203253.sgy,0065_FORGE_78-32_iDASv3-P11_UTC190427203253\seg_023.png,23,23,24,0,,
utah_upper,FORGE_78-32_iDASv3-P11_UTC190427203253.sgy,0065_FORGE_78-32_iDASv3-P11_UTC190427203253\seg_024.png,24,24,25,0,,
utah_upper,FORGE_78-32_iDASv3-P11_UTC190427203253.sgy,0065_FORGE_78-32_iDASv3-P11_UTC190427203253\seg_025.png,25,25,26,0,,
utah_upper,FORGE_78-32_iDASv3-P11_UTC190427203253.sgy,0065_FORGE_78-32_iDASv3-P11_UTC190427203253\seg_026.png,26,26,27,0,,
utah_upper,FORGE_78-32_iDASv3-P11_UTC190427203253.sgy,0065_FORGE_78-32_iDASv3-P11_UTC190427203253\seg_027.png,27,27,28,0,,
utah_upper,FORGE_78-32_iDASv3-P11_UTC190427203253.sgy,0065_FORGE_78-32_iDASv3-P11_UTC190427203253\seg_028.png,28,28,29,0,,
utah_upper,FORGE_78-32_iDASv3-P11_UTC190427203253.sgy,0065_FORGE_78-32_iDASv3-P11_UTC190427203253\seg_029.png,29,29,30,0,,
utah_upper,FORGE_78-32_iDASv3-P11_UTC190427203938.sgy,0066_FORGE_78-32_iDASv3-P11_UTC190427203938\seg_000.png,0,0,1,0,,
utah_upper,FORGE_78-32_iDASv3-P11_UTC190427203938.sgy,0066_FORGE_78-32_iDASv3-P11_UTC190427203938\seg_001.png,1,1,2,0,,
utah_upper,FORGE_78-32_iDASv3-P11_UTC190427203938.sgy,0066_FORGE_78-32_iDASv3-P11_UTC190427203938\seg_002.png,2,2,3,0,,
utah_upper,FORGE_78-32_iDASv3-P11_UTC190427203938.sgy,0066_FORGE_78-32_iDASv3-P11_UTC190427203938\seg_003.png,3,3,4,0,,
utah_upper,FORGE_78-32_iDASv3-P11_UTC190427203938.sgy,0066_FORGE_78-32_iDASv3-P11_UTC190427203938\seg_004.png,4,4,5,0,,
utah_upper,FORGE_78-32_iDASv3-P11_UTC190427203938.sgy,0066_FORGE_78-32_iDASv3-P11_UTC190427203938\seg_005.png,5,5,6,0,,
utah_upper,FORGE_78-32_iDASv3-P11_UTC190427203938.sgy,0066_FORGE_78-32_iDASv3-P11_UTC190427203938\seg_006.png,6,6,7,0,,
utah_upper,FORGE_78-32_iDASv3-P11_UTC190427203938.sgy,0066_FORGE_78-32_iDASv3-P11_UTC190427203938\seg_007.png,7,7,8,0,,
utah_upper,FORGE_78-32_iDASv3-P11_UTC190427203938.sgy,0066_FORGE_78-32_iDASv3-P11_UTC190427203938\seg_008.png,8,8,9,0,,
utah_upper,FORGE_78-32_iDASv3-P11_UTC190427203938.sgy,0066_FORGE_78-32_iDASv3-P11_UTC190427203938\seg_009.png,9,9,10,0,,
utah_upper,FORGE_78-32_iDASv3-P11_UTC190427203938.sgy,0066_FORGE_78-32_iDASv3-P11_UTC190427203938\seg_010.png,10,10,11,0,,
utah_upper,FORGE_78-32_iDASv3-P11_UTC190427203938.sgy,0066_FORGE_78-32_iDASv3-P11_UTC190427203938\seg_011.png,11,11,12,0,,
utah_upper,FORGE_78-32_iDASv3-P11_UTC190427203938.sgy,0066_FORGE_78-32_iDASv3-P11_UTC190427203938\seg_012.png,12,12,13,0,,
utah_upper,FORGE_78-32_iDASv3-P11_UTC190427203938.sgy,0066_FORGE_78-32_iDASv3-P11_UTC190427203938\seg_013.png,13,13,14,0,,
utah_upper,FORGE_78-32_iDASv3-P11_UTC190427203938.sgy,0066_FORGE_78-32_iDASv3-P11_UTC190427203938\seg_014.png,14,14,15,0,,
utah_upper,FORGE_78-32_iDASv3-P11_UTC190427203938.sgy,0066_FORGE_78-32_iDASv3-P11_UTC190427203938\seg_015.png,15,15,16,0,,
utah_upper,FORGE_78-32_iDASv3-P11_UTC190427203938.sgy,0066_FORGE_78-32_iDASv3-P11_UTC190427203938\seg_016.png,16,16,17,0,,
utah_upper,FORGE_78-32_iDASv3-P11_UTC190427203938.sgy,0066_FORGE_78-32_iDASv3-P11_UTC190427203938\seg_017.png,17,17,18,0,,
utah_upper,FORGE_78-32_iDASv3-P11_UTC190427203938.sgy,0066_FORGE_78-32_iDASv3-P11_UTC190427203938\seg_018.png,18,18,19,0,,
utah_upper,FORGE_78-32_iDASv3-P11_UTC190427203938.sgy,0066_FORGE_78-32_iDASv3-P11_UTC190427203938\seg_019.png,19,19,20,0,,
utah_upper,FORGE_78-32_iDASv3-P11_UTC190427203938.sgy,0066_FORGE_78-32_iDASv3-P11_UTC190427203938\seg_020.png,20,20,21,0,,
utah_upper,FORGE_78-32_iDASv3-P11_UTC190427203938.sgy,0066_FORGE_78-32_iDASv3-P11_UTC190427203938\seg_021.png,21,21,22,0,,
utah_upper,FORGE_78-32_iDASv3-P11_UTC190427203938.sgy,0066_FORGE_78-32_iDASv3-P11_UTC190427203938\seg_022.png,22,22,23,0,,
utah_upper,FORGE_78-32_iDASv3-P11_UTC190427203938.sgy,0066_FORGE_78-32_iDASv3-P11_UTC190427203938\seg_023.png,23,23,24,0,,
utah_upper,FORGE_78-32_iDASv3-P11_UTC190427203938.sgy,0066_FORGE_78-32_iDASv3-P11_UTC190427203938\seg_024.png,24,24,25,0,,
utah_upper,FORGE_78-32_iDASv3-P11_UTC190427203938.sgy,0066_FORGE_78-32_iDASv3-P11_UTC190427203938\seg_025.png,25,25,26,0,,
utah_upper,FORGE_78-32_iDASv3-P11_UTC190427203938.sgy,0066_FORGE_78-32_iDASv3-P11_UTC190427203938\seg_026.png,26,26,27,0,,
utah_upper,FORGE_78-32_iDASv3-P11_UTC190427203938.sgy,0066_FORGE_78-32_iDASv3-P11_UTC190427203938\seg_027.png,27,27,28,0,,
utah_upper,FORGE_78-32_iDASv3-P11_UTC190427203938.sgy,0066_FORGE_78-32_iDASv3-P11_UTC190427203938\seg_028.png,28,28,29,0,,
utah_upper,FORGE_78-32_iDASv3-P11_UTC190427203938.sgy,0066_FORGE_78-32_iDASv3-P11_UTC190427203938\seg_029.png,29,29,30,0,,
utah_upper,FORGE_78-32_iDASv3-P11_UTC190427204208.sgy,0067_FORGE_78-32_iDASv3-P11_UTC190427204208\seg_000.png,0,0,1,0,,
utah_upper,FORGE_78-32_iDASv3-P11_UTC190427204208.sgy,0067_FORGE_78-32_iDASv3-P11_UTC190427204208\seg_001.png,1,1,2,0,,
utah_upper,FORGE_78-32_iDASv3-P11_UTC190427204208.sgy,0067_FORGE_78-32_iDASv3-P11_UTC190427204208\seg_002.png,2,2,3,0,,
utah_upper,FORGE_78-32_iDASv3-P11_UTC190427204208.sgy,0067_FORGE_78-32_iDASv3-P11_UTC190427204208\seg_003.png,3,3,4,0,,
utah_upper,FORGE_78-32_iDASv3-P11_UTC190427204208.sgy,0067_FORGE_78-32_iDASv3-P11_UTC190427204208\seg_004.png,4,4,5,0,,
utah_upper,FORGE_78-32_iDASv3-P11_UTC190427204208.sgy,0067_FORGE_78-32_iDASv3-P11_UTC190427204208\seg_005.png,5,5,6,0,,
utah_upper,FORGE_78-32_iDASv3-P11_UTC190427204208.sgy,0067_FORGE_78-32_iDASv3-P11_UTC190427204208\seg_006.png,6,6,7,0,,
utah_upper,FORGE_78-32_iDASv3-P11_UTC190427204208.sgy,0067_FORGE_78-32_iDASv3-P11_UTC190427204208\seg_007.png,7,7,8,0,,
utah_upper,FORGE_78-32_iDASv3-P11_UTC190427204208.sgy,0067_FORGE_78-32_iDASv3-P11_UTC190427204208\seg_008.png,8,8,9,0,,
utah_upper,FORGE_78-32_iDASv3-P11_UTC190427204208.sgy,0067_FORGE_78-32_iDASv3-P11_UTC190427204208\seg_009.png,9,9,10,0,,
utah_upper,FORGE_78-32_iDASv3-P11_UTC190427204208.sgy,0067_FORGE_78-32_iDASv3-P11_UTC190427204208\seg_010.png,10,10,11,0,,
utah_upper,FORGE_78-32_iDASv3-P11_UTC190427204208.sgy,0067_FORGE_78-32_iDASv3-P11_UTC190427204208\seg_011.png,11,11,12,1,,
utah_upper,FORGE_78-32_iDASv3-P11_UTC190427204208.sgy,0067_FORGE_78-32_iDASv3-P11_UTC190427204208\seg_012.png,12,12,13,1,,
utah_upper,FORGE_78-32_iDASv3-P11_UTC190427204208.sgy,0067_FORGE_78-32_iDASv3-P11_UTC190427204208\seg_013.png,13,13,14,0,,
utah_upper,FORGE_78-32_iDASv3-P11_UTC190427204208.sgy,0067_FORGE_78-32_iDASv3-P11_UTC190427204208\seg_014.png,14,14,15,0,,
utah_upper,FORGE_78-32_iDASv3-P11_UTC190427204208.sgy,0067_FORGE_78-32_iDASv3-P11_UTC190427204208\seg_015.png,15,15,16,0,,
utah_upper,FORGE_78-32_iDASv3-P11_UTC190427204208.sgy,0067_FORGE_78-32_iDASv3-P11_UTC190427204208\seg_016.png,16,16,17,0,,
utah_upper,FORGE_78-32_iDASv3-P11_UTC190427204208.sgy,0067_FORGE_78-32_iDASv3-P11_UTC190427204208\seg_017.png,17,17,18,0,,
utah_upper,FORGE_78-32_iDASv3-P11_UTC190427204208.sgy,0067_FORGE_78-32_iDASv3-P11_UTC190427204208\seg_018.png,18,18,19,0,,
utah_upper,FORGE_78-32_iDASv3-P11_UTC190427204208.sgy,0067_FORGE_78-32_iDASv3-P11_UTC190427204208\seg_019.png,19,19,20,0,,
utah_upper,FORGE_78-32_iDASv3-P11_UTC190427204208.sgy,0067_FORGE_78-32_iDASv3-P11_UTC190427204208\seg_020.png,20,20,21,0,,
utah_upper,FORGE_78-32_iDASv3-P11_UTC190427204208.sgy,0067_FORGE_78-32_iDASv3-P11_UTC190427204208\seg_021.png,21,21,22,0,,
utah_upper,FORGE_78-32_iDASv3-P11_UTC190427204208.sgy,0067_FORGE_78-32_iDASv3-P11_UTC190427204208\seg_022.png,22,22,23,0,,
utah_upper,FORGE_78-32_iDASv3-P11_UTC190427204208.sgy,0067_FORGE_78-32_iDASv3-P11_UTC190427204208\seg_023.png,23,23,24,0,,
utah_upper,FORGE_78-32_iDASv3-P11_UTC190427204208.sgy,0067_FORGE_78-32_iDASv3-P11_UTC190427204208\seg_024.png,24,24,25,0,,
utah_upper,FORGE_78-32_iDASv3-P11_UTC190427204208.sgy,0067_FORGE_78-32_iDASv3-P11_UTC190427204208\seg_025.png,25,25,26,0,,
utah_upper,FORGE_78-32_iDASv3-P11_UTC190427204208.sgy,0067_FORGE_78-32_iDASv3-P11_UTC190427204208\seg_026.png,26,26,27,0,,
utah_upper,FORGE_78-32_iDASv3-P11_UTC190427204208.sgy,0067_FORGE_78-32_iDASv3-P11_UTC190427204208\seg_027.png,27,27,28,0,,
utah_upper,FORGE_78-32_iDASv3-P11_UTC190427204208.sgy,0067_FORGE_78-32_iDASv3-P11_UTC190427204208\seg_028.png,28,28,29,0,,
utah_upper,FORGE_78-32_iDASv3-P11_UTC190427204208.sgy,0067_FORGE_78-32_iDASv3-P11_UTC190427204208\seg_029.png,29,29,30,0,,
utah_upper,FORGE_78-32_iDASv3-P11_UTC190427213008.sgy,0068_FORGE_78-32_iDASv3-P11_UTC190427213008\seg_000.png,0,0,1,0,,
utah_upper,FORGE_78-32_iDASv3-P11_UTC190427213008.sgy,0068_FORGE_78-32_iDASv3-P11_UTC190427213008\seg_001.png,1,1,2,0,,
utah_upper,FORGE_78-32_iDASv3-P11_UTC190427213008.sgy,0068_FORGE_78-32_iDASv3-P11_UTC190427213008\seg_002.png,2,2,3,0,,
utah_upper,FORGE_78-32_iDASv3-P11_UTC190427213008.sgy,0068_FORGE_78-32_iDASv3-P11_UTC190427213008\seg_003.png,3,3,4,0,,
utah_upper,FORGE_78-32_iDASv3-P11_UTC190427213008.sgy,0068_FORGE_78-32_iDASv3-P11_UTC190427213008\seg_004.png,4,4,5,0,,
utah_upper,FORGE_78-32_iDASv3-P11_UTC190427213008.sgy,0068_FORGE_78-32_iDASv3-P11_UTC190427213008\seg_005.png,5,5,6,0,,
utah_upper,FORGE_78-32_iDASv3-P11_UTC190427213008.sgy,0068_FORGE_78-32_iDASv3-P11_UTC190427213008\seg_006.png,6,6,7,0,,
utah_upper,FORGE_78-32_iDASv3-P11_UTC190427213008.sgy,0068_FORGE_78-32_iDASv3-P11_UTC190427213008\seg_007.png,7,7,8,0,,
utah_upper,FORGE_78-32_iDASv3-P11_UTC190427213008.sgy,0068_FORGE_78-32_iDASv3-P11_UTC190427213008\seg_008.png,8,8,9,0,,
utah_upper,FORGE_78-32_iDASv3-P11_UTC190427213008.sgy,0068_FORGE_78-32_iDASv3-P11_UTC190427213008\seg_009.png,9,9,10,0,,
utah_upper,FORGE_78-32_iDASv3-P11_UTC190427213008.sgy,0068_FORGE_78-32_iDASv3-P11_UTC190427213008\seg_010.png,10,10,11,0,,
utah_upper,FORGE_78-32_iDASv3-P11_UTC190427213008.sgy,0068_FORGE_78-32_iDASv3-P11_UTC190427213008\seg_011.png,11,11,12,0,,
utah_upper,FORGE_78-32_iDASv3-P11_UTC190427213008.sgy,0068_FORGE_78-32_iDASv3-P11_UTC190427213008\seg_012.png,12,12,13,0,,
utah_upper,FORGE_78-32_iDASv3-P11_UTC190427213008.sgy,0068_FORGE_78-32_iDASv3-P11_UTC190427213008\seg_013.png,13,13,14,0,,
utah_upper,FORGE_78-32_iDASv3-P11_UTC190427213008.sgy,0068_FORGE_78-32_iDASv3-P11_UTC190427213008\seg_014.png,14,14,15,0,,
utah_upper,FORGE_78-32_iDASv3-P11_UTC190427213008.sgy,0068_FORGE_78-32_iDASv3-P11_UTC190427213008\seg_015.png,15,15,16,0,,
utah_upper,FORGE_78-32_iDASv3-P11_UTC190427213008.sgy,0068_FORGE_78-32_iDASv3-P11_UTC190427213008\seg_016.png,16,16,17,0,,
utah_upper,FORGE_78-32_iDASv3-P11_UTC190427213008.sgy,0068_FORGE_78-32_iDASv3-P11_UTC190427213008\seg_017.png,17,17,18,0,,
utah_upper,FORGE_78-32_iDASv3-P11_UTC190427213008.sgy,0068_FORGE_78-32_iDASv3-P11_UTC190427213008\seg_018.png,18,18,19,0,,
utah_upper,FORGE_78-32_iDASv3-P11_UTC190427213008.sgy,0068_FORGE_78-32_iDASv3-P11_UTC190427213008\seg_019.png,19,19,20,0,,
utah_upper,FORGE_78-32_iDASv3-P11_UTC190427213008.sgy,0068_FORGE_78-32_iDASv3-P11_UTC190427213008\seg_020.png,20,20,21,0,,
utah_upper,FORGE_78-32_iDASv3-P11_UTC190427213008.sgy,0068_FORGE_78-32_iDASv3-P11_UTC190427213008\seg_021.png,21,21,22,0,,
utah_upper,FORGE_78-32_iDASv3-P11_UTC190427213008.sgy,0068_FORGE_78-32_iDASv3-P11_UTC190427213008\seg_022.png,22,22,23,0,,
utah_upper,FORGE_78-32_iDASv3-P11_UTC190427213008.sgy,0068_FORGE_78-32_iDASv3-P11_UTC190427213008\seg_023.png,23,23,24,0,,
utah_upper,FORGE_78-32_iDASv3-P11_UTC190427213008.sgy,0068_FORGE_78-32_iDASv3-P11_UTC190427213008\seg_024.png,24,24,25,0,,
utah_upper,FORGE_78-32_iDASv3-P11_UTC190427213008.sgy,0068_FORGE_78-32_iDASv3-P11_UTC190427213008\seg_025.png,25,25,26,0,,
utah_upper,FORGE_78-32_iDASv3-P11_UTC190427213008.sgy,0068_FORGE_78-32_iDASv3-P11_UTC190427213008\seg_026.png,26,26,27,0,,
utah_upper,FORGE_78-32_iDASv3-P11_UTC190427213008.sgy,0068_FORGE_78-32_iDASv3-P11_UTC190427213008\seg_027.png,27,27,28,0,,
utah_upper,FORGE_78-32_iDASv3-P11_UTC190427213008.sgy,0068_FORGE_78-32_iDASv3-P11_UTC190427213008\seg_028.png,28,28,29,0,,
utah_upper,FORGE_78-32_iDASv3-P11_UTC190427213008.sgy,0068_FORGE_78-32_iDASv3-P11_UTC190427213008\seg_029.png,29,29,30,0,,
utah_upper,FORGE_78-32_iDASv3-P11_UTC190427213423.sgy,0069_FORGE_78-32_iDASv3-P11_UTC190427213423\seg_000.png,0,0,1,0,,
utah_upper,FORGE_78-32_iDASv3-P11_UTC190427213423.sgy,0069_FORGE_78-32_iDASv3-P11_UTC190427213423\seg_001.png,1,1,2,0,,
utah_upper,FORGE_78-32_iDASv3-P11_UTC190427213423.sgy,0069_FORGE_78-32_iDASv3-P11_UTC190427213423\seg_002.png,2,2,3,0,,
utah_upper,FORGE_78-32_iDASv3-P11_UTC190427213423.sgy,0069_FORGE_78-32_iDASv3-P11_UTC190427213423\seg_003.png,3,3,4,0,,
utah_upper,FORGE_78-32_iDASv3-P11_UTC190427213423.sgy,0069_FORGE_78-32_iDASv3-P11_UTC190427213423\seg_004.png,4,4,5,0,,
utah_upper,FORGE_78-32_iDASv3-P11_UTC190427213423.sgy,0069_FORGE_78-32_iDASv3-P11_UTC190427213423\seg_005.png,5,5,6,0,,
utah_upper,FORGE_78-32_iDASv3-P11_UTC190427213423.sgy,0069_FORGE_78-32_iDASv3-P11_UTC190427213423\seg_006.png,6,6,7,0,,
utah_upper,FORGE_78-32_iDASv3-P11_UTC190427213423.sgy,0069_FORGE_78-32_iDASv3-P11_UTC190427213423\seg_007.png,7,7,8,0,,
utah_upper,FORGE_78-32_iDASv3-P11_UTC190427213423.sgy,0069_FORGE_78-32_iDASv3-P11_UTC190427213423\seg_008.png,8,8,9,0,,
utah_upper,FORGE_78-32_iDASv3-P11_UTC190427213423.sgy,0069_FORGE_78-32_iDASv3-P11_UTC190427213423\seg_009.png,9,9,10,0,,
utah_upper,FORGE_78-32_iDASv3-P11_UTC190427213423.sgy,0069_FORGE_78-32_iDASv3-P11_UTC190427213423\seg_010.png,10,10,11,0,,
utah_upper,FORGE_78-32_iDASv3-P11_UTC190427213423.sgy,0069_FORGE_78-32_iDASv3-P11_UTC190427213423\seg_011.png,11,11,12,0,,
utah_upper,FORGE_78-32_iDASv3-P11_UTC190427213423.sgy,0069_FORGE_78-32_iDASv3-P11_UTC190427213423\seg_012.png,12,12,13,0,,
utah_upper,FORGE_78-32_iDASv3-P11_UTC190427213423.sgy,0069_FORGE_78-32_iDASv3-P11_UTC190427213423\seg_013.png,13,13,14,0,,
utah_upper,FORGE_78-32_iDASv3-P11_UTC190427213423.sgy,0069_FORGE_78-32_iDASv3-P11_UTC190427213423\seg_014.png,14,14,15,0,,
utah_upper,FORGE_78-32_iDASv3-P11_UTC190427213423.sgy,0069_FORGE_78-32_iDASv3-P11_UTC190427213423\seg_015.png,15,15,16,0,,
utah_upper,FORGE_78-32_iDASv3-P11_UTC190427213423.sgy,0069_FORGE_78-32_iDASv3-P11_UTC190427213423\seg_016.png,16,16,17,0,,
utah_upper,FORGE_78-32_iDASv3-P11_UTC190427213423.sgy,0069_FORGE_78-32_iDASv3-P11_UTC190427213423\seg_017.png,17,17,18,0,,
utah_upper,FORGE_78-32_iDASv3-P11_UTC190427213423.sgy,0069_FORGE_78-32_iDASv3-P11_UTC190427213423\seg_018.png,18,18,19,0,,
utah_upper,FORGE_78-32_iDASv3-P11_UTC190427213423.sgy,0069_FORGE_78-32_iDASv3-P11_UTC190427213423\seg_019.png,19,19,20,0,,
utah_upper,FORGE_78-32_iDASv3-P11_UTC190427213423.sgy,0069_FORGE_78-32_iDASv3-P11_UTC190427213423\seg_020.png,20,20,21,0,,
utah_upper,FORGE_78-32_iDASv3-P11_UTC190427213423.sgy,0069_FORGE_78-32_iDASv3-P11_UTC190427213423\seg_021.png,21,21,22,0,,
utah_upper,FORGE_78-32_iDASv3-P11_UTC190427213423.sgy,0069_FORGE_78-32_iDASv3-P11_UTC190427213423\seg_022.png,22,22,23,0,,
utah_upper,FORGE_78-32_iDASv3-P11_UTC190427213423.sgy,0069_FORGE_78-32_iDASv3-P11_UTC190427213423\seg_023.png,23,23,24,0,,
utah_upper,FORGE_78-32_iDASv3-P11_UTC190427213423.sgy,0069_FORGE_78-32_iDASv3-P11_UTC190427213423\seg_024.png,24,24,25,0,,
utah_upper,FORGE_78-32_iDASv3-P11_UTC190427213423.sgy,0069_FORGE_78-32_iDASv3-P11_UTC190427213423\seg_025.png,25,25,26,0,,
utah_upper,FORGE_78-32_iDASv3-P11_UTC190427213423.sgy,0069_FORGE_78-32_iDASv3-P11_UTC190427213423\seg_026.png,26,26,27,0,,
utah_upper,FORGE_78-32_iDASv3-P11_UTC190427213423.sgy,0069_FORGE_78-32_iDASv3-P11_UTC190427213423\seg_027.png,27,27,28,0,,
utah_upper,FORGE_78-32_iDASv3-P11_UTC190427213423.sgy,0069_FORGE_78-32_iDASv3-P11_UTC190427213423\seg_028.png,28,28,29,0,,
utah_upper,FORGE_78-32_iDASv3-P11_UTC190427213423.sgy,0069_FORGE_78-32_iDASv3-P11_UTC190427213423\seg_029.png,29,29,30,0,,
utah_upper,FORGE_78-32_iDASv3-P11_UTC190427215908.sgy,0070_FORGE_78-32_iDASv3-P11_UTC190427215908\seg_000.png,0,0,1,0,,
utah_upper,FORGE_78-32_iDASv3-P11_UTC190427215908.sgy,0070_FORGE_78-32_iDASv3-P11_UTC190427215908\seg_001.png,1,1,2,0,,
utah_upper,FORGE_78-32_iDASv3-P11_UTC190427215908.sgy,0070_FORGE_78-32_iDASv3-P11_UTC190427215908\seg_002.png,2,2,3,0,,
utah_upper,FORGE_78-32_iDASv3-P11_UTC190427215908.sgy,0070_FORGE_78-32_iDASv3-P11_UTC190427215908\seg_003.png,3,3,4,0,,
utah_upper,FORGE_78-32_iDASv3-P11_UTC190427215908.sgy,0070_FORGE_78-32_iDASv3-P11_UTC190427215908\seg_004.png,4,4,5,0,,
utah_upper,FORGE_78-32_iDASv3-P11_UTC190427215908.sgy,0070_FORGE_78-32_iDASv3-P11_UTC190427215908\seg_005.png,5,5,6,0,,
utah_upper,FORGE_78-32_iDASv3-P11_UTC190427215908.sgy,0070_FORGE_78-32_iDASv3-P11_UTC190427215908\seg_006.png,6,6,7,0,,
utah_upper,FORGE_78-32_iDASv3-P11_UTC190427215908.sgy,0070_FORGE_78-32_iDASv3-P11_UTC190427215908\seg_007.png,7,7,8,0,,
utah_upper,FORGE_78-32_iDASv3-P11_UTC190427215908.sgy,0070_FORGE_78-32_iDASv3-P11_UTC190427215908\seg_008.png,8,8,9,0,,
utah_upper,FORGE_78-32_iDASv3-P11_UTC190427215908.sgy,0070_FORGE_78-32_iDASv3-P11_UTC190427215908\seg_009.png,9,9,10,0,,
utah_upper,FORGE_78-32_iDASv3-P11_UTC190427215908.sgy,0070_FORGE_78-32_iDASv3-P11_UTC190427215908\seg_010.png,10,10,11,0,,
utah_upper,FORGE_78-32_iDASv3-P11_UTC190427215908.sgy,0070_FORGE_78-32_iDASv3-P11_UTC190427215908\seg_011.png,11,11,12,0,,
utah_upper,FORGE_78-32_iDASv3-P11_UTC190427215908.sgy,0070_FORGE_78-32_iDASv3-P11_UTC190427215908\seg_012.png,12,12,13,0,,
utah_upper,FORGE_78-32_iDASv3-P11_UTC190427215908.sgy,0070_FORGE_78-32_iDASv3-P11_UTC190427215908\seg_013.png,13,13,14,0,,
utah_upper,FORGE_78-32_iDASv3-P11_UTC190427215908.sgy,0070_FORGE_78-32_iDASv3-P11_UTC190427215908\seg_014.png,14,14,15,0,,
utah_upper,FORGE_78-32_iDASv3-P11_UTC190427215908.sgy,0070_FORGE_78-32_iDASv3-P11_UTC190427215908\seg_015.png,15,15,16,0,,
utah_upper,FORGE_78-32_iDASv3-P11_UTC190427215908.sgy,0070_FORGE_78-32_iDASv3-P11_UTC190427215908\seg_016.png,16,16,17,0,,
utah_upper,FORGE_78-32_iDASv3-P11_UTC190427215908.sgy,0070_FORGE_78-32_iDASv3-P11_UTC190427215908\seg_017.png,17,17,18,0,,
utah_upper,FORGE_78-32_iDASv3-P11_UTC190427215908.sgy,0070_FORGE_78-32_iDASv3-P11_UTC190427215908\seg_018.png,18,18,19,0,,
utah_upper,FORGE_78-32_iDASv3-P11_UTC190427215908.sgy,0070_FORGE_78-32_iDASv3-P11_UTC190427215908\seg_019.png,19,19,20,0,,
utah_upper,FORGE_78-32_iDASv3-P11_UTC190427215908.sgy,0070_FORGE_78-32_iDASv3-P11_UTC190427215908\seg_020.png,20,20,21,0,,
utah_upper,FORGE_78-32_iDASv3-P11_UTC190427215908.sgy,0070_FORGE_78-32_iDASv3-P11_UTC190427215908\seg_021.png,21,21,22,0,,
utah_upper,FORGE_78-32_iDASv3-P11_UTC190427215908.sgy,0070_FORGE_78-32_iDASv3-P11_UTC190427215908\seg_022.png,22,22,23,0,,
utah_upper,FORGE_78-32_iDASv3-P11_UTC190427215908.sgy,0070_FORGE_78-32_iDASv3-P11_UTC190427215908\seg_023.png,23,23,24,0,,
utah_upper,FORGE_78-32_iDASv3-P11_UTC190427215908.sgy,0070_FORGE_78-32_iDASv3-P11_UTC190427215908\seg_024.png,24,24,25,0,,
utah_upper,FORGE_78-32_iDASv3-P11_UTC190427215908.sgy,0070_FORGE_78-32_iDASv3-P11_UTC190427215908\seg_025.png,25,25,26,0,,
utah_upper,FORGE_78-32_iDASv3-P11_UTC190427215908.sgy,0070_FORGE_78-32_iDASv3-P11_UTC190427215908\seg_026.png,26,26,27,0,,
utah_upper,FORGE_78-32_iDASv3-P11_UTC190427215908.sgy,0070_FORGE_78-32_iDASv3-P11_UTC190427215908\seg_027.png,27,27,28,0,,
utah_upper,FORGE_78-32_iDASv3-P11_UTC190427215908.sgy,0070_FORGE_78-32_iDASv3-P11_UTC190427215908\seg_028.png,28,28,29,0,,
utah_upper,FORGE_78-32_iDASv3-P11_UTC190427215908.sgy,0070_FORGE_78-32_iDASv3-P11_UTC190427215908\seg_029.png,29,29,30,0,,
utah_upper,FORGE_78-32_iDASv3-P11_UTC190427222823.sgy,0071_FORGE_78-32_iDASv3-P11_UTC190427222823\seg_000.png,0,0,1,0,,
utah_upper,FORGE_78-32_iDASv3-P11_UTC190427222823.sgy,0071_FORGE_78-32_iDASv3-P11_UTC190427222823\seg_001.png,1,1,2,0,,
utah_upper,FORGE_78-32_iDASv3-P11_UTC190427222823.sgy,0071_FORGE_78-32_iDASv3-P11_UTC190427222823\seg_002.png,2,2,3,0,,
utah_upper,FORGE_78-32_iDASv3-P11_UTC190427222823.sgy,0071_FORGE_78-32_iDASv3-P11_UTC190427222823\seg_003.png,3,3,4,0,,
utah_upper,FORGE_78-32_iDASv3-P11_UTC190427222823.sgy,0071_FORGE_78-32_iDASv3-P11_UTC190427222823\seg_004.png,4,4,5,0,,
utah_upper,FORGE_78-32_iDASv3-P11_UTC190427222823.sgy,0071_FORGE_78-32_iDASv3-P11_UTC190427222823\seg_005.png,5,5,6,0,,
utah_upper,FORGE_78-32_iDASv3-P11_UTC190427222823.sgy,0071_FORGE_78-32_iDASv3-P11_UTC190427222823\seg_006.png,6,6,7,0,,
utah_upper,FORGE_78-32_iDASv3-P11_UTC190427222823.sgy,0071_FORGE_78-32_iDASv3-P11_UTC190427222823\seg_007.png,7,7,8,0,,
utah_upper,FORGE_78-32_iDASv3-P11_UTC190427222823.sgy,0071_FORGE_78-32_iDASv3-P11_UTC190427222823\seg_008.png,8,8,9,0,,
utah_upper,FORGE_78-32_iDASv3-P11_UTC190427222823.sgy,0071_FORGE_78-32_iDASv3-P11_UTC190427222823\seg_009.png,9,9,10,0,,
utah_upper,FORGE_78-32_iDASv3-P11_UTC190427222823.sgy,0071_FORGE_78-32_iDASv3-P11_UTC190427222823\seg_010.png,10,10,11,0,,
utah_upper,FORGE_78-32_iDASv3-P11_UTC190427222823.sgy,0071_FORGE_78-32_iDASv3-P11_UTC190427222823\seg_011.png,11,11,12,0,,
utah_upper,FORGE_78-32_iDASv3-P11_UTC190427222823.sgy,0071_FORGE_78-32_iDASv3-P11_UTC190427222823\seg_012.png,12,12,13,0,,
utah_upper,FORGE_78-32_iDASv3-P11_UTC190427222823.sgy,0071_FORGE_78-32_iDASv3-P11_UTC190427222823\seg_013.png,13,13,14,0,,
utah_upper,FORGE_78-32_iDASv3-P11_UTC190427222823.sgy,0071_FORGE_78-32_iDASv3-P11_UTC190427222823\seg_014.png,14,14,15,0,,
utah_upper,FORGE_78-32_iDASv3-P11_UTC190427222823.sgy,0071_FORGE_78-32_iDASv3-P11_UTC190427222823\seg_015.png,15,15,16,0,,
utah_upper,FORGE_78-32_iDASv3-P11_UTC190427222823.sgy,0071_FORGE_78-32_iDASv3-P11_UTC190427222823\seg_016.png,16,16,17,0,,
utah_upper,FORGE_78-32_iDASv3-P11_UTC190427222823.sgy,0071_FORGE_78-32_iDASv3-P11_UTC190427222823\seg_017.png,17,17,18,0,,
utah_upper,FORGE_78-32_iDASv3-P11_UTC190427222823.sgy,0071_FORGE_78-32_iDASv3-P11_UTC190427222823\seg_018.png,18,18,19,0,,
utah_upper,FORGE_78-32_iDASv3-P11_UTC190427222823.sgy,0071_FORGE_78-32_iDASv3-P11_UTC190427222823\seg_019.png,19,19,20,0,,
utah_upper,FORGE_78-32_iDASv3-P11_UTC190427222823.sgy,0071_FORGE_78-32_iDASv3-P11_UTC190427222823\seg_020.png,20,20,21,0,,
utah_upper,FORGE_78-32_iDASv3-P11_UTC190427222823.sgy,0071_FORGE_78-32_iDASv3-P11_UTC190427222823\seg_021.png,21,21,22,0,,
utah_upper,FORGE_78-32_iDASv3-P11_UTC190427222823.sgy,0071_FORGE_78-32_iDASv3-P11_UTC190427222823\seg_022.png,22,22,23,0,,
utah_upper,FORGE_78-32_iDASv3-P11_UTC190427222823.sgy,0071_FORGE_78-32_iDASv3-P11_UTC190427222823\seg_023.png,23,23,24,0,,
utah_upper,FORGE_78-32_iDASv3-P11_UTC190427222823.sgy,0071_FORGE_78-32_iDASv3-P11_UTC190427222823\seg_024.png,24,24,25,0,,
utah_upper,FORGE_78-32_iDASv3-P11_UTC190427222823.sgy,0071_FORGE_78-32_iDASv3-P11_UTC190427222823\seg_025.png,25,25,26,0,,
utah_upper,FORGE_78-32_iDASv3-P11_UTC190427222823.sgy,0071_FORGE_78-32_iDASv3-P11_UTC190427222823\seg_026.png,26,26,27,0,,
utah_upper,FORGE_78-32_iDASv3-P11_UTC190427222823.sgy,0071_FORGE_78-32_iDASv3-P11_UTC190427222823\seg_027.png,27,27,28,0,,
utah_upper,FORGE_78-32_iDASv3-P11_UTC190427222823.sgy,0071_FORGE_78-32_iDASv3-P11_UTC190427222823\seg_028.png,28,28,29,0,,
utah_upper,FORGE_78-32_iDASv3-P11_UTC190427222823.sgy,0071_FORGE_78-32_iDASv3-P11_UTC190427222823\seg_029.png,29,29,30,0,,
utah_upper,FORGE_78-32_iDASv3-P11_UTC190427235053.sgy,0072_FORGE_78-32_iDASv3-P11_UTC190427235053\seg_000.png,0,0,1,0,,
utah_upper,FORGE_78-32_iDASv3-P11_UTC190427235053.sgy,0072_FORGE_78-32_iDASv3-P11_UTC190427235053\seg_001.png,1,1,2,0,,
utah_upper,FORGE_78-32_iDASv3-P11_UTC190427235053.sgy,0072_FORGE_78-32_iDASv3-P11_UTC190427235053\seg_002.png,2,2,3,0,,
utah_upper,FORGE_78-32_iDASv3-P11_UTC190427235053.sgy,0072_FORGE_78-32_iDASv3-P11_UTC190427235053\seg_003.png,3,3,4,0,,
utah_upper,FORGE_78-32_iDASv3-P11_UTC190427235053.sgy,0072_FORGE_78-32_iDASv3-P11_UTC190427235053\seg_004.png,4,4,5,0,,
utah_upper,FORGE_78-32_iDASv3-P11_UTC190427235053.sgy,0072_FORGE_78-32_iDASv3-P11_UTC190427235053\seg_005.png,5,5,6,0,,
utah_upper,FORGE_78-32_iDASv3-P11_UTC190427235053.sgy,0072_FORGE_78-32_iDASv3-P11_UTC190427235053\seg_006.png,6,6,7,0,,
utah_upper,FORGE_78-32_iDASv3-P11_UTC190427235053.sgy,0072_FORGE_78-32_iDASv3-P11_UTC190427235053\seg_007.png,7,7,8,0,,
utah_upper,FORGE_78-32_iDASv3-P11_UTC190427235053.sgy,0072_FORGE_78-32_iDASv3-P11_UTC190427235053\seg_008.png,8,8,9,0,,
utah_upper,FORGE_78-32_iDASv3-P11_UTC190427235053.sgy,0072_FORGE_78-32_iDASv3-P11_UTC190427235053\seg_009.png,9,9,10,0,,
utah_upper,FORGE_78-32_iDASv3-P11_UTC190427235053.sgy,0072_FORGE_78-32_iDASv3-P11_UTC190427235053\seg_010.png,10,10,11,0,,
utah_upper,FORGE_78-32_iDASv3-P11_UTC190427235053.sgy,0072_FORGE_78-32_iDASv3-P11_UTC190427235053\seg_011.png,11,11,12,0,,
utah_upper,FORGE_78-32_iDASv3-P11_UTC190427235053.sgy,0072_FORGE_78-32_iDASv3-P11_UTC190427235053\seg_012.png,12,12,13,0,,
utah_upper,FORGE_78-32_iDASv3-P11_UTC190427235053.sgy,0072_FORGE_78-32_iDASv3-P11_UTC190427235053\seg_013.png,13,13,14,0,,
utah_upper,FORGE_78-32_iDASv3-P11_UTC190427235053.sgy,0072_FORGE_78-32_iDASv3-P11_UTC190427235053\seg_014.png,14,14,15,0,,
utah_upper,FORGE_78-32_iDASv3-P11_UTC190427235053.sgy,0072_FORGE_78-32_iDASv3-P11_UTC190427235053\seg_015.png,15,15,16,0,,
utah_upper,FORGE_78-32_iDASv3-P11_UTC190427235053.sgy,0072_FORGE_78-32_iDASv3-P11_UTC190427235053\seg_016.png,16,16,17,0,,
utah_upper,FORGE_78-32_iDASv3-P11_UTC190427235053.sgy,0072_FORGE_78-32_iDASv3-P11_UTC190427235053\seg_017.png,17,17,18,0,,
utah_upper,FORGE_78-32_iDASv3-P11_UTC190427235053.sgy,0072_FORGE_78-32_iDASv3-P11_UTC190427235053\seg_018.png,18,18,19,0,,
utah_upper,FORGE_78-32_iDASv3-P11_UTC190427235053.sgy,0072_FORGE_78-32_iDASv3-P11_UTC190427235053\seg_019.png,19,19,20,0,,
utah_upper,FORGE_78-32_iDASv3-P11_UTC190427235053.sgy,0072_FORGE_78-32_iDASv3-P11_UTC190427235053\seg_020.png,20,20,21,0,,
utah_upper,FORGE_78-32_iDASv3-P11_UTC190427235053.sgy,0072_FORGE_78-32_iDASv3-P11_UTC190427235053\seg_021.png,21,21,22,0,,
utah_upper,FORGE_78-32_iDASv3-P11_UTC190427235053.sgy,0072_FORGE_78-32_iDASv3-P11_UTC190427235053\seg_022.png,22,22,23,0,,
utah_upper,FORGE_78-32_iDASv3-P11_UTC190427235053.sgy,0072_FORGE_78-32_iDASv3-P11_UTC190427235053\seg_023.png,23,23,24,0,,
utah_upper,FORGE_78-32_iDASv3-P11_UTC190427235053.sgy,0072_FORGE_78-32_iDASv3-P11_UTC190427235053\seg_024.png,24,24,25,0,,
utah_upper,FORGE_78-32_iDASv3-P11_UTC190427235053.sgy,0072_FORGE_78-32_iDASv3-P11_UTC190427235053\seg_025.png,25,25,26,0,,
utah_upper,FORGE_78-32_iDASv3-P11_UTC190427235053.sgy,0072_FORGE_78-32_iDASv3-P11_UTC190427235053\seg_026.png,26,26,27,0,,
utah_upper,FORGE_78-32_iDASv3-P11_UTC190427235053.sgy,0072_FORGE_78-32_iDASv3-P11_UTC190427235053\seg_027.png,27,27,28,0,,
utah_upper,FORGE_78-32_iDASv3-P11_UTC190427235053.sgy,0072_FORGE_78-32_iDASv3-P11_UTC190427235053\seg_028.png,28,28,29,0,,
utah_upper,FORGE_78-32_iDASv3-P11_UTC190427235053.sgy,0072_FORGE_78-32_iDASv3-P11_UTC190427235053\seg_029.png,29,29,30,0,,
utah_upper,FORGE_78-32_iDASv3-P11_UTC190428021238.sgy,0073_FORGE_78-32_iDASv3-P11_UTC190428021238\seg_000.png,0,0,1,0,,
utah_upper,FORGE_78-32_iDASv3-P11_UTC190428021238.sgy,0073_FORGE_78-32_iDASv3-P11_UTC190428021238\seg_001.png,1,1,2,0,,
utah_upper,FORGE_78-32_iDASv3-P11_UTC190428021238.sgy,0073_FORGE_78-32_iDASv3-P11_UTC190428021238\seg_002.png,2,2,3,0,,
utah_upper,FORGE_78-32_iDASv3-P11_UTC190428021238.sgy,0073_FORGE_78-32_iDASv3-P11_UTC190428021238\seg_003.png,3,3,4,0,,
utah_upper,FORGE_78-32_iDASv3-P11_UTC190428021238.sgy,0073_FORGE_78-32_iDASv3-P11_UTC190428021238\seg_004.png,4,4,5,0,,
utah_upper,FORGE_78-32_iDASv3-P11_UTC190428021238.sgy,0073_FORGE_78-32_iDASv3-P11_UTC190428021238\seg_005.png,5,5,6,0,,
utah_upper,FORGE_78-32_iDASv3-P11_UTC190428021238.sgy,0073_FORGE_78-32_iDASv3-P11_UTC190428021238\seg_006.png,6,6,7,0,,
utah_upper,FORGE_78-32_iDASv3-P11_UTC190428021238.sgy,0073_FORGE_78-32_iDASv3-P11_UTC190428021238\seg_007.png,7,7,8,0,,
utah_upper,FORGE_78-32_iDASv3-P11_UTC190428021238.sgy,0073_FORGE_78-32_iDASv3-P11_UTC190428021238\seg_008.png,8,8,9,0,,
utah_upper,FORGE_78-32_iDASv3-P11_UTC190428021238.sgy,0073_FORGE_78-32_iDASv3-P11_UTC190428021238\seg_009.png,9,9,10,0,,
utah_upper,FORGE_78-32_iDASv3-P11_UTC190428021238.sgy,0073_FORGE_78-32_iDASv3-P11_UTC190428021238\seg_010.png,10,10,11,0,,
utah_upper,FORGE_78-32_iDASv3-P11_UTC190428021238.sgy,0073_FORGE_78-32_iDASv3-P11_UTC190428021238\seg_011.png,11,11,12,0,,
utah_upper,FORGE_78-32_iDASv3-P11_UTC190428021238.sgy,0073_FORGE_78-32_iDASv3-P11_UTC190428021238\seg_012.png,12,12,13,0,,
utah_upper,FORGE_78-32_iDASv3-P11_UTC190428021238.sgy,0073_FORGE_78-32_iDASv3-P11_UTC190428021238\seg_013.png,13,13,14,0,,
utah_upper,FORGE_78-32_iDASv3-P11_UTC190428021238.sgy,0073_FORGE_78-32_iDASv3-P11_UTC190428021238\seg_014.png,14,14,15,0,,
utah_upper,FORGE_78-32_iDASv3-P11_UTC190428021238.sgy,0073_FORGE_78-32_iDASv3-P11_UTC190428021238\seg_015.png,15,15,16,0,,
utah_upper,FORGE_78-32_iDASv3-P11_UTC190428021238.sgy,0073_FORGE_78-32_iDASv3-P11_UTC190428021238\seg_016.png,16,16,17,0,,
utah_upper,FORGE_78-32_iDASv3-P11_UTC190428021238.sgy,0073_FORGE_78-32_iDASv3-P11_UTC190428021238\seg_017.png,17,17,18,0,,
utah_upper,FORGE_78-32_iDASv3-P11_UTC190428021238.sgy,0073_FORGE_78-32_iDASv3-P11_UTC190428021238\seg_018.png,18,18,19,0,,
utah_upper,FORGE_78-32_iDASv3-P11_UTC190428021238.sgy,0073_FORGE_78-32_iDASv3-P11_UTC190428021238\seg_019.png,19,19,20,0,,
utah_upper,FORGE_78-32_iDASv3-P11_UTC190428021238.sgy,0073_FORGE_78-32_iDASv3-P11_UTC190428021238\seg_020.png,20,20,21,0,,
utah_upper,FORGE_78-32_iDASv3-P11_UTC190428021238.sgy,0073_FORGE_78-32_iDASv3-P11_UTC190428021238\seg_021.png,21,21,22,0,,
utah_upper,FORGE_78-32_iDASv3-P11_UTC190428021238.sgy,0073_FORGE_78-32_iDASv3-P11_UTC190428021238\seg_022.png,22,22,23,0,,
utah_upper,FORGE_78-32_iDASv3-P11_UTC190428021238.sgy,0073_FORGE_78-32_iDASv3-P11_UTC190428021238\seg_023.png,23,23,24,0,,
utah_upper,FORGE_78-32_iDASv3-P11_UTC190428021238.sgy,0073_FORGE_78-32_iDASv3-P11_UTC190428021238\seg_024.png,24,24,25,0,,
utah_upper,FORGE_78-32_iDASv3-P11_UTC190428021238.sgy,0073_FORGE_78-32_iDASv3-P11_UTC190428021238\seg_025.png,25,25,26,0,,
utah_upper,FORGE_78-32_iDASv3-P11_UTC190428021238.sgy,0073_FORGE_78-32_iDASv3-P11_UTC190428021238\seg_026.png,26,26,27,0,,
utah_upper,FORGE_78-32_iDASv3-P11_UTC190428021238.sgy,0073_FORGE_78-32_iDASv3-P11_UTC190428021238\seg_027.png,27,27,28,0,,
utah_upper,FORGE_78-32_iDASv3-P11_UTC190428021238.sgy,0073_FORGE_78-32_iDASv3-P11_UTC190428021238\seg_028.png,28,28,29,0,,
utah_upper,FORGE_78-32_iDASv3-P11_UTC190428021238.sgy,0073_FORGE_78-32_iDASv3-P11_UTC190428021238\seg_029.png,29,29,30,0,,
utah_upper,FORGE_78-32_iDASv3-P11_UTC190428151938.sgy,0074_FORGE_78-32_iDASv3-P11_UTC190428151938\seg_000.png,0,0,1,0,,
utah_upper,FORGE_78-32_iDASv3-P11_UTC190428151938.sgy,0074_FORGE_78-32_iDASv3-P11_UTC190428151938\seg_001.png,1,1,2,0,,
utah_upper,FORGE_78-32_iDASv3-P11_UTC190428151938.sgy,0074_FORGE_78-32_iDASv3-P11_UTC190428151938\seg_002.png,2,2,3,0,,
utah_upper,FORGE_78-32_iDASv3-P11_UTC190428151938.sgy,0074_FORGE_78-32_iDASv3-P11_UTC190428151938\seg_003.png,3,3,4,0,,
utah_upper,FORGE_78-32_iDASv3-P11_UTC190428151938.sgy,0074_FORGE_78-32_iDASv3-P11_UTC190428151938\seg_004.png,4,4,5,0,,
utah_upper,FORGE_78-32_iDASv3-P11_UTC190428151938.sgy,0074_FORGE_78-32_iDASv3-P11_UTC190428151938\seg_005.png,5,5,6,0,,
utah_upper,FORGE_78-32_iDASv3-P11_UTC190428151938.sgy,0074_FORGE_78-32_iDASv3-P11_UTC190428151938\seg_006.png,6,6,7,0,,
utah_upper,FORGE_78-32_iDASv3-P11_UTC190428151938.sgy,0074_FORGE_78-32_iDASv3-P11_UTC190428151938\seg_007.png,7,7,8,0,,
utah_upper,FORGE_78-32_iDASv3-P11_UTC190428151938.sgy,0074_FORGE_78-32_iDASv3-P11_UTC190428151938\seg_008.png,8,8,9,0,,
utah_upper,FORGE_78-32_iDASv3-P11_UTC190428151938.sgy,0074_FORGE_78-32_iDASv3-P11_UTC190428151938\seg_009.png,9,9,10,0,,
utah_upper,FORGE_78-32_iDASv3-P11_UTC190428151938.sgy,0074_FORGE_78-32_iDASv3-P11_UTC190428151938\seg_010.png,10,10,11,0,,
utah_upper,FORGE_78-32_iDASv3-P11_UTC190428151938.sgy,0074_FORGE_78-32_iDASv3-P11_UTC190428151938\seg_011.png,11,11,12,0,,
utah_upper,FORGE_78-32_iDASv3-P11_UTC190428151938.sgy,0074_FORGE_78-32_iDASv3-P11_UTC190428151938\seg_012.png,12,12,13,0,,
utah_upper,FORGE_78-32_iDASv3-P11_UTC190428151938.sgy,0074_FORGE_78-32_iDASv3-P11_UTC190428151938\seg_013.png,13,13,14,0,,
utah_upper,FORGE_78-32_iDASv3-P11_UTC190428151938.sgy,0074_FORGE_78-32_iDASv3-P11_UTC190428151938\seg_014.png,14,14,15,0,,
utah_upper,FORGE_78-32_iDASv3-P11_UTC190428151938.sgy,0074_FORGE_78-32_iDASv3-P11_UTC190428151938\seg_015.png,15,15,16,0,,
utah_upper,FORGE_78-32_iDASv3-P11_UTC190428151938.sgy,0074_FORGE_78-32_iDASv3-P11_UTC190428151938\seg_016.png,16,16,17,0,,
utah_upper,FORGE_78-32_iDASv3-P11_UTC190428151938.sgy,0074_FORGE_78-32_iDASv3-P11_UTC190428151938\seg_017.png,17,17,18,0,,
utah_upper,FORGE_78-32_iDASv3-P11_UTC190428151938.sgy,0074_FORGE_78-32_iDASv3-P11_UTC190428151938\seg_018.png,18,18,19,0,,
utah_upper,FORGE_78-32_iDASv3-P11_UTC190428151938.sgy,0074_FORGE_78-32_iDASv3-P11_UTC190428151938\seg_019.png,19,19,20,0,,
utah_upper,FORGE_78-32_iDASv3-P11_UTC190428151938.sgy,0074_FORGE_78-32_iDASv3-P11_UTC190428151938\seg_020.png,20,20,21,0,,
utah_upper,FORGE_78-32_iDASv3-P11_UTC190428151938.sgy,0074_FORGE_78-32_iDASv3-P11_UTC190428151938\seg_021.png,21,21,22,0,,
utah_upper,FORGE_78-32_iDASv3-P11_UTC190428151938.sgy,0074_FORGE_78-32_iDASv3-P11_UTC190428151938\seg_022.png,22,22,23,0,,
utah_upper,FORGE_78-32_iDASv3-P11_UTC190428151938.sgy,0074_FORGE_78-32_iDASv3-P11_UTC190428151938\seg_023.png,23,23,24,0,,
utah_upper,FORGE_78-32_iDASv3-P11_UTC190428151938.sgy,0074_FORGE_78-32_iDASv3-P11_UTC190428151938\seg_024.png,24,24,25,0,,
utah_upper,FORGE_78-32_iDASv3-P11_UTC190428151938.sgy,0074_FORGE_78-32_iDASv3-P11_UTC190428151938\seg_025.png,25,25,26,0,,
utah_upper,FORGE_78-32_iDASv3-P11_UTC190428151938.sgy,0074_FORGE_78-32_iDASv3-P11_UTC190428151938\seg_026.png,26,26,27,0,,
utah_upper,FORGE_78-32_iDASv3-P11_UTC190428151938.sgy,0074_FORGE_78-32_iDASv3-P11_UTC190428151938\seg_027.png,27,27,28,0,,
utah_upper,FORGE_78-32_iDASv3-P11_UTC190428151938.sgy,0074_FORGE_78-32_iDASv3-P11_UTC190428151938\seg_028.png,28,28,29,0,,
utah_upper,FORGE_78-32_iDASv3-P11_UTC190428151938.sgy,0074_FORGE_78-32_iDASv3-P11_UTC190428151938\seg_029.png,29,29,30,0,,
utah_upper,FORGE_78-32_iDASv3-P11_UTC190428152053.sgy,0075_FORGE_78-32_iDASv3-P11_UTC190428152053\seg_000.png,0,0,1,0,,
utah_upper,FORGE_78-32_iDASv3-P11_UTC190428152053.sgy,0075_FORGE_78-32_iDASv3-P11_UTC190428152053\seg_001.png,1,1,2,0,,
utah_upper,FORGE_78-32_iDASv3-P11_UTC190428152053.sgy,0075_FORGE_78-32_iDASv3-P11_UTC190428152053\seg_002.png,2,2,3,0,,
utah_upper,FORGE_78-32_iDASv3-P11_UTC190428152053.sgy,0075_FORGE_78-32_iDASv3-P11_UTC190428152053\seg_003.png,3,3,4,0,,
utah_upper,FORGE_78-32_iDASv3-P11_UTC190428152053.sgy,0075_FORGE_78-32_iDASv3-P11_UTC190428152053\seg_004.png,4,4,5,0,,
utah_upper,FORGE_78-32_iDASv3-P11_UTC190428152053.sgy,0075_FORGE_78-32_iDASv3-P11_UTC190428152053\seg_005.png,5,5,6,0,,
utah_upper,FORGE_78-32_iDASv3-P11_UTC190428152053.sgy,0075_FORGE_78-32_iDASv3-P11_UTC190428152053\seg_006.png,6,6,7,0,,
utah_upper,FORGE_78-32_iDASv3-P11_UTC190428152053.sgy,0075_FORGE_78-32_iDASv3-P11_UTC190428152053\seg_007.png,7,7,8,0,,
utah_upper,FORGE_78-32_iDASv3-P11_UTC190428152053.sgy,0075_FORGE_78-32_iDASv3-P11_UTC190428152053\seg_008.png,8,8,9,0,,
utah_upper,FORGE_78-32_iDASv3-P11_UTC190428152053.sgy,0075_FORGE_78-32_iDASv3-P11_UTC190428152053\seg_009.png,9,9,10,0,,
utah_upper,FORGE_78-32_iDASv3-P11_UTC190428152053.sgy,0075_FORGE_78-32_iDASv3-P11_UTC190428152053\seg_010.png,10,10,11,0,,
utah_upper,FORGE_78-32_iDASv3-P11_UTC190428152053.sgy,0075_FORGE_78-32_iDASv3-P11_UTC190428152053\seg_011.png,11,11,12,0,,
utah_upper,FORGE_78-32_iDASv3-P11_UTC190428152053.sgy,0075_FORGE_78-32_iDASv3-P11_UTC190428152053\seg_012.png,12,12,13,0,,
utah_upper,FORGE_78-32_iDASv3-P11_UTC190428152053.sgy,0075_FORGE_78-32_iDASv3-P11_UTC190428152053\seg_013.png,13,13,14,0,,
utah_upper,FORGE_78-32_iDASv3-P11_UTC190428152053.sgy,0075_FORGE_78-32_iDASv3-P11_UTC190428152053\seg_014.png,14,14,15,0,,
utah_upper,FORGE_78-32_iDASv3-P11_UTC190428152053.sgy,0075_FORGE_78-32_iDASv3-P11_UTC190428152053\seg_015.png,15,15,16,0,,
utah_upper,FORGE_78-32_iDASv3-P11_UTC190428152053.sgy,0075_FORGE_78-32_iDASv3-P11_UTC190428152053\seg_016.png,16,16,17,0,,
utah_upper,FORGE_78-32_iDASv3-P11_UTC190428152053.sgy,0075_FORGE_78-32_iDASv3-P11_UTC190428152053\seg_017.png,17,17,18,0,,
utah_upper,FORGE_78-32_iDASv3-P11_UTC190428152053.sgy,0075_FORGE_78-32_iDASv3-P11_UTC190428152053\seg_018.png,18,18,19,0,,
utah_upper,FORGE_78-32_iDASv3-P11_UTC190428152053.sgy,0075_FORGE_78-32_iDASv3-P11_UTC190428152053\seg_019.png,19,19,20,0,,
utah_upper,FORGE_78-32_iDASv3-P11_UTC190428152053.sgy,0075_FORGE_78-32_iDASv3-P11_UTC190428152053\seg_020.png,20,20,21,0,,
utah_upper,FORGE_78-32_iDASv3-P11_UTC190428152053.sgy,0075_FORGE_78-32_iDASv3-P11_UTC190428152053\seg_021.png,21,21,22,0,,
utah_upper,FORGE_78-32_iDASv3-P11_UTC190428152053.sgy,0075_FORGE_78-32_iDASv3-P11_UTC190428152053\seg_022.png,22,22,23,0,,
utah_upper,FORGE_78-32_iDASv3-P11_UTC190428152053.sgy,0075_FORGE_78-32_iDASv3-P11_UTC190428152053\seg_023.png,23,23,24,0,,
utah_upper,FORGE_78-32_iDASv3-P11_UTC190428152053.sgy,0075_FORGE_78-32_iDASv3-P11_UTC190428152053\seg_024.png,24,24,25,0,,
utah_upper,FORGE_78-32_iDASv3-P11_UTC190428152053.sgy,0075_FORGE_78-32_iDASv3-P11_UTC190428152053\seg_025.png,25,25,26,0,,
utah_upper,FORGE_78-32_iDASv3-P11_UTC190428152053.sgy,0075_FORGE_78-32_iDASv3-P11_UTC190428152053\seg_026.png,26,26,27,0,,
utah_upper,FORGE_78-32_iDASv3-P11_UTC190428152053.sgy,0075_FORGE_78-32_iDASv3-P11_UTC190428152053\seg_027.png,27,27,28,0,,
utah_upper,FORGE_78-32_iDASv3-P11_UTC190428152053.sgy,0075_FORGE_78-32_iDASv3-P11_UTC190428152053\seg_028.png,28,28,29,0,,
utah_upper,FORGE_78-32_iDASv3-P11_UTC190428152053.sgy,0075_FORGE_78-32_iDASv3-P11_UTC190428152053\seg_029.png,29,29,30,0,,
utah_upper,FORGE_78-32_iDASv3-P11_UTC190428152553.sgy,0076_FORGE_78-32_iDASv3-P11_UTC190428152553\seg_000.png,0,0,1,0,,
utah_upper,FORGE_78-32_iDASv3-P11_UTC190428152553.sgy,0076_FORGE_78-32_iDASv3-P11_UTC190428152553\seg_001.png,1,1,2,0,,
utah_upper,FORGE_78-32_iDASv3-P11_UTC190428152553.sgy,0076_FORGE_78-32_iDASv3-P11_UTC190428152553\seg_002.png,2,2,3,0,,
utah_upper,FORGE_78-32_iDASv3-P11_UTC190428152553.sgy,0076_FORGE_78-32_iDASv3-P11_UTC190428152553\seg_003.png,3,3,4,0,,
utah_upper,FORGE_78-32_iDASv3-P11_UTC190428152553.sgy,0076_FORGE_78-32_iDASv3-P11_UTC190428152553\seg_004.png,4,4,5,0,,
utah_upper,FORGE_78-32_iDASv3-P11_UTC190428152553.sgy,0076_FORGE_78-32_iDASv3-P11_UTC190428152553\seg_005.png,5,5,6,0,,
utah_upper,FORGE_78-32_iDASv3-P11_UTC190428152553.sgy,0076_FORGE_78-32_iDASv3-P11_UTC190428152553\seg_006.png,6,6,7,0,,
utah_upper,FORGE_78-32_iDASv3-P11_UTC190428152553.sgy,0076_FORGE_78-32_iDASv3-P11_UTC190428152553\seg_007.png,7,7,8,0,,
utah_upper,FORGE_78-32_iDASv3-P11_UTC190428152553.sgy,0076_FORGE_78-32_iDASv3-P11_UTC190428152553\seg_008.png,8,8,9,0,,
utah_upper,FORGE_78-32_iDASv3-P11_UTC190428152553.sgy,0076_FORGE_78-32_iDASv3-P11_UTC190428152553\seg_009.png,9,9,10,0,,
utah_upper,FORGE_78-32_iDASv3-P11_UTC190428152553.sgy,0076_FORGE_78-32_iDASv3-P11_UTC190428152553\seg_010.png,10,10,11,0,,
utah_upper,FORGE_78-32_iDASv3-P11_UTC190428152553.sgy,0076_FORGE_78-32_iDASv3-P11_UTC190428152553\seg_011.png,11,11,12,0,,
utah_upper,FORGE_78-32_iDASv3-P11_UTC190428152553.sgy,0076_FORGE_78-32_iDASv3-P11_UTC190428152553\seg_012.png,12,12,13,0,,
utah_upper,FORGE_78-32_iDASv3-P11_UTC190428152553.sgy,0076_FORGE_78-32_iDASv3-P11_UTC190428152553\seg_013.png,13,13,14,0,,
utah_upper,FORGE_78-32_iDASv3-P11_UTC190428152553.sgy,0076_FORGE_78-32_iDASv3-P11_UTC190428152553\seg_014.png,14,14,15,0,,
utah_upper,FORGE_78-32_iDASv3-P11_UTC190428152553.sgy,0076_FORGE_78-32_iDASv3-P11_UTC190428152553\seg_015.png,15,15,16,0,,
utah_upper,FORGE_78-32_iDASv3-P11_UTC190428152553.sgy,0076_FORGE_78-32_iDASv3-P11_UTC190428152553\seg_016.png,16,16,17,0,,
utah_upper,FORGE_78-32_iDASv3-P11_UTC190428152553.sgy,0076_FORGE_78-32_iDASv3-P11_UTC190428152553\seg_017.png,17,17,18,0,,
utah_upper,FORGE_78-32_iDASv3-P11_UTC190428152553.sgy,0076_FORGE_78-32_iDASv3-P11_UTC190428152553\seg_018.png,18,18,19,0,,
utah_upper,FORGE_78-32_iDASv3-P11_UTC190428152553.sgy,0076_FORGE_78-32_iDASv3-P11_UTC190428152553\seg_019.png,19,19,20,0,,
utah_upper,FORGE_78-32_iDASv3-P11_UTC190428152553.sgy,0076_FORGE_78-32_iDASv3-P11_UTC190428152553\seg_020.png,20,20,21,0,,
utah_upper,FORGE_78-32_iDASv3-P11_UTC190428152553.sgy,0076_FORGE_78-32_iDASv3-P11_UTC190428152553\seg_021.png,21,21,22,0,,
utah_upper,FORGE_78-32_iDASv3-P11_UTC190428152553.sgy,0076_FORGE_78-32_iDASv3-P11_UTC190428152553\seg_022.png,22,22,23,0,,
utah_upper,FORGE_78-32_iDASv3-P11_UTC190428152553.sgy,0076_FORGE_78-32_iDASv3-P11_UTC190428152553\seg_023.png,23,23,24,0,,
utah_upper,FORGE_78-32_iDASv3-P11_UTC190428152553.sgy,0076_FORGE_78-32_iDASv3-P11_UTC190428152553\seg_024.png,24,24,25,0,,
utah_upper,FORGE_78-32_iDASv3-P11_UTC190428152553.sgy,0076_FORGE_78-32_iDASv3-P11_UTC190428152553\seg_025.png,25,25,26,0,,
utah_upper,FORGE_78-32_iDASv3-P11_UTC190428152553.sgy,0076_FORGE_78-32_iDASv3-P11_UTC190428152553\seg_026.png,26,26,27,0,,
utah_upper,FORGE_78-32_iDASv3-P11_UTC190428152553.sgy,0076_FORGE_78-32_iDASv3-P11_UTC190428152553\seg_027.png,27,27,28,0,,
utah_upper,FORGE_78-32_iDASv3-P11_UTC190428152553.sgy,0076_FORGE_78-32_iDASv3-P11_UTC190428152553\seg_028.png,28,28,29,0,,
utah_upper,FORGE_78-32_iDASv3-P11_UTC190428152553.sgy,0076_FORGE_78-32_iDASv3-P11_UTC190428152553\seg_029.png,29,29,30,0,,
utah_upper,FORGE_78-32_iDASv3-P11_UTC190428152608.sgy,0077_FORGE_78-32_iDASv3-P11_UTC190428152608\seg_000.png,0,0,1,0,,
utah_upper,FORGE_78-32_iDASv3-P11_UTC190428152608.sgy,0077_FORGE_78-32_iDASv3-P11_UTC190428152608\seg_001.png,1,1,2,0,,
utah_upper,FORGE_78-32_iDASv3-P11_UTC190428152608.sgy,0077_FORGE_78-32_iDASv3-P11_UTC190428152608\seg_002.png,2,2,3,0,,
utah_upper,FORGE_78-32_iDASv3-P11_UTC190428152608.sgy,0077_FORGE_78-32_iDASv3-P11_UTC190428152608\seg_003.png,3,3,4,0,,
utah_upper,FORGE_78-32_iDASv3-P11_UTC190428152608.sgy,0077_FORGE_78-32_iDASv3-P11_UTC190428152608\seg_004.png,4,4,5,0,,
utah_upper,FORGE_78-32_iDASv3-P11_UTC190428152608.sgy,0077_FORGE_78-32_iDASv3-P11_UTC190428152608\seg_005.png,5,5,6,0,,
utah_upper,FORGE_78-32_iDASv3-P11_UTC190428152608.sgy,0077_FORGE_78-32_iDASv3-P11_UTC190428152608\seg_006.png,6,6,7,0,,
utah_upper,FORGE_78-32_iDASv3-P11_UTC190428152608.sgy,0077_FORGE_78-32_iDASv3-P11_UTC190428152608\seg_007.png,7,7,8,0,,
utah_upper,FORGE_78-32_iDASv3-P11_UTC190428152608.sgy,0077_FORGE_78-32_iDASv3-P11_UTC190428152608\seg_008.png,8,8,9,0,,
utah_upper,FORGE_78-32_iDASv3-P11_UTC190428152608.sgy,0077_FORGE_78-32_iDASv3-P11_UTC190428152608\seg_009.png,9,9,10,0,,
utah_upper,FORGE_78-32_iDASv3-P11_UTC190428152608.sgy,0077_FORGE_78-32_iDASv3-P11_UTC190428152608\seg_010.png,10,10,11,0,,
utah_upper,FORGE_78-32_iDASv3-P11_UTC190428152608.sgy,0077_FORGE_78-32_iDASv3-P11_UTC190428152608\seg_011.png,11,11,12,0,,
utah_upper,FORGE_78-32_iDASv3-P11_UTC190428152608.sgy,0077_FORGE_78-32_iDASv3-P11_UTC190428152608\seg_012.png,12,12,13,0,,
utah_upper,FORGE_78-32_iDASv3-P11_UTC190428152608.sgy,0077_FORGE_78-32_iDASv3-P11_UTC190428152608\seg_013.png,13,13,14,0,,
utah_upper,FORGE_78-32_iDASv3-P11_UTC190428152608.sgy,0077_FORGE_78-32_iDASv3-P11_UTC190428152608\seg_014.png,14,14,15,0,,
utah_upper,FORGE_78-32_iDASv3-P11_UTC190428152608.sgy,0077_FORGE_78-32_iDASv3-P11_UTC190428152608\seg_015.png,15,15,16,0,,
utah_upper,FORGE_78-32_iDASv3-P11_UTC190428152608.sgy,0077_FORGE_78-32_iDASv3-P11_UTC190428152608\seg_016.png,16,16,17,0,,
utah_upper,FORGE_78-32_iDASv3-P11_UTC190428152608.sgy,0077_FORGE_78-32_iDASv3-P11_UTC190428152608\seg_017.png,17,17,18,0,,
utah_upper,FORGE_78-32_iDASv3-P11_UTC190428152608.sgy,0077_FORGE_78-32_iDASv3-P11_UTC190428152608\seg_018.png,18,18,19,0,,
utah_upper,FORGE_78-32_iDASv3-P11_UTC190428152608.sgy,0077_FORGE_78-32_iDASv3-P11_UTC190428152608\seg_019.png,19,19,20,0,,
utah_upper,FORGE_78-32_iDASv3-P11_UTC190428152608.sgy,0077_FORGE_78-32_iDASv3-P11_UTC190428152608\seg_020.png,20,20,21,0,,
utah_upper,FORGE_78-32_iDASv3-P11_UTC190428152608.sgy,0077_FORGE_78-32_iDASv3-P11_UTC190428152608\seg_021.png,21,21,22,0,,
utah_upper,FORGE_78-32_iDASv3-P11_UTC190428152608.sgy,0077_FORGE_78-32_iDASv3-P11_UTC190428152608\seg_022.png,22,22,23,0,,
utah_upper,FORGE_78-32_iDASv3-P11_UTC190428152608.sgy,0077_FORGE_78-32_iDASv3-P11_UTC190428152608\seg_023.png,23,23,24,0,,
utah_upper,FORGE_78-32_iDASv3-P11_UTC190428152608.sgy,0077_FORGE_78-32_iDASv3-P11_UTC190428152608\seg_024.png,24,24,25,0,,
utah_upper,FORGE_78-32_iDASv3-P11_UTC190428152608.sgy,0077_FORGE_78-32_iDASv3-P11_UTC190428152608\seg_025.png,25,25,26,0,,
utah_upper,FORGE_78-32_iDASv3-P11_UTC190428152608.sgy,0077_FORGE_78-32_iDASv3-P11_UTC190428152608\seg_026.png,26,26,27,0,,
utah_upper,FORGE_78-32_iDASv3-P11_UTC190428152608.sgy,0077_FORGE_78-32_iDASv3-P11_UTC190428152608\seg_027.png,27,27,28,0,,
utah_upper,FORGE_78-32_iDASv3-P11_UTC190428152608.sgy,0077_FORGE_78-32_iDASv3-P11_UTC190428152608\seg_028.png,28,28,29,0,,
utah_upper,FORGE_78-32_iDASv3-P11_UTC190428152608.sgy,0077_FORGE_78-32_iDASv3-P11_UTC190428152608\seg_029.png,29,29,30,0,,
utah_upper,FORGE_78-32_iDASv3-P11_UTC190428152623.sgy,0078_FORGE_78-32_iDASv3-P11_UTC190428152623\seg_000.png,0,0,1,0,,
utah_upper,FORGE_78-32_iDASv3-P11_UTC190428152623.sgy,0078_FORGE_78-32_iDASv3-P11_UTC190428152623\seg_001.png,1,1,2,0,,
utah_upper,FORGE_78-32_iDASv3-P11_UTC190428152623.sgy,0078_FORGE_78-32_iDASv3-P11_UTC190428152623\seg_002.png,2,2,3,0,,
utah_upper,FORGE_78-32_iDASv3-P11_UTC190428152623.sgy,0078_FORGE_78-32_iDASv3-P11_UTC190428152623\seg_003.png,3,3,4,0,,
utah_upper,FORGE_78-32_iDASv3-P11_UTC190428152623.sgy,0078_FORGE_78-32_iDASv3-P11_UTC190428152623\seg_004.png,4,4,5,0,,
utah_upper,FORGE_78-32_iDASv3-P11_UTC190428152623.sgy,0078_FORGE_78-32_iDASv3-P11_UTC190428152623\seg_005.png,5,5,6,0,,
utah_upper,FORGE_78-32_iDASv3-P11_UTC190428152623.sgy,0078_FORGE_78-32_iDASv3-P11_UTC190428152623\seg_006.png,6,6,7,0,,
utah_upper,FORGE_78-32_iDASv3-P11_UTC190428152623.sgy,0078_FORGE_78-32_iDASv3-P11_UTC190428152623\seg_007.png,7,7,8,0,,
utah_upper,FORGE_78-32_iDASv3-P11_UTC190428152623.sgy,0078_FORGE_78-32_iDASv3-P11_UTC190428152623\seg_008.png,8,8,9,0,,
utah_upper,FORGE_78-32_iDASv3-P11_UTC190428152623.sgy,0078_FORGE_78-32_iDASv3-P11_UTC190428152623\seg_009.png,9,9,10,0,,
utah_upper,FORGE_78-32_iDASv3-P11_UTC190428152623.sgy,0078_FORGE_78-32_iDASv3-P11_UTC190428152623\seg_010.png,10,10,11,0,,
utah_upper,FORGE_78-32_iDASv3-P11_UTC190428152623.sgy,0078_FORGE_78-32_iDASv3-P11_UTC190428152623\seg_011.png,11,11,12,0,,
utah_upper,FORGE_78-32_iDASv3-P11_UTC190428152623.sgy,0078_FORGE_78-32_iDASv3-P11_UTC190428152623\seg_012.png,12,12,13,0,,
utah_upper,FORGE_78-32_iDASv3-P11_UTC190428152623.sgy,0078_FORGE_78-32_iDASv3-P11_UTC190428152623\seg_013.png,13,13,14,0,,
utah_upper,FORGE_78-32_iDASv3-P11_UTC190428152623.sgy,0078_FORGE_78-32_iDASv3-P11_UTC190428152623\seg_014.png,14,14,15,0,,
utah_upper,FORGE_78-32_iDASv3-P11_UTC190428152623.sgy,0078_FORGE_78-32_iDASv3-P11_UTC190428152623\seg_015.png,15,15,16,0,,
utah_upper,FORGE_78-32_iDASv3-P11_UTC190428152623.sgy,0078_FORGE_78-32_iDASv3-P11_UTC190428152623\seg_016.png,16,16,17,0,,
utah_upper,FORGE_78-32_iDASv3-P11_UTC190428152623.sgy,0078_FORGE_78-32_iDASv3-P11_UTC190428152623\seg_017.png,17,17,18,0,,
utah_upper,FORGE_78-32_iDASv3-P11_UTC190428152623.sgy,0078_FORGE_78-32_iDASv3-P11_UTC190428152623\seg_018.png,18,18,19,0,,
utah_upper,FORGE_78-32_iDASv3-P11_UTC190428152623.sgy,0078_FORGE_78-32_iDASv3-P11_UTC190428152623\seg_019.png,19,19,20,0,,
utah_upper,FORGE_78-32_iDASv3-P11_UTC190428152623.sgy,0078_FORGE_78-32_iDASv3-P11_UTC190428152623\seg_020.png,20,20,21,0,,
utah_upper,FORGE_78-32_iDASv3-P11_UTC190428152623.sgy,0078_FORGE_78-32_iDASv3-P11_UTC190428152623\seg_021.png,21,21,22,0,,
utah_upper,FORGE_78-32_iDASv3-P11_UTC190428152623.sgy,0078_FORGE_78-32_iDASv3-P11_UTC190428152623\seg_022.png,22,22,23,0,,
utah_upper,FORGE_78-32_iDASv3-P11_UTC190428152623.sgy,0078_FORGE_78-32_iDASv3-P11_UTC190428152623\seg_023.png,23,23,24,0,,
utah_upper,FORGE_78-32_iDASv3-P11_UTC190428152623.sgy,0078_FORGE_78-32_iDASv3-P11_UTC190428152623\seg_024.png,24,24,25,0,,
utah_upper,FORGE_78-32_iDASv3-P11_UTC190428152623.sgy,0078_FORGE_78-32_iDASv3-P11_UTC190428152623\seg_025.png,25,25,26,0,,
utah_upper,FORGE_78-32_iDASv3-P11_UTC190428152623.sgy,0078_FORGE_78-32_iDASv3-P11_UTC190428152623\seg_026.png,26,26,27,0,,
utah_upper,FORGE_78-32_iDASv3-P11_UTC190428152623.sgy,0078_FORGE_78-32_iDASv3-P11_UTC190428152623\seg_027.png,27,27,28,0,,
utah_upper,FORGE_78-32_iDASv3-P11_UTC190428152623.sgy,0078_FORGE_78-32_iDASv3-P11_UTC190428152623\seg_028.png,28,28,29,0,,
utah_upper,FORGE_78-32_iDASv3-P11_UTC190428152623.sgy,0078_FORGE_78-32_iDASv3-P11_UTC190428152623\seg_029.png,29,29,30,0,,
utah_upper,FORGE_78-32_iDASv3-P11_UTC190428152653.sgy,0079_FORGE_78-32_iDASv3-P11_UTC190428152653\seg_000.png,0,0,1,0,,
utah_upper,FORGE_78-32_iDASv3-P11_UTC190428152653.sgy,0079_FORGE_78-32_iDASv3-P11_UTC190428152653\seg_001.png,1,1,2,0,,
utah_upper,FORGE_78-32_iDASv3-P11_UTC190428152653.sgy,0079_FORGE_78-32_iDASv3-P11_UTC190428152653\seg_002.png,2,2,3,0,,
utah_upper,FORGE_78-32_iDASv3-P11_UTC190428152653.sgy,0079_FORGE_78-32_iDASv3-P11_UTC190428152653\seg_003.png,3,3,4,0,,
utah_upper,FORGE_78-32_iDASv3-P11_UTC190428152653.sgy,0079_FORGE_78-32_iDASv3-P11_UTC190428152653\seg_004.png,4,4,5,0,,
utah_upper,FORGE_78-32_iDASv3-P11_UTC190428152653.sgy,0079_FORGE_78-32_iDASv3-P11_UTC190428152653\seg_005.png,5,5,6,0,,
utah_upper,FORGE_78-32_iDASv3-P11_UTC190428152653.sgy,0079_FORGE_78-32_iDASv3-P11_UTC190428152653\seg_006.png,6,6,7,0,,
utah_upper,FORGE_78-32_iDASv3-P11_UTC190428152653.sgy,0079_FORGE_78-32_iDASv3-P11_UTC190428152653\seg_007.png,7,7,8,0,,
utah_upper,FORGE_78-32_iDASv3-P11_UTC190428152653.sgy,0079_FORGE_78-32_iDASv3-P11_UTC190428152653\seg_008.png,8,8,9,0,,
utah_upper,FORGE_78-32_iDASv3-P11_UTC190428152653.sgy,0079_FORGE_78-32_iDASv3-P11_UTC190428152653\seg_009.png,9,9,10,0,,
utah_upper,FORGE_78-32_iDASv3-P11_UTC190428152653.sgy,0079_FORGE_78-32_iDASv3-P11_UTC190428152653\seg_010.png,10,10,11,0,,
utah_upper,FORGE_78-32_iDASv3-P11_UTC190428152653.sgy,0079_FORGE_78-32_iDASv3-P11_UTC190428152653\seg_011.png,11,11,12,0,,
utah_upper,FORGE_78-32_iDASv3-P11_UTC190428152653.sgy,0079_FORGE_78-32_iDASv3-P11_UTC190428152653\seg_012.png,12,12,13,0,,
utah_upper,FORGE_78-32_iDASv3-P11_UTC190428152653.sgy,0079_FORGE_78-32_iDASv3-P11_UTC190428152653\seg_013.png,13,13,14,0,,
utah_upper,FORGE_78-32_iDASv3-P11_UTC190428152653.sgy,0079_FORGE_78-32_iDASv3-P11_UTC190428152653\seg_014.png,14,14,15,0,,
utah_upper,FORGE_78-32_iDASv3-P11_UTC190428152653.sgy,0079_FORGE_78-32_iDASv3-P11_UTC190428152653\seg_015.png,15,15,16,0,,
utah_upper,FORGE_78-32_iDASv3-P11_UTC190428152653.sgy,0079_FORGE_78-32_iDASv3-P11_UTC190428152653\seg_016.png,16,16,17,0,,
utah_upper,FORGE_78-32_iDASv3-P11_UTC190428152653.sgy,0079_FORGE_78-32_iDASv3-P11_UTC190428152653\seg_017.png,17,17,18,0,,
utah_upper,FORGE_78-32_iDASv3-P11_UTC190428152653.sgy,0079_FORGE_78-32_iDASv3-P11_UTC190428152653\seg_018.png,18,18,19,0,,
utah_upper,FORGE_78-32_iDASv3-P11_UTC190428152653.sgy,0079_FORGE_78-32_iDASv3-P11_UTC190428152653\seg_019.png,19,19,20,0,,
utah_upper,FORGE_78-32_iDASv3-P11_UTC190428152653.sgy,0079_FORGE_78-32_iDASv3-P11_UTC190428152653\seg_020.png,20,20,21,0,,
utah_upper,FORGE_78-32_iDASv3-P11_UTC190428152653.sgy,0079_FORGE_78-32_iDASv3-P11_UTC190428152653\seg_021.png,21,21,22,0,,
utah_upper,FORGE_78-32_iDASv3-P11_UTC190428152653.sgy,0079_FORGE_78-32_iDASv3-P11_UTC190428152653\seg_022.png,22,22,23,0,,
utah_upper,FORGE_78-32_iDASv3-P11_UTC190428152653.sgy,0079_FORGE_78-32_iDASv3-P11_UTC190428152653\seg_023.png,23,23,24,0,,
utah_upper,FORGE_78-32_iDASv3-P11_UTC190428152653.sgy,0079_FORGE_78-32_iDASv3-P11_UTC190428152653\seg_024.png,24,24,25,0,,
utah_upper,FORGE_78-32_iDASv3-P11_UTC190428152653.sgy,0079_FORGE_78-32_iDASv3-P11_UTC190428152653\seg_025.png,25,25,26,0,,
utah_upper,FORGE_78-32_iDASv3-P11_UTC190428152653.sgy,0079_FORGE_78-32_iDASv3-P11_UTC190428152653\seg_026.png,26,26,27,0,,
utah_upper,FORGE_78-32_iDASv3-P11_UTC190428152653.sgy,0079_FORGE_78-32_iDASv3-P11_UTC190428152653\seg_027.png,27,27,28,0,,
utah_upper,FORGE_78-32_iDASv3-P11_UTC190428152653.sgy,0079_FORGE_78-32_iDASv3-P11_UTC190428152653\seg_028.png,28,28,29,0,,
utah_upper,FORGE_78-32_iDASv3-P11_UTC190428152653.sgy,0079_FORGE_78-32_iDASv3-P11_UTC190428152653\seg_029.png,29,29,30,0,,
utah_upper,FORGE_78-32_iDASv3-P11_UTC190428152738.sgy,0080_FORGE_78-32_iDASv3-P11_UTC190428152738\seg_000.png,0,0,1,0,,
utah_upper,FORGE_78-32_iDASv3-P11_UTC190428152738.sgy,0080_FORGE_78-32_iDASv3-P11_UTC190428152738\seg_001.png,1,1,2,0,,
utah_upper,FORGE_78-32_iDASv3-P11_UTC190428152738.sgy,0080_FORGE_78-32_iDASv3-P11_UTC190428152738\seg_002.png,2,2,3,0,,
utah_upper,FORGE_78-32_iDASv3-P11_UTC190428152738.sgy,0080_FORGE_78-32_iDASv3-P11_UTC190428152738\seg_003.png,3,3,4,0,,
utah_upper,FORGE_78-32_iDASv3-P11_UTC190428152738.sgy,0080_FORGE_78-32_iDASv3-P11_UTC190428152738\seg_004.png,4,4,5,0,,
utah_upper,FORGE_78-32_iDASv3-P11_UTC190428152738.sgy,0080_FORGE_78-32_iDASv3-P11_UTC190428152738\seg_005.png,5,5,6,0,,
utah_upper,FORGE_78-32_iDASv3-P11_UTC190428152738.sgy,0080_FORGE_78-32_iDASv3-P11_UTC190428152738\seg_006.png,6,6,7,0,,
utah_upper,FORGE_78-32_iDASv3-P11_UTC190428152738.sgy,0080_FORGE_78-32_iDASv3-P11_UTC190428152738\seg_007.png,7,7,8,0,,
utah_upper,FORGE_78-32_iDASv3-P11_UTC190428152738.sgy,0080_FORGE_78-32_iDASv3-P11_UTC190428152738\seg_008.png,8,8,9,0,,
utah_upper,FORGE_78-32_iDASv3-P11_UTC190428152738.sgy,0080_FORGE_78-32_iDASv3-P11_UTC190428152738\seg_009.png,9,9,10,0,,
utah_upper,FORGE_78-32_iDASv3-P11_UTC190428152738.sgy,0080_FORGE_78-32_iDASv3-P11_UTC190428152738\seg_010.png,10,10,11,0,,
utah_upper,FORGE_78-32_iDASv3-P11_UTC190428152738.sgy,0080_FORGE_78-32_iDASv3-P11_UTC190428152738\seg_011.png,11,11,12,0,,
utah_upper,FORGE_78-32_iDASv3-P11_UTC190428152738.sgy,0080_FORGE_78-32_iDASv3-P11_UTC190428152738\seg_012.png,12,12,13,0,,
utah_upper,FORGE_78-32_iDASv3-P11_UTC190428152738.sgy,0080_FORGE_78-32_iDASv3-P11_UTC190428152738\seg_013.png,13,13,14,0,,
utah_upper,FORGE_78-32_iDASv3-P11_UTC190428152738.sgy,0080_FORGE_78-32_iDASv3-P11_UTC190428152738\seg_014.png,14,14,15,0,,
utah_upper,FORGE_78-32_iDASv3-P11_UTC190428152738.sgy,0080_FORGE_78-32_iDASv3-P11_UTC190428152738\seg_015.png,15,15,16,0,,
utah_upper,FORGE_78-32_iDASv3-P11_UTC190428152738.sgy,0080_FORGE_78-32_iDASv3-P11_UTC190428152738\seg_016.png,16,16,17,0,,
utah_upper,FORGE_78-32_iDASv3-P11_UTC190428152738.sgy,0080_FORGE_78-32_iDASv3-P11_UTC190428152738\seg_017.png,17,17,18,0,,
utah_upper,FORGE_78-32_iDASv3-P11_UTC190428152738.sgy,0080_FORGE_78-32_iDASv3-P11_UTC190428152738\seg_018.png,18,18,19,0,,
utah_upper,FORGE_78-32_iDASv3-P11_UTC190428152738.sgy,0080_FORGE_78-32_iDASv3-P11_UTC190428152738\seg_019.png,19,19,20,0,,
utah_upper,FORGE_78-32_iDASv3-P11_UTC190428152738.sgy,0080_FORGE_78-32_iDASv3-P11_UTC190428152738\seg_020.png,20,20,21,0,,
utah_upper,FORGE_78-32_iDASv3-P11_UTC190428152738.sgy,0080_FORGE_78-32_iDASv3-P11_UTC190428152738\seg_021.png,21,21,22,0,,
utah_upper,FORGE_78-32_iDASv3-P11_UTC190428152738.sgy,0080_FORGE_78-32_iDASv3-P11_UTC190428152738\seg_022.png,22,22,23,0,,
utah_upper,FORGE_78-32_iDASv3-P11_UTC190428152738.sgy,0080_FORGE_78-32_iDASv3-P11_UTC190428152738\seg_023.png,23,23,24,0,,
utah_upper,FORGE_78-32_iDASv3-P11_UTC190428152738.sgy,0080_FORGE_78-32_iDASv3-P11_UTC190428152738\seg_024.png,24,24,25,0,,
utah_upper,FORGE_78-32_iDASv3-P11_UTC190428152738.sgy,0080_FORGE_78-32_iDASv3-P11_UTC190428152738\seg_025.png,25,25,26,0,,
utah_upper,FORGE_78-32_iDASv3-P11_UTC190428152738.sgy,0080_FORGE_78-32_iDASv3-P11_UTC190428152738\seg_026.png,26,26,27,0,,
utah_upper,FORGE_78-32_iDASv3-P11_UTC190428152738.sgy,0080_FORGE_78-32_iDASv3-P11_UTC190428152738\seg_027.png,27,27,28,0,,
utah_upper,FORGE_78-32_iDASv3-P11_UTC190428152738.sgy,0080_FORGE_78-32_iDASv3-P11_UTC190428152738\seg_028.png,28,28,29,0,,
utah_upper,FORGE_78-32_iDASv3-P11_UTC190428152738.sgy,0080_FORGE_78-32_iDASv3-P11_UTC190428152738\seg_029.png,29,29,30,0,,
utah_upper,FORGE_78-32_iDASv3-P11_UTC190428152808.sgy,0081_FORGE_78-32_iDASv3-P11_UTC190428152808\seg_000.png,0,0,1,0,,
utah_upper,FORGE_78-32_iDASv3-P11_UTC190428152808.sgy,0081_FORGE_78-32_iDASv3-P11_UTC190428152808\seg_001.png,1,1,2,0,,
utah_upper,FORGE_78-32_iDASv3-P11_UTC190428152808.sgy,0081_FORGE_78-32_iDASv3-P11_UTC190428152808\seg_002.png,2,2,3,0,,
utah_upper,FORGE_78-32_iDASv3-P11_UTC190428152808.sgy,0081_FORGE_78-32_iDASv3-P11_UTC190428152808\seg_003.png,3,3,4,0,,
utah_upper,FORGE_78-32_iDASv3-P11_UTC190428152808.sgy,0081_FORGE_78-32_iDASv3-P11_UTC190428152808\seg_004.png,4,4,5,0,,
utah_upper,FORGE_78-32_iDASv3-P11_UTC190428152808.sgy,0081_FORGE_78-32_iDASv3-P11_UTC190428152808\seg_005.png,5,5,6,0,,
utah_upper,FORGE_78-32_iDASv3-P11_UTC190428152808.sgy,0081_FORGE_78-32_iDASv3-P11_UTC190428152808\seg_006.png,6,6,7,0,,
utah_upper,FORGE_78-32_iDASv3-P11_UTC190428152808.sgy,0081_FORGE_78-32_iDASv3-P11_UTC190428152808\seg_007.png,7,7,8,0,,
utah_upper,FORGE_78-32_iDASv3-P11_UTC190428152808.sgy,0081_FORGE_78-32_iDASv3-P11_UTC190428152808\seg_008.png,8,8,9,0,,
utah_upper,FORGE_78-32_iDASv3-P11_UTC190428152808.sgy,0081_FORGE_78-32_iDASv3-P11_UTC190428152808\seg_009.png,9,9,10,0,,
utah_upper,FORGE_78-32_iDASv3-P11_UTC190428152808.sgy,0081_FORGE_78-32_iDASv3-P11_UTC190428152808\seg_010.png,10,10,11,0,,
utah_upper,FORGE_78-32_iDASv3-P11_UTC190428152808.sgy,0081_FORGE_78-32_iDASv3-P11_UTC190428152808\seg_011.png,11,11,12,0,,
utah_upper,FORGE_78-32_iDASv3-P11_UTC190428152808.sgy,0081_FORGE_78-32_iDASv3-P11_UTC190428152808\seg_012.png,12,12,13,0,,
utah_upper,FORGE_78-32_iDASv3-P11_UTC190428152808.sgy,0081_FORGE_78-32_iDASv3-P11_UTC190428152808\seg_013.png,13,13,14,0,,
utah_upper,FORGE_78-32_iDASv3-P11_UTC190428152808.sgy,0081_FORGE_78-32_iDASv3-P11_UTC190428152808\seg_014.png,14,14,15,0,,
utah_upper,FORGE_78-32_iDASv3-P11_UTC190428152808.sgy,0081_FORGE_78-32_iDASv3-P11_UTC190428152808\seg_015.png,15,15,16,0,,
utah_upper,FORGE_78-32_iDASv3-P11_UTC190428152808.sgy,0081_FORGE_78-32_iDASv3-P11_UTC190428152808\seg_016.png,16,16,17,0,,
utah_upper,FORGE_78-32_iDASv3-P11_UTC190428152808.sgy,0081_FORGE_78-32_iDASv3-P11_UTC190428152808\seg_017.png,17,17,18,0,,
utah_upper,FORGE_78-32_iDASv3-P11_UTC190428152808.sgy,0081_FORGE_78-32_iDASv3-P11_UTC190428152808\seg_018.png,18,18,19,0,,
utah_upper,FORGE_78-32_iDASv3-P11_UTC190428152808.sgy,0081_FORGE_78-32_iDASv3-P11_UTC190428152808\seg_019.png,19,19,20,0,,
utah_upper,FORGE_78-32_iDASv3-P11_UTC190428152808.sgy,0081_FORGE_78-32_iDASv3-P11_UTC190428152808\seg_020.png,20,20,21,0,,
utah_upper,FORGE_78-32_iDASv3-P11_UTC190428152808.sgy,0081_FORGE_78-32_iDASv3-P11_UTC190428152808\seg_021.png,21,21,22,0,,
utah_upper,FORGE_78-32_iDASv3-P11_UTC190428152808.sgy,0081_FORGE_78-32_iDASv3-P11_UTC190428152808\seg_022.png,22,22,23,0,,
utah_upper,FORGE_78-32_iDASv3-P11_UTC190428152808.sgy,0081_FORGE_78-32_iDASv3-P11_UTC190428152808\seg_023.png,23,23,24,0,,
utah_upper,FORGE_78-32_iDASv3-P11_UTC190428152808.sgy,0081_FORGE_78-32_iDASv3-P11_UTC190428152808\seg_024.png,24,24,25,0,,
utah_upper,FORGE_78-32_iDASv3-P11_UTC190428152808.sgy,0081_FORGE_78-32_iDASv3-P11_UTC190428152808\seg_025.png,25,25,26,0,,
utah_upper,FORGE_78-32_iDASv3-P11_UTC190428152808.sgy,0081_FORGE_78-32_iDASv3-P11_UTC190428152808\seg_026.png,26,26,27,0,,
utah_upper,FORGE_78-32_iDASv3-P11_UTC190428152808.sgy,0081_FORGE_78-32_iDASv3-P11_UTC190428152808\seg_027.png,27,27,28,0,,
utah_upper,FORGE_78-32_iDASv3-P11_UTC190428152808.sgy,0081_FORGE_78-32_iDASv3-P11_UTC190428152808\seg_028.png,28,28,29,0,,
utah_upper,FORGE_78-32_iDASv3-P11_UTC190428152808.sgy,0081_FORGE_78-32_iDASv3-P11_UTC190428152808\seg_029.png,29,29,30,0,,
utah_upper,FORGE_78-32_iDASv3-P11_UTC190428152838.sgy,0082_FORGE_78-32_iDASv3-P11_UTC190428152838\seg_000.png,0,0,1,0,,
utah_upper,FORGE_78-32_iDASv3-P11_UTC190428152838.sgy,0082_FORGE_78-32_iDASv3-P11_UTC190428152838\seg_001.png,1,1,2,0,,
utah_upper,FORGE_78-32_iDASv3-P11_UTC190428152838.sgy,0082_FORGE_78-32_iDASv3-P11_UTC190428152838\seg_002.png,2,2,3,0,,
utah_upper,FORGE_78-32_iDASv3-P11_UTC190428152838.sgy,0082_FORGE_78-32_iDASv3-P11_UTC190428152838\seg_003.png,3,3,4,0,,
utah_upper,FORGE_78-32_iDASv3-P11_UTC190428152838.sgy,0082_FORGE_78-32_iDASv3-P11_UTC190428152838\seg_004.png,4,4,5,0,,
utah_upper,FORGE_78-32_iDASv3-P11_UTC190428152838.sgy,0082_FORGE_78-32_iDASv3-P11_UTC190428152838\seg_005.png,5,5,6,0,,
utah_upper,FORGE_78-32_iDASv3-P11_UTC190428152838.sgy,0082_FORGE_78-32_iDASv3-P11_UTC190428152838\seg_006.png,6,6,7,0,,
utah_upper,FORGE_78-32_iDASv3-P11_UTC190428152838.sgy,0082_FORGE_78-32_iDASv3-P11_UTC190428152838\seg_007.png,7,7,8,0,,
utah_upper,FORGE_78-32_iDASv3-P11_UTC190428152838.sgy,0082_FORGE_78-32_iDASv3-P11_UTC190428152838\seg_008.png,8,8,9,0,,
utah_upper,FORGE_78-32_iDASv3-P11_UTC190428152838.sgy,0082_FORGE_78-32_iDASv3-P11_UTC190428152838\seg_009.png,9,9,10,0,,
utah_upper,FORGE_78-32_iDASv3-P11_UTC190428152838.sgy,0082_FORGE_78-32_iDASv3-P11_UTC190428152838\seg_010.png,10,10,11,0,,
utah_upper,FORGE_78-32_iDASv3-P11_UTC190428152838.sgy,0082_FORGE_78-32_iDASv3-P11_UTC190428152838\seg_011.png,11,11,12,0,,
utah_upper,FORGE_78-32_iDASv3-P11_UTC190428152838.sgy,0082_FORGE_78-32_iDASv3-P11_UTC190428152838\seg_012.png,12,12,13,0,,
utah_upper,FORGE_78-32_iDASv3-P11_UTC190428152838.sgy,0082_FORGE_78-32_iDASv3-P11_UTC190428152838\seg_013.png,13,13,14,0,,
utah_upper,FORGE_78-32_iDASv3-P11_UTC190428152838.sgy,0082_FORGE_78-32_iDASv3-P11_UTC190428152838\seg_014.png,14,14,15,0,,
utah_upper,FORGE_78-32_iDASv3-P11_UTC190428152838.sgy,0082_FORGE_78-32_iDASv3-P11_UTC190428152838\seg_015.png,15,15,16,0,,
utah_upper,FORGE_78-32_iDASv3-P11_UTC190428152838.sgy,0082_FORGE_78-32_iDASv3-P11_UTC190428152838\seg_016.png,16,16,17,0,,
utah_upper,FORGE_78-32_iDASv3-P11_UTC190428152838.sgy,0082_FORGE_78-32_iDASv3-P11_UTC190428152838\seg_017.png,17,17,18,0,,
utah_upper,FORGE_78-32_iDASv3-P11_UTC190428152838.sgy,0082_FORGE_78-32_iDASv3-P11_UTC190428152838\seg_018.png,18,18,19,0,,
utah_upper,FORGE_78-32_iDASv3-P11_UTC190428152838.sgy,0082_FORGE_78-32_iDASv3-P11_UTC190428152838\seg_019.png,19,19,20,0,,
utah_upper,FORGE_78-32_iDASv3-P11_UTC190428152838.sgy,0082_FORGE_78-32_iDASv3-P11_UTC190428152838\seg_020.png,20,20,21,0,,
utah_upper,FORGE_78-32_iDASv3-P11_UTC190428152838.sgy,0082_FORGE_78-32_iDASv3-P11_UTC190428152838\seg_021.png,21,21,22,0,,
utah_upper,FORGE_78-32_iDASv3-P11_UTC190428152838.sgy,0082_FORGE_78-32_iDASv3-P11_UTC190428152838\seg_022.png,22,22,23,0,,
utah_upper,FORGE_78-32_iDASv3-P11_UTC190428152838.sgy,0082_FORGE_78-32_iDASv3-P11_UTC190428152838\seg_023.png,23,23,24,0,,
utah_upper,FORGE_78-32_iDASv3-P11_UTC190428152838.sgy,0082_FORGE_78-32_iDASv3-P11_UTC190428152838\seg_024.png,24,24,25,0,,
utah_upper,FORGE_78-32_iDASv3-P11_UTC190428152838.sgy,0082_FORGE_78-32_iDASv3-P11_UTC190428152838\seg_025.png,25,25,26,0,,
utah_upper,FORGE_78-32_iDASv3-P11_UTC190428152838.sgy,0082_FORGE_78-32_iDASv3-P11_UTC190428152838\seg_026.png,26,26,27,0,,
utah_upper,FORGE_78-32_iDASv3-P11_UTC190428152838.sgy,0082_FORGE_78-32_iDASv3-P11_UTC190428152838\seg_027.png,27,27,28,0,,
utah_upper,FORGE_78-32_iDASv3-P11_UTC190428152838.sgy,0082_FORGE_78-32_iDASv3-P11_UTC190428152838\seg_028.png,28,28,29,0,,
utah_upper,FORGE_78-32_iDASv3-P11_UTC190428152838.sgy,0082_FORGE_78-32_iDASv3-P11_UTC190428152838\seg_029.png,29,29,30,0,,
utah_upper,FORGE_78-32_iDASv3-P11_UTC190428152938.sgy,0083_FORGE_78-32_iDASv3-P11_UTC190428152938\seg_000.png,0,0,1,0,,
utah_upper,FORGE_78-32_iDASv3-P11_UTC190428152938.sgy,0083_FORGE_78-32_iDASv3-P11_UTC190428152938\seg_001.png,1,1,2,0,,
utah_upper,FORGE_78-32_iDASv3-P11_UTC190428152938.sgy,0083_FORGE_78-32_iDASv3-P11_UTC190428152938\seg_002.png,2,2,3,0,,
utah_upper,FORGE_78-32_iDASv3-P11_UTC190428152938.sgy,0083_FORGE_78-32_iDASv3-P11_UTC190428152938\seg_003.png,3,3,4,0,,
utah_upper,FORGE_78-32_iDASv3-P11_UTC190428152938.sgy,0083_FORGE_78-32_iDASv3-P11_UTC190428152938\seg_004.png,4,4,5,0,,
utah_upper,FORGE_78-32_iDASv3-P11_UTC190428152938.sgy,0083_FORGE_78-32_iDASv3-P11_UTC190428152938\seg_005.png,5,5,6,0,,
utah_upper,FORGE_78-32_iDASv3-P11_UTC190428152938.sgy,0083_FORGE_78-32_iDASv3-P11_UTC190428152938\seg_006.png,6,6,7,0,,
utah_upper,FORGE_78-32_iDASv3-P11_UTC190428152938.sgy,0083_FORGE_78-32_iDASv3-P11_UTC190428152938\seg_007.png,7,7,8,0,,
utah_upper,FORGE_78-32_iDASv3-P11_UTC190428152938.sgy,0083_FORGE_78-32_iDASv3-P11_UTC190428152938\seg_008.png,8,8,9,0,,
utah_upper,FORGE_78-32_iDASv3-P11_UTC190428152938.sgy,0083_FORGE_78-32_iDASv3-P11_UTC190428152938\seg_009.png,9,9,10,0,,
utah_upper,FORGE_78-32_iDASv3-P11_UTC190428152938.sgy,0083_FORGE_78-32_iDASv3-P11_UTC190428152938\seg_010.png,10,10,11,0,,
utah_upper,FORGE_78-32_iDASv3-P11_UTC190428152938.sgy,0083_FORGE_78-32_iDASv3-P11_UTC190428152938\seg_011.png,11,11,12,0,,
utah_upper,FORGE_78-32_iDASv3-P11_UTC190428152938.sgy,0083_FORGE_78-32_iDASv3-P11_UTC190428152938\seg_012.png,12,12,13,0,,
utah_upper,FORGE_78-32_iDASv3-P11_UTC190428152938.sgy,0083_FORGE_78-32_iDASv3-P11_UTC190428152938\seg_013.png,13,13,14,0,,
utah_upper,FORGE_78-32_iDASv3-P11_UTC190428152938.sgy,0083_FORGE_78-32_iDASv3-P11_UTC190428152938\seg_014.png,14,14,15,0,,
utah_upper,FORGE_78-32_iDASv3-P11_UTC190428152938.sgy,0083_FORGE_78-32_iDASv3-P11_UTC190428152938\seg_015.png,15,15,16,0,,
utah_upper,FORGE_78-32_iDASv3-P11_UTC190428152938.sgy,0083_FORGE_78-32_iDASv3-P11_UTC190428152938\seg_016.png,16,16,17,0,,
utah_upper,FORGE_78-32_iDASv3-P11_UTC190428152938.sgy,0083_FORGE_78-32_iDASv3-P11_UTC190428152938\seg_017.png,17,17,18,0,,
utah_upper,FORGE_78-32_iDASv3-P11_UTC190428152938.sgy,0083_FORGE_78-32_iDASv3-P11_UTC190428152938\seg_018.png,18,18,19,0,,
utah_upper,FORGE_78-32_iDASv3-P11_UTC190428152938.sgy,0083_FORGE_78-32_iDASv3-P11_UTC190428152938\seg_019.png,19,19,20,0,,
utah_upper,FORGE_78-32_iDASv3-P11_UTC190428152938.sgy,0083_FORGE_78-32_iDASv3-P11_UTC190428152938\seg_020.png,20,20,21,0,,
utah_upper,FORGE_78-32_iDASv3-P11_UTC190428152938.sgy,0083_FORGE_78-32_iDASv3-P11_UTC190428152938\seg_021.png,21,21,22,0,,
utah_upper,FORGE_78-32_iDASv3-P11_UTC190428152938.sgy,0083_FORGE_78-32_iDASv3-P11_UTC190428152938\seg_022.png,22,22,23,0,,
utah_upper,FORGE_78-32_iDASv3-P11_UTC190428152938.sgy,0083_FORGE_78-32_iDASv3-P11_UTC190428152938\seg_023.png,23,23,24,0,,
utah_upper,FORGE_78-32_iDASv3-P11_UTC190428152938.sgy,0083_FORGE_78-32_iDASv3-P11_UTC190428152938\seg_024.png,24,24,25,0,,
utah_upper,FORGE_78-32_iDASv3-P11_UTC190428152938.sgy,0083_FORGE_78-32_iDASv3-P11_UTC190428152938\seg_025.png,25,25,26,0,,
utah_upper,FORGE_78-32_iDASv3-P11_UTC190428152938.sgy,0083_FORGE_78-32_iDASv3-P11_UTC190428152938\seg_026.png,26,26,27,0,,
utah_upper,FORGE_78-32_iDASv3-P11_UTC190428152938.sgy,0083_FORGE_78-32_iDASv3-P11_UTC190428152938\seg_027.png,27,27,28,0,,
utah_upper,FORGE_78-32_iDASv3-P11_UTC190428152938.sgy,0083_FORGE_78-32_iDASv3-P11_UTC190428152938\seg_028.png,28,28,29,0,,
utah_upper,FORGE_78-32_iDASv3-P11_UTC190428152938.sgy,0083_FORGE_78-32_iDASv3-P11_UTC190428152938\seg_029.png,29,29,30,0,,
utah_upper,FORGE_78-32_iDASv3-P11_UTC190428152953.sgy,0084_FORGE_78-32_iDASv3-P11_UTC190428152953\seg_000.png,0,0,1,0,,
utah_upper,FORGE_78-32_iDASv3-P11_UTC190428152953.sgy,0084_FORGE_78-32_iDASv3-P11_UTC190428152953\seg_001.png,1,1,2,0,,
utah_upper,FORGE_78-32_iDASv3-P11_UTC190428152953.sgy,0084_FORGE_78-32_iDASv3-P11_UTC190428152953\seg_002.png,2,2,3,0,,
utah_upper,FORGE_78-32_iDASv3-P11_UTC190428152953.sgy,0084_FORGE_78-32_iDASv3-P11_UTC190428152953\seg_003.png,3,3,4,0,,
utah_upper,FORGE_78-32_iDASv3-P11_UTC190428152953.sgy,0084_FORGE_78-32_iDASv3-P11_UTC190428152953\seg_004.png,4,4,5,0,,
utah_upper,FORGE_78-32_iDASv3-P11_UTC190428152953.sgy,0084_FORGE_78-32_iDASv3-P11_UTC190428152953\seg_005.png,5,5,6,0,,
utah_upper,FORGE_78-32_iDASv3-P11_UTC190428152953.sgy,0084_FORGE_78-32_iDASv3-P11_UTC190428152953\seg_006.png,6,6,7,0,,
utah_upper,FORGE_78-32_iDASv3-P11_UTC190428152953.sgy,0084_FORGE_78-32_iDASv3-P11_UTC190428152953\seg_007.png,7,7,8,0,,
utah_upper,FORGE_78-32_iDASv3-P11_UTC190428152953.sgy,0084_FORGE_78-32_iDASv3-P11_UTC190428152953\seg_008.png,8,8,9,0,,
utah_upper,FORGE_78-32_iDASv3-P11_UTC190428152953.sgy,0084_FORGE_78-32_iDASv3-P11_UTC190428152953\seg_009.png,9,9,10,0,,
utah_upper,FORGE_78-32_iDASv3-P11_UTC190428152953.sgy,0084_FORGE_78-32_iDASv3-P11_UTC190428152953\seg_010.png,10,10,11,0,,
utah_upper,FORGE_78-32_iDASv3-P11_UTC190428152953.sgy,0084_FORGE_78-32_iDASv3-P11_UTC190428152953\seg_011.png,11,11,12,0,,
utah_upper,FORGE_78-32_iDASv3-P11_UTC190428152953.sgy,0084_FORGE_78-32_iDASv3-P11_UTC190428152953\seg_012.png,12,12,13,0,,
utah_upper,FORGE_78-32_iDASv3-P11_UTC190428152953.sgy,0084_FORGE_78-32_iDASv3-P11_UTC190428152953\seg_013.png,13,13,14,0,,
utah_upper,FORGE_78-32_iDASv3-P11_UTC190428152953.sgy,0084_FORGE_78-32_iDASv3-P11_UTC190428152953\seg_014.png,14,14,15,0,,
utah_upper,FORGE_78-32_iDASv3-P11_UTC190428152953.sgy,0084_FORGE_78-32_iDASv3-P11_UTC190428152953\seg_015.png,15,15,16,0,,
utah_upper,FORGE_78-32_iDASv3-P11_UTC190428152953.sgy,0084_FORGE_78-32_iDASv3-P11_UTC190428152953\seg_016.png,16,16,17,0,,
utah_upper,FORGE_78-32_iDASv3-P11_UTC190428152953.sgy,0084_FORGE_78-32_iDASv3-P11_UTC190428152953\seg_017.png,17,17,18,0,,
utah_upper,FORGE_78-32_iDASv3-P11_UTC190428152953.sgy,0084_FORGE_78-32_iDASv3-P11_UTC190428152953\seg_018.png,18,18,19,0,,
utah_upper,FORGE_78-32_iDASv3-P11_UTC190428152953.sgy,0084_FORGE_78-32_iDASv3-P11_UTC190428152953\seg_019.png,19,19,20,0,,
utah_upper,FORGE_78-32_iDASv3-P11_UTC190428152953.sgy,0084_FORGE_78-32_iDASv3-P11_UTC190428152953\seg_020.png,20,20,21,0,,
utah_upper,FORGE_78-32_iDASv3-P11_UTC190428152953.sgy,0084_FORGE_78-32_iDASv3-P11_UTC190428152953\seg_021.png,21,21,22,0,,
utah_upper,FORGE_78-32_iDASv3-P11_UTC190428152953.sgy,0084_FORGE_78-32_iDASv3-P11_UTC190428152953\seg_022.png,22,22,23,0,,
utah_upper,FORGE_78-32_iDASv3-P11_UTC190428152953.sgy,0084_FORGE_78-32_iDASv3-P11_UTC190428152953\seg_023.png,23,23,24,0,,
utah_upper,FORGE_78-32_iDASv3-P11_UTC190428152953.sgy,0084_FORGE_78-32_iDASv3-P11_UTC190428152953\seg_024.png,24,24,25,0,,
utah_upper,FORGE_78-32_iDASv3-P11_UTC190428152953.sgy,0084_FORGE_78-32_iDASv3-P11_UTC190428152953\seg_025.png,25,25,26,0,,
utah_upper,FORGE_78-32_iDASv3-P11_UTC190428152953.sgy,0084_FORGE_78-32_iDASv3-P11_UTC190428152953\seg_026.png,26,26,27,0,,
utah_upper,FORGE_78-32_iDASv3-P11_UTC190428152953.sgy,0084_FORGE_78-32_iDASv3-P11_UTC190428152953\seg_027.png,27,27,28,0,,
utah_upper,FORGE_78-32_iDASv3-P11_UTC190428152953.sgy,0084_FORGE_78-32_iDASv3-P11_UTC190428152953\seg_028.png,28,28,29,0,,
utah_upper,FORGE_78-32_iDASv3-P11_UTC190428152953.sgy,0084_FORGE_78-32_iDASv3-P11_UTC190428152953\seg_029.png,29,29,30,0,,
utah_upper,FORGE_78-32_iDASv3-P11_UTC190428153038.sgy,0085_FORGE_78-32_iDASv3-P11_UTC190428153038\seg_000.png,0,0,1,0,,
utah_upper,FORGE_78-32_iDASv3-P11_UTC190428153038.sgy,0085_FORGE_78-32_iDASv3-P11_UTC190428153038\seg_001.png,1,1,2,0,,
utah_upper,FORGE_78-32_iDASv3-P11_UTC190428153038.sgy,0085_FORGE_78-32_iDASv3-P11_UTC190428153038\seg_002.png,2,2,3,0,,
utah_upper,FORGE_78-32_iDASv3-P11_UTC190428153038.sgy,0085_FORGE_78-32_iDASv3-P11_UTC190428153038\seg_003.png,3,3,4,0,,
utah_upper,FORGE_78-32_iDASv3-P11_UTC190428153038.sgy,0085_FORGE_78-32_iDASv3-P11_UTC190428153038\seg_004.png,4,4,5,0,,
utah_upper,FORGE_78-32_iDASv3-P11_UTC190428153038.sgy,0085_FORGE_78-32_iDASv3-P11_UTC190428153038\seg_005.png,5,5,6,0,,
utah_upper,FORGE_78-32_iDASv3-P11_UTC190428153038.sgy,0085_FORGE_78-32_iDASv3-P11_UTC190428153038\seg_006.png,6,6,7,0,,
utah_upper,FORGE_78-32_iDASv3-P11_UTC190428153038.sgy,0085_FORGE_78-32_iDASv3-P11_UTC190428153038\seg_007.png,7,7,8,0,,
utah_upper,FORGE_78-32_iDASv3-P11_UTC190428153038.sgy,0085_FORGE_78-32_iDASv3-P11_UTC190428153038\seg_008.png,8,8,9,0,,
utah_upper,FORGE_78-32_iDASv3-P11_UTC190428153038.sgy,0085_FORGE_78-32_iDASv3-P11_UTC190428153038\seg_009.png,9,9,10,0,,
utah_upper,FORGE_78-32_iDASv3-P11_UTC190428153038.sgy,0085_FORGE_78-32_iDASv3-P11_UTC190428153038\seg_010.png,10,10,11,0,,
utah_upper,FORGE_78-32_iDASv3-P11_UTC190428153038.sgy,0085_FORGE_78-32_iDASv3-P11_UTC190428153038\seg_011.png,11,11,12,0,,
utah_upper,FORGE_78-32_iDASv3-P11_UTC190428153038.sgy,0085_FORGE_78-32_iDASv3-P11_UTC190428153038\seg_012.png,12,12,13,0,,
utah_upper,FORGE_78-32_iDASv3-P11_UTC190428153038.sgy,0085_FORGE_78-32_iDASv3-P11_UTC190428153038\seg_013.png,13,13,14,0,,
utah_upper,FORGE_78-32_iDASv3-P11_UTC190428153038.sgy,0085_FORGE_78-32_iDASv3-P11_UTC190428153038\seg_014.png,14,14,15,0,,
utah_upper,FORGE_78-32_iDASv3-P11_UTC190428153038.sgy,0085_FORGE_78-32_iDASv3-P11_UTC190428153038\seg_015.png,15,15,16,0,,
utah_upper,FORGE_78-32_iDASv3-P11_UTC190428153038.sgy,0085_FORGE_78-32_iDASv3-P11_UTC190428153038\seg_016.png,16,16,17,0,,
utah_upper,FORGE_78-32_iDASv3-P11_UTC190428153038.sgy,0085_FORGE_78-32_iDASv3-P11_UTC190428153038\seg_017.png,17,17,18,0,,
utah_upper,FORGE_78-32_iDASv3-P11_UTC190428153038.sgy,0085_FORGE_78-32_iDASv3-P11_UTC190428153038\seg_018.png,18,18,19,0,,
utah_upper,FORGE_78-32_iDASv3-P11_UTC190428153038.sgy,0085_FORGE_78-32_iDASv3-P11_UTC190428153038\seg_019.png,19,19,20,0,,
utah_upper,FORGE_78-32_iDASv3-P11_UTC190428153038.sgy,0085_FORGE_78-32_iDASv3-P11_UTC190428153038\seg_020.png,20,20,21,0,,
utah_upper,FORGE_78-32_iDASv3-P11_UTC190428153038.sgy,0085_FORGE_78-32_iDASv3-P11_UTC190428153038\seg_021.png,21,21,22,0,,
utah_upper,FORGE_78-32_iDASv3-P11_UTC190428153038.sgy,0085_FORGE_78-32_iDASv3-P11_UTC190428153038\seg_022.png,22,22,23,0,,
utah_upper,FORGE_78-32_iDASv3-P11_UTC190428153038.sgy,0085_FORGE_78-32_iDASv3-P11_UTC190428153038\seg_023.png,23,23,24,0,,
utah_upper,FORGE_78-32_iDASv3-P11_UTC190428153038.sgy,0085_FORGE_78-32_iDASv3-P11_UTC190428153038\seg_024.png,24,24,25,0,,
utah_upper,FORGE_78-32_iDASv3-P11_UTC190428153038.sgy,0085_FORGE_78-32_iDASv3-P11_UTC190428153038\seg_025.png,25,25,26,0,,
utah_upper,FORGE_78-32_iDASv3-P11_UTC190428153038.sgy,0085_FORGE_78-32_iDASv3-P11_UTC190428153038\seg_026.png,26,26,27,0,,
utah_upper,FORGE_78-32_iDASv3-P11_UTC190428153038.sgy,0085_FORGE_78-32_iDASv3-P11_UTC190428153038\seg_027.png,27,27,28,0,,
utah_upper,FORGE_78-32_iDASv3-P11_UTC190428153038.sgy,0085_FORGE_78-32_iDASv3-P11_UTC190428153038\seg_028.png,28,28,29,0,,
utah_upper,FORGE_78-32_iDASv3-P11_UTC190428153038.sgy,0085_FORGE_78-32_iDASv3-P11_UTC190428153038\seg_029.png,29,29,30,0,,
utah_upper,FORGE_78-32_iDASv3-P11_UTC190428153123.sgy,0086_FORGE_78-32_iDASv3-P11_UTC190428153123\seg_000.png,0,0,1,0,,
utah_upper,FORGE_78-32_iDASv3-P11_UTC190428153123.sgy,0086_FORGE_78-32_iDASv3-P11_UTC190428153123\seg_001.png,1,1,2,0,,
utah_upper,FORGE_78-32_iDASv3-P11_UTC190428153123.sgy,0086_FORGE_78-32_iDASv3-P11_UTC190428153123\seg_002.png,2,2,3,0,,
utah_upper,FORGE_78-32_iDASv3-P11_UTC190428153123.sgy,0086_FORGE_78-32_iDASv3-P11_UTC190428153123\seg_003.png,3,3,4,0,,
utah_upper,FORGE_78-32_iDASv3-P11_UTC190428153123.sgy,0086_FORGE_78-32_iDASv3-P11_UTC190428153123\seg_004.png,4,4,5,0,,
utah_upper,FORGE_78-32_iDASv3-P11_UTC190428153123.sgy,0086_FORGE_78-32_iDASv3-P11_UTC190428153123\seg_005.png,5,5,6,0,,
utah_upper,FORGE_78-32_iDASv3-P11_UTC190428153123.sgy,0086_FORGE_78-32_iDASv3-P11_UTC190428153123\seg_006.png,6,6,7,0,,
utah_upper,FORGE_78-32_iDASv3-P11_UTC190428153123.sgy,0086_FORGE_78-32_iDASv3-P11_UTC190428153123\seg_007.png,7,7,8,0,,
utah_upper,FORGE_78-32_iDASv3-P11_UTC190428153123.sgy,0086_FORGE_78-32_iDASv3-P11_UTC190428153123\seg_008.png,8,8,9,0,,
utah_upper,FORGE_78-32_iDASv3-P11_UTC190428153123.sgy,0086_FORGE_78-32_iDASv3-P11_UTC190428153123\seg_009.png,9,9,10,0,,
utah_upper,FORGE_78-32_iDASv3-P11_UTC190428153123.sgy,0086_FORGE_78-32_iDASv3-P11_UTC190428153123\seg_010.png,10,10,11,0,,
utah_upper,FORGE_78-32_iDASv3-P11_UTC190428153123.sgy,0086_FORGE_78-32_iDASv3-P11_UTC190428153123\seg_011.png,11,11,12,0,,
utah_upper,FORGE_78-32_iDASv3-P11_UTC190428153123.sgy,0086_FORGE_78-32_iDASv3-P11_UTC190428153123\seg_012.png,12,12,13,0,,
utah_upper,FORGE_78-32_iDASv3-P11_UTC190428153123.sgy,0086_FORGE_78-32_iDASv3-P11_UTC190428153123\seg_013.png,13,13,14,0,,
utah_upper,FORGE_78-32_iDASv3-P11_UTC190428153123.sgy,0086_FORGE_78-32_iDASv3-P11_UTC190428153123\seg_014.png,14,14,15,0,,
utah_upper,FORGE_78-32_iDASv3-P11_UTC190428153123.sgy,0086_FORGE_78-32_iDASv3-P11_UTC190428153123\seg_015.png,15,15,16,0,,
utah_upper,FORGE_78-32_iDASv3-P11_UTC190428153123.sgy,0086_FORGE_78-32_iDASv3-P11_UTC190428153123\seg_016.png,16,16,17,0,,
utah_upper,FORGE_78-32_iDASv3-P11_UTC190428153123.sgy,0086_FORGE_78-32_iDASv3-P11_UTC190428153123\seg_017.png,17,17,18,0,,
utah_upper,FORGE_78-32_iDASv3-P11_UTC190428153123.sgy,0086_FORGE_78-32_iDASv3-P11_UTC190428153123\seg_018.png,18,18,19,0,,
utah_upper,FORGE_78-32_iDASv3-P11_UTC190428153123.sgy,0086_FORGE_78-32_iDASv3-P11_UTC190428153123\seg_019.png,19,19,20,0,,
utah_upper,FORGE_78-32_iDASv3-P11_UTC190428153123.sgy,0086_FORGE_78-32_iDASv3-P11_UTC190428153123\seg_020.png,20,20,21,0,,
utah_upper,FORGE_78-32_iDASv3-P11_UTC190428153123.sgy,0086_FORGE_78-32_iDASv3-P11_UTC190428153123\seg_021.png,21,21,22,0,,
utah_upper,FORGE_78-32_iDASv3-P11_UTC190428153123.sgy,0086_FORGE_78-32_iDASv3-P11_UTC190428153123\seg_022.png,22,22,23,0,,
utah_upper,FORGE_78-32_iDASv3-P11_UTC190428153123.sgy,0086_FORGE_78-32_iDASv3-P11_UTC190428153123\seg_023.png,23,23,24,0,,
utah_upper,FORGE_78-32_iDASv3-P11_UTC190428153123.sgy,0086_FORGE_78-32_iDASv3-P11_UTC190428153123\seg_024.png,24,24,25,0,,
utah_upper,FORGE_78-32_iDASv3-P11_UTC190428153123.sgy,0086_FORGE_78-32_iDASv3-P11_UTC190428153123\seg_025.png,25,25,26,0,,
utah_upper,FORGE_78-32_iDASv3-P11_UTC190428153123.sgy,0086_FORGE_78-32_iDASv3-P11_UTC190428153123\seg_026.png,26,26,27,0,,
utah_upper,FORGE_78-32_iDASv3-P11_UTC190428153123.sgy,0086_FORGE_78-32_iDASv3-P11_UTC190428153123\seg_027.png,27,27,28,0,,
utah_upper,FORGE_78-32_iDASv3-P11_UTC190428153123.sgy,0086_FORGE_78-32_iDASv3-P11_UTC190428153123\seg_028.png,28,28,29,0,,
utah_upper,FORGE_78-32_iDASv3-P11_UTC190428153123.sgy,0086_FORGE_78-32_iDASv3-P11_UTC190428153123\seg_029.png,29,29,30,0,,
utah_upper,FORGE_78-32_iDASv3-P11_UTC190428153153.sgy,0087_FORGE_78-32_iDASv3-P11_UTC190428153153\seg_000.png,0,0,1,0,,
utah_upper,FORGE_78-32_iDASv3-P11_UTC190428153153.sgy,0087_FORGE_78-32_iDASv3-P11_UTC190428153153\seg_001.png,1,1,2,0,,
utah_upper,FORGE_78-32_iDASv3-P11_UTC190428153153.sgy,0087_FORGE_78-32_iDASv3-P11_UTC190428153153\seg_002.png,2,2,3,0,,
utah_upper,FORGE_78-32_iDASv3-P11_UTC190428153153.sgy,0087_FORGE_78-32_iDASv3-P11_UTC190428153153\seg_003.png,3,3,4,0,,
utah_upper,FORGE_78-32_iDASv3-P11_UTC190428153153.sgy,0087_FORGE_78-32_iDASv3-P11_UTC190428153153\seg_004.png,4,4,5,0,,
utah_upper,FORGE_78-32_iDASv3-P11_UTC190428153153.sgy,0087_FORGE_78-32_iDASv3-P11_UTC190428153153\seg_005.png,5,5,6,0,,
utah_upper,FORGE_78-32_iDASv3-P11_UTC190428153153.sgy,0087_FORGE_78-32_iDASv3-P11_UTC190428153153\seg_006.png,6,6,7,0,,
utah_upper,FORGE_78-32_iDASv3-P11_UTC190428153153.sgy,0087_FORGE_78-32_iDASv3-P11_UTC190428153153\seg_007.png,7,7,8,0,,
utah_upper,FORGE_78-32_iDASv3-P11_UTC190428153153.sgy,0087_FORGE_78-32_iDASv3-P11_UTC190428153153\seg_008.png,8,8,9,0,,
utah_upper,FORGE_78-32_iDASv3-P11_UTC190428153153.sgy,0087_FORGE_78-32_iDASv3-P11_UTC190428153153\seg_009.png,9,9,10,0,,
utah_upper,FORGE_78-32_iDASv3-P11_UTC190428153153.sgy,0087_FORGE_78-32_iDASv3-P11_UTC190428153153\seg_010.png,10,10,11,0,,
utah_upper,FORGE_78-32_iDASv3-P11_UTC190428153153.sgy,0087_FORGE_78-32_iDASv3-P11_UTC190428153153\seg_011.png,11,11,12,0,,
utah_upper,FORGE_78-32_iDASv3-P11_UTC190428153153.sgy,0087_FORGE_78-32_iDASv3-P11_UTC190428153153\seg_012.png,12,12,13,0,,
utah_upper,FORGE_78-32_iDASv3-P11_UTC190428153153.sgy,0087_FORGE_78-32_iDASv3-P11_UTC190428153153\seg_013.png,13,13,14,0,,
utah_upper,FORGE_78-32_iDASv3-P11_UTC190428153153.sgy,0087_FORGE_78-32_iDASv3-P11_UTC190428153153\seg_014.png,14,14,15,0,,
utah_upper,FORGE_78-32_iDASv3-P11_UTC190428153153.sgy,0087_FORGE_78-32_iDASv3-P11_UTC190428153153\seg_015.png,15,15,16,0,,
utah_upper,FORGE_78-32_iDASv3-P11_UTC190428153153.sgy,0087_FORGE_78-32_iDASv3-P11_UTC190428153153\seg_016.png,16,16,17,0,,
utah_upper,FORGE_78-32_iDASv3-P11_UTC190428153153.sgy,0087_FORGE_78-32_iDASv3-P11_UTC190428153153\seg_017.png,17,17,18,0,,
utah_upper,FORGE_78-32_iDASv3-P11_UTC190428153153.sgy,0087_FORGE_78-32_iDASv3-P11_UTC190428153153\seg_018.png,18,18,19,0,,
utah_upper,FORGE_78-32_iDASv3-P11_UTC190428153153.sgy,0087_FORGE_78-32_iDASv3-P11_UTC190428153153\seg_019.png,19,19,20,0,,
utah_upper,FORGE_78-32_iDASv3-P11_UTC190428153153.sgy,0087_FORGE_78-32_iDASv3-P11_UTC190428153153\seg_020.png,20,20,21,0,,
utah_upper,FORGE_78-32_iDASv3-P11_UTC190428153153.sgy,0087_FORGE_78-32_iDASv3-P11_UTC190428153153\seg_021.png,21,21,22,0,,
utah_upper,FORGE_78-32_iDASv3-P11_UTC190428153153.sgy,0087_FORGE_78-32_iDASv3-P11_UTC190428153153\seg_022.png,22,22,23,0,,
utah_upper,FORGE_78-32_iDASv3-P11_UTC190428153153.sgy,0087_FORGE_78-32_iDASv3-P11_UTC190428153153\seg_023.png,23,23,24,0,,
utah_upper,FORGE_78-32_iDASv3-P11_UTC190428153153.sgy,0087_FORGE_78-32_iDASv3-P11_UTC190428153153\seg_024.png,24,24,25,0,,
utah_upper,FORGE_78-32_iDASv3-P11_UTC190428153153.sgy,0087_FORGE_78-32_iDASv3-P11_UTC190428153153\seg_025.png,25,25,26,0,,
utah_upper,FORGE_78-32_iDASv3-P11_UTC190428153153.sgy,0087_FORGE_78-32_iDASv3-P11_UTC190428153153\seg_026.png,26,26,27,0,,
utah_upper,FORGE_78-32_iDASv3-P11_UTC190428153153.sgy,0087_FORGE_78-32_iDASv3-P11_UTC190428153153\seg_027.png,27,27,28,0,,
utah_upper,FORGE_78-32_iDASv3-P11_UTC190428153153.sgy,0087_FORGE_78-32_iDASv3-P11_UTC190428153153\seg_028.png,28,28,29,0,,
utah_upper,FORGE_78-32_iDASv3-P11_UTC190428153153.sgy,0087_FORGE_78-32_iDASv3-P11_UTC190428153153\seg_029.png,29,29,30,0,,
utah_upper,FORGE_78-32_iDASv3-P11_UTC190428153208.sgy,0088_FORGE_78-32_iDASv3-P11_UTC190428153208\seg_000.png,0,0,1,0,,
utah_upper,FORGE_78-32_iDASv3-P11_UTC190428153208.sgy,0088_FORGE_78-32_iDASv3-P11_UTC190428153208\seg_001.png,1,1,2,0,,
utah_upper,FORGE_78-32_iDASv3-P11_UTC190428153208.sgy,0088_FORGE_78-32_iDASv3-P11_UTC190428153208\seg_002.png,2,2,3,0,,
utah_upper,FORGE_78-32_iDASv3-P11_UTC190428153208.sgy,0088_FORGE_78-32_iDASv3-P11_UTC190428153208\seg_003.png,3,3,4,0,,
utah_upper,FORGE_78-32_iDASv3-P11_UTC190428153208.sgy,0088_FORGE_78-32_iDASv3-P11_UTC190428153208\seg_004.png,4,4,5,0,,
utah_upper,FORGE_78-32_iDASv3-P11_UTC190428153208.sgy,0088_FORGE_78-32_iDASv3-P11_UTC190428153208\seg_005.png,5,5,6,0,,
utah_upper,FORGE_78-32_iDASv3-P11_UTC190428153208.sgy,0088_FORGE_78-32_iDASv3-P11_UTC190428153208\seg_006.png,6,6,7,0,,
utah_upper,FORGE_78-32_iDASv3-P11_UTC190428153208.sgy,0088_FORGE_78-32_iDASv3-P11_UTC190428153208\seg_007.png,7,7,8,0,,
utah_upper,FORGE_78-32_iDASv3-P11_UTC190428153208.sgy,0088_FORGE_78-32_iDASv3-P11_UTC190428153208\seg_008.png,8,8,9,0,,
utah_upper,FORGE_78-32_iDASv3-P11_UTC190428153208.sgy,0088_FORGE_78-32_iDASv3-P11_UTC190428153208\seg_009.png,9,9,10,0,,
utah_upper,FORGE_78-32_iDASv3-P11_UTC190428153208.sgy,0088_FORGE_78-32_iDASv3-P11_UTC190428153208\seg_010.png,10,10,11,0,,
utah_upper,FORGE_78-32_iDASv3-P11_UTC190428153208.sgy,0088_FORGE_78-32_iDASv3-P11_UTC190428153208\seg_011.png,11,11,12,0,,
utah_upper,FORGE_78-32_iDASv3-P11_UTC190428153208.sgy,0088_FORGE_78-32_iDASv3-P11_UTC190428153208\seg_012.png,12,12,13,0,,
utah_upper,FORGE_78-32_iDASv3-P11_UTC190428153208.sgy,0088_FORGE_78-32_iDASv3-P11_UTC190428153208\seg_013.png,13,13,14,0,,
utah_upper,FORGE_78-32_iDASv3-P11_UTC190428153208.sgy,0088_FORGE_78-32_iDASv3-P11_UTC190428153208\seg_014.png,14,14,15,0,,
utah_upper,FORGE_78-32_iDASv3-P11_UTC190428153208.sgy,0088_FORGE_78-32_iDASv3-P11_UTC190428153208\seg_015.png,15,15,16,0,,
utah_upper,FORGE_78-32_iDASv3-P11_UTC190428153208.sgy,0088_FORGE_78-32_iDASv3-P11_UTC190428153208\seg_016.png,16,16,17,0,,
utah_upper,FORGE_78-32_iDASv3-P11_UTC190428153208.sgy,0088_FORGE_78-32_iDASv3-P11_UTC190428153208\seg_017.png,17,17,18,0,,
utah_upper,FORGE_78-32_iDASv3-P11_UTC190428153208.sgy,0088_FORGE_78-32_iDASv3-P11_UTC190428153208\seg_018.png,18,18,19,0,,
utah_upper,FORGE_78-32_iDASv3-P11_UTC190428153208.sgy,0088_FORGE_78-32_iDASv3-P11_UTC190428153208\seg_019.png,19,19,20,0,,
utah_upper,FORGE_78-32_iDASv3-P11_UTC190428153208.sgy,0088_FORGE_78-32_iDASv3-P11_UTC190428153208\seg_020.png,20,20,21,0,,
utah_upper,FORGE_78-32_iDASv3-P11_UTC190428153208.sgy,0088_FORGE_78-32_iDASv3-P11_UTC190428153208\seg_021.png,21,21,22,0,,
utah_upper,FORGE_78-32_iDASv3-P11_UTC190428153208.sgy,0088_FORGE_78-32_iDASv3-P11_UTC190428153208\seg_022.png,22,22,23,0,,
utah_upper,FORGE_78-32_iDASv3-P11_UTC190428153208.sgy,0088_FORGE_78-32_iDASv3-P11_UTC190428153208\seg_023.png,23,23,24,0,,
utah_upper,FORGE_78-32_iDASv3-P11_UTC190428153208.sgy,0088_FORGE_78-32_iDASv3-P11_UTC190428153208\seg_024.png,24,24,25,0,,
utah_upper,FORGE_78-32_iDASv3-P11_UTC190428153208.sgy,0088_FORGE_78-32_iDASv3-P11_UTC190428153208\seg_025.png,25,25,26,0,,
utah_upper,FORGE_78-32_iDASv3-P11_UTC190428153208.sgy,0088_FORGE_78-32_iDASv3-P11_UTC190428153208\seg_026.png,26,26,27,0,,
utah_upper,FORGE_78-32_iDASv3-P11_UTC190428153208.sgy,0088_FORGE_78-32_iDASv3-P11_UTC190428153208\seg_027.png,27,27,28,0,,
utah_upper,FORGE_78-32_iDASv3-P11_UTC190428153208.sgy,0088_FORGE_78-32_iDASv3-P11_UTC190428153208\seg_028.png,28,28,29,0,,
utah_upper,FORGE_78-32_iDASv3-P11_UTC190428153208.sgy,0088_FORGE_78-32_iDASv3-P11_UTC190428153208\seg_029.png,29,29,30,0,,
utah_upper,FORGE_78-32_iDASv3-P11_UTC190428153338.sgy,0089_FORGE_78-32_iDASv3-P11_UTC190428153338\seg_000.png,0,0,1,0,,
utah_upper,FORGE_78-32_iDASv3-P11_UTC190428153338.sgy,0089_FORGE_78-32_iDASv3-P11_UTC190428153338\seg_001.png,1,1,2,0,,
utah_upper,FORGE_78-32_iDASv3-P11_UTC190428153338.sgy,0089_FORGE_78-32_iDASv3-P11_UTC190428153338\seg_002.png,2,2,3,0,,
utah_upper,FORGE_78-32_iDASv3-P11_UTC190428153338.sgy,0089_FORGE_78-32_iDASv3-P11_UTC190428153338\seg_003.png,3,3,4,0,,
utah_upper,FORGE_78-32_iDASv3-P11_UTC190428153338.sgy,0089_FORGE_78-32_iDASv3-P11_UTC190428153338\seg_004.png,4,4,5,0,,
utah_upper,FORGE_78-32_iDASv3-P11_UTC190428153338.sgy,0089_FORGE_78-32_iDASv3-P11_UTC190428153338\seg_005.png,5,5,6,0,,
utah_upper,FORGE_78-32_iDASv3-P11_UTC190428153338.sgy,0089_FORGE_78-32_iDASv3-P11_UTC190428153338\seg_006.png,6,6,7,0,,
utah_upper,FORGE_78-32_iDASv3-P11_UTC190428153338.sgy,0089_FORGE_78-32_iDASv3-P11_UTC190428153338\seg_007.png,7,7,8,0,,
utah_upper,FORGE_78-32_iDASv3-P11_UTC190428153338.sgy,0089_FORGE_78-32_iDASv3-P11_UTC190428153338\seg_008.png,8,8,9,0,,
utah_upper,FORGE_78-32_iDASv3-P11_UTC190428153338.sgy,0089_FORGE_78-32_iDASv3-P11_UTC190428153338\seg_009.png,9,9,10,0,,
utah_upper,FORGE_78-32_iDASv3-P11_UTC190428153338.sgy,0089_FORGE_78-32_iDASv3-P11_UTC190428153338\seg_010.png,10,10,11,0,,
utah_upper,FORGE_78-32_iDASv3-P11_UTC190428153338.sgy,0089_FORGE_78-32_iDASv3-P11_UTC190428153338\seg_011.png,11,11,12,0,,
utah_upper,FORGE_78-32_iDASv3-P11_UTC190428153338.sgy,0089_FORGE_78-32_iDASv3-P11_UTC190428153338\seg_012.png,12,12,13,0,,
utah_upper,FORGE_78-32_iDASv3-P11_UTC190428153338.sgy,0089_FORGE_78-32_iDASv3-P11_UTC190428153338\seg_013.png,13,13,14,0,,
utah_upper,FORGE_78-32_iDASv3-P11_UTC190428153338.sgy,0089_FORGE_78-32_iDASv3-P11_UTC190428153338\seg_014.png,14,14,15,0,,
utah_upper,FORGE_78-32_iDASv3-P11_UTC190428153338.sgy,0089_FORGE_78-32_iDASv3-P11_UTC190428153338\seg_015.png,15,15,16,0,,
utah_upper,FORGE_78-32_iDASv3-P11_UTC190428153338.sgy,0089_FORGE_78-32_iDASv3-P11_UTC190428153338\seg_016.png,16,16,17,0,,
utah_upper,FORGE_78-32_iDASv3-P11_UTC190428153338.sgy,0089_FORGE_78-32_iDASv3-P11_UTC190428153338\seg_017.png,17,17,18,0,,
utah_upper,FORGE_78-32_iDASv3-P11_UTC190428153338.sgy,0089_FORGE_78-32_iDASv3-P11_UTC190428153338\seg_018.png,18,18,19,0,,
utah_upper,FORGE_78-32_iDASv3-P11_UTC190428153338.sgy,0089_FORGE_78-32_iDASv3-P11_UTC190428153338\seg_019.png,19,19,20,0,,
utah_upper,FORGE_78-32_iDASv3-P11_UTC190428153338.sgy,0089_FORGE_78-32_iDASv3-P11_UTC190428153338\seg_020.png,20,20,21,0,,
utah_upper,FORGE_78-32_iDASv3-P11_UTC190428153338.sgy,0089_FORGE_78-32_iDASv3-P11_UTC190428153338\seg_021.png,21,21,22,0,,
utah_upper,FORGE_78-32_iDASv3-P11_UTC190428153338.sgy,0089_FORGE_78-32_iDASv3-P11_UTC190428153338\seg_022.png,22,22,23,0,,
utah_upper,FORGE_78-32_iDASv3-P11_UTC190428153338.sgy,0089_FORGE_78-32_iDASv3-P11_UTC190428153338\seg_023.png,23,23,24,0,,
utah_upper,FORGE_78-32_iDASv3-P11_UTC190428153338.sgy,0089_FORGE_78-32_iDASv3-P11_UTC190428153338\seg_024.png,24,24,25,0,,
utah_upper,FORGE_78-32_iDASv3-P11_UTC190428153338.sgy,0089_FORGE_78-32_iDASv3-P11_UTC190428153338\seg_025.png,25,25,26,0,,
utah_upper,FORGE_78-32_iDASv3-P11_UTC190428153338.sgy,0089_FORGE_78-32_iDASv3-P11_UTC190428153338\seg_026.png,26,26,27,0,,
utah_upper,FORGE_78-32_iDASv3-P11_UTC190428153338.sgy,0089_FORGE_78-32_iDASv3-P11_UTC190428153338\seg_027.png,27,27,28,0,,
utah_upper,FORGE_78-32_iDASv3-P11_UTC190428153338.sgy,0089_FORGE_78-32_iDASv3-P11_UTC190428153338\seg_028.png,28,28,29,0,,
utah_upper,FORGE_78-32_iDASv3-P11_UTC190428153338.sgy,0089_FORGE_78-32_iDASv3-P11_UTC190428153338\seg_029.png,29,29,30,0,,
utah_upper,FORGE_78-32_iDASv3-P11_UTC190428153653.sgy,0090_FORGE_78-32_iDASv3-P11_UTC190428153653\seg_000.png,0,0,1,0,,
utah_upper,FORGE_78-32_iDASv3-P11_UTC190428153653.sgy,0090_FORGE_78-32_iDASv3-P11_UTC190428153653\seg_001.png,1,1,2,0,,
utah_upper,FORGE_78-32_iDASv3-P11_UTC190428153653.sgy,0090_FORGE_78-32_iDASv3-P11_UTC190428153653\seg_002.png,2,2,3,0,,
utah_upper,FORGE_78-32_iDASv3-P11_UTC190428153653.sgy,0090_FORGE_78-32_iDASv3-P11_UTC190428153653\seg_003.png,3,3,4,0,,
utah_upper,FORGE_78-32_iDASv3-P11_UTC190428153653.sgy,0090_FORGE_78-32_iDASv3-P11_UTC190428153653\seg_004.png,4,4,5,0,,
utah_upper,FORGE_78-32_iDASv3-P11_UTC190428153653.sgy,0090_FORGE_78-32_iDASv3-P11_UTC190428153653\seg_005.png,5,5,6,0,,
utah_upper,FORGE_78-32_iDASv3-P11_UTC190428153653.sgy,0090_FORGE_78-32_iDASv3-P11_UTC190428153653\seg_006.png,6,6,7,0,,
utah_upper,FORGE_78-32_iDASv3-P11_UTC190428153653.sgy,0090_FORGE_78-32_iDASv3-P11_UTC190428153653\seg_007.png,7,7,8,0,,
utah_upper,FORGE_78-32_iDASv3-P11_UTC190428153653.sgy,0090_FORGE_78-32_iDASv3-P11_UTC190428153653\seg_008.png,8,8,9,0,,
utah_upper,FORGE_78-32_iDASv3-P11_UTC190428153653.sgy,0090_FORGE_78-32_iDASv3-P11_UTC190428153653\seg_009.png,9,9,10,0,,
utah_upper,FORGE_78-32_iDASv3-P11_UTC190428153653.sgy,0090_FORGE_78-32_iDASv3-P11_UTC190428153653\seg_010.png,10,10,11,0,,
utah_upper,FORGE_78-32_iDASv3-P11_UTC190428153653.sgy,0090_FORGE_78-32_iDASv3-P11_UTC190428153653\seg_011.png,11,11,12,0,,
utah_upper,FORGE_78-32_iDASv3-P11_UTC190428153653.sgy,0090_FORGE_78-32_iDASv3-P11_UTC190428153653\seg_012.png,12,12,13,0,,
utah_upper,FORGE_78-32_iDASv3-P11_UTC190428153653.sgy,0090_FORGE_78-32_iDASv3-P11_UTC190428153653\seg_013.png,13,13,14,0,,
utah_upper,FORGE_78-32_iDASv3-P11_UTC190428153653.sgy,0090_FORGE_78-32_iDASv3-P11_UTC190428153653\seg_014.png,14,14,15,0,,
utah_upper,FORGE_78-32_iDASv3-P11_UTC190428153653.sgy,0090_FORGE_78-32_iDASv3-P11_UTC190428153653\seg_015.png,15,15,16,0,,
utah_upper,FORGE_78-32_iDASv3-P11_UTC190428153653.sgy,0090_FORGE_78-32_iDASv3-P11_UTC190428153653\seg_016.png,16,16,17,0,,
utah_upper,FORGE_78-32_iDASv3-P11_UTC190428153653.sgy,0090_FORGE_78-32_iDASv3-P11_UTC190428153653\seg_017.png,17,17,18,0,,
utah_upper,FORGE_78-32_iDASv3-P11_UTC190428153653.sgy,0090_FORGE_78-32_iDASv3-P11_UTC190428153653\seg_018.png,18,18,19,0,,
utah_upper,FORGE_78-32_iDASv3-P11_UTC190428153653.sgy,0090_FORGE_78-32_iDASv3-P11_UTC190428153653\seg_019.png,19,19,20,0,,
utah_upper,FORGE_78-32_iDASv3-P11_UTC190428153653.sgy,0090_FORGE_78-32_iDASv3-P11_UTC190428153653\seg_020.png,20,20,21,0,,
utah_upper,FORGE_78-32_iDASv3-P11_UTC190428153653.sgy,0090_FORGE_78-32_iDASv3-P11_UTC190428153653\seg_021.png,21,21,22,0,,
utah_upper,FORGE_78-32_iDASv3-P11_UTC190428153653.sgy,0090_FORGE_78-32_iDASv3-P11_UTC190428153653\seg_022.png,22,22,23,0,,
utah_upper,FORGE_78-32_iDASv3-P11_UTC190428153653.sgy,0090_FORGE_78-32_iDASv3-P11_UTC190428153653\seg_023.png,23,23,24,0,,
utah_upper,FORGE_78-32_iDASv3-P11_UTC190428153653.sgy,0090_FORGE_78-32_iDASv3-P11_UTC190428153653\seg_024.png,24,24,25,0,,
utah_upper,FORGE_78-32_iDASv3-P11_UTC190428153653.sgy,0090_FORGE_78-32_iDASv3-P11_UTC190428153653\seg_025.png,25,25,26,0,,
utah_upper,FORGE_78-32_iDASv3-P11_UTC190428153653.sgy,0090_FORGE_78-32_iDASv3-P11_UTC190428153653\seg_026.png,26,26,27,0,,
utah_upper,FORGE_78-32_iDASv3-P11_UTC190428153653.sgy,0090_FORGE_78-32_iDASv3-P11_UTC190428153653\seg_027.png,27,27,28,0,,
utah_upper,FORGE_78-32_iDASv3-P11_UTC190428153653.sgy,0090_FORGE_78-32_iDASv3-P11_UTC190428153653\seg_028.png,28,28,29,0,,
utah_upper,FORGE_78-32_iDASv3-P11_UTC190428153653.sgy,0090_FORGE_78-32_iDASv3-P11_UTC190428153653\seg_029.png,29,29,30,0,,
utah_upper,FORGE_78-32_iDASv3-P11_UTC190428153753.sgy,0091_FORGE_78-32_iDASv3-P11_UTC190428153753\seg_000.png,0,0,1,0,,
utah_upper,FORGE_78-32_iDASv3-P11_UTC190428153753.sgy,0091_FORGE_78-32_iDASv3-P11_UTC190428153753\seg_001.png,1,1,2,0,,
utah_upper,FORGE_78-32_iDASv3-P11_UTC190428153753.sgy,0091_FORGE_78-32_iDASv3-P11_UTC190428153753\seg_002.png,2,2,3,0,,
utah_upper,FORGE_78-32_iDASv3-P11_UTC190428153753.sgy,0091_FORGE_78-32_iDASv3-P11_UTC190428153753\seg_003.png,3,3,4,0,,
utah_upper,FORGE_78-32_iDASv3-P11_UTC190428153753.sgy,0091_FORGE_78-32_iDASv3-P11_UTC190428153753\seg_004.png,4,4,5,0,,
utah_upper,FORGE_78-32_iDASv3-P11_UTC190428153753.sgy,0091_FORGE_78-32_iDASv3-P11_UTC190428153753\seg_005.png,5,5,6,0,,
utah_upper,FORGE_78-32_iDASv3-P11_UTC190428153753.sgy,0091_FORGE_78-32_iDASv3-P11_UTC190428153753\seg_006.png,6,6,7,0,,
utah_upper,FORGE_78-32_iDASv3-P11_UTC190428153753.sgy,0091_FORGE_78-32_iDASv3-P11_UTC190428153753\seg_007.png,7,7,8,0,,
utah_upper,FORGE_78-32_iDASv3-P11_UTC190428153753.sgy,0091_FORGE_78-32_iDASv3-P11_UTC190428153753\seg_008.png,8,8,9,0,,
utah_upper,FORGE_78-32_iDASv3-P11_UTC190428153753.sgy,0091_FORGE_78-32_iDASv3-P11_UTC190428153753\seg_009.png,9,9,10,0,,
utah_upper,FORGE_78-32_iDASv3-P11_UTC190428153753.sgy,0091_FORGE_78-32_iDASv3-P11_UTC190428153753\seg_010.png,10,10,11,0,,
utah_upper,FORGE_78-32_iDASv3-P11_UTC190428153753.sgy,0091_FORGE_78-32_iDASv3-P11_UTC190428153753\seg_011.png,11,11,12,0,,
utah_upper,FORGE_78-32_iDASv3-P11_UTC190428153753.sgy,0091_FORGE_78-32_iDASv3-P11_UTC190428153753\seg_012.png,12,12,13,0,,
utah_upper,FORGE_78-32_iDASv3-P11_UTC190428153753.sgy,0091_FORGE_78-32_iDASv3-P11_UTC190428153753\seg_013.png,13,13,14,0,,
utah_upper,FORGE_78-32_iDASv3-P11_UTC190428153753.sgy,0091_FORGE_78-32_iDASv3-P11_UTC190428153753\seg_014.png,14,14,15,0,,
utah_upper,FORGE_78-32_iDASv3-P11_UTC190428153753.sgy,0091_FORGE_78-32_iDASv3-P11_UTC190428153753\seg_015.png,15,15,16,0,,
utah_upper,FORGE_78-32_iDASv3-P11_UTC190428153753.sgy,0091_FORGE_78-32_iDASv3-P11_UTC190428153753\seg_016.png,16,16,17,0,,
utah_upper,FORGE_78-32_iDASv3-P11_UTC190428153753.sgy,0091_FORGE_78-32_iDASv3-P11_UTC190428153753\seg_017.png,17,17,18,0,,
utah_upper,FORGE_78-32_iDASv3-P11_UTC190428153753.sgy,0091_FORGE_78-32_iDASv3-P11_UTC190428153753\seg_018.png,18,18,19,0,,
utah_upper,FORGE_78-32_iDASv3-P11_UTC190428153753.sgy,0091_FORGE_78-32_iDASv3-P11_UTC190428153753\seg_019.png,19,19,20,0,,
utah_upper,FORGE_78-32_iDASv3-P11_UTC190428153753.sgy,0091_FORGE_78-32_iDASv3-P11_UTC190428153753\seg_020.png,20,20,21,0,,
utah_upper,FORGE_78-32_iDASv3-P11_UTC190428153753.sgy,0091_FORGE_78-32_iDASv3-P11_UTC190428153753\seg_021.png,21,21,22,0,,
utah_upper,FORGE_78-32_iDASv3-P11_UTC190428153753.sgy,0091_FORGE_78-32_iDASv3-P11_UTC190428153753\seg_022.png,22,22,23,0,,
utah_upper,FORGE_78-32_iDASv3-P11_UTC190428153753.sgy,0091_FORGE_78-32_iDASv3-P11_UTC190428153753\seg_023.png,23,23,24,0,,
utah_upper,FORGE_78-32_iDASv3-P11_UTC190428153753.sgy,0091_FORGE_78-32_iDASv3-P11_UTC190428153753\seg_024.png,24,24,25,0,,
utah_upper,FORGE_78-32_iDASv3-P11_UTC190428153753.sgy,0091_FORGE_78-32_iDASv3-P11_UTC190428153753\seg_025.png,25,25,26,0,,
utah_upper,FORGE_78-32_iDASv3-P11_UTC190428153753.sgy,0091_FORGE_78-32_iDASv3-P11_UTC190428153753\seg_026.png,26,26,27,0,,
utah_upper,FORGE_78-32_iDASv3-P11_UTC190428153753.sgy,0091_FORGE_78-32_iDASv3-P11_UTC190428153753\seg_027.png,27,27,28,0,,
utah_upper,FORGE_78-32_iDASv3-P11_UTC190428153753.sgy,0091_FORGE_78-32_iDASv3-P11_UTC190428153753\seg_028.png,28,28,29,0,,
utah_upper,FORGE_78-32_iDASv3-P11_UTC190428153753.sgy,0091_FORGE_78-32_iDASv3-P11_UTC190428153753\seg_029.png,29,29,30,0,,
utah_upper,FORGE_78-32_iDASv3-P11_UTC190428153908.sgy,0092_FORGE_78-32_iDASv3-P11_UTC190428153908\seg_000.png,0,0,1,0,,
utah_upper,FORGE_78-32_iDASv3-P11_UTC190428153908.sgy,0092_FORGE_78-32_iDASv3-P11_UTC190428153908\seg_001.png,1,1,2,0,,
utah_upper,FORGE_78-32_iDASv3-P11_UTC190428153908.sgy,0092_FORGE_78-32_iDASv3-P11_UTC190428153908\seg_002.png,2,2,3,0,,
utah_upper,FORGE_78-32_iDASv3-P11_UTC190428153908.sgy,0092_FORGE_78-32_iDASv3-P11_UTC190428153908\seg_003.png,3,3,4,0,,
utah_upper,FORGE_78-32_iDASv3-P11_UTC190428153908.sgy,0092_FORGE_78-32_iDASv3-P11_UTC190428153908\seg_004.png,4,4,5,0,,
utah_upper,FORGE_78-32_iDASv3-P11_UTC190428153908.sgy,0092_FORGE_78-32_iDASv3-P11_UTC190428153908\seg_005.png,5,5,6,0,,
utah_upper,FORGE_78-32_iDASv3-P11_UTC190428153908.sgy,0092_FORGE_78-32_iDASv3-P11_UTC190428153908\seg_006.png,6,6,7,0,,
utah_upper,FORGE_78-32_iDASv3-P11_UTC190428153908.sgy,0092_FORGE_78-32_iDASv3-P11_UTC190428153908\seg_007.png,7,7,8,0,,
utah_upper,FORGE_78-32_iDASv3-P11_UTC190428153908.sgy,0092_FORGE_78-32_iDASv3-P11_UTC190428153908\seg_008.png,8,8,9,0,,
utah_upper,FORGE_78-32_iDASv3-P11_UTC190428153908.sgy,0092_FORGE_78-32_iDASv3-P11_UTC190428153908\seg_009.png,9,9,10,0,,
utah_upper,FORGE_78-32_iDASv3-P11_UTC190428153908.sgy,0092_FORGE_78-32_iDASv3-P11_UTC190428153908\seg_010.png,10,10,11,0,,
utah_upper,FORGE_78-32_iDASv3-P11_UTC190428153908.sgy,0092_FORGE_78-32_iDASv3-P11_UTC190428153908\seg_011.png,11,11,12,0,,
utah_upper,FORGE_78-32_iDASv3-P11_UTC190428153908.sgy,0092_FORGE_78-32_iDASv3-P11_UTC190428153908\seg_012.png,12,12,13,0,,
utah_upper,FORGE_78-32_iDASv3-P11_UTC190428153908.sgy,0092_FORGE_78-32_iDASv3-P11_UTC190428153908\seg_013.png,13,13,14,0,,
utah_upper,FORGE_78-32_iDASv3-P11_UTC190428153908.sgy,0092_FORGE_78-32_iDASv3-P11_UTC190428153908\seg_014.png,14,14,15,0,,
utah_upper,FORGE_78-32_iDASv3-P11_UTC190428153908.sgy,0092_FORGE_78-32_iDASv3-P11_UTC190428153908\seg_015.png,15,15,16,0,,
utah_upper,FORGE_78-32_iDASv3-P11_UTC190428153908.sgy,0092_FORGE_78-32_iDASv3-P11_UTC190428153908\seg_016.png,16,16,17,0,,
utah_upper,FORGE_78-32_iDASv3-P11_UTC190428153908.sgy,0092_FORGE_78-32_iDASv3-P11_UTC190428153908\seg_017.png,17,17,18,0,,
utah_upper,FORGE_78-32_iDASv3-P11_UTC190428153908.sgy,0092_FORGE_78-32_iDASv3-P11_UTC190428153908\seg_018.png,18,18,19,0,,
utah_upper,FORGE_78-32_iDASv3-P11_UTC190428153908.sgy,0092_FORGE_78-32_iDASv3-P11_UTC190428153908\seg_019.png,19,19,20,0,,
utah_upper,FORGE_78-32_iDASv3-P11_UTC190428153908.sgy,0092_FORGE_78-32_iDASv3-P11_UTC190428153908\seg_020.png,20,20,21,0,,
utah_upper,FORGE_78-32_iDASv3-P11_UTC190428153908.sgy,0092_FORGE_78-32_iDASv3-P11_UTC190428153908\seg_021.png,21,21,22,0,,
utah_upper,FORGE_78-32_iDASv3-P11_UTC190428153908.sgy,0092_FORGE_78-32_iDASv3-P11_UTC190428153908\seg_022.png,22,22,23,0,,
utah_upper,FORGE_78-32_iDASv3-P11_UTC190428153908.sgy,0092_FORGE_78-32_iDASv3-P11_UTC190428153908\seg_023.png,23,23,24,0,,
utah_upper,FORGE_78-32_iDASv3-P11_UTC190428153908.sgy,0092_FORGE_78-32_iDASv3-P11_UTC190428153908\seg_024.png,24,24,25,0,,
utah_upper,FORGE_78-32_iDASv3-P11_UTC190428153908.sgy,0092_FORGE_78-32_iDASv3-P11_UTC190428153908\seg_025.png,25,25,26,0,,
utah_upper,FORGE_78-32_iDASv3-P11_UTC190428153908.sgy,0092_FORGE_78-32_iDASv3-P11_UTC190428153908\seg_026.png,26,26,27,0,,
utah_upper,FORGE_78-32_iDASv3-P11_UTC190428153908.sgy,0092_FORGE_78-32_iDASv3-P11_UTC190428153908\seg_027.png,27,27,28,0,,
utah_upper,FORGE_78-32_iDASv3-P11_UTC190428153908.sgy,0092_FORGE_78-32_iDASv3-P11_UTC190428153908\seg_028.png,28,28,29,0,,
utah_upper,FORGE_78-32_iDASv3-P11_UTC190428153908.sgy,0092_FORGE_78-32_iDASv3-P11_UTC190428153908\seg_029.png,29,29,30,0,,
utah_upper,FORGE_78-32_iDASv3-P11_UTC190428154038.sgy,0093_FORGE_78-32_iDASv3-P11_UTC190428154038\seg_000.png,0,0,1,0,,
utah_upper,FORGE_78-32_iDASv3-P11_UTC190428154038.sgy,0093_FORGE_78-32_iDASv3-P11_UTC190428154038\seg_001.png,1,1,2,0,,
utah_upper,FORGE_78-32_iDASv3-P11_UTC190428154038.sgy,0093_FORGE_78-32_iDASv3-P11_UTC190428154038\seg_002.png,2,2,3,0,,
utah_upper,FORGE_78-32_iDASv3-P11_UTC190428154038.sgy,0093_FORGE_78-32_iDASv3-P11_UTC190428154038\seg_003.png,3,3,4,0,,
utah_upper,FORGE_78-32_iDASv3-P11_UTC190428154038.sgy,0093_FORGE_78-32_iDASv3-P11_UTC190428154038\seg_004.png,4,4,5,0,,
utah_upper,FORGE_78-32_iDASv3-P11_UTC190428154038.sgy,0093_FORGE_78-32_iDASv3-P11_UTC190428154038\seg_005.png,5,5,6,0,,
utah_upper,FORGE_78-32_iDASv3-P11_UTC190428154038.sgy,0093_FORGE_78-32_iDASv3-P11_UTC190428154038\seg_006.png,6,6,7,0,,
utah_upper,FORGE_78-32_iDASv3-P11_UTC190428154038.sgy,0093_FORGE_78-32_iDASv3-P11_UTC190428154038\seg_007.png,7,7,8,0,,
utah_upper,FORGE_78-32_iDASv3-P11_UTC190428154038.sgy,0093_FORGE_78-32_iDASv3-P11_UTC190428154038\seg_008.png,8,8,9,0,,
utah_upper,FORGE_78-32_iDASv3-P11_UTC190428154038.sgy,0093_FORGE_78-32_iDASv3-P11_UTC190428154038\seg_009.png,9,9,10,0,,
utah_upper,FORGE_78-32_iDASv3-P11_UTC190428154038.sgy,0093_FORGE_78-32_iDASv3-P11_UTC190428154038\seg_010.png,10,10,11,0,,
utah_upper,FORGE_78-32_iDASv3-P11_UTC190428154038.sgy,0093_FORGE_78-32_iDASv3-P11_UTC190428154038\seg_011.png,11,11,12,0,,
utah_upper,FORGE_78-32_iDASv3-P11_UTC190428154038.sgy,0093_FORGE_78-32_iDASv3-P11_UTC190428154038\seg_012.png,12,12,13,0,,
utah_upper,FORGE_78-32_iDASv3-P11_UTC190428154038.sgy,0093_FORGE_78-32_iDASv3-P11_UTC190428154038\seg_013.png,13,13,14,0,,
utah_upper,FORGE_78-32_iDASv3-P11_UTC190428154038.sgy,0093_FORGE_78-32_iDASv3-P11_UTC190428154038\seg_014.png,14,14,15,0,,
utah_upper,FORGE_78-32_iDASv3-P11_UTC190428154038.sgy,0093_FORGE_78-32_iDASv3-P11_UTC190428154038\seg_015.png,15,15,16,0,,
utah_upper,FORGE_78-32_iDASv3-P11_UTC190428154038.sgy,0093_FORGE_78-32_iDASv3-P11_UTC190428154038\seg_016.png,16,16,17,0,,
utah_upper,FORGE_78-32_iDASv3-P11_UTC190428154038.sgy,0093_FORGE_78-32_iDASv3-P11_UTC190428154038\seg_017.png,17,17,18,0,,
utah_upper,FORGE_78-32_iDASv3-P11_UTC190428154038.sgy,0093_FORGE_78-32_iDASv3-P11_UTC190428154038\seg_018.png,18,18,19,0,,
utah_upper,FORGE_78-32_iDASv3-P11_UTC190428154038.sgy,0093_FORGE_78-32_iDASv3-P11_UTC190428154038\seg_019.png,19,19,20,0,,
utah_upper,FORGE_78-32_iDASv3-P11_UTC190428154038.sgy,0093_FORGE_78-32_iDASv3-P11_UTC190428154038\seg_020.png,20,20,21,0,,
utah_upper,FORGE_78-32_iDASv3-P11_UTC190428154038.sgy,0093_FORGE_78-32_iDASv3-P11_UTC190428154038\seg_021.png,21,21,22,0,,
utah_upper,FORGE_78-32_iDASv3-P11_UTC190428154038.sgy,0093_FORGE_78-32_iDASv3-P11_UTC190428154038\seg_022.png,22,22,23,0,,
utah_upper,FORGE_78-32_iDASv3-P11_UTC190428154038.sgy,0093_FORGE_78-32_iDASv3-P11_UTC190428154038\seg_023.png,23,23,24,0,,
utah_upper,FORGE_78-32_iDASv3-P11_UTC190428154038.sgy,0093_FORGE_78-32_iDASv3-P11_UTC190428154038\seg_024.png,24,24,25,0,,
utah_upper,FORGE_78-32_iDASv3-P11_UTC190428154038.sgy,0093_FORGE_78-32_iDASv3-P11_UTC190428154038\seg_025.png,25,25,26,0,,
utah_upper,FORGE_78-32_iDASv3-P11_UTC190428154038.sgy,0093_FORGE_78-32_iDASv3-P11_UTC190428154038\seg_026.png,26,26,27,0,,
utah_upper,FORGE_78-32_iDASv3-P11_UTC190428154038.sgy,0093_FORGE_78-32_iDASv3-P11_UTC190428154038\seg_027.png,27,27,28,0,,
utah_upper,FORGE_78-32_iDASv3-P11_UTC190428154038.sgy,0093_FORGE_78-32_iDASv3-P11_UTC190428154038\seg_028.png,28,28,29,0,,
utah_upper,FORGE_78-32_iDASv3-P11_UTC190428154038.sgy,0093_FORGE_78-32_iDASv3-P11_UTC190428154038\seg_029.png,29,29,30,0,,
utah_upper,FORGE_78-32_iDASv3-P11_UTC190428154223.sgy,0094_FORGE_78-32_iDASv3-P11_UTC190428154223\seg_000.png,0,0,1,0,,
utah_upper,FORGE_78-32_iDASv3-P11_UTC190428154223.sgy,0094_FORGE_78-32_iDASv3-P11_UTC190428154223\seg_001.png,1,1,2,0,,
utah_upper,FORGE_78-32_iDASv3-P11_UTC190428154223.sgy,0094_FORGE_78-32_iDASv3-P11_UTC190428154223\seg_002.png,2,2,3,0,,
utah_upper,FORGE_78-32_iDASv3-P11_UTC190428154223.sgy,0094_FORGE_78-32_iDASv3-P11_UTC190428154223\seg_003.png,3,3,4,0,,
utah_upper,FORGE_78-32_iDASv3-P11_UTC190428154223.sgy,0094_FORGE_78-32_iDASv3-P11_UTC190428154223\seg_004.png,4,4,5,0,,
utah_upper,FORGE_78-32_iDASv3-P11_UTC190428154223.sgy,0094_FORGE_78-32_iDASv3-P11_UTC190428154223\seg_005.png,5,5,6,0,,
utah_upper,FORGE_78-32_iDASv3-P11_UTC190428154223.sgy,0094_FORGE_78-32_iDASv3-P11_UTC190428154223\seg_006.png,6,6,7,0,,
utah_upper,FORGE_78-32_iDASv3-P11_UTC190428154223.sgy,0094_FORGE_78-32_iDASv3-P11_UTC190428154223\seg_007.png,7,7,8,0,,
utah_upper,FORGE_78-32_iDASv3-P11_UTC190428154223.sgy,0094_FORGE_78-32_iDASv3-P11_UTC190428154223\seg_008.png,8,8,9,0,,
utah_upper,FORGE_78-32_iDASv3-P11_UTC190428154223.sgy,0094_FORGE_78-32_iDASv3-P11_UTC190428154223\seg_009.png,9,9,10,0,,
utah_upper,FORGE_78-32_iDASv3-P11_UTC190428154223.sgy,0094_FORGE_78-32_iDASv3-P11_UTC190428154223\seg_010.png,10,10,11,0,,
utah_upper,FORGE_78-32_iDASv3-P11_UTC190428154223.sgy,0094_FORGE_78-32_iDASv3-P11_UTC190428154223\seg_011.png,11,11,12,0,,
utah_upper,FORGE_78-32_iDASv3-P11_UTC190428154223.sgy,0094_FORGE_78-32_iDASv3-P11_UTC190428154223\seg_012.png,12,12,13,0,,
utah_upper,FORGE_78-32_iDASv3-P11_UTC190428154223.sgy,0094_FORGE_78-32_iDASv3-P11_UTC190428154223\seg_013.png,13,13,14,0,,
utah_upper,FORGE_78-32_iDASv3-P11_UTC190428154223.sgy,0094_FORGE_78-32_iDASv3-P11_UTC190428154223\seg_014.png,14,14,15,0,,
utah_upper,FORGE_78-32_iDASv3-P11_UTC190428154223.sgy,0094_FORGE_78-32_iDASv3-P11_UTC190428154223\seg_015.png,15,15,16,0,,
utah_upper,FORGE_78-32_iDASv3-P11_UTC190428154223.sgy,0094_FORGE_78-32_iDASv3-P11_UTC190428154223\seg_016.png,16,16,17,0,,
utah_upper,FORGE_78-32_iDASv3-P11_UTC190428154223.sgy,0094_FORGE_78-32_iDASv3-P11_UTC190428154223\seg_017.png,17,17,18,0,,
utah_upper,FORGE_78-32_iDASv3-P11_UTC190428154223.sgy,0094_FORGE_78-32_iDASv3-P11_UTC190428154223\seg_018.png,18,18,19,0,,
utah_upper,FORGE_78-32_iDASv3-P11_UTC190428154223.sgy,0094_FORGE_78-32_iDASv3-P11_UTC190428154223\seg_019.png,19,19,20,0,,
utah_upper,FORGE_78-32_iDASv3-P11_UTC190428154223.sgy,0094_FORGE_78-32_iDASv3-P11_UTC190428154223\seg_020.png,20,20,21,0,,
utah_upper,FORGE_78-32_iDASv3-P11_UTC190428154223.sgy,0094_FORGE_78-32_iDASv3-P11_UTC190428154223\seg_021.png,21,21,22,0,,
utah_upper,FORGE_78-32_iDASv3-P11_UTC190428154223.sgy,0094_FORGE_78-32_iDASv3-P11_UTC190428154223\seg_022.png,22,22,23,0,,
utah_upper,FORGE_78-32_iDASv3-P11_UTC190428154223.sgy,0094_FORGE_78-32_iDASv3-P11_UTC190428154223\seg_023.png,23,23,24,0,,
utah_upper,FORGE_78-32_iDASv3-P11_UTC190428154223.sgy,0094_FORGE_78-32_iDASv3-P11_UTC190428154223\seg_024.png,24,24,25,0,,
utah_upper,FORGE_78-32_iDASv3-P11_UTC190428154223.sgy,0094_FORGE_78-32_iDASv3-P11_UTC190428154223\seg_025.png,25,25,26,0,,
utah_upper,FORGE_78-32_iDASv3-P11_UTC190428154223.sgy,0094_FORGE_78-32_iDASv3-P11_UTC190428154223\seg_026.png,26,26,27,0,,
utah_upper,FORGE_78-32_iDASv3-P11_UTC190428154223.sgy,0094_FORGE_78-32_iDASv3-P11_UTC190428154223\seg_027.png,27,27,28,0,,
utah_upper,FORGE_78-32_iDASv3-P11_UTC190428154223.sgy,0094_FORGE_78-32_iDASv3-P11_UTC190428154223\seg_028.png,28,28,29,0,,
utah_upper,FORGE_78-32_iDASv3-P11_UTC190428154223.sgy,0094_FORGE_78-32_iDASv3-P11_UTC190428154223\seg_029.png,29,29,30,0,,
utah_upper,FORGE_78-32_iDASv3-P11_UTC190428154253.sgy,0095_FORGE_78-32_iDASv3-P11_UTC190428154253\seg_000.png,0,0,1,0,,
utah_upper,FORGE_78-32_iDASv3-P11_UTC190428154253.sgy,0095_FORGE_78-32_iDASv3-P11_UTC190428154253\seg_001.png,1,1,2,0,,
utah_upper,FORGE_78-32_iDASv3-P11_UTC190428154253.sgy,0095_FORGE_78-32_iDASv3-P11_UTC190428154253\seg_002.png,2,2,3,0,,
utah_upper,FORGE_78-32_iDASv3-P11_UTC190428154253.sgy,0095_FORGE_78-32_iDASv3-P11_UTC190428154253\seg_003.png,3,3,4,0,,
utah_upper,FORGE_78-32_iDASv3-P11_UTC190428154253.sgy,0095_FORGE_78-32_iDASv3-P11_UTC190428154253\seg_004.png,4,4,5,0,,
utah_upper,FORGE_78-32_iDASv3-P11_UTC190428154253.sgy,0095_FORGE_78-32_iDASv3-P11_UTC190428154253\seg_005.png,5,5,6,0,,
utah_upper,FORGE_78-32_iDASv3-P11_UTC190428154253.sgy,0095_FORGE_78-32_iDASv3-P11_UTC190428154253\seg_006.png,6,6,7,0,,
utah_upper,FORGE_78-32_iDASv3-P11_UTC190428154253.sgy,0095_FORGE_78-32_iDASv3-P11_UTC190428154253\seg_007.png,7,7,8,0,,
utah_upper,FORGE_78-32_iDASv3-P11_UTC190428154253.sgy,0095_FORGE_78-32_iDASv3-P11_UTC190428154253\seg_008.png,8,8,9,0,,
utah_upper,FORGE_78-32_iDASv3-P11_UTC190428154253.sgy,0095_FORGE_78-32_iDASv3-P11_UTC190428154253\seg_009.png,9,9,10,0,,
utah_upper,FORGE_78-32_iDASv3-P11_UTC190428154253.sgy,0095_FORGE_78-32_iDASv3-P11_UTC190428154253\seg_010.png,10,10,11,0,,
utah_upper,FORGE_78-32_iDASv3-P11_UTC190428154253.sgy,0095_FORGE_78-32_iDASv3-P11_UTC190428154253\seg_011.png,11,11,12,0,,
utah_upper,FORGE_78-32_iDASv3-P11_UTC190428154253.sgy,0095_FORGE_78-32_iDASv3-P11_UTC190428154253\seg_012.png,12,12,13,0,,
utah_upper,FORGE_78-32_iDASv3-P11_UTC190428154253.sgy,0095_FORGE_78-32_iDASv3-P11_UTC190428154253\seg_013.png,13,13,14,1,,
utah_upper,FORGE_78-32_iDASv3-P11_UTC190428154253.sgy,0095_FORGE_78-32_iDASv3-P11_UTC190428154253\seg_014.png,14,14,15,1,,
utah_upper,FORGE_78-32_iDASv3-P11_UTC190428154253.sgy,0095_FORGE_78-32_iDASv3-P11_UTC190428154253\seg_015.png,15,15,16,1,,
utah_upper,FORGE_78-32_iDASv3-P11_UTC190428154253.sgy,0095_FORGE_78-32_iDASv3-P11_UTC190428154253\seg_016.png,16,16,17,1,,
utah_upper,FORGE_78-32_iDASv3-P11_UTC190428154253.sgy,0095_FORGE_78-32_iDASv3-P11_UTC190428154253\seg_017.png,17,17,18,0,,
utah_upper,FORGE_78-32_iDASv3-P11_UTC190428154253.sgy,0095_FORGE_78-32_iDASv3-P11_UTC190428154253\seg_018.png,18,18,19,0,,
utah_upper,FORGE_78-32_iDASv3-P11_UTC190428154253.sgy,0095_FORGE_78-32_iDASv3-P11_UTC190428154253\seg_019.png,19,19,20,0,,
utah_upper,FORGE_78-32_iDASv3-P11_UTC190428154253.sgy,0095_FORGE_78-32_iDASv3-P11_UTC190428154253\seg_020.png,20,20,21,0,,
utah_upper,FORGE_78-32_iDASv3-P11_UTC190428154253.sgy,0095_FORGE_78-32_iDASv3-P11_UTC190428154253\seg_021.png,21,21,22,0,,
utah_upper,FORGE_78-32_iDASv3-P11_UTC190428154253.sgy,0095_FORGE_78-32_iDASv3-P11_UTC190428154253\seg_022.png,22,22,23,0,,
utah_upper,FORGE_78-32_iDASv3-P11_UTC190428154253.sgy,0095_FORGE_78-32_iDASv3-P11_UTC190428154253\seg_023.png,23,23,24,0,,
utah_upper,FORGE_78-32_iDASv3-P11_UTC190428154253.sgy,0095_FORGE_78-32_iDASv3-P11_UTC190428154253\seg_024.png,24,24,25,0,,
utah_upper,FORGE_78-32_iDASv3-P11_UTC190428154253.sgy,0095_FORGE_78-32_iDASv3-P11_UTC190428154253\seg_025.png,25,25,26,0,,
utah_upper,FORGE_78-32_iDASv3-P11_UTC190428154253.sgy,0095_FORGE_78-32_iDASv3-P11_UTC190428154253\seg_026.png,26,26,27,0,,
utah_upper,FORGE_78-32_iDASv3-P11_UTC190428154253.sgy,0095_FORGE_78-32_iDASv3-P11_UTC190428154253\seg_027.png,27,27,28,0,,
utah_upper,FORGE_78-32_iDASv3-P11_UTC190428154253.sgy,0095_FORGE_78-32_iDASv3-P11_UTC190428154253\seg_028.png,28,28,29,0,,
utah_upper,FORGE_78-32_iDASv3-P11_UTC190428154253.sgy,0095_FORGE_78-32_iDASv3-P11_UTC190428154253\seg_029.png,29,29,30,0,,
utah_upper,FORGE_78-32_iDASv3-P11_UTC190428154338.sgy,0096_FORGE_78-32_iDASv3-P11_UTC190428154338\seg_000.png,0,0,1,0,,
utah_upper,FORGE_78-32_iDASv3-P11_UTC190428154338.sgy,0096_FORGE_78-32_iDASv3-P11_UTC190428154338\seg_001.png,1,1,2,0,,
utah_upper,FORGE_78-32_iDASv3-P11_UTC190428154338.sgy,0096_FORGE_78-32_iDASv3-P11_UTC190428154338\seg_002.png,2,2,3,0,,
utah_upper,FORGE_78-32_iDASv3-P11_UTC190428154338.sgy,0096_FORGE_78-32_iDASv3-P11_UTC190428154338\seg_003.png,3,3,4,0,,
utah_upper,FORGE_78-32_iDASv3-P11_UTC190428154338.sgy,0096_FORGE_78-32_iDASv3-P11_UTC190428154338\seg_004.png,4,4,5,0,,
utah_upper,FORGE_78-32_iDASv3-P11_UTC190428154338.sgy,0096_FORGE_78-32_iDASv3-P11_UTC190428154338\seg_005.png,5,5,6,0,,
utah_upper,FORGE_78-32_iDASv3-P11_UTC190428154338.sgy,0096_FORGE_78-32_iDASv3-P11_UTC190428154338\seg_006.png,6,6,7,0,,
utah_upper,FORGE_78-32_iDASv3-P11_UTC190428154338.sgy,0096_FORGE_78-32_iDASv3-P11_UTC190428154338\seg_007.png,7,7,8,0,,
utah_upper,FORGE_78-32_iDASv3-P11_UTC190428154338.sgy,0096_FORGE_78-32_iDASv3-P11_UTC190428154338\seg_008.png,8,8,9,0,,
utah_upper,FORGE_78-32_iDASv3-P11_UTC190428154338.sgy,0096_FORGE_78-32_iDASv3-P11_UTC190428154338\seg_009.png,9,9,10,0,,
utah_upper,FORGE_78-32_iDASv3-P11_UTC190428154338.sgy,0096_FORGE_78-32_iDASv3-P11_UTC190428154338\seg_010.png,10,10,11,0,,
utah_upper,FORGE_78-32_iDASv3-P11_UTC190428154338.sgy,0096_FORGE_78-32_iDASv3-P11_UTC190428154338\seg_011.png,11,11,12,0,,
utah_upper,FORGE_78-32_iDASv3-P11_UTC190428154338.sgy,0096_FORGE_78-32_iDASv3-P11_UTC190428154338\seg_012.png,12,12,13,0,,
utah_upper,FORGE_78-32_iDASv3-P11_UTC190428154338.sgy,0096_FORGE_78-32_iDASv3-P11_UTC190428154338\seg_013.png,13,13,14,0,,
utah_upper,FORGE_78-32_iDASv3-P11_UTC190428154338.sgy,0096_FORGE_78-32_iDASv3-P11_UTC190428154338\seg_014.png,14,14,15,0,,
utah_upper,FORGE_78-32_iDASv3-P11_UTC190428154338.sgy,0096_FORGE_78-32_iDASv3-P11_UTC190428154338\seg_015.png,15,15,16,0,,
utah_upper,FORGE_78-32_iDASv3-P11_UTC190428154338.sgy,0096_FORGE_78-32_iDASv3-P11_UTC190428154338\seg_016.png,16,16,17,0,,
utah_upper,FORGE_78-32_iDASv3-P11_UTC190428154338.sgy,0096_FORGE_78-32_iDASv3-P11_UTC190428154338\seg_017.png,17,17,18,0,,
utah_upper,FORGE_78-32_iDASv3-P11_UTC190428154338.sgy,0096_FORGE_78-32_iDASv3-P11_UTC190428154338\seg_018.png,18,18,19,0,,
utah_upper,FORGE_78-32_iDASv3-P11_UTC190428154338.sgy,0096_FORGE_78-32_iDASv3-P11_UTC190428154338\seg_019.png,19,19,20,0,,
utah_upper,FORGE_78-32_iDASv3-P11_UTC190428154338.sgy,0096_FORGE_78-32_iDASv3-P11_UTC190428154338\seg_020.png,20,20,21,0,,
utah_upper,FORGE_78-32_iDASv3-P11_UTC190428154338.sgy,0096_FORGE_78-32_iDASv3-P11_UTC190428154338\seg_021.png,21,21,22,0,,
utah_upper,FORGE_78-32_iDASv3-P11_UTC190428154338.sgy,0096_FORGE_78-32_iDASv3-P11_UTC190428154338\seg_022.png,22,22,23,0,,
utah_upper,FORGE_78-32_iDASv3-P11_UTC190428154338.sgy,0096_FORGE_78-32_iDASv3-P11_UTC190428154338\seg_023.png,23,23,24,0,,
utah_upper,FORGE_78-32_iDASv3-P11_UTC190428154338.sgy,0096_FORGE_78-32_iDASv3-P11_UTC190428154338\seg_024.png,24,24,25,0,,
utah_upper,FORGE_78-32_iDASv3-P11_UTC190428154338.sgy,0096_FORGE_78-32_iDASv3-P11_UTC190428154338\seg_025.png,25,25,26,0,,
utah_upper,FORGE_78-32_iDASv3-P11_UTC190428154338.sgy,0096_FORGE_78-32_iDASv3-P11_UTC190428154338\seg_026.png,26,26,27,0,,
utah_upper,FORGE_78-32_iDASv3-P11_UTC190428154338.sgy,0096_FORGE_78-32_iDASv3-P11_UTC190428154338\seg_027.png,27,27,28,0,,
utah_upper,FORGE_78-32_iDASv3-P11_UTC190428154338.sgy,0096_FORGE_78-32_iDASv3-P11_UTC190428154338\seg_028.png,28,28,29,0,,
utah_upper,FORGE_78-32_iDASv3-P11_UTC190428154338.sgy,0096_FORGE_78-32_iDASv3-P11_UTC190428154338\seg_029.png,29,29,30,0,,
utah_upper,FORGE_78-32_iDASv3-P11_UTC190428154408.sgy,0097_FORGE_78-32_iDASv3-P11_UTC190428154408\seg_000.png,0,0,1,0,,
utah_upper,FORGE_78-32_iDASv3-P11_UTC190428154408.sgy,0097_FORGE_78-32_iDASv3-P11_UTC190428154408\seg_001.png,1,1,2,0,,
utah_upper,FORGE_78-32_iDASv3-P11_UTC190428154408.sgy,0097_FORGE_78-32_iDASv3-P11_UTC190428154408\seg_002.png,2,2,3,0,,
utah_upper,FORGE_78-32_iDASv3-P11_UTC190428154408.sgy,0097_FORGE_78-32_iDASv3-P11_UTC190428154408\seg_003.png,3,3,4,0,,
utah_upper,FORGE_78-32_iDASv3-P11_UTC190428154408.sgy,0097_FORGE_78-32_iDASv3-P11_UTC190428154408\seg_004.png,4,4,5,0,,
utah_upper,FORGE_78-32_iDASv3-P11_UTC190428154408.sgy,0097_FORGE_78-32_iDASv3-P11_UTC190428154408\seg_005.png,5,5,6,0,,
utah_upper,FORGE_78-32_iDASv3-P11_UTC190428154408.sgy,0097_FORGE_78-32_iDASv3-P11_UTC190428154408\seg_006.png,6,6,7,0,,
utah_upper,FORGE_78-32_iDASv3-P11_UTC190428154408.sgy,0097_FORGE_78-32_iDASv3-P11_UTC190428154408\seg_007.png,7,7,8,0,,
utah_upper,FORGE_78-32_iDASv3-P11_UTC190428154408.sgy,0097_FORGE_78-32_iDASv3-P11_UTC190428154408\seg_008.png,8,8,9,0,,
utah_upper,FORGE_78-32_iDASv3-P11_UTC190428154408.sgy,0097_FORGE_78-32_iDASv3-P11_UTC190428154408\seg_009.png,9,9,10,0,,
utah_upper,FORGE_78-32_iDASv3-P11_UTC190428154408.sgy,0097_FORGE_78-32_iDASv3-P11_UTC190428154408\seg_010.png,10,10,11,0,,
utah_upper,FORGE_78-32_iDASv3-P11_UTC190428154408.sgy,0097_FORGE_78-32_iDASv3-P11_UTC190428154408\seg_011.png,11,11,12,0,,
utah_upper,FORGE_78-32_iDASv3-P11_UTC190428154408.sgy,0097_FORGE_78-32_iDASv3-P11_UTC190428154408\seg_012.png,12,12,13,0,,
utah_upper,FORGE_78-32_iDASv3-P11_UTC190428154408.sgy,0097_FORGE_78-32_iDASv3-P11_UTC190428154408\seg_013.png,13,13,14,0,,
utah_upper,FORGE_78-32_iDASv3-P11_UTC190428154408.sgy,0097_FORGE_78-32_iDASv3-P11_UTC190428154408\seg_014.png,14,14,15,0,,
utah_upper,FORGE_78-32_iDASv3-P11_UTC190428154408.sgy,0097_FORGE_78-32_iDASv3-P11_UTC190428154408\seg_015.png,15,15,16,0,,
utah_upper,FORGE_78-32_iDASv3-P11_UTC190428154408.sgy,0097_FORGE_78-32_iDASv3-P11_UTC190428154408\seg_016.png,16,16,17,0,,
utah_upper,FORGE_78-32_iDASv3-P11_UTC190428154408.sgy,0097_FORGE_78-32_iDASv3-P11_UTC190428154408\seg_017.png,17,17,18,0,,
utah_upper,FORGE_78-32_iDASv3-P11_UTC190428154408.sgy,0097_FORGE_78-32_iDASv3-P11_UTC190428154408\seg_018.png,18,18,19,0,,
utah_upper,FORGE_78-32_iDASv3-P11_UTC190428154408.sgy,0097_FORGE_78-32_iDASv3-P11_UTC190428154408\seg_019.png,19,19,20,0,,
utah_upper,FORGE_78-32_iDASv3-P11_UTC190428154408.sgy,0097_FORGE_78-32_iDASv3-P11_UTC190428154408\seg_020.png,20,20,21,0,,
utah_upper,FORGE_78-32_iDASv3-P11_UTC190428154408.sgy,0097_FORGE_78-32_iDASv3-P11_UTC190428154408\seg_021.png,21,21,22,0,,
utah_upper,FORGE_78-32_iDASv3-P11_UTC190428154408.sgy,0097_FORGE_78-32_iDASv3-P11_UTC190428154408\seg_022.png,22,22,23,0,,
utah_upper,FORGE_78-32_iDASv3-P11_UTC190428154408.sgy,0097_FORGE_78-32_iDASv3-P11_UTC190428154408\seg_023.png,23,23,24,0,,
utah_upper,FORGE_78-32_iDASv3-P11_UTC190428154408.sgy,0097_FORGE_78-32_iDASv3-P11_UTC190428154408\seg_024.png,24,24,25,0,,
utah_upper,FORGE_78-32_iDASv3-P11_UTC190428154408.sgy,0097_FORGE_78-32_iDASv3-P11_UTC190428154408\seg_025.png,25,25,26,0,,
utah_upper,FORGE_78-32_iDASv3-P11_UTC190428154408.sgy,0097_FORGE_78-32_iDASv3-P11_UTC190428154408\seg_026.png,26,26,27,0,,
utah_upper,FORGE_78-32_iDASv3-P11_UTC190428154408.sgy,0097_FORGE_78-32_iDASv3-P11_UTC190428154408\seg_027.png,27,27,28,0,,
utah_upper,FORGE_78-32_iDASv3-P11_UTC190428154408.sgy,0097_FORGE_78-32_iDASv3-P11_UTC190428154408\seg_028.png,28,28,29,0,,
utah_upper,FORGE_78-32_iDASv3-P11_UTC190428154408.sgy,0097_FORGE_78-32_iDASv3-P11_UTC190428154408\seg_029.png,29,29,30,0,,
utah_upper,FORGE_78-32_iDASv3-P11_UTC190428155638.sgy,0098_FORGE_78-32_iDASv3-P11_UTC190428155638\seg_000.png,0,0,1,0,,
utah_upper,FORGE_78-32_iDASv3-P11_UTC190428155638.sgy,0098_FORGE_78-32_iDASv3-P11_UTC190428155638\seg_001.png,1,1,2,0,,
utah_upper,FORGE_78-32_iDASv3-P11_UTC190428155638.sgy,0098_FORGE_78-32_iDASv3-P11_UTC190428155638\seg_002.png,2,2,3,0,,
utah_upper,FORGE_78-32_iDASv3-P11_UTC190428155638.sgy,0098_FORGE_78-32_iDASv3-P11_UTC190428155638\seg_003.png,3,3,4,0,,
utah_upper,FORGE_78-32_iDASv3-P11_UTC190428155638.sgy,0098_FORGE_78-32_iDASv3-P11_UTC190428155638\seg_004.png,4,4,5,0,,
utah_upper,FORGE_78-32_iDASv3-P11_UTC190428155638.sgy,0098_FORGE_78-32_iDASv3-P11_UTC190428155638\seg_005.png,5,5,6,0,,
utah_upper,FORGE_78-32_iDASv3-P11_UTC190428155638.sgy,0098_FORGE_78-32_iDASv3-P11_UTC190428155638\seg_006.png,6,6,7,0,,
utah_upper,FORGE_78-32_iDASv3-P11_UTC190428155638.sgy,0098_FORGE_78-32_iDASv3-P11_UTC190428155638\seg_007.png,7,7,8,0,,
utah_upper,FORGE_78-32_iDASv3-P11_UTC190428155638.sgy,0098_FORGE_78-32_iDASv3-P11_UTC190428155638\seg_008.png,8,8,9,0,,
utah_upper,FORGE_78-32_iDASv3-P11_UTC190428155638.sgy,0098_FORGE_78-32_iDASv3-P11_UTC190428155638\seg_009.png,9,9,10,0,,
utah_upper,FORGE_78-32_iDASv3-P11_UTC190428155638.sgy,0098_FORGE_78-32_iDASv3-P11_UTC190428155638\seg_010.png,10,10,11,0,,
utah_upper,FORGE_78-32_iDASv3-P11_UTC190428155638.sgy,0098_FORGE_78-32_iDASv3-P11_UTC190428155638\seg_011.png,11,11,12,0,,
utah_upper,FORGE_78-32_iDASv3-P11_UTC190428155638.sgy,0098_FORGE_78-32_iDASv3-P11_UTC190428155638\seg_012.png,12,12,13,0,,
utah_upper,FORGE_78-32_iDASv3-P11_UTC190428155638.sgy,0098_FORGE_78-32_iDASv3-P11_UTC190428155638\seg_013.png,13,13,14,0,,
utah_upper,FORGE_78-32_iDASv3-P11_UTC190428155638.sgy,0098_FORGE_78-32_iDASv3-P11_UTC190428155638\seg_014.png,14,14,15,0,,
utah_upper,FORGE_78-32_iDASv3-P11_UTC190428155638.sgy,0098_FORGE_78-32_iDASv3-P11_UTC190428155638\seg_015.png,15,15,16,0,,
utah_upper,FORGE_78-32_iDASv3-P11_UTC190428155638.sgy,0098_FORGE_78-32_iDASv3-P11_UTC190428155638\seg_016.png,16,16,17,0,,
utah_upper,FORGE_78-32_iDASv3-P11_UTC190428155638.sgy,0098_FORGE_78-32_iDASv3-P11_UTC190428155638\seg_017.png,17,17,18,0,,
utah_upper,FORGE_78-32_iDASv3-P11_UTC190428155638.sgy,0098_FORGE_78-32_iDASv3-P11_UTC190428155638\seg_018.png,18,18,19,0,,
utah_upper,FORGE_78-32_iDASv3-P11_UTC190428155638.sgy,0098_FORGE_78-32_iDASv3-P11_UTC190428155638\seg_019.png,19,19,20,0,,
utah_upper,FORGE_78-32_iDASv3-P11_UTC190428155638.sgy,0098_FORGE_78-32_iDASv3-P11_UTC190428155638\seg_020.png,20,20,21,0,,
utah_upper,FORGE_78-32_iDASv3-P11_UTC190428155638.sgy,0098_FORGE_78-32_iDASv3-P11_UTC190428155638\seg_021.png,21,21,22,0,,
utah_upper,FORGE_78-32_iDASv3-P11_UTC190428155638.sgy,0098_FORGE_78-32_iDASv3-P11_UTC190428155638\seg_022.png,22,22,23,0,,
utah_upper,FORGE_78-32_iDASv3-P11_UTC190428155638.sgy,0098_FORGE_78-32_iDASv3-P11_UTC190428155638\seg_023.png,23,23,24,0,,
utah_upper,FORGE_78-32_iDASv3-P11_UTC190428155638.sgy,0098_FORGE_78-32_iDASv3-P11_UTC190428155638\seg_024.png,24,24,25,0,,
utah_upper,FORGE_78-32_iDASv3-P11_UTC190428155638.sgy,0098_FORGE_78-32_iDASv3-P11_UTC190428155638\seg_025.png,25,25,26,0,,
utah_upper,FORGE_78-32_iDASv3-P11_UTC190428155638.sgy,0098_FORGE_78-32_iDASv3-P11_UTC190428155638\seg_026.png,26,26,27,0,,
utah_upper,FORGE_78-32_iDASv3-P11_UTC190428155638.sgy,0098_FORGE_78-32_iDASv3-P11_UTC190428155638\seg_027.png,27,27,28,0,,
utah_upper,FORGE_78-32_iDASv3-P11_UTC190428155638.sgy,0098_FORGE_78-32_iDASv3-P11_UTC190428155638\seg_028.png,28,28,29,0,,
utah_upper,FORGE_78-32_iDASv3-P11_UTC190428155638.sgy,0098_FORGE_78-32_iDASv3-P11_UTC190428155638\seg_029.png,29,29,30,0,,
utah_upper,FORGE_78-32_iDASv3-P11_UTC190428161138.sgy,0099_FORGE_78-32_iDASv3-P11_UTC190428161138\seg_000.png,0,0,1,0,,
utah_upper,FORGE_78-32_iDASv3-P11_UTC190428161138.sgy,0099_FORGE_78-32_iDASv3-P11_UTC190428161138\seg_001.png,1,1,2,0,,
utah_upper,FORGE_78-32_iDASv3-P11_UTC190428161138.sgy,0099_FORGE_78-32_iDASv3-P11_UTC190428161138\seg_002.png,2,2,3,0,,
utah_upper,FORGE_78-32_iDASv3-P11_UTC190428161138.sgy,0099_FORGE_78-32_iDASv3-P11_UTC190428161138\seg_003.png,3,3,4,0,,
utah_upper,FORGE_78-32_iDASv3-P11_UTC190428161138.sgy,0099_FORGE_78-32_iDASv3-P11_UTC190428161138\seg_004.png,4,4,5,0,,
utah_upper,FORGE_78-32_iDASv3-P11_UTC190428161138.sgy,0099_FORGE_78-32_iDASv3-P11_UTC190428161138\seg_005.png,5,5,6,0,,
utah_upper,FORGE_78-32_iDASv3-P11_UTC190428161138.sgy,0099_FORGE_78-32_iDASv3-P11_UTC190428161138\seg_006.png,6,6,7,0,,
utah_upper,FORGE_78-32_iDASv3-P11_UTC190428161138.sgy,0099_FORGE_78-32_iDASv3-P11_UTC190428161138\seg_007.png,7,7,8,0,,
utah_upper,FORGE_78-32_iDASv3-P11_UTC190428161138.sgy,0099_FORGE_78-32_iDASv3-P11_UTC190428161138\seg_008.png,8,8,9,0,,
utah_upper,FORGE_78-32_iDASv3-P11_UTC190428161138.sgy,0099_FORGE_78-32_iDASv3-P11_UTC190428161138\seg_009.png,9,9,10,0,,
utah_upper,FORGE_78-32_iDASv3-P11_UTC190428161138.sgy,0099_FORGE_78-32_iDASv3-P11_UTC190428161138\seg_010.png,10,10,11,0,,
utah_upper,FORGE_78-32_iDASv3-P11_UTC190428161138.sgy,0099_FORGE_78-32_iDASv3-P11_UTC190428161138\seg_011.png,11,11,12,0,,
utah_upper,FORGE_78-32_iDASv3-P11_UTC190428161138.sgy,0099_FORGE_78-32_iDASv3-P11_UTC190428161138\seg_012.png,12,12,13,0,,
utah_upper,FORGE_78-32_iDASv3-P11_UTC190428161138.sgy,0099_FORGE_78-32_iDASv3-P11_UTC190428161138\seg_013.png,13,13,14,0,,
utah_upper,FORGE_78-32_iDASv3-P11_UTC190428161138.sgy,0099_FORGE_78-32_iDASv3-P11_UTC190428161138\seg_014.png,14,14,15,0,,
utah_upper,FORGE_78-32_iDASv3-P11_UTC190428161138.sgy,0099_FORGE_78-32_iDASv3-P11_UTC190428161138\seg_015.png,15,15,16,0,,
utah_upper,FORGE_78-32_iDASv3-P11_UTC190428161138.sgy,0099_FORGE_78-32_iDASv3-P11_UTC190428161138\seg_016.png,16,16,17,0,,
utah_upper,FORGE_78-32_iDASv3-P11_UTC190428161138.sgy,0099_FORGE_78-32_iDASv3-P11_UTC190428161138\seg_017.png,17,17,18,0,,
utah_upper,FORGE_78-32_iDASv3-P11_UTC190428161138.sgy,0099_FORGE_78-32_iDASv3-P11_UTC190428161138\seg_018.png,18,18,19,0,,
utah_upper,FORGE_78-32_iDASv3-P11_UTC190428161138.sgy,0099_FORGE_78-32_iDASv3-P11_UTC190428161138\seg_019.png,19,19,20,0,,
utah_upper,FORGE_78-32_iDASv3-P11_UTC190428161138.sgy,0099_FORGE_78-32_iDASv3-P11_UTC190428161138\seg_020.png,20,20,21,0,,
utah_upper,FORGE_78-32_iDASv3-P11_UTC190428161138.sgy,0099_FORGE_78-32_iDASv3-P11_UTC190428161138\seg_021.png,21,21,22,0,,
utah_upper,FORGE_78-32_iDASv3-P11_UTC190428161138.sgy,0099_FORGE_78-32_iDASv3-P11_UTC190428161138\seg_022.png,22,22,23,0,,
utah_upper,FORGE_78-32_iDASv3-P11_UTC190428161138.sgy,0099_FORGE_78-32_iDASv3-P11_UTC190428161138\seg_023.png,23,23,24,1,,
utah_upper,FORGE_78-32_iDASv3-P11_UTC190428161138.sgy,0099_FORGE_78-32_iDASv3-P11_UTC190428161138\seg_024.png,24,24,25,0,,
utah_upper,FORGE_78-32_iDASv3-P11_UTC190428161138.sgy,0099_FORGE_78-32_iDASv3-P11_UTC190428161138\seg_025.png,25,25,26,0,,
utah_upper,FORGE_78-32_iDASv3-P11_UTC190428161138.sgy,0099_FORGE_78-32_iDASv3-P11_UTC190428161138\seg_026.png,26,26,27,0,,
utah_upper,FORGE_78-32_iDASv3-P11_UTC190428161138.sgy,0099_FORGE_78-32_iDASv3-P11_UTC190428161138\seg_027.png,27,27,28,0,,
utah_upper,FORGE_78-32_iDASv3-P11_UTC190428161138.sgy,0099_FORGE_78-32_iDASv3-P11_UTC190428161138\seg_028.png,28,28,29,0,,
utah_upper,FORGE_78-32_iDASv3-P11_UTC190428161138.sgy,0099_FORGE_78-32_iDASv3-P11_UTC190428161138\seg_029.png,29,29,30,0,,
utah_upper,FORGE_78-32_iDASv3-P11_UTC190428161238.sgy,0100_FORGE_78-32_iDASv3-P11_UTC190428161238\seg_000.png,0,0,1,0,,
utah_upper,FORGE_78-32_iDASv3-P11_UTC190428161238.sgy,0100_FORGE_78-32_iDASv3-P11_UTC190428161238\seg_001.png,1,1,2,1,,
utah_upper,FORGE_78-32_iDASv3-P11_UTC190428161238.sgy,0100_FORGE_78-32_iDASv3-P11_UTC190428161238\seg_002.png,2,2,3,0,,
utah_upper,FORGE_78-32_iDASv3-P11_UTC190428161238.sgy,0100_FORGE_78-32_iDASv3-P11_UTC190428161238\seg_003.png,3,3,4,0,,
utah_upper,FORGE_78-32_iDASv3-P11_UTC190428161238.sgy,0100_FORGE_78-32_iDASv3-P11_UTC190428161238\seg_004.png,4,4,5,0,,
utah_upper,FORGE_78-32_iDASv3-P11_UTC190428161238.sgy,0100_FORGE_78-32_iDASv3-P11_UTC190428161238\seg_005.png,5,5,6,0,,
utah_upper,FORGE_78-32_iDASv3-P11_UTC190428161238.sgy,0100_FORGE_78-32_iDASv3-P11_UTC190428161238\seg_006.png,6,6,7,0,,
utah_upper,FORGE_78-32_iDASv3-P11_UTC190428161238.sgy,0100_FORGE_78-32_iDASv3-P11_UTC190428161238\seg_007.png,7,7,8,0,,
utah_upper,FORGE_78-32_iDASv3-P11_UTC190428161238.sgy,0100_FORGE_78-32_iDASv3-P11_UTC190428161238\seg_008.png,8,8,9,0,,
utah_upper,FORGE_78-32_iDASv3-P11_UTC190428161238.sgy,0100_FORGE_78-32_iDASv3-P11_UTC190428161238\seg_009.png,9,9,10,0,,
utah_upper,FORGE_78-32_iDASv3-P11_UTC190428161238.sgy,0100_FORGE_78-32_iDASv3-P11_UTC190428161238\seg_010.png,10,10,11,0,,
utah_upper,FORGE_78-32_iDASv3-P11_UTC190428161238.sgy,0100_FORGE_78-32_iDASv3-P11_UTC190428161238\seg_011.png,11,11,12,0,,
utah_upper,FORGE_78-32_iDASv3-P11_UTC190428161238.sgy,0100_FORGE_78-32_iDASv3-P11_UTC190428161238\seg_012.png,12,12,13,0,,
utah_upper,FORGE_78-32_iDASv3-P11_UTC190428161238.sgy,0100_FORGE_78-32_iDASv3-P11_UTC190428161238\seg_013.png,13,13,14,0,,
utah_upper,FORGE_78-32_iDASv3-P11_UTC190428161238.sgy,0100_FORGE_78-32_iDASv3-P11_UTC190428161238\seg_014.png,14,14,15,0,,
utah_upper,FORGE_78-32_iDASv3-P11_UTC190428161238.sgy,0100_FORGE_78-32_iDASv3-P11_UTC190428161238\seg_015.png,15,15,16,0,,
utah_upper,FORGE_78-32_iDASv3-P11_UTC190428161238.sgy,0100_FORGE_78-32_iDASv3-P11_UTC190428161238\seg_016.png,16,16,17,0,,
utah_upper,FORGE_78-32_iDASv3-P11_UTC190428161238.sgy,0100_FORGE_78-32_iDASv3-P11_UTC190428161238\seg_017.png,17,17,18,0,,
utah_upper,FORGE_78-32_iDASv3-P11_UTC190428161238.sgy,0100_FORGE_78-32_iDASv3-P11_UTC190428161238\seg_018.png,18,18,19,0,,
utah_upper,FORGE_78-32_iDASv3-P11_UTC190428161238.sgy,0100_FORGE_78-32_iDASv3-P11_UTC190428161238\seg_019.png,19,19,20,0,,
utah_upper,FORGE_78-32_iDASv3-P11_UTC190428161238.sgy,0100_FORGE_78-32_iDASv3-P11_UTC190428161238\seg_020.png,20,20,21,0,,
utah_upper,FORGE_78-32_iDASv3-P11_UTC190428161238.sgy,0100_FORGE_78-32_iDASv3-P11_UTC190428161238\seg_021.png,21,21,22,0,,
utah_upper,FORGE_78-32_iDASv3-P11_UTC190428161238.sgy,0100_FORGE_78-32_iDASv3-P11_UTC190428161238\seg_022.png,22,22,23,0,,
utah_upper,FORGE_78-32_iDASv3-P11_UTC190428161238.sgy,0100_FORGE_78-32_iDASv3-P11_UTC190428161238\seg_023.png,23,23,24,0,,
utah_upper,FORGE_78-32_iDASv3-P11_UTC190428161238.sgy,0100_FORGE_78-32_iDASv3-P11_UTC190428161238\seg_024.png,24,24,25,0,,
utah_upper,FORGE_78-32_iDASv3-P11_UTC190428161238.sgy,0100_FORGE_78-32_iDASv3-P11_UTC190428161238\seg_025.png,25,25,26,0,,
utah_upper,FORGE_78-32_iDASv3-P11_UTC190428161238.sgy,0100_FORGE_78-32_iDASv3-P11_UTC190428161238\seg_026.png,26,26,27,0,,
utah_upper,FORGE_78-32_iDASv3-P11_UTC190428161238.sgy,0100_FORGE_78-32_iDASv3-P11_UTC190428161238\seg_027.png,27,27,28,0,,
utah_upper,FORGE_78-32_iDASv3-P11_UTC190428161238.sgy,0100_FORGE_78-32_iDASv3-P11_UTC190428161238\seg_028.png,28,28,29,0,,
utah_upper,FORGE_78-32_iDASv3-P11_UTC190428161238.sgy,0100_FORGE_78-32_iDASv3-P11_UTC190428161238\seg_029.png,29,29,30,0,,
utah_upper,FORGE_78-32_iDASv3-P11_UTC190428162223.sgy,0101_FORGE_78-32_iDASv3-P11_UTC190428162223\seg_000.png,0,0,1,0,,
utah_upper,FORGE_78-32_iDASv3-P11_UTC190428162223.sgy,0101_FORGE_78-32_iDASv3-P11_UTC190428162223\seg_001.png,1,1,2,0,,
utah_upper,FORGE_78-32_iDASv3-P11_UTC190428162223.sgy,0101_FORGE_78-32_iDASv3-P11_UTC190428162223\seg_002.png,2,2,3,0,,
utah_upper,FORGE_78-32_iDASv3-P11_UTC190428162223.sgy,0101_FORGE_78-32_iDASv3-P11_UTC190428162223\seg_003.png,3,3,4,0,,
utah_upper,FORGE_78-32_iDASv3-P11_UTC190428162223.sgy,0101_FORGE_78-32_iDASv3-P11_UTC190428162223\seg_004.png,4,4,5,0,,
utah_upper,FORGE_78-32_iDASv3-P11_UTC190428162223.sgy,0101_FORGE_78-32_iDASv3-P11_UTC190428162223\seg_005.png,5,5,6,0,,
utah_upper,FORGE_78-32_iDASv3-P11_UTC190428162223.sgy,0101_FORGE_78-32_iDASv3-P11_UTC190428162223\seg_006.png,6,6,7,0,,
utah_upper,FORGE_78-32_iDASv3-P11_UTC190428162223.sgy,0101_FORGE_78-32_iDASv3-P11_UTC190428162223\seg_007.png,7,7,8,0,,
utah_upper,FORGE_78-32_iDASv3-P11_UTC190428162223.sgy,0101_FORGE_78-32_iDASv3-P11_UTC190428162223\seg_008.png,8,8,9,0,,
utah_upper,FORGE_78-32_iDASv3-P11_UTC190428162223.sgy,0101_FORGE_78-32_iDASv3-P11_UTC190428162223\seg_009.png,9,9,10,0,,
utah_upper,FORGE_78-32_iDASv3-P11_UTC190428162223.sgy,0101_FORGE_78-32_iDASv3-P11_UTC190428162223\seg_010.png,10,10,11,0,,
utah_upper,FORGE_78-32_iDASv3-P11_UTC190428162223.sgy,0101_FORGE_78-32_iDASv3-P11_UTC190428162223\seg_011.png,11,11,12,0,,
utah_upper,FORGE_78-32_iDASv3-P11_UTC190428162223.sgy,0101_FORGE_78-32_iDASv3-P11_UTC190428162223\seg_012.png,12,12,13,0,,
utah_upper,FORGE_78-32_iDASv3-P11_UTC190428162223.sgy,0101_FORGE_78-32_iDASv3-P11_UTC190428162223\seg_013.png,13,13,14,0,,
utah_upper,FORGE_78-32_iDASv3-P11_UTC190428162223.sgy,0101_FORGE_78-32_iDASv3-P11_UTC190428162223\seg_014.png,14,14,15,0,,
utah_upper,FORGE_78-32_iDASv3-P11_UTC190428162223.sgy,0101_FORGE_78-32_iDASv3-P11_UTC190428162223\seg_015.png,15,15,16,0,,
utah_upper,FORGE_78-32_iDASv3-P11_UTC190428162223.sgy,0101_FORGE_78-32_iDASv3-P11_UTC190428162223\seg_016.png,16,16,17,0,,
utah_upper,FORGE_78-32_iDASv3-P11_UTC190428162223.sgy,0101_FORGE_78-32_iDASv3-P11_UTC190428162223\seg_017.png,17,17,18,0,,
utah_upper,FORGE_78-32_iDASv3-P11_UTC190428162223.sgy,0101_FORGE_78-32_iDASv3-P11_UTC190428162223\seg_018.png,18,18,19,0,,
utah_upper,FORGE_78-32_iDASv3-P11_UTC190428162223.sgy,0101_FORGE_78-32_iDASv3-P11_UTC190428162223\seg_019.png,19,19,20,0,,
utah_upper,FORGE_78-32_iDASv3-P11_UTC190428162223.sgy,0101_FORGE_78-32_iDASv3-P11_UTC190428162223\seg_020.png,20,20,21,0,,
utah_upper,FORGE_78-32_iDASv3-P11_UTC190428162223.sgy,0101_FORGE_78-32_iDASv3-P11_UTC190428162223\seg_021.png,21,21,22,0,,
utah_upper,FORGE_78-32_iDASv3-P11_UTC190428162223.sgy,0101_FORGE_78-32_iDASv3-P11_UTC190428162223\seg_022.png,22,22,23,0,,
utah_upper,FORGE_78-32_iDASv3-P11_UTC190428162223.sgy,0101_FORGE_78-32_iDASv3-P11_UTC190428162223\seg_023.png,23,23,24,0,,
utah_upper,FORGE_78-32_iDASv3-P11_UTC190428162223.sgy,0101_FORGE_78-32_iDASv3-P11_UTC190428162223\seg_024.png,24,24,25,0,,
utah_upper,FORGE_78-32_iDASv3-P11_UTC190428162223.sgy,0101_FORGE_78-32_iDASv3-P11_UTC190428162223\seg_025.png,25,25,26,0,,
utah_upper,FORGE_78-32_iDASv3-P11_UTC190428162223.sgy,0101_FORGE_78-32_iDASv3-P11_UTC190428162223\seg_026.png,26,26,27,0,,
utah_upper,FORGE_78-32_iDASv3-P11_UTC190428162223.sgy,0101_FORGE_78-32_iDASv3-P11_UTC190428162223\seg_027.png,27,27,28,1,,
utah_upper,FORGE_78-32_iDASv3-P11_UTC190428162223.sgy,0101_FORGE_78-32_iDASv3-P11_UTC190428162223\seg_028.png,28,28,29,1,,
utah_upper,FORGE_78-32_iDASv3-P11_UTC190428162223.sgy,0101_FORGE_78-32_iDASv3-P11_UTC190428162223\seg_029.png,29,29,30,0,,
utah_upper,FORGE_78-32_iDASv3-P11_UTC190428170738.sgy,0102_FORGE_78-32_iDASv3-P11_UTC190428170738\seg_000.png,0,0,1,0,,
utah_upper,FORGE_78-32_iDASv3-P11_UTC190428170738.sgy,0102_FORGE_78-32_iDASv3-P11_UTC190428170738\seg_001.png,1,1,2,0,,
utah_upper,FORGE_78-32_iDASv3-P11_UTC190428170738.sgy,0102_FORGE_78-32_iDASv3-P11_UTC190428170738\seg_002.png,2,2,3,0,,
utah_upper,FORGE_78-32_iDASv3-P11_UTC190428170738.sgy,0102_FORGE_78-32_iDASv3-P11_UTC190428170738\seg_003.png,3,3,4,0,,
utah_upper,FORGE_78-32_iDASv3-P11_UTC190428170738.sgy,0102_FORGE_78-32_iDASv3-P11_UTC190428170738\seg_004.png,4,4,5,0,,
utah_upper,FORGE_78-32_iDASv3-P11_UTC190428170738.sgy,0102_FORGE_78-32_iDASv3-P11_UTC190428170738\seg_005.png,5,5,6,0,,
utah_upper,FORGE_78-32_iDASv3-P11_UTC190428170738.sgy,0102_FORGE_78-32_iDASv3-P11_UTC190428170738\seg_006.png,6,6,7,0,,
utah_upper,FORGE_78-32_iDASv3-P11_UTC190428170738.sgy,0102_FORGE_78-32_iDASv3-P11_UTC190428170738\seg_007.png,7,7,8,0,,
utah_upper,FORGE_78-32_iDASv3-P11_UTC190428170738.sgy,0102_FORGE_78-32_iDASv3-P11_UTC190428170738\seg_008.png,8,8,9,0,,
utah_upper,FORGE_78-32_iDASv3-P11_UTC190428170738.sgy,0102_FORGE_78-32_iDASv3-P11_UTC190428170738\seg_009.png,9,9,10,0,,
utah_upper,FORGE_78-32_iDASv3-P11_UTC190428170738.sgy,0102_FORGE_78-32_iDASv3-P11_UTC190428170738\seg_010.png,10,10,11,0,,
utah_upper,FORGE_78-32_iDASv3-P11_UTC190428170738.sgy,0102_FORGE_78-32_iDASv3-P11_UTC190428170738\seg_011.png,11,11,12,0,,
utah_upper,FORGE_78-32_iDASv3-P11_UTC190428170738.sgy,0102_FORGE_78-32_iDASv3-P11_UTC190428170738\seg_012.png,12,12,13,0,,
utah_upper,FORGE_78-32_iDASv3-P11_UTC190428170738.sgy,0102_FORGE_78-32_iDASv3-P11_UTC190428170738\seg_013.png,13,13,14,0,,
utah_upper,FORGE_78-32_iDASv3-P11_UTC190428170738.sgy,0102_FORGE_78-32_iDASv3-P11_UTC190428170738\seg_014.png,14,14,15,0,,
utah_upper,FORGE_78-32_iDASv3-P11_UTC190428170738.sgy,0102_FORGE_78-32_iDASv3-P11_UTC190428170738\seg_015.png,15,15,16,0,,
utah_upper,FORGE_78-32_iDASv3-P11_UTC190428170738.sgy,0102_FORGE_78-32_iDASv3-P11_UTC190428170738\seg_016.png,16,16,17,0,,
utah_upper,FORGE_78-32_iDASv3-P11_UTC190428170738.sgy,0102_FORGE_78-32_iDASv3-P11_UTC190428170738\seg_017.png,17,17,18,0,,
utah_upper,FORGE_78-32_iDASv3-P11_UTC190428170738.sgy,0102_FORGE_78-32_iDASv3-P11_UTC190428170738\seg_018.png,18,18,19,0,,
utah_upper,FORGE_78-32_iDASv3-P11_UTC190428170738.sgy,0102_FORGE_78-32_iDASv3-P11_UTC190428170738\seg_019.png,19,19,20,0,,
utah_upper,FORGE_78-32_iDASv3-P11_UTC190428170738.sgy,0102_FORGE_78-32_iDASv3-P11_UTC190428170738\seg_020.png,20,20,21,0,,
utah_upper,FORGE_78-32_iDASv3-P11_UTC190428170738.sgy,0102_FORGE_78-32_iDASv3-P11_UTC190428170738\seg_021.png,21,21,22,0,,
utah_upper,FORGE_78-32_iDASv3-P11_UTC190428170738.sgy,0102_FORGE_78-32_iDASv3-P11_UTC190428170738\seg_022.png,22,22,23,0,,
utah_upper,FORGE_78-32_iDASv3-P11_UTC190428170738.sgy,0102_FORGE_78-32_iDASv3-P11_UTC190428170738\seg_023.png,23,23,24,0,,
utah_upper,FORGE_78-32_iDASv3-P11_UTC190428170738.sgy,0102_FORGE_78-32_iDASv3-P11_UTC190428170738\seg_024.png,24,24,25,0,,
utah_upper,FORGE_78-32_iDASv3-P11_UTC190428170738.sgy,0102_FORGE_78-32_iDASv3-P11_UTC190428170738\seg_025.png,25,25,26,0,,
utah_upper,FORGE_78-32_iDASv3-P11_UTC190428170738.sgy,0102_FORGE_78-32_iDASv3-P11_UTC190428170738\seg_026.png,26,26,27,0,,
utah_upper,FORGE_78-32_iDASv3-P11_UTC190428170738.sgy,0102_FORGE_78-32_iDASv3-P11_UTC190428170738\seg_027.png,27,27,28,0,,
utah_upper,FORGE_78-32_iDASv3-P11_UTC190428170738.sgy,0102_FORGE_78-32_iDASv3-P11_UTC190428170738\seg_028.png,28,28,29,0,,
utah_upper,FORGE_78-32_iDASv3-P11_UTC190428170738.sgy,0102_FORGE_78-32_iDASv3-P11_UTC190428170738\seg_029.png,29,29,30,0,,
