dataset_id,site,data_type,file_path,file_name,file_stem,ext,group_id,original_fs
utah_2019,utah_2019,event,/home/ted1204/MS_Detection_Datamaker/MS_datamaker_UTAH_2019/data/event/FORGE_78-32_iDASv3-P11_UTC190427171923.sgy,FORGE_78-32_iDASv3-P11_UTC190427171923.sgy,FORGE_78-32_iDASv3-P11_UTC190427171923,.sgy,utah_2019__FORGE_78-32_iDASv3-P11_UTC190427171923,1000.0
utah_2019,utah_2019,event,/home/ted1204/MS_Detection_Datamaker/MS_datamaker_UTAH_2019/data/event/FORGE_78-32_iDASv3-P11_UTC190427172008.sgy,FORGE_78-32_iDASv3-P11_UTC190427172008.sgy,FORGE_78-32_iDASv3-P11_UTC190427172008,.sgy,utah_2019__FORGE_78-32_iDASv3-P11_UTC190427172008,1000.0
utah_2019,utah_2019,event,/home/ted1204/MS_Detection_Datamaker/MS_datamaker_UTAH_2019/data/event/FORGE_78-32_iDASv3-P11_UTC190427172223.sgy,FORGE_78-32_iDASv3-P11_UTC190427172223.sgy,FORGE_78-32_iDASv3-P11_UTC190427172223,.sgy,utah_2019__FORGE_78-32_iDASv3-P11_UTC190427172223,1000.0
utah_2019,utah_2019,event,/home/ted1204/MS_Detection_Datamaker/MS_datamaker_UTAH_2019/data/event/FORGE_78-32_iDASv3-P11_UTC190427172438.sgy,FORGE_78-32_iDASv3-P11_UTC190427172438.sgy,FORGE_78-32_iDASv3-P11_UTC190427172438,.sgy,utah_2019__FORGE_78-32_iDASv3-P11_UTC190427172438,1000.0
utah_2019,utah_2019,event,/home/ted1204/MS_Detection_Datamaker/MS_datamaker_UTAH_2019/data/event/FORGE_78-32_iDASv3-P11_UTC190427172538.sgy,FORGE_78-32_iDASv3-P11_UTC190427172538.sgy,FORGE_78-32_iDASv3-P11_UTC190427172538,.sgy,utah_2019__FORGE_78-32_iDASv3-P11_UTC190427172538,1000.0
utah_2019,utah_2019,event,/home/ted1204/MS_Detection_Datamaker/MS_datamaker_UTAH_2019/data/event/FORGE_78-32_iDASv3-P11_UTC190427172623.sgy,FORGE_78-32_iDASv3-P11_UTC190427172623.sgy,FORGE_78-32_iDASv3-P11_UTC190427172623,.sgy,utah_2019__FORGE_78-32_iDASv3-P11_UTC190427172623,1000.0
utah_2019,utah_2019,event,/home/ted1204/MS_Detection_Datamaker/MS_datamaker_UTAH_2019/data/event/FORGE_78-32_iDASv3-P11_UTC190427172738.sgy,FORGE_78-32_iDASv3-P11_UTC190427172738.sgy,FORGE_78-32_iDASv3-P11_UTC190427172738,.sgy,utah_2019__FORGE_78-32_iDASv3-P11_UTC190427172738,1000.0
utah_2019,utah_2019,event,/home/ted1204/MS_Detection_Datamaker/MS_datamaker_UTAH_2019/data/event/FORGE_78-32_iDASv3-P11_UTC190427172838.sgy,FORGE_78-32_iDASv3-P11_UTC190427172838.sgy,FORGE_78-32_iDASv3-P11_UTC190427172838,.sgy,utah_2019__FORGE_78-32_iDASv3-P11_UTC190427172838,1000.0
utah_2019,utah_2019,event,/home/ted1204/MS_Detection_Datamaker/MS_datamaker_UTAH_2019/data/event/FORGE_78-32_iDASv3-P11_UTC190427172938.sgy,FORGE_78-32_iDASv3-P11_UTC190427172938.sgy,FORGE_78-32_iDASv3-P11_UTC190427172938,.sgy,utah_2019__FORGE_78-32_iDASv3-P11_UTC190427172938,1000.0
utah_2019,utah_2019,event,/home/ted1204/MS_Detection_Datamaker/MS_datamaker_UTAH_2019/data/event/FORGE_78-32_iDASv3-P11_UTC190427173023.sgy,FORGE_78-32_iDASv3-P11_UTC190427173023.sgy,FORGE_78-32_iDASv3-P11_UTC190427173023,.sgy,utah_2019__FORGE_78-32_iDASv3-P11_UTC190427173023,1000.0
utah_2019,utah_2019,event,/home/ted1204/MS_Detection_Datamaker/MS_datamaker_UTAH_2019/data/event/FORGE_78-32_iDASv3-P11_UTC190427173323.sgy,FORGE_78-32_iDASv3-P11_UTC190427173323.sgy,FORGE_78-32_iDASv3-P11_UTC190427173323,.sgy,utah_2019__FORGE_78-32_iDASv3-P11_UTC190427173323,1000.0
utah_2019,utah_2019,event,/home/ted1204/MS_Detection_Datamaker/MS_datamaker_UTAH_2019/data/event/FORGE_78-32_iDASv3-P11_UTC190427173438.sgy,FORGE_78-32_iDASv3-P11_UTC190427173438.sgy,FORGE_78-32_iDASv3-P11_UTC190427173438,.sgy,utah_2019__FORGE_78-32_iDASv3-P11_UTC190427173438,1000.0
utah_2019,utah_2019,event,/home/ted1204/MS_Detection_Datamaker/MS_datamaker_UTAH_2019/data/event/FORGE_78-32_iDASv3-P11_UTC190427173508.sgy,FORGE_78-32_iDASv3-P11_UTC190427173508.sgy,FORGE_78-32_iDASv3-P11_UTC190427173508,.sgy,utah_2019__FORGE_78-32_iDASv3-P11_UTC190427173508,1000.0
utah_2019,utah_2019,event,/home/ted1204/MS_Detection_Datamaker/MS_datamaker_UTAH_2019/data/event/FORGE_78-32_iDASv3-P11_UTC190427173653.sgy,FORGE_78-32_iDASv3-P11_UTC190427173653.sgy,FORGE_78-32_iDASv3-P11_UTC190427173653,.sgy,utah_2019__FORGE_78-32_iDASv3-P11_UTC190427173653,1000.0
utah_2019,utah_2019,event,/home/ted1204/MS_Detection_Datamaker/MS_datamaker_UTAH_2019/data/event/FORGE_78-32_iDASv3-P11_UTC190427173708.sgy,FORGE_78-32_iDASv3-P11_UTC190427173708.sgy,FORGE_78-32_iDASv3-P11_UTC190427173708,.sgy,utah_2019__FORGE_78-32_iDASv3-P11_UTC190427173708,1000.0
utah_2019,utah_2019,event,/home/ted1204/MS_Detection_Datamaker/MS_datamaker_UTAH_2019/data/event/FORGE_78-32_iDASv3-P11_UTC190427173738.sgy,FORGE_78-32_iDASv3-P11_UTC190427173738.sgy,FORGE_78-32_iDASv3-P11_UTC190427173738,.sgy,utah_2019__FORGE_78-32_iDASv3-P11_UTC190427173738,1000.0
utah_2019,utah_2019,event,/home/ted1204/MS_Detection_Datamaker/MS_datamaker_UTAH_2019/data/event/FORGE_78-32_iDASv3-P11_UTC190427173853.sgy,FORGE_78-32_iDASv3-P11_UTC190427173853.sgy,FORGE_78-32_iDASv3-P11_UTC190427173853,.sgy,utah_2019__FORGE_78-32_iDASv3-P11_UTC190427173853,1000.0
utah_2019,utah_2019,event,/home/ted1204/MS_Detection_Datamaker/MS_datamaker_UTAH_2019/data/event/FORGE_78-32_iDASv3-P11_UTC190427173908.sgy,FORGE_78-32_iDASv3-P11_UTC190427173908.sgy,FORGE_78-32_iDASv3-P11_UTC190427173908,.sgy,utah_2019__FORGE_78-32_iDASv3-P11_UTC190427173908,1000.0
utah_2019,utah_2019,event,/home/ted1204/MS_Detection_Datamaker/MS_datamaker_UTAH_2019/data/event/FORGE_78-32_iDASv3-P11_UTC190427173953.sgy,FORGE_78-32_iDASv3-P11_UTC190427173953.sgy,FORGE_78-32_iDASv3-P11_UTC190427173953,.sgy,utah_2019__FORGE_78-32_iDASv3-P11_UTC190427173953,1000.0
utah_2019,utah_2019,event,/home/ted1204/MS_Detection_Datamaker/MS_datamaker_UTAH_2019/data/event/FORGE_78-32_iDASv3-P11_UTC190427174023.sgy,FORGE_78-32_iDASv3-P11_UTC190427174023.sgy,FORGE_78-32_iDASv3-P11_UTC190427174023,.sgy,utah_2019__FORGE_78-32_iDASv3-P11_UTC190427174023,1000.0
utah_2019,utah_2019,event,/home/ted1204/MS_Detection_Datamaker/MS_datamaker_UTAH_2019/data/event/FORGE_78-32_iDASv3-P11_UTC190427174108.sgy,FORGE_78-32_iDASv3-P11_UTC190427174108.sgy,FORGE_78-32_iDASv3-P11_UTC190427174108,.sgy,utah_2019__FORGE_78-32_iDASv3-P11_UTC190427174108,1000.0
utah_2019,utah_2019,event,/home/ted1204/MS_Detection_Datamaker/MS_datamaker_UTAH_2019/data/event/FORGE_78-32_iDASv3-P11_UTC190427174308.sgy,FORGE_78-32_iDASv3-P11_UTC190427174308.sgy,FORGE_78-32_iDASv3-P11_UTC190427174308,.sgy,utah_2019__FORGE_78-32_iDASv3-P11_UTC190427174308,1000.0
utah_2019,utah_2019,event,/home/ted1204/MS_Detection_Datamaker/MS_datamaker_UTAH_2019/data/event/FORGE_78-32_iDASv3-P11_UTC190427174508.sgy,FORGE_78-32_iDASv3-P11_UTC190427174508.sgy,FORGE_78-32_iDASv3-P11_UTC190427174508,.sgy,utah_2019__FORGE_78-32_iDASv3-P11_UTC190427174508,1000.0
utah_2019,utah_2019,event,/home/ted1204/MS_Detection_Datamaker/MS_datamaker_UTAH_2019/data/event/FORGE_78-32_iDASv3-P11_UTC190427174538.sgy,FORGE_78-32_iDASv3-P11_UTC190427174538.sgy,FORGE_78-32_iDASv3-P11_UTC190427174538,.sgy,utah_2019__FORGE_78-32_iDASv3-P11_UTC190427174538,1000.0
utah_2019,utah_2019,event,/home/ted1204/MS_Detection_Datamaker/MS_datamaker_UTAH_2019/data/event/FORGE_78-32_iDASv3-P11_UTC190427174608.sgy,FORGE_78-32_iDASv3-P11_UTC190427174608.sgy,FORGE_78-32_iDASv3-P11_UTC190427174608,.sgy,utah_2019__FORGE_78-32_iDASv3-P11_UTC190427174608,1000.0
utah_2019,utah_2019,event,/home/ted1204/MS_Detection_Datamaker/MS_datamaker_UTAH_2019/data/event/FORGE_78-32_iDASv3-P11_UTC190427174753.sgy,FORGE_78-32_iDASv3-P11_UTC190427174753.sgy,FORGE_78-32_iDASv3-P11_UTC190427174753,.sgy,utah_2019__FORGE_78-32_iDASv3-P11_UTC190427174753,1000.0
utah_2019,utah_2019,event,/home/ted1204/MS_Detection_Datamaker/MS_datamaker_UTAH_2019/data/event/FORGE_78-32_iDASv3-P11_UTC190427174923.sgy,FORGE_78-32_iDASv3-P11_UTC190427174923.sgy,FORGE_78-32_iDASv3-P11_UTC190427174923,.sgy,utah_2019__FORGE_78-32_iDASv3-P11_UTC190427174923,1000.0
utah_2019,utah_2019,event,/home/ted1204/MS_Detection_Datamaker/MS_datamaker_UTAH_2019/data/event/FORGE_78-32_iDASv3-P11_UTC190427175023.sgy,FORGE_78-32_iDASv3-P11_UTC190427175023.sgy,FORGE_78-32_iDASv3-P11_UTC190427175023,.sgy,utah_2019__FORGE_78-32_iDASv3-P11_UTC190427175023,1000.0
utah_2019,utah_2019,event,/home/ted1204/MS_Detection_Datamaker/MS_datamaker_UTAH_2019/data/event/FORGE_78-32_iDASv3-P11_UTC190427175038.sgy,FORGE_78-32_iDASv3-P11_UTC190427175038.sgy,FORGE_78-32_iDASv3-P11_UTC190427175038,.sgy,utah_2019__FORGE_78-32_iDASv3-P11_UTC190427175038,1000.0
utah_2019,utah_2019,event,/home/ted1204/MS_Detection_Datamaker/MS_datamaker_UTAH_2019/data/event/FORGE_78-32_iDASv3-P11_UTC190427175108.sgy,FORGE_78-32_iDASv3-P11_UTC190427175108.sgy,FORGE_78-32_iDASv3-P11_UTC190427175108,.sgy,utah_2019__FORGE_78-32_iDASv3-P11_UTC190427175108,1000.0
utah_2019,utah_2019,event,/home/ted1204/MS_Detection_Datamaker/MS_datamaker_UTAH_2019/data/event/FORGE_78-32_iDASv3-P11_UTC190427175123.sgy,FORGE_78-32_iDASv3-P11_UTC190427175123.sgy,FORGE_78-32_iDASv3-P11_UTC190427175123,.sgy,utah_2019__FORGE_78-32_iDASv3-P11_UTC190427175123,1000.0
utah_2019,utah_2019,event,/home/ted1204/MS_Detection_Datamaker/MS_datamaker_UTAH_2019/data/event/FORGE_78-32_iDASv3-P11_UTC190427175438.sgy,FORGE_78-32_iDASv3-P11_UTC190427175438.sgy,FORGE_78-32_iDASv3-P11_UTC190427175438,.sgy,utah_2019__FORGE_78-32_iDASv3-P11_UTC190427175438,1000.0
utah_2019,utah_2019,event,/home/ted1204/MS_Detection_Datamaker/MS_datamaker_UTAH_2019/data/event/FORGE_78-32_iDASv3-P11_UTC190427175823.sgy,FORGE_78-32_iDASv3-P11_UTC190427175823.sgy,FORGE_78-32_iDASv3-P11_UTC190427175823,.sgy,utah_2019__FORGE_78-32_iDASv3-P11_UTC190427175823,1000.0
utah_2019,utah_2019,event,/home/ted1204/MS_Detection_Datamaker/MS_datamaker_UTAH_2019/data/event/FORGE_78-32_iDASv3-P11_UTC190427175953.sgy,FORGE_78-32_iDASv3-P11_UTC190427175953.sgy,FORGE_78-32_iDASv3-P11_UTC190427175953,.sgy,utah_2019__FORGE_78-32_iDASv3-P11_UTC190427175953,1000.0
utah_2019,utah_2019,event,/home/ted1204/MS_Detection_Datamaker/MS_datamaker_UTAH_2019/data/event/FORGE_78-32_iDASv3-P11_UTC190427180023.sgy,FORGE_78-32_iDASv3-P11_UTC190427180023.sgy,FORGE_78-32_iDASv3-P11_UTC190427180023,.sgy,utah_2019__FORGE_78-32_iDASv3-P11_UTC190427180023,1000.0
utah_2019,utah_2019,event,/home/ted1204/MS_Detection_Datamaker/MS_datamaker_UTAH_2019/data/event/FORGE_78-32_iDASv3-P11_UTC190427180053.sgy,FORGE_78-32_iDASv3-P11_UTC190427180053.sgy,FORGE_78-32_iDASv3-P11_UTC190427180053,.sgy,utah_2019__FORGE_78-32_iDASv3-P11_UTC190427180053,1000.0
utah_2019,utah_2019,event,/home/ted1204/MS_Detection_Datamaker/MS_datamaker_UTAH_2019/data/event/FORGE_78-32_iDASv3-P11_UTC190427180423.sgy,FORGE_78-32_iDASv3-P11_UTC190427180423.sgy,FORGE_78-32_iDASv3-P11_UTC190427180423,.sgy,utah_2019__FORGE_78-32_iDASv3-P11_UTC190427180423,1000.0
utah_2019,utah_2019,event,/home/ted1204/MS_Detection_Datamaker/MS_datamaker_UTAH_2019/data/event/FORGE_78-32_iDASv3-P11_UTC190427180453.sgy,FORGE_78-32_iDASv3-P11_UTC190427180453.sgy,FORGE_78-32_iDASv3-P11_UTC190427180453,.sgy,utah_2019__FORGE_78-32_iDASv3-P11_UTC190427180453,1000.0
utah_2019,utah_2019,event,/home/ted1204/MS_Detection_Datamaker/MS_datamaker_UTAH_2019/data/event/FORGE_78-32_iDASv3-P11_UTC190427180538.sgy,FORGE_78-32_iDASv3-P11_UTC190427180538.sgy,FORGE_78-32_iDASv3-P11_UTC190427180538,.sgy,utah_2019__FORGE_78-32_iDASv3-P11_UTC190427180538,1000.0
utah_2019,utah_2019,event,/home/ted1204/MS_Detection_Datamaker/MS_datamaker_UTAH_2019/data/event/FORGE_78-32_iDASv3-P11_UTC190427180553.sgy,FORGE_78-32_iDASv3-P11_UTC190427180553.sgy,FORGE_78-32_iDASv3-P11_UTC190427180553,.sgy,utah_2019__FORGE_78-32_iDASv3-P11_UTC190427180553,1000.0
utah_2019,utah_2019,event,/home/ted1204/MS_Detection_Datamaker/MS_datamaker_UTAH_2019/data/event/FORGE_78-32_iDASv3-P11_UTC190427180708.sgy,FORGE_78-32_iDASv3-P11_UTC190427180708.sgy,FORGE_78-32_iDASv3-P11_UTC190427180708,.sgy,utah_2019__FORGE_78-32_iDASv3-P11_UTC190427180708,1000.0
utah_2019,utah_2019,event,/home/ted1204/MS_Detection_Datamaker/MS_datamaker_UTAH_2019/data/event/FORGE_78-32_iDASv3-P11_UTC190427180953.sgy,FORGE_78-32_iDASv3-P11_UTC190427180953.sgy,FORGE_78-32_iDASv3-P11_UTC190427180953,.sgy,utah_2019__FORGE_78-32_iDASv3-P11_UTC190427180953,1000.0
utah_2019,utah_2019,event,/home/ted1204/MS_Detection_Datamaker/MS_datamaker_UTAH_2019/data/event/FORGE_78-32_iDASv3-P11_UTC190427181008.sgy,FORGE_78-32_iDASv3-P11_UTC190427181008.sgy,FORGE_78-32_iDASv3-P11_UTC190427181008,.sgy,utah_2019__FORGE_78-32_iDASv3-P11_UTC190427181008,1000.0
utah_2019,utah_2019,event,/home/ted1204/MS_Detection_Datamaker/MS_datamaker_UTAH_2019/data/event/FORGE_78-32_iDASv3-P11_UTC190427182223.sgy,FORGE_78-32_iDASv3-P11_UTC190427182223.sgy,FORGE_78-32_iDASv3-P11_UTC190427182223,.sgy,utah_2019__FORGE_78-32_iDASv3-P11_UTC190427182223,1000.0
utah_2019,utah_2019,event,/home/ted1204/MS_Detection_Datamaker/MS_datamaker_UTAH_2019/data/event/FORGE_78-32_iDASv3-P11_UTC190427182638.sgy,FORGE_78-32_iDASv3-P11_UTC190427182638.sgy,FORGE_78-32_iDASv3-P11_UTC190427182638,.sgy,utah_2019__FORGE_78-32_iDASv3-P11_UTC190427182638,1000.0
utah_2019,utah_2019,event,/home/ted1204/MS_Detection_Datamaker/MS_datamaker_UTAH_2019/data/event/FORGE_78-32_iDASv3-P11_UTC190427182753.sgy,FORGE_78-32_iDASv3-P11_UTC190427182753.sgy,FORGE_78-32_iDASv3-P11_UTC190427182753,.sgy,utah_2019__FORGE_78-32_iDASv3-P11_UTC190427182753,1000.0
utah_2019,utah_2019,event,/home/ted1204/MS_Detection_Datamaker/MS_datamaker_UTAH_2019/data/event/FORGE_78-32_iDASv3-P11_UTC190427191823.sgy,FORGE_78-32_iDASv3-P11_UTC190427191823.sgy,FORGE_78-32_iDASv3-P11_UTC190427191823,.sgy,utah_2019__FORGE_78-32_iDASv3-P11_UTC190427191823,1000.0
utah_2019,utah_2019,event,/home/ted1204/MS_Detection_Datamaker/MS_datamaker_UTAH_2019/data/event/FORGE_78-32_iDASv3-P11_UTC190427194323.sgy,FORGE_78-32_iDASv3-P11_UTC190427194323.sgy,FORGE_78-32_iDASv3-P11_UTC190427194323,.sgy,utah_2019__FORGE_78-32_iDASv3-P11_UTC190427194323,1000.0
utah_2019,utah_2019,event,/home/ted1204/MS_Detection_Datamaker/MS_datamaker_UTAH_2019/data/event/FORGE_78-32_iDASv3-P11_UTC190427194723.sgy,FORGE_78-32_iDASv3-P11_UTC190427194723.sgy,FORGE_78-32_iDASv3-P11_UTC190427194723,.sgy,utah_2019__FORGE_78-32_iDASv3-P11_UTC190427194723,1000.0
utah_2019,utah_2019,event,/home/ted1204/MS_Detection_Datamaker/MS_datamaker_UTAH_2019/data/event/FORGE_78-32_iDASv3-P11_UTC190427194908.sgy,FORGE_78-32_iDASv3-P11_UTC190427194908.sgy,FORGE_78-32_iDASv3-P11_UTC190427194908,.sgy,utah_2019__FORGE_78-32_iDASv3-P11_UTC190427194908,1000.0
utah_2019,utah_2019,event,/home/ted1204/MS_Detection_Datamaker/MS_datamaker_UTAH_2019/data/event/FORGE_78-32_iDASv3-P11_UTC190427194938.sgy,FORGE_78-32_iDASv3-P11_UTC190427194938.sgy,FORGE_78-32_iDASv3-P11_UTC190427194938,.sgy,utah_2019__FORGE_78-32_iDASv3-P11_UTC190427194938,1000.0
utah_2019,utah_2019,event,/home/ted1204/MS_Detection_Datamaker/MS_datamaker_UTAH_2019/data/event/FORGE_78-32_iDASv3-P11_UTC190427194953.sgy,FORGE_78-32_iDASv3-P11_UTC190427194953.sgy,FORGE_78-32_iDASv3-P11_UTC190427194953,.sgy,utah_2019__FORGE_78-32_iDASv3-P11_UTC190427194953,1000.0
utah_2019,utah_2019,event,/home/ted1204/MS_Detection_Datamaker/MS_datamaker_UTAH_2019/data/event/FORGE_78-32_iDASv3-P11_UTC190427195008.sgy,FORGE_78-32_iDASv3-P11_UTC190427195008.sgy,FORGE_78-32_iDASv3-P11_UTC190427195008,.sgy,utah_2019__FORGE_78-32_iDASv3-P11_UTC190427195008,1000.0
utah_2019,utah_2019,event,/home/ted1204/MS_Detection_Datamaker/MS_datamaker_UTAH_2019/data/event/FORGE_78-32_iDASv3-P11_UTC190427195323.sgy,FORGE_78-32_iDASv3-P11_UTC190427195323.sgy,FORGE_78-32_iDASv3-P11_UTC190427195323,.sgy,utah_2019__FORGE_78-32_iDASv3-P11_UTC190427195323,1000.0
utah_2019,utah_2019,event,/home/ted1204/MS_Detection_Datamaker/MS_datamaker_UTAH_2019/data/event/FORGE_78-32_iDASv3-P11_UTC190427195423.sgy,FORGE_78-32_iDASv3-P11_UTC190427195423.sgy,FORGE_78-32_iDASv3-P11_UTC190427195423,.sgy,utah_2019__FORGE_78-32_iDASv3-P11_UTC190427195423,1000.0
utah_2019,utah_2019,event,/home/ted1204/MS_Detection_Datamaker/MS_datamaker_UTAH_2019/data/event/FORGE_78-32_iDASv3-P11_UTC190427195753.sgy,FORGE_78-32_iDASv3-P11_UTC190427195753.sgy,FORGE_78-32_iDASv3-P11_UTC190427195753,.sgy,utah_2019__FORGE_78-32_iDASv3-P11_UTC190427195753,1000.0
utah_2019,utah_2019,event,/home/ted1204/MS_Detection_Datamaker/MS_datamaker_UTAH_2019/data/event/FORGE_78-32_iDASv3-P11_UTC190427195823.sgy,FORGE_78-32_iDASv3-P11_UTC190427195823.sgy,FORGE_78-32_iDASv3-P11_UTC190427195823,.sgy,utah_2019__FORGE_78-32_iDASv3-P11_UTC190427195823,1000.0
utah_2019,utah_2019,event,/home/ted1204/MS_Detection_Datamaker/MS_datamaker_UTAH_2019/data/event/FORGE_78-32_iDASv3-P11_UTC190427200308.sgy,FORGE_78-32_iDASv3-P11_UTC190427200308.sgy,FORGE_78-32_iDASv3-P11_UTC190427200308,.sgy,utah_2019__FORGE_78-32_iDASv3-P11_UTC190427200308,1000.0
utah_2019,utah_2019,event,/home/ted1204/MS_Detection_Datamaker/MS_datamaker_UTAH_2019/data/event/FORGE_78-32_iDASv3-P11_UTC190427200508.sgy,FORGE_78-32_iDASv3-P11_UTC190427200508.sgy,FORGE_78-32_iDASv3-P11_UTC190427200508,.sgy,utah_2019__FORGE_78-32_iDASv3-P11_UTC190427200508,1000.0
utah_2019,utah_2019,event,/home/ted1204/MS_Detection_Datamaker/MS_datamaker_UTAH_2019/data/event/FORGE_78-32_iDASv3-P11_UTC190427200638.sgy,FORGE_78-32_iDASv3-P11_UTC190427200638.sgy,FORGE_78-32_iDASv3-P11_UTC190427200638,.sgy,utah_2019__FORGE_78-32_iDASv3-P11_UTC190427200638,1000.0
utah_2019,utah_2019,event,/home/ted1204/MS_Detection_Datamaker/MS_datamaker_UTAH_2019/data/event/FORGE_78-32_iDASv3-P11_UTC190427200653.sgy,FORGE_78-32_iDASv3-P11_UTC190427200653.sgy,FORGE_78-32_iDASv3-P11_UTC190427200653,.sgy,utah_2019__FORGE_78-32_iDASv3-P11_UTC190427200653,1000.0
utah_2019,utah_2019,event,/home/ted1204/MS_Detection_Datamaker/MS_datamaker_UTAH_2019/data/event/FORGE_78-32_iDASv3-P11_UTC190427200953.sgy,FORGE_78-32_iDASv3-P11_UTC190427200953.sgy,FORGE_78-32_iDASv3-P11_UTC190427200953,.sgy,utah_2019__FORGE_78-32_iDASv3-P11_UTC190427200953,1000.0
utah_2019,utah_2019,event,/home/ted1204/MS_Detection_Datamaker/MS_datamaker_UTAH_2019/data/event/FORGE_78-32_iDASv3-P11_UTC190427201008.sgy,FORGE_78-32_iDASv3-P11_UTC190427201008.sgy,FORGE_78-32_iDASv3-P11_UTC190427201008,.sgy,utah_2019__FORGE_78-32_iDASv3-P11_UTC190427201008,1000.0
utah_2019,utah_2019,event,/home/ted1204/MS_Detection_Datamaker/MS_datamaker_UTAH_2019/data/event/FORGE_78-32_iDASv3-P11_UTC190427201723.sgy,FORGE_78-32_iDASv3-P11_UTC190427201723.sgy,FORGE_78-32_iDASv3-P11_UTC190427201723,.sgy,utah_2019__FORGE_78-32_iDASv3-P11_UTC190427201723,1000.0
utah_2019,utah_2019,event,/home/ted1204/MS_Detection_Datamaker/MS_datamaker_UTAH_2019/data/event/FORGE_78-32_iDASv3-P11_UTC190427202053.sgy,FORGE_78-32_iDASv3-P11_UTC190427202053.sgy,FORGE_78-32_iDASv3-P11_UTC190427202053,.sgy,utah_2019__FORGE_78-32_iDASv3-P11_UTC190427202053,1000.0
utah_2019,utah_2019,event,/home/ted1204/MS_Detection_Datamaker/MS_datamaker_UTAH_2019/data/event/FORGE_78-32_iDASv3-P11_UTC190427203253.sgy,FORGE_78-32_iDASv3-P11_UTC190427203253.sgy,FORGE_78-32_iDASv3-P11_UTC190427203253,.sgy,utah_2019__FORGE_78-32_iDASv3-P11_UTC190427203253,1000.0
utah_2019,utah_2019,event,/home/ted1204/MS_Detection_Datamaker/MS_datamaker_UTAH_2019/data/event/FORGE_78-32_iDASv3-P11_UTC190427203938.sgy,FORGE_78-32_iDASv3-P11_UTC190427203938.sgy,FORGE_78-32_iDASv3-P11_UTC190427203938,.sgy,utah_2019__FORGE_78-32_iDASv3-P11_UTC190427203938,1000.0
utah_2019,utah_2019,event,/home/ted1204/MS_Detection_Datamaker/MS_datamaker_UTAH_2019/data/event/FORGE_78-32_iDASv3-P11_UTC190427204208.sgy,FORGE_78-32_iDASv3-P11_UTC190427204208.sgy,FORGE_78-32_iDASv3-P11_UTC190427204208,.sgy,utah_2019__FORGE_78-32_iDASv3-P11_UTC190427204208,1000.0
utah_2019,utah_2019,event,/home/ted1204/MS_Detection_Datamaker/MS_datamaker_UTAH_2019/data/event/FORGE_78-32_iDASv3-P11_UTC190427213008.sgy,FORGE_78-32_iDASv3-P11_UTC190427213008.sgy,FORGE_78-32_iDASv3-P11_UTC190427213008,.sgy,utah_2019__FORGE_78-32_iDASv3-P11_UTC190427213008,1000.0
utah_2019,utah_2019,event,/home/ted1204/MS_Detection_Datamaker/MS_datamaker_UTAH_2019/data/event/FORGE_78-32_iDASv3-P11_UTC190427213423.sgy,FORGE_78-32_iDASv3-P11_UTC190427213423.sgy,FORGE_78-32_iDASv3-P11_UTC190427213423,.sgy,utah_2019__FORGE_78-32_iDASv3-P11_UTC190427213423,1000.0
utah_2019,utah_2019,event,/home/ted1204/MS_Detection_Datamaker/MS_datamaker_UTAH_2019/data/event/FORGE_78-32_iDASv3-P11_UTC190427215908.sgy,FORGE_78-32_iDASv3-P11_UTC190427215908.sgy,FORGE_78-32_iDASv3-P11_UTC190427215908,.sgy,utah_2019__FORGE_78-32_iDASv3-P11_UTC190427215908,1000.0
utah_2019,utah_2019,event,/home/ted1204/MS_Detection_Datamaker/MS_datamaker_UTAH_2019/data/event/FORGE_78-32_iDASv3-P11_UTC190427222823.sgy,FORGE_78-32_iDASv3-P11_UTC190427222823.sgy,FORGE_78-32_iDASv3-P11_UTC190427222823,.sgy,utah_2019__FORGE_78-32_iDASv3-P11_UTC190427222823,1000.0
utah_2019,utah_2019,event,/home/ted1204/MS_Detection_Datamaker/MS_datamaker_UTAH_2019/data/event/FORGE_78-32_iDASv3-P11_UTC190427235053.sgy,FORGE_78-32_iDASv3-P11_UTC190427235053.sgy,FORGE_78-32_iDASv3-P11_UTC190427235053,.sgy,utah_2019__FORGE_78-32_iDASv3-P11_UTC190427235053,1000.0
utah_2019,utah_2019,event,/home/ted1204/MS_Detection_Datamaker/MS_datamaker_UTAH_2019/data/event/FORGE_78-32_iDASv3-P11_UTC190428021238.sgy,FORGE_78-32_iDASv3-P11_UTC190428021238.sgy,FORGE_78-32_iDASv3-P11_UTC190428021238,.sgy,utah_2019__FORGE_78-32_iDASv3-P11_UTC190428021238,1000.0
utah_2019,utah_2019,event,/home/ted1204/MS_Detection_Datamaker/MS_datamaker_UTAH_2019/data/event/FORGE_78-32_iDASv3-P11_UTC190428151938.sgy,FORGE_78-32_iDASv3-P11_UTC190428151938.sgy,FORGE_78-32_iDASv3-P11_UTC190428151938,.sgy,utah_2019__FORGE_78-32_iDASv3-P11_UTC190428151938,1000.0
utah_2019,utah_2019,event,/home/ted1204/MS_Detection_Datamaker/MS_datamaker_UTAH_2019/data/event/FORGE_78-32_iDASv3-P11_UTC190428152053.sgy,FORGE_78-32_iDASv3-P11_UTC190428152053.sgy,FORGE_78-32_iDASv3-P11_UTC190428152053,.sgy,utah_2019__FORGE_78-32_iDASv3-P11_UTC190428152053,1000.0
utah_2019,utah_2019,event,/home/ted1204/MS_Detection_Datamaker/MS_datamaker_UTAH_2019/data/event/FORGE_78-32_iDASv3-P11_UTC190428152553.sgy,FORGE_78-32_iDASv3-P11_UTC190428152553.sgy,FORGE_78-32_iDASv3-P11_UTC190428152553,.sgy,utah_2019__FORGE_78-32_iDASv3-P11_UTC190428152553,1000.0
utah_2019,utah_2019,event,/home/ted1204/MS_Detection_Datamaker/MS_datamaker_UTAH_2019/data/event/FORGE_78-32_iDASv3-P11_UTC190428152608.sgy,FORGE_78-32_iDASv3-P11_UTC190428152608.sgy,FORGE_78-32_iDASv3-P11_UTC190428152608,.sgy,utah_2019__FORGE_78-32_iDASv3-P11_UTC190428152608,1000.0
utah_2019,utah_2019,event,/home/ted1204/MS_Detection_Datamaker/MS_datamaker_UTAH_2019/data/event/FORGE_78-32_iDASv3-P11_UTC190428152623.sgy,FORGE_78-32_iDASv3-P11_UTC190428152623.sgy,FORGE_78-32_iDASv3-P11_UTC190428152623,.sgy,utah_2019__FORGE_78-32_iDASv3-P11_UTC190428152623,1000.0
utah_2019,utah_2019,event,/home/ted1204/MS_Detection_Datamaker/MS_datamaker_UTAH_2019/data/event/FORGE_78-32_iDASv3-P11_UTC190428152653.sgy,FORGE_78-32_iDASv3-P11_UTC190428152653.sgy,FORGE_78-32_iDASv3-P11_UTC190428152653,.sgy,utah_2019__FORGE_78-32_iDASv3-P11_UTC190428152653,1000.0
utah_2019,utah_2019,event,/home/ted1204/MS_Detection_Datamaker/MS_datamaker_UTAH_2019/data/event/FORGE_78-32_iDASv3-P11_UTC190428152738.sgy,FORGE_78-32_iDASv3-P11_UTC190428152738.sgy,FORGE_78-32_iDASv3-P11_UTC190428152738,.sgy,utah_2019__FORGE_78-32_iDASv3-P11_UTC190428152738,1000.0
utah_2019,utah_2019,event,/home/ted1204/MS_Detection_Datamaker/MS_datamaker_UTAH_2019/data/event/FORGE_78-32_iDASv3-P11_UTC190428152808.sgy,FORGE_78-32_iDASv3-P11_UTC190428152808.sgy,FORGE_78-32_iDASv3-P11_UTC190428152808,.sgy,utah_2019__FORGE_78-32_iDASv3-P11_UTC190428152808,1000.0
utah_2019,utah_2019,event,/home/ted1204/MS_Detection_Datamaker/MS_datamaker_UTAH_2019/data/event/FORGE_78-32_iDASv3-P11_UTC190428152838.sgy,FORGE_78-32_iDASv3-P11_UTC190428152838.sgy,FORGE_78-32_iDASv3-P11_UTC190428152838,.sgy,utah_2019__FORGE_78-32_iDASv3-P11_UTC190428152838,1000.0
utah_2019,utah_2019,event,/home/ted1204/MS_Detection_Datamaker/MS_datamaker_UTAH_2019/data/event/FORGE_78-32_iDASv3-P11_UTC190428152938.sgy,FORGE_78-32_iDASv3-P11_UTC190428152938.sgy,FORGE_78-32_iDASv3-P11_UTC190428152938,.sgy,utah_2019__FORGE_78-32_iDASv3-P11_UTC190428152938,1000.0
utah_2019,utah_2019,event,/home/ted1204/MS_Detection_Datamaker/MS_datamaker_UTAH_2019/data/event/FORGE_78-32_iDASv3-P11_UTC190428152953.sgy,FORGE_78-32_iDASv3-P11_UTC190428152953.sgy,FORGE_78-32_iDASv3-P11_UTC190428152953,.sgy,utah_2019__FORGE_78-32_iDASv3-P11_UTC190428152953,1000.0
utah_2019,utah_2019,event,/home/ted1204/MS_Detection_Datamaker/MS_datamaker_UTAH_2019/data/event/FORGE_78-32_iDASv3-P11_UTC190428153038.sgy,FORGE_78-32_iDASv3-P11_UTC190428153038.sgy,FORGE_78-32_iDASv3-P11_UTC190428153038,.sgy,utah_2019__FORGE_78-32_iDASv3-P11_UTC190428153038,1000.0
utah_2019,utah_2019,event,/home/ted1204/MS_Detection_Datamaker/MS_datamaker_UTAH_2019/data/event/FORGE_78-32_iDASv3-P11_UTC190428153123.sgy,FORGE_78-32_iDASv3-P11_UTC190428153123.sgy,FORGE_78-32_iDASv3-P11_UTC190428153123,.sgy,utah_2019__FORGE_78-32_iDASv3-P11_UTC190428153123,1000.0
utah_2019,utah_2019,event,/home/ted1204/MS_Detection_Datamaker/MS_datamaker_UTAH_2019/data/event/FORGE_78-32_iDASv3-P11_UTC190428153153.sgy,FORGE_78-32_iDASv3-P11_UTC190428153153.sgy,FORGE_78-32_iDASv3-P11_UTC190428153153,.sgy,utah_2019__FORGE_78-32_iDASv3-P11_UTC190428153153,1000.0
utah_2019,utah_2019,event,/home/ted1204/MS_Detection_Datamaker/MS_datamaker_UTAH_2019/data/event/FORGE_78-32_iDASv3-P11_UTC190428153208.sgy,FORGE_78-32_iDASv3-P11_UTC190428153208.sgy,FORGE_78-32_iDASv3-P11_UTC190428153208,.sgy,utah_2019__FORGE_78-32_iDASv3-P11_UTC190428153208,1000.0
utah_2019,utah_2019,event,/home/ted1204/MS_Detection_Datamaker/MS_datamaker_UTAH_2019/data/event/FORGE_78-32_iDASv3-P11_UTC190428153338.sgy,FORGE_78-32_iDASv3-P11_UTC190428153338.sgy,FORGE_78-32_iDASv3-P11_UTC190428153338,.sgy,utah_2019__FORGE_78-32_iDASv3-P11_UTC190428153338,1000.0
utah_2019,utah_2019,event,/home/ted1204/MS_Detection_Datamaker/MS_datamaker_UTAH_2019/data/event/FORGE_78-32_iDASv3-P11_UTC190428153653.sgy,FORGE_78-32_iDASv3-P11_UTC190428153653.sgy,FORGE_78-32_iDASv3-P11_UTC190428153653,.sgy,utah_2019__FORGE_78-32_iDASv3-P11_UTC190428153653,1000.0
utah_2019,utah_2019,event,/home/ted1204/MS_Detection_Datamaker/MS_datamaker_UTAH_2019/data/event/FORGE_78-32_iDASv3-P11_UTC190428153753.sgy,FORGE_78-32_iDASv3-P11_UTC190428153753.sgy,FORGE_78-32_iDASv3-P11_UTC190428153753,.sgy,utah_2019__FORGE_78-32_iDASv3-P11_UTC190428153753,1000.0
utah_2019,utah_2019,event,/home/ted1204/MS_Detection_Datamaker/MS_datamaker_UTAH_2019/data/event/FORGE_78-32_iDASv3-P11_UTC190428153908.sgy,FORGE_78-32_iDASv3-P11_UTC190428153908.sgy,FORGE_78-32_iDASv3-P11_UTC190428153908,.sgy,utah_2019__FORGE_78-32_iDASv3-P11_UTC190428153908,1000.0
utah_2019,utah_2019,event,/home/ted1204/MS_Detection_Datamaker/MS_datamaker_UTAH_2019/data/event/FORGE_78-32_iDASv3-P11_UTC190428154038.sgy,FORGE_78-32_iDASv3-P11_UTC190428154038.sgy,FORGE_78-32_iDASv3-P11_UTC190428154038,.sgy,utah_2019__FORGE_78-32_iDASv3-P11_UTC190428154038,1000.0
utah_2019,utah_2019,event,/home/ted1204/MS_Detection_Datamaker/MS_datamaker_UTAH_2019/data/event/FORGE_78-32_iDASv3-P11_UTC190428154223.sgy,FORGE_78-32_iDASv3-P11_UTC190428154223.sgy,FORGE_78-32_iDASv3-P11_UTC190428154223,.sgy,utah_2019__FORGE_78-32_iDASv3-P11_UTC190428154223,1000.0
utah_2019,utah_2019,event,/home/ted1204/MS_Detection_Datamaker/MS_datamaker_UTAH_2019/data/event/FORGE_78-32_iDASv3-P11_UTC190428154253.sgy,FORGE_78-32_iDASv3-P11_UTC190428154253.sgy,FORGE_78-32_iDASv3-P11_UTC190428154253,.sgy,utah_2019__FORGE_78-32_iDASv3-P11_UTC190428154253,1000.0
utah_2019,utah_2019,event,/home/ted1204/MS_Detection_Datamaker/MS_datamaker_UTAH_2019/data/event/FORGE_78-32_iDASv3-P11_UTC190428154338.sgy,FORGE_78-32_iDASv3-P11_UTC190428154338.sgy,FORGE_78-32_iDASv3-P11_UTC190428154338,.sgy,utah_2019__FORGE_78-32_iDASv3-P11_UTC190428154338,1000.0
utah_2019,utah_2019,event,/home/ted1204/MS_Detection_Datamaker/MS_datamaker_UTAH_2019/data/event/FORGE_78-32_iDASv3-P11_UTC190428154408.sgy,FORGE_78-32_iDASv3-P11_UTC190428154408.sgy,FORGE_78-32_iDASv3-P11_UTC190428154408,.sgy,utah_2019__FORGE_78-32_iDASv3-P11_UTC190428154408,1000.0
utah_2019,utah_2019,event,/home/ted1204/MS_Detection_Datamaker/MS_datamaker_UTAH_2019/data/event/FORGE_78-32_iDASv3-P11_UTC190428155638.sgy,FORGE_78-32_iDASv3-P11_UTC190428155638.sgy,FORGE_78-32_iDASv3-P11_UTC190428155638,.sgy,utah_2019__FORGE_78-32_iDASv3-P11_UTC190428155638,1000.0
utah_2019,utah_2019,event,/home/ted1204/MS_Detection_Datamaker/MS_datamaker_UTAH_2019/data/event/FORGE_78-32_iDASv3-P11_UTC190428161138.sgy,FORGE_78-32_iDASv3-P11_UTC190428161138.sgy,FORGE_78-32_iDASv3-P11_UTC190428161138,.sgy,utah_2019__FORGE_78-32_iDASv3-P11_UTC190428161138,1000.0
utah_2019,utah_2019,event,/home/ted1204/MS_Detection_Datamaker/MS_datamaker_UTAH_2019/data/event/FORGE_78-32_iDASv3-P11_UTC190428161238.sgy,FORGE_78-32_iDASv3-P11_UTC190428161238.sgy,FORGE_78-32_iDASv3-P11_UTC190428161238,.sgy,utah_2019__FORGE_78-32_iDASv3-P11_UTC190428161238,1000.0
utah_2019,utah_2019,event,/home/ted1204/MS_Detection_Datamaker/MS_datamaker_UTAH_2019/data/event/FORGE_78-32_iDASv3-P11_UTC190428162223.sgy,FORGE_78-32_iDASv3-P11_UTC190428162223.sgy,FORGE_78-32_iDASv3-P11_UTC190428162223,.sgy,utah_2019__FORGE_78-32_iDASv3-P11_UTC190428162223,1000.0
utah_2019,utah_2019,event,/home/ted1204/MS_Detection_Datamaker/MS_datamaker_UTAH_2019/data/event/FORGE_78-32_iDASv3-P11_UTC190428170738.sgy,FORGE_78-32_iDASv3-P11_UTC190428170738.sgy,FORGE_78-32_iDASv3-P11_UTC190428170738,.sgy,utah_2019__FORGE_78-32_iDASv3-P11_UTC190428170738,1000.0
utah_2019,utah_2019,noise,/home/ted1204/MS_Detection_Datamaker/MS_datamaker_UTAH_2019/data/noise/FORGE_78-32_iDASv3-P11_UTC190426090853.sgy,FORGE_78-32_iDASv3-P11_UTC190426090853.sgy,FORGE_78-32_iDASv3-P11_UTC190426090853,.sgy,utah_2019__FORGE_78-32_iDASv3-P11_UTC190426090853,1000.0
utah_2019,utah_2019,noise,/home/ted1204/MS_Detection_Datamaker/MS_datamaker_UTAH_2019/data/noise/FORGE_78-32_iDASv3-P11_UTC190426205808.sgy,FORGE_78-32_iDASv3-P11_UTC190426205808.sgy,FORGE_78-32_iDASv3-P11_UTC190426205808,.sgy,utah_2019__FORGE_78-32_iDASv3-P11_UTC190426205808,1000.0
utah_2019,utah_2019,noise,/home/ted1204/MS_Detection_Datamaker/MS_datamaker_UTAH_2019/data/noise/FORGE_78-32_iDASv3-P11_UTC190426221653.sgy,FORGE_78-32_iDASv3-P11_UTC190426221653.sgy,FORGE_78-32_iDASv3-P11_UTC190426221653,.sgy,utah_2019__FORGE_78-32_iDASv3-P11_UTC190426221653,1000.0
utah_2019,utah_2019,noise,/home/ted1204/MS_Detection_Datamaker/MS_datamaker_UTAH_2019/data/noise/FORGE_78-32_iDASv3-P11_UTC190426222008.sgy,FORGE_78-32_iDASv3-P11_UTC190426222008.sgy,FORGE_78-32_iDASv3-P11_UTC190426222008,.sgy,utah_2019__FORGE_78-32_iDASv3-P11_UTC190426222008,1000.0
utah_2019,utah_2019,noise,/home/ted1204/MS_Detection_Datamaker/MS_datamaker_UTAH_2019/data/noise/FORGE_78-32_iDASv3-P11_UTC190426224708.sgy,FORGE_78-32_iDASv3-P11_UTC190426224708.sgy,FORGE_78-32_iDASv3-P11_UTC190426224708,.sgy,utah_2019__FORGE_78-32_iDASv3-P11_UTC190426224708,1000.0
utah_2019,utah_2019,noise,/home/ted1204/MS_Detection_Datamaker/MS_datamaker_UTAH_2019/data/noise/FORGE_78-32_iDASv3-P11_UTC190426232553.sgy,FORGE_78-32_iDASv3-P11_UTC190426232553.sgy,FORGE_78-32_iDASv3-P11_UTC190426232553,.sgy,utah_2019__FORGE_78-32_iDASv3-P11_UTC190426232553,1000.0
utah_2019,utah_2019,noise,/home/ted1204/MS_Detection_Datamaker/MS_datamaker_UTAH_2019/data/noise/FORGE_78-32_iDASv3-P11_UTC190426232708.sgy,FORGE_78-32_iDASv3-P11_UTC190426232708.sgy,FORGE_78-32_iDASv3-P11_UTC190426232708,.sgy,utah_2019__FORGE_78-32_iDASv3-P11_UTC190426232708,1000.0
utah_2019,utah_2019,noise,/home/ted1204/MS_Detection_Datamaker/MS_datamaker_UTAH_2019/data/noise/FORGE_78-32_iDASv3-P11_UTC190426232838.sgy,FORGE_78-32_iDASv3-P11_UTC190426232838.sgy,FORGE_78-32_iDASv3-P11_UTC190426232838,.sgy,utah_2019__FORGE_78-32_iDASv3-P11_UTC190426232838,1000.0
utah_2019,utah_2019,noise,/home/ted1204/MS_Detection_Datamaker/MS_datamaker_UTAH_2019/data/noise/FORGE_78-32_iDASv3-P11_UTC190427091208.sgy,FORGE_78-32_iDASv3-P11_UTC190427091208.sgy,FORGE_78-32_iDASv3-P11_UTC190427091208,.sgy,utah_2019__FORGE_78-32_iDASv3-P11_UTC190427091208,1000.0
utah_2019,utah_2019,noise,/home/ted1204/MS_Detection_Datamaker/MS_datamaker_UTAH_2019/data/noise/FORGE_78-32_iDASv3-P11_UTC190427091238.sgy,FORGE_78-32_iDASv3-P11_UTC190427091238.sgy,FORGE_78-32_iDASv3-P11_UTC190427091238,.sgy,utah_2019__FORGE_78-32_iDASv3-P11_UTC190427091238,1000.0
utah_2019,utah_2019,noise,/home/ted1204/MS_Detection_Datamaker/MS_datamaker_UTAH_2019/data/noise/FORGE_78-32_iDASv3-P11_UTC190427093338.sgy,FORGE_78-32_iDASv3-P11_UTC190427093338.sgy,FORGE_78-32_iDASv3-P11_UTC190427093338,.sgy,utah_2019__FORGE_78-32_iDASv3-P11_UTC190427093338,1000.0
utah_2019,utah_2019,noise,/home/ted1204/MS_Detection_Datamaker/MS_datamaker_UTAH_2019/data/noise/FORGE_78-32_iDASv3-P11_UTC190427102508.sgy,FORGE_78-32_iDASv3-P11_UTC190427102508.sgy,FORGE_78-32_iDASv3-P11_UTC190427102508,.sgy,utah_2019__FORGE_78-32_iDASv3-P11_UTC190427102508,1000.0
utah_2019,utah_2019,noise,/home/ted1204/MS_Detection_Datamaker/MS_datamaker_UTAH_2019/data/noise/FORGE_78-32_iDASv3-P11_UTC190427102823.sgy,FORGE_78-32_iDASv3-P11_UTC190427102823.sgy,FORGE_78-32_iDASv3-P11_UTC190427102823,.sgy,utah_2019__FORGE_78-32_iDASv3-P11_UTC190427102823,1000.0
utah_2019,utah_2019,noise,/home/ted1204/MS_Detection_Datamaker/MS_datamaker_UTAH_2019/data/noise/FORGE_78-32_iDASv3-P11_UTC190427102938.sgy,FORGE_78-32_iDASv3-P11_UTC190427102938.sgy,FORGE_78-32_iDASv3-P11_UTC190427102938,.sgy,utah_2019__FORGE_78-32_iDASv3-P11_UTC190427102938,1000.0
utah_2019,utah_2019,noise,/home/ted1204/MS_Detection_Datamaker/MS_datamaker_UTAH_2019/data/noise/FORGE_78-32_iDASv3-P11_UTC190429211108.sgy,FORGE_78-32_iDASv3-P11_UTC190429211108.sgy,FORGE_78-32_iDASv3-P11_UTC190429211108,.sgy,utah_2019__FORGE_78-32_iDASv3-P11_UTC190429211108,1000.0
utah_2019,utah_2019,noise,/home/ted1204/MS_Detection_Datamaker/MS_datamaker_UTAH_2019/data/noise/FORGE_78-32_iDASv3-P11_UTC190429211308.sgy,FORGE_78-32_iDASv3-P11_UTC190429211308.sgy,FORGE_78-32_iDASv3-P11_UTC190429211308,.sgy,utah_2019__FORGE_78-32_iDASv3-P11_UTC190429211308,1000.0
utah_2019,utah_2019,noise,/home/ted1204/MS_Detection_Datamaker/MS_datamaker_UTAH_2019/data/noise/FORGE_78-32_iDASv3-P11_UTC190429211408.sgy,FORGE_78-32_iDASv3-P11_UTC190429211408.sgy,FORGE_78-32_iDASv3-P11_UTC190429211408,.sgy,utah_2019__FORGE_78-32_iDASv3-P11_UTC190429211408,1000.0
utah_2019,utah_2019,noise,/home/ted1204/MS_Detection_Datamaker/MS_datamaker_UTAH_2019/data/noise/FORGE_78-32_iDASv3-P11_UTC190429211423.sgy,FORGE_78-32_iDASv3-P11_UTC190429211423.sgy,FORGE_78-32_iDASv3-P11_UTC190429211423,.sgy,utah_2019__FORGE_78-32_iDASv3-P11_UTC190429211423,1000.0
utah_2019,utah_2019,noise,/home/ted1204/MS_Detection_Datamaker/MS_datamaker_UTAH_2019/data/noise/FORGE_78-32_iDASv3-P11_UTC190429211608.sgy,FORGE_78-32_iDASv3-P11_UTC190429211608.sgy,FORGE_78-32_iDASv3-P11_UTC190429211608,.sgy,utah_2019__FORGE_78-32_iDASv3-P11_UTC190429211608,1000.0
utah_2019,utah_2019,noise,/home/ted1204/MS_Detection_Datamaker/MS_datamaker_UTAH_2019/data/noise/FORGE_78-32_iDASv3-P11_UTC190429211738.sgy,FORGE_78-32_iDASv3-P11_UTC190429211738.sgy,FORGE_78-32_iDASv3-P11_UTC190429211738,.sgy,utah_2019__FORGE_78-32_iDASv3-P11_UTC190429211738,1000.0
utah_2019,utah_2019,noise,/home/ted1204/MS_Detection_Datamaker/MS_datamaker_UTAH_2019/data/noise/FORGE_78-32_iDASv3-P11_UTC190429211838.sgy,FORGE_78-32_iDASv3-P11_UTC190429211838.sgy,FORGE_78-32_iDASv3-P11_UTC190429211838,.sgy,utah_2019__FORGE_78-32_iDASv3-P11_UTC190429211838,1000.0
utah_2019,utah_2019,noise,/home/ted1204/MS_Detection_Datamaker/MS_datamaker_UTAH_2019/data/noise/FORGE_78-32_iDASv3-P11_UTC190429212653.sgy,FORGE_78-32_iDASv3-P11_UTC190429212653.sgy,FORGE_78-32_iDASv3-P11_UTC190429212653,.sgy,utah_2019__FORGE_78-32_iDASv3-P11_UTC190429212653,1000.0
utah_2019,utah_2019,noise,/home/ted1204/MS_Detection_Datamaker/MS_datamaker_UTAH_2019/data/noise/FORGE_78-32_iDASv3-P11_UTC190429212738.sgy,FORGE_78-32_iDASv3-P11_UTC190429212738.sgy,FORGE_78-32_iDASv3-P11_UTC190429212738,.sgy,utah_2019__FORGE_78-32_iDASv3-P11_UTC190429212738,1000.0
utah_2019,utah_2019,noise,/home/ted1204/MS_Detection_Datamaker/MS_datamaker_UTAH_2019/data/noise/FORGE_78-32_iDASv3-P11_UTC190429212938.sgy,FORGE_78-32_iDASv3-P11_UTC190429212938.sgy,FORGE_78-32_iDASv3-P11_UTC190429212938,.sgy,utah_2019__FORGE_78-32_iDASv3-P11_UTC190429212938,1000.0
utah_2019,utah_2019,noise,/home/ted1204/MS_Detection_Datamaker/MS_datamaker_UTAH_2019/data/noise/FORGE_78-32_iDASv3-P11_UTC190429213053.sgy,FORGE_78-32_iDASv3-P11_UTC190429213053.sgy,FORGE_78-32_iDASv3-P11_UTC190429213053,.sgy,utah_2019__FORGE_78-32_iDASv3-P11_UTC190429213053,1000.0
utah_2019,utah_2019,noise,/home/ted1204/MS_Detection_Datamaker/MS_datamaker_UTAH_2019/data/noise/FORGE_78-32_iDASv3-P11_UTC190429213138.sgy,FORGE_78-32_iDASv3-P11_UTC190429213138.sgy,FORGE_78-32_iDASv3-P11_UTC190429213138,.sgy,utah_2019__FORGE_78-32_iDASv3-P11_UTC190429213138,1000.0
utah_2019,utah_2019,noise,/home/ted1204/MS_Detection_Datamaker/MS_datamaker_UTAH_2019/data/noise/FORGE_78-32_iDASv3-P11_UTC190429214538.sgy,FORGE_78-32_iDASv3-P11_UTC190429214538.sgy,FORGE_78-32_iDASv3-P11_UTC190429214538,.sgy,utah_2019__FORGE_78-32_iDASv3-P11_UTC190429214538,1000.0
utah_2019,utah_2019,noise,/home/ted1204/MS_Detection_Datamaker/MS_datamaker_UTAH_2019/data/noise/FORGE_78-32_iDASv3-P11_UTC190429214808.sgy,FORGE_78-32_iDASv3-P11_UTC190429214808.sgy,FORGE_78-32_iDASv3-P11_UTC190429214808,.sgy,utah_2019__FORGE_78-32_iDASv3-P11_UTC190429214808,1000.0
utah_2019,utah_2019,noise,/home/ted1204/MS_Detection_Datamaker/MS_datamaker_UTAH_2019/data/noise/FORGE_78-32_iDASv3-P11_UTC190429214908.sgy,FORGE_78-32_iDASv3-P11_UTC190429214908.sgy,FORGE_78-32_iDASv3-P11_UTC190429214908,.sgy,utah_2019__FORGE_78-32_iDASv3-P11_UTC190429214908,1000.0
utah_2019,utah_2019,noise,/home/ted1204/MS_Detection_Datamaker/MS_datamaker_UTAH_2019/data/noise/FORGE_78-32_iDASv3-P11_UTC190429214938.sgy,FORGE_78-32_iDASv3-P11_UTC190429214938.sgy,FORGE_78-32_iDASv3-P11_UTC190429214938,.sgy,utah_2019__FORGE_78-32_iDASv3-P11_UTC190429214938,1000.0
utah_2019,utah_2019,unlabel,/home/ted1204/MS_Detection_Datamaker/MS_datamaker_UTAH_2019/data/unlabel/FORGE_78-32_iDASv3-P11_UTC190426024208.sgy,FORGE_78-32_iDASv3-P11_UTC190426024208.sgy,FORGE_78-32_iDASv3-P11_UTC190426024208,.sgy,utah_2019__FORGE_78-32_iDASv3-P11_UTC190426024208,1000.0
utah_2019,utah_2019,unlabel,/home/ted1204/MS_Detection_Datamaker/MS_datamaker_UTAH_2019/data/unlabel/FORGE_78-32_iDASv3-P11_UTC190426024223.sgy,FORGE_78-32_iDASv3-P11_UTC190426024223.sgy,FORGE_78-32_iDASv3-P11_UTC190426024223,.sgy,utah_2019__FORGE_78-32_iDASv3-P11_UTC190426024223,1000.0
utah_2019,utah_2019,unlabel,/home/ted1204/MS_Detection_Datamaker/MS_datamaker_UTAH_2019/data/unlabel/FORGE_78-32_iDASv3-P11_UTC190426024238.sgy,FORGE_78-32_iDASv3-P11_UTC190426024238.sgy,FORGE_78-32_iDASv3-P11_UTC190426024238,.sgy,utah_2019__FORGE_78-32_iDASv3-P11_UTC190426024238,1000.0
utah_2019,utah_2019,unlabel,/home/ted1204/MS_Detection_Datamaker/MS_datamaker_UTAH_2019/data/unlabel/FORGE_78-32_iDASv3-P11_UTC190426024253.sgy,FORGE_78-32_iDASv3-P11_UTC190426024253.sgy,FORGE_78-32_iDASv3-P11_UTC190426024253,.sgy,utah_2019__FORGE_78-32_iDASv3-P11_UTC190426024253,1000.0
utah_2019,utah_2019,unlabel,/home/ted1204/MS_Detection_Datamaker/MS_datamaker_UTAH_2019/data/unlabel/FORGE_78-32_iDASv3-P11_UTC190426024308.sgy,FORGE_78-32_iDASv3-P11_UTC190426024308.sgy,FORGE_78-32_iDASv3-P11_UTC190426024308,.sgy,utah_2019__FORGE_78-32_iDASv3-P11_UTC190426024308,1000.0
utah_2019,utah_2019,unlabel,/home/ted1204/MS_Detection_Datamaker/MS_datamaker_UTAH_2019/data/unlabel/FORGE_78-32_iDASv3-P11_UTC190426024323.sgy,FORGE_78-32_iDASv3-P11_UTC190426024323.sgy,FORGE_78-32_iDASv3-P11_UTC190426024323,.sgy,utah_2019__FORGE_78-32_iDASv3-P11_UTC190426024323,1000.0
utah_2019,utah_2019,unlabel,/home/ted1204/MS_Detection_Datamaker/MS_datamaker_UTAH_2019/data/unlabel/FORGE_78-32_iDASv3-P11_UTC190426024338.sgy,FORGE_78-32_iDASv3-P11_UTC190426024338.sgy,FORGE_78-32_iDASv3-P11_UTC190426024338,.sgy,utah_2019__FORGE_78-32_iDASv3-P11_UTC190426024338,1000.0
utah_2019,utah_2019,unlabel,/home/ted1204/MS_Detection_Datamaker/MS_datamaker_UTAH_2019/data/unlabel/FORGE_78-32_iDASv3-P11_UTC190426024353.sgy,FORGE_78-32_iDASv3-P11_UTC190426024353.sgy,FORGE_78-32_iDASv3-P11_UTC190426024353,.sgy,utah_2019__FORGE_78-32_iDASv3-P11_UTC190426024353,1000.0
utah_2019,utah_2019,unlabel,/home/ted1204/MS_Detection_Datamaker/MS_datamaker_UTAH_2019/data/unlabel/FORGE_78-32_iDASv3-P11_UTC190426024408.sgy,FORGE_78-32_iDASv3-P11_UTC190426024408.sgy,FORGE_78-32_iDASv3-P11_UTC190426024408,.sgy,utah_2019__FORGE_78-32_iDASv3-P11_UTC190426024408,1000.0
utah_2019,utah_2019,unlabel,/home/ted1204/MS_Detection_Datamaker/MS_datamaker_UTAH_2019/data/unlabel/FORGE_78-32_iDASv3-P11_UTC190426024423.sgy,FORGE_78-32_iDASv3-P11_UTC190426024423.sgy,FORGE_78-32_iDASv3-P11_UTC190426024423,.sgy,utah_2019__FORGE_78-32_iDASv3-P11_UTC190426024423,1000.0
utah_2019,utah_2019,unlabel,/home/ted1204/MS_Detection_Datamaker/MS_datamaker_UTAH_2019/data/unlabel/FORGE_78-32_iDASv3-P11_UTC190426024438.sgy,FORGE_78-32_iDASv3-P11_UTC190426024438.sgy,FORGE_78-32_iDASv3-P11_UTC190426024438,.sgy,utah_2019__FORGE_78-32_iDASv3-P11_UTC190426024438,1000.0
utah_2019,utah_2019,unlabel,/home/ted1204/MS_Detection_Datamaker/MS_datamaker_UTAH_2019/data/unlabel/FORGE_78-32_iDASv3-P11_UTC190426024453.sgy,FORGE_78-32_iDASv3-P11_UTC190426024453.sgy,FORGE_78-32_iDASv3-P11_UTC190426024453,.sgy,utah_2019__FORGE_78-32_iDASv3-P11_UTC190426024453,1000.0
utah_2019,utah_2019,unlabel,/home/ted1204/MS_Detection_Datamaker/MS_datamaker_UTAH_2019/data/unlabel/FORGE_78-32_iDASv3-P11_UTC190426024508.sgy,FORGE_78-32_iDASv3-P11_UTC190426024508.sgy,FORGE_78-32_iDASv3-P11_UTC190426024508,.sgy,utah_2019__FORGE_78-32_iDASv3-P11_UTC190426024508,1000.0
utah_2019,utah_2019,unlabel,/home/ted1204/MS_Detection_Datamaker/MS_datamaker_UTAH_2019/data/unlabel/FORGE_78-32_iDASv3-P11_UTC190426024523.sgy,FORGE_78-32_iDASv3-P11_UTC190426024523.sgy,FORGE_78-32_iDASv3-P11_UTC190426024523,.sgy,utah_2019__FORGE_78-32_iDASv3-P11_UTC190426024523,1000.0
utah_2019,utah_2019,unlabel,/home/ted1204/MS_Detection_Datamaker/MS_datamaker_UTAH_2019/data/unlabel/FORGE_78-32_iDASv3-P11_UTC190426024538.sgy,FORGE_78-32_iDASv3-P11_UTC190426024538.sgy,FORGE_78-32_iDASv3-P11_UTC190426024538,.sgy,utah_2019__FORGE_78-32_iDASv3-P11_UTC190426024538,1000.0
utah_2019,utah_2019,unlabel,/home/ted1204/MS_Detection_Datamaker/MS_datamaker_UTAH_2019/data/unlabel/FORGE_78-32_iDASv3-P11_UTC190426024553.sgy,FORGE_78-32_iDASv3-P11_UTC190426024553.sgy,FORGE_78-32_iDASv3-P11_UTC190426024553,.sgy,utah_2019__FORGE_78-32_iDASv3-P11_UTC190426024553,1000.0
utah_2019,utah_2019,unlabel,/home/ted1204/MS_Detection_Datamaker/MS_datamaker_UTAH_2019/data/unlabel/FORGE_78-32_iDASv3-P11_UTC190426024608.sgy,FORGE_78-32_iDASv3-P11_UTC190426024608.sgy,FORGE_78-32_iDASv3-P11_UTC190426024608,.sgy,utah_2019__FORGE_78-32_iDASv3-P11_UTC190426024608,1000.0
utah_2019,utah_2019,unlabel,/home/ted1204/MS_Detection_Datamaker/MS_datamaker_UTAH_2019/data/unlabel/FORGE_78-32_iDASv3-P11_UTC190426024623.sgy,FORGE_78-32_iDASv3-P11_UTC190426024623.sgy,FORGE_78-32_iDASv3-P11_UTC190426024623,.sgy,utah_2019__FORGE_78-32_iDASv3-P11_UTC190426024623,1000.0
utah_2019,utah_2019,unlabel,/home/ted1204/MS_Detection_Datamaker/MS_datamaker_UTAH_2019/data/unlabel/FORGE_78-32_iDASv3-P11_UTC190426090723.sgy,FORGE_78-32_iDASv3-P11_UTC190426090723.sgy,FORGE_78-32_iDASv3-P11_UTC190426090723,.sgy,utah_2019__FORGE_78-32_iDASv3-P11_UTC190426090723,1000.0
utah_2019,utah_2019,unlabel,/home/ted1204/MS_Detection_Datamaker/MS_datamaker_UTAH_2019/data/unlabel/FORGE_78-32_iDASv3-P11_UTC190426090738.sgy,FORGE_78-32_iDASv3-P11_UTC190426090738.sgy,FORGE_78-32_iDASv3-P11_UTC190426090738,.sgy,utah_2019__FORGE_78-32_iDASv3-P11_UTC190426090738,1000.0
utah_2019,utah_2019,unlabel,/home/ted1204/MS_Detection_Datamaker/MS_datamaker_UTAH_2019/data/unlabel/FORGE_78-32_iDASv3-P11_UTC190426090753.sgy,FORGE_78-32_iDASv3-P11_UTC190426090753.sgy,FORGE_78-32_iDASv3-P11_UTC190426090753,.sgy,utah_2019__FORGE_78-32_iDASv3-P11_UTC190426090753,1000.0
utah_2019,utah_2019,unlabel,/home/ted1204/MS_Detection_Datamaker/MS_datamaker_UTAH_2019/data/unlabel/FORGE_78-32_iDASv3-P11_UTC190426090808.sgy,FORGE_78-32_iDASv3-P11_UTC190426090808.sgy,FORGE_78-32_iDASv3-P11_UTC190426090808,.sgy,utah_2019__FORGE_78-32_iDASv3-P11_UTC190426090808,1000.0
utah_2019,utah_2019,unlabel,/home/ted1204/MS_Detection_Datamaker/MS_datamaker_UTAH_2019/data/unlabel/FORGE_78-32_iDASv3-P11_UTC190426090823.sgy,FORGE_78-32_iDASv3-P11_UTC190426090823.sgy,FORGE_78-32_iDASv3-P11_UTC190426090823,.sgy,utah_2019__FORGE_78-32_iDASv3-P11_UTC190426090823,1000.0
utah_2019,utah_2019,unlabel,/home/ted1204/MS_Detection_Datamaker/MS_datamaker_UTAH_2019/data/unlabel/FORGE_78-32_iDASv3-P11_UTC190426090838.sgy,FORGE_78-32_iDASv3-P11_UTC190426090838.sgy,FORGE_78-32_iDASv3-P11_UTC190426090838,.sgy,utah_2019__FORGE_78-32_iDASv3-P11_UTC190426090838,1000.0
utah_2019,utah_2019,unlabel,/home/ted1204/MS_Detection_Datamaker/MS_datamaker_UTAH_2019/data/unlabel/FORGE_78-32_iDASv3-P11_UTC190426090908.sgy,FORGE_78-32_iDASv3-P11_UTC190426090908.sgy,FORGE_78-32_iDASv3-P11_UTC190426090908,.sgy,utah_2019__FORGE_78-32_iDASv3-P11_UTC190426090908,1000.0
utah_2019,utah_2019,unlabel,/home/ted1204/MS_Detection_Datamaker/MS_datamaker_UTAH_2019/data/unlabel/FORGE_78-32_iDASv3-P11_UTC190426090923.sgy,FORGE_78-32_iDASv3-P11_UTC190426090923.sgy,FORGE_78-32_iDASv3-P11_UTC190426090923,.sgy,utah_2019__FORGE_78-32_iDASv3-P11_UTC190426090923,1000.0
utah_2019,utah_2019,unlabel,/home/ted1204/MS_Detection_Datamaker/MS_datamaker_UTAH_2019/data/unlabel/FORGE_78-32_iDASv3-P11_UTC190426090938.sgy,FORGE_78-32_iDASv3-P11_UTC190426090938.sgy,FORGE_78-32_iDASv3-P11_UTC190426090938,.sgy,utah_2019__FORGE_78-32_iDASv3-P11_UTC190426090938,1000.0
utah_2019,utah_2019,unlabel,/home/ted1204/MS_Detection_Datamaker/MS_datamaker_UTAH_2019/data/unlabel/FORGE_78-32_iDASv3-P11_UTC190426090953.sgy,FORGE_78-32_iDASv3-P11_UTC190426090953.sgy,FORGE_78-32_iDASv3-P11_UTC190426090953,.sgy,utah_2019__FORGE_78-32_iDASv3-P11_UTC190426090953,1000.0
utah_2019,utah_2019,unlabel,/home/ted1204/MS_Detection_Datamaker/MS_datamaker_UTAH_2019/data/unlabel/FORGE_78-32_iDASv3-P11_UTC190426091008.sgy,FORGE_78-32_iDASv3-P11_UTC190426091008.sgy,FORGE_78-32_iDASv3-P11_UTC190426091008,.sgy,utah_2019__FORGE_78-32_iDASv3-P11_UTC190426091008,1000.0
utah_2019,utah_2019,unlabel,/home/ted1204/MS_Detection_Datamaker/MS_datamaker_UTAH_2019/data/unlabel/FORGE_78-32_iDASv3-P11_UTC190426091023.sgy,FORGE_78-32_iDASv3-P11_UTC190426091023.sgy,FORGE_78-32_iDASv3-P11_UTC190426091023,.sgy,utah_2019__FORGE_78-32_iDASv3-P11_UTC190426091023,1000.0
utah_2019,utah_2019,unlabel,/home/ted1204/MS_Detection_Datamaker/MS_datamaker_UTAH_2019/data/unlabel/FORGE_78-32_iDASv3-P11_UTC190426091038.sgy,FORGE_78-32_iDASv3-P11_UTC190426091038.sgy,FORGE_78-32_iDASv3-P11_UTC190426091038,.sgy,utah_2019__FORGE_78-32_iDASv3-P11_UTC190426091038,1000.0
utah_2019,utah_2019,unlabel,/home/ted1204/MS_Detection_Datamaker/MS_datamaker_UTAH_2019/data/unlabel/FORGE_78-32_iDASv3-P11_UTC190426091053.sgy,FORGE_78-32_iDASv3-P11_UTC190426091053.sgy,FORGE_78-32_iDASv3-P11_UTC190426091053,.sgy,utah_2019__FORGE_78-32_iDASv3-P11_UTC190426091053,1000.0
utah_2019,utah_2019,unlabel,/home/ted1204/MS_Detection_Datamaker/MS_datamaker_UTAH_2019/data/unlabel/FORGE_78-32_iDASv3-P11_UTC190426091108.sgy,FORGE_78-32_iDASv3-P11_UTC190426091108.sgy,FORGE_78-32_iDASv3-P11_UTC190426091108,.sgy,utah_2019__FORGE_78-32_iDASv3-P11_UTC190426091108,1000.0
utah_2019,utah_2019,unlabel,/home/ted1204/MS_Detection_Datamaker/MS_datamaker_UTAH_2019/data/unlabel/FORGE_78-32_iDASv3-P11_UTC190426091123.sgy,FORGE_78-32_iDASv3-P11_UTC190426091123.sgy,FORGE_78-32_iDASv3-P11_UTC190426091123,.sgy,utah_2019__FORGE_78-32_iDASv3-P11_UTC190426091123,1000.0
utah_2019,utah_2019,unlabel,/home/ted1204/MS_Detection_Datamaker/MS_datamaker_UTAH_2019/data/unlabel/FORGE_78-32_iDASv3-P11_UTC190426091138.sgy,FORGE_78-32_iDASv3-P11_UTC190426091138.sgy,FORGE_78-32_iDASv3-P11_UTC190426091138,.sgy,utah_2019__FORGE_78-32_iDASv3-P11_UTC190426091138,1000.0
utah_2019,utah_2019,unlabel,/home/ted1204/MS_Detection_Datamaker/MS_datamaker_UTAH_2019/data/unlabel/FORGE_78-32_iDASv3-P11_UTC190426091153.sgy,FORGE_78-32_iDASv3-P11_UTC190426091153.sgy,FORGE_78-32_iDASv3-P11_UTC190426091153,.sgy,utah_2019__FORGE_78-32_iDASv3-P11_UTC190426091153,1000.0
utah_2019,utah_2019,unlabel,/home/ted1204/MS_Detection_Datamaker/MS_datamaker_UTAH_2019/data/unlabel/FORGE_78-32_iDASv3-P11_UTC190426091208.sgy,FORGE_78-32_iDASv3-P11_UTC190426091208.sgy,FORGE_78-32_iDASv3-P11_UTC190426091208,.sgy,utah_2019__FORGE_78-32_iDASv3-P11_UTC190426091208,1000.0
utah_2019,utah_2019,unlabel,/home/ted1204/MS_Detection_Datamaker/MS_datamaker_UTAH_2019/data/unlabel/FORGE_78-32_iDASv3-P11_UTC190426091223.sgy,FORGE_78-32_iDASv3-P11_UTC190426091223.sgy,FORGE_78-32_iDASv3-P11_UTC190426091223,.sgy,utah_2019__FORGE_78-32_iDASv3-P11_UTC190426091223,1000.0
utah_2019,utah_2019,unlabel,/home/ted1204/MS_Detection_Datamaker/MS_datamaker_UTAH_2019/data/unlabel/FORGE_78-32_iDASv3-P11_UTC190426091238.sgy,FORGE_78-32_iDASv3-P11_UTC190426091238.sgy,FORGE_78-32_iDASv3-P11_UTC190426091238,.sgy,utah_2019__FORGE_78-32_iDASv3-P11_UTC190426091238,1000.0
utah_2019,utah_2019,unlabel,/home/ted1204/MS_Detection_Datamaker/MS_datamaker_UTAH_2019/data/unlabel/FORGE_78-32_iDASv3-P11_UTC190426205638.sgy,FORGE_78-32_iDASv3-P11_UTC190426205638.sgy,FORGE_78-32_iDASv3-P11_UTC190426205638,.sgy,utah_2019__FORGE_78-32_iDASv3-P11_UTC190426205638,1000.0
utah_2019,utah_2019,unlabel,/home/ted1204/MS_Detection_Datamaker/MS_datamaker_UTAH_2019/data/unlabel/FORGE_78-32_iDASv3-P11_UTC190426205653.sgy,FORGE_78-32_iDASv3-P11_UTC190426205653.sgy,FORGE_78-32_iDASv3-P11_UTC190426205653,.sgy,utah_2019__FORGE_78-32_iDASv3-P11_UTC190426205653,1000.0
utah_2019,utah_2019,unlabel,/home/ted1204/MS_Detection_Datamaker/MS_datamaker_UTAH_2019/data/unlabel/FORGE_78-32_iDASv3-P11_UTC190426205708.sgy,FORGE_78-32_iDASv3-P11_UTC190426205708.sgy,FORGE_78-32_iDASv3-P11_UTC190426205708,.sgy,utah_2019__FORGE_78-32_iDASv3-P11_UTC190426205708,1000.0
utah_2019,utah_2019,unlabel,/home/ted1204/MS_Detection_Datamaker/MS_datamaker_UTAH_2019/data/unlabel/FORGE_78-32_iDASv3-P11_UTC190426205723.sgy,FORGE_78-32_iDASv3-P11_UTC190426205723.sgy,FORGE_78-32_iDASv3-P11_UTC190426205723,.sgy,utah_2019__FORGE_78-32_iDASv3-P11_UTC190426205723,1000.0
utah_2019,utah_2019,unlabel,/home/ted1204/MS_Detection_Datamaker/MS_datamaker_UTAH_2019/data/unlabel/FORGE_78-32_iDASv3-P11_UTC190426205738.sgy,FORGE_78-32_iDASv3-P11_UTC190426205738.sgy,FORGE_78-32_iDASv3-P11_UTC190426205738,.sgy,utah_2019__FORGE_78-32_iDASv3-P11_UTC190426205738,1000.0
utah_2019,utah_2019,unlabel,/home/ted1204/MS_Detection_Datamaker/MS_datamaker_UTAH_2019/data/unlabel/FORGE_78-32_iDASv3-P11_UTC190426205753.sgy,FORGE_78-32_iDASv3-P11_UTC190426205753.sgy,FORGE_78-32_iDASv3-P11_UTC190426205753,.sgy,utah_2019__FORGE_78-32_iDASv3-P11_UTC190426205753,1000.0
utah_2019,utah_2019,unlabel,/home/ted1204/MS_Detection_Datamaker/MS_datamaker_UTAH_2019/data/unlabel/FORGE_78-32_iDASv3-P11_UTC190426205823.sgy,FORGE_78-32_iDASv3-P11_UTC190426205823.sgy,FORGE_78-32_iDASv3-P11_UTC190426205823,.sgy,utah_2019__FORGE_78-32_iDASv3-P11_UTC190426205823,1000.0
utah_2019,utah_2019,unlabel,/home/ted1204/MS_Detection_Datamaker/MS_datamaker_UTAH_2019/data/unlabel/FORGE_78-32_iDASv3-P11_UTC190426205838.sgy,FORGE_78-32_iDASv3-P11_UTC190426205838.sgy,FORGE_78-32_iDASv3-P11_UTC190426205838,.sgy,utah_2019__FORGE_78-32_iDASv3-P11_UTC190426205838,1000.0
utah_2019,utah_2019,unlabel,/home/ted1204/MS_Detection_Datamaker/MS_datamaker_UTAH_2019/data/unlabel/FORGE_78-32_iDASv3-P11_UTC190426205853.sgy,FORGE_78-32_iDASv3-P11_UTC190426205853.sgy,FORGE_78-32_iDASv3-P11_UTC190426205853,.sgy,utah_2019__FORGE_78-32_iDASv3-P11_UTC190426205853,1000.0
utah_2019,utah_2019,unlabel,/home/ted1204/MS_Detection_Datamaker/MS_datamaker_UTAH_2019/data/unlabel/FORGE_78-32_iDASv3-P11_UTC190426205908.sgy,FORGE_78-32_iDASv3-P11_UTC190426205908.sgy,FORGE_78-32_iDASv3-P11_UTC190426205908,.sgy,utah_2019__FORGE_78-32_iDASv3-P11_UTC190426205908,1000.0
utah_2019,utah_2019,unlabel,/home/ted1204/MS_Detection_Datamaker/MS_datamaker_UTAH_2019/data/unlabel/FORGE_78-32_iDASv3-P11_UTC190426205923.sgy,FORGE_78-32_iDASv3-P11_UTC190426205923.sgy,FORGE_78-32_iDASv3-P11_UTC190426205923,.sgy,utah_2019__FORGE_78-32_iDASv3-P11_UTC190426205923,1000.0
utah_2019,utah_2019,unlabel,/home/ted1204/MS_Detection_Datamaker/MS_datamaker_UTAH_2019/data/unlabel/FORGE_78-32_iDASv3-P11_UTC190426205938.sgy,FORGE_78-32_iDASv3-P11_UTC190426205938.sgy,FORGE_78-32_iDASv3-P11_UTC190426205938,.sgy,utah_2019__FORGE_78-32_iDASv3-P11_UTC190426205938,1000.0
utah_2019,utah_2019,unlabel,/home/ted1204/MS_Detection_Datamaker/MS_datamaker_UTAH_2019/data/unlabel/FORGE_78-32_iDASv3-P11_UTC190426205953.sgy,FORGE_78-32_iDASv3-P11_UTC190426205953.sgy,FORGE_78-32_iDASv3-P11_UTC190426205953,.sgy,utah_2019__FORGE_78-32_iDASv3-P11_UTC190426205953,1000.0
utah_2019,utah_2019,unlabel,/home/ted1204/MS_Detection_Datamaker/MS_datamaker_UTAH_2019/data/unlabel/FORGE_78-32_iDASv3-P11_UTC190426210008.sgy,FORGE_78-32_iDASv3-P11_UTC190426210008.sgy,FORGE_78-32_iDASv3-P11_UTC190426210008,.sgy,utah_2019__FORGE_78-32_iDASv3-P11_UTC190426210008,1000.0
utah_2019,utah_2019,unlabel,/home/ted1204/MS_Detection_Datamaker/MS_datamaker_UTAH_2019/data/unlabel/FORGE_78-32_iDASv3-P11_UTC190426221553.sgy,FORGE_78-32_iDASv3-P11_UTC190426221553.sgy,FORGE_78-32_iDASv3-P11_UTC190426221553,.sgy,utah_2019__FORGE_78-32_iDASv3-P11_UTC190426221553,1000.0
utah_2019,utah_2019,unlabel,/home/ted1204/MS_Detection_Datamaker/MS_datamaker_UTAH_2019/data/unlabel/FORGE_78-32_iDASv3-P11_UTC190426221608.sgy,FORGE_78-32_iDASv3-P11_UTC190426221608.sgy,FORGE_78-32_iDASv3-P11_UTC190426221608,.sgy,utah_2019__FORGE_78-32_iDASv3-P11_UTC190426221608,1000.0
utah_2019,utah_2019,unlabel,/home/ted1204/MS_Detection_Datamaker/MS_datamaker_UTAH_2019/data/unlabel/FORGE_78-32_iDASv3-P11_UTC190426221623.sgy,FORGE_78-32_iDASv3-P11_UTC190426221623.sgy,FORGE_78-32_iDASv3-P11_UTC190426221623,.sgy,utah_2019__FORGE_78-32_iDASv3-P11_UTC190426221623,1000.0
utah_2019,utah_2019,unlabel,/home/ted1204/MS_Detection_Datamaker/MS_datamaker_UTAH_2019/data/unlabel/FORGE_78-32_iDASv3-P11_UTC190426221638.sgy,FORGE_78-32_iDASv3-P11_UTC190426221638.sgy,FORGE_78-32_iDASv3-P11_UTC190426221638,.sgy,utah_2019__FORGE_78-32_iDASv3-P11_UTC190426221638,1000.0
utah_2019,utah_2019,unlabel,/home/ted1204/MS_Detection_Datamaker/MS_datamaker_UTAH_2019/data/unlabel/FORGE_78-32_iDASv3-P11_UTC190426221708.sgy,FORGE_78-32_iDASv3-P11_UTC190426221708.sgy,FORGE_78-32_iDASv3-P11_UTC190426221708,.sgy,utah_2019__FORGE_78-32_iDASv3-P11_UTC190426221708,1000.0
utah_2019,utah_2019,unlabel,/home/ted1204/MS_Detection_Datamaker/MS_datamaker_UTAH_2019/data/unlabel/FORGE_78-32_iDASv3-P11_UTC190426221723.sgy,FORGE_78-32_iDASv3-P11_UTC190426221723.sgy,FORGE_78-32_iDASv3-P11_UTC190426221723,.sgy,utah_2019__FORGE_78-32_iDASv3-P11_UTC190426221723,1000.0
utah_2019,utah_2019,unlabel,/home/ted1204/MS_Detection_Datamaker/MS_datamaker_UTAH_2019/data/unlabel/FORGE_78-32_iDASv3-P11_UTC190426221738.sgy,FORGE_78-32_iDASv3-P11_UTC190426221738.sgy,FORGE_78-32_iDASv3-P11_UTC190426221738,.sgy,utah_2019__FORGE_78-32_iDASv3-P11_UTC190426221738,1000.0
utah_2019,utah_2019,unlabel,/home/ted1204/MS_Detection_Datamaker/MS_datamaker_UTAH_2019/data/unlabel/FORGE_78-32_iDASv3-P11_UTC190426221753.sgy,FORGE_78-32_iDASv3-P11_UTC190426221753.sgy,FORGE_78-32_iDASv3-P11_UTC190426221753,.sgy,utah_2019__FORGE_78-32_iDASv3-P11_UTC190426221753,1000.0
utah_2019,utah_2019,unlabel,/home/ted1204/MS_Detection_Datamaker/MS_datamaker_UTAH_2019/data/unlabel/FORGE_78-32_iDASv3-P11_UTC190426221808.sgy,FORGE_78-32_iDASv3-P11_UTC190426221808.sgy,FORGE_78-32_iDASv3-P11_UTC190426221808,.sgy,utah_2019__FORGE_78-32_iDASv3-P11_UTC190426221808,1000.0
utah_2019,utah_2019,unlabel,/home/ted1204/MS_Detection_Datamaker/MS_datamaker_UTAH_2019/data/unlabel/FORGE_78-32_iDASv3-P11_UTC190426221823.sgy,FORGE_78-32_iDASv3-P11_UTC190426221823.sgy,FORGE_78-32_iDASv3-P11_UTC190426221823,.sgy,utah_2019__FORGE_78-32_iDASv3-P11_UTC190426221823,1000.0
utah_2019,utah_2019,unlabel,/home/ted1204/MS_Detection_Datamaker/MS_datamaker_UTAH_2019/data/unlabel/FORGE_78-32_iDASv3-P11_UTC190426221838.sgy,FORGE_78-32_iDASv3-P11_UTC190426221838.sgy,FORGE_78-32_iDASv3-P11_UTC190426221838,.sgy,utah_2019__FORGE_78-32_iDASv3-P11_UTC190426221838,1000.0
utah_2019,utah_2019,unlabel,/home/ted1204/MS_Detection_Datamaker/MS_datamaker_UTAH_2019/data/unlabel/FORGE_78-32_iDASv3-P11_UTC190426221853.sgy,FORGE_78-32_iDASv3-P11_UTC190426221853.sgy,FORGE_78-32_iDASv3-P11_UTC190426221853,.sgy,utah_2019__FORGE_78-32_iDASv3-P11_UTC190426221853,1000.0
utah_2019,utah_2019,unlabel,/home/ted1204/MS_Detection_Datamaker/MS_datamaker_UTAH_2019/data/unlabel/FORGE_78-32_iDASv3-P11_UTC190426221908.sgy,FORGE_78-32_iDASv3-P11_UTC190426221908.sgy,FORGE_78-32_iDASv3-P11_UTC190426221908,.sgy,utah_2019__FORGE_78-32_iDASv3-P11_UTC190426221908,1000.0
utah_2019,utah_2019,unlabel,/home/ted1204/MS_Detection_Datamaker/MS_datamaker_UTAH_2019/data/unlabel/FORGE_78-32_iDASv3-P11_UTC190426221923.sgy,FORGE_78-32_iDASv3-P11_UTC190426221923.sgy,FORGE_78-32_iDASv3-P11_UTC190426221923,.sgy,utah_2019__FORGE_78-32_iDASv3-P11_UTC190426221923,1000.0
utah_2019,utah_2019,unlabel,/home/ted1204/MS_Detection_Datamaker/MS_datamaker_UTAH_2019/data/unlabel/FORGE_78-32_iDASv3-P11_UTC190426221938.sgy,FORGE_78-32_iDASv3-P11_UTC190426221938.sgy,FORGE_78-32_iDASv3-P11_UTC190426221938,.sgy,utah_2019__FORGE_78-32_iDASv3-P11_UTC190426221938,1000.0
utah_2019,utah_2019,unlabel,/home/ted1204/MS_Detection_Datamaker/MS_datamaker_UTAH_2019/data/unlabel/FORGE_78-32_iDASv3-P11_UTC190426221953.sgy,FORGE_78-32_iDASv3-P11_UTC190426221953.sgy,FORGE_78-32_iDASv3-P11_UTC190426221953,.sgy,utah_2019__FORGE_78-32_iDASv3-P11_UTC190426221953,1000.0
utah_2019,utah_2019,unlabel,/home/ted1204/MS_Detection_Datamaker/MS_datamaker_UTAH_2019/data/unlabel/FORGE_78-32_iDASv3-P11_UTC190426222023.sgy,FORGE_78-32_iDASv3-P11_UTC190426222023.sgy,FORGE_78-32_iDASv3-P11_UTC190426222023,.sgy,utah_2019__FORGE_78-32_iDASv3-P11_UTC190426222023,1000.0
utah_2019,utah_2019,unlabel,/home/ted1204/MS_Detection_Datamaker/MS_datamaker_UTAH_2019/data/unlabel/FORGE_78-32_iDASv3-P11_UTC190426222038.sgy,FORGE_78-32_iDASv3-P11_UTC190426222038.sgy,FORGE_78-32_iDASv3-P11_UTC190426222038,.sgy,utah_2019__FORGE_78-32_iDASv3-P11_UTC190426222038,1000.0
utah_2019,utah_2019,unlabel,/home/ted1204/MS_Detection_Datamaker/MS_datamaker_UTAH_2019/data/unlabel/FORGE_78-32_iDASv3-P11_UTC190426222053.sgy,FORGE_78-32_iDASv3-P11_UTC190426222053.sgy,FORGE_78-32_iDASv3-P11_UTC190426222053,.sgy,utah_2019__FORGE_78-32_iDASv3-P11_UTC190426222053,1000.0
utah_2019,utah_2019,unlabel,/home/ted1204/MS_Detection_Datamaker/MS_datamaker_UTAH_2019/data/unlabel/FORGE_78-32_iDASv3-P11_UTC190426222108.sgy,FORGE_78-32_iDASv3-P11_UTC190426222108.sgy,FORGE_78-32_iDASv3-P11_UTC190426222108,.sgy,utah_2019__FORGE_78-32_iDASv3-P11_UTC190426222108,1000.0
utah_2019,utah_2019,unlabel,/home/ted1204/MS_Detection_Datamaker/MS_datamaker_UTAH_2019/data/unlabel/FORGE_78-32_iDASv3-P11_UTC190426224723.sgy,FORGE_78-32_iDASv3-P11_UTC190426224723.sgy,FORGE_78-32_iDASv3-P11_UTC190426224723,.sgy,utah_2019__FORGE_78-32_iDASv3-P11_UTC190426224723,1000.0
utah_2019,utah_2019,unlabel,/home/ted1204/MS_Detection_Datamaker/MS_datamaker_UTAH_2019/data/unlabel/FORGE_78-32_iDASv3-P11_UTC190426224738.sgy,FORGE_78-32_iDASv3-P11_UTC190426224738.sgy,FORGE_78-32_iDASv3-P11_UTC190426224738,.sgy,utah_2019__FORGE_78-32_iDASv3-P11_UTC190426224738,1000.0
utah_2019,utah_2019,unlabel,/home/ted1204/MS_Detection_Datamaker/MS_datamaker_UTAH_2019/data/unlabel/FORGE_78-32_iDASv3-P11_UTC190426224753.sgy,FORGE_78-32_iDASv3-P11_UTC190426224753.sgy,FORGE_78-32_iDASv3-P11_UTC190426224753,.sgy,utah_2019__FORGE_78-32_iDASv3-P11_UTC190426224753,1000.0
utah_2019,utah_2019,unlabel,/home/ted1204/MS_Detection_Datamaker/MS_datamaker_UTAH_2019/data/unlabel/FORGE_78-32_iDASv3-P11_UTC190426224808.sgy,FORGE_78-32_iDASv3-P11_UTC190426224808.sgy,FORGE_78-32_iDASv3-P11_UTC190426224808,.sgy,utah_2019__FORGE_78-32_iDASv3-P11_UTC190426224808,1000.0
utah_2019,utah_2019,unlabel,/home/ted1204/MS_Detection_Datamaker/MS_datamaker_UTAH_2019/data/unlabel/FORGE_78-32_iDASv3-P11_UTC190426224823.sgy,FORGE_78-32_iDASv3-P11_UTC190426224823.sgy,FORGE_78-32_iDASv3-P11_UTC190426224823,.sgy,utah_2019__FORGE_78-32_iDASv3-P11_UTC190426224823,1000.0
utah_2019,utah_2019,unlabel,/home/ted1204/MS_Detection_Datamaker/MS_datamaker_UTAH_2019/data/unlabel/FORGE_78-32_iDASv3-P11_UTC190426224838.sgy,FORGE_78-32_iDASv3-P11_UTC190426224838.sgy,FORGE_78-32_iDASv3-P11_UTC190426224838,.sgy,utah_2019__FORGE_78-32_iDASv3-P11_UTC190426224838,1000.0
utah_2019,utah_2019,unlabel,/home/ted1204/MS_Detection_Datamaker/MS_datamaker_UTAH_2019/data/unlabel/FORGE_78-32_iDASv3-P11_UTC190426224853.sgy,FORGE_78-32_iDASv3-P11_UTC190426224853.sgy,FORGE_78-32_iDASv3-P11_UTC190426224853,.sgy,utah_2019__FORGE_78-32_iDASv3-P11_UTC190426224853,1000.0
utah_2019,utah_2019,unlabel,/home/ted1204/MS_Detection_Datamaker/MS_datamaker_UTAH_2019/data/unlabel/FORGE_78-32_iDASv3-P11_UTC190426224908.sgy,FORGE_78-32_iDASv3-P11_UTC190426224908.sgy,FORGE_78-32_iDASv3-P11_UTC190426224908,.sgy,utah_2019__FORGE_78-32_iDASv3-P11_UTC190426224908,1000.0
utah_2019,utah_2019,unlabel,/home/ted1204/MS_Detection_Datamaker/MS_datamaker_UTAH_2019/data/unlabel/FORGE_78-32_iDASv3-P11_UTC190426224923.sgy,FORGE_78-32_iDASv3-P11_UTC190426224923.sgy,FORGE_78-32_iDASv3-P11_UTC190426224923,.sgy,utah_2019__FORGE_78-32_iDASv3-P11_UTC190426224923,1000.0
utah_2019,utah_2019,unlabel,/home/ted1204/MS_Detection_Datamaker/MS_datamaker_UTAH_2019/data/unlabel/FORGE_78-32_iDASv3-P11_UTC190426224938.sgy,FORGE_78-32_iDASv3-P11_UTC190426224938.sgy,FORGE_78-32_iDASv3-P11_UTC190426224938,.sgy,utah_2019__FORGE_78-32_iDASv3-P11_UTC190426224938,1000.0
utah_2019,utah_2019,unlabel,/home/ted1204/MS_Detection_Datamaker/MS_datamaker_UTAH_2019/data/unlabel/FORGE_78-32_iDASv3-P11_UTC190426224953.sgy,FORGE_78-32_iDASv3-P11_UTC190426224953.sgy,FORGE_78-32_iDASv3-P11_UTC190426224953,.sgy,utah_2019__FORGE_78-32_iDASv3-P11_UTC190426224953,1000.0
utah_2019,utah_2019,unlabel,/home/ted1204/MS_Detection_Datamaker/MS_datamaker_UTAH_2019/data/unlabel/FORGE_78-32_iDASv3-P11_UTC190426225008.sgy,FORGE_78-32_iDASv3-P11_UTC190426225008.sgy,FORGE_78-32_iDASv3-P11_UTC190426225008,.sgy,utah_2019__FORGE_78-32_iDASv3-P11_UTC190426225008,1000.0
utah_2019,utah_2019,unlabel,/home/ted1204/MS_Detection_Datamaker/MS_datamaker_UTAH_2019/data/unlabel/FORGE_78-32_iDASv3-P11_UTC190426225023.sgy,FORGE_78-32_iDASv3-P11_UTC190426225023.sgy,FORGE_78-32_iDASv3-P11_UTC190426225023,.sgy,utah_2019__FORGE_78-32_iDASv3-P11_UTC190426225023,1000.0
utah_2019,utah_2019,unlabel,/home/ted1204/MS_Detection_Datamaker/MS_datamaker_UTAH_2019/data/unlabel/FORGE_78-32_iDASv3-P11_UTC190426225038.sgy,FORGE_78-32_iDASv3-P11_UTC190426225038.sgy,FORGE_78-32_iDASv3-P11_UTC190426225038,.sgy,utah_2019__FORGE_78-32_iDASv3-P11_UTC190426225038,1000.0
utah_2019,utah_2019,unlabel,/home/ted1204/MS_Detection_Datamaker/MS_datamaker_UTAH_2019/data/unlabel/FORGE_78-32_iDASv3-P11_UTC190426225053.sgy,FORGE_78-32_iDASv3-P11_UTC190426225053.sgy,FORGE_78-32_iDASv3-P11_UTC190426225053,.sgy,utah_2019__FORGE_78-32_iDASv3-P11_UTC190426225053,1000.0
utah_2019,utah_2019,unlabel,/home/ted1204/MS_Detection_Datamaker/MS_datamaker_UTAH_2019/data/unlabel/FORGE_78-32_iDASv3-P11_UTC190426232423.sgy,FORGE_78-32_iDASv3-P11_UTC190426232423.sgy,FORGE_78-32_iDASv3-P11_UTC190426232423,.sgy,utah_2019__FORGE_78-32_iDASv3-P11_UTC190426232423,1000.0
utah_2019,utah_2019,unlabel,/home/ted1204/MS_Detection_Datamaker/MS_datamaker_UTAH_2019/data/unlabel/FORGE_78-32_iDASv3-P11_UTC190426232438.sgy,FORGE_78-32_iDASv3-P11_UTC190426232438.sgy,FORGE_78-32_iDASv3-P11_UTC190426232438,.sgy,utah_2019__FORGE_78-32_iDASv3-P11_UTC190426232438,1000.0
utah_2019,utah_2019,unlabel,/home/ted1204/MS_Detection_Datamaker/MS_datamaker_UTAH_2019/data/unlabel/FORGE_78-32_iDASv3-P11_UTC190426232453.sgy,FORGE_78-32_iDASv3-P11_UTC190426232453.sgy,FORGE_78-32_iDASv3-P11_UTC190426232453,.sgy,utah_2019__FORGE_78-32_iDASv3-P11_UTC190426232453,1000.0
utah_2019,utah_2019,unlabel,/home/ted1204/MS_Detection_Datamaker/MS_datamaker_UTAH_2019/data/unlabel/FORGE_78-32_iDASv3-P11_UTC190426232508.sgy,FORGE_78-32_iDASv3-P11_UTC190426232508.sgy,FORGE_78-32_iDASv3-P11_UTC190426232508,.sgy,utah_2019__FORGE_78-32_iDASv3-P11_UTC190426232508,1000.0
utah_2019,utah_2019,unlabel,/home/ted1204/MS_Detection_Datamaker/MS_datamaker_UTAH_2019/data/unlabel/FORGE_78-32_iDASv3-P11_UTC190426232523.sgy,FORGE_78-32_iDASv3-P11_UTC190426232523.sgy,FORGE_78-32_iDASv3-P11_UTC190426232523,.sgy,utah_2019__FORGE_78-32_iDASv3-P11_UTC190426232523,1000.0
utah_2019,utah_2019,unlabel,/home/ted1204/MS_Detection_Datamaker/MS_datamaker_UTAH_2019/data/unlabel/FORGE_78-32_iDASv3-P11_UTC190426232538.sgy,FORGE_78-32_iDASv3-P11_UTC190426232538.sgy,FORGE_78-32_iDASv3-P11_UTC190426232538,.sgy,utah_2019__FORGE_78-32_iDASv3-P11_UTC190426232538,1000.0
utah_2019,utah_2019,unlabel,/home/ted1204/MS_Detection_Datamaker/MS_datamaker_UTAH_2019/data/unlabel/FORGE_78-32_iDASv3-P11_UTC190426232608.sgy,FORGE_78-32_iDASv3-P11_UTC190426232608.sgy,FORGE_78-32_iDASv3-P11_UTC190426232608,.sgy,utah_2019__FORGE_78-32_iDASv3-P11_UTC190426232608,1000.0
utah_2019,utah_2019,unlabel,/home/ted1204/MS_Detection_Datamaker/MS_datamaker_UTAH_2019/data/unlabel/FORGE_78-32_iDASv3-P11_UTC190426232623.sgy,FORGE_78-32_iDASv3-P11_UTC190426232623.sgy,FORGE_78-32_iDASv3-P11_UTC190426232623,.sgy,utah_2019__FORGE_78-32_iDASv3-P11_UTC190426232623,1000.0
utah_2019,utah_2019,unlabel,/home/ted1204/MS_Detection_Datamaker/MS_datamaker_UTAH_2019/data/unlabel/FORGE_78-32_iDASv3-P11_UTC190426232638.sgy,FORGE_78-32_iDASv3-P11_UTC190426232638.sgy,FORGE_78-32_iDASv3-P11_UTC190426232638,.sgy,utah_2019__FORGE_78-32_iDASv3-P11_UTC190426232638,1000.0
utah_2019,utah_2019,unlabel,/home/ted1204/MS_Detection_Datamaker/MS_datamaker_UTAH_2019/data/unlabel/FORGE_78-32_iDASv3-P11_UTC190426232653.sgy,FORGE_78-32_iDASv3-P11_UTC190426232653.sgy,FORGE_78-32_iDASv3-P11_UTC190426232653,.sgy,utah_2019__FORGE_78-32_iDASv3-P11_UTC190426232653,1000.0
utah_2019,utah_2019,unlabel,/home/ted1204/MS_Detection_Datamaker/MS_datamaker_UTAH_2019/data/unlabel/FORGE_78-32_iDASv3-P11_UTC190426232723.sgy,FORGE_78-32_iDASv3-P11_UTC190426232723.sgy,FORGE_78-32_iDASv3-P11_UTC190426232723,.sgy,utah_2019__FORGE_78-32_iDASv3-P11_UTC190426232723,1000.0
utah_2019,utah_2019,unlabel,/home/ted1204/MS_Detection_Datamaker/MS_datamaker_UTAH_2019/data/unlabel/FORGE_78-32_iDASv3-P11_UTC190426232738.sgy,FORGE_78-32_iDASv3-P11_UTC190426232738.sgy,FORGE_78-32_iDASv3-P11_UTC190426232738,.sgy,utah_2019__FORGE_78-32_iDASv3-P11_UTC190426232738,1000.0
utah_2019,utah_2019,unlabel,/home/ted1204/MS_Detection_Datamaker/MS_datamaker_UTAH_2019/data/unlabel/FORGE_78-32_iDASv3-P11_UTC190426232753.sgy,FORGE_78-32_iDASv3-P11_UTC190426232753.sgy,FORGE_78-32_iDASv3-P11_UTC190426232753,.sgy,utah_2019__FORGE_78-32_iDASv3-P11_UTC190426232753,1000.0
utah_2019,utah_2019,unlabel,/home/ted1204/MS_Detection_Datamaker/MS_datamaker_UTAH_2019/data/unlabel/FORGE_78-32_iDASv3-P11_UTC190426232808.sgy,FORGE_78-32_iDASv3-P11_UTC190426232808.sgy,FORGE_78-32_iDASv3-P11_UTC190426232808,.sgy,utah_2019__FORGE_78-32_iDASv3-P11_UTC190426232808,1000.0
utah_2019,utah_2019,unlabel,/home/ted1204/MS_Detection_Datamaker/MS_datamaker_UTAH_2019/data/unlabel/FORGE_78-32_iDASv3-P11_UTC190426232823.sgy,FORGE_78-32_iDASv3-P11_UTC190426232823.sgy,FORGE_78-32_iDASv3-P11_UTC190426232823,.sgy,utah_2019__FORGE_78-32_iDASv3-P11_UTC190426232823,1000.0
utah_2019,utah_2019,unlabel,/home/ted1204/MS_Detection_Datamaker/MS_datamaker_UTAH_2019/data/unlabel/FORGE_78-32_iDASv3-P11_UTC190427091153.sgy,FORGE_78-32_iDASv3-P11_UTC190427091153.sgy,FORGE_78-32_iDASv3-P11_UTC190427091153,.sgy,utah_2019__FORGE_78-32_iDASv3-P11_UTC190427091153,1000.0
utah_2019,utah_2019,unlabel,/home/ted1204/MS_Detection_Datamaker/MS_datamaker_UTAH_2019/data/unlabel/FORGE_78-32_iDASv3-P11_UTC190427091223.sgy,FORGE_78-32_iDASv3-P11_UTC190427091223.sgy,FORGE_78-32_iDASv3-P11_UTC190427091223,.sgy,utah_2019__FORGE_78-32_iDASv3-P11_UTC190427091223,1000.0
utah_2019,utah_2019,unlabel,/home/ted1204/MS_Detection_Datamaker/MS_datamaker_UTAH_2019/data/unlabel/FORGE_78-32_iDASv3-P11_UTC190427091253.sgy,FORGE_78-32_iDASv3-P11_UTC190427091253.sgy,FORGE_78-32_iDASv3-P11_UTC190427091253,.sgy,utah_2019__FORGE_78-32_iDASv3-P11_UTC190427091253,1000.0
utah_2019,utah_2019,unlabel,/home/ted1204/MS_Detection_Datamaker/MS_datamaker_UTAH_2019/data/unlabel/FORGE_78-32_iDASv3-P11_UTC190427091308.sgy,FORGE_78-32_iDASv3-P11_UTC190427091308.sgy,FORGE_78-32_iDASv3-P11_UTC190427091308,.sgy,utah_2019__FORGE_78-32_iDASv3-P11_UTC190427091308,1000.0
utah_2019,utah_2019,unlabel,/home/ted1204/MS_Detection_Datamaker/MS_datamaker_UTAH_2019/data/unlabel/FORGE_78-32_iDASv3-P11_UTC190427091323.sgy,FORGE_78-32_iDASv3-P11_UTC190427091323.sgy,FORGE_78-32_iDASv3-P11_UTC190427091323,.sgy,utah_2019__FORGE_78-32_iDASv3-P11_UTC190427091323,1000.0
utah_2019,utah_2019,unlabel,/home/ted1204/MS_Detection_Datamaker/MS_datamaker_UTAH_2019/data/unlabel/FORGE_78-32_iDASv3-P11_UTC190427091338.sgy,FORGE_78-32_iDASv3-P11_UTC190427091338.sgy,FORGE_78-32_iDASv3-P11_UTC190427091338,.sgy,utah_2019__FORGE_78-32_iDASv3-P11_UTC190427091338,1000.0
utah_2019,utah_2019,unlabel,/home/ted1204/MS_Detection_Datamaker/MS_datamaker_UTAH_2019/data/unlabel/FORGE_78-32_iDASv3-P11_UTC190427091353.sgy,FORGE_78-32_iDASv3-P11_UTC190427091353.sgy,FORGE_78-32_iDASv3-P11_UTC190427091353,.sgy,utah_2019__FORGE_78-32_iDASv3-P11_UTC190427091353,1000.0
utah_2019,utah_2019,unlabel,/home/ted1204/MS_Detection_Datamaker/MS_datamaker_UTAH_2019/data/unlabel/FORGE_78-32_iDASv3-P11_UTC190427091408.sgy,FORGE_78-32_iDASv3-P11_UTC190427091408.sgy,FORGE_78-32_iDASv3-P11_UTC190427091408,.sgy,utah_2019__FORGE_78-32_iDASv3-P11_UTC190427091408,1000.0
utah_2019,utah_2019,unlabel,/home/ted1204/MS_Detection_Datamaker/MS_datamaker_UTAH_2019/data/unlabel/FORGE_78-32_iDASv3-P11_UTC190427091423.sgy,FORGE_78-32_iDASv3-P11_UTC190427091423.sgy,FORGE_78-32_iDASv3-P11_UTC190427091423,.sgy,utah_2019__FORGE_78-32_iDASv3-P11_UTC190427091423,1000.0
utah_2019,utah_2019,unlabel,/home/ted1204/MS_Detection_Datamaker/MS_datamaker_UTAH_2019/data/unlabel/FORGE_78-32_iDASv3-P11_UTC190427091438.sgy,FORGE_78-32_iDASv3-P11_UTC190427091438.sgy,FORGE_78-32_iDASv3-P11_UTC190427091438,.sgy,utah_2019__FORGE_78-32_iDASv3-P11_UTC190427091438,1000.0
utah_2019,utah_2019,unlabel,/home/ted1204/MS_Detection_Datamaker/MS_datamaker_UTAH_2019/data/unlabel/FORGE_78-32_iDASv3-P11_UTC190427091453.sgy,FORGE_78-32_iDASv3-P11_UTC190427091453.sgy,FORGE_78-32_iDASv3-P11_UTC190427091453,.sgy,utah_2019__FORGE_78-32_iDASv3-P11_UTC190427091453,1000.0
utah_2019,utah_2019,unlabel,/home/ted1204/MS_Detection_Datamaker/MS_datamaker_UTAH_2019/data/unlabel/FORGE_78-32_iDASv3-P11_UTC190427093038.sgy,FORGE_78-32_iDASv3-P11_UTC190427093038.sgy,FORGE_78-32_iDASv3-P11_UTC190427093038,.sgy,utah_2019__FORGE_78-32_iDASv3-P11_UTC190427093038,1000.0
utah_2019,utah_2019,unlabel,/home/ted1204/MS_Detection_Datamaker/MS_datamaker_UTAH_2019/data/unlabel/FORGE_78-32_iDASv3-P11_UTC190427093053.sgy,FORGE_78-32_iDASv3-P11_UTC190427093053.sgy,FORGE_78-32_iDASv3-P11_UTC190427093053,.sgy,utah_2019__FORGE_78-32_iDASv3-P11_UTC190427093053,1000.0
utah_2019,utah_2019,unlabel,/home/ted1204/MS_Detection_Datamaker/MS_datamaker_UTAH_2019/data/unlabel/FORGE_78-32_iDASv3-P11_UTC190427093108.sgy,FORGE_78-32_iDASv3-P11_UTC190427093108.sgy,FORGE_78-32_iDASv3-P11_UTC190427093108,.sgy,utah_2019__FORGE_78-32_iDASv3-P11_UTC190427093108,1000.0
utah_2019,utah_2019,unlabel,/home/ted1204/MS_Detection_Datamaker/MS_datamaker_UTAH_2019/data/unlabel/FORGE_78-32_iDASv3-P11_UTC190427093123.sgy,FORGE_78-32_iDASv3-P11_UTC190427093123.sgy,FORGE_78-32_iDASv3-P11_UTC190427093123,.sgy,utah_2019__FORGE_78-32_iDASv3-P11_UTC190427093123,1000.0
utah_2019,utah_2019,unlabel,/home/ted1204/MS_Detection_Datamaker/MS_datamaker_UTAH_2019/data/unlabel/FORGE_78-32_iDASv3-P11_UTC190427093138.sgy,FORGE_78-32_iDASv3-P11_UTC190427093138.sgy,FORGE_78-32_iDASv3-P11_UTC190427093138,.sgy,utah_2019__FORGE_78-32_iDASv3-P11_UTC190427093138,1000.0
utah_2019,utah_2019,unlabel,/home/ted1204/MS_Detection_Datamaker/MS_datamaker_UTAH_2019/data/unlabel/FORGE_78-32_iDASv3-P11_UTC190427093153.sgy,FORGE_78-32_iDASv3-P11_UTC190427093153.sgy,FORGE_78-32_iDASv3-P11_UTC190427093153,.sgy,utah_2019__FORGE_78-32_iDASv3-P11_UTC190427093153,1000.0
utah_2019,utah_2019,unlabel,/home/ted1204/MS_Detection_Datamaker/MS_datamaker_UTAH_2019/data/unlabel/FORGE_78-32_iDASv3-P11_UTC190427093208.sgy,FORGE_78-32_iDASv3-P11_UTC190427093208.sgy,FORGE_78-32_iDASv3-P11_UTC190427093208,.sgy,utah_2019__FORGE_78-32_iDASv3-P11_UTC190427093208,1000.0
utah_2019,utah_2019,unlabel,/home/ted1204/MS_Detection_Datamaker/MS_datamaker_UTAH_2019/data/unlabel/FORGE_78-32_iDASv3-P11_UTC190427093223.sgy,FORGE_78-32_iDASv3-P11_UTC190427093223.sgy,FORGE_78-32_iDASv3-P11_UTC190427093223,.sgy,utah_2019__FORGE_78-32_iDASv3-P11_UTC190427093223,1000.0
utah_2019,utah_2019,unlabel,/home/ted1204/MS_Detection_Datamaker/MS_datamaker_UTAH_2019/data/unlabel/FORGE_78-32_iDASv3-P11_UTC190427093238.sgy,FORGE_78-32_iDASv3-P11_UTC190427093238.sgy,FORGE_78-32_iDASv3-P11_UTC190427093238,.sgy,utah_2019__FORGE_78-32_iDASv3-P11_UTC190427093238,1000.0
utah_2019,utah_2019,unlabel,/home/ted1204/MS_Detection_Datamaker/MS_datamaker_UTAH_2019/data/unlabel/FORGE_78-32_iDASv3-P11_UTC190427093253.sgy,FORGE_78-32_iDASv3-P11_UTC190427093253.sgy,FORGE_78-32_iDASv3-P11_UTC190427093253,.sgy,utah_2019__FORGE_78-32_iDASv3-P11_UTC190427093253,1000.0
utah_2019,utah_2019,unlabel,/home/ted1204/MS_Detection_Datamaker/MS_datamaker_UTAH_2019/data/unlabel/FORGE_78-32_iDASv3-P11_UTC190427093308.sgy,FORGE_78-32_iDASv3-P11_UTC190427093308.sgy,FORGE_78-32_iDASv3-P11_UTC190427093308,.sgy,utah_2019__FORGE_78-32_iDASv3-P11_UTC190427093308,1000.0
utah_2019,utah_2019,unlabel,/home/ted1204/MS_Detection_Datamaker/MS_datamaker_UTAH_2019/data/unlabel/FORGE_78-32_iDASv3-P11_UTC190427093323.sgy,FORGE_78-32_iDASv3-P11_UTC190427093323.sgy,FORGE_78-32_iDASv3-P11_UTC190427093323,.sgy,utah_2019__FORGE_78-32_iDASv3-P11_UTC190427093323,1000.0
utah_2019,utah_2019,unlabel,/home/ted1204/MS_Detection_Datamaker/MS_datamaker_UTAH_2019/data/unlabel/FORGE_78-32_iDASv3-P11_UTC190427093353.sgy,FORGE_78-32_iDASv3-P11_UTC190427093353.sgy,FORGE_78-32_iDASv3-P11_UTC190427093353,.sgy,utah_2019__FORGE_78-32_iDASv3-P11_UTC190427093353,1000.0
utah_2019,utah_2019,unlabel,/home/ted1204/MS_Detection_Datamaker/MS_datamaker_UTAH_2019/data/unlabel/FORGE_78-32_iDASv3-P11_UTC190427093408.sgy,FORGE_78-32_iDASv3-P11_UTC190427093408.sgy,FORGE_78-32_iDASv3-P11_UTC190427093408,.sgy,utah_2019__FORGE_78-32_iDASv3-P11_UTC190427093408,1000.0
utah_2019,utah_2019,unlabel,/home/ted1204/MS_Detection_Datamaker/MS_datamaker_UTAH_2019/data/unlabel/FORGE_78-32_iDASv3-P11_UTC190427102453.sgy,FORGE_78-32_iDASv3-P11_UTC190427102453.sgy,FORGE_78-32_iDASv3-P11_UTC190427102453,.sgy,utah_2019__FORGE_78-32_iDASv3-P11_UTC190427102453,1000.0
utah_2019,utah_2019,unlabel,/home/ted1204/MS_Detection_Datamaker/MS_datamaker_UTAH_2019/data/unlabel/FORGE_78-32_iDASv3-P11_UTC190427102523.sgy,FORGE_78-32_iDASv3-P11_UTC190427102523.sgy,FORGE_78-32_iDASv3-P11_UTC190427102523,.sgy,utah_2019__FORGE_78-32_iDASv3-P11_UTC190427102523,1000.0
utah_2019,utah_2019,unlabel,/home/ted1204/MS_Detection_Datamaker/MS_datamaker_UTAH_2019/data/unlabel/FORGE_78-32_iDASv3-P11_UTC190427102538.sgy,FORGE_78-32_iDASv3-P11_UTC190427102538.sgy,FORGE_78-32_iDASv3-P11_UTC190427102538,.sgy,utah_2019__FORGE_78-32_iDASv3-P11_UTC190427102538,1000.0
utah_2019,utah_2019,unlabel,/home/ted1204/MS_Detection_Datamaker/MS_datamaker_UTAH_2019/data/unlabel/FORGE_78-32_iDASv3-P11_UTC190427102553.sgy,FORGE_78-32_iDASv3-P11_UTC190427102553.sgy,FORGE_78-32_iDASv3-P11_UTC190427102553,.sgy,utah_2019__FORGE_78-32_iDASv3-P11_UTC190427102553,1000.0
utah_2019,utah_2019,unlabel,/home/ted1204/MS_Detection_Datamaker/MS_datamaker_UTAH_2019/data/unlabel/FORGE_78-32_iDASv3-P11_UTC190427102608.sgy,FORGE_78-32_iDASv3-P11_UTC190427102608.sgy,FORGE_78-32_iDASv3-P11_UTC190427102608,.sgy,utah_2019__FORGE_78-32_iDASv3-P11_UTC190427102608,1000.0
utah_2019,utah_2019,unlabel,/home/ted1204/MS_Detection_Datamaker/MS_datamaker_UTAH_2019/data/unlabel/FORGE_78-32_iDASv3-P11_UTC190427102623.sgy,FORGE_78-32_iDASv3-P11_UTC190427102623.sgy,FORGE_78-32_iDASv3-P11_UTC190427102623,.sgy,utah_2019__FORGE_78-32_iDASv3-P11_UTC190427102623,1000.0
utah_2019,utah_2019,unlabel,/home/ted1204/MS_Detection_Datamaker/MS_datamaker_UTAH_2019/data/unlabel/FORGE_78-32_iDASv3-P11_UTC190427102638.sgy,FORGE_78-32_iDASv3-P11_UTC190427102638.sgy,FORGE_78-32_iDASv3-P11_UTC190427102638,.sgy,utah_2019__FORGE_78-32_iDASv3-P11_UTC190427102638,1000.0
utah_2019,utah_2019,unlabel,/home/ted1204/MS_Detection_Datamaker/MS_datamaker_UTAH_2019/data/unlabel/FORGE_78-32_iDASv3-P11_UTC190427102653.sgy,FORGE_78-32_iDASv3-P11_UTC190427102653.sgy,FORGE_78-32_iDASv3-P11_UTC190427102653,.sgy,utah_2019__FORGE_78-32_iDASv3-P11_UTC190427102653,1000.0
utah_2019,utah_2019,unlabel,/home/ted1204/MS_Detection_Datamaker/MS_datamaker_UTAH_2019/data/unlabel/FORGE_78-32_iDASv3-P11_UTC190427102708.sgy,FORGE_78-32_iDASv3-P11_UTC190427102708.sgy,FORGE_78-32_iDASv3-P11_UTC190427102708,.sgy,utah_2019__FORGE_78-32_iDASv3-P11_UTC190427102708,1000.0
utah_2019,utah_2019,unlabel,/home/ted1204/MS_Detection_Datamaker/MS_datamaker_UTAH_2019/data/unlabel/FORGE_78-32_iDASv3-P11_UTC190427102723.sgy,FORGE_78-32_iDASv3-P11_UTC190427102723.sgy,FORGE_78-32_iDASv3-P11_UTC190427102723,.sgy,utah_2019__FORGE_78-32_iDASv3-P11_UTC190427102723,1000.0
utah_2019,utah_2019,unlabel,/home/ted1204/MS_Detection_Datamaker/MS_datamaker_UTAH_2019/data/unlabel/FORGE_78-32_iDASv3-P11_UTC190427102738.sgy,FORGE_78-32_iDASv3-P11_UTC190427102738.sgy,FORGE_78-32_iDASv3-P11_UTC190427102738,.sgy,utah_2019__FORGE_78-32_iDASv3-P11_UTC190427102738,1000.0
utah_2019,utah_2019,unlabel,/home/ted1204/MS_Detection_Datamaker/MS_datamaker_UTAH_2019/data/unlabel/FORGE_78-32_iDASv3-P11_UTC190427102753.sgy,FORGE_78-32_iDASv3-P11_UTC190427102753.sgy,FORGE_78-32_iDASv3-P11_UTC190427102753,.sgy,utah_2019__FORGE_78-32_iDASv3-P11_UTC190427102753,1000.0
utah_2019,utah_2019,unlabel,/home/ted1204/MS_Detection_Datamaker/MS_datamaker_UTAH_2019/data/unlabel/FORGE_78-32_iDASv3-P11_UTC190427102808.sgy,FORGE_78-32_iDASv3-P11_UTC190427102808.sgy,FORGE_78-32_iDASv3-P11_UTC190427102808,.sgy,utah_2019__FORGE_78-32_iDASv3-P11_UTC190427102808,1000.0
utah_2019,utah_2019,unlabel,/home/ted1204/MS_Detection_Datamaker/MS_datamaker_UTAH_2019/data/unlabel/FORGE_78-32_iDASv3-P11_UTC190427102838.sgy,FORGE_78-32_iDASv3-P11_UTC190427102838.sgy,FORGE_78-32_iDASv3-P11_UTC190427102838,.sgy,utah_2019__FORGE_78-32_iDASv3-P11_UTC190427102838,1000.0
utah_2019,utah_2019,unlabel,/home/ted1204/MS_Detection_Datamaker/MS_datamaker_UTAH_2019/data/unlabel/FORGE_78-32_iDASv3-P11_UTC190427102853.sgy,FORGE_78-32_iDASv3-P11_UTC190427102853.sgy,FORGE_78-32_iDASv3-P11_UTC190427102853,.sgy,utah_2019__FORGE_78-32_iDASv3-P11_UTC190427102853,1000.0
utah_2019,utah_2019,unlabel,/home/ted1204/MS_Detection_Datamaker/MS_datamaker_UTAH_2019/data/unlabel/FORGE_78-32_iDASv3-P11_UTC190427102908.sgy,FORGE_78-32_iDASv3-P11_UTC190427102908.sgy,FORGE_78-32_iDASv3-P11_UTC190427102908,.sgy,utah_2019__FORGE_78-32_iDASv3-P11_UTC190427102908,1000.0
utah_2019,utah_2019,unlabel,/home/ted1204/MS_Detection_Datamaker/MS_datamaker_UTAH_2019/data/unlabel/FORGE_78-32_iDASv3-P11_UTC190427102923.sgy,FORGE_78-32_iDASv3-P11_UTC190427102923.sgy,FORGE_78-32_iDASv3-P11_UTC190427102923,.sgy,utah_2019__FORGE_78-32_iDASv3-P11_UTC190427102923,1000.0
utah_2019,utah_2019,unlabel,/home/ted1204/MS_Detection_Datamaker/MS_datamaker_UTAH_2019/data/unlabel/FORGE_78-32_iDASv3-P11_UTC190427102953.sgy,FORGE_78-32_iDASv3-P11_UTC190427102953.sgy,FORGE_78-32_iDASv3-P11_UTC190427102953,.sgy,utah_2019__FORGE_78-32_iDASv3-P11_UTC190427102953,1000.0
utah_2019,utah_2019,unlabel,/home/ted1204/MS_Detection_Datamaker/MS_datamaker_UTAH_2019/data/unlabel/FORGE_78-32_iDASv3-P11_UTC190427103008.sgy,FORGE_78-32_iDASv3-P11_UTC190427103008.sgy,FORGE_78-32_iDASv3-P11_UTC190427103008,.sgy,utah_2019__FORGE_78-32_iDASv3-P11_UTC190427103008,1000.0
utah_2019,utah_2019,unlabel,/home/ted1204/MS_Detection_Datamaker/MS_datamaker_UTAH_2019/data/unlabel/FORGE_78-32_iDASv3-P11_UTC190428052938.sgy,FORGE_78-32_iDASv3-P11_UTC190428052938.sgy,FORGE_78-32_iDASv3-P11_UTC190428052938,.sgy,utah_2019__FORGE_78-32_iDASv3-P11_UTC190428052938,1000.0
utah_2019,utah_2019,unlabel,/home/ted1204/MS_Detection_Datamaker/MS_datamaker_UTAH_2019/data/unlabel/FORGE_78-32_iDASv3-P11_UTC190428052953.sgy,FORGE_78-32_iDASv3-P11_UTC190428052953.sgy,FORGE_78-32_iDASv3-P11_UTC190428052953,.sgy,utah_2019__FORGE_78-32_iDASv3-P11_UTC190428052953,1000.0
utah_2019,utah_2019,unlabel,/home/ted1204/MS_Detection_Datamaker/MS_datamaker_UTAH_2019/data/unlabel/FORGE_78-32_iDASv3-P11_UTC190428053008.sgy,FORGE_78-32_iDASv3-P11_UTC190428053008.sgy,FORGE_78-32_iDASv3-P11_UTC190428053008,.sgy,utah_2019__FORGE_78-32_iDASv3-P11_UTC190428053008,1000.0
utah_2019,utah_2019,unlabel,/home/ted1204/MS_Detection_Datamaker/MS_datamaker_UTAH_2019/data/unlabel/FORGE_78-32_iDASv3-P11_UTC190428053038.sgy,FORGE_78-32_iDASv3-P11_UTC190428053038.sgy,FORGE_78-32_iDASv3-P11_UTC190428053038,.sgy,utah_2019__FORGE_78-32_iDASv3-P11_UTC190428053038,1000.0
utah_2019,utah_2019,unlabel,/home/ted1204/MS_Detection_Datamaker/MS_datamaker_UTAH_2019/data/unlabel/FORGE_78-32_iDASv3-P11_UTC190428053053.sgy,FORGE_78-32_iDASv3-P11_UTC190428053053.sgy,FORGE_78-32_iDASv3-P11_UTC190428053053,.sgy,utah_2019__FORGE_78-32_iDASv3-P11_UTC190428053053,1000.0
utah_2019,utah_2019,unlabel,/home/ted1204/MS_Detection_Datamaker/MS_datamaker_UTAH_2019/data/unlabel/FORGE_78-32_iDASv3-P11_UTC190428053108.sgy,FORGE_78-32_iDASv3-P11_UTC190428053108.sgy,FORGE_78-32_iDASv3-P11_UTC190428053108,.sgy,utah_2019__FORGE_78-32_iDASv3-P11_UTC190428053108,1000.0
utah_2019,utah_2019,unlabel,/home/ted1204/MS_Detection_Datamaker/MS_datamaker_UTAH_2019/data/unlabel/FORGE_78-32_iDASv3-P11_UTC190428053123.sgy,FORGE_78-32_iDASv3-P11_UTC190428053123.sgy,FORGE_78-32_iDASv3-P11_UTC190428053123,.sgy,utah_2019__FORGE_78-32_iDASv3-P11_UTC190428053123,1000.0
utah_2019,utah_2019,unlabel,/home/ted1204/MS_Detection_Datamaker/MS_datamaker_UTAH_2019/data/unlabel/FORGE_78-32_iDASv3-P11_UTC190428053138.sgy,FORGE_78-32_iDASv3-P11_UTC190428053138.sgy,FORGE_78-32_iDASv3-P11_UTC190428053138,.sgy,utah_2019__FORGE_78-32_iDASv3-P11_UTC190428053138,1000.0
utah_2019,utah_2019,unlabel,/home/ted1204/MS_Detection_Datamaker/MS_datamaker_UTAH_2019/data/unlabel/FORGE_78-32_iDASv3-P11_UTC190428053153.sgy,FORGE_78-32_iDASv3-P11_UTC190428053153.sgy,FORGE_78-32_iDASv3-P11_UTC190428053153,.sgy,utah_2019__FORGE_78-32_iDASv3-P11_UTC190428053153,1000.0
utah_2019,utah_2019,unlabel,/home/ted1204/MS_Detection_Datamaker/MS_datamaker_UTAH_2019/data/unlabel/FORGE_78-32_iDASv3-P11_UTC190428053208.sgy,FORGE_78-32_iDASv3-P11_UTC190428053208.sgy,FORGE_78-32_iDASv3-P11_UTC190428053208,.sgy,utah_2019__FORGE_78-32_iDASv3-P11_UTC190428053208,1000.0
utah_2019,utah_2019,unlabel,/home/ted1204/MS_Detection_Datamaker/MS_datamaker_UTAH_2019/data/unlabel/FORGE_78-32_iDASv3-P11_UTC190428053223.sgy,FORGE_78-32_iDASv3-P11_UTC190428053223.sgy,FORGE_78-32_iDASv3-P11_UTC190428053223,.sgy,utah_2019__FORGE_78-32_iDASv3-P11_UTC190428053223,1000.0
utah_2019,utah_2019,unlabel,/home/ted1204/MS_Detection_Datamaker/MS_datamaker_UTAH_2019/data/unlabel/FORGE_78-32_iDASv3-P11_UTC190428053238.sgy,FORGE_78-32_iDASv3-P11_UTC190428053238.sgy,FORGE_78-32_iDASv3-P11_UTC190428053238,.sgy,utah_2019__FORGE_78-32_iDASv3-P11_UTC190428053238,1000.0
utah_2019,utah_2019,unlabel,/home/ted1204/MS_Detection_Datamaker/MS_datamaker_UTAH_2019/data/unlabel/FORGE_78-32_iDASv3-P11_UTC190428053253.sgy,FORGE_78-32_iDASv3-P11_UTC190428053253.sgy,FORGE_78-32_iDASv3-P11_UTC190428053253,.sgy,utah_2019__FORGE_78-32_iDASv3-P11_UTC190428053253,1000.0
utah_2019,utah_2019,unlabel,/home/ted1204/MS_Detection_Datamaker/MS_datamaker_UTAH_2019/data/unlabel/FORGE_78-32_iDASv3-P11_UTC190428053308.sgy,FORGE_78-32_iDASv3-P11_UTC190428053308.sgy,FORGE_78-32_iDASv3-P11_UTC190428053308,.sgy,utah_2019__FORGE_78-32_iDASv3-P11_UTC190428053308,1000.0
utah_2019,utah_2019,unlabel,/home/ted1204/MS_Detection_Datamaker/MS_datamaker_UTAH_2019/data/unlabel/FORGE_78-32_iDASv3-P11_UTC190428053323.sgy,FORGE_78-32_iDASv3-P11_UTC190428053323.sgy,FORGE_78-32_iDASv3-P11_UTC190428053323,.sgy,utah_2019__FORGE_78-32_iDASv3-P11_UTC190428053323,1000.0
utah_2019,utah_2019,unlabel,/home/ted1204/MS_Detection_Datamaker/MS_datamaker_UTAH_2019/data/unlabel/FORGE_78-32_iDASv3-P11_UTC190428053338.sgy,FORGE_78-32_iDASv3-P11_UTC190428053338.sgy,FORGE_78-32_iDASv3-P11_UTC190428053338,.sgy,utah_2019__FORGE_78-32_iDASv3-P11_UTC190428053338,1000.0
utah_2019,utah_2019,unlabel,/home/ted1204/MS_Detection_Datamaker/MS_datamaker_UTAH_2019/data/unlabel/FORGE_78-32_iDASv3-P11_UTC190428053353.sgy,FORGE_78-32_iDASv3-P11_UTC190428053353.sgy,FORGE_78-32_iDASv3-P11_UTC190428053353,.sgy,utah_2019__FORGE_78-32_iDASv3-P11_UTC190428053353,1000.0
utah_2019,utah_2019,unlabel,/home/ted1204/MS_Detection_Datamaker/MS_datamaker_UTAH_2019/data/unlabel/FORGE_78-32_iDASv3-P11_UTC190428053408.sgy,FORGE_78-32_iDASv3-P11_UTC190428053408.sgy,FORGE_78-32_iDASv3-P11_UTC190428053408,.sgy,utah_2019__FORGE_78-32_iDASv3-P11_UTC190428053408,1000.0
utah_2019,utah_2019,unlabel,/home/ted1204/MS_Detection_Datamaker/MS_datamaker_UTAH_2019/data/unlabel/FORGE_78-32_iDASv3-P11_UTC190428053423.sgy,FORGE_78-32_iDASv3-P11_UTC190428053423.sgy,FORGE_78-32_iDASv3-P11_UTC190428053423,.sgy,utah_2019__FORGE_78-32_iDASv3-P11_UTC190428053423,1000.0
utah_2019,utah_2019,unlabel,/home/ted1204/MS_Detection_Datamaker/MS_datamaker_UTAH_2019/data/unlabel/FORGE_78-32_iDASv3-P11_UTC190428054323.sgy,FORGE_78-32_iDASv3-P11_UTC190428054323.sgy,FORGE_78-32_iDASv3-P11_UTC190428054323,.sgy,utah_2019__FORGE_78-32_iDASv3-P11_UTC190428054323,1000.0
utah_2019,utah_2019,unlabel,/home/ted1204/MS_Detection_Datamaker/MS_datamaker_UTAH_2019/data/unlabel/FORGE_78-32_iDASv3-P11_UTC190428054338.sgy,FORGE_78-32_iDASv3-P11_UTC190428054338.sgy,FORGE_78-32_iDASv3-P11_UTC190428054338,.sgy,utah_2019__FORGE_78-32_iDASv3-P11_UTC190428054338,1000.0
utah_2019,utah_2019,unlabel,/home/ted1204/MS_Detection_Datamaker/MS_datamaker_UTAH_2019/data/unlabel/FORGE_78-32_iDASv3-P11_UTC190428054353.sgy,FORGE_78-32_iDASv3-P11_UTC190428054353.sgy,FORGE_78-32_iDASv3-P11_UTC190428054353,.sgy,utah_2019__FORGE_78-32_iDASv3-P11_UTC190428054353,1000.0
utah_2019,utah_2019,unlabel,/home/ted1204/MS_Detection_Datamaker/MS_datamaker_UTAH_2019/data/unlabel/FORGE_78-32_iDASv3-P11_UTC190428054408.sgy,FORGE_78-32_iDASv3-P11_UTC190428054408.sgy,FORGE_78-32_iDASv3-P11_UTC190428054408,.sgy,utah_2019__FORGE_78-32_iDASv3-P11_UTC190428054408,1000.0
utah_2019,utah_2019,unlabel,/home/ted1204/MS_Detection_Datamaker/MS_datamaker_UTAH_2019/data/unlabel/FORGE_78-32_iDASv3-P11_UTC190428054423.sgy,FORGE_78-32_iDASv3-P11_UTC190428054423.sgy,FORGE_78-32_iDASv3-P11_UTC190428054423,.sgy,utah_2019__FORGE_78-32_iDASv3-P11_UTC190428054423,1000.0
utah_2019,utah_2019,unlabel,/home/ted1204/MS_Detection_Datamaker/MS_datamaker_UTAH_2019/data/unlabel/FORGE_78-32_iDASv3-P11_UTC190428054438.sgy,FORGE_78-32_iDASv3-P11_UTC190428054438.sgy,FORGE_78-32_iDASv3-P11_UTC190428054438,.sgy,utah_2019__FORGE_78-32_iDASv3-P11_UTC190428054438,1000.0
utah_2019,utah_2019,unlabel,/home/ted1204/MS_Detection_Datamaker/MS_datamaker_UTAH_2019/data/unlabel/FORGE_78-32_iDASv3-P11_UTC190428054453.sgy,FORGE_78-32_iDASv3-P11_UTC190428054453.sgy,FORGE_78-32_iDASv3-P11_UTC190428054453,.sgy,utah_2019__FORGE_78-32_iDASv3-P11_UTC190428054453,1000.0
utah_2019,utah_2019,unlabel,/home/ted1204/MS_Detection_Datamaker/MS_datamaker_UTAH_2019/data/unlabel/FORGE_78-32_iDASv3-P11_UTC190428054508.sgy,FORGE_78-32_iDASv3-P11_UTC190428054508.sgy,FORGE_78-32_iDASv3-P11_UTC190428054508,.sgy,utah_2019__FORGE_78-32_iDASv3-P11_UTC190428054508,1000.0
utah_2019,utah_2019,unlabel,/home/ted1204/MS_Detection_Datamaker/MS_datamaker_UTAH_2019/data/unlabel/FORGE_78-32_iDASv3-P11_UTC190428054523.sgy,FORGE_78-32_iDASv3-P11_UTC190428054523.sgy,FORGE_78-32_iDASv3-P11_UTC190428054523,.sgy,utah_2019__FORGE_78-32_iDASv3-P11_UTC190428054523,1000.0
utah_2019,utah_2019,unlabel,/home/ted1204/MS_Detection_Datamaker/MS_datamaker_UTAH_2019/data/unlabel/FORGE_78-32_iDASv3-P11_UTC190428054538.sgy,FORGE_78-32_iDASv3-P11_UTC190428054538.sgy,FORGE_78-32_iDASv3-P11_UTC190428054538,.sgy,utah_2019__FORGE_78-32_iDASv3-P11_UTC190428054538,1000.0
utah_2019,utah_2019,unlabel,/home/ted1204/MS_Detection_Datamaker/MS_datamaker_UTAH_2019/data/unlabel/FORGE_78-32_iDASv3-P11_UTC190428054553.sgy,FORGE_78-32_iDASv3-P11_UTC190428054553.sgy,FORGE_78-32_iDASv3-P11_UTC190428054553,.sgy,utah_2019__FORGE_78-32_iDASv3-P11_UTC190428054553,1000.0
utah_2019,utah_2019,unlabel,/home/ted1204/MS_Detection_Datamaker/MS_datamaker_UTAH_2019/data/unlabel/FORGE_78-32_iDASv3-P11_UTC190428054608.sgy,FORGE_78-32_iDASv3-P11_UTC190428054608.sgy,FORGE_78-32_iDASv3-P11_UTC190428054608,.sgy,utah_2019__FORGE_78-32_iDASv3-P11_UTC190428054608,1000.0
utah_2019,utah_2019,unlabel,/home/ted1204/MS_Detection_Datamaker/MS_datamaker_UTAH_2019/data/unlabel/FORGE_78-32_iDASv3-P11_UTC190428054623.sgy,FORGE_78-32_iDASv3-P11_UTC190428054623.sgy,FORGE_78-32_iDASv3-P11_UTC190428054623,.sgy,utah_2019__FORGE_78-32_iDASv3-P11_UTC190428054623,1000.0
utah_2019,utah_2019,unlabel,/home/ted1204/MS_Detection_Datamaker/MS_datamaker_UTAH_2019/data/unlabel/FORGE_78-32_iDASv3-P11_UTC190428054638.sgy,FORGE_78-32_iDASv3-P11_UTC190428054638.sgy,FORGE_78-32_iDASv3-P11_UTC190428054638,.sgy,utah_2019__FORGE_78-32_iDASv3-P11_UTC190428054638,1000.0
utah_2019,utah_2019,unlabel,/home/ted1204/MS_Detection_Datamaker/MS_datamaker_UTAH_2019/data/unlabel/FORGE_78-32_iDASv3-P11_UTC190428054653.sgy,FORGE_78-32_iDASv3-P11_UTC190428054653.sgy,FORGE_78-32_iDASv3-P11_UTC190428054653,.sgy,utah_2019__FORGE_78-32_iDASv3-P11_UTC190428054653,1000.0
utah_2019,utah_2019,unlabel,/home/ted1204/MS_Detection_Datamaker/MS_datamaker_UTAH_2019/data/unlabel/FORGE_78-32_iDASv3-P11_UTC190428054708.sgy,FORGE_78-32_iDASv3-P11_UTC190428054708.sgy,FORGE_78-32_iDASv3-P11_UTC190428054708,.sgy,utah_2019__FORGE_78-32_iDASv3-P11_UTC190428054708,1000.0
utah_2019,utah_2019,unlabel,/home/ted1204/MS_Detection_Datamaker/MS_datamaker_UTAH_2019/data/unlabel/FORGE_78-32_iDASv3-P11_UTC190428054723.sgy,FORGE_78-32_iDASv3-P11_UTC190428054723.sgy,FORGE_78-32_iDASv3-P11_UTC190428054723,.sgy,utah_2019__FORGE_78-32_iDASv3-P11_UTC190428054723,1000.0
utah_2019,utah_2019,unlabel,/home/ted1204/MS_Detection_Datamaker/MS_datamaker_UTAH_2019/data/unlabel/FORGE_78-32_iDASv3-P11_UTC190428054738.sgy,FORGE_78-32_iDASv3-P11_UTC190428054738.sgy,FORGE_78-32_iDASv3-P11_UTC190428054738,.sgy,utah_2019__FORGE_78-32_iDASv3-P11_UTC190428054738,1000.0
utah_2019,utah_2019,unlabel,/home/ted1204/MS_Detection_Datamaker/MS_datamaker_UTAH_2019/data/unlabel/FORGE_78-32_iDASv3-P11_UTC190428054753.sgy,FORGE_78-32_iDASv3-P11_UTC190428054753.sgy,FORGE_78-32_iDASv3-P11_UTC190428054753,.sgy,utah_2019__FORGE_78-32_iDASv3-P11_UTC190428054753,1000.0
utah_2019,utah_2019,unlabel,/home/ted1204/MS_Detection_Datamaker/MS_datamaker_UTAH_2019/data/unlabel/FORGE_78-32_iDASv3-P11_UTC190428054808.sgy,FORGE_78-32_iDASv3-P11_UTC190428054808.sgy,FORGE_78-32_iDASv3-P11_UTC190428054808,.sgy,utah_2019__FORGE_78-32_iDASv3-P11_UTC190428054808,1000.0
utah_2019,utah_2019,unlabel,/home/ted1204/MS_Detection_Datamaker/MS_datamaker_UTAH_2019/data/unlabel/FORGE_78-32_iDASv3-P11_UTC190428054823.sgy,FORGE_78-32_iDASv3-P11_UTC190428054823.sgy,FORGE_78-32_iDASv3-P11_UTC190428054823,.sgy,utah_2019__FORGE_78-32_iDASv3-P11_UTC190428054823,1000.0
utah_2019,utah_2019,unlabel,/home/ted1204/MS_Detection_Datamaker/MS_datamaker_UTAH_2019/data/unlabel/FORGE_78-32_iDASv3-P11_UTC190428054838.sgy,FORGE_78-32_iDASv3-P11_UTC190428054838.sgy,FORGE_78-32_iDASv3-P11_UTC190428054838,.sgy,utah_2019__FORGE_78-32_iDASv3-P11_UTC190428054838,1000.0
utah_2019,utah_2019,unlabel,/home/ted1204/MS_Detection_Datamaker/MS_datamaker_UTAH_2019/data/unlabel/FORGE_78-32_iDASv3-P11_UTC190428054853.sgy,FORGE_78-32_iDASv3-P11_UTC190428054853.sgy,FORGE_78-32_iDASv3-P11_UTC190428054853,.sgy,utah_2019__FORGE_78-32_iDASv3-P11_UTC190428054853,1000.0
utah_2019,utah_2019,unlabel,/home/ted1204/MS_Detection_Datamaker/MS_datamaker_UTAH_2019/data/unlabel/FORGE_78-32_iDASv3-P11_UTC190428054908.sgy,FORGE_78-32_iDASv3-P11_UTC190428054908.sgy,FORGE_78-32_iDASv3-P11_UTC190428054908,.sgy,utah_2019__FORGE_78-32_iDASv3-P11_UTC190428054908,1000.0
utah_2019,utah_2019,unlabel,/home/ted1204/MS_Detection_Datamaker/MS_datamaker_UTAH_2019/data/unlabel/FORGE_78-32_iDASv3-P11_UTC190428054923.sgy,FORGE_78-32_iDASv3-P11_UTC190428054923.sgy,FORGE_78-32_iDASv3-P11_UTC190428054923,.sgy,utah_2019__FORGE_78-32_iDASv3-P11_UTC190428054923,1000.0
utah_2019,utah_2019,unlabel,/home/ted1204/MS_Detection_Datamaker/MS_datamaker_UTAH_2019/data/unlabel/FORGE_78-32_iDASv3-P11_UTC190428061708.sgy,FORGE_78-32_iDASv3-P11_UTC190428061708.sgy,FORGE_78-32_iDASv3-P11_UTC190428061708,.sgy,utah_2019__FORGE_78-32_iDASv3-P11_UTC190428061708,1000.0
utah_2019,utah_2019,unlabel,/home/ted1204/MS_Detection_Datamaker/MS_datamaker_UTAH_2019/data/unlabel/FORGE_78-32_iDASv3-P11_UTC190428061723.sgy,FORGE_78-32_iDASv3-P11_UTC190428061723.sgy,FORGE_78-32_iDASv3-P11_UTC190428061723,.sgy,utah_2019__FORGE_78-32_iDASv3-P11_UTC190428061723,1000.0
utah_2019,utah_2019,unlabel,/home/ted1204/MS_Detection_Datamaker/MS_datamaker_UTAH_2019/data/unlabel/FORGE_78-32_iDASv3-P11_UTC190428061738.sgy,FORGE_78-32_iDASv3-P11_UTC190428061738.sgy,FORGE_78-32_iDASv3-P11_UTC190428061738,.sgy,utah_2019__FORGE_78-32_iDASv3-P11_UTC190428061738,1000.0
utah_2019,utah_2019,unlabel,/home/ted1204/MS_Detection_Datamaker/MS_datamaker_UTAH_2019/data/unlabel/FORGE_78-32_iDASv3-P11_UTC190428061753.sgy,FORGE_78-32_iDASv3-P11_UTC190428061753.sgy,FORGE_78-32_iDASv3-P11_UTC190428061753,.sgy,utah_2019__FORGE_78-32_iDASv3-P11_UTC190428061753,1000.0
utah_2019,utah_2019,unlabel,/home/ted1204/MS_Detection_Datamaker/MS_datamaker_UTAH_2019/data/unlabel/FORGE_78-32_iDASv3-P11_UTC190428061808.sgy,FORGE_78-32_iDASv3-P11_UTC190428061808.sgy,FORGE_78-32_iDASv3-P11_UTC190428061808,.sgy,utah_2019__FORGE_78-32_iDASv3-P11_UTC190428061808,1000.0
utah_2019,utah_2019,unlabel,/home/ted1204/MS_Detection_Datamaker/MS_datamaker_UTAH_2019/data/unlabel/FORGE_78-32_iDASv3-P11_UTC190428061823.sgy,FORGE_78-32_iDASv3-P11_UTC190428061823.sgy,FORGE_78-32_iDASv3-P11_UTC190428061823,.sgy,utah_2019__FORGE_78-32_iDASv3-P11_UTC190428061823,1000.0
utah_2019,utah_2019,unlabel,/home/ted1204/MS_Detection_Datamaker/MS_datamaker_UTAH_2019/data/unlabel/FORGE_78-32_iDASv3-P11_UTC190428061838.sgy,FORGE_78-32_iDASv3-P11_UTC190428061838.sgy,FORGE_78-32_iDASv3-P11_UTC190428061838,.sgy,utah_2019__FORGE_78-32_iDASv3-P11_UTC190428061838,1000.0
utah_2019,utah_2019,unlabel,/home/ted1204/MS_Detection_Datamaker/MS_datamaker_UTAH_2019/data/unlabel/FORGE_78-32_iDASv3-P11_UTC190428061853.sgy,FORGE_78-32_iDASv3-P11_UTC190428061853.sgy,FORGE_78-32_iDASv3-P11_UTC190428061853,.sgy,utah_2019__FORGE_78-32_iDASv3-P11_UTC190428061853,1000.0
utah_2019,utah_2019,unlabel,/home/ted1204/MS_Detection_Datamaker/MS_datamaker_UTAH_2019/data/unlabel/FORGE_78-32_iDASv3-P11_UTC190428061908.sgy,FORGE_78-32_iDASv3-P11_UTC190428061908.sgy,FORGE_78-32_iDASv3-P11_UTC190428061908,.sgy,utah_2019__FORGE_78-32_iDASv3-P11_UTC190428061908,1000.0
utah_2019,utah_2019,unlabel,/home/ted1204/MS_Detection_Datamaker/MS_datamaker_UTAH_2019/data/unlabel/FORGE_78-32_iDASv3-P11_UTC190428061923.sgy,FORGE_78-32_iDASv3-P11_UTC190428061923.sgy,FORGE_78-32_iDASv3-P11_UTC190428061923,.sgy,utah_2019__FORGE_78-32_iDASv3-P11_UTC190428061923,1000.0
utah_2019,utah_2019,unlabel,/home/ted1204/MS_Detection_Datamaker/MS_datamaker_UTAH_2019/data/unlabel/FORGE_78-32_iDASv3-P11_UTC190428061938.sgy,FORGE_78-32_iDASv3-P11_UTC190428061938.sgy,FORGE_78-32_iDASv3-P11_UTC190428061938,.sgy,utah_2019__FORGE_78-32_iDASv3-P11_UTC190428061938,1000.0
utah_2019,utah_2019,unlabel,/home/ted1204/MS_Detection_Datamaker/MS_datamaker_UTAH_2019/data/unlabel/FORGE_78-32_iDASv3-P11_UTC190428061953.sgy,FORGE_78-32_iDASv3-P11_UTC190428061953.sgy,FORGE_78-32_iDASv3-P11_UTC190428061953,.sgy,utah_2019__FORGE_78-32_iDASv3-P11_UTC190428061953,1000.0
utah_2019,utah_2019,unlabel,/home/ted1204/MS_Detection_Datamaker/MS_datamaker_UTAH_2019/data/unlabel/FORGE_78-32_iDASv3-P11_UTC190428062008.sgy,FORGE_78-32_iDASv3-P11_UTC190428062008.sgy,FORGE_78-32_iDASv3-P11_UTC190428062008,.sgy,utah_2019__FORGE_78-32_iDASv3-P11_UTC190428062008,1000.0
utah_2019,utah_2019,unlabel,/home/ted1204/MS_Detection_Datamaker/MS_datamaker_UTAH_2019/data/unlabel/FORGE_78-32_iDASv3-P11_UTC190428062023.sgy,FORGE_78-32_iDASv3-P11_UTC190428062023.sgy,FORGE_78-32_iDASv3-P11_UTC190428062023,.sgy,utah_2019__FORGE_78-32_iDASv3-P11_UTC190428062023,1000.0
utah_2019,utah_2019,unlabel,/home/ted1204/MS_Detection_Datamaker/MS_datamaker_UTAH_2019/data/unlabel/FORGE_78-32_iDASv3-P11_UTC190428062038.sgy,FORGE_78-32_iDASv3-P11_UTC190428062038.sgy,FORGE_78-32_iDASv3-P11_UTC190428062038,.sgy,utah_2019__FORGE_78-32_iDASv3-P11_UTC190428062038,1000.0
utah_2019,utah_2019,unlabel,/home/ted1204/MS_Detection_Datamaker/MS_datamaker_UTAH_2019/data/unlabel/FORGE_78-32_iDASv3-P11_UTC190428062053.sgy,FORGE_78-32_iDASv3-P11_UTC190428062053.sgy,FORGE_78-32_iDASv3-P11_UTC190428062053,.sgy,utah_2019__FORGE_78-32_iDASv3-P11_UTC190428062053,1000.0
utah_2019,utah_2019,unlabel,/home/ted1204/MS_Detection_Datamaker/MS_datamaker_UTAH_2019/data/unlabel/FORGE_78-32_iDASv3-P11_UTC190428062108.sgy,FORGE_78-32_iDASv3-P11_UTC190428062108.sgy,FORGE_78-32_iDASv3-P11_UTC190428062108,.sgy,utah_2019__FORGE_78-32_iDASv3-P11_UTC190428062108,1000.0
utah_2019,utah_2019,unlabel,/home/ted1204/MS_Detection_Datamaker/MS_datamaker_UTAH_2019/data/unlabel/FORGE_78-32_iDASv3-P11_UTC190428062123.sgy,FORGE_78-32_iDASv3-P11_UTC190428062123.sgy,FORGE_78-32_iDASv3-P11_UTC190428062123,.sgy,utah_2019__FORGE_78-32_iDASv3-P11_UTC190428062123,1000.0
utah_2019,utah_2019,unlabel,/home/ted1204/MS_Detection_Datamaker/MS_datamaker_UTAH_2019/data/unlabel/FORGE_78-32_iDASv3-P11_UTC190428062138.sgy,FORGE_78-32_iDASv3-P11_UTC190428062138.sgy,FORGE_78-32_iDASv3-P11_UTC190428062138,.sgy,utah_2019__FORGE_78-32_iDASv3-P11_UTC190428062138,1000.0
utah_2019,utah_2019,unlabel,/home/ted1204/MS_Detection_Datamaker/MS_datamaker_UTAH_2019/data/unlabel/FORGE_78-32_iDASv3-P11_UTC190428062153.sgy,FORGE_78-32_iDASv3-P11_UTC190428062153.sgy,FORGE_78-32_iDASv3-P11_UTC190428062153,.sgy,utah_2019__FORGE_78-32_iDASv3-P11_UTC190428062153,1000.0
utah_2019,utah_2019,unlabel,/home/ted1204/MS_Detection_Datamaker/MS_datamaker_UTAH_2019/data/unlabel/FORGE_78-32_iDASv3-P11_UTC190428062208.sgy,FORGE_78-32_iDASv3-P11_UTC190428062208.sgy,FORGE_78-32_iDASv3-P11_UTC190428062208,.sgy,utah_2019__FORGE_78-32_iDASv3-P11_UTC190428062208,1000.0
utah_2019,utah_2019,unlabel,/home/ted1204/MS_Detection_Datamaker/MS_datamaker_UTAH_2019/data/unlabel/FORGE_78-32_iDASv3-P11_UTC190428062223.sgy,FORGE_78-32_iDASv3-P11_UTC190428062223.sgy,FORGE_78-32_iDASv3-P11_UTC190428062223,.sgy,utah_2019__FORGE_78-32_iDASv3-P11_UTC190428062223,1000.0
utah_2019,utah_2019,unlabel,/home/ted1204/MS_Detection_Datamaker/MS_datamaker_UTAH_2019/data/unlabel/FORGE_78-32_iDASv3-P11_UTC190428062238.sgy,FORGE_78-32_iDASv3-P11_UTC190428062238.sgy,FORGE_78-32_iDASv3-P11_UTC190428062238,.sgy,utah_2019__FORGE_78-32_iDASv3-P11_UTC190428062238,1000.0
utah_2019,utah_2019,unlabel,/home/ted1204/MS_Detection_Datamaker/MS_datamaker_UTAH_2019/data/unlabel/FORGE_78-32_iDASv3-P11_UTC190429210938.sgy,FORGE_78-32_iDASv3-P11_UTC190429210938.sgy,FORGE_78-32_iDASv3-P11_UTC190429210938,.sgy,utah_2019__FORGE_78-32_iDASv3-P11_UTC190429210938,1000.0
utah_2019,utah_2019,unlabel,/home/ted1204/MS_Detection_Datamaker/MS_datamaker_UTAH_2019/data/unlabel/FORGE_78-32_iDASv3-P11_UTC190429210953.sgy,FORGE_78-32_iDASv3-P11_UTC190429210953.sgy,FORGE_78-32_iDASv3-P11_UTC190429210953,.sgy,utah_2019__FORGE_78-32_iDASv3-P11_UTC190429210953,1000.0
utah_2019,utah_2019,unlabel,/home/ted1204/MS_Detection_Datamaker/MS_datamaker_UTAH_2019/data/unlabel/FORGE_78-32_iDASv3-P11_UTC190429211008.sgy,FORGE_78-32_iDASv3-P11_UTC190429211008.sgy,FORGE_78-32_iDASv3-P11_UTC190429211008,.sgy,utah_2019__FORGE_78-32_iDASv3-P11_UTC190429211008,1000.0
utah_2019,utah_2019,unlabel,/home/ted1204/MS_Detection_Datamaker/MS_datamaker_UTAH_2019/data/unlabel/FORGE_78-32_iDASv3-P11_UTC190429211023.sgy,FORGE_78-32_iDASv3-P11_UTC190429211023.sgy,FORGE_78-32_iDASv3-P11_UTC190429211023,.sgy,utah_2019__FORGE_78-32_iDASv3-P11_UTC190429211023,1000.0
utah_2019,utah_2019,unlabel,/home/ted1204/MS_Detection_Datamaker/MS_datamaker_UTAH_2019/data/unlabel/FORGE_78-32_iDASv3-P11_UTC190429211038.sgy,FORGE_78-32_iDASv3-P11_UTC190429211038.sgy,FORGE_78-32_iDASv3-P11_UTC190429211038,.sgy,utah_2019__FORGE_78-32_iDASv3-P11_UTC190429211038,1000.0
utah_2019,utah_2019,unlabel,/home/ted1204/MS_Detection_Datamaker/MS_datamaker_UTAH_2019/data/unlabel/FORGE_78-32_iDASv3-P11_UTC190429211053.sgy,FORGE_78-32_iDASv3-P11_UTC190429211053.sgy,FORGE_78-32_iDASv3-P11_UTC190429211053,.sgy,utah_2019__FORGE_78-32_iDASv3-P11_UTC190429211053,1000.0
utah_2019,utah_2019,unlabel,/home/ted1204/MS_Detection_Datamaker/MS_datamaker_UTAH_2019/data/unlabel/FORGE_78-32_iDASv3-P11_UTC190429211123.sgy,FORGE_78-32_iDASv3-P11_UTC190429211123.sgy,FORGE_78-32_iDASv3-P11_UTC190429211123,.sgy,utah_2019__FORGE_78-32_iDASv3-P11_UTC190429211123,1000.0
utah_2019,utah_2019,unlabel,/home/ted1204/MS_Detection_Datamaker/MS_datamaker_UTAH_2019/data/unlabel/FORGE_78-32_iDASv3-P11_UTC190429211138.sgy,FORGE_78-32_iDASv3-P11_UTC190429211138.sgy,FORGE_78-32_iDASv3-P11_UTC190429211138,.sgy,utah_2019__FORGE_78-32_iDASv3-P11_UTC190429211138,1000.0
utah_2019,utah_2019,unlabel,/home/ted1204/MS_Detection_Datamaker/MS_datamaker_UTAH_2019/data/unlabel/FORGE_78-32_iDASv3-P11_UTC190429211153.sgy,FORGE_78-32_iDASv3-P11_UTC190429211153.sgy,FORGE_78-32_iDASv3-P11_UTC190429211153,.sgy,utah_2019__FORGE_78-32_iDASv3-P11_UTC190429211153,1000.0
utah_2019,utah_2019,unlabel,/home/ted1204/MS_Detection_Datamaker/MS_datamaker_UTAH_2019/data/unlabel/FORGE_78-32_iDASv3-P11_UTC190429211208.sgy,FORGE_78-32_iDASv3-P11_UTC190429211208.sgy,FORGE_78-32_iDASv3-P11_UTC190429211208,.sgy,utah_2019__FORGE_78-32_iDASv3-P11_UTC190429211208,1000.0
utah_2019,utah_2019,unlabel,/home/ted1204/MS_Detection_Datamaker/MS_datamaker_UTAH_2019/data/unlabel/FORGE_78-32_iDASv3-P11_UTC190429211223.sgy,FORGE_78-32_iDASv3-P11_UTC190429211223.sgy,FORGE_78-32_iDASv3-P11_UTC190429211223,.sgy,utah_2019__FORGE_78-32_iDASv3-P11_UTC190429211223,1000.0
utah_2019,utah_2019,unlabel,/home/ted1204/MS_Detection_Datamaker/MS_datamaker_UTAH_2019/data/unlabel/FORGE_78-32_iDASv3-P11_UTC190429211238.sgy,FORGE_78-32_iDASv3-P11_UTC190429211238.sgy,FORGE_78-32_iDASv3-P11_UTC190429211238,.sgy,utah_2019__FORGE_78-32_iDASv3-P11_UTC190429211238,1000.0
utah_2019,utah_2019,unlabel,/home/ted1204/MS_Detection_Datamaker/MS_datamaker_UTAH_2019/data/unlabel/FORGE_78-32_iDASv3-P11_UTC190429211253.sgy,FORGE_78-32_iDASv3-P11_UTC190429211253.sgy,FORGE_78-32_iDASv3-P11_UTC190429211253,.sgy,utah_2019__FORGE_78-32_iDASv3-P11_UTC190429211253,1000.0
utah_2019,utah_2019,unlabel,/home/ted1204/MS_Detection_Datamaker/MS_datamaker_UTAH_2019/data/unlabel/FORGE_78-32_iDASv3-P11_UTC190429211323.sgy,FORGE_78-32_iDASv3-P11_UTC190429211323.sgy,FORGE_78-32_iDASv3-P11_UTC190429211323,.sgy,utah_2019__FORGE_78-32_iDASv3-P11_UTC190429211323,1000.0
utah_2019,utah_2019,unlabel,/home/ted1204/MS_Detection_Datamaker/MS_datamaker_UTAH_2019/data/unlabel/FORGE_78-32_iDASv3-P11_UTC190429211338.sgy,FORGE_78-32_iDASv3-P11_UTC190429211338.sgy,FORGE_78-32_iDASv3-P11_UTC190429211338,.sgy,utah_2019__FORGE_78-32_iDASv3-P11_UTC190429211338,1000.0
utah_2019,utah_2019,unlabel,/home/ted1204/MS_Detection_Datamaker/MS_datamaker_UTAH_2019/data/unlabel/FORGE_78-32_iDASv3-P11_UTC190429211353.sgy,FORGE_78-32_iDASv3-P11_UTC190429211353.sgy,FORGE_78-32_iDASv3-P11_UTC190429211353,.sgy,utah_2019__FORGE_78-32_iDASv3-P11_UTC190429211353,1000.0
utah_2019,utah_2019,unlabel,/home/ted1204/MS_Detection_Datamaker/MS_datamaker_UTAH_2019/data/unlabel/FORGE_78-32_iDASv3-P11_UTC190429211438.sgy,FORGE_78-32_iDASv3-P11_UTC190429211438.sgy,FORGE_78-32_iDASv3-P11_UTC190429211438,.sgy,utah_2019__FORGE_78-32_iDASv3-P11_UTC190429211438,1000.0
utah_2019,utah_2019,unlabel,/home/ted1204/MS_Detection_Datamaker/MS_datamaker_UTAH_2019/data/unlabel/FORGE_78-32_iDASv3-P11_UTC190429211453.sgy,FORGE_78-32_iDASv3-P11_UTC190429211453.sgy,FORGE_78-32_iDASv3-P11_UTC190429211453,.sgy,utah_2019__FORGE_78-32_iDASv3-P11_UTC190429211453,1000.0
utah_2019,utah_2019,unlabel,/home/ted1204/MS_Detection_Datamaker/MS_datamaker_UTAH_2019/data/unlabel/FORGE_78-32_iDASv3-P11_UTC190429211508.sgy,FORGE_78-32_iDASv3-P11_UTC190429211508.sgy,FORGE_78-32_iDASv3-P11_UTC190429211508,.sgy,utah_2019__FORGE_78-32_iDASv3-P11_UTC190429211508,1000.0
utah_2019,utah_2019,unlabel,/home/ted1204/MS_Detection_Datamaker/MS_datamaker_UTAH_2019/data/unlabel/FORGE_78-32_iDASv3-P11_UTC190429211523.sgy,FORGE_78-32_iDASv3-P11_UTC190429211523.sgy,FORGE_78-32_iDASv3-P11_UTC190429211523,.sgy,utah_2019__FORGE_78-32_iDASv3-P11_UTC190429211523,1000.0
utah_2019,utah_2019,unlabel,/home/ted1204/MS_Detection_Datamaker/MS_datamaker_UTAH_2019/data/unlabel/FORGE_78-32_iDASv3-P11_UTC190429211538.sgy,FORGE_78-32_iDASv3-P11_UTC190429211538.sgy,FORGE_78-32_iDASv3-P11_UTC190429211538,.sgy,utah_2019__FORGE_78-32_iDASv3-P11_UTC190429211538,1000.0
utah_2019,utah_2019,unlabel,/home/ted1204/MS_Detection_Datamaker/MS_datamaker_UTAH_2019/data/unlabel/FORGE_78-32_iDASv3-P11_UTC190429211553.sgy,FORGE_78-32_iDASv3-P11_UTC190429211553.sgy,FORGE_78-32_iDASv3-P11_UTC190429211553,.sgy,utah_2019__FORGE_78-32_iDASv3-P11_UTC190429211553,1000.0
utah_2019,utah_2019,unlabel,/home/ted1204/MS_Detection_Datamaker/MS_datamaker_UTAH_2019/data/unlabel/FORGE_78-32_iDASv3-P11_UTC190429211623.sgy,FORGE_78-32_iDASv3-P11_UTC190429211623.sgy,FORGE_78-32_iDASv3-P11_UTC190429211623,.sgy,utah_2019__FORGE_78-32_iDASv3-P11_UTC190429211623,1000.0
utah_2019,utah_2019,unlabel,/home/ted1204/MS_Detection_Datamaker/MS_datamaker_UTAH_2019/data/unlabel/FORGE_78-32_iDASv3-P11_UTC190429211638.sgy,FORGE_78-32_iDASv3-P11_UTC190429211638.sgy,FORGE_78-32_iDASv3-P11_UTC190429211638,.sgy,utah_2019__FORGE_78-32_iDASv3-P11_UTC190429211638,1000.0
utah_2019,utah_2019,unlabel,/home/ted1204/MS_Detection_Datamaker/MS_datamaker_UTAH_2019/data/unlabel/FORGE_78-32_iDASv3-P11_UTC190429211653.sgy,FORGE_78-32_iDASv3-P11_UTC190429211653.sgy,FORGE_78-32_iDASv3-P11_UTC190429211653,.sgy,utah_2019__FORGE_78-32_iDASv3-P11_UTC190429211653,1000.0
utah_2019,utah_2019,unlabel,/home/ted1204/MS_Detection_Datamaker/MS_datamaker_UTAH_2019/data/unlabel/FORGE_78-32_iDASv3-P11_UTC190429211708.sgy,FORGE_78-32_iDASv3-P11_UTC190429211708.sgy,FORGE_78-32_iDASv3-P11_UTC190429211708,.sgy,utah_2019__FORGE_78-32_iDASv3-P11_UTC190429211708,1000.0
utah_2019,utah_2019,unlabel,/home/ted1204/MS_Detection_Datamaker/MS_datamaker_UTAH_2019/data/unlabel/FORGE_78-32_iDASv3-P11_UTC190429211723.sgy,FORGE_78-32_iDASv3-P11_UTC190429211723.sgy,FORGE_78-32_iDASv3-P11_UTC190429211723,.sgy,utah_2019__FORGE_78-32_iDASv3-P11_UTC190429211723,1000.0
utah_2019,utah_2019,unlabel,/home/ted1204/MS_Detection_Datamaker/MS_datamaker_UTAH_2019/data/unlabel/FORGE_78-32_iDASv3-P11_UTC190429211753.sgy,FORGE_78-32_iDASv3-P11_UTC190429211753.sgy,FORGE_78-32_iDASv3-P11_UTC190429211753,.sgy,utah_2019__FORGE_78-32_iDASv3-P11_UTC190429211753,1000.0
utah_2019,utah_2019,unlabel,/home/ted1204/MS_Detection_Datamaker/MS_datamaker_UTAH_2019/data/unlabel/FORGE_78-32_iDASv3-P11_UTC190429211808.sgy,FORGE_78-32_iDASv3-P11_UTC190429211808.sgy,FORGE_78-32_iDASv3-P11_UTC190429211808,.sgy,utah_2019__FORGE_78-32_iDASv3-P11_UTC190429211808,1000.0
utah_2019,utah_2019,unlabel,/home/ted1204/MS_Detection_Datamaker/MS_datamaker_UTAH_2019/data/unlabel/FORGE_78-32_iDASv3-P11_UTC190429211823.sgy,FORGE_78-32_iDASv3-P11_UTC190429211823.sgy,FORGE_78-32_iDASv3-P11_UTC190429211823,.sgy,utah_2019__FORGE_78-32_iDASv3-P11_UTC190429211823,1000.0
utah_2019,utah_2019,unlabel,/home/ted1204/MS_Detection_Datamaker/MS_datamaker_UTAH_2019/data/unlabel/FORGE_78-32_iDASv3-P11_UTC190429211853.sgy,FORGE_78-32_iDASv3-P11_UTC190429211853.sgy,FORGE_78-32_iDASv3-P11_UTC190429211853,.sgy,utah_2019__FORGE_78-32_iDASv3-P11_UTC190429211853,1000.0
utah_2019,utah_2019,unlabel,/home/ted1204/MS_Detection_Datamaker/MS_datamaker_UTAH_2019/data/unlabel/FORGE_78-32_iDASv3-P11_UTC190429211908.sgy,FORGE_78-32_iDASv3-P11_UTC190429211908.sgy,FORGE_78-32_iDASv3-P11_UTC190429211908,.sgy,utah_2019__FORGE_78-32_iDASv3-P11_UTC190429211908,1000.0
utah_2019,utah_2019,unlabel,/home/ted1204/MS_Detection_Datamaker/MS_datamaker_UTAH_2019/data/unlabel/FORGE_78-32_iDASv3-P11_UTC190429211923.sgy,FORGE_78-32_iDASv3-P11_UTC190429211923.sgy,FORGE_78-32_iDASv3-P11_UTC190429211923,.sgy,utah_2019__FORGE_78-32_iDASv3-P11_UTC190429211923,1000.0
utah_2019,utah_2019,unlabel,/home/ted1204/MS_Detection_Datamaker/MS_datamaker_UTAH_2019/data/unlabel/FORGE_78-32_iDASv3-P11_UTC190429211938.sgy,FORGE_78-32_iDASv3-P11_UTC190429211938.sgy,FORGE_78-32_iDASv3-P11_UTC190429211938,.sgy,utah_2019__FORGE_78-32_iDASv3-P11_UTC190429211938,1000.0
utah_2019,utah_2019,unlabel,/home/ted1204/MS_Detection_Datamaker/MS_datamaker_UTAH_2019/data/unlabel/FORGE_78-32_iDASv3-P11_UTC190429211953.sgy,FORGE_78-32_iDASv3-P11_UTC190429211953.sgy,FORGE_78-32_iDASv3-P11_UTC190429211953,.sgy,utah_2019__FORGE_78-32_iDASv3-P11_UTC190429211953,1000.0
utah_2019,utah_2019,unlabel,/home/ted1204/MS_Detection_Datamaker/MS_datamaker_UTAH_2019/data/unlabel/FORGE_78-32_iDASv3-P11_UTC190429212008.sgy,FORGE_78-32_iDASv3-P11_UTC190429212008.sgy,FORGE_78-32_iDASv3-P11_UTC190429212008,.sgy,utah_2019__FORGE_78-32_iDASv3-P11_UTC190429212008,1000.0
utah_2019,utah_2019,unlabel,/home/ted1204/MS_Detection_Datamaker/MS_datamaker_UTAH_2019/data/unlabel/FORGE_78-32_iDASv3-P11_UTC190429212023.sgy,FORGE_78-32_iDASv3-P11_UTC190429212023.sgy,FORGE_78-32_iDASv3-P11_UTC190429212023,.sgy,utah_2019__FORGE_78-32_iDASv3-P11_UTC190429212023,1000.0
utah_2019,utah_2019,unlabel,/home/ted1204/MS_Detection_Datamaker/MS_datamaker_UTAH_2019/data/unlabel/FORGE_78-32_iDASv3-P11_UTC190429212038.sgy,FORGE_78-32_iDASv3-P11_UTC190429212038.sgy,FORGE_78-32_iDASv3-P11_UTC190429212038,.sgy,utah_2019__FORGE_78-32_iDASv3-P11_UTC190429212038,1000.0
utah_2019,utah_2019,unlabel,/home/ted1204/MS_Detection_Datamaker/MS_datamaker_UTAH_2019/data/unlabel/FORGE_78-32_iDASv3-P11_UTC190429212053.sgy,FORGE_78-32_iDASv3-P11_UTC190429212053.sgy,FORGE_78-32_iDASv3-P11_UTC190429212053,.sgy,utah_2019__FORGE_78-32_iDASv3-P11_UTC190429212053,1000.0
utah_2019,utah_2019,unlabel,/home/ted1204/MS_Detection_Datamaker/MS_datamaker_UTAH_2019/data/unlabel/FORGE_78-32_iDASv3-P11_UTC190429212108.sgy,FORGE_78-32_iDASv3-P11_UTC190429212108.sgy,FORGE_78-32_iDASv3-P11_UTC190429212108,.sgy,utah_2019__FORGE_78-32_iDASv3-P11_UTC190429212108,1000.0
utah_2019,utah_2019,unlabel,/home/ted1204/MS_Detection_Datamaker/MS_datamaker_UTAH_2019/data/unlabel/FORGE_78-32_iDASv3-P11_UTC190429212123.sgy,FORGE_78-32_iDASv3-P11_UTC190429212123.sgy,FORGE_78-32_iDASv3-P11_UTC190429212123,.sgy,utah_2019__FORGE_78-32_iDASv3-P11_UTC190429212123,1000.0
utah_2019,utah_2019,unlabel,/home/ted1204/MS_Detection_Datamaker/MS_datamaker_UTAH_2019/data/unlabel/FORGE_78-32_iDASv3-P11_UTC190429212138.sgy,FORGE_78-32_iDASv3-P11_UTC190429212138.sgy,FORGE_78-32_iDASv3-P11_UTC190429212138,.sgy,utah_2019__FORGE_78-32_iDASv3-P11_UTC190429212138,1000.0
utah_2019,utah_2019,unlabel,/home/ted1204/MS_Detection_Datamaker/MS_datamaker_UTAH_2019/data/unlabel/FORGE_78-32_iDASv3-P11_UTC190429212153.sgy,FORGE_78-32_iDASv3-P11_UTC190429212153.sgy,FORGE_78-32_iDASv3-P11_UTC190429212153,.sgy,utah_2019__FORGE_78-32_iDASv3-P11_UTC190429212153,1000.0
utah_2019,utah_2019,unlabel,/home/ted1204/MS_Detection_Datamaker/MS_datamaker_UTAH_2019/data/unlabel/FORGE_78-32_iDASv3-P11_UTC190429212208.sgy,FORGE_78-32_iDASv3-P11_UTC190429212208.sgy,FORGE_78-32_iDASv3-P11_UTC190429212208,.sgy,utah_2019__FORGE_78-32_iDASv3-P11_UTC190429212208,1000.0
utah_2019,utah_2019,unlabel,/home/ted1204/MS_Detection_Datamaker/MS_datamaker_UTAH_2019/data/unlabel/FORGE_78-32_iDASv3-P11_UTC190429212223.sgy,FORGE_78-32_iDASv3-P11_UTC190429212223.sgy,FORGE_78-32_iDASv3-P11_UTC190429212223,.sgy,utah_2019__FORGE_78-32_iDASv3-P11_UTC190429212223,1000.0
utah_2019,utah_2019,unlabel,/home/ted1204/MS_Detection_Datamaker/MS_datamaker_UTAH_2019/data/unlabel/FORGE_78-32_iDASv3-P11_UTC190429212238.sgy,FORGE_78-32_iDASv3-P11_UTC190429212238.sgy,FORGE_78-32_iDASv3-P11_UTC190429212238,.sgy,utah_2019__FORGE_78-32_iDASv3-P11_UTC190429212238,1000.0
utah_2019,utah_2019,unlabel,/home/ted1204/MS_Detection_Datamaker/MS_datamaker_UTAH_2019/data/unlabel/FORGE_78-32_iDASv3-P11_UTC190429212253.sgy,FORGE_78-32_iDASv3-P11_UTC190429212253.sgy,FORGE_78-32_iDASv3-P11_UTC190429212253,.sgy,utah_2019__FORGE_78-32_iDASv3-P11_UTC190429212253,1000.0
utah_2019,utah_2019,unlabel,/home/ted1204/MS_Detection_Datamaker/MS_datamaker_UTAH_2019/data/unlabel/FORGE_78-32_iDASv3-P11_UTC190429212308.sgy,FORGE_78-32_iDASv3-P11_UTC190429212308.sgy,FORGE_78-32_iDASv3-P11_UTC190429212308,.sgy,utah_2019__FORGE_78-32_iDASv3-P11_UTC190429212308,1000.0
utah_2019,utah_2019,unlabel,/home/ted1204/MS_Detection_Datamaker/MS_datamaker_UTAH_2019/data/unlabel/FORGE_78-32_iDASv3-P11_UTC190429212323.sgy,FORGE_78-32_iDASv3-P11_UTC190429212323.sgy,FORGE_78-32_iDASv3-P11_UTC190429212323,.sgy,utah_2019__FORGE_78-32_iDASv3-P11_UTC190429212323,1000.0
utah_2019,utah_2019,unlabel,/home/ted1204/MS_Detection_Datamaker/MS_datamaker_UTAH_2019/data/unlabel/FORGE_78-32_iDASv3-P11_UTC190429212338.sgy,FORGE_78-32_iDASv3-P11_UTC190429212338.sgy,FORGE_78-32_iDASv3-P11_UTC190429212338,.sgy,utah_2019__FORGE_78-32_iDASv3-P11_UTC190429212338,1000.0
utah_2019,utah_2019,unlabel,/home/ted1204/MS_Detection_Datamaker/MS_datamaker_UTAH_2019/data/unlabel/FORGE_78-32_iDASv3-P11_UTC190429212353.sgy,FORGE_78-32_iDASv3-P11_UTC190429212353.sgy,FORGE_78-32_iDASv3-P11_UTC190429212353,.sgy,utah_2019__FORGE_78-32_iDASv3-P11_UTC190429212353,1000.0
utah_2019,utah_2019,unlabel,/home/ted1204/MS_Detection_Datamaker/MS_datamaker_UTAH_2019/data/unlabel/FORGE_78-32_iDASv3-P11_UTC190429212408.sgy,FORGE_78-32_iDASv3-P11_UTC190429212408.sgy,FORGE_78-32_iDASv3-P11_UTC190429212408,.sgy,utah_2019__FORGE_78-32_iDASv3-P11_UTC190429212408,1000.0
utah_2019,utah_2019,unlabel,/home/ted1204/MS_Detection_Datamaker/MS_datamaker_UTAH_2019/data/unlabel/FORGE_78-32_iDASv3-P11_UTC190429212423.sgy,FORGE_78-32_iDASv3-P11_UTC190429212423.sgy,FORGE_78-32_iDASv3-P11_UTC190429212423,.sgy,utah_2019__FORGE_78-32_iDASv3-P11_UTC190429212423,1000.0
utah_2019,utah_2019,unlabel,/home/ted1204/MS_Detection_Datamaker/MS_datamaker_UTAH_2019/data/unlabel/FORGE_78-32_iDASv3-P11_UTC190429212438.sgy,FORGE_78-32_iDASv3-P11_UTC190429212438.sgy,FORGE_78-32_iDASv3-P11_UTC190429212438,.sgy,utah_2019__FORGE_78-32_iDASv3-P11_UTC190429212438,1000.0
utah_2019,utah_2019,unlabel,/home/ted1204/MS_Detection_Datamaker/MS_datamaker_UTAH_2019/data/unlabel/FORGE_78-32_iDASv3-P11_UTC190429212453.sgy,FORGE_78-32_iDASv3-P11_UTC190429212453.sgy,FORGE_78-32_iDASv3-P11_UTC190429212453,.sgy,utah_2019__FORGE_78-32_iDASv3-P11_UTC190429212453,1000.0
utah_2019,utah_2019,unlabel,/home/ted1204/MS_Detection_Datamaker/MS_datamaker_UTAH_2019/data/unlabel/FORGE_78-32_iDASv3-P11_UTC190429212508.sgy,FORGE_78-32_iDASv3-P11_UTC190429212508.sgy,FORGE_78-32_iDASv3-P11_UTC190429212508,.sgy,utah_2019__FORGE_78-32_iDASv3-P11_UTC190429212508,1000.0
utah_2019,utah_2019,unlabel,/home/ted1204/MS_Detection_Datamaker/MS_datamaker_UTAH_2019/data/unlabel/FORGE_78-32_iDASv3-P11_UTC190429212523.sgy,FORGE_78-32_iDASv3-P11_UTC190429212523.sgy,FORGE_78-32_iDASv3-P11_UTC190429212523,.sgy,utah_2019__FORGE_78-32_iDASv3-P11_UTC190429212523,1000.0
utah_2019,utah_2019,unlabel,/home/ted1204/MS_Detection_Datamaker/MS_datamaker_UTAH_2019/data/unlabel/FORGE_78-32_iDASv3-P11_UTC190429212538.sgy,FORGE_78-32_iDASv3-P11_UTC190429212538.sgy,FORGE_78-32_iDASv3-P11_UTC190429212538,.sgy,utah_2019__FORGE_78-32_iDASv3-P11_UTC190429212538,1000.0
utah_2019,utah_2019,unlabel,/home/ted1204/MS_Detection_Datamaker/MS_datamaker_UTAH_2019/data/unlabel/FORGE_78-32_iDASv3-P11_UTC190429212553.sgy,FORGE_78-32_iDASv3-P11_UTC190429212553.sgy,FORGE_78-32_iDASv3-P11_UTC190429212553,.sgy,utah_2019__FORGE_78-32_iDASv3-P11_UTC190429212553,1000.0
utah_2019,utah_2019,unlabel,/home/ted1204/MS_Detection_Datamaker/MS_datamaker_UTAH_2019/data/unlabel/FORGE_78-32_iDASv3-P11_UTC190429212608.sgy,FORGE_78-32_iDASv3-P11_UTC190429212608.sgy,FORGE_78-32_iDASv3-P11_UTC190429212608,.sgy,utah_2019__FORGE_78-32_iDASv3-P11_UTC190429212608,1000.0
utah_2019,utah_2019,unlabel,/home/ted1204/MS_Detection_Datamaker/MS_datamaker_UTAH_2019/data/unlabel/FORGE_78-32_iDASv3-P11_UTC190429212623.sgy,FORGE_78-32_iDASv3-P11_UTC190429212623.sgy,FORGE_78-32_iDASv3-P11_UTC190429212623,.sgy,utah_2019__FORGE_78-32_iDASv3-P11_UTC190429212623,1000.0
utah_2019,utah_2019,unlabel,/home/ted1204/MS_Detection_Datamaker/MS_datamaker_UTAH_2019/data/unlabel/FORGE_78-32_iDASv3-P11_UTC190429212638.sgy,FORGE_78-32_iDASv3-P11_UTC190429212638.sgy,FORGE_78-32_iDASv3-P11_UTC190429212638,.sgy,utah_2019__FORGE_78-32_iDASv3-P11_UTC190429212638,1000.0
utah_2019,utah_2019,unlabel,/home/ted1204/MS_Detection_Datamaker/MS_datamaker_UTAH_2019/data/unlabel/FORGE_78-32_iDASv3-P11_UTC190429212708.sgy,FORGE_78-32_iDASv3-P11_UTC190429212708.sgy,FORGE_78-32_iDASv3-P11_UTC190429212708,.sgy,utah_2019__FORGE_78-32_iDASv3-P11_UTC190429212708,1000.0
utah_2019,utah_2019,unlabel,/home/ted1204/MS_Detection_Datamaker/MS_datamaker_UTAH_2019/data/unlabel/FORGE_78-32_iDASv3-P11_UTC190429212723.sgy,FORGE_78-32_iDASv3-P11_UTC190429212723.sgy,FORGE_78-32_iDASv3-P11_UTC190429212723,.sgy,utah_2019__FORGE_78-32_iDASv3-P11_UTC190429212723,1000.0
utah_2019,utah_2019,unlabel,/home/ted1204/MS_Detection_Datamaker/MS_datamaker_UTAH_2019/data/unlabel/FORGE_78-32_iDASv3-P11_UTC190429212753.sgy,FORGE_78-32_iDASv3-P11_UTC190429212753.sgy,FORGE_78-32_iDASv3-P11_UTC190429212753,.sgy,utah_2019__FORGE_78-32_iDASv3-P11_UTC190429212753,1000.0
utah_2019,utah_2019,unlabel,/home/ted1204/MS_Detection_Datamaker/MS_datamaker_UTAH_2019/data/unlabel/FORGE_78-32_iDASv3-P11_UTC190429212808.sgy,FORGE_78-32_iDASv3-P11_UTC190429212808.sgy,FORGE_78-32_iDASv3-P11_UTC190429212808,.sgy,utah_2019__FORGE_78-32_iDASv3-P11_UTC190429212808,1000.0
utah_2019,utah_2019,unlabel,/home/ted1204/MS_Detection_Datamaker/MS_datamaker_UTAH_2019/data/unlabel/FORGE_78-32_iDASv3-P11_UTC190429212823.sgy,FORGE_78-32_iDASv3-P11_UTC190429212823.sgy,FORGE_78-32_iDASv3-P11_UTC190429212823,.sgy,utah_2019__FORGE_78-32_iDASv3-P11_UTC190429212823,1000.0
utah_2019,utah_2019,unlabel,/home/ted1204/MS_Detection_Datamaker/MS_datamaker_UTAH_2019/data/unlabel/FORGE_78-32_iDASv3-P11_UTC190429212838.sgy,FORGE_78-32_iDASv3-P11_UTC190429212838.sgy,FORGE_78-32_iDASv3-P11_UTC190429212838,.sgy,utah_2019__FORGE_78-32_iDASv3-P11_UTC190429212838,1000.0
utah_2019,utah_2019,unlabel,/home/ted1204/MS_Detection_Datamaker/MS_datamaker_UTAH_2019/data/unlabel/FORGE_78-32_iDASv3-P11_UTC190429212853.sgy,FORGE_78-32_iDASv3-P11_UTC190429212853.sgy,FORGE_78-32_iDASv3-P11_UTC190429212853,.sgy,utah_2019__FORGE_78-32_iDASv3-P11_UTC190429212853,1000.0
utah_2019,utah_2019,unlabel,/home/ted1204/MS_Detection_Datamaker/MS_datamaker_UTAH_2019/data/unlabel/FORGE_78-32_iDASv3-P11_UTC190429212908.sgy,FORGE_78-32_iDASv3-P11_UTC190429212908.sgy,FORGE_78-32_iDASv3-P11_UTC190429212908,.sgy,utah_2019__FORGE_78-32_iDASv3-P11_UTC190429212908,1000.0
utah_2019,utah_2019,unlabel,/home/ted1204/MS_Detection_Datamaker/MS_datamaker_UTAH_2019/data/unlabel/FORGE_78-32_iDASv3-P11_UTC190429212923.sgy,FORGE_78-32_iDASv3-P11_UTC190429212923.sgy,FORGE_78-32_iDASv3-P11_UTC190429212923,.sgy,utah_2019__FORGE_78-32_iDASv3-P11_UTC190429212923,1000.0
utah_2019,utah_2019,unlabel,/home/ted1204/MS_Detection_Datamaker/MS_datamaker_UTAH_2019/data/unlabel/FORGE_78-32_iDASv3-P11_UTC190429212953.sgy,FORGE_78-32_iDASv3-P11_UTC190429212953.sgy,FORGE_78-32_iDASv3-P11_UTC190429212953,.sgy,utah_2019__FORGE_78-32_iDASv3-P11_UTC190429212953,1000.0
utah_2019,utah_2019,unlabel,/home/ted1204/MS_Detection_Datamaker/MS_datamaker_UTAH_2019/data/unlabel/FORGE_78-32_iDASv3-P11_UTC190429213008.sgy,FORGE_78-32_iDASv3-P11_UTC190429213008.sgy,FORGE_78-32_iDASv3-P11_UTC190429213008,.sgy,utah_2019__FORGE_78-32_iDASv3-P11_UTC190429213008,1000.0
utah_2019,utah_2019,unlabel,/home/ted1204/MS_Detection_Datamaker/MS_datamaker_UTAH_2019/data/unlabel/FORGE_78-32_iDASv3-P11_UTC190429213023.sgy,FORGE_78-32_iDASv3-P11_UTC190429213023.sgy,FORGE_78-32_iDASv3-P11_UTC190429213023,.sgy,utah_2019__FORGE_78-32_iDASv3-P11_UTC190429213023,1000.0
utah_2019,utah_2019,unlabel,/home/ted1204/MS_Detection_Datamaker/MS_datamaker_UTAH_2019/data/unlabel/FORGE_78-32_iDASv3-P11_UTC190429213038.sgy,FORGE_78-32_iDASv3-P11_UTC190429213038.sgy,FORGE_78-32_iDASv3-P11_UTC190429213038,.sgy,utah_2019__FORGE_78-32_iDASv3-P11_UTC190429213038,1000.0
utah_2019,utah_2019,unlabel,/home/ted1204/MS_Detection_Datamaker/MS_datamaker_UTAH_2019/data/unlabel/FORGE_78-32_iDASv3-P11_UTC190429213108.sgy,FORGE_78-32_iDASv3-P11_UTC190429213108.sgy,FORGE_78-32_iDASv3-P11_UTC190429213108,.sgy,utah_2019__FORGE_78-32_iDASv3-P11_UTC190429213108,1000.0
utah_2019,utah_2019,unlabel,/home/ted1204/MS_Detection_Datamaker/MS_datamaker_UTAH_2019/data/unlabel/FORGE_78-32_iDASv3-P11_UTC190429213123.sgy,FORGE_78-32_iDASv3-P11_UTC190429213123.sgy,FORGE_78-32_iDASv3-P11_UTC190429213123,.sgy,utah_2019__FORGE_78-32_iDASv3-P11_UTC190429213123,1000.0
utah_2019,utah_2019,unlabel,/home/ted1204/MS_Detection_Datamaker/MS_datamaker_UTAH_2019/data/unlabel/FORGE_78-32_iDASv3-P11_UTC190429213153.sgy,FORGE_78-32_iDASv3-P11_UTC190429213153.sgy,FORGE_78-32_iDASv3-P11_UTC190429213153,.sgy,utah_2019__FORGE_78-32_iDASv3-P11_UTC190429213153,1000.0
utah_2019,utah_2019,unlabel,/home/ted1204/MS_Detection_Datamaker/MS_datamaker_UTAH_2019/data/unlabel/FORGE_78-32_iDASv3-P11_UTC190429213208.sgy,FORGE_78-32_iDASv3-P11_UTC190429213208.sgy,FORGE_78-32_iDASv3-P11_UTC190429213208,.sgy,utah_2019__FORGE_78-32_iDASv3-P11_UTC190429213208,1000.0
utah_2019,utah_2019,unlabel,/home/ted1204/MS_Detection_Datamaker/MS_datamaker_UTAH_2019/data/unlabel/FORGE_78-32_iDASv3-P11_UTC190429213223.sgy,FORGE_78-32_iDASv3-P11_UTC190429213223.sgy,FORGE_78-32_iDASv3-P11_UTC190429213223,.sgy,utah_2019__FORGE_78-32_iDASv3-P11_UTC190429213223,1000.0
utah_2019,utah_2019,unlabel,/home/ted1204/MS_Detection_Datamaker/MS_datamaker_UTAH_2019/data/unlabel/FORGE_78-32_iDASv3-P11_UTC190429213238.sgy,FORGE_78-32_iDASv3-P11_UTC190429213238.sgy,FORGE_78-32_iDASv3-P11_UTC190429213238,.sgy,utah_2019__FORGE_78-32_iDASv3-P11_UTC190429213238,1000.0
utah_2019,utah_2019,unlabel,/home/ted1204/MS_Detection_Datamaker/MS_datamaker_UTAH_2019/data/unlabel/FORGE_78-32_iDASv3-P11_UTC190429213253.sgy,FORGE_78-32_iDASv3-P11_UTC190429213253.sgy,FORGE_78-32_iDASv3-P11_UTC190429213253,.sgy,utah_2019__FORGE_78-32_iDASv3-P11_UTC190429213253,1000.0
utah_2019,utah_2019,unlabel,/home/ted1204/MS_Detection_Datamaker/MS_datamaker_UTAH_2019/data/unlabel/FORGE_78-32_iDASv3-P11_UTC190429213308.sgy,FORGE_78-32_iDASv3-P11_UTC190429213308.sgy,FORGE_78-32_iDASv3-P11_UTC190429213308,.sgy,utah_2019__FORGE_78-32_iDASv3-P11_UTC190429213308,1000.0
utah_2019,utah_2019,unlabel,/home/ted1204/MS_Detection_Datamaker/MS_datamaker_UTAH_2019/data/unlabel/FORGE_78-32_iDASv3-P11_UTC190429213323.sgy,FORGE_78-32_iDASv3-P11_UTC190429213323.sgy,FORGE_78-32_iDASv3-P11_UTC190429213323,.sgy,utah_2019__FORGE_78-32_iDASv3-P11_UTC190429213323,1000.0
utah_2019,utah_2019,unlabel,/home/ted1204/MS_Detection_Datamaker/MS_datamaker_UTAH_2019/data/unlabel/FORGE_78-32_iDASv3-P11_UTC190429213338.sgy,FORGE_78-32_iDASv3-P11_UTC190429213338.sgy,FORGE_78-32_iDASv3-P11_UTC190429213338,.sgy,utah_2019__FORGE_78-32_iDASv3-P11_UTC190429213338,1000.0
utah_2019,utah_2019,unlabel,/home/ted1204/MS_Detection_Datamaker/MS_datamaker_UTAH_2019/data/unlabel/FORGE_78-32_iDASv3-P11_UTC190429213353.sgy,FORGE_78-32_iDASv3-P11_UTC190429213353.sgy,FORGE_78-32_iDASv3-P11_UTC190429213353,.sgy,utah_2019__FORGE_78-32_iDASv3-P11_UTC190429213353,1000.0
utah_2019,utah_2019,unlabel,/home/ted1204/MS_Detection_Datamaker/MS_datamaker_UTAH_2019/data/unlabel/FORGE_78-32_iDASv3-P11_UTC190429214553.sgy,FORGE_78-32_iDASv3-P11_UTC190429214553.sgy,FORGE_78-32_iDASv3-P11_UTC190429214553,.sgy,utah_2019__FORGE_78-32_iDASv3-P11_UTC190429214553,1000.0
utah_2019,utah_2019,unlabel,/home/ted1204/MS_Detection_Datamaker/MS_datamaker_UTAH_2019/data/unlabel/FORGE_78-32_iDASv3-P11_UTC190429214608.sgy,FORGE_78-32_iDASv3-P11_UTC190429214608.sgy,FORGE_78-32_iDASv3-P11_UTC190429214608,.sgy,utah_2019__FORGE_78-32_iDASv3-P11_UTC190429214608,1000.0
utah_2019,utah_2019,unlabel,/home/ted1204/MS_Detection_Datamaker/MS_datamaker_UTAH_2019/data/unlabel/FORGE_78-32_iDASv3-P11_UTC190429214623.sgy,FORGE_78-32_iDASv3-P11_UTC190429214623.sgy,FORGE_78-32_iDASv3-P11_UTC190429214623,.sgy,utah_2019__FORGE_78-32_iDASv3-P11_UTC190429214623,1000.0
utah_2019,utah_2019,unlabel,/home/ted1204/MS_Detection_Datamaker/MS_datamaker_UTAH_2019/data/unlabel/FORGE_78-32_iDASv3-P11_UTC190429214638.sgy,FORGE_78-32_iDASv3-P11_UTC190429214638.sgy,FORGE_78-32_iDASv3-P11_UTC190429214638,.sgy,utah_2019__FORGE_78-32_iDASv3-P11_UTC190429214638,1000.0
utah_2019,utah_2019,unlabel,/home/ted1204/MS_Detection_Datamaker/MS_datamaker_UTAH_2019/data/unlabel/FORGE_78-32_iDASv3-P11_UTC190429214653.sgy,FORGE_78-32_iDASv3-P11_UTC190429214653.sgy,FORGE_78-32_iDASv3-P11_UTC190429214653,.sgy,utah_2019__FORGE_78-32_iDASv3-P11_UTC190429214653,1000.0
utah_2019,utah_2019,unlabel,/home/ted1204/MS_Detection_Datamaker/MS_datamaker_UTAH_2019/data/unlabel/FORGE_78-32_iDASv3-P11_UTC190429214708.sgy,FORGE_78-32_iDASv3-P11_UTC190429214708.sgy,FORGE_78-32_iDASv3-P11_UTC190429214708,.sgy,utah_2019__FORGE_78-32_iDASv3-P11_UTC190429214708,1000.0
utah_2019,utah_2019,unlabel,/home/ted1204/MS_Detection_Datamaker/MS_datamaker_UTAH_2019/data/unlabel/FORGE_78-32_iDASv3-P11_UTC190429214723.sgy,FORGE_78-32_iDASv3-P11_UTC190429214723.sgy,FORGE_78-32_iDASv3-P11_UTC190429214723,.sgy,utah_2019__FORGE_78-32_iDASv3-P11_UTC190429214723,1000.0
utah_2019,utah_2019,unlabel,/home/ted1204/MS_Detection_Datamaker/MS_datamaker_UTAH_2019/data/unlabel/FORGE_78-32_iDASv3-P11_UTC190429214738.sgy,FORGE_78-32_iDASv3-P11_UTC190429214738.sgy,FORGE_78-32_iDASv3-P11_UTC190429214738,.sgy,utah_2019__FORGE_78-32_iDASv3-P11_UTC190429214738,1000.0
utah_2019,utah_2019,unlabel,/home/ted1204/MS_Detection_Datamaker/MS_datamaker_UTAH_2019/data/unlabel/FORGE_78-32_iDASv3-P11_UTC190429214753.sgy,FORGE_78-32_iDASv3-P11_UTC190429214753.sgy,FORGE_78-32_iDASv3-P11_UTC190429214753,.sgy,utah_2019__FORGE_78-32_iDASv3-P11_UTC190429214753,1000.0
utah_2019,utah_2019,unlabel,/home/ted1204/MS_Detection_Datamaker/MS_datamaker_UTAH_2019/data/unlabel/FORGE_78-32_iDASv3-P11_UTC190429214823.sgy,FORGE_78-32_iDASv3-P11_UTC190429214823.sgy,FORGE_78-32_iDASv3-P11_UTC190429214823,.sgy,utah_2019__FORGE_78-32_iDASv3-P11_UTC190429214823,1000.0
utah_2019,utah_2019,unlabel,/home/ted1204/MS_Detection_Datamaker/MS_datamaker_UTAH_2019/data/unlabel/FORGE_78-32_iDASv3-P11_UTC190429214838.sgy,FORGE_78-32_iDASv3-P11_UTC190429214838.sgy,FORGE_78-32_iDASv3-P11_UTC190429214838,.sgy,utah_2019__FORGE_78-32_iDASv3-P11_UTC190429214838,1000.0
utah_2019,utah_2019,unlabel,/home/ted1204/MS_Detection_Datamaker/MS_datamaker_UTAH_2019/data/unlabel/FORGE_78-32_iDASv3-P11_UTC190429214853.sgy,FORGE_78-32_iDASv3-P11_UTC190429214853.sgy,FORGE_78-32_iDASv3-P11_UTC190429214853,.sgy,utah_2019__FORGE_78-32_iDASv3-P11_UTC190429214853,1000.0
utah_2019,utah_2019,unlabel,/home/ted1204/MS_Detection_Datamaker/MS_datamaker_UTAH_2019/data/unlabel/FORGE_78-32_iDASv3-P11_UTC190429214923.sgy,FORGE_78-32_iDASv3-P11_UTC190429214923.sgy,FORGE_78-32_iDASv3-P11_UTC190429214923,.sgy,utah_2019__FORGE_78-32_iDASv3-P11_UTC190429214923,1000.0
