segment_id,group_id,dataset_id,site,view,data_type,label,file_path,file_name,file_stem,start_sec,end_sec,ch_start,ch_end,original_fs
0,utah_2019__FORGE_78-32_iDASv3-P11_UTC190426090853,utah_2019,utah_2019,utah_2019_1,noise,0,/home/ted1204/MS_Detection_Datamaker/MS_datamaker_UTAH_2019/data/noise/FORGE_78-32_iDASv3-P11_UTC190426090853.sgy,FORGE_78-32_iDASv3-P11_UTC190426090853.sgy,FORGE_78-32_iDASv3-P11_UTC190426090853,0.0,2.0,679,1084,1000.0
1,utah_2019__FORGE_78-32_iDASv3-P11_UTC190426090853,utah_2019,utah_2019,utah_2019_1,noise,0,/home/ted1204/MS_Detection_Datamaker/MS_datamaker_UTAH_2019/data/noise/FORGE_78-32_iDASv3-P11_UTC190426090853.sgy,FORGE_78-32_iDASv3-P11_UTC190426090853.sgy,FORGE_78-32_iDASv3-P11_UTC190426090853,1.0,3.0,679,1084,1000.0
2,utah_2019__FORGE_78-32_iDASv3-P11_UTC190426090853,utah_2019,utah_2019,utah_2019_1,noise,0,/home/ted1204/MS_Detection_Datamaker/MS_datamaker_UTAH_2019/data/noise/FORGE_78-32_iDASv3-P11_UTC190426090853.sgy,FORGE_78-32_iDASv3-P11_UTC190426090853.sgy,FORGE_78-32_iDASv3-P11_UTC190426090853,2.0,4.0,679,1084,1000.0
3,utah_2019__FORGE_78-32_iDASv3-P11_UTC190426090853,utah_2019,utah_2019,utah_2019_1,noise,0,/home/ted1204/MS_Detection_Datamaker/MS_datamaker_UTAH_2019/data/noise/FORGE_78-32_iDASv3-P11_UTC190426090853.sgy,FORGE_78-32_iDASv3-P11_UTC190426090853.sgy,FORGE_78-32_iDASv3-P11_UTC190426090853,3.0,5.0,679,1084,1000.0
4,utah_2019__FORGE_78-32_iDASv3-P11_UTC190426090853,utah_2019,utah_2019,utah_2019_1,noise,0,/home/ted1204/MS_Detection_Datamaker/MS_datamaker_UTAH_2019/data/noise/FORGE_78-32_iDASv3-P11_UTC190426090853.sgy,FORGE_78-32_iDASv3-P11_UTC190426090853.sgy,FORGE_78-32_iDASv3-P11_UTC190426090853,4.0,6.0,679,1084,1000.0
5,utah_2019__FORGE_78-32_iDASv3-P11_UTC190426090853,utah_2019,utah_2019,utah_2019_1,noise,0,/home/ted1204/MS_Detection_Datamaker/MS_datamaker_UTAH_2019/data/noise/FORGE_78-32_iDASv3-P11_UTC190426090853.sgy,FORGE_78-32_iDASv3-P11_UTC190426090853.sgy,FORGE_78-32_iDASv3-P11_UTC190426090853,5.0,7.0,679,1084,1000.0
6,utah_2019__FORGE_78-32_iDASv3-P11_UTC190426090853,utah_2019,utah_2019,utah_2019_1,noise,0,/home/ted1204/MS_Detection_Datamaker/MS_datamaker_UTAH_2019/data/noise/FORGE_78-32_iDASv3-P11_UTC190426090853.sgy,FORGE_78-32_iDASv3-P11_UTC190426090853.sgy,FORGE_78-32_iDASv3-P11_UTC190426090853,8.0,10.0,679,1084,1000.0
7,utah_2019__FORGE_78-32_iDASv3-P11_UTC190426090853,utah_2019,utah_2019,utah_2019_1,noise,0,/home/ted1204/MS_Detection_Datamaker/MS_datamaker_UTAH_2019/data/noise/FORGE_78-32_iDASv3-P11_UTC190426090853.sgy,FORGE_78-32_iDASv3-P11_UTC190426090853.sgy,FORGE_78-32_iDASv3-P11_UTC190426090853,10.0,12.0,679,1084,1000.0
8,utah_2019__FORGE_78-32_iDASv3-P11_UTC190426090853,utah_2019,utah_2019,utah_2019_1,noise,0,/home/ted1204/MS_Detection_Datamaker/MS_datamaker_UTAH_2019/data/noise/FORGE_78-32_iDASv3-P11_UTC190426090853.sgy,FORGE_78-32_iDASv3-P11_UTC190426090853.sgy,FORGE_78-32_iDASv3-P11_UTC190426090853,13.0,15.0,679,1084,1000.0
9,utah_2019__FORGE_78-32_iDASv3-P11_UTC190426090853,utah_2019,utah_2019,utah_2019_1,noise,0,/home/ted1204/MS_Detection_Datamaker/MS_datamaker_UTAH_2019/data/noise/FORGE_78-32_iDASv3-P11_UTC190426090853.sgy,FORGE_78-32_iDASv3-P11_UTC190426090853.sgy,FORGE_78-32_iDASv3-P11_UTC190426090853,14.0,16.0,679,1084,1000.0
10,utah_2019__FORGE_78-32_iDASv3-P11_UTC190426090853,utah_2019,utah_2019,utah_2019_1,noise,0,/home/ted1204/MS_Detection_Datamaker/MS_datamaker_UTAH_2019/data/noise/FORGE_78-32_iDASv3-P11_UTC190426090853.sgy,FORGE_78-32_iDASv3-P11_UTC190426090853.sgy,FORGE_78-32_iDASv3-P11_UTC190426090853,15.0,17.0,679,1084,1000.0
11,utah_2019__FORGE_78-32_iDASv3-P11_UTC190426090853,utah_2019,utah_2019,utah_2019_1,noise,0,/home/ted1204/MS_Detection_Datamaker/MS_datamaker_UTAH_2019/data/noise/FORGE_78-32_iDASv3-P11_UTC190426090853.sgy,FORGE_78-32_iDASv3-P11_UTC190426090853.sgy,FORGE_78-32_iDASv3-P11_UTC190426090853,17.0,19.0,679,1084,1000.0
12,utah_2019__FORGE_78-32_iDASv3-P11_UTC190426090853,utah_2019,utah_2019,utah_2019_1,noise,0,/home/ted1204/MS_Detection_Datamaker/MS_datamaker_UTAH_2019/data/noise/FORGE_78-32_iDASv3-P11_UTC190426090853.sgy,FORGE_78-32_iDASv3-P11_UTC190426090853.sgy,FORGE_78-32_iDASv3-P11_UTC190426090853,25.0,27.0,679,1084,1000.0
13,utah_2019__FORGE_78-32_iDASv3-P11_UTC190426090853,utah_2019,utah_2019,utah_2019_1,noise,0,/home/ted1204/MS_Detection_Datamaker/MS_datamaker_UTAH_2019/data/noise/FORGE_78-32_iDASv3-P11_UTC190426090853.sgy,FORGE_78-32_iDASv3-P11_UTC190426090853.sgy,FORGE_78-32_iDASv3-P11_UTC190426090853,26.0,28.0,679,1084,1000.0
14,utah_2019__FORGE_78-32_iDASv3-P11_UTC190426090853,utah_2019,utah_2019,utah_2019_1,noise,0,/home/ted1204/MS_Detection_Datamaker/MS_datamaker_UTAH_2019/data/noise/FORGE_78-32_iDASv3-P11_UTC190426090853.sgy,FORGE_78-32_iDASv3-P11_UTC190426090853.sgy,FORGE_78-32_iDASv3-P11_UTC190426090853,27.0,29.0,679,1084,1000.0
15,utah_2019__FORGE_78-32_iDASv3-P11_UTC190426090853,utah_2019,utah_2019,utah_2019_2,noise,0,/home/ted1204/MS_Detection_Datamaker/MS_datamaker_UTAH_2019/data/noise/FORGE_78-32_iDASv3-P11_UTC190426090853.sgy,FORGE_78-32_iDASv3-P11_UTC190426090853.sgy,FORGE_78-32_iDASv3-P11_UTC190426090853,0.0,2.0,273,678,1000.0
16,utah_2019__FORGE_78-32_iDASv3-P11_UTC190426090853,utah_2019,utah_2019,utah_2019_2,noise,0,/home/ted1204/MS_Detection_Datamaker/MS_datamaker_UTAH_2019/data/noise/FORGE_78-32_iDASv3-P11_UTC190426090853.sgy,FORGE_78-32_iDASv3-P11_UTC190426090853.sgy,FORGE_78-32_iDASv3-P11_UTC190426090853,1.0,3.0,273,678,1000.0
17,utah_2019__FORGE_78-32_iDASv3-P11_UTC190426090853,utah_2019,utah_2019,utah_2019_2,noise,0,/home/ted1204/MS_Detection_Datamaker/MS_datamaker_UTAH_2019/data/noise/FORGE_78-32_iDASv3-P11_UTC190426090853.sgy,FORGE_78-32_iDASv3-P11_UTC190426090853.sgy,FORGE_78-32_iDASv3-P11_UTC190426090853,2.0,4.0,273,678,1000.0
18,utah_2019__FORGE_78-32_iDASv3-P11_UTC190426090853,utah_2019,utah_2019,utah_2019_2,noise,0,/home/ted1204/MS_Detection_Datamaker/MS_datamaker_UTAH_2019/data/noise/FORGE_78-32_iDASv3-P11_UTC190426090853.sgy,FORGE_78-32_iDASv3-P11_UTC190426090853.sgy,FORGE_78-32_iDASv3-P11_UTC190426090853,3.0,5.0,273,678,1000.0
19,utah_2019__FORGE_78-32_iDASv3-P11_UTC190426090853,utah_2019,utah_2019,utah_2019_2,noise,0,/home/ted1204/MS_Detection_Datamaker/MS_datamaker_UTAH_2019/data/noise/FORGE_78-32_iDASv3-P11_UTC190426090853.sgy,FORGE_78-32_iDASv3-P11_UTC190426090853.sgy,FORGE_78-32_iDASv3-P11_UTC190426090853,4.0,6.0,273,678,1000.0
20,utah_2019__FORGE_78-32_iDASv3-P11_UTC190426090853,utah_2019,utah_2019,utah_2019_2,noise,0,/home/ted1204/MS_Detection_Datamaker/MS_datamaker_UTAH_2019/data/noise/FORGE_78-32_iDASv3-P11_UTC190426090853.sgy,FORGE_78-32_iDASv3-P11_UTC190426090853.sgy,FORGE_78-32_iDASv3-P11_UTC190426090853,5.0,7.0,273,678,1000.0
21,utah_2019__FORGE_78-32_iDASv3-P11_UTC190426090853,utah_2019,utah_2019,utah_2019_2,noise,0,/home/ted1204/MS_Detection_Datamaker/MS_datamaker_UTAH_2019/data/noise/FORGE_78-32_iDASv3-P11_UTC190426090853.sgy,FORGE_78-32_iDASv3-P11_UTC190426090853.sgy,FORGE_78-32_iDASv3-P11_UTC190426090853,8.0,10.0,273,678,1000.0
22,utah_2019__FORGE_78-32_iDASv3-P11_UTC190426090853,utah_2019,utah_2019,utah_2019_2,noise,0,/home/ted1204/MS_Detection_Datamaker/MS_datamaker_UTAH_2019/data/noise/FORGE_78-32_iDASv3-P11_UTC190426090853.sgy,FORGE_78-32_iDASv3-P11_UTC190426090853.sgy,FORGE_78-32_iDASv3-P11_UTC190426090853,10.0,12.0,273,678,1000.0
23,utah_2019__FORGE_78-32_iDASv3-P11_UTC190426090853,utah_2019,utah_2019,utah_2019_2,noise,0,/home/ted1204/MS_Detection_Datamaker/MS_datamaker_UTAH_2019/data/noise/FORGE_78-32_iDASv3-P11_UTC190426090853.sgy,FORGE_78-32_iDASv3-P11_UTC190426090853.sgy,FORGE_78-32_iDASv3-P11_UTC190426090853,13.0,15.0,273,678,1000.0
24,utah_2019__FORGE_78-32_iDASv3-P11_UTC190426090853,utah_2019,utah_2019,utah_2019_2,noise,0,/home/ted1204/MS_Detection_Datamaker/MS_datamaker_UTAH_2019/data/noise/FORGE_78-32_iDASv3-P11_UTC190426090853.sgy,FORGE_78-32_iDASv3-P11_UTC190426090853.sgy,FORGE_78-32_iDASv3-P11_UTC190426090853,14.0,16.0,273,678,1000.0
25,utah_2019__FORGE_78-32_iDASv3-P11_UTC190426090853,utah_2019,utah_2019,utah_2019_2,noise,0,/home/ted1204/MS_Detection_Datamaker/MS_datamaker_UTAH_2019/data/noise/FORGE_78-32_iDASv3-P11_UTC190426090853.sgy,FORGE_78-32_iDASv3-P11_UTC190426090853.sgy,FORGE_78-32_iDASv3-P11_UTC190426090853,15.0,17.0,273,678,1000.0
26,utah_2019__FORGE_78-32_iDASv3-P11_UTC190426090853,utah_2019,utah_2019,utah_2019_2,noise,0,/home/ted1204/MS_Detection_Datamaker/MS_datamaker_UTAH_2019/data/noise/FORGE_78-32_iDASv3-P11_UTC190426090853.sgy,FORGE_78-32_iDASv3-P11_UTC190426090853.sgy,FORGE_78-32_iDASv3-P11_UTC190426090853,17.0,19.0,273,678,1000.0
27,utah_2019__FORGE_78-32_iDASv3-P11_UTC190426090853,utah_2019,utah_2019,utah_2019_2,noise,0,/home/ted1204/MS_Detection_Datamaker/MS_datamaker_UTAH_2019/data/noise/FORGE_78-32_iDASv3-P11_UTC190426090853.sgy,FORGE_78-32_iDASv3-P11_UTC190426090853.sgy,FORGE_78-32_iDASv3-P11_UTC190426090853,25.0,27.0,273,678,1000.0
28,utah_2019__FORGE_78-32_iDASv3-P11_UTC190426090853,utah_2019,utah_2019,utah_2019_2,noise,0,/home/ted1204/MS_Detection_Datamaker/MS_datamaker_UTAH_2019/data/noise/FORGE_78-32_iDASv3-P11_UTC190426090853.sgy,FORGE_78-32_iDASv3-P11_UTC190426090853.sgy,FORGE_78-32_iDASv3-P11_UTC190426090853,26.0,28.0,273,678,1000.0
29,utah_2019__FORGE_78-32_iDASv3-P11_UTC190426090853,utah_2019,utah_2019,utah_2019_2,noise,0,/home/ted1204/MS_Detection_Datamaker/MS_datamaker_UTAH_2019/data/noise/FORGE_78-32_iDASv3-P11_UTC190426090853.sgy,FORGE_78-32_iDASv3-P11_UTC190426090853.sgy,FORGE_78-32_iDASv3-P11_UTC190426090853,27.0,29.0,273,678,1000.0
30,utah_2019__FORGE_78-32_iDASv3-P11_UTC190426205808,utah_2019,utah_2019,utah_2019_1,noise,0,/home/ted1204/MS_Detection_Datamaker/MS_datamaker_UTAH_2019/data/noise/FORGE_78-32_iDASv3-P11_UTC190426205808.sgy,FORGE_78-32_iDASv3-P11_UTC190426205808.sgy,FORGE_78-32_iDASv3-P11_UTC190426205808,0.0,2.0,679,1084,1000.0
31,utah_2019__FORGE_78-32_iDASv3-P11_UTC190426205808,utah_2019,utah_2019,utah_2019_1,noise,0,/home/ted1204/MS_Detection_Datamaker/MS_datamaker_UTAH_2019/data/noise/FORGE_78-32_iDASv3-P11_UTC190426205808.sgy,FORGE_78-32_iDASv3-P11_UTC190426205808.sgy,FORGE_78-32_iDASv3-P11_UTC190426205808,1.0,3.0,679,1084,1000.0
32,utah_2019__FORGE_78-32_iDASv3-P11_UTC190426205808,utah_2019,utah_2019,utah_2019_1,noise,0,/home/ted1204/MS_Detection_Datamaker/MS_datamaker_UTAH_2019/data/noise/FORGE_78-32_iDASv3-P11_UTC190426205808.sgy,FORGE_78-32_iDASv3-P11_UTC190426205808.sgy,FORGE_78-32_iDASv3-P11_UTC190426205808,2.0,4.0,679,1084,1000.0
33,utah_2019__FORGE_78-32_iDASv3-P11_UTC190426205808,utah_2019,utah_2019,utah_2019_1,noise,0,/home/ted1204/MS_Detection_Datamaker/MS_datamaker_UTAH_2019/data/noise/FORGE_78-32_iDASv3-P11_UTC190426205808.sgy,FORGE_78-32_iDASv3-P11_UTC190426205808.sgy,FORGE_78-32_iDASv3-P11_UTC190426205808,4.0,6.0,679,1084,1000.0
34,utah_2019__FORGE_78-32_iDASv3-P11_UTC190426205808,utah_2019,utah_2019,utah_2019_1,noise,0,/home/ted1204/MS_Detection_Datamaker/MS_datamaker_UTAH_2019/data/noise/FORGE_78-32_iDASv3-P11_UTC190426205808.sgy,FORGE_78-32_iDASv3-P11_UTC190426205808.sgy,FORGE_78-32_iDASv3-P11_UTC190426205808,6.0,8.0,679,1084,1000.0
35,utah_2019__FORGE_78-32_iDASv3-P11_UTC190426205808,utah_2019,utah_2019,utah_2019_1,noise,0,/home/ted1204/MS_Detection_Datamaker/MS_datamaker_UTAH_2019/data/noise/FORGE_78-32_iDASv3-P11_UTC190426205808.sgy,FORGE_78-32_iDASv3-P11_UTC190426205808.sgy,FORGE_78-32_iDASv3-P11_UTC190426205808,10.0,12.0,679,1084,1000.0
36,utah_2019__FORGE_78-32_iDASv3-P11_UTC190426205808,utah_2019,utah_2019,utah_2019_1,noise,0,/home/ted1204/MS_Detection_Datamaker/MS_datamaker_UTAH_2019/data/noise/FORGE_78-32_iDASv3-P11_UTC190426205808.sgy,FORGE_78-32_iDASv3-P11_UTC190426205808.sgy,FORGE_78-32_iDASv3-P11_UTC190426205808,13.0,15.0,679,1084,1000.0
37,utah_2019__FORGE_78-32_iDASv3-P11_UTC190426205808,utah_2019,utah_2019,utah_2019_1,noise,0,/home/ted1204/MS_Detection_Datamaker/MS_datamaker_UTAH_2019/data/noise/FORGE_78-32_iDASv3-P11_UTC190426205808.sgy,FORGE_78-32_iDASv3-P11_UTC190426205808.sgy,FORGE_78-32_iDASv3-P11_UTC190426205808,14.0,16.0,679,1084,1000.0
38,utah_2019__FORGE_78-32_iDASv3-P11_UTC190426205808,utah_2019,utah_2019,utah_2019_1,noise,0,/home/ted1204/MS_Detection_Datamaker/MS_datamaker_UTAH_2019/data/noise/FORGE_78-32_iDASv3-P11_UTC190426205808.sgy,FORGE_78-32_iDASv3-P11_UTC190426205808.sgy,FORGE_78-32_iDASv3-P11_UTC190426205808,15.0,17.0,679,1084,1000.0
39,utah_2019__FORGE_78-32_iDASv3-P11_UTC190426205808,utah_2019,utah_2019,utah_2019_1,noise,0,/home/ted1204/MS_Detection_Datamaker/MS_datamaker_UTAH_2019/data/noise/FORGE_78-32_iDASv3-P11_UTC190426205808.sgy,FORGE_78-32_iDASv3-P11_UTC190426205808.sgy,FORGE_78-32_iDASv3-P11_UTC190426205808,17.0,19.0,679,1084,1000.0
40,utah_2019__FORGE_78-32_iDASv3-P11_UTC190426205808,utah_2019,utah_2019,utah_2019_1,noise,0,/home/ted1204/MS_Detection_Datamaker/MS_datamaker_UTAH_2019/data/noise/FORGE_78-32_iDASv3-P11_UTC190426205808.sgy,FORGE_78-32_iDASv3-P11_UTC190426205808.sgy,FORGE_78-32_iDASv3-P11_UTC190426205808,18.0,20.0,679,1084,1000.0
41,utah_2019__FORGE_78-32_iDASv3-P11_UTC190426205808,utah_2019,utah_2019,utah_2019_1,noise,0,/home/ted1204/MS_Detection_Datamaker/MS_datamaker_UTAH_2019/data/noise/FORGE_78-32_iDASv3-P11_UTC190426205808.sgy,FORGE_78-32_iDASv3-P11_UTC190426205808.sgy,FORGE_78-32_iDASv3-P11_UTC190426205808,19.0,21.0,679,1084,1000.0
42,utah_2019__FORGE_78-32_iDASv3-P11_UTC190426205808,utah_2019,utah_2019,utah_2019_1,noise,0,/home/ted1204/MS_Detection_Datamaker/MS_datamaker_UTAH_2019/data/noise/FORGE_78-32_iDASv3-P11_UTC190426205808.sgy,FORGE_78-32_iDASv3-P11_UTC190426205808.sgy,FORGE_78-32_iDASv3-P11_UTC190426205808,21.0,23.0,679,1084,1000.0
43,utah_2019__FORGE_78-32_iDASv3-P11_UTC190426205808,utah_2019,utah_2019,utah_2019_1,noise,0,/home/ted1204/MS_Detection_Datamaker/MS_datamaker_UTAH_2019/data/noise/FORGE_78-32_iDASv3-P11_UTC190426205808.sgy,FORGE_78-32_iDASv3-P11_UTC190426205808.sgy,FORGE_78-32_iDASv3-P11_UTC190426205808,26.0,28.0,679,1084,1000.0
44,utah_2019__FORGE_78-32_iDASv3-P11_UTC190426205808,utah_2019,utah_2019,utah_2019_1,noise,0,/home/ted1204/MS_Detection_Datamaker/MS_datamaker_UTAH_2019/data/noise/FORGE_78-32_iDASv3-P11_UTC190426205808.sgy,FORGE_78-32_iDASv3-P11_UTC190426205808.sgy,FORGE_78-32_iDASv3-P11_UTC190426205808,28.0,30.0,679,1084,1000.0
45,utah_2019__FORGE_78-32_iDASv3-P11_UTC190426205808,utah_2019,utah_2019,utah_2019_2,noise,0,/home/ted1204/MS_Detection_Datamaker/MS_datamaker_UTAH_2019/data/noise/FORGE_78-32_iDASv3-P11_UTC190426205808.sgy,FORGE_78-32_iDASv3-P11_UTC190426205808.sgy,FORGE_78-32_iDASv3-P11_UTC190426205808,0.0,2.0,273,678,1000.0
46,utah_2019__FORGE_78-32_iDASv3-P11_UTC190426205808,utah_2019,utah_2019,utah_2019_2,noise,0,/home/ted1204/MS_Detection_Datamaker/MS_datamaker_UTAH_2019/data/noise/FORGE_78-32_iDASv3-P11_UTC190426205808.sgy,FORGE_78-32_iDASv3-P11_UTC190426205808.sgy,FORGE_78-32_iDASv3-P11_UTC190426205808,1.0,3.0,273,678,1000.0
47,utah_2019__FORGE_78-32_iDASv3-P11_UTC190426205808,utah_2019,utah_2019,utah_2019_2,noise,0,/home/ted1204/MS_Detection_Datamaker/MS_datamaker_UTAH_2019/data/noise/FORGE_78-32_iDASv3-P11_UTC190426205808.sgy,FORGE_78-32_iDASv3-P11_UTC190426205808.sgy,FORGE_78-32_iDASv3-P11_UTC190426205808,2.0,4.0,273,678,1000.0
48,utah_2019__FORGE_78-32_iDASv3-P11_UTC190426205808,utah_2019,utah_2019,utah_2019_2,noise,0,/home/ted1204/MS_Detection_Datamaker/MS_datamaker_UTAH_2019/data/noise/FORGE_78-32_iDASv3-P11_UTC190426205808.sgy,FORGE_78-32_iDASv3-P11_UTC190426205808.sgy,FORGE_78-32_iDASv3-P11_UTC190426205808,4.0,6.0,273,678,1000.0
49,utah_2019__FORGE_78-32_iDASv3-P11_UTC190426205808,utah_2019,utah_2019,utah_2019_2,noise,0,/home/ted1204/MS_Detection_Datamaker/MS_datamaker_UTAH_2019/data/noise/FORGE_78-32_iDASv3-P11_UTC190426205808.sgy,FORGE_78-32_iDASv3-P11_UTC190426205808.sgy,FORGE_78-32_iDASv3-P11_UTC190426205808,6.0,8.0,273,678,1000.0
50,utah_2019__FORGE_78-32_iDASv3-P11_UTC190426205808,utah_2019,utah_2019,utah_2019_2,noise,0,/home/ted1204/MS_Detection_Datamaker/MS_datamaker_UTAH_2019/data/noise/FORGE_78-32_iDASv3-P11_UTC190426205808.sgy,FORGE_78-32_iDASv3-P11_UTC190426205808.sgy,FORGE_78-32_iDASv3-P11_UTC190426205808,10.0,12.0,273,678,1000.0
51,utah_2019__FORGE_78-32_iDASv3-P11_UTC190426205808,utah_2019,utah_2019,utah_2019_2,noise,0,/home/ted1204/MS_Detection_Datamaker/MS_datamaker_UTAH_2019/data/noise/FORGE_78-32_iDASv3-P11_UTC190426205808.sgy,FORGE_78-32_iDASv3-P11_UTC190426205808.sgy,FORGE_78-32_iDASv3-P11_UTC190426205808,13.0,15.0,273,678,1000.0
52,utah_2019__FORGE_78-32_iDASv3-P11_UTC190426205808,utah_2019,utah_2019,utah_2019_2,noise,0,/home/ted1204/MS_Detection_Datamaker/MS_datamaker_UTAH_2019/data/noise/FORGE_78-32_iDASv3-P11_UTC190426205808.sgy,FORGE_78-32_iDASv3-P11_UTC190426205808.sgy,FORGE_78-32_iDASv3-P11_UTC190426205808,14.0,16.0,273,678,1000.0
53,utah_2019__FORGE_78-32_iDASv3-P11_UTC190426205808,utah_2019,utah_2019,utah_2019_2,noise,0,/home/ted1204/MS_Detection_Datamaker/MS_datamaker_UTAH_2019/data/noise/FORGE_78-32_iDASv3-P11_UTC190426205808.sgy,FORGE_78-32_iDASv3-P11_UTC190426205808.sgy,FORGE_78-32_iDASv3-P11_UTC190426205808,15.0,17.0,273,678,1000.0
54,utah_2019__FORGE_78-32_iDASv3-P11_UTC190426205808,utah_2019,utah_2019,utah_2019_2,noise,0,/home/ted1204/MS_Detection_Datamaker/MS_datamaker_UTAH_2019/data/noise/FORGE_78-32_iDASv3-P11_UTC190426205808.sgy,FORGE_78-32_iDASv3-P11_UTC190426205808.sgy,FORGE_78-32_iDASv3-P11_UTC190426205808,17.0,19.0,273,678,1000.0
55,utah_2019__FORGE_78-32_iDASv3-P11_UTC190426205808,utah_2019,utah_2019,utah_2019_2,noise,0,/home/ted1204/MS_Detection_Datamaker/MS_datamaker_UTAH_2019/data/noise/FORGE_78-32_iDASv3-P11_UTC190426205808.sgy,FORGE_78-32_iDASv3-P11_UTC190426205808.sgy,FORGE_78-32_iDASv3-P11_UTC190426205808,18.0,20.0,273,678,1000.0
56,utah_2019__FORGE_78-32_iDASv3-P11_UTC190426205808,utah_2019,utah_2019,utah_2019_2,noise,0,/home/ted1204/MS_Detection_Datamaker/MS_datamaker_UTAH_2019/data/noise/FORGE_78-32_iDASv3-P11_UTC190426205808.sgy,FORGE_78-32_iDASv3-P11_UTC190426205808.sgy,FORGE_78-32_iDASv3-P11_UTC190426205808,19.0,21.0,273,678,1000.0
57,utah_2019__FORGE_78-32_iDASv3-P11_UTC190426205808,utah_2019,utah_2019,utah_2019_2,noise,0,/home/ted1204/MS_Detection_Datamaker/MS_datamaker_UTAH_2019/data/noise/FORGE_78-32_iDASv3-P11_UTC190426205808.sgy,FORGE_78-32_iDASv3-P11_UTC190426205808.sgy,FORGE_78-32_iDASv3-P11_UTC190426205808,21.0,23.0,273,678,1000.0
58,utah_2019__FORGE_78-32_iDASv3-P11_UTC190426205808,utah_2019,utah_2019,utah_2019_2,noise,0,/home/ted1204/MS_Detection_Datamaker/MS_datamaker_UTAH_2019/data/noise/FORGE_78-32_iDASv3-P11_UTC190426205808.sgy,FORGE_78-32_iDASv3-P11_UTC190426205808.sgy,FORGE_78-32_iDASv3-P11_UTC190426205808,26.0,28.0,273,678,1000.0
59,utah_2019__FORGE_78-32_iDASv3-P11_UTC190426205808,utah_2019,utah_2019,utah_2019_2,noise,0,/home/ted1204/MS_Detection_Datamaker/MS_datamaker_UTAH_2019/data/noise/FORGE_78-32_iDASv3-P11_UTC190426205808.sgy,FORGE_78-32_iDASv3-P11_UTC190426205808.sgy,FORGE_78-32_iDASv3-P11_UTC190426205808,28.0,30.0,273,678,1000.0
60,utah_2019__FORGE_78-32_iDASv3-P11_UTC190426221653,utah_2019,utah_2019,utah_2019_1,noise,0,/home/ted1204/MS_Detection_Datamaker/MS_datamaker_UTAH_2019/data/noise/FORGE_78-32_iDASv3-P11_UTC190426221653.sgy,FORGE_78-32_iDASv3-P11_UTC190426221653.sgy,FORGE_78-32_iDASv3-P11_UTC190426221653,0.0,2.0,679,1084,1000.0
61,utah_2019__FORGE_78-32_iDASv3-P11_UTC190426221653,utah_2019,utah_2019,utah_2019_1,noise,0,/home/ted1204/MS_Detection_Datamaker/MS_datamaker_UTAH_2019/data/noise/FORGE_78-32_iDASv3-P11_UTC190426221653.sgy,FORGE_78-32_iDASv3-P11_UTC190426221653.sgy,FORGE_78-32_iDASv3-P11_UTC190426221653,2.0,4.0,679,1084,1000.0
62,utah_2019__FORGE_78-32_iDASv3-P11_UTC190426221653,utah_2019,utah_2019,utah_2019_1,noise,0,/home/ted1204/MS_Detection_Datamaker/MS_datamaker_UTAH_2019/data/noise/FORGE_78-32_iDASv3-P11_UTC190426221653.sgy,FORGE_78-32_iDASv3-P11_UTC190426221653.sgy,FORGE_78-32_iDASv3-P11_UTC190426221653,3.0,5.0,679,1084,1000.0
63,utah_2019__FORGE_78-32_iDASv3-P11_UTC190426221653,utah_2019,utah_2019,utah_2019_1,noise,0,/home/ted1204/MS_Detection_Datamaker/MS_datamaker_UTAH_2019/data/noise/FORGE_78-32_iDASv3-P11_UTC190426221653.sgy,FORGE_78-32_iDASv3-P11_UTC190426221653.sgy,FORGE_78-32_iDASv3-P11_UTC190426221653,4.0,6.0,679,1084,1000.0
64,utah_2019__FORGE_78-32_iDASv3-P11_UTC190426221653,utah_2019,utah_2019,utah_2019_1,noise,0,/home/ted1204/MS_Detection_Datamaker/MS_datamaker_UTAH_2019/data/noise/FORGE_78-32_iDASv3-P11_UTC190426221653.sgy,FORGE_78-32_iDASv3-P11_UTC190426221653.sgy,FORGE_78-32_iDASv3-P11_UTC190426221653,6.0,8.0,679,1084,1000.0
65,utah_2019__FORGE_78-32_iDASv3-P11_UTC190426221653,utah_2019,utah_2019,utah_2019_1,noise,0,/home/ted1204/MS_Detection_Datamaker/MS_datamaker_UTAH_2019/data/noise/FORGE_78-32_iDASv3-P11_UTC190426221653.sgy,FORGE_78-32_iDASv3-P11_UTC190426221653.sgy,FORGE_78-32_iDASv3-P11_UTC190426221653,10.0,12.0,679,1084,1000.0
66,utah_2019__FORGE_78-32_iDASv3-P11_UTC190426221653,utah_2019,utah_2019,utah_2019_1,noise,0,/home/ted1204/MS_Detection_Datamaker/MS_datamaker_UTAH_2019/data/noise/FORGE_78-32_iDASv3-P11_UTC190426221653.sgy,FORGE_78-32_iDASv3-P11_UTC190426221653.sgy,FORGE_78-32_iDASv3-P11_UTC190426221653,11.0,13.0,679,1084,1000.0
67,utah_2019__FORGE_78-32_iDASv3-P11_UTC190426221653,utah_2019,utah_2019,utah_2019_1,noise,0,/home/ted1204/MS_Detection_Datamaker/MS_datamaker_UTAH_2019/data/noise/FORGE_78-32_iDASv3-P11_UTC190426221653.sgy,FORGE_78-32_iDASv3-P11_UTC190426221653.sgy,FORGE_78-32_iDASv3-P11_UTC190426221653,13.0,15.0,679,1084,1000.0
68,utah_2019__FORGE_78-32_iDASv3-P11_UTC190426221653,utah_2019,utah_2019,utah_2019_1,noise,0,/home/ted1204/MS_Detection_Datamaker/MS_datamaker_UTAH_2019/data/noise/FORGE_78-32_iDASv3-P11_UTC190426221653.sgy,FORGE_78-32_iDASv3-P11_UTC190426221653.sgy,FORGE_78-32_iDASv3-P11_UTC190426221653,14.0,16.0,679,1084,1000.0
69,utah_2019__FORGE_78-32_iDASv3-P11_UTC190426221653,utah_2019,utah_2019,utah_2019_1,noise,0,/home/ted1204/MS_Detection_Datamaker/MS_datamaker_UTAH_2019/data/noise/FORGE_78-32_iDASv3-P11_UTC190426221653.sgy,FORGE_78-32_iDASv3-P11_UTC190426221653.sgy,FORGE_78-32_iDASv3-P11_UTC190426221653,16.0,18.0,679,1084,1000.0
70,utah_2019__FORGE_78-32_iDASv3-P11_UTC190426221653,utah_2019,utah_2019,utah_2019_1,noise,0,/home/ted1204/MS_Detection_Datamaker/MS_datamaker_UTAH_2019/data/noise/FORGE_78-32_iDASv3-P11_UTC190426221653.sgy,FORGE_78-32_iDASv3-P11_UTC190426221653.sgy,FORGE_78-32_iDASv3-P11_UTC190426221653,18.0,20.0,679,1084,1000.0
71,utah_2019__FORGE_78-32_iDASv3-P11_UTC190426221653,utah_2019,utah_2019,utah_2019_1,noise,0,/home/ted1204/MS_Detection_Datamaker/MS_datamaker_UTAH_2019/data/noise/FORGE_78-32_iDASv3-P11_UTC190426221653.sgy,FORGE_78-32_iDASv3-P11_UTC190426221653.sgy,FORGE_78-32_iDASv3-P11_UTC190426221653,20.0,22.0,679,1084,1000.0
72,utah_2019__FORGE_78-32_iDASv3-P11_UTC190426221653,utah_2019,utah_2019,utah_2019_1,noise,0,/home/ted1204/MS_Detection_Datamaker/MS_datamaker_UTAH_2019/data/noise/FORGE_78-32_iDASv3-P11_UTC190426221653.sgy,FORGE_78-32_iDASv3-P11_UTC190426221653.sgy,FORGE_78-32_iDASv3-P11_UTC190426221653,21.0,23.0,679,1084,1000.0
73,utah_2019__FORGE_78-32_iDASv3-P11_UTC190426221653,utah_2019,utah_2019,utah_2019_1,noise,0,/home/ted1204/MS_Detection_Datamaker/MS_datamaker_UTAH_2019/data/noise/FORGE_78-32_iDASv3-P11_UTC190426221653.sgy,FORGE_78-32_iDASv3-P11_UTC190426221653.sgy,FORGE_78-32_iDASv3-P11_UTC190426221653,23.0,25.0,679,1084,1000.0
74,utah_2019__FORGE_78-32_iDASv3-P11_UTC190426221653,utah_2019,utah_2019,utah_2019_1,noise,0,/home/ted1204/MS_Detection_Datamaker/MS_datamaker_UTAH_2019/data/noise/FORGE_78-32_iDASv3-P11_UTC190426221653.sgy,FORGE_78-32_iDASv3-P11_UTC190426221653.sgy,FORGE_78-32_iDASv3-P11_UTC190426221653,25.0,27.0,679,1084,1000.0
75,utah_2019__FORGE_78-32_iDASv3-P11_UTC190426221653,utah_2019,utah_2019,utah_2019_2,noise,0,/home/ted1204/MS_Detection_Datamaker/MS_datamaker_UTAH_2019/data/noise/FORGE_78-32_iDASv3-P11_UTC190426221653.sgy,FORGE_78-32_iDASv3-P11_UTC190426221653.sgy,FORGE_78-32_iDASv3-P11_UTC190426221653,0.0,2.0,273,678,1000.0
76,utah_2019__FORGE_78-32_iDASv3-P11_UTC190426221653,utah_2019,utah_2019,utah_2019_2,noise,0,/home/ted1204/MS_Detection_Datamaker/MS_datamaker_UTAH_2019/data/noise/FORGE_78-32_iDASv3-P11_UTC190426221653.sgy,FORGE_78-32_iDASv3-P11_UTC190426221653.sgy,FORGE_78-32_iDASv3-P11_UTC190426221653,2.0,4.0,273,678,1000.0
77,utah_2019__FORGE_78-32_iDASv3-P11_UTC190426221653,utah_2019,utah_2019,utah_2019_2,noise,0,/home/ted1204/MS_Detection_Datamaker/MS_datamaker_UTAH_2019/data/noise/FORGE_78-32_iDASv3-P11_UTC190426221653.sgy,FORGE_78-32_iDASv3-P11_UTC190426221653.sgy,FORGE_78-32_iDASv3-P11_UTC190426221653,3.0,5.0,273,678,1000.0
78,utah_2019__FORGE_78-32_iDASv3-P11_UTC190426221653,utah_2019,utah_2019,utah_2019_2,noise,0,/home/ted1204/MS_Detection_Datamaker/MS_datamaker_UTAH_2019/data/noise/FORGE_78-32_iDASv3-P11_UTC190426221653.sgy,FORGE_78-32_iDASv3-P11_UTC190426221653.sgy,FORGE_78-32_iDASv3-P11_UTC190426221653,4.0,6.0,273,678,1000.0
79,utah_2019__FORGE_78-32_iDASv3-P11_UTC190426221653,utah_2019,utah_2019,utah_2019_2,noise,0,/home/ted1204/MS_Detection_Datamaker/MS_datamaker_UTAH_2019/data/noise/FORGE_78-32_iDASv3-P11_UTC190426221653.sgy,FORGE_78-32_iDASv3-P11_UTC190426221653.sgy,FORGE_78-32_iDASv3-P11_UTC190426221653,6.0,8.0,273,678,1000.0
80,utah_2019__FORGE_78-32_iDASv3-P11_UTC190426221653,utah_2019,utah_2019,utah_2019_2,noise,0,/home/ted1204/MS_Detection_Datamaker/MS_datamaker_UTAH_2019/data/noise/FORGE_78-32_iDASv3-P11_UTC190426221653.sgy,FORGE_78-32_iDASv3-P11_UTC190426221653.sgy,FORGE_78-32_iDASv3-P11_UTC190426221653,10.0,12.0,273,678,1000.0
81,utah_2019__FORGE_78-32_iDASv3-P11_UTC190426221653,utah_2019,utah_2019,utah_2019_2,noise,0,/home/ted1204/MS_Detection_Datamaker/MS_datamaker_UTAH_2019/data/noise/FORGE_78-32_iDASv3-P11_UTC190426221653.sgy,FORGE_78-32_iDASv3-P11_UTC190426221653.sgy,FORGE_78-32_iDASv3-P11_UTC190426221653,11.0,13.0,273,678,1000.0
82,utah_2019__FORGE_78-32_iDASv3-P11_UTC190426221653,utah_2019,utah_2019,utah_2019_2,noise,0,/home/ted1204/MS_Detection_Datamaker/MS_datamaker_UTAH_2019/data/noise/FORGE_78-32_iDASv3-P11_UTC190426221653.sgy,FORGE_78-32_iDASv3-P11_UTC190426221653.sgy,FORGE_78-32_iDASv3-P11_UTC190426221653,13.0,15.0,273,678,1000.0
83,utah_2019__FORGE_78-32_iDASv3-P11_UTC190426221653,utah_2019,utah_2019,utah_2019_2,noise,0,/home/ted1204/MS_Detection_Datamaker/MS_datamaker_UTAH_2019/data/noise/FORGE_78-32_iDASv3-P11_UTC190426221653.sgy,FORGE_78-32_iDASv3-P11_UTC190426221653.sgy,FORGE_78-32_iDASv3-P11_UTC190426221653,14.0,16.0,273,678,1000.0
84,utah_2019__FORGE_78-32_iDASv3-P11_UTC190426221653,utah_2019,utah_2019,utah_2019_2,noise,0,/home/ted1204/MS_Detection_Datamaker/MS_datamaker_UTAH_2019/data/noise/FORGE_78-32_iDASv3-P11_UTC190426221653.sgy,FORGE_78-32_iDASv3-P11_UTC190426221653.sgy,FORGE_78-32_iDASv3-P11_UTC190426221653,16.0,18.0,273,678,1000.0
85,utah_2019__FORGE_78-32_iDASv3-P11_UTC190426221653,utah_2019,utah_2019,utah_2019_2,noise,0,/home/ted1204/MS_Detection_Datamaker/MS_datamaker_UTAH_2019/data/noise/FORGE_78-32_iDASv3-P11_UTC190426221653.sgy,FORGE_78-32_iDASv3-P11_UTC190426221653.sgy,FORGE_78-32_iDASv3-P11_UTC190426221653,18.0,20.0,273,678,1000.0
86,utah_2019__FORGE_78-32_iDASv3-P11_UTC190426221653,utah_2019,utah_2019,utah_2019_2,noise,0,/home/ted1204/MS_Detection_Datamaker/MS_datamaker_UTAH_2019/data/noise/FORGE_78-32_iDASv3-P11_UTC190426221653.sgy,FORGE_78-32_iDASv3-P11_UTC190426221653.sgy,FORGE_78-32_iDASv3-P11_UTC190426221653,20.0,22.0,273,678,1000.0
87,utah_2019__FORGE_78-32_iDASv3-P11_UTC190426221653,utah_2019,utah_2019,utah_2019_2,noise,0,/home/ted1204/MS_Detection_Datamaker/MS_datamaker_UTAH_2019/data/noise/FORGE_78-32_iDASv3-P11_UTC190426221653.sgy,FORGE_78-32_iDASv3-P11_UTC190426221653.sgy,FORGE_78-32_iDASv3-P11_UTC190426221653,21.0,23.0,273,678,1000.0
88,utah_2019__FORGE_78-32_iDASv3-P11_UTC190426221653,utah_2019,utah_2019,utah_2019_2,noise,0,/home/ted1204/MS_Detection_Datamaker/MS_datamaker_UTAH_2019/data/noise/FORGE_78-32_iDASv3-P11_UTC190426221653.sgy,FORGE_78-32_iDASv3-P11_UTC190426221653.sgy,FORGE_78-32_iDASv3-P11_UTC190426221653,23.0,25.0,273,678,1000.0
89,utah_2019__FORGE_78-32_iDASv3-P11_UTC190426221653,utah_2019,utah_2019,utah_2019_2,noise,0,/home/ted1204/MS_Detection_Datamaker/MS_datamaker_UTAH_2019/data/noise/FORGE_78-32_iDASv3-P11_UTC190426221653.sgy,FORGE_78-32_iDASv3-P11_UTC190426221653.sgy,FORGE_78-32_iDASv3-P11_UTC190426221653,25.0,27.0,273,678,1000.0
90,utah_2019__FORGE_78-32_iDASv3-P11_UTC190426222008,utah_2019,utah_2019,utah_2019_1,noise,0,/home/ted1204/MS_Detection_Datamaker/MS_datamaker_UTAH_2019/data/noise/FORGE_78-32_iDASv3-P11_UTC190426222008.sgy,FORGE_78-32_iDASv3-P11_UTC190426222008.sgy,FORGE_78-32_iDASv3-P11_UTC190426222008,4.0,6.0,679,1084,1000.0
91,utah_2019__FORGE_78-32_iDASv3-P11_UTC190426222008,utah_2019,utah_2019,utah_2019_1,noise,0,/home/ted1204/MS_Detection_Datamaker/MS_datamaker_UTAH_2019/data/noise/FORGE_78-32_iDASv3-P11_UTC190426222008.sgy,FORGE_78-32_iDASv3-P11_UTC190426222008.sgy,FORGE_78-32_iDASv3-P11_UTC190426222008,6.0,8.0,679,1084,1000.0
92,utah_2019__FORGE_78-32_iDASv3-P11_UTC190426222008,utah_2019,utah_2019,utah_2019_1,noise,0,/home/ted1204/MS_Detection_Datamaker/MS_datamaker_UTAH_2019/data/noise/FORGE_78-32_iDASv3-P11_UTC190426222008.sgy,FORGE_78-32_iDASv3-P11_UTC190426222008.sgy,FORGE_78-32_iDASv3-P11_UTC190426222008,7.0,9.0,679,1084,1000.0
93,utah_2019__FORGE_78-32_iDASv3-P11_UTC190426222008,utah_2019,utah_2019,utah_2019_1,noise,0,/home/ted1204/MS_Detection_Datamaker/MS_datamaker_UTAH_2019/data/noise/FORGE_78-32_iDASv3-P11_UTC190426222008.sgy,FORGE_78-32_iDASv3-P11_UTC190426222008.sgy,FORGE_78-32_iDASv3-P11_UTC190426222008,8.0,10.0,679,1084,1000.0
94,utah_2019__FORGE_78-32_iDASv3-P11_UTC190426222008,utah_2019,utah_2019,utah_2019_1,noise,0,/home/ted1204/MS_Detection_Datamaker/MS_datamaker_UTAH_2019/data/noise/FORGE_78-32_iDASv3-P11_UTC190426222008.sgy,FORGE_78-32_iDASv3-P11_UTC190426222008.sgy,FORGE_78-32_iDASv3-P11_UTC190426222008,9.0,11.0,679,1084,1000.0
95,utah_2019__FORGE_78-32_iDASv3-P11_UTC190426222008,utah_2019,utah_2019,utah_2019_1,noise,0,/home/ted1204/MS_Detection_Datamaker/MS_datamaker_UTAH_2019/data/noise/FORGE_78-32_iDASv3-P11_UTC190426222008.sgy,FORGE_78-32_iDASv3-P11_UTC190426222008.sgy,FORGE_78-32_iDASv3-P11_UTC190426222008,10.0,12.0,679,1084,1000.0
96,utah_2019__FORGE_78-32_iDASv3-P11_UTC190426222008,utah_2019,utah_2019,utah_2019_1,noise,0,/home/ted1204/MS_Detection_Datamaker/MS_datamaker_UTAH_2019/data/noise/FORGE_78-32_iDASv3-P11_UTC190426222008.sgy,FORGE_78-32_iDASv3-P11_UTC190426222008.sgy,FORGE_78-32_iDASv3-P11_UTC190426222008,11.0,13.0,679,1084,1000.0
97,utah_2019__FORGE_78-32_iDASv3-P11_UTC190426222008,utah_2019,utah_2019,utah_2019_1,noise,0,/home/ted1204/MS_Detection_Datamaker/MS_datamaker_UTAH_2019/data/noise/FORGE_78-32_iDASv3-P11_UTC190426222008.sgy,FORGE_78-32_iDASv3-P11_UTC190426222008.sgy,FORGE_78-32_iDASv3-P11_UTC190426222008,13.0,15.0,679,1084,1000.0
98,utah_2019__FORGE_78-32_iDASv3-P11_UTC190426222008,utah_2019,utah_2019,utah_2019_1,noise,0,/home/ted1204/MS_Detection_Datamaker/MS_datamaker_UTAH_2019/data/noise/FORGE_78-32_iDASv3-P11_UTC190426222008.sgy,FORGE_78-32_iDASv3-P11_UTC190426222008.sgy,FORGE_78-32_iDASv3-P11_UTC190426222008,14.0,16.0,679,1084,1000.0
99,utah_2019__FORGE_78-32_iDASv3-P11_UTC190426222008,utah_2019,utah_2019,utah_2019_1,noise,0,/home/ted1204/MS_Detection_Datamaker/MS_datamaker_UTAH_2019/data/noise/FORGE_78-32_iDASv3-P11_UTC190426222008.sgy,FORGE_78-32_iDASv3-P11_UTC190426222008.sgy,FORGE_78-32_iDASv3-P11_UTC190426222008,15.0,17.0,679,1084,1000.0
100,utah_2019__FORGE_78-32_iDASv3-P11_UTC190426222008,utah_2019,utah_2019,utah_2019_1,noise,0,/home/ted1204/MS_Detection_Datamaker/MS_datamaker_UTAH_2019/data/noise/FORGE_78-32_iDASv3-P11_UTC190426222008.sgy,FORGE_78-32_iDASv3-P11_UTC190426222008.sgy,FORGE_78-32_iDASv3-P11_UTC190426222008,16.0,18.0,679,1084,1000.0
101,utah_2019__FORGE_78-32_iDASv3-P11_UTC190426222008,utah_2019,utah_2019,utah_2019_1,noise,0,/home/ted1204/MS_Detection_Datamaker/MS_datamaker_UTAH_2019/data/noise/FORGE_78-32_iDASv3-P11_UTC190426222008.sgy,FORGE_78-32_iDASv3-P11_UTC190426222008.sgy,FORGE_78-32_iDASv3-P11_UTC190426222008,21.0,23.0,679,1084,1000.0
102,utah_2019__FORGE_78-32_iDASv3-P11_UTC190426222008,utah_2019,utah_2019,utah_2019_1,noise,0,/home/ted1204/MS_Detection_Datamaker/MS_datamaker_UTAH_2019/data/noise/FORGE_78-32_iDASv3-P11_UTC190426222008.sgy,FORGE_78-32_iDASv3-P11_UTC190426222008.sgy,FORGE_78-32_iDASv3-P11_UTC190426222008,22.0,24.0,679,1084,1000.0
103,utah_2019__FORGE_78-32_iDASv3-P11_UTC190426222008,utah_2019,utah_2019,utah_2019_1,noise,0,/home/ted1204/MS_Detection_Datamaker/MS_datamaker_UTAH_2019/data/noise/FORGE_78-32_iDASv3-P11_UTC190426222008.sgy,FORGE_78-32_iDASv3-P11_UTC190426222008.sgy,FORGE_78-32_iDASv3-P11_UTC190426222008,23.0,25.0,679,1084,1000.0
104,utah_2019__FORGE_78-32_iDASv3-P11_UTC190426222008,utah_2019,utah_2019,utah_2019_1,noise,0,/home/ted1204/MS_Detection_Datamaker/MS_datamaker_UTAH_2019/data/noise/FORGE_78-32_iDASv3-P11_UTC190426222008.sgy,FORGE_78-32_iDASv3-P11_UTC190426222008.sgy,FORGE_78-32_iDASv3-P11_UTC190426222008,26.0,28.0,679,1084,1000.0
105,utah_2019__FORGE_78-32_iDASv3-P11_UTC190426222008,utah_2019,utah_2019,utah_2019_2,noise,0,/home/ted1204/MS_Detection_Datamaker/MS_datamaker_UTAH_2019/data/noise/FORGE_78-32_iDASv3-P11_UTC190426222008.sgy,FORGE_78-32_iDASv3-P11_UTC190426222008.sgy,FORGE_78-32_iDASv3-P11_UTC190426222008,4.0,6.0,273,678,1000.0
106,utah_2019__FORGE_78-32_iDASv3-P11_UTC190426222008,utah_2019,utah_2019,utah_2019_2,noise,0,/home/ted1204/MS_Detection_Datamaker/MS_datamaker_UTAH_2019/data/noise/FORGE_78-32_iDASv3-P11_UTC190426222008.sgy,FORGE_78-32_iDASv3-P11_UTC190426222008.sgy,FORGE_78-32_iDASv3-P11_UTC190426222008,6.0,8.0,273,678,1000.0
107,utah_2019__FORGE_78-32_iDASv3-P11_UTC190426222008,utah_2019,utah_2019,utah_2019_2,noise,0,/home/ted1204/MS_Detection_Datamaker/MS_datamaker_UTAH_2019/data/noise/FORGE_78-32_iDASv3-P11_UTC190426222008.sgy,FORGE_78-32_iDASv3-P11_UTC190426222008.sgy,FORGE_78-32_iDASv3-P11_UTC190426222008,7.0,9.0,273,678,1000.0
108,utah_2019__FORGE_78-32_iDASv3-P11_UTC190426222008,utah_2019,utah_2019,utah_2019_2,noise,0,/home/ted1204/MS_Detection_Datamaker/MS_datamaker_UTAH_2019/data/noise/FORGE_78-32_iDASv3-P11_UTC190426222008.sgy,FORGE_78-32_iDASv3-P11_UTC190426222008.sgy,FORGE_78-32_iDASv3-P11_UTC190426222008,8.0,10.0,273,678,1000.0
109,utah_2019__FORGE_78-32_iDASv3-P11_UTC190426222008,utah_2019,utah_2019,utah_2019_2,noise,0,/home/ted1204/MS_Detection_Datamaker/MS_datamaker_UTAH_2019/data/noise/FORGE_78-32_iDASv3-P11_UTC190426222008.sgy,FORGE_78-32_iDASv3-P11_UTC190426222008.sgy,FORGE_78-32_iDASv3-P11_UTC190426222008,9.0,11.0,273,678,1000.0
110,utah_2019__FORGE_78-32_iDASv3-P11_UTC190426222008,utah_2019,utah_2019,utah_2019_2,noise,0,/home/ted1204/MS_Detection_Datamaker/MS_datamaker_UTAH_2019/data/noise/FORGE_78-32_iDASv3-P11_UTC190426222008.sgy,FORGE_78-32_iDASv3-P11_UTC190426222008.sgy,FORGE_78-32_iDASv3-P11_UTC190426222008,10.0,12.0,273,678,1000.0
111,utah_2019__FORGE_78-32_iDASv3-P11_UTC190426222008,utah_2019,utah_2019,utah_2019_2,noise,0,/home/ted1204/MS_Detection_Datamaker/MS_datamaker_UTAH_2019/data/noise/FORGE_78-32_iDASv3-P11_UTC190426222008.sgy,FORGE_78-32_iDASv3-P11_UTC190426222008.sgy,FORGE_78-32_iDASv3-P11_UTC190426222008,11.0,13.0,273,678,1000.0
112,utah_2019__FORGE_78-32_iDASv3-P11_UTC190426222008,utah_2019,utah_2019,utah_2019_2,noise,0,/home/ted1204/MS_Detection_Datamaker/MS_datamaker_UTAH_2019/data/noise/FORGE_78-32_iDASv3-P11_UTC190426222008.sgy,FORGE_78-32_iDASv3-P11_UTC190426222008.sgy,FORGE_78-32_iDASv3-P11_UTC190426222008,13.0,15.0,273,678,1000.0
113,utah_2019__FORGE_78-32_iDASv3-P11_UTC190426222008,utah_2019,utah_2019,utah_2019_2,noise,0,/home/ted1204/MS_Detection_Datamaker/MS_datamaker_UTAH_2019/data/noise/FORGE_78-32_iDASv3-P11_UTC190426222008.sgy,FORGE_78-32_iDASv3-P11_UTC190426222008.sgy,FORGE_78-32_iDASv3-P11_UTC190426222008,14.0,16.0,273,678,1000.0
114,utah_2019__FORGE_78-32_iDASv3-P11_UTC190426222008,utah_2019,utah_2019,utah_2019_2,noise,0,/home/ted1204/MS_Detection_Datamaker/MS_datamaker_UTAH_2019/data/noise/FORGE_78-32_iDASv3-P11_UTC190426222008.sgy,FORGE_78-32_iDASv3-P11_UTC190426222008.sgy,FORGE_78-32_iDASv3-P11_UTC190426222008,15.0,17.0,273,678,1000.0
115,utah_2019__FORGE_78-32_iDASv3-P11_UTC190426222008,utah_2019,utah_2019,utah_2019_2,noise,0,/home/ted1204/MS_Detection_Datamaker/MS_datamaker_UTAH_2019/data/noise/FORGE_78-32_iDASv3-P11_UTC190426222008.sgy,FORGE_78-32_iDASv3-P11_UTC190426222008.sgy,FORGE_78-32_iDASv3-P11_UTC190426222008,16.0,18.0,273,678,1000.0
116,utah_2019__FORGE_78-32_iDASv3-P11_UTC190426222008,utah_2019,utah_2019,utah_2019_2,noise,0,/home/ted1204/MS_Detection_Datamaker/MS_datamaker_UTAH_2019/data/noise/FORGE_78-32_iDASv3-P11_UTC190426222008.sgy,FORGE_78-32_iDASv3-P11_UTC190426222008.sgy,FORGE_78-32_iDASv3-P11_UTC190426222008,21.0,23.0,273,678,1000.0
117,utah_2019__FORGE_78-32_iDASv3-P11_UTC190426222008,utah_2019,utah_2019,utah_2019_2,noise,0,/home/ted1204/MS_Detection_Datamaker/MS_datamaker_UTAH_2019/data/noise/FORGE_78-32_iDASv3-P11_UTC190426222008.sgy,FORGE_78-32_iDASv3-P11_UTC190426222008.sgy,FORGE_78-32_iDASv3-P11_UTC190426222008,22.0,24.0,273,678,1000.0
118,utah_2019__FORGE_78-32_iDASv3-P11_UTC190426222008,utah_2019,utah_2019,utah_2019_2,noise,0,/home/ted1204/MS_Detection_Datamaker/MS_datamaker_UTAH_2019/data/noise/FORGE_78-32_iDASv3-P11_UTC190426222008.sgy,FORGE_78-32_iDASv3-P11_UTC190426222008.sgy,FORGE_78-32_iDASv3-P11_UTC190426222008,23.0,25.0,273,678,1000.0
119,utah_2019__FORGE_78-32_iDASv3-P11_UTC190426222008,utah_2019,utah_2019,utah_2019_2,noise,0,/home/ted1204/MS_Detection_Datamaker/MS_datamaker_UTAH_2019/data/noise/FORGE_78-32_iDASv3-P11_UTC190426222008.sgy,FORGE_78-32_iDASv3-P11_UTC190426222008.sgy,FORGE_78-32_iDASv3-P11_UTC190426222008,26.0,28.0,273,678,1000.0
120,utah_2019__FORGE_78-32_iDASv3-P11_UTC190426224708,utah_2019,utah_2019,utah_2019_1,noise,0,/home/ted1204/MS_Detection_Datamaker/MS_datamaker_UTAH_2019/data/noise/FORGE_78-32_iDASv3-P11_UTC190426224708.sgy,FORGE_78-32_iDASv3-P11_UTC190426224708.sgy,FORGE_78-32_iDASv3-P11_UTC190426224708,2.0,4.0,679,1084,1000.0
121,utah_2019__FORGE_78-32_iDASv3-P11_UTC190426224708,utah_2019,utah_2019,utah_2019_1,noise,0,/home/ted1204/MS_Detection_Datamaker/MS_datamaker_UTAH_2019/data/noise/FORGE_78-32_iDASv3-P11_UTC190426224708.sgy,FORGE_78-32_iDASv3-P11_UTC190426224708.sgy,FORGE_78-32_iDASv3-P11_UTC190426224708,3.0,5.0,679,1084,1000.0
122,utah_2019__FORGE_78-32_iDASv3-P11_UTC190426224708,utah_2019,utah_2019,utah_2019_1,noise,0,/home/ted1204/MS_Detection_Datamaker/MS_datamaker_UTAH_2019/data/noise/FORGE_78-32_iDASv3-P11_UTC190426224708.sgy,FORGE_78-32_iDASv3-P11_UTC190426224708.sgy,FORGE_78-32_iDASv3-P11_UTC190426224708,4.0,6.0,679,1084,1000.0
123,utah_2019__FORGE_78-32_iDASv3-P11_UTC190426224708,utah_2019,utah_2019,utah_2019_1,noise,0,/home/ted1204/MS_Detection_Datamaker/MS_datamaker_UTAH_2019/data/noise/FORGE_78-32_iDASv3-P11_UTC190426224708.sgy,FORGE_78-32_iDASv3-P11_UTC190426224708.sgy,FORGE_78-32_iDASv3-P11_UTC190426224708,5.0,7.0,679,1084,1000.0
124,utah_2019__FORGE_78-32_iDASv3-P11_UTC190426224708,utah_2019,utah_2019,utah_2019_1,noise,0,/home/ted1204/MS_Detection_Datamaker/MS_datamaker_UTAH_2019/data/noise/FORGE_78-32_iDASv3-P11_UTC190426224708.sgy,FORGE_78-32_iDASv3-P11_UTC190426224708.sgy,FORGE_78-32_iDASv3-P11_UTC190426224708,6.0,8.0,679,1084,1000.0
125,utah_2019__FORGE_78-32_iDASv3-P11_UTC190426224708,utah_2019,utah_2019,utah_2019_1,noise,0,/home/ted1204/MS_Detection_Datamaker/MS_datamaker_UTAH_2019/data/noise/FORGE_78-32_iDASv3-P11_UTC190426224708.sgy,FORGE_78-32_iDASv3-P11_UTC190426224708.sgy,FORGE_78-32_iDASv3-P11_UTC190426224708,10.0,12.0,679,1084,1000.0
126,utah_2019__FORGE_78-32_iDASv3-P11_UTC190426224708,utah_2019,utah_2019,utah_2019_1,noise,0,/home/ted1204/MS_Detection_Datamaker/MS_datamaker_UTAH_2019/data/noise/FORGE_78-32_iDASv3-P11_UTC190426224708.sgy,FORGE_78-32_iDASv3-P11_UTC190426224708.sgy,FORGE_78-32_iDASv3-P11_UTC190426224708,11.0,13.0,679,1084,1000.0
127,utah_2019__FORGE_78-32_iDASv3-P11_UTC190426224708,utah_2019,utah_2019,utah_2019_1,noise,0,/home/ted1204/MS_Detection_Datamaker/MS_datamaker_UTAH_2019/data/noise/FORGE_78-32_iDASv3-P11_UTC190426224708.sgy,FORGE_78-32_iDASv3-P11_UTC190426224708.sgy,FORGE_78-32_iDASv3-P11_UTC190426224708,13.0,15.0,679,1084,1000.0
128,utah_2019__FORGE_78-32_iDASv3-P11_UTC190426224708,utah_2019,utah_2019,utah_2019_1,noise,0,/home/ted1204/MS_Detection_Datamaker/MS_datamaker_UTAH_2019/data/noise/FORGE_78-32_iDASv3-P11_UTC190426224708.sgy,FORGE_78-32_iDASv3-P11_UTC190426224708.sgy,FORGE_78-32_iDASv3-P11_UTC190426224708,14.0,16.0,679,1084,1000.0
129,utah_2019__FORGE_78-32_iDASv3-P11_UTC190426224708,utah_2019,utah_2019,utah_2019_1,noise,0,/home/ted1204/MS_Detection_Datamaker/MS_datamaker_UTAH_2019/data/noise/FORGE_78-32_iDASv3-P11_UTC190426224708.sgy,FORGE_78-32_iDASv3-P11_UTC190426224708.sgy,FORGE_78-32_iDASv3-P11_UTC190426224708,15.0,17.0,679,1084,1000.0
130,utah_2019__FORGE_78-32_iDASv3-P11_UTC190426224708,utah_2019,utah_2019,utah_2019_1,noise,0,/home/ted1204/MS_Detection_Datamaker/MS_datamaker_UTAH_2019/data/noise/FORGE_78-32_iDASv3-P11_UTC190426224708.sgy,FORGE_78-32_iDASv3-P11_UTC190426224708.sgy,FORGE_78-32_iDASv3-P11_UTC190426224708,16.0,18.0,679,1084,1000.0
131,utah_2019__FORGE_78-32_iDASv3-P11_UTC190426224708,utah_2019,utah_2019,utah_2019_1,noise,0,/home/ted1204/MS_Detection_Datamaker/MS_datamaker_UTAH_2019/data/noise/FORGE_78-32_iDASv3-P11_UTC190426224708.sgy,FORGE_78-32_iDASv3-P11_UTC190426224708.sgy,FORGE_78-32_iDASv3-P11_UTC190426224708,23.0,25.0,679,1084,1000.0
132,utah_2019__FORGE_78-32_iDASv3-P11_UTC190426224708,utah_2019,utah_2019,utah_2019_1,noise,0,/home/ted1204/MS_Detection_Datamaker/MS_datamaker_UTAH_2019/data/noise/FORGE_78-32_iDASv3-P11_UTC190426224708.sgy,FORGE_78-32_iDASv3-P11_UTC190426224708.sgy,FORGE_78-32_iDASv3-P11_UTC190426224708,24.0,26.0,679,1084,1000.0
133,utah_2019__FORGE_78-32_iDASv3-P11_UTC190426224708,utah_2019,utah_2019,utah_2019_1,noise,0,/home/ted1204/MS_Detection_Datamaker/MS_datamaker_UTAH_2019/data/noise/FORGE_78-32_iDASv3-P11_UTC190426224708.sgy,FORGE_78-32_iDASv3-P11_UTC190426224708.sgy,FORGE_78-32_iDASv3-P11_UTC190426224708,25.0,27.0,679,1084,1000.0
134,utah_2019__FORGE_78-32_iDASv3-P11_UTC190426224708,utah_2019,utah_2019,utah_2019_1,noise,0,/home/ted1204/MS_Detection_Datamaker/MS_datamaker_UTAH_2019/data/noise/FORGE_78-32_iDASv3-P11_UTC190426224708.sgy,FORGE_78-32_iDASv3-P11_UTC190426224708.sgy,FORGE_78-32_iDASv3-P11_UTC190426224708,28.0,30.0,679,1084,1000.0
135,utah_2019__FORGE_78-32_iDASv3-P11_UTC190426224708,utah_2019,utah_2019,utah_2019_2,noise,0,/home/ted1204/MS_Detection_Datamaker/MS_datamaker_UTAH_2019/data/noise/FORGE_78-32_iDASv3-P11_UTC190426224708.sgy,FORGE_78-32_iDASv3-P11_UTC190426224708.sgy,FORGE_78-32_iDASv3-P11_UTC190426224708,2.0,4.0,273,678,1000.0
136,utah_2019__FORGE_78-32_iDASv3-P11_UTC190426224708,utah_2019,utah_2019,utah_2019_2,noise,0,/home/ted1204/MS_Detection_Datamaker/MS_datamaker_UTAH_2019/data/noise/FORGE_78-32_iDASv3-P11_UTC190426224708.sgy,FORGE_78-32_iDASv3-P11_UTC190426224708.sgy,FORGE_78-32_iDASv3-P11_UTC190426224708,3.0,5.0,273,678,1000.0
137,utah_2019__FORGE_78-32_iDASv3-P11_UTC190426224708,utah_2019,utah_2019,utah_2019_2,noise,0,/home/ted1204/MS_Detection_Datamaker/MS_datamaker_UTAH_2019/data/noise/FORGE_78-32_iDASv3-P11_UTC190426224708.sgy,FORGE_78-32_iDASv3-P11_UTC190426224708.sgy,FORGE_78-32_iDASv3-P11_UTC190426224708,4.0,6.0,273,678,1000.0
138,utah_2019__FORGE_78-32_iDASv3-P11_UTC190426224708,utah_2019,utah_2019,utah_2019_2,noise,0,/home/ted1204/MS_Detection_Datamaker/MS_datamaker_UTAH_2019/data/noise/FORGE_78-32_iDASv3-P11_UTC190426224708.sgy,FORGE_78-32_iDASv3-P11_UTC190426224708.sgy,FORGE_78-32_iDASv3-P11_UTC190426224708,5.0,7.0,273,678,1000.0
139,utah_2019__FORGE_78-32_iDASv3-P11_UTC190426224708,utah_2019,utah_2019,utah_2019_2,noise,0,/home/ted1204/MS_Detection_Datamaker/MS_datamaker_UTAH_2019/data/noise/FORGE_78-32_iDASv3-P11_UTC190426224708.sgy,FORGE_78-32_iDASv3-P11_UTC190426224708.sgy,FORGE_78-32_iDASv3-P11_UTC190426224708,6.0,8.0,273,678,1000.0
140,utah_2019__FORGE_78-32_iDASv3-P11_UTC190426224708,utah_2019,utah_2019,utah_2019_2,noise,0,/home/ted1204/MS_Detection_Datamaker/MS_datamaker_UTAH_2019/data/noise/FORGE_78-32_iDASv3-P11_UTC190426224708.sgy,FORGE_78-32_iDASv3-P11_UTC190426224708.sgy,FORGE_78-32_iDASv3-P11_UTC190426224708,10.0,12.0,273,678,1000.0
141,utah_2019__FORGE_78-32_iDASv3-P11_UTC190426224708,utah_2019,utah_2019,utah_2019_2,noise,0,/home/ted1204/MS_Detection_Datamaker/MS_datamaker_UTAH_2019/data/noise/FORGE_78-32_iDASv3-P11_UTC190426224708.sgy,FORGE_78-32_iDASv3-P11_UTC190426224708.sgy,FORGE_78-32_iDASv3-P11_UTC190426224708,11.0,13.0,273,678,1000.0
142,utah_2019__FORGE_78-32_iDASv3-P11_UTC190426224708,utah_2019,utah_2019,utah_2019_2,noise,0,/home/ted1204/MS_Detection_Datamaker/MS_datamaker_UTAH_2019/data/noise/FORGE_78-32_iDASv3-P11_UTC190426224708.sgy,FORGE_78-32_iDASv3-P11_UTC190426224708.sgy,FORGE_78-32_iDASv3-P11_UTC190426224708,13.0,15.0,273,678,1000.0
143,utah_2019__FORGE_78-32_iDASv3-P11_UTC190426224708,utah_2019,utah_2019,utah_2019_2,noise,0,/home/ted1204/MS_Detection_Datamaker/MS_datamaker_UTAH_2019/data/noise/FORGE_78-32_iDASv3-P11_UTC190426224708.sgy,FORGE_78-32_iDASv3-P11_UTC190426224708.sgy,FORGE_78-32_iDASv3-P11_UTC190426224708,14.0,16.0,273,678,1000.0
144,utah_2019__FORGE_78-32_iDASv3-P11_UTC190426224708,utah_2019,utah_2019,utah_2019_2,noise,0,/home/ted1204/MS_Detection_Datamaker/MS_datamaker_UTAH_2019/data/noise/FORGE_78-32_iDASv3-P11_UTC190426224708.sgy,FORGE_78-32_iDASv3-P11_UTC190426224708.sgy,FORGE_78-32_iDASv3-P11_UTC190426224708,15.0,17.0,273,678,1000.0
145,utah_2019__FORGE_78-32_iDASv3-P11_UTC190426224708,utah_2019,utah_2019,utah_2019_2,noise,0,/home/ted1204/MS_Detection_Datamaker/MS_datamaker_UTAH_2019/data/noise/FORGE_78-32_iDASv3-P11_UTC190426224708.sgy,FORGE_78-32_iDASv3-P11_UTC190426224708.sgy,FORGE_78-32_iDASv3-P11_UTC190426224708,16.0,18.0,273,678,1000.0
146,utah_2019__FORGE_78-32_iDASv3-P11_UTC190426224708,utah_2019,utah_2019,utah_2019_2,noise,0,/home/ted1204/MS_Detection_Datamaker/MS_datamaker_UTAH_2019/data/noise/FORGE_78-32_iDASv3-P11_UTC190426224708.sgy,FORGE_78-32_iDASv3-P11_UTC190426224708.sgy,FORGE_78-32_iDASv3-P11_UTC190426224708,23.0,25.0,273,678,1000.0
147,utah_2019__FORGE_78-32_iDASv3-P11_UTC190426224708,utah_2019,utah_2019,utah_2019_2,noise,0,/home/ted1204/MS_Detection_Datamaker/MS_datamaker_UTAH_2019/data/noise/FORGE_78-32_iDASv3-P11_UTC190426224708.sgy,FORGE_78-32_iDASv3-P11_UTC190426224708.sgy,FORGE_78-32_iDASv3-P11_UTC190426224708,24.0,26.0,273,678,1000.0
148,utah_2019__FORGE_78-32_iDASv3-P11_UTC190426224708,utah_2019,utah_2019,utah_2019_2,noise,0,/home/ted1204/MS_Detection_Datamaker/MS_datamaker_UTAH_2019/data/noise/FORGE_78-32_iDASv3-P11_UTC190426224708.sgy,FORGE_78-32_iDASv3-P11_UTC190426224708.sgy,FORGE_78-32_iDASv3-P11_UTC190426224708,25.0,27.0,273,678,1000.0
149,utah_2019__FORGE_78-32_iDASv3-P11_UTC190426224708,utah_2019,utah_2019,utah_2019_2,noise,0,/home/ted1204/MS_Detection_Datamaker/MS_datamaker_UTAH_2019/data/noise/FORGE_78-32_iDASv3-P11_UTC190426224708.sgy,FORGE_78-32_iDASv3-P11_UTC190426224708.sgy,FORGE_78-32_iDASv3-P11_UTC190426224708,28.0,30.0,273,678,1000.0
150,utah_2019__FORGE_78-32_iDASv3-P11_UTC190426232553,utah_2019,utah_2019,utah_2019_1,noise,0,/home/ted1204/MS_Detection_Datamaker/MS_datamaker_UTAH_2019/data/noise/FORGE_78-32_iDASv3-P11_UTC190426232553.sgy,FORGE_78-32_iDASv3-P11_UTC190426232553.sgy,FORGE_78-32_iDASv3-P11_UTC190426232553,2.0,4.0,679,1084,1000.0
151,utah_2019__FORGE_78-32_iDASv3-P11_UTC190426232553,utah_2019,utah_2019,utah_2019_1,noise,0,/home/ted1204/MS_Detection_Datamaker/MS_datamaker_UTAH_2019/data/noise/FORGE_78-32_iDASv3-P11_UTC190426232553.sgy,FORGE_78-32_iDASv3-P11_UTC190426232553.sgy,FORGE_78-32_iDASv3-P11_UTC190426232553,4.0,6.0,679,1084,1000.0
152,utah_2019__FORGE_78-32_iDASv3-P11_UTC190426232553,utah_2019,utah_2019,utah_2019_1,noise,0,/home/ted1204/MS_Detection_Datamaker/MS_datamaker_UTAH_2019/data/noise/FORGE_78-32_iDASv3-P11_UTC190426232553.sgy,FORGE_78-32_iDASv3-P11_UTC190426232553.sgy,FORGE_78-32_iDASv3-P11_UTC190426232553,6.0,8.0,679,1084,1000.0
153,utah_2019__FORGE_78-32_iDASv3-P11_UTC190426232553,utah_2019,utah_2019,utah_2019_1,noise,0,/home/ted1204/MS_Detection_Datamaker/MS_datamaker_UTAH_2019/data/noise/FORGE_78-32_iDASv3-P11_UTC190426232553.sgy,FORGE_78-32_iDASv3-P11_UTC190426232553.sgy,FORGE_78-32_iDASv3-P11_UTC190426232553,7.0,9.0,679,1084,1000.0
154,utah_2019__FORGE_78-32_iDASv3-P11_UTC190426232553,utah_2019,utah_2019,utah_2019_1,noise,0,/home/ted1204/MS_Detection_Datamaker/MS_datamaker_UTAH_2019/data/noise/FORGE_78-32_iDASv3-P11_UTC190426232553.sgy,FORGE_78-32_iDASv3-P11_UTC190426232553.sgy,FORGE_78-32_iDASv3-P11_UTC190426232553,10.0,12.0,679,1084,1000.0
155,utah_2019__FORGE_78-32_iDASv3-P11_UTC190426232553,utah_2019,utah_2019,utah_2019_1,noise,0,/home/ted1204/MS_Detection_Datamaker/MS_datamaker_UTAH_2019/data/noise/FORGE_78-32_iDASv3-P11_UTC190426232553.sgy,FORGE_78-32_iDASv3-P11_UTC190426232553.sgy,FORGE_78-32_iDASv3-P11_UTC190426232553,11.0,13.0,679,1084,1000.0
156,utah_2019__FORGE_78-32_iDASv3-P11_UTC190426232553,utah_2019,utah_2019,utah_2019_1,noise,0,/home/ted1204/MS_Detection_Datamaker/MS_datamaker_UTAH_2019/data/noise/FORGE_78-32_iDASv3-P11_UTC190426232553.sgy,FORGE_78-32_iDASv3-P11_UTC190426232553.sgy,FORGE_78-32_iDASv3-P11_UTC190426232553,12.0,14.0,679,1084,1000.0
157,utah_2019__FORGE_78-32_iDASv3-P11_UTC190426232553,utah_2019,utah_2019,utah_2019_1,noise,0,/home/ted1204/MS_Detection_Datamaker/MS_datamaker_UTAH_2019/data/noise/FORGE_78-32_iDASv3-P11_UTC190426232553.sgy,FORGE_78-32_iDASv3-P11_UTC190426232553.sgy,FORGE_78-32_iDASv3-P11_UTC190426232553,13.0,15.0,679,1084,1000.0
158,utah_2019__FORGE_78-32_iDASv3-P11_UTC190426232553,utah_2019,utah_2019,utah_2019_1,noise,0,/home/ted1204/MS_Detection_Datamaker/MS_datamaker_UTAH_2019/data/noise/FORGE_78-32_iDASv3-P11_UTC190426232553.sgy,FORGE_78-32_iDASv3-P11_UTC190426232553.sgy,FORGE_78-32_iDASv3-P11_UTC190426232553,14.0,16.0,679,1084,1000.0
159,utah_2019__FORGE_78-32_iDASv3-P11_UTC190426232553,utah_2019,utah_2019,utah_2019_1,noise,0,/home/ted1204/MS_Detection_Datamaker/MS_datamaker_UTAH_2019/data/noise/FORGE_78-32_iDASv3-P11_UTC190426232553.sgy,FORGE_78-32_iDASv3-P11_UTC190426232553.sgy,FORGE_78-32_iDASv3-P11_UTC190426232553,18.0,20.0,679,1084,1000.0
160,utah_2019__FORGE_78-32_iDASv3-P11_UTC190426232553,utah_2019,utah_2019,utah_2019_1,noise,0,/home/ted1204/MS_Detection_Datamaker/MS_datamaker_UTAH_2019/data/noise/FORGE_78-32_iDASv3-P11_UTC190426232553.sgy,FORGE_78-32_iDASv3-P11_UTC190426232553.sgy,FORGE_78-32_iDASv3-P11_UTC190426232553,19.0,21.0,679,1084,1000.0
161,utah_2019__FORGE_78-32_iDASv3-P11_UTC190426232553,utah_2019,utah_2019,utah_2019_1,noise,0,/home/ted1204/MS_Detection_Datamaker/MS_datamaker_UTAH_2019/data/noise/FORGE_78-32_iDASv3-P11_UTC190426232553.sgy,FORGE_78-32_iDASv3-P11_UTC190426232553.sgy,FORGE_78-32_iDASv3-P11_UTC190426232553,21.0,23.0,679,1084,1000.0
162,utah_2019__FORGE_78-32_iDASv3-P11_UTC190426232553,utah_2019,utah_2019,utah_2019_1,noise,0,/home/ted1204/MS_Detection_Datamaker/MS_datamaker_UTAH_2019/data/noise/FORGE_78-32_iDASv3-P11_UTC190426232553.sgy,FORGE_78-32_iDASv3-P11_UTC190426232553.sgy,FORGE_78-32_iDASv3-P11_UTC190426232553,23.0,25.0,679,1084,1000.0
163,utah_2019__FORGE_78-32_iDASv3-P11_UTC190426232553,utah_2019,utah_2019,utah_2019_1,noise,0,/home/ted1204/MS_Detection_Datamaker/MS_datamaker_UTAH_2019/data/noise/FORGE_78-32_iDASv3-P11_UTC190426232553.sgy,FORGE_78-32_iDASv3-P11_UTC190426232553.sgy,FORGE_78-32_iDASv3-P11_UTC190426232553,26.0,28.0,679,1084,1000.0
164,utah_2019__FORGE_78-32_iDASv3-P11_UTC190426232553,utah_2019,utah_2019,utah_2019_1,noise,0,/home/ted1204/MS_Detection_Datamaker/MS_datamaker_UTAH_2019/data/noise/FORGE_78-32_iDASv3-P11_UTC190426232553.sgy,FORGE_78-32_iDASv3-P11_UTC190426232553.sgy,FORGE_78-32_iDASv3-P11_UTC190426232553,27.0,29.0,679,1084,1000.0
165,utah_2019__FORGE_78-32_iDASv3-P11_UTC190426232553,utah_2019,utah_2019,utah_2019_2,noise,0,/home/ted1204/MS_Detection_Datamaker/MS_datamaker_UTAH_2019/data/noise/FORGE_78-32_iDASv3-P11_UTC190426232553.sgy,FORGE_78-32_iDASv3-P11_UTC190426232553.sgy,FORGE_78-32_iDASv3-P11_UTC190426232553,2.0,4.0,273,678,1000.0
166,utah_2019__FORGE_78-32_iDASv3-P11_UTC190426232553,utah_2019,utah_2019,utah_2019_2,noise,0,/home/ted1204/MS_Detection_Datamaker/MS_datamaker_UTAH_2019/data/noise/FORGE_78-32_iDASv3-P11_UTC190426232553.sgy,FORGE_78-32_iDASv3-P11_UTC190426232553.sgy,FORGE_78-32_iDASv3-P11_UTC190426232553,4.0,6.0,273,678,1000.0
167,utah_2019__FORGE_78-32_iDASv3-P11_UTC190426232553,utah_2019,utah_2019,utah_2019_2,noise,0,/home/ted1204/MS_Detection_Datamaker/MS_datamaker_UTAH_2019/data/noise/FORGE_78-32_iDASv3-P11_UTC190426232553.sgy,FORGE_78-32_iDASv3-P11_UTC190426232553.sgy,FORGE_78-32_iDASv3-P11_UTC190426232553,6.0,8.0,273,678,1000.0
168,utah_2019__FORGE_78-32_iDASv3-P11_UTC190426232553,utah_2019,utah_2019,utah_2019_2,noise,0,/home/ted1204/MS_Detection_Datamaker/MS_datamaker_UTAH_2019/data/noise/FORGE_78-32_iDASv3-P11_UTC190426232553.sgy,FORGE_78-32_iDASv3-P11_UTC190426232553.sgy,FORGE_78-32_iDASv3-P11_UTC190426232553,7.0,9.0,273,678,1000.0
169,utah_2019__FORGE_78-32_iDASv3-P11_UTC190426232553,utah_2019,utah_2019,utah_2019_2,noise,0,/home/ted1204/MS_Detection_Datamaker/MS_datamaker_UTAH_2019/data/noise/FORGE_78-32_iDASv3-P11_UTC190426232553.sgy,FORGE_78-32_iDASv3-P11_UTC190426232553.sgy,FORGE_78-32_iDASv3-P11_UTC190426232553,10.0,12.0,273,678,1000.0
170,utah_2019__FORGE_78-32_iDASv3-P11_UTC190426232553,utah_2019,utah_2019,utah_2019_2,noise,0,/home/ted1204/MS_Detection_Datamaker/MS_datamaker_UTAH_2019/data/noise/FORGE_78-32_iDASv3-P11_UTC190426232553.sgy,FORGE_78-32_iDASv3-P11_UTC190426232553.sgy,FORGE_78-32_iDASv3-P11_UTC190426232553,11.0,13.0,273,678,1000.0
171,utah_2019__FORGE_78-32_iDASv3-P11_UTC190426232553,utah_2019,utah_2019,utah_2019_2,noise,0,/home/ted1204/MS_Detection_Datamaker/MS_datamaker_UTAH_2019/data/noise/FORGE_78-32_iDASv3-P11_UTC190426232553.sgy,FORGE_78-32_iDASv3-P11_UTC190426232553.sgy,FORGE_78-32_iDASv3-P11_UTC190426232553,12.0,14.0,273,678,1000.0
172,utah_2019__FORGE_78-32_iDASv3-P11_UTC190426232553,utah_2019,utah_2019,utah_2019_2,noise,0,/home/ted1204/MS_Detection_Datamaker/MS_datamaker_UTAH_2019/data/noise/FORGE_78-32_iDASv3-P11_UTC190426232553.sgy,FORGE_78-32_iDASv3-P11_UTC190426232553.sgy,FORGE_78-32_iDASv3-P11_UTC190426232553,13.0,15.0,273,678,1000.0
173,utah_2019__FORGE_78-32_iDASv3-P11_UTC190426232553,utah_2019,utah_2019,utah_2019_2,noise,0,/home/ted1204/MS_Detection_Datamaker/MS_datamaker_UTAH_2019/data/noise/FORGE_78-32_iDASv3-P11_UTC190426232553.sgy,FORGE_78-32_iDASv3-P11_UTC190426232553.sgy,FORGE_78-32_iDASv3-P11_UTC190426232553,14.0,16.0,273,678,1000.0
174,utah_2019__FORGE_78-32_iDASv3-P11_UTC190426232553,utah_2019,utah_2019,utah_2019_2,noise,0,/home/ted1204/MS_Detection_Datamaker/MS_datamaker_UTAH_2019/data/noise/FORGE_78-32_iDASv3-P11_UTC190426232553.sgy,FORGE_78-32_iDASv3-P11_UTC190426232553.sgy,FORGE_78-32_iDASv3-P11_UTC190426232553,18.0,20.0,273,678,1000.0
175,utah_2019__FORGE_78-32_iDASv3-P11_UTC190426232553,utah_2019,utah_2019,utah_2019_2,noise,0,/home/ted1204/MS_Detection_Datamaker/MS_datamaker_UTAH_2019/data/noise/FORGE_78-32_iDASv3-P11_UTC190426232553.sgy,FORGE_78-32_iDASv3-P11_UTC190426232553.sgy,FORGE_78-32_iDASv3-P11_UTC190426232553,19.0,21.0,273,678,1000.0
176,utah_2019__FORGE_78-32_iDASv3-P11_UTC190426232553,utah_2019,utah_2019,utah_2019_2,noise,0,/home/ted1204/MS_Detection_Datamaker/MS_datamaker_UTAH_2019/data/noise/FORGE_78-32_iDASv3-P11_UTC190426232553.sgy,FORGE_78-32_iDASv3-P11_UTC190426232553.sgy,FORGE_78-32_iDASv3-P11_UTC190426232553,21.0,23.0,273,678,1000.0
177,utah_2019__FORGE_78-32_iDASv3-P11_UTC190426232553,utah_2019,utah_2019,utah_2019_2,noise,0,/home/ted1204/MS_Detection_Datamaker/MS_datamaker_UTAH_2019/data/noise/FORGE_78-32_iDASv3-P11_UTC190426232553.sgy,FORGE_78-32_iDASv3-P11_UTC190426232553.sgy,FORGE_78-32_iDASv3-P11_UTC190426232553,23.0,25.0,273,678,1000.0
178,utah_2019__FORGE_78-32_iDASv3-P11_UTC190426232553,utah_2019,utah_2019,utah_2019_2,noise,0,/home/ted1204/MS_Detection_Datamaker/MS_datamaker_UTAH_2019/data/noise/FORGE_78-32_iDASv3-P11_UTC190426232553.sgy,FORGE_78-32_iDASv3-P11_UTC190426232553.sgy,FORGE_78-32_iDASv3-P11_UTC190426232553,26.0,28.0,273,678,1000.0
179,utah_2019__FORGE_78-32_iDASv3-P11_UTC190426232553,utah_2019,utah_2019,utah_2019_2,noise,0,/home/ted1204/MS_Detection_Datamaker/MS_datamaker_UTAH_2019/data/noise/FORGE_78-32_iDASv3-P11_UTC190426232553.sgy,FORGE_78-32_iDASv3-P11_UTC190426232553.sgy,FORGE_78-32_iDASv3-P11_UTC190426232553,27.0,29.0,273,678,1000.0
180,utah_2019__FORGE_78-32_iDASv3-P11_UTC190426232708,utah_2019,utah_2019,utah_2019_1,noise,0,/home/ted1204/MS_Detection_Datamaker/MS_datamaker_UTAH_2019/data/noise/FORGE_78-32_iDASv3-P11_UTC190426232708.sgy,FORGE_78-32_iDASv3-P11_UTC190426232708.sgy,FORGE_78-32_iDASv3-P11_UTC190426232708,1.0,3.0,679,1084,1000.0
181,utah_2019__FORGE_78-32_iDASv3-P11_UTC190426232708,utah_2019,utah_2019,utah_2019_1,noise,0,/home/ted1204/MS_Detection_Datamaker/MS_datamaker_UTAH_2019/data/noise/FORGE_78-32_iDASv3-P11_UTC190426232708.sgy,FORGE_78-32_iDASv3-P11_UTC190426232708.sgy,FORGE_78-32_iDASv3-P11_UTC190426232708,5.0,7.0,679,1084,1000.0
182,utah_2019__FORGE_78-32_iDASv3-P11_UTC190426232708,utah_2019,utah_2019,utah_2019_1,noise,0,/home/ted1204/MS_Detection_Datamaker/MS_datamaker_UTAH_2019/data/noise/FORGE_78-32_iDASv3-P11_UTC190426232708.sgy,FORGE_78-32_iDASv3-P11_UTC190426232708.sgy,FORGE_78-32_iDASv3-P11_UTC190426232708,7.0,9.0,679,1084,1000.0
183,utah_2019__FORGE_78-32_iDASv3-P11_UTC190426232708,utah_2019,utah_2019,utah_2019_1,noise,0,/home/ted1204/MS_Detection_Datamaker/MS_datamaker_UTAH_2019/data/noise/FORGE_78-32_iDASv3-P11_UTC190426232708.sgy,FORGE_78-32_iDASv3-P11_UTC190426232708.sgy,FORGE_78-32_iDASv3-P11_UTC190426232708,11.0,13.0,679,1084,1000.0
184,utah_2019__FORGE_78-32_iDASv3-P11_UTC190426232708,utah_2019,utah_2019,utah_2019_1,noise,0,/home/ted1204/MS_Detection_Datamaker/MS_datamaker_UTAH_2019/data/noise/FORGE_78-32_iDASv3-P11_UTC190426232708.sgy,FORGE_78-32_iDASv3-P11_UTC190426232708.sgy,FORGE_78-32_iDASv3-P11_UTC190426232708,13.0,15.0,679,1084,1000.0
185,utah_2019__FORGE_78-32_iDASv3-P11_UTC190426232708,utah_2019,utah_2019,utah_2019_1,noise,0,/home/ted1204/MS_Detection_Datamaker/MS_datamaker_UTAH_2019/data/noise/FORGE_78-32_iDASv3-P11_UTC190426232708.sgy,FORGE_78-32_iDASv3-P11_UTC190426232708.sgy,FORGE_78-32_iDASv3-P11_UTC190426232708,16.0,18.0,679,1084,1000.0
186,utah_2019__FORGE_78-32_iDASv3-P11_UTC190426232708,utah_2019,utah_2019,utah_2019_1,noise,0,/home/ted1204/MS_Detection_Datamaker/MS_datamaker_UTAH_2019/data/noise/FORGE_78-32_iDASv3-P11_UTC190426232708.sgy,FORGE_78-32_iDASv3-P11_UTC190426232708.sgy,FORGE_78-32_iDASv3-P11_UTC190426232708,19.0,21.0,679,1084,1000.0
187,utah_2019__FORGE_78-32_iDASv3-P11_UTC190426232708,utah_2019,utah_2019,utah_2019_1,noise,0,/home/ted1204/MS_Detection_Datamaker/MS_datamaker_UTAH_2019/data/noise/FORGE_78-32_iDASv3-P11_UTC190426232708.sgy,FORGE_78-32_iDASv3-P11_UTC190426232708.sgy,FORGE_78-32_iDASv3-P11_UTC190426232708,20.0,22.0,679,1084,1000.0
188,utah_2019__FORGE_78-32_iDASv3-P11_UTC190426232708,utah_2019,utah_2019,utah_2019_1,noise,0,/home/ted1204/MS_Detection_Datamaker/MS_datamaker_UTAH_2019/data/noise/FORGE_78-32_iDASv3-P11_UTC190426232708.sgy,FORGE_78-32_iDASv3-P11_UTC190426232708.sgy,FORGE_78-32_iDASv3-P11_UTC190426232708,21.0,23.0,679,1084,1000.0
189,utah_2019__FORGE_78-32_iDASv3-P11_UTC190426232708,utah_2019,utah_2019,utah_2019_1,noise,0,/home/ted1204/MS_Detection_Datamaker/MS_datamaker_UTAH_2019/data/noise/FORGE_78-32_iDASv3-P11_UTC190426232708.sgy,FORGE_78-32_iDASv3-P11_UTC190426232708.sgy,FORGE_78-32_iDASv3-P11_UTC190426232708,22.0,24.0,679,1084,1000.0
190,utah_2019__FORGE_78-32_iDASv3-P11_UTC190426232708,utah_2019,utah_2019,utah_2019_1,noise,0,/home/ted1204/MS_Detection_Datamaker/MS_datamaker_UTAH_2019/data/noise/FORGE_78-32_iDASv3-P11_UTC190426232708.sgy,FORGE_78-32_iDASv3-P11_UTC190426232708.sgy,FORGE_78-32_iDASv3-P11_UTC190426232708,23.0,25.0,679,1084,1000.0
191,utah_2019__FORGE_78-32_iDASv3-P11_UTC190426232708,utah_2019,utah_2019,utah_2019_1,noise,0,/home/ted1204/MS_Detection_Datamaker/MS_datamaker_UTAH_2019/data/noise/FORGE_78-32_iDASv3-P11_UTC190426232708.sgy,FORGE_78-32_iDASv3-P11_UTC190426232708.sgy,FORGE_78-32_iDASv3-P11_UTC190426232708,25.0,27.0,679,1084,1000.0
192,utah_2019__FORGE_78-32_iDASv3-P11_UTC190426232708,utah_2019,utah_2019,utah_2019_1,noise,0,/home/ted1204/MS_Detection_Datamaker/MS_datamaker_UTAH_2019/data/noise/FORGE_78-32_iDASv3-P11_UTC190426232708.sgy,FORGE_78-32_iDASv3-P11_UTC190426232708.sgy,FORGE_78-32_iDASv3-P11_UTC190426232708,26.0,28.0,679,1084,1000.0
193,utah_2019__FORGE_78-32_iDASv3-P11_UTC190426232708,utah_2019,utah_2019,utah_2019_1,noise,0,/home/ted1204/MS_Detection_Datamaker/MS_datamaker_UTAH_2019/data/noise/FORGE_78-32_iDASv3-P11_UTC190426232708.sgy,FORGE_78-32_iDASv3-P11_UTC190426232708.sgy,FORGE_78-32_iDASv3-P11_UTC190426232708,27.0,29.0,679,1084,1000.0
194,utah_2019__FORGE_78-32_iDASv3-P11_UTC190426232708,utah_2019,utah_2019,utah_2019_1,noise,0,/home/ted1204/MS_Detection_Datamaker/MS_datamaker_UTAH_2019/data/noise/FORGE_78-32_iDASv3-P11_UTC190426232708.sgy,FORGE_78-32_iDASv3-P11_UTC190426232708.sgy,FORGE_78-32_iDASv3-P11_UTC190426232708,28.0,30.0,679,1084,1000.0
195,utah_2019__FORGE_78-32_iDASv3-P11_UTC190426232708,utah_2019,utah_2019,utah_2019_2,noise,0,/home/ted1204/MS_Detection_Datamaker/MS_datamaker_UTAH_2019/data/noise/FORGE_78-32_iDASv3-P11_UTC190426232708.sgy,FORGE_78-32_iDASv3-P11_UTC190426232708.sgy,FORGE_78-32_iDASv3-P11_UTC190426232708,1.0,3.0,273,678,1000.0
196,utah_2019__FORGE_78-32_iDASv3-P11_UTC190426232708,utah_2019,utah_2019,utah_2019_2,noise,0,/home/ted1204/MS_Detection_Datamaker/MS_datamaker_UTAH_2019/data/noise/FORGE_78-32_iDASv3-P11_UTC190426232708.sgy,FORGE_78-32_iDASv3-P11_UTC190426232708.sgy,FORGE_78-32_iDASv3-P11_UTC190426232708,5.0,7.0,273,678,1000.0
197,utah_2019__FORGE_78-32_iDASv3-P11_UTC190426232708,utah_2019,utah_2019,utah_2019_2,noise,0,/home/ted1204/MS_Detection_Datamaker/MS_datamaker_UTAH_2019/data/noise/FORGE_78-32_iDASv3-P11_UTC190426232708.sgy,FORGE_78-32_iDASv3-P11_UTC190426232708.sgy,FORGE_78-32_iDASv3-P11_UTC190426232708,7.0,9.0,273,678,1000.0
198,utah_2019__FORGE_78-32_iDASv3-P11_UTC190426232708,utah_2019,utah_2019,utah_2019_2,noise,0,/home/ted1204/MS_Detection_Datamaker/MS_datamaker_UTAH_2019/data/noise/FORGE_78-32_iDASv3-P11_UTC190426232708.sgy,FORGE_78-32_iDASv3-P11_UTC190426232708.sgy,FORGE_78-32_iDASv3-P11_UTC190426232708,11.0,13.0,273,678,1000.0
199,utah_2019__FORGE_78-32_iDASv3-P11_UTC190426232708,utah_2019,utah_2019,utah_2019_2,noise,0,/home/ted1204/MS_Detection_Datamaker/MS_datamaker_UTAH_2019/data/noise/FORGE_78-32_iDASv3-P11_UTC190426232708.sgy,FORGE_78-32_iDASv3-P11_UTC190426232708.sgy,FORGE_78-32_iDASv3-P11_UTC190426232708,13.0,15.0,273,678,1000.0
200,utah_2019__FORGE_78-32_iDASv3-P11_UTC190426232708,utah_2019,utah_2019,utah_2019_2,noise,0,/home/ted1204/MS_Detection_Datamaker/MS_datamaker_UTAH_2019/data/noise/FORGE_78-32_iDASv3-P11_UTC190426232708.sgy,FORGE_78-32_iDASv3-P11_UTC190426232708.sgy,FORGE_78-32_iDASv3-P11_UTC190426232708,16.0,18.0,273,678,1000.0
201,utah_2019__FORGE_78-32_iDASv3-P11_UTC190426232708,utah_2019,utah_2019,utah_2019_2,noise,0,/home/ted1204/MS_Detection_Datamaker/MS_datamaker_UTAH_2019/data/noise/FORGE_78-32_iDASv3-P11_UTC190426232708.sgy,FORGE_78-32_iDASv3-P11_UTC190426232708.sgy,FORGE_78-32_iDASv3-P11_UTC190426232708,19.0,21.0,273,678,1000.0
202,utah_2019__FORGE_78-32_iDASv3-P11_UTC190426232708,utah_2019,utah_2019,utah_2019_2,noise,0,/home/ted1204/MS_Detection_Datamaker/MS_datamaker_UTAH_2019/data/noise/FORGE_78-32_iDASv3-P11_UTC190426232708.sgy,FORGE_78-32_iDASv3-P11_UTC190426232708.sgy,FORGE_78-32_iDASv3-P11_UTC190426232708,20.0,22.0,273,678,1000.0
203,utah_2019__FORGE_78-32_iDASv3-P11_UTC190426232708,utah_2019,utah_2019,utah_2019_2,noise,0,/home/ted1204/MS_Detection_Datamaker/MS_datamaker_UTAH_2019/data/noise/FORGE_78-32_iDASv3-P11_UTC190426232708.sgy,FORGE_78-32_iDASv3-P11_UTC190426232708.sgy,FORGE_78-32_iDASv3-P11_UTC190426232708,21.0,23.0,273,678,1000.0
204,utah_2019__FORGE_78-32_iDASv3-P11_UTC190426232708,utah_2019,utah_2019,utah_2019_2,noise,0,/home/ted1204/MS_Detection_Datamaker/MS_datamaker_UTAH_2019/data/noise/FORGE_78-32_iDASv3-P11_UTC190426232708.sgy,FORGE_78-32_iDASv3-P11_UTC190426232708.sgy,FORGE_78-32_iDASv3-P11_UTC190426232708,22.0,24.0,273,678,1000.0
205,utah_2019__FORGE_78-32_iDASv3-P11_UTC190426232708,utah_2019,utah_2019,utah_2019_2,noise,0,/home/ted1204/MS_Detection_Datamaker/MS_datamaker_UTAH_2019/data/noise/FORGE_78-32_iDASv3-P11_UTC190426232708.sgy,FORGE_78-32_iDASv3-P11_UTC190426232708.sgy,FORGE_78-32_iDASv3-P11_UTC190426232708,23.0,25.0,273,678,1000.0
206,utah_2019__FORGE_78-32_iDASv3-P11_UTC190426232708,utah_2019,utah_2019,utah_2019_2,noise,0,/home/ted1204/MS_Detection_Datamaker/MS_datamaker_UTAH_2019/data/noise/FORGE_78-32_iDASv3-P11_UTC190426232708.sgy,FORGE_78-32_iDASv3-P11_UTC190426232708.sgy,FORGE_78-32_iDASv3-P11_UTC190426232708,25.0,27.0,273,678,1000.0
207,utah_2019__FORGE_78-32_iDASv3-P11_UTC190426232708,utah_2019,utah_2019,utah_2019_2,noise,0,/home/ted1204/MS_Detection_Datamaker/MS_datamaker_UTAH_2019/data/noise/FORGE_78-32_iDASv3-P11_UTC190426232708.sgy,FORGE_78-32_iDASv3-P11_UTC190426232708.sgy,FORGE_78-32_iDASv3-P11_UTC190426232708,26.0,28.0,273,678,1000.0
208,utah_2019__FORGE_78-32_iDASv3-P11_UTC190426232708,utah_2019,utah_2019,utah_2019_2,noise,0,/home/ted1204/MS_Detection_Datamaker/MS_datamaker_UTAH_2019/data/noise/FORGE_78-32_iDASv3-P11_UTC190426232708.sgy,FORGE_78-32_iDASv3-P11_UTC190426232708.sgy,FORGE_78-32_iDASv3-P11_UTC190426232708,27.0,29.0,273,678,1000.0
209,utah_2019__FORGE_78-32_iDASv3-P11_UTC190426232708,utah_2019,utah_2019,utah_2019_2,noise,0,/home/ted1204/MS_Detection_Datamaker/MS_datamaker_UTAH_2019/data/noise/FORGE_78-32_iDASv3-P11_UTC190426232708.sgy,FORGE_78-32_iDASv3-P11_UTC190426232708.sgy,FORGE_78-32_iDASv3-P11_UTC190426232708,28.0,30.0,273,678,1000.0
210,utah_2019__FORGE_78-32_iDASv3-P11_UTC190426232838,utah_2019,utah_2019,utah_2019_1,noise,0,/home/ted1204/MS_Detection_Datamaker/MS_datamaker_UTAH_2019/data/noise/FORGE_78-32_iDASv3-P11_UTC190426232838.sgy,FORGE_78-32_iDASv3-P11_UTC190426232838.sgy,FORGE_78-32_iDASv3-P11_UTC190426232838,1.0,3.0,679,1084,1000.0
211,utah_2019__FORGE_78-32_iDASv3-P11_UTC190426232838,utah_2019,utah_2019,utah_2019_1,noise,0,/home/ted1204/MS_Detection_Datamaker/MS_datamaker_UTAH_2019/data/noise/FORGE_78-32_iDASv3-P11_UTC190426232838.sgy,FORGE_78-32_iDASv3-P11_UTC190426232838.sgy,FORGE_78-32_iDASv3-P11_UTC190426232838,2.0,4.0,679,1084,1000.0
212,utah_2019__FORGE_78-32_iDASv3-P11_UTC190426232838,utah_2019,utah_2019,utah_2019_1,noise,0,/home/ted1204/MS_Detection_Datamaker/MS_datamaker_UTAH_2019/data/noise/FORGE_78-32_iDASv3-P11_UTC190426232838.sgy,FORGE_78-32_iDASv3-P11_UTC190426232838.sgy,FORGE_78-32_iDASv3-P11_UTC190426232838,4.0,6.0,679,1084,1000.0
213,utah_2019__FORGE_78-32_iDASv3-P11_UTC190426232838,utah_2019,utah_2019,utah_2019_1,noise,0,/home/ted1204/MS_Detection_Datamaker/MS_datamaker_UTAH_2019/data/noise/FORGE_78-32_iDASv3-P11_UTC190426232838.sgy,FORGE_78-32_iDASv3-P11_UTC190426232838.sgy,FORGE_78-32_iDASv3-P11_UTC190426232838,5.0,7.0,679,1084,1000.0
214,utah_2019__FORGE_78-32_iDASv3-P11_UTC190426232838,utah_2019,utah_2019,utah_2019_1,noise,0,/home/ted1204/MS_Detection_Datamaker/MS_datamaker_UTAH_2019/data/noise/FORGE_78-32_iDASv3-P11_UTC190426232838.sgy,FORGE_78-32_iDASv3-P11_UTC190426232838.sgy,FORGE_78-32_iDASv3-P11_UTC190426232838,6.0,8.0,679,1084,1000.0
215,utah_2019__FORGE_78-32_iDASv3-P11_UTC190426232838,utah_2019,utah_2019,utah_2019_1,noise,0,/home/ted1204/MS_Detection_Datamaker/MS_datamaker_UTAH_2019/data/noise/FORGE_78-32_iDASv3-P11_UTC190426232838.sgy,FORGE_78-32_iDASv3-P11_UTC190426232838.sgy,FORGE_78-32_iDASv3-P11_UTC190426232838,8.0,10.0,679,1084,1000.0
216,utah_2019__FORGE_78-32_iDASv3-P11_UTC190426232838,utah_2019,utah_2019,utah_2019_1,noise,0,/home/ted1204/MS_Detection_Datamaker/MS_datamaker_UTAH_2019/data/noise/FORGE_78-32_iDASv3-P11_UTC190426232838.sgy,FORGE_78-32_iDASv3-P11_UTC190426232838.sgy,FORGE_78-32_iDASv3-P11_UTC190426232838,9.0,11.0,679,1084,1000.0
217,utah_2019__FORGE_78-32_iDASv3-P11_UTC190426232838,utah_2019,utah_2019,utah_2019_1,noise,0,/home/ted1204/MS_Detection_Datamaker/MS_datamaker_UTAH_2019/data/noise/FORGE_78-32_iDASv3-P11_UTC190426232838.sgy,FORGE_78-32_iDASv3-P11_UTC190426232838.sgy,FORGE_78-32_iDASv3-P11_UTC190426232838,12.0,14.0,679,1084,1000.0
218,utah_2019__FORGE_78-32_iDASv3-P11_UTC190426232838,utah_2019,utah_2019,utah_2019_1,noise,0,/home/ted1204/MS_Detection_Datamaker/MS_datamaker_UTAH_2019/data/noise/FORGE_78-32_iDASv3-P11_UTC190426232838.sgy,FORGE_78-32_iDASv3-P11_UTC190426232838.sgy,FORGE_78-32_iDASv3-P11_UTC190426232838,14.0,16.0,679,1084,1000.0
219,utah_2019__FORGE_78-32_iDASv3-P11_UTC190426232838,utah_2019,utah_2019,utah_2019_1,noise,0,/home/ted1204/MS_Detection_Datamaker/MS_datamaker_UTAH_2019/data/noise/FORGE_78-32_iDASv3-P11_UTC190426232838.sgy,FORGE_78-32_iDASv3-P11_UTC190426232838.sgy,FORGE_78-32_iDASv3-P11_UTC190426232838,17.0,19.0,679,1084,1000.0
220,utah_2019__FORGE_78-32_iDASv3-P11_UTC190426232838,utah_2019,utah_2019,utah_2019_1,noise,0,/home/ted1204/MS_Detection_Datamaker/MS_datamaker_UTAH_2019/data/noise/FORGE_78-32_iDASv3-P11_UTC190426232838.sgy,FORGE_78-32_iDASv3-P11_UTC190426232838.sgy,FORGE_78-32_iDASv3-P11_UTC190426232838,18.0,20.0,679,1084,1000.0
221,utah_2019__FORGE_78-32_iDASv3-P11_UTC190426232838,utah_2019,utah_2019,utah_2019_1,noise,0,/home/ted1204/MS_Detection_Datamaker/MS_datamaker_UTAH_2019/data/noise/FORGE_78-32_iDASv3-P11_UTC190426232838.sgy,FORGE_78-32_iDASv3-P11_UTC190426232838.sgy,FORGE_78-32_iDASv3-P11_UTC190426232838,21.0,23.0,679,1084,1000.0
222,utah_2019__FORGE_78-32_iDASv3-P11_UTC190426232838,utah_2019,utah_2019,utah_2019_1,noise,0,/home/ted1204/MS_Detection_Datamaker/MS_datamaker_UTAH_2019/data/noise/FORGE_78-32_iDASv3-P11_UTC190426232838.sgy,FORGE_78-32_iDASv3-P11_UTC190426232838.sgy,FORGE_78-32_iDASv3-P11_UTC190426232838,22.0,24.0,679,1084,1000.0
223,utah_2019__FORGE_78-32_iDASv3-P11_UTC190426232838,utah_2019,utah_2019,utah_2019_1,noise,0,/home/ted1204/MS_Detection_Datamaker/MS_datamaker_UTAH_2019/data/noise/FORGE_78-32_iDASv3-P11_UTC190426232838.sgy,FORGE_78-32_iDASv3-P11_UTC190426232838.sgy,FORGE_78-32_iDASv3-P11_UTC190426232838,24.0,26.0,679,1084,1000.0
224,utah_2019__FORGE_78-32_iDASv3-P11_UTC190426232838,utah_2019,utah_2019,utah_2019_1,noise,0,/home/ted1204/MS_Detection_Datamaker/MS_datamaker_UTAH_2019/data/noise/FORGE_78-32_iDASv3-P11_UTC190426232838.sgy,FORGE_78-32_iDASv3-P11_UTC190426232838.sgy,FORGE_78-32_iDASv3-P11_UTC190426232838,28.0,30.0,679,1084,1000.0
225,utah_2019__FORGE_78-32_iDASv3-P11_UTC190426232838,utah_2019,utah_2019,utah_2019_2,noise,0,/home/ted1204/MS_Detection_Datamaker/MS_datamaker_UTAH_2019/data/noise/FORGE_78-32_iDASv3-P11_UTC190426232838.sgy,FORGE_78-32_iDASv3-P11_UTC190426232838.sgy,FORGE_78-32_iDASv3-P11_UTC190426232838,1.0,3.0,273,678,1000.0
226,utah_2019__FORGE_78-32_iDASv3-P11_UTC190426232838,utah_2019,utah_2019,utah_2019_2,noise,0,/home/ted1204/MS_Detection_Datamaker/MS_datamaker_UTAH_2019/data/noise/FORGE_78-32_iDASv3-P11_UTC190426232838.sgy,FORGE_78-32_iDASv3-P11_UTC190426232838.sgy,FORGE_78-32_iDASv3-P11_UTC190426232838,2.0,4.0,273,678,1000.0
227,utah_2019__FORGE_78-32_iDASv3-P11_UTC190426232838,utah_2019,utah_2019,utah_2019_2,noise,0,/home/ted1204/MS_Detection_Datamaker/MS_datamaker_UTAH_2019/data/noise/FORGE_78-32_iDASv3-P11_UTC190426232838.sgy,FORGE_78-32_iDASv3-P11_UTC190426232838.sgy,FORGE_78-32_iDASv3-P11_UTC190426232838,4.0,6.0,273,678,1000.0
228,utah_2019__FORGE_78-32_iDASv3-P11_UTC190426232838,utah_2019,utah_2019,utah_2019_2,noise,0,/home/ted1204/MS_Detection_Datamaker/MS_datamaker_UTAH_2019/data/noise/FORGE_78-32_iDASv3-P11_UTC190426232838.sgy,FORGE_78-32_iDASv3-P11_UTC190426232838.sgy,FORGE_78-32_iDASv3-P11_UTC190426232838,5.0,7.0,273,678,1000.0
229,utah_2019__FORGE_78-32_iDASv3-P11_UTC190426232838,utah_2019,utah_2019,utah_2019_2,noise,0,/home/ted1204/MS_Detection_Datamaker/MS_datamaker_UTAH_2019/data/noise/FORGE_78-32_iDASv3-P11_UTC190426232838.sgy,FORGE_78-32_iDASv3-P11_UTC190426232838.sgy,FORGE_78-32_iDASv3-P11_UTC190426232838,6.0,8.0,273,678,1000.0
230,utah_2019__FORGE_78-32_iDASv3-P11_UTC190426232838,utah_2019,utah_2019,utah_2019_2,noise,0,/home/ted1204/MS_Detection_Datamaker/MS_datamaker_UTAH_2019/data/noise/FORGE_78-32_iDASv3-P11_UTC190426232838.sgy,FORGE_78-32_iDASv3-P11_UTC190426232838.sgy,FORGE_78-32_iDASv3-P11_UTC190426232838,8.0,10.0,273,678,1000.0
231,utah_2019__FORGE_78-32_iDASv3-P11_UTC190426232838,utah_2019,utah_2019,utah_2019_2,noise,0,/home/ted1204/MS_Detection_Datamaker/MS_datamaker_UTAH_2019/data/noise/FORGE_78-32_iDASv3-P11_UTC190426232838.sgy,FORGE_78-32_iDASv3-P11_UTC190426232838.sgy,FORGE_78-32_iDASv3-P11_UTC190426232838,9.0,11.0,273,678,1000.0
232,utah_2019__FORGE_78-32_iDASv3-P11_UTC190426232838,utah_2019,utah_2019,utah_2019_2,noise,0,/home/ted1204/MS_Detection_Datamaker/MS_datamaker_UTAH_2019/data/noise/FORGE_78-32_iDASv3-P11_UTC190426232838.sgy,FORGE_78-32_iDASv3-P11_UTC190426232838.sgy,FORGE_78-32_iDASv3-P11_UTC190426232838,12.0,14.0,273,678,1000.0
233,utah_2019__FORGE_78-32_iDASv3-P11_UTC190426232838,utah_2019,utah_2019,utah_2019_2,noise,0,/home/ted1204/MS_Detection_Datamaker/MS_datamaker_UTAH_2019/data/noise/FORGE_78-32_iDASv3-P11_UTC190426232838.sgy,FORGE_78-32_iDASv3-P11_UTC190426232838.sgy,FORGE_78-32_iDASv3-P11_UTC190426232838,14.0,16.0,273,678,1000.0
234,utah_2019__FORGE_78-32_iDASv3-P11_UTC190426232838,utah_2019,utah_2019,utah_2019_2,noise,0,/home/ted1204/MS_Detection_Datamaker/MS_datamaker_UTAH_2019/data/noise/FORGE_78-32_iDASv3-P11_UTC190426232838.sgy,FORGE_78-32_iDASv3-P11_UTC190426232838.sgy,FORGE_78-32_iDASv3-P11_UTC190426232838,17.0,19.0,273,678,1000.0
235,utah_2019__FORGE_78-32_iDASv3-P11_UTC190426232838,utah_2019,utah_2019,utah_2019_2,noise,0,/home/ted1204/MS_Detection_Datamaker/MS_datamaker_UTAH_2019/data/noise/FORGE_78-32_iDASv3-P11_UTC190426232838.sgy,FORGE_78-32_iDASv3-P11_UTC190426232838.sgy,FORGE_78-32_iDASv3-P11_UTC190426232838,18.0,20.0,273,678,1000.0
236,utah_2019__FORGE_78-32_iDASv3-P11_UTC190426232838,utah_2019,utah_2019,utah_2019_2,noise,0,/home/ted1204/MS_Detection_Datamaker/MS_datamaker_UTAH_2019/data/noise/FORGE_78-32_iDASv3-P11_UTC190426232838.sgy,FORGE_78-32_iDASv3-P11_UTC190426232838.sgy,FORGE_78-32_iDASv3-P11_UTC190426232838,21.0,23.0,273,678,1000.0
237,utah_2019__FORGE_78-32_iDASv3-P11_UTC190426232838,utah_2019,utah_2019,utah_2019_2,noise,0,/home/ted1204/MS_Detection_Datamaker/MS_datamaker_UTAH_2019/data/noise/FORGE_78-32_iDASv3-P11_UTC190426232838.sgy,FORGE_78-32_iDASv3-P11_UTC190426232838.sgy,FORGE_78-32_iDASv3-P11_UTC190426232838,22.0,24.0,273,678,1000.0
238,utah_2019__FORGE_78-32_iDASv3-P11_UTC190426232838,utah_2019,utah_2019,utah_2019_2,noise,0,/home/ted1204/MS_Detection_Datamaker/MS_datamaker_UTAH_2019/data/noise/FORGE_78-32_iDASv3-P11_UTC190426232838.sgy,FORGE_78-32_iDASv3-P11_UTC190426232838.sgy,FORGE_78-32_iDASv3-P11_UTC190426232838,24.0,26.0,273,678,1000.0
239,utah_2019__FORGE_78-32_iDASv3-P11_UTC190426232838,utah_2019,utah_2019,utah_2019_2,noise,0,/home/ted1204/MS_Detection_Datamaker/MS_datamaker_UTAH_2019/data/noise/FORGE_78-32_iDASv3-P11_UTC190426232838.sgy,FORGE_78-32_iDASv3-P11_UTC190426232838.sgy,FORGE_78-32_iDASv3-P11_UTC190426232838,28.0,30.0,273,678,1000.0
240,utah_2019__FORGE_78-32_iDASv3-P11_UTC190427091208,utah_2019,utah_2019,utah_2019_1,noise,0,/home/ted1204/MS_Detection_Datamaker/MS_datamaker_UTAH_2019/data/noise/FORGE_78-32_iDASv3-P11_UTC190427091208.sgy,FORGE_78-32_iDASv3-P11_UTC190427091208.sgy,FORGE_78-32_iDASv3-P11_UTC190427091208,2.0,4.0,679,1084,1000.0
241,utah_2019__FORGE_78-32_iDASv3-P11_UTC190427091208,utah_2019,utah_2019,utah_2019_1,noise,0,/home/ted1204/MS_Detection_Datamaker/MS_datamaker_UTAH_2019/data/noise/FORGE_78-32_iDASv3-P11_UTC190427091208.sgy,FORGE_78-32_iDASv3-P11_UTC190427091208.sgy,FORGE_78-32_iDASv3-P11_UTC190427091208,3.0,5.0,679,1084,1000.0
242,utah_2019__FORGE_78-32_iDASv3-P11_UTC190427091208,utah_2019,utah_2019,utah_2019_1,noise,0,/home/ted1204/MS_Detection_Datamaker/MS_datamaker_UTAH_2019/data/noise/FORGE_78-32_iDASv3-P11_UTC190427091208.sgy,FORGE_78-32_iDASv3-P11_UTC190427091208.sgy,FORGE_78-32_iDASv3-P11_UTC190427091208,5.0,7.0,679,1084,1000.0
243,utah_2019__FORGE_78-32_iDASv3-P11_UTC190427091208,utah_2019,utah_2019,utah_2019_1,noise,0,/home/ted1204/MS_Detection_Datamaker/MS_datamaker_UTAH_2019/data/noise/FORGE_78-32_iDASv3-P11_UTC190427091208.sgy,FORGE_78-32_iDASv3-P11_UTC190427091208.sgy,FORGE_78-32_iDASv3-P11_UTC190427091208,6.0,8.0,679,1084,1000.0
244,utah_2019__FORGE_78-32_iDASv3-P11_UTC190427091208,utah_2019,utah_2019,utah_2019_1,noise,0,/home/ted1204/MS_Detection_Datamaker/MS_datamaker_UTAH_2019/data/noise/FORGE_78-32_iDASv3-P11_UTC190427091208.sgy,FORGE_78-32_iDASv3-P11_UTC190427091208.sgy,FORGE_78-32_iDASv3-P11_UTC190427091208,7.0,9.0,679,1084,1000.0
245,utah_2019__FORGE_78-32_iDASv3-P11_UTC190427091208,utah_2019,utah_2019,utah_2019_1,noise,0,/home/ted1204/MS_Detection_Datamaker/MS_datamaker_UTAH_2019/data/noise/FORGE_78-32_iDASv3-P11_UTC190427091208.sgy,FORGE_78-32_iDASv3-P11_UTC190427091208.sgy,FORGE_78-32_iDASv3-P11_UTC190427091208,8.0,10.0,679,1084,1000.0
246,utah_2019__FORGE_78-32_iDASv3-P11_UTC190427091208,utah_2019,utah_2019,utah_2019_1,noise,0,/home/ted1204/MS_Detection_Datamaker/MS_datamaker_UTAH_2019/data/noise/FORGE_78-32_iDASv3-P11_UTC190427091208.sgy,FORGE_78-32_iDASv3-P11_UTC190427091208.sgy,FORGE_78-32_iDASv3-P11_UTC190427091208,11.0,13.0,679,1084,1000.0
247,utah_2019__FORGE_78-32_iDASv3-P11_UTC190427091208,utah_2019,utah_2019,utah_2019_1,noise,0,/home/ted1204/MS_Detection_Datamaker/MS_datamaker_UTAH_2019/data/noise/FORGE_78-32_iDASv3-P11_UTC190427091208.sgy,FORGE_78-32_iDASv3-P11_UTC190427091208.sgy,FORGE_78-32_iDASv3-P11_UTC190427091208,13.0,15.0,679,1084,1000.0
248,utah_2019__FORGE_78-32_iDASv3-P11_UTC190427091208,utah_2019,utah_2019,utah_2019_1,noise,0,/home/ted1204/MS_Detection_Datamaker/MS_datamaker_UTAH_2019/data/noise/FORGE_78-32_iDASv3-P11_UTC190427091208.sgy,FORGE_78-32_iDASv3-P11_UTC190427091208.sgy,FORGE_78-32_iDASv3-P11_UTC190427091208,16.0,18.0,679,1084,1000.0
249,utah_2019__FORGE_78-32_iDASv3-P11_UTC190427091208,utah_2019,utah_2019,utah_2019_1,noise,0,/home/ted1204/MS_Detection_Datamaker/MS_datamaker_UTAH_2019/data/noise/FORGE_78-32_iDASv3-P11_UTC190427091208.sgy,FORGE_78-32_iDASv3-P11_UTC190427091208.sgy,FORGE_78-32_iDASv3-P11_UTC190427091208,18.0,20.0,679,1084,1000.0
250,utah_2019__FORGE_78-32_iDASv3-P11_UTC190427091208,utah_2019,utah_2019,utah_2019_1,noise,0,/home/ted1204/MS_Detection_Datamaker/MS_datamaker_UTAH_2019/data/noise/FORGE_78-32_iDASv3-P11_UTC190427091208.sgy,FORGE_78-32_iDASv3-P11_UTC190427091208.sgy,FORGE_78-32_iDASv3-P11_UTC190427091208,19.0,21.0,679,1084,1000.0
251,utah_2019__FORGE_78-32_iDASv3-P11_UTC190427091208,utah_2019,utah_2019,utah_2019_1,noise,0,/home/ted1204/MS_Detection_Datamaker/MS_datamaker_UTAH_2019/data/noise/FORGE_78-32_iDASv3-P11_UTC190427091208.sgy,FORGE_78-32_iDASv3-P11_UTC190427091208.sgy,FORGE_78-32_iDASv3-P11_UTC190427091208,21.0,23.0,679,1084,1000.0
252,utah_2019__FORGE_78-32_iDASv3-P11_UTC190427091208,utah_2019,utah_2019,utah_2019_1,noise,0,/home/ted1204/MS_Detection_Datamaker/MS_datamaker_UTAH_2019/data/noise/FORGE_78-32_iDASv3-P11_UTC190427091208.sgy,FORGE_78-32_iDASv3-P11_UTC190427091208.sgy,FORGE_78-32_iDASv3-P11_UTC190427091208,26.0,28.0,679,1084,1000.0
253,utah_2019__FORGE_78-32_iDASv3-P11_UTC190427091208,utah_2019,utah_2019,utah_2019_1,noise,0,/home/ted1204/MS_Detection_Datamaker/MS_datamaker_UTAH_2019/data/noise/FORGE_78-32_iDASv3-P11_UTC190427091208.sgy,FORGE_78-32_iDASv3-P11_UTC190427091208.sgy,FORGE_78-32_iDASv3-P11_UTC190427091208,27.0,29.0,679,1084,1000.0
254,utah_2019__FORGE_78-32_iDASv3-P11_UTC190427091208,utah_2019,utah_2019,utah_2019_1,noise,0,/home/ted1204/MS_Detection_Datamaker/MS_datamaker_UTAH_2019/data/noise/FORGE_78-32_iDASv3-P11_UTC190427091208.sgy,FORGE_78-32_iDASv3-P11_UTC190427091208.sgy,FORGE_78-32_iDASv3-P11_UTC190427091208,28.0,30.0,679,1084,1000.0
255,utah_2019__FORGE_78-32_iDASv3-P11_UTC190427091208,utah_2019,utah_2019,utah_2019_2,noise,0,/home/ted1204/MS_Detection_Datamaker/MS_datamaker_UTAH_2019/data/noise/FORGE_78-32_iDASv3-P11_UTC190427091208.sgy,FORGE_78-32_iDASv3-P11_UTC190427091208.sgy,FORGE_78-32_iDASv3-P11_UTC190427091208,2.0,4.0,273,678,1000.0
256,utah_2019__FORGE_78-32_iDASv3-P11_UTC190427091208,utah_2019,utah_2019,utah_2019_2,noise,0,/home/ted1204/MS_Detection_Datamaker/MS_datamaker_UTAH_2019/data/noise/FORGE_78-32_iDASv3-P11_UTC190427091208.sgy,FORGE_78-32_iDASv3-P11_UTC190427091208.sgy,FORGE_78-32_iDASv3-P11_UTC190427091208,3.0,5.0,273,678,1000.0
257,utah_2019__FORGE_78-32_iDASv3-P11_UTC190427091208,utah_2019,utah_2019,utah_2019_2,noise,0,/home/ted1204/MS_Detection_Datamaker/MS_datamaker_UTAH_2019/data/noise/FORGE_78-32_iDASv3-P11_UTC190427091208.sgy,FORGE_78-32_iDASv3-P11_UTC190427091208.sgy,FORGE_78-32_iDASv3-P11_UTC190427091208,5.0,7.0,273,678,1000.0
258,utah_2019__FORGE_78-32_iDASv3-P11_UTC190427091208,utah_2019,utah_2019,utah_2019_2,noise,0,/home/ted1204/MS_Detection_Datamaker/MS_datamaker_UTAH_2019/data/noise/FORGE_78-32_iDASv3-P11_UTC190427091208.sgy,FORGE_78-32_iDASv3-P11_UTC190427091208.sgy,FORGE_78-32_iDASv3-P11_UTC190427091208,6.0,8.0,273,678,1000.0
259,utah_2019__FORGE_78-32_iDASv3-P11_UTC190427091208,utah_2019,utah_2019,utah_2019_2,noise,0,/home/ted1204/MS_Detection_Datamaker/MS_datamaker_UTAH_2019/data/noise/FORGE_78-32_iDASv3-P11_UTC190427091208.sgy,FORGE_78-32_iDASv3-P11_UTC190427091208.sgy,FORGE_78-32_iDASv3-P11_UTC190427091208,7.0,9.0,273,678,1000.0
260,utah_2019__FORGE_78-32_iDASv3-P11_UTC190427091208,utah_2019,utah_2019,utah_2019_2,noise,0,/home/ted1204/MS_Detection_Datamaker/MS_datamaker_UTAH_2019/data/noise/FORGE_78-32_iDASv3-P11_UTC190427091208.sgy,FORGE_78-32_iDASv3-P11_UTC190427091208.sgy,FORGE_78-32_iDASv3-P11_UTC190427091208,8.0,10.0,273,678,1000.0
261,utah_2019__FORGE_78-32_iDASv3-P11_UTC190427091208,utah_2019,utah_2019,utah_2019_2,noise,0,/home/ted1204/MS_Detection_Datamaker/MS_datamaker_UTAH_2019/data/noise/FORGE_78-32_iDASv3-P11_UTC190427091208.sgy,FORGE_78-32_iDASv3-P11_UTC190427091208.sgy,FORGE_78-32_iDASv3-P11_UTC190427091208,11.0,13.0,273,678,1000.0
262,utah_2019__FORGE_78-32_iDASv3-P11_UTC190427091208,utah_2019,utah_2019,utah_2019_2,noise,0,/home/ted1204/MS_Detection_Datamaker/MS_datamaker_UTAH_2019/data/noise/FORGE_78-32_iDASv3-P11_UTC190427091208.sgy,FORGE_78-32_iDASv3-P11_UTC190427091208.sgy,FORGE_78-32_iDASv3-P11_UTC190427091208,13.0,15.0,273,678,1000.0
263,utah_2019__FORGE_78-32_iDASv3-P11_UTC190427091208,utah_2019,utah_2019,utah_2019_2,noise,0,/home/ted1204/MS_Detection_Datamaker/MS_datamaker_UTAH_2019/data/noise/FORGE_78-32_iDASv3-P11_UTC190427091208.sgy,FORGE_78-32_iDASv3-P11_UTC190427091208.sgy,FORGE_78-32_iDASv3-P11_UTC190427091208,16.0,18.0,273,678,1000.0
264,utah_2019__FORGE_78-32_iDASv3-P11_UTC190427091208,utah_2019,utah_2019,utah_2019_2,noise,0,/home/ted1204/MS_Detection_Datamaker/MS_datamaker_UTAH_2019/data/noise/FORGE_78-32_iDASv3-P11_UTC190427091208.sgy,FORGE_78-32_iDASv3-P11_UTC190427091208.sgy,FORGE_78-32_iDASv3-P11_UTC190427091208,18.0,20.0,273,678,1000.0
265,utah_2019__FORGE_78-32_iDASv3-P11_UTC190427091208,utah_2019,utah_2019,utah_2019_2,noise,0,/home/ted1204/MS_Detection_Datamaker/MS_datamaker_UTAH_2019/data/noise/FORGE_78-32_iDASv3-P11_UTC190427091208.sgy,FORGE_78-32_iDASv3-P11_UTC190427091208.sgy,FORGE_78-32_iDASv3-P11_UTC190427091208,19.0,21.0,273,678,1000.0
266,utah_2019__FORGE_78-32_iDASv3-P11_UTC190427091208,utah_2019,utah_2019,utah_2019_2,noise,0,/home/ted1204/MS_Detection_Datamaker/MS_datamaker_UTAH_2019/data/noise/FORGE_78-32_iDASv3-P11_UTC190427091208.sgy,FORGE_78-32_iDASv3-P11_UTC190427091208.sgy,FORGE_78-32_iDASv3-P11_UTC190427091208,21.0,23.0,273,678,1000.0
267,utah_2019__FORGE_78-32_iDASv3-P11_UTC190427091208,utah_2019,utah_2019,utah_2019_2,noise,0,/home/ted1204/MS_Detection_Datamaker/MS_datamaker_UTAH_2019/data/noise/FORGE_78-32_iDASv3-P11_UTC190427091208.sgy,FORGE_78-32_iDASv3-P11_UTC190427091208.sgy,FORGE_78-32_iDASv3-P11_UTC190427091208,26.0,28.0,273,678,1000.0
268,utah_2019__FORGE_78-32_iDASv3-P11_UTC190427091208,utah_2019,utah_2019,utah_2019_2,noise,0,/home/ted1204/MS_Detection_Datamaker/MS_datamaker_UTAH_2019/data/noise/FORGE_78-32_iDASv3-P11_UTC190427091208.sgy,FORGE_78-32_iDASv3-P11_UTC190427091208.sgy,FORGE_78-32_iDASv3-P11_UTC190427091208,27.0,29.0,273,678,1000.0
269,utah_2019__FORGE_78-32_iDASv3-P11_UTC190427091208,utah_2019,utah_2019,utah_2019_2,noise,0,/home/ted1204/MS_Detection_Datamaker/MS_datamaker_UTAH_2019/data/noise/FORGE_78-32_iDASv3-P11_UTC190427091208.sgy,FORGE_78-32_iDASv3-P11_UTC190427091208.sgy,FORGE_78-32_iDASv3-P11_UTC190427091208,28.0,30.0,273,678,1000.0
270,utah_2019__FORGE_78-32_iDASv3-P11_UTC190427091238,utah_2019,utah_2019,utah_2019_1,noise,0,/home/ted1204/MS_Detection_Datamaker/MS_datamaker_UTAH_2019/data/noise/FORGE_78-32_iDASv3-P11_UTC190427091238.sgy,FORGE_78-32_iDASv3-P11_UTC190427091238.sgy,FORGE_78-32_iDASv3-P11_UTC190427091238,2.0,4.0,679,1084,1000.0
271,utah_2019__FORGE_78-32_iDASv3-P11_UTC190427091238,utah_2019,utah_2019,utah_2019_1,noise,0,/home/ted1204/MS_Detection_Datamaker/MS_datamaker_UTAH_2019/data/noise/FORGE_78-32_iDASv3-P11_UTC190427091238.sgy,FORGE_78-32_iDASv3-P11_UTC190427091238.sgy,FORGE_78-32_iDASv3-P11_UTC190427091238,4.0,6.0,679,1084,1000.0
272,utah_2019__FORGE_78-32_iDASv3-P11_UTC190427091238,utah_2019,utah_2019,utah_2019_1,noise,0,/home/ted1204/MS_Detection_Datamaker/MS_datamaker_UTAH_2019/data/noise/FORGE_78-32_iDASv3-P11_UTC190427091238.sgy,FORGE_78-32_iDASv3-P11_UTC190427091238.sgy,FORGE_78-32_iDASv3-P11_UTC190427091238,5.0,7.0,679,1084,1000.0
273,utah_2019__FORGE_78-32_iDASv3-P11_UTC190427091238,utah_2019,utah_2019,utah_2019_1,noise,0,/home/ted1204/MS_Detection_Datamaker/MS_datamaker_UTAH_2019/data/noise/FORGE_78-32_iDASv3-P11_UTC190427091238.sgy,FORGE_78-32_iDASv3-P11_UTC190427091238.sgy,FORGE_78-32_iDASv3-P11_UTC190427091238,7.0,9.0,679,1084,1000.0
274,utah_2019__FORGE_78-32_iDASv3-P11_UTC190427091238,utah_2019,utah_2019,utah_2019_1,noise,0,/home/ted1204/MS_Detection_Datamaker/MS_datamaker_UTAH_2019/data/noise/FORGE_78-32_iDASv3-P11_UTC190427091238.sgy,FORGE_78-32_iDASv3-P11_UTC190427091238.sgy,FORGE_78-32_iDASv3-P11_UTC190427091238,9.0,11.0,679,1084,1000.0
275,utah_2019__FORGE_78-32_iDASv3-P11_UTC190427091238,utah_2019,utah_2019,utah_2019_1,noise,0,/home/ted1204/MS_Detection_Datamaker/MS_datamaker_UTAH_2019/data/noise/FORGE_78-32_iDASv3-P11_UTC190427091238.sgy,FORGE_78-32_iDASv3-P11_UTC190427091238.sgy,FORGE_78-32_iDASv3-P11_UTC190427091238,11.0,13.0,679,1084,1000.0
276,utah_2019__FORGE_78-32_iDASv3-P11_UTC190427091238,utah_2019,utah_2019,utah_2019_1,noise,0,/home/ted1204/MS_Detection_Datamaker/MS_datamaker_UTAH_2019/data/noise/FORGE_78-32_iDASv3-P11_UTC190427091238.sgy,FORGE_78-32_iDASv3-P11_UTC190427091238.sgy,FORGE_78-32_iDASv3-P11_UTC190427091238,12.0,14.0,679,1084,1000.0
277,utah_2019__FORGE_78-32_iDASv3-P11_UTC190427091238,utah_2019,utah_2019,utah_2019_1,noise,0,/home/ted1204/MS_Detection_Datamaker/MS_datamaker_UTAH_2019/data/noise/FORGE_78-32_iDASv3-P11_UTC190427091238.sgy,FORGE_78-32_iDASv3-P11_UTC190427091238.sgy,FORGE_78-32_iDASv3-P11_UTC190427091238,13.0,15.0,679,1084,1000.0
278,utah_2019__FORGE_78-32_iDASv3-P11_UTC190427091238,utah_2019,utah_2019,utah_2019_1,noise,0,/home/ted1204/MS_Detection_Datamaker/MS_datamaker_UTAH_2019/data/noise/FORGE_78-32_iDASv3-P11_UTC190427091238.sgy,FORGE_78-32_iDASv3-P11_UTC190427091238.sgy,FORGE_78-32_iDASv3-P11_UTC190427091238,14.0,16.0,679,1084,1000.0
279,utah_2019__FORGE_78-32_iDASv3-P11_UTC190427091238,utah_2019,utah_2019,utah_2019_1,noise,0,/home/ted1204/MS_Detection_Datamaker/MS_datamaker_UTAH_2019/data/noise/FORGE_78-32_iDASv3-P11_UTC190427091238.sgy,FORGE_78-32_iDASv3-P11_UTC190427091238.sgy,FORGE_78-32_iDASv3-P11_UTC190427091238,18.0,20.0,679,1084,1000.0
280,utah_2019__FORGE_78-32_iDASv3-P11_UTC190427091238,utah_2019,utah_2019,utah_2019_1,noise,0,/home/ted1204/MS_Detection_Datamaker/MS_datamaker_UTAH_2019/data/noise/FORGE_78-32_iDASv3-P11_UTC190427091238.sgy,FORGE_78-32_iDASv3-P11_UTC190427091238.sgy,FORGE_78-32_iDASv3-P11_UTC190427091238,22.0,24.0,679,1084,1000.0
281,utah_2019__FORGE_78-32_iDASv3-P11_UTC190427091238,utah_2019,utah_2019,utah_2019_1,noise,0,/home/ted1204/MS_Detection_Datamaker/MS_datamaker_UTAH_2019/data/noise/FORGE_78-32_iDASv3-P11_UTC190427091238.sgy,FORGE_78-32_iDASv3-P11_UTC190427091238.sgy,FORGE_78-32_iDASv3-P11_UTC190427091238,23.0,25.0,679,1084,1000.0
282,utah_2019__FORGE_78-32_iDASv3-P11_UTC190427091238,utah_2019,utah_2019,utah_2019_1,noise,0,/home/ted1204/MS_Detection_Datamaker/MS_datamaker_UTAH_2019/data/noise/FORGE_78-32_iDASv3-P11_UTC190427091238.sgy,FORGE_78-32_iDASv3-P11_UTC190427091238.sgy,FORGE_78-32_iDASv3-P11_UTC190427091238,25.0,27.0,679,1084,1000.0
283,utah_2019__FORGE_78-32_iDASv3-P11_UTC190427091238,utah_2019,utah_2019,utah_2019_1,noise,0,/home/ted1204/MS_Detection_Datamaker/MS_datamaker_UTAH_2019/data/noise/FORGE_78-32_iDASv3-P11_UTC190427091238.sgy,FORGE_78-32_iDASv3-P11_UTC190427091238.sgy,FORGE_78-32_iDASv3-P11_UTC190427091238,26.0,28.0,679,1084,1000.0
284,utah_2019__FORGE_78-32_iDASv3-P11_UTC190427091238,utah_2019,utah_2019,utah_2019_1,noise,0,/home/ted1204/MS_Detection_Datamaker/MS_datamaker_UTAH_2019/data/noise/FORGE_78-32_iDASv3-P11_UTC190427091238.sgy,FORGE_78-32_iDASv3-P11_UTC190427091238.sgy,FORGE_78-32_iDASv3-P11_UTC190427091238,28.0,30.0,679,1084,1000.0
285,utah_2019__FORGE_78-32_iDASv3-P11_UTC190427091238,utah_2019,utah_2019,utah_2019_2,noise,0,/home/ted1204/MS_Detection_Datamaker/MS_datamaker_UTAH_2019/data/noise/FORGE_78-32_iDASv3-P11_UTC190427091238.sgy,FORGE_78-32_iDASv3-P11_UTC190427091238.sgy,FORGE_78-32_iDASv3-P11_UTC190427091238,2.0,4.0,273,678,1000.0
286,utah_2019__FORGE_78-32_iDASv3-P11_UTC190427091238,utah_2019,utah_2019,utah_2019_2,noise,0,/home/ted1204/MS_Detection_Datamaker/MS_datamaker_UTAH_2019/data/noise/FORGE_78-32_iDASv3-P11_UTC190427091238.sgy,FORGE_78-32_iDASv3-P11_UTC190427091238.sgy,FORGE_78-32_iDASv3-P11_UTC190427091238,4.0,6.0,273,678,1000.0
287,utah_2019__FORGE_78-32_iDASv3-P11_UTC190427091238,utah_2019,utah_2019,utah_2019_2,noise,0,/home/ted1204/MS_Detection_Datamaker/MS_datamaker_UTAH_2019/data/noise/FORGE_78-32_iDASv3-P11_UTC190427091238.sgy,FORGE_78-32_iDASv3-P11_UTC190427091238.sgy,FORGE_78-32_iDASv3-P11_UTC190427091238,5.0,7.0,273,678,1000.0
288,utah_2019__FORGE_78-32_iDASv3-P11_UTC190427091238,utah_2019,utah_2019,utah_2019_2,noise,0,/home/ted1204/MS_Detection_Datamaker/MS_datamaker_UTAH_2019/data/noise/FORGE_78-32_iDASv3-P11_UTC190427091238.sgy,FORGE_78-32_iDASv3-P11_UTC190427091238.sgy,FORGE_78-32_iDASv3-P11_UTC190427091238,7.0,9.0,273,678,1000.0
289,utah_2019__FORGE_78-32_iDASv3-P11_UTC190427091238,utah_2019,utah_2019,utah_2019_2,noise,0,/home/ted1204/MS_Detection_Datamaker/MS_datamaker_UTAH_2019/data/noise/FORGE_78-32_iDASv3-P11_UTC190427091238.sgy,FORGE_78-32_iDASv3-P11_UTC190427091238.sgy,FORGE_78-32_iDASv3-P11_UTC190427091238,9.0,11.0,273,678,1000.0
290,utah_2019__FORGE_78-32_iDASv3-P11_UTC190427091238,utah_2019,utah_2019,utah_2019_2,noise,0,/home/ted1204/MS_Detection_Datamaker/MS_datamaker_UTAH_2019/data/noise/FORGE_78-32_iDASv3-P11_UTC190427091238.sgy,FORGE_78-32_iDASv3-P11_UTC190427091238.sgy,FORGE_78-32_iDASv3-P11_UTC190427091238,11.0,13.0,273,678,1000.0
291,utah_2019__FORGE_78-32_iDASv3-P11_UTC190427091238,utah_2019,utah_2019,utah_2019_2,noise,0,/home/ted1204/MS_Detection_Datamaker/MS_datamaker_UTAH_2019/data/noise/FORGE_78-32_iDASv3-P11_UTC190427091238.sgy,FORGE_78-32_iDASv3-P11_UTC190427091238.sgy,FORGE_78-32_iDASv3-P11_UTC190427091238,12.0,14.0,273,678,1000.0
292,utah_2019__FORGE_78-32_iDASv3-P11_UTC190427091238,utah_2019,utah_2019,utah_2019_2,noise,0,/home/ted1204/MS_Detection_Datamaker/MS_datamaker_UTAH_2019/data/noise/FORGE_78-32_iDASv3-P11_UTC190427091238.sgy,FORGE_78-32_iDASv3-P11_UTC190427091238.sgy,FORGE_78-32_iDASv3-P11_UTC190427091238,13.0,15.0,273,678,1000.0
293,utah_2019__FORGE_78-32_iDASv3-P11_UTC190427091238,utah_2019,utah_2019,utah_2019_2,noise,0,/home/ted1204/MS_Detection_Datamaker/MS_datamaker_UTAH_2019/data/noise/FORGE_78-32_iDASv3-P11_UTC190427091238.sgy,FORGE_78-32_iDASv3-P11_UTC190427091238.sgy,FORGE_78-32_iDASv3-P11_UTC190427091238,14.0,16.0,273,678,1000.0
294,utah_2019__FORGE_78-32_iDASv3-P11_UTC190427091238,utah_2019,utah_2019,utah_2019_2,noise,0,/home/ted1204/MS_Detection_Datamaker/MS_datamaker_UTAH_2019/data/noise/FORGE_78-32_iDASv3-P11_UTC190427091238.sgy,FORGE_78-32_iDASv3-P11_UTC190427091238.sgy,FORGE_78-32_iDASv3-P11_UTC190427091238,18.0,20.0,273,678,1000.0
295,utah_2019__FORGE_78-32_iDASv3-P11_UTC190427091238,utah_2019,utah_2019,utah_2019_2,noise,0,/home/ted1204/MS_Detection_Datamaker/MS_datamaker_UTAH_2019/data/noise/FORGE_78-32_iDASv3-P11_UTC190427091238.sgy,FORGE_78-32_iDASv3-P11_UTC190427091238.sgy,FORGE_78-32_iDASv3-P11_UTC190427091238,22.0,24.0,273,678,1000.0
296,utah_2019__FORGE_78-32_iDASv3-P11_UTC190427091238,utah_2019,utah_2019,utah_2019_2,noise,0,/home/ted1204/MS_Detection_Datamaker/MS_datamaker_UTAH_2019/data/noise/FORGE_78-32_iDASv3-P11_UTC190427091238.sgy,FORGE_78-32_iDASv3-P11_UTC190427091238.sgy,FORGE_78-32_iDASv3-P11_UTC190427091238,23.0,25.0,273,678,1000.0
297,utah_2019__FORGE_78-32_iDASv3-P11_UTC190427091238,utah_2019,utah_2019,utah_2019_2,noise,0,/home/ted1204/MS_Detection_Datamaker/MS_datamaker_UTAH_2019/data/noise/FORGE_78-32_iDASv3-P11_UTC190427091238.sgy,FORGE_78-32_iDASv3-P11_UTC190427091238.sgy,FORGE_78-32_iDASv3-P11_UTC190427091238,25.0,27.0,273,678,1000.0
298,utah_2019__FORGE_78-32_iDASv3-P11_UTC190427091238,utah_2019,utah_2019,utah_2019_2,noise,0,/home/ted1204/MS_Detection_Datamaker/MS_datamaker_UTAH_2019/data/noise/FORGE_78-32_iDASv3-P11_UTC190427091238.sgy,FORGE_78-32_iDASv3-P11_UTC190427091238.sgy,FORGE_78-32_iDASv3-P11_UTC190427091238,26.0,28.0,273,678,1000.0
299,utah_2019__FORGE_78-32_iDASv3-P11_UTC190427091238,utah_2019,utah_2019,utah_2019_2,noise,0,/home/ted1204/MS_Detection_Datamaker/MS_datamaker_UTAH_2019/data/noise/FORGE_78-32_iDASv3-P11_UTC190427091238.sgy,FORGE_78-32_iDASv3-P11_UTC190427091238.sgy,FORGE_78-32_iDASv3-P11_UTC190427091238,28.0,30.0,273,678,1000.0
300,utah_2019__FORGE_78-32_iDASv3-P11_UTC190427093338,utah_2019,utah_2019,utah_2019_1,noise,0,/home/ted1204/MS_Detection_Datamaker/MS_datamaker_UTAH_2019/data/noise/FORGE_78-32_iDASv3-P11_UTC190427093338.sgy,FORGE_78-32_iDASv3-P11_UTC190427093338.sgy,FORGE_78-32_iDASv3-P11_UTC190427093338,1.0,3.0,679,1084,1000.0
301,utah_2019__FORGE_78-32_iDASv3-P11_UTC190427093338,utah_2019,utah_2019,utah_2019_1,noise,0,/home/ted1204/MS_Detection_Datamaker/MS_datamaker_UTAH_2019/data/noise/FORGE_78-32_iDASv3-P11_UTC190427093338.sgy,FORGE_78-32_iDASv3-P11_UTC190427093338.sgy,FORGE_78-32_iDASv3-P11_UTC190427093338,3.0,5.0,679,1084,1000.0
302,utah_2019__FORGE_78-32_iDASv3-P11_UTC190427093338,utah_2019,utah_2019,utah_2019_1,noise,0,/home/ted1204/MS_Detection_Datamaker/MS_datamaker_UTAH_2019/data/noise/FORGE_78-32_iDASv3-P11_UTC190427093338.sgy,FORGE_78-32_iDASv3-P11_UTC190427093338.sgy,FORGE_78-32_iDASv3-P11_UTC190427093338,4.0,6.0,679,1084,1000.0
303,utah_2019__FORGE_78-32_iDASv3-P11_UTC190427093338,utah_2019,utah_2019,utah_2019_1,noise,0,/home/ted1204/MS_Detection_Datamaker/MS_datamaker_UTAH_2019/data/noise/FORGE_78-32_iDASv3-P11_UTC190427093338.sgy,FORGE_78-32_iDASv3-P11_UTC190427093338.sgy,FORGE_78-32_iDASv3-P11_UTC190427093338,5.0,7.0,679,1084,1000.0
304,utah_2019__FORGE_78-32_iDASv3-P11_UTC190427093338,utah_2019,utah_2019,utah_2019_1,noise,0,/home/ted1204/MS_Detection_Datamaker/MS_datamaker_UTAH_2019/data/noise/FORGE_78-32_iDASv3-P11_UTC190427093338.sgy,FORGE_78-32_iDASv3-P11_UTC190427093338.sgy,FORGE_78-32_iDASv3-P11_UTC190427093338,6.0,8.0,679,1084,1000.0
305,utah_2019__FORGE_78-32_iDASv3-P11_UTC190427093338,utah_2019,utah_2019,utah_2019_1,noise,0,/home/ted1204/MS_Detection_Datamaker/MS_datamaker_UTAH_2019/data/noise/FORGE_78-32_iDASv3-P11_UTC190427093338.sgy,FORGE_78-32_iDASv3-P11_UTC190427093338.sgy,FORGE_78-32_iDASv3-P11_UTC190427093338,7.0,9.0,679,1084,1000.0
306,utah_2019__FORGE_78-32_iDASv3-P11_UTC190427093338,utah_2019,utah_2019,utah_2019_1,noise,0,/home/ted1204/MS_Detection_Datamaker/MS_datamaker_UTAH_2019/data/noise/FORGE_78-32_iDASv3-P11_UTC190427093338.sgy,FORGE_78-32_iDASv3-P11_UTC190427093338.sgy,FORGE_78-32_iDASv3-P11_UTC190427093338,8.0,10.0,679,1084,1000.0
307,utah_2019__FORGE_78-32_iDASv3-P11_UTC190427093338,utah_2019,utah_2019,utah_2019_1,noise,0,/home/ted1204/MS_Detection_Datamaker/MS_datamaker_UTAH_2019/data/noise/FORGE_78-32_iDASv3-P11_UTC190427093338.sgy,FORGE_78-32_iDASv3-P11_UTC190427093338.sgy,FORGE_78-32_iDASv3-P11_UTC190427093338,9.0,11.0,679,1084,1000.0
308,utah_2019__FORGE_78-32_iDASv3-P11_UTC190427093338,utah_2019,utah_2019,utah_2019_1,noise,0,/home/ted1204/MS_Detection_Datamaker/MS_datamaker_UTAH_2019/data/noise/FORGE_78-32_iDASv3-P11_UTC190427093338.sgy,FORGE_78-32_iDASv3-P11_UTC190427093338.sgy,FORGE_78-32_iDASv3-P11_UTC190427093338,15.0,17.0,679,1084,1000.0
309,utah_2019__FORGE_78-32_iDASv3-P11_UTC190427093338,utah_2019,utah_2019,utah_2019_1,noise,0,/home/ted1204/MS_Detection_Datamaker/MS_datamaker_UTAH_2019/data/noise/FORGE_78-32_iDASv3-P11_UTC190427093338.sgy,FORGE_78-32_iDASv3-P11_UTC190427093338.sgy,FORGE_78-32_iDASv3-P11_UTC190427093338,17.0,19.0,679,1084,1000.0
310,utah_2019__FORGE_78-32_iDASv3-P11_UTC190427093338,utah_2019,utah_2019,utah_2019_1,noise,0,/home/ted1204/MS_Detection_Datamaker/MS_datamaker_UTAH_2019/data/noise/FORGE_78-32_iDASv3-P11_UTC190427093338.sgy,FORGE_78-32_iDASv3-P11_UTC190427093338.sgy,FORGE_78-32_iDASv3-P11_UTC190427093338,18.0,20.0,679,1084,1000.0
311,utah_2019__FORGE_78-32_iDASv3-P11_UTC190427093338,utah_2019,utah_2019,utah_2019_1,noise,0,/home/ted1204/MS_Detection_Datamaker/MS_datamaker_UTAH_2019/data/noise/FORGE_78-32_iDASv3-P11_UTC190427093338.sgy,FORGE_78-32_iDASv3-P11_UTC190427093338.sgy,FORGE_78-32_iDASv3-P11_UTC190427093338,19.0,21.0,679,1084,1000.0
312,utah_2019__FORGE_78-32_iDASv3-P11_UTC190427093338,utah_2019,utah_2019,utah_2019_1,noise,0,/home/ted1204/MS_Detection_Datamaker/MS_datamaker_UTAH_2019/data/noise/FORGE_78-32_iDASv3-P11_UTC190427093338.sgy,FORGE_78-32_iDASv3-P11_UTC190427093338.sgy,FORGE_78-32_iDASv3-P11_UTC190427093338,20.0,22.0,679,1084,1000.0
313,utah_2019__FORGE_78-32_iDASv3-P11_UTC190427093338,utah_2019,utah_2019,utah_2019_1,noise,0,/home/ted1204/MS_Detection_Datamaker/MS_datamaker_UTAH_2019/data/noise/FORGE_78-32_iDASv3-P11_UTC190427093338.sgy,FORGE_78-32_iDASv3-P11_UTC190427093338.sgy,FORGE_78-32_iDASv3-P11_UTC190427093338,25.0,27.0,679,1084,1000.0
314,utah_2019__FORGE_78-32_iDASv3-P11_UTC190427093338,utah_2019,utah_2019,utah_2019_1,noise,0,/home/ted1204/MS_Detection_Datamaker/MS_datamaker_UTAH_2019/data/noise/FORGE_78-32_iDASv3-P11_UTC190427093338.sgy,FORGE_78-32_iDASv3-P11_UTC190427093338.sgy,FORGE_78-32_iDASv3-P11_UTC190427093338,28.0,30.0,679,1084,1000.0
315,utah_2019__FORGE_78-32_iDASv3-P11_UTC190427093338,utah_2019,utah_2019,utah_2019_2,noise,0,/home/ted1204/MS_Detection_Datamaker/MS_datamaker_UTAH_2019/data/noise/FORGE_78-32_iDASv3-P11_UTC190427093338.sgy,FORGE_78-32_iDASv3-P11_UTC190427093338.sgy,FORGE_78-32_iDASv3-P11_UTC190427093338,1.0,3.0,273,678,1000.0
316,utah_2019__FORGE_78-32_iDASv3-P11_UTC190427093338,utah_2019,utah_2019,utah_2019_2,noise,0,/home/ted1204/MS_Detection_Datamaker/MS_datamaker_UTAH_2019/data/noise/FORGE_78-32_iDASv3-P11_UTC190427093338.sgy,FORGE_78-32_iDASv3-P11_UTC190427093338.sgy,FORGE_78-32_iDASv3-P11_UTC190427093338,3.0,5.0,273,678,1000.0
317,utah_2019__FORGE_78-32_iDASv3-P11_UTC190427093338,utah_2019,utah_2019,utah_2019_2,noise,0,/home/ted1204/MS_Detection_Datamaker/MS_datamaker_UTAH_2019/data/noise/FORGE_78-32_iDASv3-P11_UTC190427093338.sgy,FORGE_78-32_iDASv3-P11_UTC190427093338.sgy,FORGE_78-32_iDASv3-P11_UTC190427093338,4.0,6.0,273,678,1000.0
318,utah_2019__FORGE_78-32_iDASv3-P11_UTC190427093338,utah_2019,utah_2019,utah_2019_2,noise,0,/home/ted1204/MS_Detection_Datamaker/MS_datamaker_UTAH_2019/data/noise/FORGE_78-32_iDASv3-P11_UTC190427093338.sgy,FORGE_78-32_iDASv3-P11_UTC190427093338.sgy,FORGE_78-32_iDASv3-P11_UTC190427093338,5.0,7.0,273,678,1000.0
319,utah_2019__FORGE_78-32_iDASv3-P11_UTC190427093338,utah_2019,utah_2019,utah_2019_2,noise,0,/home/ted1204/MS_Detection_Datamaker/MS_datamaker_UTAH_2019/data/noise/FORGE_78-32_iDASv3-P11_UTC190427093338.sgy,FORGE_78-32_iDASv3-P11_UTC190427093338.sgy,FORGE_78-32_iDASv3-P11_UTC190427093338,6.0,8.0,273,678,1000.0
320,utah_2019__FORGE_78-32_iDASv3-P11_UTC190427093338,utah_2019,utah_2019,utah_2019_2,noise,0,/home/ted1204/MS_Detection_Datamaker/MS_datamaker_UTAH_2019/data/noise/FORGE_78-32_iDASv3-P11_UTC190427093338.sgy,FORGE_78-32_iDASv3-P11_UTC190427093338.sgy,FORGE_78-32_iDASv3-P11_UTC190427093338,7.0,9.0,273,678,1000.0
321,utah_2019__FORGE_78-32_iDASv3-P11_UTC190427093338,utah_2019,utah_2019,utah_2019_2,noise,0,/home/ted1204/MS_Detection_Datamaker/MS_datamaker_UTAH_2019/data/noise/FORGE_78-32_iDASv3-P11_UTC190427093338.sgy,FORGE_78-32_iDASv3-P11_UTC190427093338.sgy,FORGE_78-32_iDASv3-P11_UTC190427093338,8.0,10.0,273,678,1000.0
322,utah_2019__FORGE_78-32_iDASv3-P11_UTC190427093338,utah_2019,utah_2019,utah_2019_2,noise,0,/home/ted1204/MS_Detection_Datamaker/MS_datamaker_UTAH_2019/data/noise/FORGE_78-32_iDASv3-P11_UTC190427093338.sgy,FORGE_78-32_iDASv3-P11_UTC190427093338.sgy,FORGE_78-32_iDASv3-P11_UTC190427093338,9.0,11.0,273,678,1000.0
323,utah_2019__FORGE_78-32_iDASv3-P11_UTC190427093338,utah_2019,utah_2019,utah_2019_2,noise,0,/home/ted1204/MS_Detection_Datamaker/MS_datamaker_UTAH_2019/data/noise/FORGE_78-32_iDASv3-P11_UTC190427093338.sgy,FORGE_78-32_iDASv3-P11_UTC190427093338.sgy,FORGE_78-32_iDASv3-P11_UTC190427093338,15.0,17.0,273,678,1000.0
324,utah_2019__FORGE_78-32_iDASv3-P11_UTC190427093338,utah_2019,utah_2019,utah_2019_2,noise,0,/home/ted1204/MS_Detection_Datamaker/MS_datamaker_UTAH_2019/data/noise/FORGE_78-32_iDASv3-P11_UTC190427093338.sgy,FORGE_78-32_iDASv3-P11_UTC190427093338.sgy,FORGE_78-32_iDASv3-P11_UTC190427093338,17.0,19.0,273,678,1000.0
325,utah_2019__FORGE_78-32_iDASv3-P11_UTC190427093338,utah_2019,utah_2019,utah_2019_2,noise,0,/home/ted1204/MS_Detection_Datamaker/MS_datamaker_UTAH_2019/data/noise/FORGE_78-32_iDASv3-P11_UTC190427093338.sgy,FORGE_78-32_iDASv3-P11_UTC190427093338.sgy,FORGE_78-32_iDASv3-P11_UTC190427093338,18.0,20.0,273,678,1000.0
326,utah_2019__FORGE_78-32_iDASv3-P11_UTC190427093338,utah_2019,utah_2019,utah_2019_2,noise,0,/home/ted1204/MS_Detection_Datamaker/MS_datamaker_UTAH_2019/data/noise/FORGE_78-32_iDASv3-P11_UTC190427093338.sgy,FORGE_78-32_iDASv3-P11_UTC190427093338.sgy,FORGE_78-32_iDASv3-P11_UTC190427093338,19.0,21.0,273,678,1000.0
327,utah_2019__FORGE_78-32_iDASv3-P11_UTC190427093338,utah_2019,utah_2019,utah_2019_2,noise,0,/home/ted1204/MS_Detection_Datamaker/MS_datamaker_UTAH_2019/data/noise/FORGE_78-32_iDASv3-P11_UTC190427093338.sgy,FORGE_78-32_iDASv3-P11_UTC190427093338.sgy,FORGE_78-32_iDASv3-P11_UTC190427093338,20.0,22.0,273,678,1000.0
328,utah_2019__FORGE_78-32_iDASv3-P11_UTC190427093338,utah_2019,utah_2019,utah_2019_2,noise,0,/home/ted1204/MS_Detection_Datamaker/MS_datamaker_UTAH_2019/data/noise/FORGE_78-32_iDASv3-P11_UTC190427093338.sgy,FORGE_78-32_iDASv3-P11_UTC190427093338.sgy,FORGE_78-32_iDASv3-P11_UTC190427093338,25.0,27.0,273,678,1000.0
329,utah_2019__FORGE_78-32_iDASv3-P11_UTC190427093338,utah_2019,utah_2019,utah_2019_2,noise,0,/home/ted1204/MS_Detection_Datamaker/MS_datamaker_UTAH_2019/data/noise/FORGE_78-32_iDASv3-P11_UTC190427093338.sgy,FORGE_78-32_iDASv3-P11_UTC190427093338.sgy,FORGE_78-32_iDASv3-P11_UTC190427093338,28.0,30.0,273,678,1000.0
330,utah_2019__FORGE_78-32_iDASv3-P11_UTC190427102508,utah_2019,utah_2019,utah_2019_1,noise,0,/home/ted1204/MS_Detection_Datamaker/MS_datamaker_UTAH_2019/data/noise/FORGE_78-32_iDASv3-P11_UTC190427102508.sgy,FORGE_78-32_iDASv3-P11_UTC190427102508.sgy,FORGE_78-32_iDASv3-P11_UTC190427102508,3.0,5.0,679,1084,1000.0
331,utah_2019__FORGE_78-32_iDASv3-P11_UTC190427102508,utah_2019,utah_2019,utah_2019_1,noise,0,/home/ted1204/MS_Detection_Datamaker/MS_datamaker_UTAH_2019/data/noise/FORGE_78-32_iDASv3-P11_UTC190427102508.sgy,FORGE_78-32_iDASv3-P11_UTC190427102508.sgy,FORGE_78-32_iDASv3-P11_UTC190427102508,5.0,7.0,679,1084,1000.0
332,utah_2019__FORGE_78-32_iDASv3-P11_UTC190427102508,utah_2019,utah_2019,utah_2019_1,noise,0,/home/ted1204/MS_Detection_Datamaker/MS_datamaker_UTAH_2019/data/noise/FORGE_78-32_iDASv3-P11_UTC190427102508.sgy,FORGE_78-32_iDASv3-P11_UTC190427102508.sgy,FORGE_78-32_iDASv3-P11_UTC190427102508,6.0,8.0,679,1084,1000.0
333,utah_2019__FORGE_78-32_iDASv3-P11_UTC190427102508,utah_2019,utah_2019,utah_2019_1,noise,0,/home/ted1204/MS_Detection_Datamaker/MS_datamaker_UTAH_2019/data/noise/FORGE_78-32_iDASv3-P11_UTC190427102508.sgy,FORGE_78-32_iDASv3-P11_UTC190427102508.sgy,FORGE_78-32_iDASv3-P11_UTC190427102508,7.0,9.0,679,1084,1000.0
334,utah_2019__FORGE_78-32_iDASv3-P11_UTC190427102508,utah_2019,utah_2019,utah_2019_1,noise,0,/home/ted1204/MS_Detection_Datamaker/MS_datamaker_UTAH_2019/data/noise/FORGE_78-32_iDASv3-P11_UTC190427102508.sgy,FORGE_78-32_iDASv3-P11_UTC190427102508.sgy,FORGE_78-32_iDASv3-P11_UTC190427102508,8.0,10.0,679,1084,1000.0
335,utah_2019__FORGE_78-32_iDASv3-P11_UTC190427102508,utah_2019,utah_2019,utah_2019_1,noise,0,/home/ted1204/MS_Detection_Datamaker/MS_datamaker_UTAH_2019/data/noise/FORGE_78-32_iDASv3-P11_UTC190427102508.sgy,FORGE_78-32_iDASv3-P11_UTC190427102508.sgy,FORGE_78-32_iDASv3-P11_UTC190427102508,12.0,14.0,679,1084,1000.0
336,utah_2019__FORGE_78-32_iDASv3-P11_UTC190427102508,utah_2019,utah_2019,utah_2019_1,noise,0,/home/ted1204/MS_Detection_Datamaker/MS_datamaker_UTAH_2019/data/noise/FORGE_78-32_iDASv3-P11_UTC190427102508.sgy,FORGE_78-32_iDASv3-P11_UTC190427102508.sgy,FORGE_78-32_iDASv3-P11_UTC190427102508,14.0,16.0,679,1084,1000.0
337,utah_2019__FORGE_78-32_iDASv3-P11_UTC190427102508,utah_2019,utah_2019,utah_2019_1,noise,0,/home/ted1204/MS_Detection_Datamaker/MS_datamaker_UTAH_2019/data/noise/FORGE_78-32_iDASv3-P11_UTC190427102508.sgy,FORGE_78-32_iDASv3-P11_UTC190427102508.sgy,FORGE_78-32_iDASv3-P11_UTC190427102508,16.0,18.0,679,1084,1000.0
338,utah_2019__FORGE_78-32_iDASv3-P11_UTC190427102508,utah_2019,utah_2019,utah_2019_1,noise,0,/home/ted1204/MS_Detection_Datamaker/MS_datamaker_UTAH_2019/data/noise/FORGE_78-32_iDASv3-P11_UTC190427102508.sgy,FORGE_78-32_iDASv3-P11_UTC190427102508.sgy,FORGE_78-32_iDASv3-P11_UTC190427102508,18.0,20.0,679,1084,1000.0
339,utah_2019__FORGE_78-32_iDASv3-P11_UTC190427102508,utah_2019,utah_2019,utah_2019_1,noise,0,/home/ted1204/MS_Detection_Datamaker/MS_datamaker_UTAH_2019/data/noise/FORGE_78-32_iDASv3-P11_UTC190427102508.sgy,FORGE_78-32_iDASv3-P11_UTC190427102508.sgy,FORGE_78-32_iDASv3-P11_UTC190427102508,19.0,21.0,679,1084,1000.0
340,utah_2019__FORGE_78-32_iDASv3-P11_UTC190427102508,utah_2019,utah_2019,utah_2019_1,noise,0,/home/ted1204/MS_Detection_Datamaker/MS_datamaker_UTAH_2019/data/noise/FORGE_78-32_iDASv3-P11_UTC190427102508.sgy,FORGE_78-32_iDASv3-P11_UTC190427102508.sgy,FORGE_78-32_iDASv3-P11_UTC190427102508,21.0,23.0,679,1084,1000.0
341,utah_2019__FORGE_78-32_iDASv3-P11_UTC190427102508,utah_2019,utah_2019,utah_2019_1,noise,0,/home/ted1204/MS_Detection_Datamaker/MS_datamaker_UTAH_2019/data/noise/FORGE_78-32_iDASv3-P11_UTC190427102508.sgy,FORGE_78-32_iDASv3-P11_UTC190427102508.sgy,FORGE_78-32_iDASv3-P11_UTC190427102508,23.0,25.0,679,1084,1000.0
342,utah_2019__FORGE_78-32_iDASv3-P11_UTC190427102508,utah_2019,utah_2019,utah_2019_1,noise,0,/home/ted1204/MS_Detection_Datamaker/MS_datamaker_UTAH_2019/data/noise/FORGE_78-32_iDASv3-P11_UTC190427102508.sgy,FORGE_78-32_iDASv3-P11_UTC190427102508.sgy,FORGE_78-32_iDASv3-P11_UTC190427102508,24.0,26.0,679,1084,1000.0
343,utah_2019__FORGE_78-32_iDASv3-P11_UTC190427102508,utah_2019,utah_2019,utah_2019_1,noise,0,/home/ted1204/MS_Detection_Datamaker/MS_datamaker_UTAH_2019/data/noise/FORGE_78-32_iDASv3-P11_UTC190427102508.sgy,FORGE_78-32_iDASv3-P11_UTC190427102508.sgy,FORGE_78-32_iDASv3-P11_UTC190427102508,27.0,29.0,679,1084,1000.0
344,utah_2019__FORGE_78-32_iDASv3-P11_UTC190427102508,utah_2019,utah_2019,utah_2019_1,noise,0,/home/ted1204/MS_Detection_Datamaker/MS_datamaker_UTAH_2019/data/noise/FORGE_78-32_iDASv3-P11_UTC190427102508.sgy,FORGE_78-32_iDASv3-P11_UTC190427102508.sgy,FORGE_78-32_iDASv3-P11_UTC190427102508,28.0,30.0,679,1084,1000.0
345,utah_2019__FORGE_78-32_iDASv3-P11_UTC190427102508,utah_2019,utah_2019,utah_2019_2,noise,0,/home/ted1204/MS_Detection_Datamaker/MS_datamaker_UTAH_2019/data/noise/FORGE_78-32_iDASv3-P11_UTC190427102508.sgy,FORGE_78-32_iDASv3-P11_UTC190427102508.sgy,FORGE_78-32_iDASv3-P11_UTC190427102508,3.0,5.0,273,678,1000.0
346,utah_2019__FORGE_78-32_iDASv3-P11_UTC190427102508,utah_2019,utah_2019,utah_2019_2,noise,0,/home/ted1204/MS_Detection_Datamaker/MS_datamaker_UTAH_2019/data/noise/FORGE_78-32_iDASv3-P11_UTC190427102508.sgy,FORGE_78-32_iDASv3-P11_UTC190427102508.sgy,FORGE_78-32_iDASv3-P11_UTC190427102508,5.0,7.0,273,678,1000.0
347,utah_2019__FORGE_78-32_iDASv3-P11_UTC190427102508,utah_2019,utah_2019,utah_2019_2,noise,0,/home/ted1204/MS_Detection_Datamaker/MS_datamaker_UTAH_2019/data/noise/FORGE_78-32_iDASv3-P11_UTC190427102508.sgy,FORGE_78-32_iDASv3-P11_UTC190427102508.sgy,FORGE_78-32_iDASv3-P11_UTC190427102508,6.0,8.0,273,678,1000.0
348,utah_2019__FORGE_78-32_iDASv3-P11_UTC190427102508,utah_2019,utah_2019,utah_2019_2,noise,0,/home/ted1204/MS_Detection_Datamaker/MS_datamaker_UTAH_2019/data/noise/FORGE_78-32_iDASv3-P11_UTC190427102508.sgy,FORGE_78-32_iDASv3-P11_UTC190427102508.sgy,FORGE_78-32_iDASv3-P11_UTC190427102508,7.0,9.0,273,678,1000.0
349,utah_2019__FORGE_78-32_iDASv3-P11_UTC190427102508,utah_2019,utah_2019,utah_2019_2,noise,0,/home/ted1204/MS_Detection_Datamaker/MS_datamaker_UTAH_2019/data/noise/FORGE_78-32_iDASv3-P11_UTC190427102508.sgy,FORGE_78-32_iDASv3-P11_UTC190427102508.sgy,FORGE_78-32_iDASv3-P11_UTC190427102508,8.0,10.0,273,678,1000.0
350,utah_2019__FORGE_78-32_iDASv3-P11_UTC190427102508,utah_2019,utah_2019,utah_2019_2,noise,0,/home/ted1204/MS_Detection_Datamaker/MS_datamaker_UTAH_2019/data/noise/FORGE_78-32_iDASv3-P11_UTC190427102508.sgy,FORGE_78-32_iDASv3-P11_UTC190427102508.sgy,FORGE_78-32_iDASv3-P11_UTC190427102508,12.0,14.0,273,678,1000.0
351,utah_2019__FORGE_78-32_iDASv3-P11_UTC190427102508,utah_2019,utah_2019,utah_2019_2,noise,0,/home/ted1204/MS_Detection_Datamaker/MS_datamaker_UTAH_2019/data/noise/FORGE_78-32_iDASv3-P11_UTC190427102508.sgy,FORGE_78-32_iDASv3-P11_UTC190427102508.sgy,FORGE_78-32_iDASv3-P11_UTC190427102508,14.0,16.0,273,678,1000.0
352,utah_2019__FORGE_78-32_iDASv3-P11_UTC190427102508,utah_2019,utah_2019,utah_2019_2,noise,0,/home/ted1204/MS_Detection_Datamaker/MS_datamaker_UTAH_2019/data/noise/FORGE_78-32_iDASv3-P11_UTC190427102508.sgy,FORGE_78-32_iDASv3-P11_UTC190427102508.sgy,FORGE_78-32_iDASv3-P11_UTC190427102508,16.0,18.0,273,678,1000.0
353,utah_2019__FORGE_78-32_iDASv3-P11_UTC190427102508,utah_2019,utah_2019,utah_2019_2,noise,0,/home/ted1204/MS_Detection_Datamaker/MS_datamaker_UTAH_2019/data/noise/FORGE_78-32_iDASv3-P11_UTC190427102508.sgy,FORGE_78-32_iDASv3-P11_UTC190427102508.sgy,FORGE_78-32_iDASv3-P11_UTC190427102508,18.0,20.0,273,678,1000.0
354,utah_2019__FORGE_78-32_iDASv3-P11_UTC190427102508,utah_2019,utah_2019,utah_2019_2,noise,0,/home/ted1204/MS_Detection_Datamaker/MS_datamaker_UTAH_2019/data/noise/FORGE_78-32_iDASv3-P11_UTC190427102508.sgy,FORGE_78-32_iDASv3-P11_UTC190427102508.sgy,FORGE_78-32_iDASv3-P11_UTC190427102508,19.0,21.0,273,678,1000.0
355,utah_2019__FORGE_78-32_iDASv3-P11_UTC190427102508,utah_2019,utah_2019,utah_2019_2,noise,0,/home/ted1204/MS_Detection_Datamaker/MS_datamaker_UTAH_2019/data/noise/FORGE_78-32_iDASv3-P11_UTC190427102508.sgy,FORGE_78-32_iDASv3-P11_UTC190427102508.sgy,FORGE_78-32_iDASv3-P11_UTC190427102508,21.0,23.0,273,678,1000.0
356,utah_2019__FORGE_78-32_iDASv3-P11_UTC190427102508,utah_2019,utah_2019,utah_2019_2,noise,0,/home/ted1204/MS_Detection_Datamaker/MS_datamaker_UTAH_2019/data/noise/FORGE_78-32_iDASv3-P11_UTC190427102508.sgy,FORGE_78-32_iDASv3-P11_UTC190427102508.sgy,FORGE_78-32_iDASv3-P11_UTC190427102508,23.0,25.0,273,678,1000.0
357,utah_2019__FORGE_78-32_iDASv3-P11_UTC190427102508,utah_2019,utah_2019,utah_2019_2,noise,0,/home/ted1204/MS_Detection_Datamaker/MS_datamaker_UTAH_2019/data/noise/FORGE_78-32_iDASv3-P11_UTC190427102508.sgy,FORGE_78-32_iDASv3-P11_UTC190427102508.sgy,FORGE_78-32_iDASv3-P11_UTC190427102508,24.0,26.0,273,678,1000.0
358,utah_2019__FORGE_78-32_iDASv3-P11_UTC190427102508,utah_2019,utah_2019,utah_2019_2,noise,0,/home/ted1204/MS_Detection_Datamaker/MS_datamaker_UTAH_2019/data/noise/FORGE_78-32_iDASv3-P11_UTC190427102508.sgy,FORGE_78-32_iDASv3-P11_UTC190427102508.sgy,FORGE_78-32_iDASv3-P11_UTC190427102508,27.0,29.0,273,678,1000.0
359,utah_2019__FORGE_78-32_iDASv3-P11_UTC190427102508,utah_2019,utah_2019,utah_2019_2,noise,0,/home/ted1204/MS_Detection_Datamaker/MS_datamaker_UTAH_2019/data/noise/FORGE_78-32_iDASv3-P11_UTC190427102508.sgy,FORGE_78-32_iDASv3-P11_UTC190427102508.sgy,FORGE_78-32_iDASv3-P11_UTC190427102508,28.0,30.0,273,678,1000.0
360,utah_2019__FORGE_78-32_iDASv3-P11_UTC190427102823,utah_2019,utah_2019,utah_2019_1,noise,0,/home/ted1204/MS_Detection_Datamaker/MS_datamaker_UTAH_2019/data/noise/FORGE_78-32_iDASv3-P11_UTC190427102823.sgy,FORGE_78-32_iDASv3-P11_UTC190427102823.sgy,FORGE_78-32_iDASv3-P11_UTC190427102823,1.0,3.0,679,1084,1000.0
361,utah_2019__FORGE_78-32_iDASv3-P11_UTC190427102823,utah_2019,utah_2019,utah_2019_1,noise,0,/home/ted1204/MS_Detection_Datamaker/MS_datamaker_UTAH_2019/data/noise/FORGE_78-32_iDASv3-P11_UTC190427102823.sgy,FORGE_78-32_iDASv3-P11_UTC190427102823.sgy,FORGE_78-32_iDASv3-P11_UTC190427102823,3.0,5.0,679,1084,1000.0
362,utah_2019__FORGE_78-32_iDASv3-P11_UTC190427102823,utah_2019,utah_2019,utah_2019_1,noise,0,/home/ted1204/MS_Detection_Datamaker/MS_datamaker_UTAH_2019/data/noise/FORGE_78-32_iDASv3-P11_UTC190427102823.sgy,FORGE_78-32_iDASv3-P11_UTC190427102823.sgy,FORGE_78-32_iDASv3-P11_UTC190427102823,7.0,9.0,679,1084,1000.0
363,utah_2019__FORGE_78-32_iDASv3-P11_UTC190427102823,utah_2019,utah_2019,utah_2019_1,noise,0,/home/ted1204/MS_Detection_Datamaker/MS_datamaker_UTAH_2019/data/noise/FORGE_78-32_iDASv3-P11_UTC190427102823.sgy,FORGE_78-32_iDASv3-P11_UTC190427102823.sgy,FORGE_78-32_iDASv3-P11_UTC190427102823,9.0,11.0,679,1084,1000.0
364,utah_2019__FORGE_78-32_iDASv3-P11_UTC190427102823,utah_2019,utah_2019,utah_2019_1,noise,0,/home/ted1204/MS_Detection_Datamaker/MS_datamaker_UTAH_2019/data/noise/FORGE_78-32_iDASv3-P11_UTC190427102823.sgy,FORGE_78-32_iDASv3-P11_UTC190427102823.sgy,FORGE_78-32_iDASv3-P11_UTC190427102823,10.0,12.0,679,1084,1000.0
365,utah_2019__FORGE_78-32_iDASv3-P11_UTC190427102823,utah_2019,utah_2019,utah_2019_1,noise,0,/home/ted1204/MS_Detection_Datamaker/MS_datamaker_UTAH_2019/data/noise/FORGE_78-32_iDASv3-P11_UTC190427102823.sgy,FORGE_78-32_iDASv3-P11_UTC190427102823.sgy,FORGE_78-32_iDASv3-P11_UTC190427102823,11.0,13.0,679,1084,1000.0
366,utah_2019__FORGE_78-32_iDASv3-P11_UTC190427102823,utah_2019,utah_2019,utah_2019_1,noise,0,/home/ted1204/MS_Detection_Datamaker/MS_datamaker_UTAH_2019/data/noise/FORGE_78-32_iDASv3-P11_UTC190427102823.sgy,FORGE_78-32_iDASv3-P11_UTC190427102823.sgy,FORGE_78-32_iDASv3-P11_UTC190427102823,13.0,15.0,679,1084,1000.0
367,utah_2019__FORGE_78-32_iDASv3-P11_UTC190427102823,utah_2019,utah_2019,utah_2019_1,noise,0,/home/ted1204/MS_Detection_Datamaker/MS_datamaker_UTAH_2019/data/noise/FORGE_78-32_iDASv3-P11_UTC190427102823.sgy,FORGE_78-32_iDASv3-P11_UTC190427102823.sgy,FORGE_78-32_iDASv3-P11_UTC190427102823,16.0,18.0,679,1084,1000.0
368,utah_2019__FORGE_78-32_iDASv3-P11_UTC190427102823,utah_2019,utah_2019,utah_2019_1,noise,0,/home/ted1204/MS_Detection_Datamaker/MS_datamaker_UTAH_2019/data/noise/FORGE_78-32_iDASv3-P11_UTC190427102823.sgy,FORGE_78-32_iDASv3-P11_UTC190427102823.sgy,FORGE_78-32_iDASv3-P11_UTC190427102823,19.0,21.0,679,1084,1000.0
369,utah_2019__FORGE_78-32_iDASv3-P11_UTC190427102823,utah_2019,utah_2019,utah_2019_1,noise,0,/home/ted1204/MS_Detection_Datamaker/MS_datamaker_UTAH_2019/data/noise/FORGE_78-32_iDASv3-P11_UTC190427102823.sgy,FORGE_78-32_iDASv3-P11_UTC190427102823.sgy,FORGE_78-32_iDASv3-P11_UTC190427102823,20.0,22.0,679,1084,1000.0
370,utah_2019__FORGE_78-32_iDASv3-P11_UTC190427102823,utah_2019,utah_2019,utah_2019_1,noise,0,/home/ted1204/MS_Detection_Datamaker/MS_datamaker_UTAH_2019/data/noise/FORGE_78-32_iDASv3-P11_UTC190427102823.sgy,FORGE_78-32_iDASv3-P11_UTC190427102823.sgy,FORGE_78-32_iDASv3-P11_UTC190427102823,21.0,23.0,679,1084,1000.0
371,utah_2019__FORGE_78-32_iDASv3-P11_UTC190427102823,utah_2019,utah_2019,utah_2019_1,noise,0,/home/ted1204/MS_Detection_Datamaker/MS_datamaker_UTAH_2019/data/noise/FORGE_78-32_iDASv3-P11_UTC190427102823.sgy,FORGE_78-32_iDASv3-P11_UTC190427102823.sgy,FORGE_78-32_iDASv3-P11_UTC190427102823,22.0,24.0,679,1084,1000.0
372,utah_2019__FORGE_78-32_iDASv3-P11_UTC190427102823,utah_2019,utah_2019,utah_2019_1,noise,0,/home/ted1204/MS_Detection_Datamaker/MS_datamaker_UTAH_2019/data/noise/FORGE_78-32_iDASv3-P11_UTC190427102823.sgy,FORGE_78-32_iDASv3-P11_UTC190427102823.sgy,FORGE_78-32_iDASv3-P11_UTC190427102823,23.0,25.0,679,1084,1000.0
373,utah_2019__FORGE_78-32_iDASv3-P11_UTC190427102823,utah_2019,utah_2019,utah_2019_1,noise,0,/home/ted1204/MS_Detection_Datamaker/MS_datamaker_UTAH_2019/data/noise/FORGE_78-32_iDASv3-P11_UTC190427102823.sgy,FORGE_78-32_iDASv3-P11_UTC190427102823.sgy,FORGE_78-32_iDASv3-P11_UTC190427102823,27.0,29.0,679,1084,1000.0
374,utah_2019__FORGE_78-32_iDASv3-P11_UTC190427102823,utah_2019,utah_2019,utah_2019_1,noise,0,/home/ted1204/MS_Detection_Datamaker/MS_datamaker_UTAH_2019/data/noise/FORGE_78-32_iDASv3-P11_UTC190427102823.sgy,FORGE_78-32_iDASv3-P11_UTC190427102823.sgy,FORGE_78-32_iDASv3-P11_UTC190427102823,28.0,30.0,679,1084,1000.0
375,utah_2019__FORGE_78-32_iDASv3-P11_UTC190427102823,utah_2019,utah_2019,utah_2019_2,noise,0,/home/ted1204/MS_Detection_Datamaker/MS_datamaker_UTAH_2019/data/noise/FORGE_78-32_iDASv3-P11_UTC190427102823.sgy,FORGE_78-32_iDASv3-P11_UTC190427102823.sgy,FORGE_78-32_iDASv3-P11_UTC190427102823,1.0,3.0,273,678,1000.0
376,utah_2019__FORGE_78-32_iDASv3-P11_UTC190427102823,utah_2019,utah_2019,utah_2019_2,noise,0,/home/ted1204/MS_Detection_Datamaker/MS_datamaker_UTAH_2019/data/noise/FORGE_78-32_iDASv3-P11_UTC190427102823.sgy,FORGE_78-32_iDASv3-P11_UTC190427102823.sgy,FORGE_78-32_iDASv3-P11_UTC190427102823,3.0,5.0,273,678,1000.0
377,utah_2019__FORGE_78-32_iDASv3-P11_UTC190427102823,utah_2019,utah_2019,utah_2019_2,noise,0,/home/ted1204/MS_Detection_Datamaker/MS_datamaker_UTAH_2019/data/noise/FORGE_78-32_iDASv3-P11_UTC190427102823.sgy,FORGE_78-32_iDASv3-P11_UTC190427102823.sgy,FORGE_78-32_iDASv3-P11_UTC190427102823,7.0,9.0,273,678,1000.0
378,utah_2019__FORGE_78-32_iDASv3-P11_UTC190427102823,utah_2019,utah_2019,utah_2019_2,noise,0,/home/ted1204/MS_Detection_Datamaker/MS_datamaker_UTAH_2019/data/noise/FORGE_78-32_iDASv3-P11_UTC190427102823.sgy,FORGE_78-32_iDASv3-P11_UTC190427102823.sgy,FORGE_78-32_iDASv3-P11_UTC190427102823,9.0,11.0,273,678,1000.0
379,utah_2019__FORGE_78-32_iDASv3-P11_UTC190427102823,utah_2019,utah_2019,utah_2019_2,noise,0,/home/ted1204/MS_Detection_Datamaker/MS_datamaker_UTAH_2019/data/noise/FORGE_78-32_iDASv3-P11_UTC190427102823.sgy,FORGE_78-32_iDASv3-P11_UTC190427102823.sgy,FORGE_78-32_iDASv3-P11_UTC190427102823,10.0,12.0,273,678,1000.0
380,utah_2019__FORGE_78-32_iDASv3-P11_UTC190427102823,utah_2019,utah_2019,utah_2019_2,noise,0,/home/ted1204/MS_Detection_Datamaker/MS_datamaker_UTAH_2019/data/noise/FORGE_78-32_iDASv3-P11_UTC190427102823.sgy,FORGE_78-32_iDASv3-P11_UTC190427102823.sgy,FORGE_78-32_iDASv3-P11_UTC190427102823,11.0,13.0,273,678,1000.0
381,utah_2019__FORGE_78-32_iDASv3-P11_UTC190427102823,utah_2019,utah_2019,utah_2019_2,noise,0,/home/ted1204/MS_Detection_Datamaker/MS_datamaker_UTAH_2019/data/noise/FORGE_78-32_iDASv3-P11_UTC190427102823.sgy,FORGE_78-32_iDASv3-P11_UTC190427102823.sgy,FORGE_78-32_iDASv3-P11_UTC190427102823,13.0,15.0,273,678,1000.0
382,utah_2019__FORGE_78-32_iDASv3-P11_UTC190427102823,utah_2019,utah_2019,utah_2019_2,noise,0,/home/ted1204/MS_Detection_Datamaker/MS_datamaker_UTAH_2019/data/noise/FORGE_78-32_iDASv3-P11_UTC190427102823.sgy,FORGE_78-32_iDASv3-P11_UTC190427102823.sgy,FORGE_78-32_iDASv3-P11_UTC190427102823,16.0,18.0,273,678,1000.0
383,utah_2019__FORGE_78-32_iDASv3-P11_UTC190427102823,utah_2019,utah_2019,utah_2019_2,noise,0,/home/ted1204/MS_Detection_Datamaker/MS_datamaker_UTAH_2019/data/noise/FORGE_78-32_iDASv3-P11_UTC190427102823.sgy,FORGE_78-32_iDASv3-P11_UTC190427102823.sgy,FORGE_78-32_iDASv3-P11_UTC190427102823,19.0,21.0,273,678,1000.0
384,utah_2019__FORGE_78-32_iDASv3-P11_UTC190427102823,utah_2019,utah_2019,utah_2019_2,noise,0,/home/ted1204/MS_Detection_Datamaker/MS_datamaker_UTAH_2019/data/noise/FORGE_78-32_iDASv3-P11_UTC190427102823.sgy,FORGE_78-32_iDASv3-P11_UTC190427102823.sgy,FORGE_78-32_iDASv3-P11_UTC190427102823,20.0,22.0,273,678,1000.0
385,utah_2019__FORGE_78-32_iDASv3-P11_UTC190427102823,utah_2019,utah_2019,utah_2019_2,noise,0,/home/ted1204/MS_Detection_Datamaker/MS_datamaker_UTAH_2019/data/noise/FORGE_78-32_iDASv3-P11_UTC190427102823.sgy,FORGE_78-32_iDASv3-P11_UTC190427102823.sgy,FORGE_78-32_iDASv3-P11_UTC190427102823,21.0,23.0,273,678,1000.0
386,utah_2019__FORGE_78-32_iDASv3-P11_UTC190427102823,utah_2019,utah_2019,utah_2019_2,noise,0,/home/ted1204/MS_Detection_Datamaker/MS_datamaker_UTAH_2019/data/noise/FORGE_78-32_iDASv3-P11_UTC190427102823.sgy,FORGE_78-32_iDASv3-P11_UTC190427102823.sgy,FORGE_78-32_iDASv3-P11_UTC190427102823,22.0,24.0,273,678,1000.0
387,utah_2019__FORGE_78-32_iDASv3-P11_UTC190427102823,utah_2019,utah_2019,utah_2019_2,noise,0,/home/ted1204/MS_Detection_Datamaker/MS_datamaker_UTAH_2019/data/noise/FORGE_78-32_iDASv3-P11_UTC190427102823.sgy,FORGE_78-32_iDASv3-P11_UTC190427102823.sgy,FORGE_78-32_iDASv3-P11_UTC190427102823,23.0,25.0,273,678,1000.0
388,utah_2019__FORGE_78-32_iDASv3-P11_UTC190427102823,utah_2019,utah_2019,utah_2019_2,noise,0,/home/ted1204/MS_Detection_Datamaker/MS_datamaker_UTAH_2019/data/noise/FORGE_78-32_iDASv3-P11_UTC190427102823.sgy,FORGE_78-32_iDASv3-P11_UTC190427102823.sgy,FORGE_78-32_iDASv3-P11_UTC190427102823,27.0,29.0,273,678,1000.0
389,utah_2019__FORGE_78-32_iDASv3-P11_UTC190427102823,utah_2019,utah_2019,utah_2019_2,noise,0,/home/ted1204/MS_Detection_Datamaker/MS_datamaker_UTAH_2019/data/noise/FORGE_78-32_iDASv3-P11_UTC190427102823.sgy,FORGE_78-32_iDASv3-P11_UTC190427102823.sgy,FORGE_78-32_iDASv3-P11_UTC190427102823,28.0,30.0,273,678,1000.0
390,utah_2019__FORGE_78-32_iDASv3-P11_UTC190427102938,utah_2019,utah_2019,utah_2019_1,noise,0,/home/ted1204/MS_Detection_Datamaker/MS_datamaker_UTAH_2019/data/noise/FORGE_78-32_iDASv3-P11_UTC190427102938.sgy,FORGE_78-32_iDASv3-P11_UTC190427102938.sgy,FORGE_78-32_iDASv3-P11_UTC190427102938,0.0,2.0,679,1084,1000.0
391,utah_2019__FORGE_78-32_iDASv3-P11_UTC190427102938,utah_2019,utah_2019,utah_2019_1,noise,0,/home/ted1204/MS_Detection_Datamaker/MS_datamaker_UTAH_2019/data/noise/FORGE_78-32_iDASv3-P11_UTC190427102938.sgy,FORGE_78-32_iDASv3-P11_UTC190427102938.sgy,FORGE_78-32_iDASv3-P11_UTC190427102938,1.0,3.0,679,1084,1000.0
392,utah_2019__FORGE_78-32_iDASv3-P11_UTC190427102938,utah_2019,utah_2019,utah_2019_1,noise,0,/home/ted1204/MS_Detection_Datamaker/MS_datamaker_UTAH_2019/data/noise/FORGE_78-32_iDASv3-P11_UTC190427102938.sgy,FORGE_78-32_iDASv3-P11_UTC190427102938.sgy,FORGE_78-32_iDASv3-P11_UTC190427102938,6.0,8.0,679,1084,1000.0
393,utah_2019__FORGE_78-32_iDASv3-P11_UTC190427102938,utah_2019,utah_2019,utah_2019_1,noise,0,/home/ted1204/MS_Detection_Datamaker/MS_datamaker_UTAH_2019/data/noise/FORGE_78-32_iDASv3-P11_UTC190427102938.sgy,FORGE_78-32_iDASv3-P11_UTC190427102938.sgy,FORGE_78-32_iDASv3-P11_UTC190427102938,12.0,14.0,679,1084,1000.0
394,utah_2019__FORGE_78-32_iDASv3-P11_UTC190427102938,utah_2019,utah_2019,utah_2019_1,noise,0,/home/ted1204/MS_Detection_Datamaker/MS_datamaker_UTAH_2019/data/noise/FORGE_78-32_iDASv3-P11_UTC190427102938.sgy,FORGE_78-32_iDASv3-P11_UTC190427102938.sgy,FORGE_78-32_iDASv3-P11_UTC190427102938,13.0,15.0,679,1084,1000.0
395,utah_2019__FORGE_78-32_iDASv3-P11_UTC190427102938,utah_2019,utah_2019,utah_2019_1,noise,0,/home/ted1204/MS_Detection_Datamaker/MS_datamaker_UTAH_2019/data/noise/FORGE_78-32_iDASv3-P11_UTC190427102938.sgy,FORGE_78-32_iDASv3-P11_UTC190427102938.sgy,FORGE_78-32_iDASv3-P11_UTC190427102938,14.0,16.0,679,1084,1000.0
396,utah_2019__FORGE_78-32_iDASv3-P11_UTC190427102938,utah_2019,utah_2019,utah_2019_1,noise,0,/home/ted1204/MS_Detection_Datamaker/MS_datamaker_UTAH_2019/data/noise/FORGE_78-32_iDASv3-P11_UTC190427102938.sgy,FORGE_78-32_iDASv3-P11_UTC190427102938.sgy,FORGE_78-32_iDASv3-P11_UTC190427102938,17.0,19.0,679,1084,1000.0
397,utah_2019__FORGE_78-32_iDASv3-P11_UTC190427102938,utah_2019,utah_2019,utah_2019_1,noise,0,/home/ted1204/MS_Detection_Datamaker/MS_datamaker_UTAH_2019/data/noise/FORGE_78-32_iDASv3-P11_UTC190427102938.sgy,FORGE_78-32_iDASv3-P11_UTC190427102938.sgy,FORGE_78-32_iDASv3-P11_UTC190427102938,18.0,20.0,679,1084,1000.0
398,utah_2019__FORGE_78-32_iDASv3-P11_UTC190427102938,utah_2019,utah_2019,utah_2019_1,noise,0,/home/ted1204/MS_Detection_Datamaker/MS_datamaker_UTAH_2019/data/noise/FORGE_78-32_iDASv3-P11_UTC190427102938.sgy,FORGE_78-32_iDASv3-P11_UTC190427102938.sgy,FORGE_78-32_iDASv3-P11_UTC190427102938,20.0,22.0,679,1084,1000.0
399,utah_2019__FORGE_78-32_iDASv3-P11_UTC190427102938,utah_2019,utah_2019,utah_2019_1,noise,0,/home/ted1204/MS_Detection_Datamaker/MS_datamaker_UTAH_2019/data/noise/FORGE_78-32_iDASv3-P11_UTC190427102938.sgy,FORGE_78-32_iDASv3-P11_UTC190427102938.sgy,FORGE_78-32_iDASv3-P11_UTC190427102938,21.0,23.0,679,1084,1000.0
400,utah_2019__FORGE_78-32_iDASv3-P11_UTC190427102938,utah_2019,utah_2019,utah_2019_1,noise,0,/home/ted1204/MS_Detection_Datamaker/MS_datamaker_UTAH_2019/data/noise/FORGE_78-32_iDASv3-P11_UTC190427102938.sgy,FORGE_78-32_iDASv3-P11_UTC190427102938.sgy,FORGE_78-32_iDASv3-P11_UTC190427102938,22.0,24.0,679,1084,1000.0
401,utah_2019__FORGE_78-32_iDASv3-P11_UTC190427102938,utah_2019,utah_2019,utah_2019_1,noise,0,/home/ted1204/MS_Detection_Datamaker/MS_datamaker_UTAH_2019/data/noise/FORGE_78-32_iDASv3-P11_UTC190427102938.sgy,FORGE_78-32_iDASv3-P11_UTC190427102938.sgy,FORGE_78-32_iDASv3-P11_UTC190427102938,24.0,26.0,679,1084,1000.0
402,utah_2019__FORGE_78-32_iDASv3-P11_UTC190427102938,utah_2019,utah_2019,utah_2019_1,noise,0,/home/ted1204/MS_Detection_Datamaker/MS_datamaker_UTAH_2019/data/noise/FORGE_78-32_iDASv3-P11_UTC190427102938.sgy,FORGE_78-32_iDASv3-P11_UTC190427102938.sgy,FORGE_78-32_iDASv3-P11_UTC190427102938,26.0,28.0,679,1084,1000.0
403,utah_2019__FORGE_78-32_iDASv3-P11_UTC190427102938,utah_2019,utah_2019,utah_2019_1,noise,0,/home/ted1204/MS_Detection_Datamaker/MS_datamaker_UTAH_2019/data/noise/FORGE_78-32_iDASv3-P11_UTC190427102938.sgy,FORGE_78-32_iDASv3-P11_UTC190427102938.sgy,FORGE_78-32_iDASv3-P11_UTC190427102938,27.0,29.0,679,1084,1000.0
404,utah_2019__FORGE_78-32_iDASv3-P11_UTC190427102938,utah_2019,utah_2019,utah_2019_1,noise,0,/home/ted1204/MS_Detection_Datamaker/MS_datamaker_UTAH_2019/data/noise/FORGE_78-32_iDASv3-P11_UTC190427102938.sgy,FORGE_78-32_iDASv3-P11_UTC190427102938.sgy,FORGE_78-32_iDASv3-P11_UTC190427102938,28.0,30.0,679,1084,1000.0
405,utah_2019__FORGE_78-32_iDASv3-P11_UTC190427102938,utah_2019,utah_2019,utah_2019_2,noise,0,/home/ted1204/MS_Detection_Datamaker/MS_datamaker_UTAH_2019/data/noise/FORGE_78-32_iDASv3-P11_UTC190427102938.sgy,FORGE_78-32_iDASv3-P11_UTC190427102938.sgy,FORGE_78-32_iDASv3-P11_UTC190427102938,0.0,2.0,273,678,1000.0
406,utah_2019__FORGE_78-32_iDASv3-P11_UTC190427102938,utah_2019,utah_2019,utah_2019_2,noise,0,/home/ted1204/MS_Detection_Datamaker/MS_datamaker_UTAH_2019/data/noise/FORGE_78-32_iDASv3-P11_UTC190427102938.sgy,FORGE_78-32_iDASv3-P11_UTC190427102938.sgy,FORGE_78-32_iDASv3-P11_UTC190427102938,1.0,3.0,273,678,1000.0
407,utah_2019__FORGE_78-32_iDASv3-P11_UTC190427102938,utah_2019,utah_2019,utah_2019_2,noise,0,/home/ted1204/MS_Detection_Datamaker/MS_datamaker_UTAH_2019/data/noise/FORGE_78-32_iDASv3-P11_UTC190427102938.sgy,FORGE_78-32_iDASv3-P11_UTC190427102938.sgy,FORGE_78-32_iDASv3-P11_UTC190427102938,6.0,8.0,273,678,1000.0
408,utah_2019__FORGE_78-32_iDASv3-P11_UTC190427102938,utah_2019,utah_2019,utah_2019_2,noise,0,/home/ted1204/MS_Detection_Datamaker/MS_datamaker_UTAH_2019/data/noise/FORGE_78-32_iDASv3-P11_UTC190427102938.sgy,FORGE_78-32_iDASv3-P11_UTC190427102938.sgy,FORGE_78-32_iDASv3-P11_UTC190427102938,12.0,14.0,273,678,1000.0
409,utah_2019__FORGE_78-32_iDASv3-P11_UTC190427102938,utah_2019,utah_2019,utah_2019_2,noise,0,/home/ted1204/MS_Detection_Datamaker/MS_datamaker_UTAH_2019/data/noise/FORGE_78-32_iDASv3-P11_UTC190427102938.sgy,FORGE_78-32_iDASv3-P11_UTC190427102938.sgy,FORGE_78-32_iDASv3-P11_UTC190427102938,13.0,15.0,273,678,1000.0
410,utah_2019__FORGE_78-32_iDASv3-P11_UTC190427102938,utah_2019,utah_2019,utah_2019_2,noise,0,/home/ted1204/MS_Detection_Datamaker/MS_datamaker_UTAH_2019/data/noise/FORGE_78-32_iDASv3-P11_UTC190427102938.sgy,FORGE_78-32_iDASv3-P11_UTC190427102938.sgy,FORGE_78-32_iDASv3-P11_UTC190427102938,14.0,16.0,273,678,1000.0
411,utah_2019__FORGE_78-32_iDASv3-P11_UTC190427102938,utah_2019,utah_2019,utah_2019_2,noise,0,/home/ted1204/MS_Detection_Datamaker/MS_datamaker_UTAH_2019/data/noise/FORGE_78-32_iDASv3-P11_UTC190427102938.sgy,FORGE_78-32_iDASv3-P11_UTC190427102938.sgy,FORGE_78-32_iDASv3-P11_UTC190427102938,17.0,19.0,273,678,1000.0
412,utah_2019__FORGE_78-32_iDASv3-P11_UTC190427102938,utah_2019,utah_2019,utah_2019_2,noise,0,/home/ted1204/MS_Detection_Datamaker/MS_datamaker_UTAH_2019/data/noise/FORGE_78-32_iDASv3-P11_UTC190427102938.sgy,FORGE_78-32_iDASv3-P11_UTC190427102938.sgy,FORGE_78-32_iDASv3-P11_UTC190427102938,18.0,20.0,273,678,1000.0
413,utah_2019__FORGE_78-32_iDASv3-P11_UTC190427102938,utah_2019,utah_2019,utah_2019_2,noise,0,/home/ted1204/MS_Detection_Datamaker/MS_datamaker_UTAH_2019/data/noise/FORGE_78-32_iDASv3-P11_UTC190427102938.sgy,FORGE_78-32_iDASv3-P11_UTC190427102938.sgy,FORGE_78-32_iDASv3-P11_UTC190427102938,20.0,22.0,273,678,1000.0
414,utah_2019__FORGE_78-32_iDASv3-P11_UTC190427102938,utah_2019,utah_2019,utah_2019_2,noise,0,/home/ted1204/MS_Detection_Datamaker/MS_datamaker_UTAH_2019/data/noise/FORGE_78-32_iDASv3-P11_UTC190427102938.sgy,FORGE_78-32_iDASv3-P11_UTC190427102938.sgy,FORGE_78-32_iDASv3-P11_UTC190427102938,21.0,23.0,273,678,1000.0
415,utah_2019__FORGE_78-32_iDASv3-P11_UTC190427102938,utah_2019,utah_2019,utah_2019_2,noise,0,/home/ted1204/MS_Detection_Datamaker/MS_datamaker_UTAH_2019/data/noise/FORGE_78-32_iDASv3-P11_UTC190427102938.sgy,FORGE_78-32_iDASv3-P11_UTC190427102938.sgy,FORGE_78-32_iDASv3-P11_UTC190427102938,22.0,24.0,273,678,1000.0
416,utah_2019__FORGE_78-32_iDASv3-P11_UTC190427102938,utah_2019,utah_2019,utah_2019_2,noise,0,/home/ted1204/MS_Detection_Datamaker/MS_datamaker_UTAH_2019/data/noise/FORGE_78-32_iDASv3-P11_UTC190427102938.sgy,FORGE_78-32_iDASv3-P11_UTC190427102938.sgy,FORGE_78-32_iDASv3-P11_UTC190427102938,24.0,26.0,273,678,1000.0
417,utah_2019__FORGE_78-32_iDASv3-P11_UTC190427102938,utah_2019,utah_2019,utah_2019_2,noise,0,/home/ted1204/MS_Detection_Datamaker/MS_datamaker_UTAH_2019/data/noise/FORGE_78-32_iDASv3-P11_UTC190427102938.sgy,FORGE_78-32_iDASv3-P11_UTC190427102938.sgy,FORGE_78-32_iDASv3-P11_UTC190427102938,26.0,28.0,273,678,1000.0
418,utah_2019__FORGE_78-32_iDASv3-P11_UTC190427102938,utah_2019,utah_2019,utah_2019_2,noise,0,/home/ted1204/MS_Detection_Datamaker/MS_datamaker_UTAH_2019/data/noise/FORGE_78-32_iDASv3-P11_UTC190427102938.sgy,FORGE_78-32_iDASv3-P11_UTC190427102938.sgy,FORGE_78-32_iDASv3-P11_UTC190427102938,27.0,29.0,273,678,1000.0
419,utah_2019__FORGE_78-32_iDASv3-P11_UTC190427102938,utah_2019,utah_2019,utah_2019_2,noise,0,/home/ted1204/MS_Detection_Datamaker/MS_datamaker_UTAH_2019/data/noise/FORGE_78-32_iDASv3-P11_UTC190427102938.sgy,FORGE_78-32_iDASv3-P11_UTC190427102938.sgy,FORGE_78-32_iDASv3-P11_UTC190427102938,28.0,30.0,273,678,1000.0
420,utah_2019__FORGE_78-32_iDASv3-P11_UTC190429211108,utah_2019,utah_2019,utah_2019_1,noise,0,/home/ted1204/MS_Detection_Datamaker/MS_datamaker_UTAH_2019/data/noise/FORGE_78-32_iDASv3-P11_UTC190429211108.sgy,FORGE_78-32_iDASv3-P11_UTC190429211108.sgy,FORGE_78-32_iDASv3-P11_UTC190429211108,0.0,2.0,679,1084,1000.0
421,utah_2019__FORGE_78-32_iDASv3-P11_UTC190429211108,utah_2019,utah_2019,utah_2019_1,noise,0,/home/ted1204/MS_Detection_Datamaker/MS_datamaker_UTAH_2019/data/noise/FORGE_78-32_iDASv3-P11_UTC190429211108.sgy,FORGE_78-32_iDASv3-P11_UTC190429211108.sgy,FORGE_78-32_iDASv3-P11_UTC190429211108,1.0,3.0,679,1084,1000.0
422,utah_2019__FORGE_78-32_iDASv3-P11_UTC190429211108,utah_2019,utah_2019,utah_2019_1,noise,0,/home/ted1204/MS_Detection_Datamaker/MS_datamaker_UTAH_2019/data/noise/FORGE_78-32_iDASv3-P11_UTC190429211108.sgy,FORGE_78-32_iDASv3-P11_UTC190429211108.sgy,FORGE_78-32_iDASv3-P11_UTC190429211108,3.0,5.0,679,1084,1000.0
423,utah_2019__FORGE_78-32_iDASv3-P11_UTC190429211108,utah_2019,utah_2019,utah_2019_1,noise,0,/home/ted1204/MS_Detection_Datamaker/MS_datamaker_UTAH_2019/data/noise/FORGE_78-32_iDASv3-P11_UTC190429211108.sgy,FORGE_78-32_iDASv3-P11_UTC190429211108.sgy,FORGE_78-32_iDASv3-P11_UTC190429211108,4.0,6.0,679,1084,1000.0
424,utah_2019__FORGE_78-32_iDASv3-P11_UTC190429211108,utah_2019,utah_2019,utah_2019_1,noise,0,/home/ted1204/MS_Detection_Datamaker/MS_datamaker_UTAH_2019/data/noise/FORGE_78-32_iDASv3-P11_UTC190429211108.sgy,FORGE_78-32_iDASv3-P11_UTC190429211108.sgy,FORGE_78-32_iDASv3-P11_UTC190429211108,5.0,7.0,679,1084,1000.0
425,utah_2019__FORGE_78-32_iDASv3-P11_UTC190429211108,utah_2019,utah_2019,utah_2019_1,noise,0,/home/ted1204/MS_Detection_Datamaker/MS_datamaker_UTAH_2019/data/noise/FORGE_78-32_iDASv3-P11_UTC190429211108.sgy,FORGE_78-32_iDASv3-P11_UTC190429211108.sgy,FORGE_78-32_iDASv3-P11_UTC190429211108,7.0,9.0,679,1084,1000.0
426,utah_2019__FORGE_78-32_iDASv3-P11_UTC190429211108,utah_2019,utah_2019,utah_2019_1,noise,0,/home/ted1204/MS_Detection_Datamaker/MS_datamaker_UTAH_2019/data/noise/FORGE_78-32_iDASv3-P11_UTC190429211108.sgy,FORGE_78-32_iDASv3-P11_UTC190429211108.sgy,FORGE_78-32_iDASv3-P11_UTC190429211108,9.0,11.0,679,1084,1000.0
427,utah_2019__FORGE_78-32_iDASv3-P11_UTC190429211108,utah_2019,utah_2019,utah_2019_1,noise,0,/home/ted1204/MS_Detection_Datamaker/MS_datamaker_UTAH_2019/data/noise/FORGE_78-32_iDASv3-P11_UTC190429211108.sgy,FORGE_78-32_iDASv3-P11_UTC190429211108.sgy,FORGE_78-32_iDASv3-P11_UTC190429211108,11.0,13.0,679,1084,1000.0
428,utah_2019__FORGE_78-32_iDASv3-P11_UTC190429211108,utah_2019,utah_2019,utah_2019_1,noise,0,/home/ted1204/MS_Detection_Datamaker/MS_datamaker_UTAH_2019/data/noise/FORGE_78-32_iDASv3-P11_UTC190429211108.sgy,FORGE_78-32_iDASv3-P11_UTC190429211108.sgy,FORGE_78-32_iDASv3-P11_UTC190429211108,16.0,18.0,679,1084,1000.0
429,utah_2019__FORGE_78-32_iDASv3-P11_UTC190429211108,utah_2019,utah_2019,utah_2019_1,noise,0,/home/ted1204/MS_Detection_Datamaker/MS_datamaker_UTAH_2019/data/noise/FORGE_78-32_iDASv3-P11_UTC190429211108.sgy,FORGE_78-32_iDASv3-P11_UTC190429211108.sgy,FORGE_78-32_iDASv3-P11_UTC190429211108,17.0,19.0,679,1084,1000.0
430,utah_2019__FORGE_78-32_iDASv3-P11_UTC190429211108,utah_2019,utah_2019,utah_2019_1,noise,0,/home/ted1204/MS_Detection_Datamaker/MS_datamaker_UTAH_2019/data/noise/FORGE_78-32_iDASv3-P11_UTC190429211108.sgy,FORGE_78-32_iDASv3-P11_UTC190429211108.sgy,FORGE_78-32_iDASv3-P11_UTC190429211108,18.0,20.0,679,1084,1000.0
431,utah_2019__FORGE_78-32_iDASv3-P11_UTC190429211108,utah_2019,utah_2019,utah_2019_1,noise,0,/home/ted1204/MS_Detection_Datamaker/MS_datamaker_UTAH_2019/data/noise/FORGE_78-32_iDASv3-P11_UTC190429211108.sgy,FORGE_78-32_iDASv3-P11_UTC190429211108.sgy,FORGE_78-32_iDASv3-P11_UTC190429211108,21.0,23.0,679,1084,1000.0
432,utah_2019__FORGE_78-32_iDASv3-P11_UTC190429211108,utah_2019,utah_2019,utah_2019_1,noise,0,/home/ted1204/MS_Detection_Datamaker/MS_datamaker_UTAH_2019/data/noise/FORGE_78-32_iDASv3-P11_UTC190429211108.sgy,FORGE_78-32_iDASv3-P11_UTC190429211108.sgy,FORGE_78-32_iDASv3-P11_UTC190429211108,22.0,24.0,679,1084,1000.0
433,utah_2019__FORGE_78-32_iDASv3-P11_UTC190429211108,utah_2019,utah_2019,utah_2019_1,noise,0,/home/ted1204/MS_Detection_Datamaker/MS_datamaker_UTAH_2019/data/noise/FORGE_78-32_iDASv3-P11_UTC190429211108.sgy,FORGE_78-32_iDASv3-P11_UTC190429211108.sgy,FORGE_78-32_iDASv3-P11_UTC190429211108,23.0,25.0,679,1084,1000.0
434,utah_2019__FORGE_78-32_iDASv3-P11_UTC190429211108,utah_2019,utah_2019,utah_2019_1,noise,0,/home/ted1204/MS_Detection_Datamaker/MS_datamaker_UTAH_2019/data/noise/FORGE_78-32_iDASv3-P11_UTC190429211108.sgy,FORGE_78-32_iDASv3-P11_UTC190429211108.sgy,FORGE_78-32_iDASv3-P11_UTC190429211108,24.0,26.0,679,1084,1000.0
435,utah_2019__FORGE_78-32_iDASv3-P11_UTC190429211108,utah_2019,utah_2019,utah_2019_2,noise,0,/home/ted1204/MS_Detection_Datamaker/MS_datamaker_UTAH_2019/data/noise/FORGE_78-32_iDASv3-P11_UTC190429211108.sgy,FORGE_78-32_iDASv3-P11_UTC190429211108.sgy,FORGE_78-32_iDASv3-P11_UTC190429211108,0.0,2.0,273,678,1000.0
436,utah_2019__FORGE_78-32_iDASv3-P11_UTC190429211108,utah_2019,utah_2019,utah_2019_2,noise,0,/home/ted1204/MS_Detection_Datamaker/MS_datamaker_UTAH_2019/data/noise/FORGE_78-32_iDASv3-P11_UTC190429211108.sgy,FORGE_78-32_iDASv3-P11_UTC190429211108.sgy,FORGE_78-32_iDASv3-P11_UTC190429211108,1.0,3.0,273,678,1000.0
437,utah_2019__FORGE_78-32_iDASv3-P11_UTC190429211108,utah_2019,utah_2019,utah_2019_2,noise,0,/home/ted1204/MS_Detection_Datamaker/MS_datamaker_UTAH_2019/data/noise/FORGE_78-32_iDASv3-P11_UTC190429211108.sgy,FORGE_78-32_iDASv3-P11_UTC190429211108.sgy,FORGE_78-32_iDASv3-P11_UTC190429211108,3.0,5.0,273,678,1000.0
438,utah_2019__FORGE_78-32_iDASv3-P11_UTC190429211108,utah_2019,utah_2019,utah_2019_2,noise,0,/home/ted1204/MS_Detection_Datamaker/MS_datamaker_UTAH_2019/data/noise/FORGE_78-32_iDASv3-P11_UTC190429211108.sgy,FORGE_78-32_iDASv3-P11_UTC190429211108.sgy,FORGE_78-32_iDASv3-P11_UTC190429211108,4.0,6.0,273,678,1000.0
439,utah_2019__FORGE_78-32_iDASv3-P11_UTC190429211108,utah_2019,utah_2019,utah_2019_2,noise,0,/home/ted1204/MS_Detection_Datamaker/MS_datamaker_UTAH_2019/data/noise/FORGE_78-32_iDASv3-P11_UTC190429211108.sgy,FORGE_78-32_iDASv3-P11_UTC190429211108.sgy,FORGE_78-32_iDASv3-P11_UTC190429211108,5.0,7.0,273,678,1000.0
440,utah_2019__FORGE_78-32_iDASv3-P11_UTC190429211108,utah_2019,utah_2019,utah_2019_2,noise,0,/home/ted1204/MS_Detection_Datamaker/MS_datamaker_UTAH_2019/data/noise/FORGE_78-32_iDASv3-P11_UTC190429211108.sgy,FORGE_78-32_iDASv3-P11_UTC190429211108.sgy,FORGE_78-32_iDASv3-P11_UTC190429211108,7.0,9.0,273,678,1000.0
441,utah_2019__FORGE_78-32_iDASv3-P11_UTC190429211108,utah_2019,utah_2019,utah_2019_2,noise,0,/home/ted1204/MS_Detection_Datamaker/MS_datamaker_UTAH_2019/data/noise/FORGE_78-32_iDASv3-P11_UTC190429211108.sgy,FORGE_78-32_iDASv3-P11_UTC190429211108.sgy,FORGE_78-32_iDASv3-P11_UTC190429211108,9.0,11.0,273,678,1000.0
442,utah_2019__FORGE_78-32_iDASv3-P11_UTC190429211108,utah_2019,utah_2019,utah_2019_2,noise,0,/home/ted1204/MS_Detection_Datamaker/MS_datamaker_UTAH_2019/data/noise/FORGE_78-32_iDASv3-P11_UTC190429211108.sgy,FORGE_78-32_iDASv3-P11_UTC190429211108.sgy,FORGE_78-32_iDASv3-P11_UTC190429211108,11.0,13.0,273,678,1000.0
443,utah_2019__FORGE_78-32_iDASv3-P11_UTC190429211108,utah_2019,utah_2019,utah_2019_2,noise,0,/home/ted1204/MS_Detection_Datamaker/MS_datamaker_UTAH_2019/data/noise/FORGE_78-32_iDASv3-P11_UTC190429211108.sgy,FORGE_78-32_iDASv3-P11_UTC190429211108.sgy,FORGE_78-32_iDASv3-P11_UTC190429211108,16.0,18.0,273,678,1000.0
444,utah_2019__FORGE_78-32_iDASv3-P11_UTC190429211108,utah_2019,utah_2019,utah_2019_2,noise,0,/home/ted1204/MS_Detection_Datamaker/MS_datamaker_UTAH_2019/data/noise/FORGE_78-32_iDASv3-P11_UTC190429211108.sgy,FORGE_78-32_iDASv3-P11_UTC190429211108.sgy,FORGE_78-32_iDASv3-P11_UTC190429211108,17.0,19.0,273,678,1000.0
445,utah_2019__FORGE_78-32_iDASv3-P11_UTC190429211108,utah_2019,utah_2019,utah_2019_2,noise,0,/home/ted1204/MS_Detection_Datamaker/MS_datamaker_UTAH_2019/data/noise/FORGE_78-32_iDASv3-P11_UTC190429211108.sgy,FORGE_78-32_iDASv3-P11_UTC190429211108.sgy,FORGE_78-32_iDASv3-P11_UTC190429211108,18.0,20.0,273,678,1000.0
446,utah_2019__FORGE_78-32_iDASv3-P11_UTC190429211108,utah_2019,utah_2019,utah_2019_2,noise,0,/home/ted1204/MS_Detection_Datamaker/MS_datamaker_UTAH_2019/data/noise/FORGE_78-32_iDASv3-P11_UTC190429211108.sgy,FORGE_78-32_iDASv3-P11_UTC190429211108.sgy,FORGE_78-32_iDASv3-P11_UTC190429211108,21.0,23.0,273,678,1000.0
447,utah_2019__FORGE_78-32_iDASv3-P11_UTC190429211108,utah_2019,utah_2019,utah_2019_2,noise,0,/home/ted1204/MS_Detection_Datamaker/MS_datamaker_UTAH_2019/data/noise/FORGE_78-32_iDASv3-P11_UTC190429211108.sgy,FORGE_78-32_iDASv3-P11_UTC190429211108.sgy,FORGE_78-32_iDASv3-P11_UTC190429211108,22.0,24.0,273,678,1000.0
448,utah_2019__FORGE_78-32_iDASv3-P11_UTC190429211108,utah_2019,utah_2019,utah_2019_2,noise,0,/home/ted1204/MS_Detection_Datamaker/MS_datamaker_UTAH_2019/data/noise/FORGE_78-32_iDASv3-P11_UTC190429211108.sgy,FORGE_78-32_iDASv3-P11_UTC190429211108.sgy,FORGE_78-32_iDASv3-P11_UTC190429211108,23.0,25.0,273,678,1000.0
449,utah_2019__FORGE_78-32_iDASv3-P11_UTC190429211108,utah_2019,utah_2019,utah_2019_2,noise,0,/home/ted1204/MS_Detection_Datamaker/MS_datamaker_UTAH_2019/data/noise/FORGE_78-32_iDASv3-P11_UTC190429211108.sgy,FORGE_78-32_iDASv3-P11_UTC190429211108.sgy,FORGE_78-32_iDASv3-P11_UTC190429211108,24.0,26.0,273,678,1000.0
450,utah_2019__FORGE_78-32_iDASv3-P11_UTC190429211308,utah_2019,utah_2019,utah_2019_1,noise,0,/home/ted1204/MS_Detection_Datamaker/MS_datamaker_UTAH_2019/data/noise/FORGE_78-32_iDASv3-P11_UTC190429211308.sgy,FORGE_78-32_iDASv3-P11_UTC190429211308.sgy,FORGE_78-32_iDASv3-P11_UTC190429211308,0.0,2.0,679,1084,1000.0
451,utah_2019__FORGE_78-32_iDASv3-P11_UTC190429211308,utah_2019,utah_2019,utah_2019_1,noise,0,/home/ted1204/MS_Detection_Datamaker/MS_datamaker_UTAH_2019/data/noise/FORGE_78-32_iDASv3-P11_UTC190429211308.sgy,FORGE_78-32_iDASv3-P11_UTC190429211308.sgy,FORGE_78-32_iDASv3-P11_UTC190429211308,1.0,3.0,679,1084,1000.0
452,utah_2019__FORGE_78-32_iDASv3-P11_UTC190429211308,utah_2019,utah_2019,utah_2019_1,noise,0,/home/ted1204/MS_Detection_Datamaker/MS_datamaker_UTAH_2019/data/noise/FORGE_78-32_iDASv3-P11_UTC190429211308.sgy,FORGE_78-32_iDASv3-P11_UTC190429211308.sgy,FORGE_78-32_iDASv3-P11_UTC190429211308,2.0,4.0,679,1084,1000.0
453,utah_2019__FORGE_78-32_iDASv3-P11_UTC190429211308,utah_2019,utah_2019,utah_2019_1,noise,0,/home/ted1204/MS_Detection_Datamaker/MS_datamaker_UTAH_2019/data/noise/FORGE_78-32_iDASv3-P11_UTC190429211308.sgy,FORGE_78-32_iDASv3-P11_UTC190429211308.sgy,FORGE_78-32_iDASv3-P11_UTC190429211308,4.0,6.0,679,1084,1000.0
454,utah_2019__FORGE_78-32_iDASv3-P11_UTC190429211308,utah_2019,utah_2019,utah_2019_1,noise,0,/home/ted1204/MS_Detection_Datamaker/MS_datamaker_UTAH_2019/data/noise/FORGE_78-32_iDASv3-P11_UTC190429211308.sgy,FORGE_78-32_iDASv3-P11_UTC190429211308.sgy,FORGE_78-32_iDASv3-P11_UTC190429211308,8.0,10.0,679,1084,1000.0
455,utah_2019__FORGE_78-32_iDASv3-P11_UTC190429211308,utah_2019,utah_2019,utah_2019_1,noise,0,/home/ted1204/MS_Detection_Datamaker/MS_datamaker_UTAH_2019/data/noise/FORGE_78-32_iDASv3-P11_UTC190429211308.sgy,FORGE_78-32_iDASv3-P11_UTC190429211308.sgy,FORGE_78-32_iDASv3-P11_UTC190429211308,10.0,12.0,679,1084,1000.0
456,utah_2019__FORGE_78-32_iDASv3-P11_UTC190429211308,utah_2019,utah_2019,utah_2019_1,noise,0,/home/ted1204/MS_Detection_Datamaker/MS_datamaker_UTAH_2019/data/noise/FORGE_78-32_iDASv3-P11_UTC190429211308.sgy,FORGE_78-32_iDASv3-P11_UTC190429211308.sgy,FORGE_78-32_iDASv3-P11_UTC190429211308,12.0,14.0,679,1084,1000.0
457,utah_2019__FORGE_78-32_iDASv3-P11_UTC190429211308,utah_2019,utah_2019,utah_2019_1,noise,0,/home/ted1204/MS_Detection_Datamaker/MS_datamaker_UTAH_2019/data/noise/FORGE_78-32_iDASv3-P11_UTC190429211308.sgy,FORGE_78-32_iDASv3-P11_UTC190429211308.sgy,FORGE_78-32_iDASv3-P11_UTC190429211308,13.0,15.0,679,1084,1000.0
458,utah_2019__FORGE_78-32_iDASv3-P11_UTC190429211308,utah_2019,utah_2019,utah_2019_1,noise,0,/home/ted1204/MS_Detection_Datamaker/MS_datamaker_UTAH_2019/data/noise/FORGE_78-32_iDASv3-P11_UTC190429211308.sgy,FORGE_78-32_iDASv3-P11_UTC190429211308.sgy,FORGE_78-32_iDASv3-P11_UTC190429211308,14.0,16.0,679,1084,1000.0
459,utah_2019__FORGE_78-32_iDASv3-P11_UTC190429211308,utah_2019,utah_2019,utah_2019_1,noise,0,/home/ted1204/MS_Detection_Datamaker/MS_datamaker_UTAH_2019/data/noise/FORGE_78-32_iDASv3-P11_UTC190429211308.sgy,FORGE_78-32_iDASv3-P11_UTC190429211308.sgy,FORGE_78-32_iDASv3-P11_UTC190429211308,20.0,22.0,679,1084,1000.0
460,utah_2019__FORGE_78-32_iDASv3-P11_UTC190429211308,utah_2019,utah_2019,utah_2019_1,noise,0,/home/ted1204/MS_Detection_Datamaker/MS_datamaker_UTAH_2019/data/noise/FORGE_78-32_iDASv3-P11_UTC190429211308.sgy,FORGE_78-32_iDASv3-P11_UTC190429211308.sgy,FORGE_78-32_iDASv3-P11_UTC190429211308,24.0,26.0,679,1084,1000.0
461,utah_2019__FORGE_78-32_iDASv3-P11_UTC190429211308,utah_2019,utah_2019,utah_2019_1,noise,0,/home/ted1204/MS_Detection_Datamaker/MS_datamaker_UTAH_2019/data/noise/FORGE_78-32_iDASv3-P11_UTC190429211308.sgy,FORGE_78-32_iDASv3-P11_UTC190429211308.sgy,FORGE_78-32_iDASv3-P11_UTC190429211308,25.0,27.0,679,1084,1000.0
462,utah_2019__FORGE_78-32_iDASv3-P11_UTC190429211308,utah_2019,utah_2019,utah_2019_1,noise,0,/home/ted1204/MS_Detection_Datamaker/MS_datamaker_UTAH_2019/data/noise/FORGE_78-32_iDASv3-P11_UTC190429211308.sgy,FORGE_78-32_iDASv3-P11_UTC190429211308.sgy,FORGE_78-32_iDASv3-P11_UTC190429211308,26.0,28.0,679,1084,1000.0
463,utah_2019__FORGE_78-32_iDASv3-P11_UTC190429211308,utah_2019,utah_2019,utah_2019_1,noise,0,/home/ted1204/MS_Detection_Datamaker/MS_datamaker_UTAH_2019/data/noise/FORGE_78-32_iDASv3-P11_UTC190429211308.sgy,FORGE_78-32_iDASv3-P11_UTC190429211308.sgy,FORGE_78-32_iDASv3-P11_UTC190429211308,27.0,29.0,679,1084,1000.0
464,utah_2019__FORGE_78-32_iDASv3-P11_UTC190429211308,utah_2019,utah_2019,utah_2019_1,noise,0,/home/ted1204/MS_Detection_Datamaker/MS_datamaker_UTAH_2019/data/noise/FORGE_78-32_iDASv3-P11_UTC190429211308.sgy,FORGE_78-32_iDASv3-P11_UTC190429211308.sgy,FORGE_78-32_iDASv3-P11_UTC190429211308,28.0,30.0,679,1084,1000.0
465,utah_2019__FORGE_78-32_iDASv3-P11_UTC190429211308,utah_2019,utah_2019,utah_2019_2,noise,0,/home/ted1204/MS_Detection_Datamaker/MS_datamaker_UTAH_2019/data/noise/FORGE_78-32_iDASv3-P11_UTC190429211308.sgy,FORGE_78-32_iDASv3-P11_UTC190429211308.sgy,FORGE_78-32_iDASv3-P11_UTC190429211308,0.0,2.0,273,678,1000.0
466,utah_2019__FORGE_78-32_iDASv3-P11_UTC190429211308,utah_2019,utah_2019,utah_2019_2,noise,0,/home/ted1204/MS_Detection_Datamaker/MS_datamaker_UTAH_2019/data/noise/FORGE_78-32_iDASv3-P11_UTC190429211308.sgy,FORGE_78-32_iDASv3-P11_UTC190429211308.sgy,FORGE_78-32_iDASv3-P11_UTC190429211308,1.0,3.0,273,678,1000.0
467,utah_2019__FORGE_78-32_iDASv3-P11_UTC190429211308,utah_2019,utah_2019,utah_2019_2,noise,0,/home/ted1204/MS_Detection_Datamaker/MS_datamaker_UTAH_2019/data/noise/FORGE_78-32_iDASv3-P11_UTC190429211308.sgy,FORGE_78-32_iDASv3-P11_UTC190429211308.sgy,FORGE_78-32_iDASv3-P11_UTC190429211308,2.0,4.0,273,678,1000.0
468,utah_2019__FORGE_78-32_iDASv3-P11_UTC190429211308,utah_2019,utah_2019,utah_2019_2,noise,0,/home/ted1204/MS_Detection_Datamaker/MS_datamaker_UTAH_2019/data/noise/FORGE_78-32_iDASv3-P11_UTC190429211308.sgy,FORGE_78-32_iDASv3-P11_UTC190429211308.sgy,FORGE_78-32_iDASv3-P11_UTC190429211308,4.0,6.0,273,678,1000.0
469,utah_2019__FORGE_78-32_iDASv3-P11_UTC190429211308,utah_2019,utah_2019,utah_2019_2,noise,0,/home/ted1204/MS_Detection_Datamaker/MS_datamaker_UTAH_2019/data/noise/FORGE_78-32_iDASv3-P11_UTC190429211308.sgy,FORGE_78-32_iDASv3-P11_UTC190429211308.sgy,FORGE_78-32_iDASv3-P11_UTC190429211308,8.0,10.0,273,678,1000.0
470,utah_2019__FORGE_78-32_iDASv3-P11_UTC190429211308,utah_2019,utah_2019,utah_2019_2,noise,0,/home/ted1204/MS_Detection_Datamaker/MS_datamaker_UTAH_2019/data/noise/FORGE_78-32_iDASv3-P11_UTC190429211308.sgy,FORGE_78-32_iDASv3-P11_UTC190429211308.sgy,FORGE_78-32_iDASv3-P11_UTC190429211308,10.0,12.0,273,678,1000.0
471,utah_2019__FORGE_78-32_iDASv3-P11_UTC190429211308,utah_2019,utah_2019,utah_2019_2,noise,0,/home/ted1204/MS_Detection_Datamaker/MS_datamaker_UTAH_2019/data/noise/FORGE_78-32_iDASv3-P11_UTC190429211308.sgy,FORGE_78-32_iDASv3-P11_UTC190429211308.sgy,FORGE_78-32_iDASv3-P11_UTC190429211308,12.0,14.0,273,678,1000.0
472,utah_2019__FORGE_78-32_iDASv3-P11_UTC190429211308,utah_2019,utah_2019,utah_2019_2,noise,0,/home/ted1204/MS_Detection_Datamaker/MS_datamaker_UTAH_2019/data/noise/FORGE_78-32_iDASv3-P11_UTC190429211308.sgy,FORGE_78-32_iDASv3-P11_UTC190429211308.sgy,FORGE_78-32_iDASv3-P11_UTC190429211308,13.0,15.0,273,678,1000.0
473,utah_2019__FORGE_78-32_iDASv3-P11_UTC190429211308,utah_2019,utah_2019,utah_2019_2,noise,0,/home/ted1204/MS_Detection_Datamaker/MS_datamaker_UTAH_2019/data/noise/FORGE_78-32_iDASv3-P11_UTC190429211308.sgy,FORGE_78-32_iDASv3-P11_UTC190429211308.sgy,FORGE_78-32_iDASv3-P11_UTC190429211308,14.0,16.0,273,678,1000.0
474,utah_2019__FORGE_78-32_iDASv3-P11_UTC190429211308,utah_2019,utah_2019,utah_2019_2,noise,0,/home/ted1204/MS_Detection_Datamaker/MS_datamaker_UTAH_2019/data/noise/FORGE_78-32_iDASv3-P11_UTC190429211308.sgy,FORGE_78-32_iDASv3-P11_UTC190429211308.sgy,FORGE_78-32_iDASv3-P11_UTC190429211308,20.0,22.0,273,678,1000.0
475,utah_2019__FORGE_78-32_iDASv3-P11_UTC190429211308,utah_2019,utah_2019,utah_2019_2,noise,0,/home/ted1204/MS_Detection_Datamaker/MS_datamaker_UTAH_2019/data/noise/FORGE_78-32_iDASv3-P11_UTC190429211308.sgy,FORGE_78-32_iDASv3-P11_UTC190429211308.sgy,FORGE_78-32_iDASv3-P11_UTC190429211308,24.0,26.0,273,678,1000.0
476,utah_2019__FORGE_78-32_iDASv3-P11_UTC190429211308,utah_2019,utah_2019,utah_2019_2,noise,0,/home/ted1204/MS_Detection_Datamaker/MS_datamaker_UTAH_2019/data/noise/FORGE_78-32_iDASv3-P11_UTC190429211308.sgy,FORGE_78-32_iDASv3-P11_UTC190429211308.sgy,FORGE_78-32_iDASv3-P11_UTC190429211308,25.0,27.0,273,678,1000.0
477,utah_2019__FORGE_78-32_iDASv3-P11_UTC190429211308,utah_2019,utah_2019,utah_2019_2,noise,0,/home/ted1204/MS_Detection_Datamaker/MS_datamaker_UTAH_2019/data/noise/FORGE_78-32_iDASv3-P11_UTC190429211308.sgy,FORGE_78-32_iDASv3-P11_UTC190429211308.sgy,FORGE_78-32_iDASv3-P11_UTC190429211308,26.0,28.0,273,678,1000.0
478,utah_2019__FORGE_78-32_iDASv3-P11_UTC190429211308,utah_2019,utah_2019,utah_2019_2,noise,0,/home/ted1204/MS_Detection_Datamaker/MS_datamaker_UTAH_2019/data/noise/FORGE_78-32_iDASv3-P11_UTC190429211308.sgy,FORGE_78-32_iDASv3-P11_UTC190429211308.sgy,FORGE_78-32_iDASv3-P11_UTC190429211308,27.0,29.0,273,678,1000.0
479,utah_2019__FORGE_78-32_iDASv3-P11_UTC190429211308,utah_2019,utah_2019,utah_2019_2,noise,0,/home/ted1204/MS_Detection_Datamaker/MS_datamaker_UTAH_2019/data/noise/FORGE_78-32_iDASv3-P11_UTC190429211308.sgy,FORGE_78-32_iDASv3-P11_UTC190429211308.sgy,FORGE_78-32_iDASv3-P11_UTC190429211308,28.0,30.0,273,678,1000.0
480,utah_2019__FORGE_78-32_iDASv3-P11_UTC190429211408,utah_2019,utah_2019,utah_2019_1,noise,0,/home/ted1204/MS_Detection_Datamaker/MS_datamaker_UTAH_2019/data/noise/FORGE_78-32_iDASv3-P11_UTC190429211408.sgy,FORGE_78-32_iDASv3-P11_UTC190429211408.sgy,FORGE_78-32_iDASv3-P11_UTC190429211408,4.0,6.0,679,1084,1000.0
481,utah_2019__FORGE_78-32_iDASv3-P11_UTC190429211408,utah_2019,utah_2019,utah_2019_1,noise,0,/home/ted1204/MS_Detection_Datamaker/MS_datamaker_UTAH_2019/data/noise/FORGE_78-32_iDASv3-P11_UTC190429211408.sgy,FORGE_78-32_iDASv3-P11_UTC190429211408.sgy,FORGE_78-32_iDASv3-P11_UTC190429211408,6.0,8.0,679,1084,1000.0
482,utah_2019__FORGE_78-32_iDASv3-P11_UTC190429211408,utah_2019,utah_2019,utah_2019_1,noise,0,/home/ted1204/MS_Detection_Datamaker/MS_datamaker_UTAH_2019/data/noise/FORGE_78-32_iDASv3-P11_UTC190429211408.sgy,FORGE_78-32_iDASv3-P11_UTC190429211408.sgy,FORGE_78-32_iDASv3-P11_UTC190429211408,9.0,11.0,679,1084,1000.0
483,utah_2019__FORGE_78-32_iDASv3-P11_UTC190429211408,utah_2019,utah_2019,utah_2019_1,noise,0,/home/ted1204/MS_Detection_Datamaker/MS_datamaker_UTAH_2019/data/noise/FORGE_78-32_iDASv3-P11_UTC190429211408.sgy,FORGE_78-32_iDASv3-P11_UTC190429211408.sgy,FORGE_78-32_iDASv3-P11_UTC190429211408,10.0,12.0,679,1084,1000.0
484,utah_2019__FORGE_78-32_iDASv3-P11_UTC190429211408,utah_2019,utah_2019,utah_2019_1,noise,0,/home/ted1204/MS_Detection_Datamaker/MS_datamaker_UTAH_2019/data/noise/FORGE_78-32_iDASv3-P11_UTC190429211408.sgy,FORGE_78-32_iDASv3-P11_UTC190429211408.sgy,FORGE_78-32_iDASv3-P11_UTC190429211408,12.0,14.0,679,1084,1000.0
485,utah_2019__FORGE_78-32_iDASv3-P11_UTC190429211408,utah_2019,utah_2019,utah_2019_1,noise,0,/home/ted1204/MS_Detection_Datamaker/MS_datamaker_UTAH_2019/data/noise/FORGE_78-32_iDASv3-P11_UTC190429211408.sgy,FORGE_78-32_iDASv3-P11_UTC190429211408.sgy,FORGE_78-32_iDASv3-P11_UTC190429211408,13.0,15.0,679,1084,1000.0
486,utah_2019__FORGE_78-32_iDASv3-P11_UTC190429211408,utah_2019,utah_2019,utah_2019_1,noise,0,/home/ted1204/MS_Detection_Datamaker/MS_datamaker_UTAH_2019/data/noise/FORGE_78-32_iDASv3-P11_UTC190429211408.sgy,FORGE_78-32_iDASv3-P11_UTC190429211408.sgy,FORGE_78-32_iDASv3-P11_UTC190429211408,16.0,18.0,679,1084,1000.0
487,utah_2019__FORGE_78-32_iDASv3-P11_UTC190429211408,utah_2019,utah_2019,utah_2019_1,noise,0,/home/ted1204/MS_Detection_Datamaker/MS_datamaker_UTAH_2019/data/noise/FORGE_78-32_iDASv3-P11_UTC190429211408.sgy,FORGE_78-32_iDASv3-P11_UTC190429211408.sgy,FORGE_78-32_iDASv3-P11_UTC190429211408,17.0,19.0,679,1084,1000.0
488,utah_2019__FORGE_78-32_iDASv3-P11_UTC190429211408,utah_2019,utah_2019,utah_2019_1,noise,0,/home/ted1204/MS_Detection_Datamaker/MS_datamaker_UTAH_2019/data/noise/FORGE_78-32_iDASv3-P11_UTC190429211408.sgy,FORGE_78-32_iDASv3-P11_UTC190429211408.sgy,FORGE_78-32_iDASv3-P11_UTC190429211408,20.0,22.0,679,1084,1000.0
489,utah_2019__FORGE_78-32_iDASv3-P11_UTC190429211408,utah_2019,utah_2019,utah_2019_1,noise,0,/home/ted1204/MS_Detection_Datamaker/MS_datamaker_UTAH_2019/data/noise/FORGE_78-32_iDASv3-P11_UTC190429211408.sgy,FORGE_78-32_iDASv3-P11_UTC190429211408.sgy,FORGE_78-32_iDASv3-P11_UTC190429211408,22.0,24.0,679,1084,1000.0
490,utah_2019__FORGE_78-32_iDASv3-P11_UTC190429211408,utah_2019,utah_2019,utah_2019_1,noise,0,/home/ted1204/MS_Detection_Datamaker/MS_datamaker_UTAH_2019/data/noise/FORGE_78-32_iDASv3-P11_UTC190429211408.sgy,FORGE_78-32_iDASv3-P11_UTC190429211408.sgy,FORGE_78-32_iDASv3-P11_UTC190429211408,24.0,26.0,679,1084,1000.0
491,utah_2019__FORGE_78-32_iDASv3-P11_UTC190429211408,utah_2019,utah_2019,utah_2019_1,noise,0,/home/ted1204/MS_Detection_Datamaker/MS_datamaker_UTAH_2019/data/noise/FORGE_78-32_iDASv3-P11_UTC190429211408.sgy,FORGE_78-32_iDASv3-P11_UTC190429211408.sgy,FORGE_78-32_iDASv3-P11_UTC190429211408,25.0,27.0,679,1084,1000.0
492,utah_2019__FORGE_78-32_iDASv3-P11_UTC190429211408,utah_2019,utah_2019,utah_2019_1,noise,0,/home/ted1204/MS_Detection_Datamaker/MS_datamaker_UTAH_2019/data/noise/FORGE_78-32_iDASv3-P11_UTC190429211408.sgy,FORGE_78-32_iDASv3-P11_UTC190429211408.sgy,FORGE_78-32_iDASv3-P11_UTC190429211408,26.0,28.0,679,1084,1000.0
493,utah_2019__FORGE_78-32_iDASv3-P11_UTC190429211408,utah_2019,utah_2019,utah_2019_1,noise,0,/home/ted1204/MS_Detection_Datamaker/MS_datamaker_UTAH_2019/data/noise/FORGE_78-32_iDASv3-P11_UTC190429211408.sgy,FORGE_78-32_iDASv3-P11_UTC190429211408.sgy,FORGE_78-32_iDASv3-P11_UTC190429211408,27.0,29.0,679,1084,1000.0
494,utah_2019__FORGE_78-32_iDASv3-P11_UTC190429211408,utah_2019,utah_2019,utah_2019_1,noise,0,/home/ted1204/MS_Detection_Datamaker/MS_datamaker_UTAH_2019/data/noise/FORGE_78-32_iDASv3-P11_UTC190429211408.sgy,FORGE_78-32_iDASv3-P11_UTC190429211408.sgy,FORGE_78-32_iDASv3-P11_UTC190429211408,28.0,30.0,679,1084,1000.0
495,utah_2019__FORGE_78-32_iDASv3-P11_UTC190429211408,utah_2019,utah_2019,utah_2019_2,noise,0,/home/ted1204/MS_Detection_Datamaker/MS_datamaker_UTAH_2019/data/noise/FORGE_78-32_iDASv3-P11_UTC190429211408.sgy,FORGE_78-32_iDASv3-P11_UTC190429211408.sgy,FORGE_78-32_iDASv3-P11_UTC190429211408,4.0,6.0,273,678,1000.0
496,utah_2019__FORGE_78-32_iDASv3-P11_UTC190429211408,utah_2019,utah_2019,utah_2019_2,noise,0,/home/ted1204/MS_Detection_Datamaker/MS_datamaker_UTAH_2019/data/noise/FORGE_78-32_iDASv3-P11_UTC190429211408.sgy,FORGE_78-32_iDASv3-P11_UTC190429211408.sgy,FORGE_78-32_iDASv3-P11_UTC190429211408,6.0,8.0,273,678,1000.0
497,utah_2019__FORGE_78-32_iDASv3-P11_UTC190429211408,utah_2019,utah_2019,utah_2019_2,noise,0,/home/ted1204/MS_Detection_Datamaker/MS_datamaker_UTAH_2019/data/noise/FORGE_78-32_iDASv3-P11_UTC190429211408.sgy,FORGE_78-32_iDASv3-P11_UTC190429211408.sgy,FORGE_78-32_iDASv3-P11_UTC190429211408,9.0,11.0,273,678,1000.0
498,utah_2019__FORGE_78-32_iDASv3-P11_UTC190429211408,utah_2019,utah_2019,utah_2019_2,noise,0,/home/ted1204/MS_Detection_Datamaker/MS_datamaker_UTAH_2019/data/noise/FORGE_78-32_iDASv3-P11_UTC190429211408.sgy,FORGE_78-32_iDASv3-P11_UTC190429211408.sgy,FORGE_78-32_iDASv3-P11_UTC190429211408,10.0,12.0,273,678,1000.0
499,utah_2019__FORGE_78-32_iDASv3-P11_UTC190429211408,utah_2019,utah_2019,utah_2019_2,noise,0,/home/ted1204/MS_Detection_Datamaker/MS_datamaker_UTAH_2019/data/noise/FORGE_78-32_iDASv3-P11_UTC190429211408.sgy,FORGE_78-32_iDASv3-P11_UTC190429211408.sgy,FORGE_78-32_iDASv3-P11_UTC190429211408,12.0,14.0,273,678,1000.0
500,utah_2019__FORGE_78-32_iDASv3-P11_UTC190429211408,utah_2019,utah_2019,utah_2019_2,noise,0,/home/ted1204/MS_Detection_Datamaker/MS_datamaker_UTAH_2019/data/noise/FORGE_78-32_iDASv3-P11_UTC190429211408.sgy,FORGE_78-32_iDASv3-P11_UTC190429211408.sgy,FORGE_78-32_iDASv3-P11_UTC190429211408,13.0,15.0,273,678,1000.0
501,utah_2019__FORGE_78-32_iDASv3-P11_UTC190429211408,utah_2019,utah_2019,utah_2019_2,noise,0,/home/ted1204/MS_Detection_Datamaker/MS_datamaker_UTAH_2019/data/noise/FORGE_78-32_iDASv3-P11_UTC190429211408.sgy,FORGE_78-32_iDASv3-P11_UTC190429211408.sgy,FORGE_78-32_iDASv3-P11_UTC190429211408,16.0,18.0,273,678,1000.0
502,utah_2019__FORGE_78-32_iDASv3-P11_UTC190429211408,utah_2019,utah_2019,utah_2019_2,noise,0,/home/ted1204/MS_Detection_Datamaker/MS_datamaker_UTAH_2019/data/noise/FORGE_78-32_iDASv3-P11_UTC190429211408.sgy,FORGE_78-32_iDASv3-P11_UTC190429211408.sgy,FORGE_78-32_iDASv3-P11_UTC190429211408,17.0,19.0,273,678,1000.0
503,utah_2019__FORGE_78-32_iDASv3-P11_UTC190429211408,utah_2019,utah_2019,utah_2019_2,noise,0,/home/ted1204/MS_Detection_Datamaker/MS_datamaker_UTAH_2019/data/noise/FORGE_78-32_iDASv3-P11_UTC190429211408.sgy,FORGE_78-32_iDASv3-P11_UTC190429211408.sgy,FORGE_78-32_iDASv3-P11_UTC190429211408,20.0,22.0,273,678,1000.0
504,utah_2019__FORGE_78-32_iDASv3-P11_UTC190429211408,utah_2019,utah_2019,utah_2019_2,noise,0,/home/ted1204/MS_Detection_Datamaker/MS_datamaker_UTAH_2019/data/noise/FORGE_78-32_iDASv3-P11_UTC190429211408.sgy,FORGE_78-32_iDASv3-P11_UTC190429211408.sgy,FORGE_78-32_iDASv3-P11_UTC190429211408,22.0,24.0,273,678,1000.0
505,utah_2019__FORGE_78-32_iDASv3-P11_UTC190429211408,utah_2019,utah_2019,utah_2019_2,noise,0,/home/ted1204/MS_Detection_Datamaker/MS_datamaker_UTAH_2019/data/noise/FORGE_78-32_iDASv3-P11_UTC190429211408.sgy,FORGE_78-32_iDASv3-P11_UTC190429211408.sgy,FORGE_78-32_iDASv3-P11_UTC190429211408,24.0,26.0,273,678,1000.0
506,utah_2019__FORGE_78-32_iDASv3-P11_UTC190429211408,utah_2019,utah_2019,utah_2019_2,noise,0,/home/ted1204/MS_Detection_Datamaker/MS_datamaker_UTAH_2019/data/noise/FORGE_78-32_iDASv3-P11_UTC190429211408.sgy,FORGE_78-32_iDASv3-P11_UTC190429211408.sgy,FORGE_78-32_iDASv3-P11_UTC190429211408,25.0,27.0,273,678,1000.0
507,utah_2019__FORGE_78-32_iDASv3-P11_UTC190429211408,utah_2019,utah_2019,utah_2019_2,noise,0,/home/ted1204/MS_Detection_Datamaker/MS_datamaker_UTAH_2019/data/noise/FORGE_78-32_iDASv3-P11_UTC190429211408.sgy,FORGE_78-32_iDASv3-P11_UTC190429211408.sgy,FORGE_78-32_iDASv3-P11_UTC190429211408,26.0,28.0,273,678,1000.0
508,utah_2019__FORGE_78-32_iDASv3-P11_UTC190429211408,utah_2019,utah_2019,utah_2019_2,noise,0,/home/ted1204/MS_Detection_Datamaker/MS_datamaker_UTAH_2019/data/noise/FORGE_78-32_iDASv3-P11_UTC190429211408.sgy,FORGE_78-32_iDASv3-P11_UTC190429211408.sgy,FORGE_78-32_iDASv3-P11_UTC190429211408,27.0,29.0,273,678,1000.0
509,utah_2019__FORGE_78-32_iDASv3-P11_UTC190429211408,utah_2019,utah_2019,utah_2019_2,noise,0,/home/ted1204/MS_Detection_Datamaker/MS_datamaker_UTAH_2019/data/noise/FORGE_78-32_iDASv3-P11_UTC190429211408.sgy,FORGE_78-32_iDASv3-P11_UTC190429211408.sgy,FORGE_78-32_iDASv3-P11_UTC190429211408,28.0,30.0,273,678,1000.0
510,utah_2019__FORGE_78-32_iDASv3-P11_UTC190429211423,utah_2019,utah_2019,utah_2019_1,noise,0,/home/ted1204/MS_Detection_Datamaker/MS_datamaker_UTAH_2019/data/noise/FORGE_78-32_iDASv3-P11_UTC190429211423.sgy,FORGE_78-32_iDASv3-P11_UTC190429211423.sgy,FORGE_78-32_iDASv3-P11_UTC190429211423,1.0,3.0,679,1084,1000.0
511,utah_2019__FORGE_78-32_iDASv3-P11_UTC190429211423,utah_2019,utah_2019,utah_2019_1,noise,0,/home/ted1204/MS_Detection_Datamaker/MS_datamaker_UTAH_2019/data/noise/FORGE_78-32_iDASv3-P11_UTC190429211423.sgy,FORGE_78-32_iDASv3-P11_UTC190429211423.sgy,FORGE_78-32_iDASv3-P11_UTC190429211423,4.0,6.0,679,1084,1000.0
512,utah_2019__FORGE_78-32_iDASv3-P11_UTC190429211423,utah_2019,utah_2019,utah_2019_1,noise,0,/home/ted1204/MS_Detection_Datamaker/MS_datamaker_UTAH_2019/data/noise/FORGE_78-32_iDASv3-P11_UTC190429211423.sgy,FORGE_78-32_iDASv3-P11_UTC190429211423.sgy,FORGE_78-32_iDASv3-P11_UTC190429211423,5.0,7.0,679,1084,1000.0
513,utah_2019__FORGE_78-32_iDASv3-P11_UTC190429211423,utah_2019,utah_2019,utah_2019_1,noise,0,/home/ted1204/MS_Detection_Datamaker/MS_datamaker_UTAH_2019/data/noise/FORGE_78-32_iDASv3-P11_UTC190429211423.sgy,FORGE_78-32_iDASv3-P11_UTC190429211423.sgy,FORGE_78-32_iDASv3-P11_UTC190429211423,6.0,8.0,679,1084,1000.0
514,utah_2019__FORGE_78-32_iDASv3-P11_UTC190429211423,utah_2019,utah_2019,utah_2019_1,noise,0,/home/ted1204/MS_Detection_Datamaker/MS_datamaker_UTAH_2019/data/noise/FORGE_78-32_iDASv3-P11_UTC190429211423.sgy,FORGE_78-32_iDASv3-P11_UTC190429211423.sgy,FORGE_78-32_iDASv3-P11_UTC190429211423,7.0,9.0,679,1084,1000.0
515,utah_2019__FORGE_78-32_iDASv3-P11_UTC190429211423,utah_2019,utah_2019,utah_2019_1,noise,0,/home/ted1204/MS_Detection_Datamaker/MS_datamaker_UTAH_2019/data/noise/FORGE_78-32_iDASv3-P11_UTC190429211423.sgy,FORGE_78-32_iDASv3-P11_UTC190429211423.sgy,FORGE_78-32_iDASv3-P11_UTC190429211423,12.0,14.0,679,1084,1000.0
516,utah_2019__FORGE_78-32_iDASv3-P11_UTC190429211423,utah_2019,utah_2019,utah_2019_1,noise,0,/home/ted1204/MS_Detection_Datamaker/MS_datamaker_UTAH_2019/data/noise/FORGE_78-32_iDASv3-P11_UTC190429211423.sgy,FORGE_78-32_iDASv3-P11_UTC190429211423.sgy,FORGE_78-32_iDASv3-P11_UTC190429211423,17.0,19.0,679,1084,1000.0
517,utah_2019__FORGE_78-32_iDASv3-P11_UTC190429211423,utah_2019,utah_2019,utah_2019_1,noise,0,/home/ted1204/MS_Detection_Datamaker/MS_datamaker_UTAH_2019/data/noise/FORGE_78-32_iDASv3-P11_UTC190429211423.sgy,FORGE_78-32_iDASv3-P11_UTC190429211423.sgy,FORGE_78-32_iDASv3-P11_UTC190429211423,19.0,21.0,679,1084,1000.0
518,utah_2019__FORGE_78-32_iDASv3-P11_UTC190429211423,utah_2019,utah_2019,utah_2019_1,noise,0,/home/ted1204/MS_Detection_Datamaker/MS_datamaker_UTAH_2019/data/noise/FORGE_78-32_iDASv3-P11_UTC190429211423.sgy,FORGE_78-32_iDASv3-P11_UTC190429211423.sgy,FORGE_78-32_iDASv3-P11_UTC190429211423,20.0,22.0,679,1084,1000.0
519,utah_2019__FORGE_78-32_iDASv3-P11_UTC190429211423,utah_2019,utah_2019,utah_2019_1,noise,0,/home/ted1204/MS_Detection_Datamaker/MS_datamaker_UTAH_2019/data/noise/FORGE_78-32_iDASv3-P11_UTC190429211423.sgy,FORGE_78-32_iDASv3-P11_UTC190429211423.sgy,FORGE_78-32_iDASv3-P11_UTC190429211423,21.0,23.0,679,1084,1000.0
520,utah_2019__FORGE_78-32_iDASv3-P11_UTC190429211423,utah_2019,utah_2019,utah_2019_1,noise,0,/home/ted1204/MS_Detection_Datamaker/MS_datamaker_UTAH_2019/data/noise/FORGE_78-32_iDASv3-P11_UTC190429211423.sgy,FORGE_78-32_iDASv3-P11_UTC190429211423.sgy,FORGE_78-32_iDASv3-P11_UTC190429211423,22.0,24.0,679,1084,1000.0
521,utah_2019__FORGE_78-32_iDASv3-P11_UTC190429211423,utah_2019,utah_2019,utah_2019_1,noise,0,/home/ted1204/MS_Detection_Datamaker/MS_datamaker_UTAH_2019/data/noise/FORGE_78-32_iDASv3-P11_UTC190429211423.sgy,FORGE_78-32_iDASv3-P11_UTC190429211423.sgy,FORGE_78-32_iDASv3-P11_UTC190429211423,23.0,25.0,679,1084,1000.0
522,utah_2019__FORGE_78-32_iDASv3-P11_UTC190429211423,utah_2019,utah_2019,utah_2019_1,noise,0,/home/ted1204/MS_Detection_Datamaker/MS_datamaker_UTAH_2019/data/noise/FORGE_78-32_iDASv3-P11_UTC190429211423.sgy,FORGE_78-32_iDASv3-P11_UTC190429211423.sgy,FORGE_78-32_iDASv3-P11_UTC190429211423,25.0,27.0,679,1084,1000.0
523,utah_2019__FORGE_78-32_iDASv3-P11_UTC190429211423,utah_2019,utah_2019,utah_2019_1,noise,0,/home/ted1204/MS_Detection_Datamaker/MS_datamaker_UTAH_2019/data/noise/FORGE_78-32_iDASv3-P11_UTC190429211423.sgy,FORGE_78-32_iDASv3-P11_UTC190429211423.sgy,FORGE_78-32_iDASv3-P11_UTC190429211423,26.0,28.0,679,1084,1000.0
524,utah_2019__FORGE_78-32_iDASv3-P11_UTC190429211423,utah_2019,utah_2019,utah_2019_1,noise,0,/home/ted1204/MS_Detection_Datamaker/MS_datamaker_UTAH_2019/data/noise/FORGE_78-32_iDASv3-P11_UTC190429211423.sgy,FORGE_78-32_iDASv3-P11_UTC190429211423.sgy,FORGE_78-32_iDASv3-P11_UTC190429211423,27.0,29.0,679,1084,1000.0
525,utah_2019__FORGE_78-32_iDASv3-P11_UTC190429211423,utah_2019,utah_2019,utah_2019_2,noise,0,/home/ted1204/MS_Detection_Datamaker/MS_datamaker_UTAH_2019/data/noise/FORGE_78-32_iDASv3-P11_UTC190429211423.sgy,FORGE_78-32_iDASv3-P11_UTC190429211423.sgy,FORGE_78-32_iDASv3-P11_UTC190429211423,1.0,3.0,273,678,1000.0
526,utah_2019__FORGE_78-32_iDASv3-P11_UTC190429211423,utah_2019,utah_2019,utah_2019_2,noise,0,/home/ted1204/MS_Detection_Datamaker/MS_datamaker_UTAH_2019/data/noise/FORGE_78-32_iDASv3-P11_UTC190429211423.sgy,FORGE_78-32_iDASv3-P11_UTC190429211423.sgy,FORGE_78-32_iDASv3-P11_UTC190429211423,4.0,6.0,273,678,1000.0
527,utah_2019__FORGE_78-32_iDASv3-P11_UTC190429211423,utah_2019,utah_2019,utah_2019_2,noise,0,/home/ted1204/MS_Detection_Datamaker/MS_datamaker_UTAH_2019/data/noise/FORGE_78-32_iDASv3-P11_UTC190429211423.sgy,FORGE_78-32_iDASv3-P11_UTC190429211423.sgy,FORGE_78-32_iDASv3-P11_UTC190429211423,5.0,7.0,273,678,1000.0
528,utah_2019__FORGE_78-32_iDASv3-P11_UTC190429211423,utah_2019,utah_2019,utah_2019_2,noise,0,/home/ted1204/MS_Detection_Datamaker/MS_datamaker_UTAH_2019/data/noise/FORGE_78-32_iDASv3-P11_UTC190429211423.sgy,FORGE_78-32_iDASv3-P11_UTC190429211423.sgy,FORGE_78-32_iDASv3-P11_UTC190429211423,6.0,8.0,273,678,1000.0
529,utah_2019__FORGE_78-32_iDASv3-P11_UTC190429211423,utah_2019,utah_2019,utah_2019_2,noise,0,/home/ted1204/MS_Detection_Datamaker/MS_datamaker_UTAH_2019/data/noise/FORGE_78-32_iDASv3-P11_UTC190429211423.sgy,FORGE_78-32_iDASv3-P11_UTC190429211423.sgy,FORGE_78-32_iDASv3-P11_UTC190429211423,7.0,9.0,273,678,1000.0
530,utah_2019__FORGE_78-32_iDASv3-P11_UTC190429211423,utah_2019,utah_2019,utah_2019_2,noise,0,/home/ted1204/MS_Detection_Datamaker/MS_datamaker_UTAH_2019/data/noise/FORGE_78-32_iDASv3-P11_UTC190429211423.sgy,FORGE_78-32_iDASv3-P11_UTC190429211423.sgy,FORGE_78-32_iDASv3-P11_UTC190429211423,12.0,14.0,273,678,1000.0
531,utah_2019__FORGE_78-32_iDASv3-P11_UTC190429211423,utah_2019,utah_2019,utah_2019_2,noise,0,/home/ted1204/MS_Detection_Datamaker/MS_datamaker_UTAH_2019/data/noise/FORGE_78-32_iDASv3-P11_UTC190429211423.sgy,FORGE_78-32_iDASv3-P11_UTC190429211423.sgy,FORGE_78-32_iDASv3-P11_UTC190429211423,17.0,19.0,273,678,1000.0
532,utah_2019__FORGE_78-32_iDASv3-P11_UTC190429211423,utah_2019,utah_2019,utah_2019_2,noise,0,/home/ted1204/MS_Detection_Datamaker/MS_datamaker_UTAH_2019/data/noise/FORGE_78-32_iDASv3-P11_UTC190429211423.sgy,FORGE_78-32_iDASv3-P11_UTC190429211423.sgy,FORGE_78-32_iDASv3-P11_UTC190429211423,19.0,21.0,273,678,1000.0
533,utah_2019__FORGE_78-32_iDASv3-P11_UTC190429211423,utah_2019,utah_2019,utah_2019_2,noise,0,/home/ted1204/MS_Detection_Datamaker/MS_datamaker_UTAH_2019/data/noise/FORGE_78-32_iDASv3-P11_UTC190429211423.sgy,FORGE_78-32_iDASv3-P11_UTC190429211423.sgy,FORGE_78-32_iDASv3-P11_UTC190429211423,20.0,22.0,273,678,1000.0
534,utah_2019__FORGE_78-32_iDASv3-P11_UTC190429211423,utah_2019,utah_2019,utah_2019_2,noise,0,/home/ted1204/MS_Detection_Datamaker/MS_datamaker_UTAH_2019/data/noise/FORGE_78-32_iDASv3-P11_UTC190429211423.sgy,FORGE_78-32_iDASv3-P11_UTC190429211423.sgy,FORGE_78-32_iDASv3-P11_UTC190429211423,21.0,23.0,273,678,1000.0
535,utah_2019__FORGE_78-32_iDASv3-P11_UTC190429211423,utah_2019,utah_2019,utah_2019_2,noise,0,/home/ted1204/MS_Detection_Datamaker/MS_datamaker_UTAH_2019/data/noise/FORGE_78-32_iDASv3-P11_UTC190429211423.sgy,FORGE_78-32_iDASv3-P11_UTC190429211423.sgy,FORGE_78-32_iDASv3-P11_UTC190429211423,22.0,24.0,273,678,1000.0
536,utah_2019__FORGE_78-32_iDASv3-P11_UTC190429211423,utah_2019,utah_2019,utah_2019_2,noise,0,/home/ted1204/MS_Detection_Datamaker/MS_datamaker_UTAH_2019/data/noise/FORGE_78-32_iDASv3-P11_UTC190429211423.sgy,FORGE_78-32_iDASv3-P11_UTC190429211423.sgy,FORGE_78-32_iDASv3-P11_UTC190429211423,23.0,25.0,273,678,1000.0
537,utah_2019__FORGE_78-32_iDASv3-P11_UTC190429211423,utah_2019,utah_2019,utah_2019_2,noise,0,/home/ted1204/MS_Detection_Datamaker/MS_datamaker_UTAH_2019/data/noise/FORGE_78-32_iDASv3-P11_UTC190429211423.sgy,FORGE_78-32_iDASv3-P11_UTC190429211423.sgy,FORGE_78-32_iDASv3-P11_UTC190429211423,25.0,27.0,273,678,1000.0
538,utah_2019__FORGE_78-32_iDASv3-P11_UTC190429211423,utah_2019,utah_2019,utah_2019_2,noise,0,/home/ted1204/MS_Detection_Datamaker/MS_datamaker_UTAH_2019/data/noise/FORGE_78-32_iDASv3-P11_UTC190429211423.sgy,FORGE_78-32_iDASv3-P11_UTC190429211423.sgy,FORGE_78-32_iDASv3-P11_UTC190429211423,26.0,28.0,273,678,1000.0
539,utah_2019__FORGE_78-32_iDASv3-P11_UTC190429211423,utah_2019,utah_2019,utah_2019_2,noise,0,/home/ted1204/MS_Detection_Datamaker/MS_datamaker_UTAH_2019/data/noise/FORGE_78-32_iDASv3-P11_UTC190429211423.sgy,FORGE_78-32_iDASv3-P11_UTC190429211423.sgy,FORGE_78-32_iDASv3-P11_UTC190429211423,27.0,29.0,273,678,1000.0
540,utah_2019__FORGE_78-32_iDASv3-P11_UTC190429211608,utah_2019,utah_2019,utah_2019_1,noise,0,/home/ted1204/MS_Detection_Datamaker/MS_datamaker_UTAH_2019/data/noise/FORGE_78-32_iDASv3-P11_UTC190429211608.sgy,FORGE_78-32_iDASv3-P11_UTC190429211608.sgy,FORGE_78-32_iDASv3-P11_UTC190429211608,0.0,2.0,679,1084,1000.0
541,utah_2019__FORGE_78-32_iDASv3-P11_UTC190429211608,utah_2019,utah_2019,utah_2019_1,noise,0,/home/ted1204/MS_Detection_Datamaker/MS_datamaker_UTAH_2019/data/noise/FORGE_78-32_iDASv3-P11_UTC190429211608.sgy,FORGE_78-32_iDASv3-P11_UTC190429211608.sgy,FORGE_78-32_iDASv3-P11_UTC190429211608,6.0,8.0,679,1084,1000.0
542,utah_2019__FORGE_78-32_iDASv3-P11_UTC190429211608,utah_2019,utah_2019,utah_2019_1,noise,0,/home/ted1204/MS_Detection_Datamaker/MS_datamaker_UTAH_2019/data/noise/FORGE_78-32_iDASv3-P11_UTC190429211608.sgy,FORGE_78-32_iDASv3-P11_UTC190429211608.sgy,FORGE_78-32_iDASv3-P11_UTC190429211608,7.0,9.0,679,1084,1000.0
543,utah_2019__FORGE_78-32_iDASv3-P11_UTC190429211608,utah_2019,utah_2019,utah_2019_1,noise,0,/home/ted1204/MS_Detection_Datamaker/MS_datamaker_UTAH_2019/data/noise/FORGE_78-32_iDASv3-P11_UTC190429211608.sgy,FORGE_78-32_iDASv3-P11_UTC190429211608.sgy,FORGE_78-32_iDASv3-P11_UTC190429211608,9.0,11.0,679,1084,1000.0
544,utah_2019__FORGE_78-32_iDASv3-P11_UTC190429211608,utah_2019,utah_2019,utah_2019_1,noise,0,/home/ted1204/MS_Detection_Datamaker/MS_datamaker_UTAH_2019/data/noise/FORGE_78-32_iDASv3-P11_UTC190429211608.sgy,FORGE_78-32_iDASv3-P11_UTC190429211608.sgy,FORGE_78-32_iDASv3-P11_UTC190429211608,10.0,12.0,679,1084,1000.0
545,utah_2019__FORGE_78-32_iDASv3-P11_UTC190429211608,utah_2019,utah_2019,utah_2019_1,noise,0,/home/ted1204/MS_Detection_Datamaker/MS_datamaker_UTAH_2019/data/noise/FORGE_78-32_iDASv3-P11_UTC190429211608.sgy,FORGE_78-32_iDASv3-P11_UTC190429211608.sgy,FORGE_78-32_iDASv3-P11_UTC190429211608,11.0,13.0,679,1084,1000.0
546,utah_2019__FORGE_78-32_iDASv3-P11_UTC190429211608,utah_2019,utah_2019,utah_2019_1,noise,0,/home/ted1204/MS_Detection_Datamaker/MS_datamaker_UTAH_2019/data/noise/FORGE_78-32_iDASv3-P11_UTC190429211608.sgy,FORGE_78-32_iDASv3-P11_UTC190429211608.sgy,FORGE_78-32_iDASv3-P11_UTC190429211608,13.0,15.0,679,1084,1000.0
547,utah_2019__FORGE_78-32_iDASv3-P11_UTC190429211608,utah_2019,utah_2019,utah_2019_1,noise,0,/home/ted1204/MS_Detection_Datamaker/MS_datamaker_UTAH_2019/data/noise/FORGE_78-32_iDASv3-P11_UTC190429211608.sgy,FORGE_78-32_iDASv3-P11_UTC190429211608.sgy,FORGE_78-32_iDASv3-P11_UTC190429211608,14.0,16.0,679,1084,1000.0
548,utah_2019__FORGE_78-32_iDASv3-P11_UTC190429211608,utah_2019,utah_2019,utah_2019_1,noise,0,/home/ted1204/MS_Detection_Datamaker/MS_datamaker_UTAH_2019/data/noise/FORGE_78-32_iDASv3-P11_UTC190429211608.sgy,FORGE_78-32_iDASv3-P11_UTC190429211608.sgy,FORGE_78-32_iDASv3-P11_UTC190429211608,15.0,17.0,679,1084,1000.0
549,utah_2019__FORGE_78-32_iDASv3-P11_UTC190429211608,utah_2019,utah_2019,utah_2019_1,noise,0,/home/ted1204/MS_Detection_Datamaker/MS_datamaker_UTAH_2019/data/noise/FORGE_78-32_iDASv3-P11_UTC190429211608.sgy,FORGE_78-32_iDASv3-P11_UTC190429211608.sgy,FORGE_78-32_iDASv3-P11_UTC190429211608,16.0,18.0,679,1084,1000.0
550,utah_2019__FORGE_78-32_iDASv3-P11_UTC190429211608,utah_2019,utah_2019,utah_2019_1,noise,0,/home/ted1204/MS_Detection_Datamaker/MS_datamaker_UTAH_2019/data/noise/FORGE_78-32_iDASv3-P11_UTC190429211608.sgy,FORGE_78-32_iDASv3-P11_UTC190429211608.sgy,FORGE_78-32_iDASv3-P11_UTC190429211608,20.0,22.0,679,1084,1000.0
551,utah_2019__FORGE_78-32_iDASv3-P11_UTC190429211608,utah_2019,utah_2019,utah_2019_1,noise,0,/home/ted1204/MS_Detection_Datamaker/MS_datamaker_UTAH_2019/data/noise/FORGE_78-32_iDASv3-P11_UTC190429211608.sgy,FORGE_78-32_iDASv3-P11_UTC190429211608.sgy,FORGE_78-32_iDASv3-P11_UTC190429211608,21.0,23.0,679,1084,1000.0
552,utah_2019__FORGE_78-32_iDASv3-P11_UTC190429211608,utah_2019,utah_2019,utah_2019_1,noise,0,/home/ted1204/MS_Detection_Datamaker/MS_datamaker_UTAH_2019/data/noise/FORGE_78-32_iDASv3-P11_UTC190429211608.sgy,FORGE_78-32_iDASv3-P11_UTC190429211608.sgy,FORGE_78-32_iDASv3-P11_UTC190429211608,22.0,24.0,679,1084,1000.0
553,utah_2019__FORGE_78-32_iDASv3-P11_UTC190429211608,utah_2019,utah_2019,utah_2019_1,noise,0,/home/ted1204/MS_Detection_Datamaker/MS_datamaker_UTAH_2019/data/noise/FORGE_78-32_iDASv3-P11_UTC190429211608.sgy,FORGE_78-32_iDASv3-P11_UTC190429211608.sgy,FORGE_78-32_iDASv3-P11_UTC190429211608,25.0,27.0,679,1084,1000.0
554,utah_2019__FORGE_78-32_iDASv3-P11_UTC190429211608,utah_2019,utah_2019,utah_2019_1,noise,0,/home/ted1204/MS_Detection_Datamaker/MS_datamaker_UTAH_2019/data/noise/FORGE_78-32_iDASv3-P11_UTC190429211608.sgy,FORGE_78-32_iDASv3-P11_UTC190429211608.sgy,FORGE_78-32_iDASv3-P11_UTC190429211608,27.0,29.0,679,1084,1000.0
555,utah_2019__FORGE_78-32_iDASv3-P11_UTC190429211608,utah_2019,utah_2019,utah_2019_2,noise,0,/home/ted1204/MS_Detection_Datamaker/MS_datamaker_UTAH_2019/data/noise/FORGE_78-32_iDASv3-P11_UTC190429211608.sgy,FORGE_78-32_iDASv3-P11_UTC190429211608.sgy,FORGE_78-32_iDASv3-P11_UTC190429211608,0.0,2.0,273,678,1000.0
556,utah_2019__FORGE_78-32_iDASv3-P11_UTC190429211608,utah_2019,utah_2019,utah_2019_2,noise,0,/home/ted1204/MS_Detection_Datamaker/MS_datamaker_UTAH_2019/data/noise/FORGE_78-32_iDASv3-P11_UTC190429211608.sgy,FORGE_78-32_iDASv3-P11_UTC190429211608.sgy,FORGE_78-32_iDASv3-P11_UTC190429211608,6.0,8.0,273,678,1000.0
557,utah_2019__FORGE_78-32_iDASv3-P11_UTC190429211608,utah_2019,utah_2019,utah_2019_2,noise,0,/home/ted1204/MS_Detection_Datamaker/MS_datamaker_UTAH_2019/data/noise/FORGE_78-32_iDASv3-P11_UTC190429211608.sgy,FORGE_78-32_iDASv3-P11_UTC190429211608.sgy,FORGE_78-32_iDASv3-P11_UTC190429211608,7.0,9.0,273,678,1000.0
558,utah_2019__FORGE_78-32_iDASv3-P11_UTC190429211608,utah_2019,utah_2019,utah_2019_2,noise,0,/home/ted1204/MS_Detection_Datamaker/MS_datamaker_UTAH_2019/data/noise/FORGE_78-32_iDASv3-P11_UTC190429211608.sgy,FORGE_78-32_iDASv3-P11_UTC190429211608.sgy,FORGE_78-32_iDASv3-P11_UTC190429211608,9.0,11.0,273,678,1000.0
559,utah_2019__FORGE_78-32_iDASv3-P11_UTC190429211608,utah_2019,utah_2019,utah_2019_2,noise,0,/home/ted1204/MS_Detection_Datamaker/MS_datamaker_UTAH_2019/data/noise/FORGE_78-32_iDASv3-P11_UTC190429211608.sgy,FORGE_78-32_iDASv3-P11_UTC190429211608.sgy,FORGE_78-32_iDASv3-P11_UTC190429211608,10.0,12.0,273,678,1000.0
560,utah_2019__FORGE_78-32_iDASv3-P11_UTC190429211608,utah_2019,utah_2019,utah_2019_2,noise,0,/home/ted1204/MS_Detection_Datamaker/MS_datamaker_UTAH_2019/data/noise/FORGE_78-32_iDASv3-P11_UTC190429211608.sgy,FORGE_78-32_iDASv3-P11_UTC190429211608.sgy,FORGE_78-32_iDASv3-P11_UTC190429211608,11.0,13.0,273,678,1000.0
561,utah_2019__FORGE_78-32_iDASv3-P11_UTC190429211608,utah_2019,utah_2019,utah_2019_2,noise,0,/home/ted1204/MS_Detection_Datamaker/MS_datamaker_UTAH_2019/data/noise/FORGE_78-32_iDASv3-P11_UTC190429211608.sgy,FORGE_78-32_iDASv3-P11_UTC190429211608.sgy,FORGE_78-32_iDASv3-P11_UTC190429211608,13.0,15.0,273,678,1000.0
562,utah_2019__FORGE_78-32_iDASv3-P11_UTC190429211608,utah_2019,utah_2019,utah_2019_2,noise,0,/home/ted1204/MS_Detection_Datamaker/MS_datamaker_UTAH_2019/data/noise/FORGE_78-32_iDASv3-P11_UTC190429211608.sgy,FORGE_78-32_iDASv3-P11_UTC190429211608.sgy,FORGE_78-32_iDASv3-P11_UTC190429211608,14.0,16.0,273,678,1000.0
563,utah_2019__FORGE_78-32_iDASv3-P11_UTC190429211608,utah_2019,utah_2019,utah_2019_2,noise,0,/home/ted1204/MS_Detection_Datamaker/MS_datamaker_UTAH_2019/data/noise/FORGE_78-32_iDASv3-P11_UTC190429211608.sgy,FORGE_78-32_iDASv3-P11_UTC190429211608.sgy,FORGE_78-32_iDASv3-P11_UTC190429211608,15.0,17.0,273,678,1000.0
564,utah_2019__FORGE_78-32_iDASv3-P11_UTC190429211608,utah_2019,utah_2019,utah_2019_2,noise,0,/home/ted1204/MS_Detection_Datamaker/MS_datamaker_UTAH_2019/data/noise/FORGE_78-32_iDASv3-P11_UTC190429211608.sgy,FORGE_78-32_iDASv3-P11_UTC190429211608.sgy,FORGE_78-32_iDASv3-P11_UTC190429211608,16.0,18.0,273,678,1000.0
565,utah_2019__FORGE_78-32_iDASv3-P11_UTC190429211608,utah_2019,utah_2019,utah_2019_2,noise,0,/home/ted1204/MS_Detection_Datamaker/MS_datamaker_UTAH_2019/data/noise/FORGE_78-32_iDASv3-P11_UTC190429211608.sgy,FORGE_78-32_iDASv3-P11_UTC190429211608.sgy,FORGE_78-32_iDASv3-P11_UTC190429211608,20.0,22.0,273,678,1000.0
566,utah_2019__FORGE_78-32_iDASv3-P11_UTC190429211608,utah_2019,utah_2019,utah_2019_2,noise,0,/home/ted1204/MS_Detection_Datamaker/MS_datamaker_UTAH_2019/data/noise/FORGE_78-32_iDASv3-P11_UTC190429211608.sgy,FORGE_78-32_iDASv3-P11_UTC190429211608.sgy,FORGE_78-32_iDASv3-P11_UTC190429211608,21.0,23.0,273,678,1000.0
567,utah_2019__FORGE_78-32_iDASv3-P11_UTC190429211608,utah_2019,utah_2019,utah_2019_2,noise,0,/home/ted1204/MS_Detection_Datamaker/MS_datamaker_UTAH_2019/data/noise/FORGE_78-32_iDASv3-P11_UTC190429211608.sgy,FORGE_78-32_iDASv3-P11_UTC190429211608.sgy,FORGE_78-32_iDASv3-P11_UTC190429211608,22.0,24.0,273,678,1000.0
568,utah_2019__FORGE_78-32_iDASv3-P11_UTC190429211608,utah_2019,utah_2019,utah_2019_2,noise,0,/home/ted1204/MS_Detection_Datamaker/MS_datamaker_UTAH_2019/data/noise/FORGE_78-32_iDASv3-P11_UTC190429211608.sgy,FORGE_78-32_iDASv3-P11_UTC190429211608.sgy,FORGE_78-32_iDASv3-P11_UTC190429211608,25.0,27.0,273,678,1000.0
569,utah_2019__FORGE_78-32_iDASv3-P11_UTC190429211608,utah_2019,utah_2019,utah_2019_2,noise,0,/home/ted1204/MS_Detection_Datamaker/MS_datamaker_UTAH_2019/data/noise/FORGE_78-32_iDASv3-P11_UTC190429211608.sgy,FORGE_78-32_iDASv3-P11_UTC190429211608.sgy,FORGE_78-32_iDASv3-P11_UTC190429211608,27.0,29.0,273,678,1000.0
570,utah_2019__FORGE_78-32_iDASv3-P11_UTC190429211738,utah_2019,utah_2019,utah_2019_1,noise,0,/home/ted1204/MS_Detection_Datamaker/MS_datamaker_UTAH_2019/data/noise/FORGE_78-32_iDASv3-P11_UTC190429211738.sgy,FORGE_78-32_iDASv3-P11_UTC190429211738.sgy,FORGE_78-32_iDASv3-P11_UTC190429211738,2.0,4.0,679,1084,1000.0
571,utah_2019__FORGE_78-32_iDASv3-P11_UTC190429211738,utah_2019,utah_2019,utah_2019_1,noise,0,/home/ted1204/MS_Detection_Datamaker/MS_datamaker_UTAH_2019/data/noise/FORGE_78-32_iDASv3-P11_UTC190429211738.sgy,FORGE_78-32_iDASv3-P11_UTC190429211738.sgy,FORGE_78-32_iDASv3-P11_UTC190429211738,6.0,8.0,679,1084,1000.0
572,utah_2019__FORGE_78-32_iDASv3-P11_UTC190429211738,utah_2019,utah_2019,utah_2019_1,noise,0,/home/ted1204/MS_Detection_Datamaker/MS_datamaker_UTAH_2019/data/noise/FORGE_78-32_iDASv3-P11_UTC190429211738.sgy,FORGE_78-32_iDASv3-P11_UTC190429211738.sgy,FORGE_78-32_iDASv3-P11_UTC190429211738,8.0,10.0,679,1084,1000.0
573,utah_2019__FORGE_78-32_iDASv3-P11_UTC190429211738,utah_2019,utah_2019,utah_2019_1,noise,0,/home/ted1204/MS_Detection_Datamaker/MS_datamaker_UTAH_2019/data/noise/FORGE_78-32_iDASv3-P11_UTC190429211738.sgy,FORGE_78-32_iDASv3-P11_UTC190429211738.sgy,FORGE_78-32_iDASv3-P11_UTC190429211738,9.0,11.0,679,1084,1000.0
574,utah_2019__FORGE_78-32_iDASv3-P11_UTC190429211738,utah_2019,utah_2019,utah_2019_1,noise,0,/home/ted1204/MS_Detection_Datamaker/MS_datamaker_UTAH_2019/data/noise/FORGE_78-32_iDASv3-P11_UTC190429211738.sgy,FORGE_78-32_iDASv3-P11_UTC190429211738.sgy,FORGE_78-32_iDASv3-P11_UTC190429211738,10.0,12.0,679,1084,1000.0
575,utah_2019__FORGE_78-32_iDASv3-P11_UTC190429211738,utah_2019,utah_2019,utah_2019_1,noise,0,/home/ted1204/MS_Detection_Datamaker/MS_datamaker_UTAH_2019/data/noise/FORGE_78-32_iDASv3-P11_UTC190429211738.sgy,FORGE_78-32_iDASv3-P11_UTC190429211738.sgy,FORGE_78-32_iDASv3-P11_UTC190429211738,12.0,14.0,679,1084,1000.0
576,utah_2019__FORGE_78-32_iDASv3-P11_UTC190429211738,utah_2019,utah_2019,utah_2019_1,noise,0,/home/ted1204/MS_Detection_Datamaker/MS_datamaker_UTAH_2019/data/noise/FORGE_78-32_iDASv3-P11_UTC190429211738.sgy,FORGE_78-32_iDASv3-P11_UTC190429211738.sgy,FORGE_78-32_iDASv3-P11_UTC190429211738,14.0,16.0,679,1084,1000.0
577,utah_2019__FORGE_78-32_iDASv3-P11_UTC190429211738,utah_2019,utah_2019,utah_2019_1,noise,0,/home/ted1204/MS_Detection_Datamaker/MS_datamaker_UTAH_2019/data/noise/FORGE_78-32_iDASv3-P11_UTC190429211738.sgy,FORGE_78-32_iDASv3-P11_UTC190429211738.sgy,FORGE_78-32_iDASv3-P11_UTC190429211738,15.0,17.0,679,1084,1000.0
578,utah_2019__FORGE_78-32_iDASv3-P11_UTC190429211738,utah_2019,utah_2019,utah_2019_1,noise,0,/home/ted1204/MS_Detection_Datamaker/MS_datamaker_UTAH_2019/data/noise/FORGE_78-32_iDASv3-P11_UTC190429211738.sgy,FORGE_78-32_iDASv3-P11_UTC190429211738.sgy,FORGE_78-32_iDASv3-P11_UTC190429211738,20.0,22.0,679,1084,1000.0
579,utah_2019__FORGE_78-32_iDASv3-P11_UTC190429211738,utah_2019,utah_2019,utah_2019_1,noise,0,/home/ted1204/MS_Detection_Datamaker/MS_datamaker_UTAH_2019/data/noise/FORGE_78-32_iDASv3-P11_UTC190429211738.sgy,FORGE_78-32_iDASv3-P11_UTC190429211738.sgy,FORGE_78-32_iDASv3-P11_UTC190429211738,22.0,24.0,679,1084,1000.0
580,utah_2019__FORGE_78-32_iDASv3-P11_UTC190429211738,utah_2019,utah_2019,utah_2019_1,noise,0,/home/ted1204/MS_Detection_Datamaker/MS_datamaker_UTAH_2019/data/noise/FORGE_78-32_iDASv3-P11_UTC190429211738.sgy,FORGE_78-32_iDASv3-P11_UTC190429211738.sgy,FORGE_78-32_iDASv3-P11_UTC190429211738,23.0,25.0,679,1084,1000.0
581,utah_2019__FORGE_78-32_iDASv3-P11_UTC190429211738,utah_2019,utah_2019,utah_2019_1,noise,0,/home/ted1204/MS_Detection_Datamaker/MS_datamaker_UTAH_2019/data/noise/FORGE_78-32_iDASv3-P11_UTC190429211738.sgy,FORGE_78-32_iDASv3-P11_UTC190429211738.sgy,FORGE_78-32_iDASv3-P11_UTC190429211738,24.0,26.0,679,1084,1000.0
582,utah_2019__FORGE_78-32_iDASv3-P11_UTC190429211738,utah_2019,utah_2019,utah_2019_1,noise,0,/home/ted1204/MS_Detection_Datamaker/MS_datamaker_UTAH_2019/data/noise/FORGE_78-32_iDASv3-P11_UTC190429211738.sgy,FORGE_78-32_iDASv3-P11_UTC190429211738.sgy,FORGE_78-32_iDASv3-P11_UTC190429211738,25.0,27.0,679,1084,1000.0
583,utah_2019__FORGE_78-32_iDASv3-P11_UTC190429211738,utah_2019,utah_2019,utah_2019_1,noise,0,/home/ted1204/MS_Detection_Datamaker/MS_datamaker_UTAH_2019/data/noise/FORGE_78-32_iDASv3-P11_UTC190429211738.sgy,FORGE_78-32_iDASv3-P11_UTC190429211738.sgy,FORGE_78-32_iDASv3-P11_UTC190429211738,26.0,28.0,679,1084,1000.0
584,utah_2019__FORGE_78-32_iDASv3-P11_UTC190429211738,utah_2019,utah_2019,utah_2019_1,noise,0,/home/ted1204/MS_Detection_Datamaker/MS_datamaker_UTAH_2019/data/noise/FORGE_78-32_iDASv3-P11_UTC190429211738.sgy,FORGE_78-32_iDASv3-P11_UTC190429211738.sgy,FORGE_78-32_iDASv3-P11_UTC190429211738,28.0,30.0,679,1084,1000.0
585,utah_2019__FORGE_78-32_iDASv3-P11_UTC190429211738,utah_2019,utah_2019,utah_2019_2,noise,0,/home/ted1204/MS_Detection_Datamaker/MS_datamaker_UTAH_2019/data/noise/FORGE_78-32_iDASv3-P11_UTC190429211738.sgy,FORGE_78-32_iDASv3-P11_UTC190429211738.sgy,FORGE_78-32_iDASv3-P11_UTC190429211738,2.0,4.0,273,678,1000.0
586,utah_2019__FORGE_78-32_iDASv3-P11_UTC190429211738,utah_2019,utah_2019,utah_2019_2,noise,0,/home/ted1204/MS_Detection_Datamaker/MS_datamaker_UTAH_2019/data/noise/FORGE_78-32_iDASv3-P11_UTC190429211738.sgy,FORGE_78-32_iDASv3-P11_UTC190429211738.sgy,FORGE_78-32_iDASv3-P11_UTC190429211738,6.0,8.0,273,678,1000.0
587,utah_2019__FORGE_78-32_iDASv3-P11_UTC190429211738,utah_2019,utah_2019,utah_2019_2,noise,0,/home/ted1204/MS_Detection_Datamaker/MS_datamaker_UTAH_2019/data/noise/FORGE_78-32_iDASv3-P11_UTC190429211738.sgy,FORGE_78-32_iDASv3-P11_UTC190429211738.sgy,FORGE_78-32_iDASv3-P11_UTC190429211738,8.0,10.0,273,678,1000.0
588,utah_2019__FORGE_78-32_iDASv3-P11_UTC190429211738,utah_2019,utah_2019,utah_2019_2,noise,0,/home/ted1204/MS_Detection_Datamaker/MS_datamaker_UTAH_2019/data/noise/FORGE_78-32_iDASv3-P11_UTC190429211738.sgy,FORGE_78-32_iDASv3-P11_UTC190429211738.sgy,FORGE_78-32_iDASv3-P11_UTC190429211738,9.0,11.0,273,678,1000.0
589,utah_2019__FORGE_78-32_iDASv3-P11_UTC190429211738,utah_2019,utah_2019,utah_2019_2,noise,0,/home/ted1204/MS_Detection_Datamaker/MS_datamaker_UTAH_2019/data/noise/FORGE_78-32_iDASv3-P11_UTC190429211738.sgy,FORGE_78-32_iDASv3-P11_UTC190429211738.sgy,FORGE_78-32_iDASv3-P11_UTC190429211738,10.0,12.0,273,678,1000.0
590,utah_2019__FORGE_78-32_iDASv3-P11_UTC190429211738,utah_2019,utah_2019,utah_2019_2,noise,0,/home/ted1204/MS_Detection_Datamaker/MS_datamaker_UTAH_2019/data/noise/FORGE_78-32_iDASv3-P11_UTC190429211738.sgy,FORGE_78-32_iDASv3-P11_UTC190429211738.sgy,FORGE_78-32_iDASv3-P11_UTC190429211738,12.0,14.0,273,678,1000.0
591,utah_2019__FORGE_78-32_iDASv3-P11_UTC190429211738,utah_2019,utah_2019,utah_2019_2,noise,0,/home/ted1204/MS_Detection_Datamaker/MS_datamaker_UTAH_2019/data/noise/FORGE_78-32_iDASv3-P11_UTC190429211738.sgy,FORGE_78-32_iDASv3-P11_UTC190429211738.sgy,FORGE_78-32_iDASv3-P11_UTC190429211738,14.0,16.0,273,678,1000.0
592,utah_2019__FORGE_78-32_iDASv3-P11_UTC190429211738,utah_2019,utah_2019,utah_2019_2,noise,0,/home/ted1204/MS_Detection_Datamaker/MS_datamaker_UTAH_2019/data/noise/FORGE_78-32_iDASv3-P11_UTC190429211738.sgy,FORGE_78-32_iDASv3-P11_UTC190429211738.sgy,FORGE_78-32_iDASv3-P11_UTC190429211738,15.0,17.0,273,678,1000.0
593,utah_2019__FORGE_78-32_iDASv3-P11_UTC190429211738,utah_2019,utah_2019,utah_2019_2,noise,0,/home/ted1204/MS_Detection_Datamaker/MS_datamaker_UTAH_2019/data/noise/FORGE_78-32_iDASv3-P11_UTC190429211738.sgy,FORGE_78-32_iDASv3-P11_UTC190429211738.sgy,FORGE_78-32_iDASv3-P11_UTC190429211738,20.0,22.0,273,678,1000.0
594,utah_2019__FORGE_78-32_iDASv3-P11_UTC190429211738,utah_2019,utah_2019,utah_2019_2,noise,0,/home/ted1204/MS_Detection_Datamaker/MS_datamaker_UTAH_2019/data/noise/FORGE_78-32_iDASv3-P11_UTC190429211738.sgy,FORGE_78-32_iDASv3-P11_UTC190429211738.sgy,FORGE_78-32_iDASv3-P11_UTC190429211738,22.0,24.0,273,678,1000.0
595,utah_2019__FORGE_78-32_iDASv3-P11_UTC190429211738,utah_2019,utah_2019,utah_2019_2,noise,0,/home/ted1204/MS_Detection_Datamaker/MS_datamaker_UTAH_2019/data/noise/FORGE_78-32_iDASv3-P11_UTC190429211738.sgy,FORGE_78-32_iDASv3-P11_UTC190429211738.sgy,FORGE_78-32_iDASv3-P11_UTC190429211738,23.0,25.0,273,678,1000.0
596,utah_2019__FORGE_78-32_iDASv3-P11_UTC190429211738,utah_2019,utah_2019,utah_2019_2,noise,0,/home/ted1204/MS_Detection_Datamaker/MS_datamaker_UTAH_2019/data/noise/FORGE_78-32_iDASv3-P11_UTC190429211738.sgy,FORGE_78-32_iDASv3-P11_UTC190429211738.sgy,FORGE_78-32_iDASv3-P11_UTC190429211738,24.0,26.0,273,678,1000.0
597,utah_2019__FORGE_78-32_iDASv3-P11_UTC190429211738,utah_2019,utah_2019,utah_2019_2,noise,0,/home/ted1204/MS_Detection_Datamaker/MS_datamaker_UTAH_2019/data/noise/FORGE_78-32_iDASv3-P11_UTC190429211738.sgy,FORGE_78-32_iDASv3-P11_UTC190429211738.sgy,FORGE_78-32_iDASv3-P11_UTC190429211738,25.0,27.0,273,678,1000.0
598,utah_2019__FORGE_78-32_iDASv3-P11_UTC190429211738,utah_2019,utah_2019,utah_2019_2,noise,0,/home/ted1204/MS_Detection_Datamaker/MS_datamaker_UTAH_2019/data/noise/FORGE_78-32_iDASv3-P11_UTC190429211738.sgy,FORGE_78-32_iDASv3-P11_UTC190429211738.sgy,FORGE_78-32_iDASv3-P11_UTC190429211738,26.0,28.0,273,678,1000.0
599,utah_2019__FORGE_78-32_iDASv3-P11_UTC190429211738,utah_2019,utah_2019,utah_2019_2,noise,0,/home/ted1204/MS_Detection_Datamaker/MS_datamaker_UTAH_2019/data/noise/FORGE_78-32_iDASv3-P11_UTC190429211738.sgy,FORGE_78-32_iDASv3-P11_UTC190429211738.sgy,FORGE_78-32_iDASv3-P11_UTC190429211738,28.0,30.0,273,678,1000.0
600,utah_2019__FORGE_78-32_iDASv3-P11_UTC190429211838,utah_2019,utah_2019,utah_2019_1,noise,0,/home/ted1204/MS_Detection_Datamaker/MS_datamaker_UTAH_2019/data/noise/FORGE_78-32_iDASv3-P11_UTC190429211838.sgy,FORGE_78-32_iDASv3-P11_UTC190429211838.sgy,FORGE_78-32_iDASv3-P11_UTC190429211838,2.0,4.0,679,1084,1000.0
601,utah_2019__FORGE_78-32_iDASv3-P11_UTC190429211838,utah_2019,utah_2019,utah_2019_1,noise,0,/home/ted1204/MS_Detection_Datamaker/MS_datamaker_UTAH_2019/data/noise/FORGE_78-32_iDASv3-P11_UTC190429211838.sgy,FORGE_78-32_iDASv3-P11_UTC190429211838.sgy,FORGE_78-32_iDASv3-P11_UTC190429211838,4.0,6.0,679,1084,1000.0
602,utah_2019__FORGE_78-32_iDASv3-P11_UTC190429211838,utah_2019,utah_2019,utah_2019_1,noise,0,/home/ted1204/MS_Detection_Datamaker/MS_datamaker_UTAH_2019/data/noise/FORGE_78-32_iDASv3-P11_UTC190429211838.sgy,FORGE_78-32_iDASv3-P11_UTC190429211838.sgy,FORGE_78-32_iDASv3-P11_UTC190429211838,5.0,7.0,679,1084,1000.0
603,utah_2019__FORGE_78-32_iDASv3-P11_UTC190429211838,utah_2019,utah_2019,utah_2019_1,noise,0,/home/ted1204/MS_Detection_Datamaker/MS_datamaker_UTAH_2019/data/noise/FORGE_78-32_iDASv3-P11_UTC190429211838.sgy,FORGE_78-32_iDASv3-P11_UTC190429211838.sgy,FORGE_78-32_iDASv3-P11_UTC190429211838,6.0,8.0,679,1084,1000.0
604,utah_2019__FORGE_78-32_iDASv3-P11_UTC190429211838,utah_2019,utah_2019,utah_2019_1,noise,0,/home/ted1204/MS_Detection_Datamaker/MS_datamaker_UTAH_2019/data/noise/FORGE_78-32_iDASv3-P11_UTC190429211838.sgy,FORGE_78-32_iDASv3-P11_UTC190429211838.sgy,FORGE_78-32_iDASv3-P11_UTC190429211838,8.0,10.0,679,1084,1000.0
605,utah_2019__FORGE_78-32_iDASv3-P11_UTC190429211838,utah_2019,utah_2019,utah_2019_1,noise,0,/home/ted1204/MS_Detection_Datamaker/MS_datamaker_UTAH_2019/data/noise/FORGE_78-32_iDASv3-P11_UTC190429211838.sgy,FORGE_78-32_iDASv3-P11_UTC190429211838.sgy,FORGE_78-32_iDASv3-P11_UTC190429211838,14.0,16.0,679,1084,1000.0
606,utah_2019__FORGE_78-32_iDASv3-P11_UTC190429211838,utah_2019,utah_2019,utah_2019_1,noise,0,/home/ted1204/MS_Detection_Datamaker/MS_datamaker_UTAH_2019/data/noise/FORGE_78-32_iDASv3-P11_UTC190429211838.sgy,FORGE_78-32_iDASv3-P11_UTC190429211838.sgy,FORGE_78-32_iDASv3-P11_UTC190429211838,16.0,18.0,679,1084,1000.0
607,utah_2019__FORGE_78-32_iDASv3-P11_UTC190429211838,utah_2019,utah_2019,utah_2019_1,noise,0,/home/ted1204/MS_Detection_Datamaker/MS_datamaker_UTAH_2019/data/noise/FORGE_78-32_iDASv3-P11_UTC190429211838.sgy,FORGE_78-32_iDASv3-P11_UTC190429211838.sgy,FORGE_78-32_iDASv3-P11_UTC190429211838,17.0,19.0,679,1084,1000.0
608,utah_2019__FORGE_78-32_iDASv3-P11_UTC190429211838,utah_2019,utah_2019,utah_2019_1,noise,0,/home/ted1204/MS_Detection_Datamaker/MS_datamaker_UTAH_2019/data/noise/FORGE_78-32_iDASv3-P11_UTC190429211838.sgy,FORGE_78-32_iDASv3-P11_UTC190429211838.sgy,FORGE_78-32_iDASv3-P11_UTC190429211838,18.0,20.0,679,1084,1000.0
609,utah_2019__FORGE_78-32_iDASv3-P11_UTC190429211838,utah_2019,utah_2019,utah_2019_1,noise,0,/home/ted1204/MS_Detection_Datamaker/MS_datamaker_UTAH_2019/data/noise/FORGE_78-32_iDASv3-P11_UTC190429211838.sgy,FORGE_78-32_iDASv3-P11_UTC190429211838.sgy,FORGE_78-32_iDASv3-P11_UTC190429211838,20.0,22.0,679,1084,1000.0
610,utah_2019__FORGE_78-32_iDASv3-P11_UTC190429211838,utah_2019,utah_2019,utah_2019_1,noise,0,/home/ted1204/MS_Detection_Datamaker/MS_datamaker_UTAH_2019/data/noise/FORGE_78-32_iDASv3-P11_UTC190429211838.sgy,FORGE_78-32_iDASv3-P11_UTC190429211838.sgy,FORGE_78-32_iDASv3-P11_UTC190429211838,21.0,23.0,679,1084,1000.0
611,utah_2019__FORGE_78-32_iDASv3-P11_UTC190429211838,utah_2019,utah_2019,utah_2019_1,noise,0,/home/ted1204/MS_Detection_Datamaker/MS_datamaker_UTAH_2019/data/noise/FORGE_78-32_iDASv3-P11_UTC190429211838.sgy,FORGE_78-32_iDASv3-P11_UTC190429211838.sgy,FORGE_78-32_iDASv3-P11_UTC190429211838,25.0,27.0,679,1084,1000.0
612,utah_2019__FORGE_78-32_iDASv3-P11_UTC190429211838,utah_2019,utah_2019,utah_2019_1,noise,0,/home/ted1204/MS_Detection_Datamaker/MS_datamaker_UTAH_2019/data/noise/FORGE_78-32_iDASv3-P11_UTC190429211838.sgy,FORGE_78-32_iDASv3-P11_UTC190429211838.sgy,FORGE_78-32_iDASv3-P11_UTC190429211838,26.0,28.0,679,1084,1000.0
613,utah_2019__FORGE_78-32_iDASv3-P11_UTC190429211838,utah_2019,utah_2019,utah_2019_1,noise,0,/home/ted1204/MS_Detection_Datamaker/MS_datamaker_UTAH_2019/data/noise/FORGE_78-32_iDASv3-P11_UTC190429211838.sgy,FORGE_78-32_iDASv3-P11_UTC190429211838.sgy,FORGE_78-32_iDASv3-P11_UTC190429211838,27.0,29.0,679,1084,1000.0
614,utah_2019__FORGE_78-32_iDASv3-P11_UTC190429211838,utah_2019,utah_2019,utah_2019_1,noise,0,/home/ted1204/MS_Detection_Datamaker/MS_datamaker_UTAH_2019/data/noise/FORGE_78-32_iDASv3-P11_UTC190429211838.sgy,FORGE_78-32_iDASv3-P11_UTC190429211838.sgy,FORGE_78-32_iDASv3-P11_UTC190429211838,28.0,30.0,679,1084,1000.0
615,utah_2019__FORGE_78-32_iDASv3-P11_UTC190429211838,utah_2019,utah_2019,utah_2019_2,noise,0,/home/ted1204/MS_Detection_Datamaker/MS_datamaker_UTAH_2019/data/noise/FORGE_78-32_iDASv3-P11_UTC190429211838.sgy,FORGE_78-32_iDASv3-P11_UTC190429211838.sgy,FORGE_78-32_iDASv3-P11_UTC190429211838,2.0,4.0,273,678,1000.0
616,utah_2019__FORGE_78-32_iDASv3-P11_UTC190429211838,utah_2019,utah_2019,utah_2019_2,noise,0,/home/ted1204/MS_Detection_Datamaker/MS_datamaker_UTAH_2019/data/noise/FORGE_78-32_iDASv3-P11_UTC190429211838.sgy,FORGE_78-32_iDASv3-P11_UTC190429211838.sgy,FORGE_78-32_iDASv3-P11_UTC190429211838,4.0,6.0,273,678,1000.0
617,utah_2019__FORGE_78-32_iDASv3-P11_UTC190429211838,utah_2019,utah_2019,utah_2019_2,noise,0,/home/ted1204/MS_Detection_Datamaker/MS_datamaker_UTAH_2019/data/noise/FORGE_78-32_iDASv3-P11_UTC190429211838.sgy,FORGE_78-32_iDASv3-P11_UTC190429211838.sgy,FORGE_78-32_iDASv3-P11_UTC190429211838,5.0,7.0,273,678,1000.0
618,utah_2019__FORGE_78-32_iDASv3-P11_UTC190429211838,utah_2019,utah_2019,utah_2019_2,noise,0,/home/ted1204/MS_Detection_Datamaker/MS_datamaker_UTAH_2019/data/noise/FORGE_78-32_iDASv3-P11_UTC190429211838.sgy,FORGE_78-32_iDASv3-P11_UTC190429211838.sgy,FORGE_78-32_iDASv3-P11_UTC190429211838,6.0,8.0,273,678,1000.0
619,utah_2019__FORGE_78-32_iDASv3-P11_UTC190429211838,utah_2019,utah_2019,utah_2019_2,noise,0,/home/ted1204/MS_Detection_Datamaker/MS_datamaker_UTAH_2019/data/noise/FORGE_78-32_iDASv3-P11_UTC190429211838.sgy,FORGE_78-32_iDASv3-P11_UTC190429211838.sgy,FORGE_78-32_iDASv3-P11_UTC190429211838,8.0,10.0,273,678,1000.0
620,utah_2019__FORGE_78-32_iDASv3-P11_UTC190429211838,utah_2019,utah_2019,utah_2019_2,noise,0,/home/ted1204/MS_Detection_Datamaker/MS_datamaker_UTAH_2019/data/noise/FORGE_78-32_iDASv3-P11_UTC190429211838.sgy,FORGE_78-32_iDASv3-P11_UTC190429211838.sgy,FORGE_78-32_iDASv3-P11_UTC190429211838,14.0,16.0,273,678,1000.0
621,utah_2019__FORGE_78-32_iDASv3-P11_UTC190429211838,utah_2019,utah_2019,utah_2019_2,noise,0,/home/ted1204/MS_Detection_Datamaker/MS_datamaker_UTAH_2019/data/noise/FORGE_78-32_iDASv3-P11_UTC190429211838.sgy,FORGE_78-32_iDASv3-P11_UTC190429211838.sgy,FORGE_78-32_iDASv3-P11_UTC190429211838,16.0,18.0,273,678,1000.0
622,utah_2019__FORGE_78-32_iDASv3-P11_UTC190429211838,utah_2019,utah_2019,utah_2019_2,noise,0,/home/ted1204/MS_Detection_Datamaker/MS_datamaker_UTAH_2019/data/noise/FORGE_78-32_iDASv3-P11_UTC190429211838.sgy,FORGE_78-32_iDASv3-P11_UTC190429211838.sgy,FORGE_78-32_iDASv3-P11_UTC190429211838,17.0,19.0,273,678,1000.0
623,utah_2019__FORGE_78-32_iDASv3-P11_UTC190429211838,utah_2019,utah_2019,utah_2019_2,noise,0,/home/ted1204/MS_Detection_Datamaker/MS_datamaker_UTAH_2019/data/noise/FORGE_78-32_iDASv3-P11_UTC190429211838.sgy,FORGE_78-32_iDASv3-P11_UTC190429211838.sgy,FORGE_78-32_iDASv3-P11_UTC190429211838,18.0,20.0,273,678,1000.0
624,utah_2019__FORGE_78-32_iDASv3-P11_UTC190429211838,utah_2019,utah_2019,utah_2019_2,noise,0,/home/ted1204/MS_Detection_Datamaker/MS_datamaker_UTAH_2019/data/noise/FORGE_78-32_iDASv3-P11_UTC190429211838.sgy,FORGE_78-32_iDASv3-P11_UTC190429211838.sgy,FORGE_78-32_iDASv3-P11_UTC190429211838,20.0,22.0,273,678,1000.0
625,utah_2019__FORGE_78-32_iDASv3-P11_UTC190429211838,utah_2019,utah_2019,utah_2019_2,noise,0,/home/ted1204/MS_Detection_Datamaker/MS_datamaker_UTAH_2019/data/noise/FORGE_78-32_iDASv3-P11_UTC190429211838.sgy,FORGE_78-32_iDASv3-P11_UTC190429211838.sgy,FORGE_78-32_iDASv3-P11_UTC190429211838,21.0,23.0,273,678,1000.0
626,utah_2019__FORGE_78-32_iDASv3-P11_UTC190429211838,utah_2019,utah_2019,utah_2019_2,noise,0,/home/ted1204/MS_Detection_Datamaker/MS_datamaker_UTAH_2019/data/noise/FORGE_78-32_iDASv3-P11_UTC190429211838.sgy,FORGE_78-32_iDASv3-P11_UTC190429211838.sgy,FORGE_78-32_iDASv3-P11_UTC190429211838,25.0,27.0,273,678,1000.0
627,utah_2019__FORGE_78-32_iDASv3-P11_UTC190429211838,utah_2019,utah_2019,utah_2019_2,noise,0,/home/ted1204/MS_Detection_Datamaker/MS_datamaker_UTAH_2019/data/noise/FORGE_78-32_iDASv3-P11_UTC190429211838.sgy,FORGE_78-32_iDASv3-P11_UTC190429211838.sgy,FORGE_78-32_iDASv3-P11_UTC190429211838,26.0,28.0,273,678,1000.0
628,utah_2019__FORGE_78-32_iDASv3-P11_UTC190429211838,utah_2019,utah_2019,utah_2019_2,noise,0,/home/ted1204/MS_Detection_Datamaker/MS_datamaker_UTAH_2019/data/noise/FORGE_78-32_iDASv3-P11_UTC190429211838.sgy,FORGE_78-32_iDASv3-P11_UTC190429211838.sgy,FORGE_78-32_iDASv3-P11_UTC190429211838,27.0,29.0,273,678,1000.0
629,utah_2019__FORGE_78-32_iDASv3-P11_UTC190429211838,utah_2019,utah_2019,utah_2019_2,noise,0,/home/ted1204/MS_Detection_Datamaker/MS_datamaker_UTAH_2019/data/noise/FORGE_78-32_iDASv3-P11_UTC190429211838.sgy,FORGE_78-32_iDASv3-P11_UTC190429211838.sgy,FORGE_78-32_iDASv3-P11_UTC190429211838,28.0,30.0,273,678,1000.0
630,utah_2019__FORGE_78-32_iDASv3-P11_UTC190429212653,utah_2019,utah_2019,utah_2019_1,noise,0,/home/ted1204/MS_Detection_Datamaker/MS_datamaker_UTAH_2019/data/noise/FORGE_78-32_iDASv3-P11_UTC190429212653.sgy,FORGE_78-32_iDASv3-P11_UTC190429212653.sgy,FORGE_78-32_iDASv3-P11_UTC190429212653,0.0,2.0,679,1084,1000.0
631,utah_2019__FORGE_78-32_iDASv3-P11_UTC190429212653,utah_2019,utah_2019,utah_2019_1,noise,0,/home/ted1204/MS_Detection_Datamaker/MS_datamaker_UTAH_2019/data/noise/FORGE_78-32_iDASv3-P11_UTC190429212653.sgy,FORGE_78-32_iDASv3-P11_UTC190429212653.sgy,FORGE_78-32_iDASv3-P11_UTC190429212653,1.0,3.0,679,1084,1000.0
632,utah_2019__FORGE_78-32_iDASv3-P11_UTC190429212653,utah_2019,utah_2019,utah_2019_1,noise,0,/home/ted1204/MS_Detection_Datamaker/MS_datamaker_UTAH_2019/data/noise/FORGE_78-32_iDASv3-P11_UTC190429212653.sgy,FORGE_78-32_iDASv3-P11_UTC190429212653.sgy,FORGE_78-32_iDASv3-P11_UTC190429212653,3.0,5.0,679,1084,1000.0
633,utah_2019__FORGE_78-32_iDASv3-P11_UTC190429212653,utah_2019,utah_2019,utah_2019_1,noise,0,/home/ted1204/MS_Detection_Datamaker/MS_datamaker_UTAH_2019/data/noise/FORGE_78-32_iDASv3-P11_UTC190429212653.sgy,FORGE_78-32_iDASv3-P11_UTC190429212653.sgy,FORGE_78-32_iDASv3-P11_UTC190429212653,6.0,8.0,679,1084,1000.0
634,utah_2019__FORGE_78-32_iDASv3-P11_UTC190429212653,utah_2019,utah_2019,utah_2019_1,noise,0,/home/ted1204/MS_Detection_Datamaker/MS_datamaker_UTAH_2019/data/noise/FORGE_78-32_iDASv3-P11_UTC190429212653.sgy,FORGE_78-32_iDASv3-P11_UTC190429212653.sgy,FORGE_78-32_iDASv3-P11_UTC190429212653,8.0,10.0,679,1084,1000.0
635,utah_2019__FORGE_78-32_iDASv3-P11_UTC190429212653,utah_2019,utah_2019,utah_2019_1,noise,0,/home/ted1204/MS_Detection_Datamaker/MS_datamaker_UTAH_2019/data/noise/FORGE_78-32_iDASv3-P11_UTC190429212653.sgy,FORGE_78-32_iDASv3-P11_UTC190429212653.sgy,FORGE_78-32_iDASv3-P11_UTC190429212653,9.0,11.0,679,1084,1000.0
636,utah_2019__FORGE_78-32_iDASv3-P11_UTC190429212653,utah_2019,utah_2019,utah_2019_1,noise,0,/home/ted1204/MS_Detection_Datamaker/MS_datamaker_UTAH_2019/data/noise/FORGE_78-32_iDASv3-P11_UTC190429212653.sgy,FORGE_78-32_iDASv3-P11_UTC190429212653.sgy,FORGE_78-32_iDASv3-P11_UTC190429212653,10.0,12.0,679,1084,1000.0
637,utah_2019__FORGE_78-32_iDASv3-P11_UTC190429212653,utah_2019,utah_2019,utah_2019_1,noise,0,/home/ted1204/MS_Detection_Datamaker/MS_datamaker_UTAH_2019/data/noise/FORGE_78-32_iDASv3-P11_UTC190429212653.sgy,FORGE_78-32_iDASv3-P11_UTC190429212653.sgy,FORGE_78-32_iDASv3-P11_UTC190429212653,13.0,15.0,679,1084,1000.0
638,utah_2019__FORGE_78-32_iDASv3-P11_UTC190429212653,utah_2019,utah_2019,utah_2019_1,noise,0,/home/ted1204/MS_Detection_Datamaker/MS_datamaker_UTAH_2019/data/noise/FORGE_78-32_iDASv3-P11_UTC190429212653.sgy,FORGE_78-32_iDASv3-P11_UTC190429212653.sgy,FORGE_78-32_iDASv3-P11_UTC190429212653,14.0,16.0,679,1084,1000.0
639,utah_2019__FORGE_78-32_iDASv3-P11_UTC190429212653,utah_2019,utah_2019,utah_2019_1,noise,0,/home/ted1204/MS_Detection_Datamaker/MS_datamaker_UTAH_2019/data/noise/FORGE_78-32_iDASv3-P11_UTC190429212653.sgy,FORGE_78-32_iDASv3-P11_UTC190429212653.sgy,FORGE_78-32_iDASv3-P11_UTC190429212653,15.0,17.0,679,1084,1000.0
640,utah_2019__FORGE_78-32_iDASv3-P11_UTC190429212653,utah_2019,utah_2019,utah_2019_1,noise,0,/home/ted1204/MS_Detection_Datamaker/MS_datamaker_UTAH_2019/data/noise/FORGE_78-32_iDASv3-P11_UTC190429212653.sgy,FORGE_78-32_iDASv3-P11_UTC190429212653.sgy,FORGE_78-32_iDASv3-P11_UTC190429212653,17.0,19.0,679,1084,1000.0
641,utah_2019__FORGE_78-32_iDASv3-P11_UTC190429212653,utah_2019,utah_2019,utah_2019_1,noise,0,/home/ted1204/MS_Detection_Datamaker/MS_datamaker_UTAH_2019/data/noise/FORGE_78-32_iDASv3-P11_UTC190429212653.sgy,FORGE_78-32_iDASv3-P11_UTC190429212653.sgy,FORGE_78-32_iDASv3-P11_UTC190429212653,20.0,22.0,679,1084,1000.0
642,utah_2019__FORGE_78-32_iDASv3-P11_UTC190429212653,utah_2019,utah_2019,utah_2019_1,noise,0,/home/ted1204/MS_Detection_Datamaker/MS_datamaker_UTAH_2019/data/noise/FORGE_78-32_iDASv3-P11_UTC190429212653.sgy,FORGE_78-32_iDASv3-P11_UTC190429212653.sgy,FORGE_78-32_iDASv3-P11_UTC190429212653,22.0,24.0,679,1084,1000.0
643,utah_2019__FORGE_78-32_iDASv3-P11_UTC190429212653,utah_2019,utah_2019,utah_2019_1,noise,0,/home/ted1204/MS_Detection_Datamaker/MS_datamaker_UTAH_2019/data/noise/FORGE_78-32_iDASv3-P11_UTC190429212653.sgy,FORGE_78-32_iDASv3-P11_UTC190429212653.sgy,FORGE_78-32_iDASv3-P11_UTC190429212653,23.0,25.0,679,1084,1000.0
644,utah_2019__FORGE_78-32_iDASv3-P11_UTC190429212653,utah_2019,utah_2019,utah_2019_1,noise,0,/home/ted1204/MS_Detection_Datamaker/MS_datamaker_UTAH_2019/data/noise/FORGE_78-32_iDASv3-P11_UTC190429212653.sgy,FORGE_78-32_iDASv3-P11_UTC190429212653.sgy,FORGE_78-32_iDASv3-P11_UTC190429212653,24.0,26.0,679,1084,1000.0
645,utah_2019__FORGE_78-32_iDASv3-P11_UTC190429212653,utah_2019,utah_2019,utah_2019_2,noise,0,/home/ted1204/MS_Detection_Datamaker/MS_datamaker_UTAH_2019/data/noise/FORGE_78-32_iDASv3-P11_UTC190429212653.sgy,FORGE_78-32_iDASv3-P11_UTC190429212653.sgy,FORGE_78-32_iDASv3-P11_UTC190429212653,0.0,2.0,273,678,1000.0
646,utah_2019__FORGE_78-32_iDASv3-P11_UTC190429212653,utah_2019,utah_2019,utah_2019_2,noise,0,/home/ted1204/MS_Detection_Datamaker/MS_datamaker_UTAH_2019/data/noise/FORGE_78-32_iDASv3-P11_UTC190429212653.sgy,FORGE_78-32_iDASv3-P11_UTC190429212653.sgy,FORGE_78-32_iDASv3-P11_UTC190429212653,1.0,3.0,273,678,1000.0
647,utah_2019__FORGE_78-32_iDASv3-P11_UTC190429212653,utah_2019,utah_2019,utah_2019_2,noise,0,/home/ted1204/MS_Detection_Datamaker/MS_datamaker_UTAH_2019/data/noise/FORGE_78-32_iDASv3-P11_UTC190429212653.sgy,FORGE_78-32_iDASv3-P11_UTC190429212653.sgy,FORGE_78-32_iDASv3-P11_UTC190429212653,3.0,5.0,273,678,1000.0
648,utah_2019__FORGE_78-32_iDASv3-P11_UTC190429212653,utah_2019,utah_2019,utah_2019_2,noise,0,/home/ted1204/MS_Detection_Datamaker/MS_datamaker_UTAH_2019/data/noise/FORGE_78-32_iDASv3-P11_UTC190429212653.sgy,FORGE_78-32_iDASv3-P11_UTC190429212653.sgy,FORGE_78-32_iDASv3-P11_UTC190429212653,6.0,8.0,273,678,1000.0
649,utah_2019__FORGE_78-32_iDASv3-P11_UTC190429212653,utah_2019,utah_2019,utah_2019_2,noise,0,/home/ted1204/MS_Detection_Datamaker/MS_datamaker_UTAH_2019/data/noise/FORGE_78-32_iDASv3-P11_UTC190429212653.sgy,FORGE_78-32_iDASv3-P11_UTC190429212653.sgy,FORGE_78-32_iDASv3-P11_UTC190429212653,8.0,10.0,273,678,1000.0
650,utah_2019__FORGE_78-32_iDASv3-P11_UTC190429212653,utah_2019,utah_2019,utah_2019_2,noise,0,/home/ted1204/MS_Detection_Datamaker/MS_datamaker_UTAH_2019/data/noise/FORGE_78-32_iDASv3-P11_UTC190429212653.sgy,FORGE_78-32_iDASv3-P11_UTC190429212653.sgy,FORGE_78-32_iDASv3-P11_UTC190429212653,9.0,11.0,273,678,1000.0
651,utah_2019__FORGE_78-32_iDASv3-P11_UTC190429212653,utah_2019,utah_2019,utah_2019_2,noise,0,/home/ted1204/MS_Detection_Datamaker/MS_datamaker_UTAH_2019/data/noise/FORGE_78-32_iDASv3-P11_UTC190429212653.sgy,FORGE_78-32_iDASv3-P11_UTC190429212653.sgy,FORGE_78-32_iDASv3-P11_UTC190429212653,10.0,12.0,273,678,1000.0
652,utah_2019__FORGE_78-32_iDASv3-P11_UTC190429212653,utah_2019,utah_2019,utah_2019_2,noise,0,/home/ted1204/MS_Detection_Datamaker/MS_datamaker_UTAH_2019/data/noise/FORGE_78-32_iDASv3-P11_UTC190429212653.sgy,FORGE_78-32_iDASv3-P11_UTC190429212653.sgy,FORGE_78-32_iDASv3-P11_UTC190429212653,13.0,15.0,273,678,1000.0
653,utah_2019__FORGE_78-32_iDASv3-P11_UTC190429212653,utah_2019,utah_2019,utah_2019_2,noise,0,/home/ted1204/MS_Detection_Datamaker/MS_datamaker_UTAH_2019/data/noise/FORGE_78-32_iDASv3-P11_UTC190429212653.sgy,FORGE_78-32_iDASv3-P11_UTC190429212653.sgy,FORGE_78-32_iDASv3-P11_UTC190429212653,14.0,16.0,273,678,1000.0
654,utah_2019__FORGE_78-32_iDASv3-P11_UTC190429212653,utah_2019,utah_2019,utah_2019_2,noise,0,/home/ted1204/MS_Detection_Datamaker/MS_datamaker_UTAH_2019/data/noise/FORGE_78-32_iDASv3-P11_UTC190429212653.sgy,FORGE_78-32_iDASv3-P11_UTC190429212653.sgy,FORGE_78-32_iDASv3-P11_UTC190429212653,15.0,17.0,273,678,1000.0
655,utah_2019__FORGE_78-32_iDASv3-P11_UTC190429212653,utah_2019,utah_2019,utah_2019_2,noise,0,/home/ted1204/MS_Detection_Datamaker/MS_datamaker_UTAH_2019/data/noise/FORGE_78-32_iDASv3-P11_UTC190429212653.sgy,FORGE_78-32_iDASv3-P11_UTC190429212653.sgy,FORGE_78-32_iDASv3-P11_UTC190429212653,17.0,19.0,273,678,1000.0
656,utah_2019__FORGE_78-32_iDASv3-P11_UTC190429212653,utah_2019,utah_2019,utah_2019_2,noise,0,/home/ted1204/MS_Detection_Datamaker/MS_datamaker_UTAH_2019/data/noise/FORGE_78-32_iDASv3-P11_UTC190429212653.sgy,FORGE_78-32_iDASv3-P11_UTC190429212653.sgy,FORGE_78-32_iDASv3-P11_UTC190429212653,20.0,22.0,273,678,1000.0
657,utah_2019__FORGE_78-32_iDASv3-P11_UTC190429212653,utah_2019,utah_2019,utah_2019_2,noise,0,/home/ted1204/MS_Detection_Datamaker/MS_datamaker_UTAH_2019/data/noise/FORGE_78-32_iDASv3-P11_UTC190429212653.sgy,FORGE_78-32_iDASv3-P11_UTC190429212653.sgy,FORGE_78-32_iDASv3-P11_UTC190429212653,22.0,24.0,273,678,1000.0
658,utah_2019__FORGE_78-32_iDASv3-P11_UTC190429212653,utah_2019,utah_2019,utah_2019_2,noise,0,/home/ted1204/MS_Detection_Datamaker/MS_datamaker_UTAH_2019/data/noise/FORGE_78-32_iDASv3-P11_UTC190429212653.sgy,FORGE_78-32_iDASv3-P11_UTC190429212653.sgy,FORGE_78-32_iDASv3-P11_UTC190429212653,23.0,25.0,273,678,1000.0
659,utah_2019__FORGE_78-32_iDASv3-P11_UTC190429212653,utah_2019,utah_2019,utah_2019_2,noise,0,/home/ted1204/MS_Detection_Datamaker/MS_datamaker_UTAH_2019/data/noise/FORGE_78-32_iDASv3-P11_UTC190429212653.sgy,FORGE_78-32_iDASv3-P11_UTC190429212653.sgy,FORGE_78-32_iDASv3-P11_UTC190429212653,24.0,26.0,273,678,1000.0
660,utah_2019__FORGE_78-32_iDASv3-P11_UTC190429212738,utah_2019,utah_2019,utah_2019_1,noise,0,/home/ted1204/MS_Detection_Datamaker/MS_datamaker_UTAH_2019/data/noise/FORGE_78-32_iDASv3-P11_UTC190429212738.sgy,FORGE_78-32_iDASv3-P11_UTC190429212738.sgy,FORGE_78-32_iDASv3-P11_UTC190429212738,1.0,3.0,679,1084,1000.0
661,utah_2019__FORGE_78-32_iDASv3-P11_UTC190429212738,utah_2019,utah_2019,utah_2019_1,noise,0,/home/ted1204/MS_Detection_Datamaker/MS_datamaker_UTAH_2019/data/noise/FORGE_78-32_iDASv3-P11_UTC190429212738.sgy,FORGE_78-32_iDASv3-P11_UTC190429212738.sgy,FORGE_78-32_iDASv3-P11_UTC190429212738,2.0,4.0,679,1084,1000.0
662,utah_2019__FORGE_78-32_iDASv3-P11_UTC190429212738,utah_2019,utah_2019,utah_2019_1,noise,0,/home/ted1204/MS_Detection_Datamaker/MS_datamaker_UTAH_2019/data/noise/FORGE_78-32_iDASv3-P11_UTC190429212738.sgy,FORGE_78-32_iDASv3-P11_UTC190429212738.sgy,FORGE_78-32_iDASv3-P11_UTC190429212738,3.0,5.0,679,1084,1000.0
663,utah_2019__FORGE_78-32_iDASv3-P11_UTC190429212738,utah_2019,utah_2019,utah_2019_1,noise,0,/home/ted1204/MS_Detection_Datamaker/MS_datamaker_UTAH_2019/data/noise/FORGE_78-32_iDASv3-P11_UTC190429212738.sgy,FORGE_78-32_iDASv3-P11_UTC190429212738.sgy,FORGE_78-32_iDASv3-P11_UTC190429212738,5.0,7.0,679,1084,1000.0
664,utah_2019__FORGE_78-32_iDASv3-P11_UTC190429212738,utah_2019,utah_2019,utah_2019_1,noise,0,/home/ted1204/MS_Detection_Datamaker/MS_datamaker_UTAH_2019/data/noise/FORGE_78-32_iDASv3-P11_UTC190429212738.sgy,FORGE_78-32_iDASv3-P11_UTC190429212738.sgy,FORGE_78-32_iDASv3-P11_UTC190429212738,7.0,9.0,679,1084,1000.0
665,utah_2019__FORGE_78-32_iDASv3-P11_UTC190429212738,utah_2019,utah_2019,utah_2019_1,noise,0,/home/ted1204/MS_Detection_Datamaker/MS_datamaker_UTAH_2019/data/noise/FORGE_78-32_iDASv3-P11_UTC190429212738.sgy,FORGE_78-32_iDASv3-P11_UTC190429212738.sgy,FORGE_78-32_iDASv3-P11_UTC190429212738,12.0,14.0,679,1084,1000.0
666,utah_2019__FORGE_78-32_iDASv3-P11_UTC190429212738,utah_2019,utah_2019,utah_2019_1,noise,0,/home/ted1204/MS_Detection_Datamaker/MS_datamaker_UTAH_2019/data/noise/FORGE_78-32_iDASv3-P11_UTC190429212738.sgy,FORGE_78-32_iDASv3-P11_UTC190429212738.sgy,FORGE_78-32_iDASv3-P11_UTC190429212738,13.0,15.0,679,1084,1000.0
667,utah_2019__FORGE_78-32_iDASv3-P11_UTC190429212738,utah_2019,utah_2019,utah_2019_1,noise,0,/home/ted1204/MS_Detection_Datamaker/MS_datamaker_UTAH_2019/data/noise/FORGE_78-32_iDASv3-P11_UTC190429212738.sgy,FORGE_78-32_iDASv3-P11_UTC190429212738.sgy,FORGE_78-32_iDASv3-P11_UTC190429212738,17.0,19.0,679,1084,1000.0
668,utah_2019__FORGE_78-32_iDASv3-P11_UTC190429212738,utah_2019,utah_2019,utah_2019_1,noise,0,/home/ted1204/MS_Detection_Datamaker/MS_datamaker_UTAH_2019/data/noise/FORGE_78-32_iDASv3-P11_UTC190429212738.sgy,FORGE_78-32_iDASv3-P11_UTC190429212738.sgy,FORGE_78-32_iDASv3-P11_UTC190429212738,19.0,21.0,679,1084,1000.0
669,utah_2019__FORGE_78-32_iDASv3-P11_UTC190429212738,utah_2019,utah_2019,utah_2019_1,noise,0,/home/ted1204/MS_Detection_Datamaker/MS_datamaker_UTAH_2019/data/noise/FORGE_78-32_iDASv3-P11_UTC190429212738.sgy,FORGE_78-32_iDASv3-P11_UTC190429212738.sgy,FORGE_78-32_iDASv3-P11_UTC190429212738,20.0,22.0,679,1084,1000.0
670,utah_2019__FORGE_78-32_iDASv3-P11_UTC190429212738,utah_2019,utah_2019,utah_2019_1,noise,0,/home/ted1204/MS_Detection_Datamaker/MS_datamaker_UTAH_2019/data/noise/FORGE_78-32_iDASv3-P11_UTC190429212738.sgy,FORGE_78-32_iDASv3-P11_UTC190429212738.sgy,FORGE_78-32_iDASv3-P11_UTC190429212738,21.0,23.0,679,1084,1000.0
671,utah_2019__FORGE_78-32_iDASv3-P11_UTC190429212738,utah_2019,utah_2019,utah_2019_1,noise,0,/home/ted1204/MS_Detection_Datamaker/MS_datamaker_UTAH_2019/data/noise/FORGE_78-32_iDASv3-P11_UTC190429212738.sgy,FORGE_78-32_iDASv3-P11_UTC190429212738.sgy,FORGE_78-32_iDASv3-P11_UTC190429212738,22.0,24.0,679,1084,1000.0
672,utah_2019__FORGE_78-32_iDASv3-P11_UTC190429212738,utah_2019,utah_2019,utah_2019_1,noise,0,/home/ted1204/MS_Detection_Datamaker/MS_datamaker_UTAH_2019/data/noise/FORGE_78-32_iDASv3-P11_UTC190429212738.sgy,FORGE_78-32_iDASv3-P11_UTC190429212738.sgy,FORGE_78-32_iDASv3-P11_UTC190429212738,24.0,26.0,679,1084,1000.0
673,utah_2019__FORGE_78-32_iDASv3-P11_UTC190429212738,utah_2019,utah_2019,utah_2019_1,noise,0,/home/ted1204/MS_Detection_Datamaker/MS_datamaker_UTAH_2019/data/noise/FORGE_78-32_iDASv3-P11_UTC190429212738.sgy,FORGE_78-32_iDASv3-P11_UTC190429212738.sgy,FORGE_78-32_iDASv3-P11_UTC190429212738,25.0,27.0,679,1084,1000.0
674,utah_2019__FORGE_78-32_iDASv3-P11_UTC190429212738,utah_2019,utah_2019,utah_2019_1,noise,0,/home/ted1204/MS_Detection_Datamaker/MS_datamaker_UTAH_2019/data/noise/FORGE_78-32_iDASv3-P11_UTC190429212738.sgy,FORGE_78-32_iDASv3-P11_UTC190429212738.sgy,FORGE_78-32_iDASv3-P11_UTC190429212738,28.0,30.0,679,1084,1000.0
675,utah_2019__FORGE_78-32_iDASv3-P11_UTC190429212738,utah_2019,utah_2019,utah_2019_2,noise,0,/home/ted1204/MS_Detection_Datamaker/MS_datamaker_UTAH_2019/data/noise/FORGE_78-32_iDASv3-P11_UTC190429212738.sgy,FORGE_78-32_iDASv3-P11_UTC190429212738.sgy,FORGE_78-32_iDASv3-P11_UTC190429212738,1.0,3.0,273,678,1000.0
676,utah_2019__FORGE_78-32_iDASv3-P11_UTC190429212738,utah_2019,utah_2019,utah_2019_2,noise,0,/home/ted1204/MS_Detection_Datamaker/MS_datamaker_UTAH_2019/data/noise/FORGE_78-32_iDASv3-P11_UTC190429212738.sgy,FORGE_78-32_iDASv3-P11_UTC190429212738.sgy,FORGE_78-32_iDASv3-P11_UTC190429212738,2.0,4.0,273,678,1000.0
677,utah_2019__FORGE_78-32_iDASv3-P11_UTC190429212738,utah_2019,utah_2019,utah_2019_2,noise,0,/home/ted1204/MS_Detection_Datamaker/MS_datamaker_UTAH_2019/data/noise/FORGE_78-32_iDASv3-P11_UTC190429212738.sgy,FORGE_78-32_iDASv3-P11_UTC190429212738.sgy,FORGE_78-32_iDASv3-P11_UTC190429212738,3.0,5.0,273,678,1000.0
678,utah_2019__FORGE_78-32_iDASv3-P11_UTC190429212738,utah_2019,utah_2019,utah_2019_2,noise,0,/home/ted1204/MS_Detection_Datamaker/MS_datamaker_UTAH_2019/data/noise/FORGE_78-32_iDASv3-P11_UTC190429212738.sgy,FORGE_78-32_iDASv3-P11_UTC190429212738.sgy,FORGE_78-32_iDASv3-P11_UTC190429212738,5.0,7.0,273,678,1000.0
679,utah_2019__FORGE_78-32_iDASv3-P11_UTC190429212738,utah_2019,utah_2019,utah_2019_2,noise,0,/home/ted1204/MS_Detection_Datamaker/MS_datamaker_UTAH_2019/data/noise/FORGE_78-32_iDASv3-P11_UTC190429212738.sgy,FORGE_78-32_iDASv3-P11_UTC190429212738.sgy,FORGE_78-32_iDASv3-P11_UTC190429212738,7.0,9.0,273,678,1000.0
680,utah_2019__FORGE_78-32_iDASv3-P11_UTC190429212738,utah_2019,utah_2019,utah_2019_2,noise,0,/home/ted1204/MS_Detection_Datamaker/MS_datamaker_UTAH_2019/data/noise/FORGE_78-32_iDASv3-P11_UTC190429212738.sgy,FORGE_78-32_iDASv3-P11_UTC190429212738.sgy,FORGE_78-32_iDASv3-P11_UTC190429212738,12.0,14.0,273,678,1000.0
681,utah_2019__FORGE_78-32_iDASv3-P11_UTC190429212738,utah_2019,utah_2019,utah_2019_2,noise,0,/home/ted1204/MS_Detection_Datamaker/MS_datamaker_UTAH_2019/data/noise/FORGE_78-32_iDASv3-P11_UTC190429212738.sgy,FORGE_78-32_iDASv3-P11_UTC190429212738.sgy,FORGE_78-32_iDASv3-P11_UTC190429212738,13.0,15.0,273,678,1000.0
682,utah_2019__FORGE_78-32_iDASv3-P11_UTC190429212738,utah_2019,utah_2019,utah_2019_2,noise,0,/home/ted1204/MS_Detection_Datamaker/MS_datamaker_UTAH_2019/data/noise/FORGE_78-32_iDASv3-P11_UTC190429212738.sgy,FORGE_78-32_iDASv3-P11_UTC190429212738.sgy,FORGE_78-32_iDASv3-P11_UTC190429212738,17.0,19.0,273,678,1000.0
683,utah_2019__FORGE_78-32_iDASv3-P11_UTC190429212738,utah_2019,utah_2019,utah_2019_2,noise,0,/home/ted1204/MS_Detection_Datamaker/MS_datamaker_UTAH_2019/data/noise/FORGE_78-32_iDASv3-P11_UTC190429212738.sgy,FORGE_78-32_iDASv3-P11_UTC190429212738.sgy,FORGE_78-32_iDASv3-P11_UTC190429212738,19.0,21.0,273,678,1000.0
684,utah_2019__FORGE_78-32_iDASv3-P11_UTC190429212738,utah_2019,utah_2019,utah_2019_2,noise,0,/home/ted1204/MS_Detection_Datamaker/MS_datamaker_UTAH_2019/data/noise/FORGE_78-32_iDASv3-P11_UTC190429212738.sgy,FORGE_78-32_iDASv3-P11_UTC190429212738.sgy,FORGE_78-32_iDASv3-P11_UTC190429212738,20.0,22.0,273,678,1000.0
685,utah_2019__FORGE_78-32_iDASv3-P11_UTC190429212738,utah_2019,utah_2019,utah_2019_2,noise,0,/home/ted1204/MS_Detection_Datamaker/MS_datamaker_UTAH_2019/data/noise/FORGE_78-32_iDASv3-P11_UTC190429212738.sgy,FORGE_78-32_iDASv3-P11_UTC190429212738.sgy,FORGE_78-32_iDASv3-P11_UTC190429212738,21.0,23.0,273,678,1000.0
686,utah_2019__FORGE_78-32_iDASv3-P11_UTC190429212738,utah_2019,utah_2019,utah_2019_2,noise,0,/home/ted1204/MS_Detection_Datamaker/MS_datamaker_UTAH_2019/data/noise/FORGE_78-32_iDASv3-P11_UTC190429212738.sgy,FORGE_78-32_iDASv3-P11_UTC190429212738.sgy,FORGE_78-32_iDASv3-P11_UTC190429212738,22.0,24.0,273,678,1000.0
687,utah_2019__FORGE_78-32_iDASv3-P11_UTC190429212738,utah_2019,utah_2019,utah_2019_2,noise,0,/home/ted1204/MS_Detection_Datamaker/MS_datamaker_UTAH_2019/data/noise/FORGE_78-32_iDASv3-P11_UTC190429212738.sgy,FORGE_78-32_iDASv3-P11_UTC190429212738.sgy,FORGE_78-32_iDASv3-P11_UTC190429212738,24.0,26.0,273,678,1000.0
688,utah_2019__FORGE_78-32_iDASv3-P11_UTC190429212738,utah_2019,utah_2019,utah_2019_2,noise,0,/home/ted1204/MS_Detection_Datamaker/MS_datamaker_UTAH_2019/data/noise/FORGE_78-32_iDASv3-P11_UTC190429212738.sgy,FORGE_78-32_iDASv3-P11_UTC190429212738.sgy,FORGE_78-32_iDASv3-P11_UTC190429212738,25.0,27.0,273,678,1000.0
689,utah_2019__FORGE_78-32_iDASv3-P11_UTC190429212738,utah_2019,utah_2019,utah_2019_2,noise,0,/home/ted1204/MS_Detection_Datamaker/MS_datamaker_UTAH_2019/data/noise/FORGE_78-32_iDASv3-P11_UTC190429212738.sgy,FORGE_78-32_iDASv3-P11_UTC190429212738.sgy,FORGE_78-32_iDASv3-P11_UTC190429212738,28.0,30.0,273,678,1000.0
690,utah_2019__FORGE_78-32_iDASv3-P11_UTC190429212938,utah_2019,utah_2019,utah_2019_1,noise,0,/home/ted1204/MS_Detection_Datamaker/MS_datamaker_UTAH_2019/data/noise/FORGE_78-32_iDASv3-P11_UTC190429212938.sgy,FORGE_78-32_iDASv3-P11_UTC190429212938.sgy,FORGE_78-32_iDASv3-P11_UTC190429212938,1.0,3.0,679,1084,1000.0
691,utah_2019__FORGE_78-32_iDASv3-P11_UTC190429212938,utah_2019,utah_2019,utah_2019_1,noise,0,/home/ted1204/MS_Detection_Datamaker/MS_datamaker_UTAH_2019/data/noise/FORGE_78-32_iDASv3-P11_UTC190429212938.sgy,FORGE_78-32_iDASv3-P11_UTC190429212938.sgy,FORGE_78-32_iDASv3-P11_UTC190429212938,6.0,8.0,679,1084,1000.0
692,utah_2019__FORGE_78-32_iDASv3-P11_UTC190429212938,utah_2019,utah_2019,utah_2019_1,noise,0,/home/ted1204/MS_Detection_Datamaker/MS_datamaker_UTAH_2019/data/noise/FORGE_78-32_iDASv3-P11_UTC190429212938.sgy,FORGE_78-32_iDASv3-P11_UTC190429212938.sgy,FORGE_78-32_iDASv3-P11_UTC190429212938,8.0,10.0,679,1084,1000.0
693,utah_2019__FORGE_78-32_iDASv3-P11_UTC190429212938,utah_2019,utah_2019,utah_2019_1,noise,0,/home/ted1204/MS_Detection_Datamaker/MS_datamaker_UTAH_2019/data/noise/FORGE_78-32_iDASv3-P11_UTC190429212938.sgy,FORGE_78-32_iDASv3-P11_UTC190429212938.sgy,FORGE_78-32_iDASv3-P11_UTC190429212938,9.0,11.0,679,1084,1000.0
694,utah_2019__FORGE_78-32_iDASv3-P11_UTC190429212938,utah_2019,utah_2019,utah_2019_1,noise,0,/home/ted1204/MS_Detection_Datamaker/MS_datamaker_UTAH_2019/data/noise/FORGE_78-32_iDASv3-P11_UTC190429212938.sgy,FORGE_78-32_iDASv3-P11_UTC190429212938.sgy,FORGE_78-32_iDASv3-P11_UTC190429212938,10.0,12.0,679,1084,1000.0
695,utah_2019__FORGE_78-32_iDASv3-P11_UTC190429212938,utah_2019,utah_2019,utah_2019_1,noise,0,/home/ted1204/MS_Detection_Datamaker/MS_datamaker_UTAH_2019/data/noise/FORGE_78-32_iDASv3-P11_UTC190429212938.sgy,FORGE_78-32_iDASv3-P11_UTC190429212938.sgy,FORGE_78-32_iDASv3-P11_UTC190429212938,11.0,13.0,679,1084,1000.0
696,utah_2019__FORGE_78-32_iDASv3-P11_UTC190429212938,utah_2019,utah_2019,utah_2019_1,noise,0,/home/ted1204/MS_Detection_Datamaker/MS_datamaker_UTAH_2019/data/noise/FORGE_78-32_iDASv3-P11_UTC190429212938.sgy,FORGE_78-32_iDASv3-P11_UTC190429212938.sgy,FORGE_78-32_iDASv3-P11_UTC190429212938,14.0,16.0,679,1084,1000.0
697,utah_2019__FORGE_78-32_iDASv3-P11_UTC190429212938,utah_2019,utah_2019,utah_2019_1,noise,0,/home/ted1204/MS_Detection_Datamaker/MS_datamaker_UTAH_2019/data/noise/FORGE_78-32_iDASv3-P11_UTC190429212938.sgy,FORGE_78-32_iDASv3-P11_UTC190429212938.sgy,FORGE_78-32_iDASv3-P11_UTC190429212938,18.0,20.0,679,1084,1000.0
698,utah_2019__FORGE_78-32_iDASv3-P11_UTC190429212938,utah_2019,utah_2019,utah_2019_1,noise,0,/home/ted1204/MS_Detection_Datamaker/MS_datamaker_UTAH_2019/data/noise/FORGE_78-32_iDASv3-P11_UTC190429212938.sgy,FORGE_78-32_iDASv3-P11_UTC190429212938.sgy,FORGE_78-32_iDASv3-P11_UTC190429212938,20.0,22.0,679,1084,1000.0
699,utah_2019__FORGE_78-32_iDASv3-P11_UTC190429212938,utah_2019,utah_2019,utah_2019_1,noise,0,/home/ted1204/MS_Detection_Datamaker/MS_datamaker_UTAH_2019/data/noise/FORGE_78-32_iDASv3-P11_UTC190429212938.sgy,FORGE_78-32_iDASv3-P11_UTC190429212938.sgy,FORGE_78-32_iDASv3-P11_UTC190429212938,22.0,24.0,679,1084,1000.0
700,utah_2019__FORGE_78-32_iDASv3-P11_UTC190429212938,utah_2019,utah_2019,utah_2019_1,noise,0,/home/ted1204/MS_Detection_Datamaker/MS_datamaker_UTAH_2019/data/noise/FORGE_78-32_iDASv3-P11_UTC190429212938.sgy,FORGE_78-32_iDASv3-P11_UTC190429212938.sgy,FORGE_78-32_iDASv3-P11_UTC190429212938,23.0,25.0,679,1084,1000.0
701,utah_2019__FORGE_78-32_iDASv3-P11_UTC190429212938,utah_2019,utah_2019,utah_2019_1,noise,0,/home/ted1204/MS_Detection_Datamaker/MS_datamaker_UTAH_2019/data/noise/FORGE_78-32_iDASv3-P11_UTC190429212938.sgy,FORGE_78-32_iDASv3-P11_UTC190429212938.sgy,FORGE_78-32_iDASv3-P11_UTC190429212938,24.0,26.0,679,1084,1000.0
702,utah_2019__FORGE_78-32_iDASv3-P11_UTC190429212938,utah_2019,utah_2019,utah_2019_1,noise,0,/home/ted1204/MS_Detection_Datamaker/MS_datamaker_UTAH_2019/data/noise/FORGE_78-32_iDASv3-P11_UTC190429212938.sgy,FORGE_78-32_iDASv3-P11_UTC190429212938.sgy,FORGE_78-32_iDASv3-P11_UTC190429212938,25.0,27.0,679,1084,1000.0
703,utah_2019__FORGE_78-32_iDASv3-P11_UTC190429212938,utah_2019,utah_2019,utah_2019_1,noise,0,/home/ted1204/MS_Detection_Datamaker/MS_datamaker_UTAH_2019/data/noise/FORGE_78-32_iDASv3-P11_UTC190429212938.sgy,FORGE_78-32_iDASv3-P11_UTC190429212938.sgy,FORGE_78-32_iDASv3-P11_UTC190429212938,26.0,28.0,679,1084,1000.0
704,utah_2019__FORGE_78-32_iDASv3-P11_UTC190429212938,utah_2019,utah_2019,utah_2019_1,noise,0,/home/ted1204/MS_Detection_Datamaker/MS_datamaker_UTAH_2019/data/noise/FORGE_78-32_iDASv3-P11_UTC190429212938.sgy,FORGE_78-32_iDASv3-P11_UTC190429212938.sgy,FORGE_78-32_iDASv3-P11_UTC190429212938,28.0,30.0,679,1084,1000.0
705,utah_2019__FORGE_78-32_iDASv3-P11_UTC190429212938,utah_2019,utah_2019,utah_2019_2,noise,0,/home/ted1204/MS_Detection_Datamaker/MS_datamaker_UTAH_2019/data/noise/FORGE_78-32_iDASv3-P11_UTC190429212938.sgy,FORGE_78-32_iDASv3-P11_UTC190429212938.sgy,FORGE_78-32_iDASv3-P11_UTC190429212938,1.0,3.0,273,678,1000.0
706,utah_2019__FORGE_78-32_iDASv3-P11_UTC190429212938,utah_2019,utah_2019,utah_2019_2,noise,0,/home/ted1204/MS_Detection_Datamaker/MS_datamaker_UTAH_2019/data/noise/FORGE_78-32_iDASv3-P11_UTC190429212938.sgy,FORGE_78-32_iDASv3-P11_UTC190429212938.sgy,FORGE_78-32_iDASv3-P11_UTC190429212938,6.0,8.0,273,678,1000.0
707,utah_2019__FORGE_78-32_iDASv3-P11_UTC190429212938,utah_2019,utah_2019,utah_2019_2,noise,0,/home/ted1204/MS_Detection_Datamaker/MS_datamaker_UTAH_2019/data/noise/FORGE_78-32_iDASv3-P11_UTC190429212938.sgy,FORGE_78-32_iDASv3-P11_UTC190429212938.sgy,FORGE_78-32_iDASv3-P11_UTC190429212938,8.0,10.0,273,678,1000.0
708,utah_2019__FORGE_78-32_iDASv3-P11_UTC190429212938,utah_2019,utah_2019,utah_2019_2,noise,0,/home/ted1204/MS_Detection_Datamaker/MS_datamaker_UTAH_2019/data/noise/FORGE_78-32_iDASv3-P11_UTC190429212938.sgy,FORGE_78-32_iDASv3-P11_UTC190429212938.sgy,FORGE_78-32_iDASv3-P11_UTC190429212938,9.0,11.0,273,678,1000.0
709,utah_2019__FORGE_78-32_iDASv3-P11_UTC190429212938,utah_2019,utah_2019,utah_2019_2,noise,0,/home/ted1204/MS_Detection_Datamaker/MS_datamaker_UTAH_2019/data/noise/FORGE_78-32_iDASv3-P11_UTC190429212938.sgy,FORGE_78-32_iDASv3-P11_UTC190429212938.sgy,FORGE_78-32_iDASv3-P11_UTC190429212938,10.0,12.0,273,678,1000.0
710,utah_2019__FORGE_78-32_iDASv3-P11_UTC190429212938,utah_2019,utah_2019,utah_2019_2,noise,0,/home/ted1204/MS_Detection_Datamaker/MS_datamaker_UTAH_2019/data/noise/FORGE_78-32_iDASv3-P11_UTC190429212938.sgy,FORGE_78-32_iDASv3-P11_UTC190429212938.sgy,FORGE_78-32_iDASv3-P11_UTC190429212938,11.0,13.0,273,678,1000.0
711,utah_2019__FORGE_78-32_iDASv3-P11_UTC190429212938,utah_2019,utah_2019,utah_2019_2,noise,0,/home/ted1204/MS_Detection_Datamaker/MS_datamaker_UTAH_2019/data/noise/FORGE_78-32_iDASv3-P11_UTC190429212938.sgy,FORGE_78-32_iDASv3-P11_UTC190429212938.sgy,FORGE_78-32_iDASv3-P11_UTC190429212938,14.0,16.0,273,678,1000.0
712,utah_2019__FORGE_78-32_iDASv3-P11_UTC190429212938,utah_2019,utah_2019,utah_2019_2,noise,0,/home/ted1204/MS_Detection_Datamaker/MS_datamaker_UTAH_2019/data/noise/FORGE_78-32_iDASv3-P11_UTC190429212938.sgy,FORGE_78-32_iDASv3-P11_UTC190429212938.sgy,FORGE_78-32_iDASv3-P11_UTC190429212938,18.0,20.0,273,678,1000.0
713,utah_2019__FORGE_78-32_iDASv3-P11_UTC190429212938,utah_2019,utah_2019,utah_2019_2,noise,0,/home/ted1204/MS_Detection_Datamaker/MS_datamaker_UTAH_2019/data/noise/FORGE_78-32_iDASv3-P11_UTC190429212938.sgy,FORGE_78-32_iDASv3-P11_UTC190429212938.sgy,FORGE_78-32_iDASv3-P11_UTC190429212938,20.0,22.0,273,678,1000.0
714,utah_2019__FORGE_78-32_iDASv3-P11_UTC190429212938,utah_2019,utah_2019,utah_2019_2,noise,0,/home/ted1204/MS_Detection_Datamaker/MS_datamaker_UTAH_2019/data/noise/FORGE_78-32_iDASv3-P11_UTC190429212938.sgy,FORGE_78-32_iDASv3-P11_UTC190429212938.sgy,FORGE_78-32_iDASv3-P11_UTC190429212938,22.0,24.0,273,678,1000.0
715,utah_2019__FORGE_78-32_iDASv3-P11_UTC190429212938,utah_2019,utah_2019,utah_2019_2,noise,0,/home/ted1204/MS_Detection_Datamaker/MS_datamaker_UTAH_2019/data/noise/FORGE_78-32_iDASv3-P11_UTC190429212938.sgy,FORGE_78-32_iDASv3-P11_UTC190429212938.sgy,FORGE_78-32_iDASv3-P11_UTC190429212938,23.0,25.0,273,678,1000.0
716,utah_2019__FORGE_78-32_iDASv3-P11_UTC190429212938,utah_2019,utah_2019,utah_2019_2,noise,0,/home/ted1204/MS_Detection_Datamaker/MS_datamaker_UTAH_2019/data/noise/FORGE_78-32_iDASv3-P11_UTC190429212938.sgy,FORGE_78-32_iDASv3-P11_UTC190429212938.sgy,FORGE_78-32_iDASv3-P11_UTC190429212938,24.0,26.0,273,678,1000.0
717,utah_2019__FORGE_78-32_iDASv3-P11_UTC190429212938,utah_2019,utah_2019,utah_2019_2,noise,0,/home/ted1204/MS_Detection_Datamaker/MS_datamaker_UTAH_2019/data/noise/FORGE_78-32_iDASv3-P11_UTC190429212938.sgy,FORGE_78-32_iDASv3-P11_UTC190429212938.sgy,FORGE_78-32_iDASv3-P11_UTC190429212938,25.0,27.0,273,678,1000.0
718,utah_2019__FORGE_78-32_iDASv3-P11_UTC190429212938,utah_2019,utah_2019,utah_2019_2,noise,0,/home/ted1204/MS_Detection_Datamaker/MS_datamaker_UTAH_2019/data/noise/FORGE_78-32_iDASv3-P11_UTC190429212938.sgy,FORGE_78-32_iDASv3-P11_UTC190429212938.sgy,FORGE_78-32_iDASv3-P11_UTC190429212938,26.0,28.0,273,678,1000.0
719,utah_2019__FORGE_78-32_iDASv3-P11_UTC190429212938,utah_2019,utah_2019,utah_2019_2,noise,0,/home/ted1204/MS_Detection_Datamaker/MS_datamaker_UTAH_2019/data/noise/FORGE_78-32_iDASv3-P11_UTC190429212938.sgy,FORGE_78-32_iDASv3-P11_UTC190429212938.sgy,FORGE_78-32_iDASv3-P11_UTC190429212938,28.0,30.0,273,678,1000.0
720,utah_2019__FORGE_78-32_iDASv3-P11_UTC190429213053,utah_2019,utah_2019,utah_2019_1,noise,0,/home/ted1204/MS_Detection_Datamaker/MS_datamaker_UTAH_2019/data/noise/FORGE_78-32_iDASv3-P11_UTC190429213053.sgy,FORGE_78-32_iDASv3-P11_UTC190429213053.sgy,FORGE_78-32_iDASv3-P11_UTC190429213053,0.0,2.0,679,1084,1000.0
721,utah_2019__FORGE_78-32_iDASv3-P11_UTC190429213053,utah_2019,utah_2019,utah_2019_1,noise,0,/home/ted1204/MS_Detection_Datamaker/MS_datamaker_UTAH_2019/data/noise/FORGE_78-32_iDASv3-P11_UTC190429213053.sgy,FORGE_78-32_iDASv3-P11_UTC190429213053.sgy,FORGE_78-32_iDASv3-P11_UTC190429213053,1.0,3.0,679,1084,1000.0
722,utah_2019__FORGE_78-32_iDASv3-P11_UTC190429213053,utah_2019,utah_2019,utah_2019_1,noise,0,/home/ted1204/MS_Detection_Datamaker/MS_datamaker_UTAH_2019/data/noise/FORGE_78-32_iDASv3-P11_UTC190429213053.sgy,FORGE_78-32_iDASv3-P11_UTC190429213053.sgy,FORGE_78-32_iDASv3-P11_UTC190429213053,2.0,4.0,679,1084,1000.0
723,utah_2019__FORGE_78-32_iDASv3-P11_UTC190429213053,utah_2019,utah_2019,utah_2019_1,noise,0,/home/ted1204/MS_Detection_Datamaker/MS_datamaker_UTAH_2019/data/noise/FORGE_78-32_iDASv3-P11_UTC190429213053.sgy,FORGE_78-32_iDASv3-P11_UTC190429213053.sgy,FORGE_78-32_iDASv3-P11_UTC190429213053,5.0,7.0,679,1084,1000.0
724,utah_2019__FORGE_78-32_iDASv3-P11_UTC190429213053,utah_2019,utah_2019,utah_2019_1,noise,0,/home/ted1204/MS_Detection_Datamaker/MS_datamaker_UTAH_2019/data/noise/FORGE_78-32_iDASv3-P11_UTC190429213053.sgy,FORGE_78-32_iDASv3-P11_UTC190429213053.sgy,FORGE_78-32_iDASv3-P11_UTC190429213053,7.0,9.0,679,1084,1000.0
725,utah_2019__FORGE_78-32_iDASv3-P11_UTC190429213053,utah_2019,utah_2019,utah_2019_1,noise,0,/home/ted1204/MS_Detection_Datamaker/MS_datamaker_UTAH_2019/data/noise/FORGE_78-32_iDASv3-P11_UTC190429213053.sgy,FORGE_78-32_iDASv3-P11_UTC190429213053.sgy,FORGE_78-32_iDASv3-P11_UTC190429213053,8.0,10.0,679,1084,1000.0
726,utah_2019__FORGE_78-32_iDASv3-P11_UTC190429213053,utah_2019,utah_2019,utah_2019_1,noise,0,/home/ted1204/MS_Detection_Datamaker/MS_datamaker_UTAH_2019/data/noise/FORGE_78-32_iDASv3-P11_UTC190429213053.sgy,FORGE_78-32_iDASv3-P11_UTC190429213053.sgy,FORGE_78-32_iDASv3-P11_UTC190429213053,9.0,11.0,679,1084,1000.0
727,utah_2019__FORGE_78-32_iDASv3-P11_UTC190429213053,utah_2019,utah_2019,utah_2019_1,noise,0,/home/ted1204/MS_Detection_Datamaker/MS_datamaker_UTAH_2019/data/noise/FORGE_78-32_iDASv3-P11_UTC190429213053.sgy,FORGE_78-32_iDASv3-P11_UTC190429213053.sgy,FORGE_78-32_iDASv3-P11_UTC190429213053,12.0,14.0,679,1084,1000.0
728,utah_2019__FORGE_78-32_iDASv3-P11_UTC190429213053,utah_2019,utah_2019,utah_2019_1,noise,0,/home/ted1204/MS_Detection_Datamaker/MS_datamaker_UTAH_2019/data/noise/FORGE_78-32_iDASv3-P11_UTC190429213053.sgy,FORGE_78-32_iDASv3-P11_UTC190429213053.sgy,FORGE_78-32_iDASv3-P11_UTC190429213053,16.0,18.0,679,1084,1000.0
729,utah_2019__FORGE_78-32_iDASv3-P11_UTC190429213053,utah_2019,utah_2019,utah_2019_1,noise,0,/home/ted1204/MS_Detection_Datamaker/MS_datamaker_UTAH_2019/data/noise/FORGE_78-32_iDASv3-P11_UTC190429213053.sgy,FORGE_78-32_iDASv3-P11_UTC190429213053.sgy,FORGE_78-32_iDASv3-P11_UTC190429213053,18.0,20.0,679,1084,1000.0
730,utah_2019__FORGE_78-32_iDASv3-P11_UTC190429213053,utah_2019,utah_2019,utah_2019_1,noise,0,/home/ted1204/MS_Detection_Datamaker/MS_datamaker_UTAH_2019/data/noise/FORGE_78-32_iDASv3-P11_UTC190429213053.sgy,FORGE_78-32_iDASv3-P11_UTC190429213053.sgy,FORGE_78-32_iDASv3-P11_UTC190429213053,20.0,22.0,679,1084,1000.0
731,utah_2019__FORGE_78-32_iDASv3-P11_UTC190429213053,utah_2019,utah_2019,utah_2019_1,noise,0,/home/ted1204/MS_Detection_Datamaker/MS_datamaker_UTAH_2019/data/noise/FORGE_78-32_iDASv3-P11_UTC190429213053.sgy,FORGE_78-32_iDASv3-P11_UTC190429213053.sgy,FORGE_78-32_iDASv3-P11_UTC190429213053,22.0,24.0,679,1084,1000.0
732,utah_2019__FORGE_78-32_iDASv3-P11_UTC190429213053,utah_2019,utah_2019,utah_2019_1,noise,0,/home/ted1204/MS_Detection_Datamaker/MS_datamaker_UTAH_2019/data/noise/FORGE_78-32_iDASv3-P11_UTC190429213053.sgy,FORGE_78-32_iDASv3-P11_UTC190429213053.sgy,FORGE_78-32_iDASv3-P11_UTC190429213053,25.0,27.0,679,1084,1000.0
733,utah_2019__FORGE_78-32_iDASv3-P11_UTC190429213053,utah_2019,utah_2019,utah_2019_1,noise,0,/home/ted1204/MS_Detection_Datamaker/MS_datamaker_UTAH_2019/data/noise/FORGE_78-32_iDASv3-P11_UTC190429213053.sgy,FORGE_78-32_iDASv3-P11_UTC190429213053.sgy,FORGE_78-32_iDASv3-P11_UTC190429213053,26.0,28.0,679,1084,1000.0
734,utah_2019__FORGE_78-32_iDASv3-P11_UTC190429213053,utah_2019,utah_2019,utah_2019_1,noise,0,/home/ted1204/MS_Detection_Datamaker/MS_datamaker_UTAH_2019/data/noise/FORGE_78-32_iDASv3-P11_UTC190429213053.sgy,FORGE_78-32_iDASv3-P11_UTC190429213053.sgy,FORGE_78-32_iDASv3-P11_UTC190429213053,27.0,29.0,679,1084,1000.0
735,utah_2019__FORGE_78-32_iDASv3-P11_UTC190429213053,utah_2019,utah_2019,utah_2019_2,noise,0,/home/ted1204/MS_Detection_Datamaker/MS_datamaker_UTAH_2019/data/noise/FORGE_78-32_iDASv3-P11_UTC190429213053.sgy,FORGE_78-32_iDASv3-P11_UTC190429213053.sgy,FORGE_78-32_iDASv3-P11_UTC190429213053,0.0,2.0,273,678,1000.0
736,utah_2019__FORGE_78-32_iDASv3-P11_UTC190429213053,utah_2019,utah_2019,utah_2019_2,noise,0,/home/ted1204/MS_Detection_Datamaker/MS_datamaker_UTAH_2019/data/noise/FORGE_78-32_iDASv3-P11_UTC190429213053.sgy,FORGE_78-32_iDASv3-P11_UTC190429213053.sgy,FORGE_78-32_iDASv3-P11_UTC190429213053,1.0,3.0,273,678,1000.0
737,utah_2019__FORGE_78-32_iDASv3-P11_UTC190429213053,utah_2019,utah_2019,utah_2019_2,noise,0,/home/ted1204/MS_Detection_Datamaker/MS_datamaker_UTAH_2019/data/noise/FORGE_78-32_iDASv3-P11_UTC190429213053.sgy,FORGE_78-32_iDASv3-P11_UTC190429213053.sgy,FORGE_78-32_iDASv3-P11_UTC190429213053,2.0,4.0,273,678,1000.0
738,utah_2019__FORGE_78-32_iDASv3-P11_UTC190429213053,utah_2019,utah_2019,utah_2019_2,noise,0,/home/ted1204/MS_Detection_Datamaker/MS_datamaker_UTAH_2019/data/noise/FORGE_78-32_iDASv3-P11_UTC190429213053.sgy,FORGE_78-32_iDASv3-P11_UTC190429213053.sgy,FORGE_78-32_iDASv3-P11_UTC190429213053,5.0,7.0,273,678,1000.0
739,utah_2019__FORGE_78-32_iDASv3-P11_UTC190429213053,utah_2019,utah_2019,utah_2019_2,noise,0,/home/ted1204/MS_Detection_Datamaker/MS_datamaker_UTAH_2019/data/noise/FORGE_78-32_iDASv3-P11_UTC190429213053.sgy,FORGE_78-32_iDASv3-P11_UTC190429213053.sgy,FORGE_78-32_iDASv3-P11_UTC190429213053,7.0,9.0,273,678,1000.0
740,utah_2019__FORGE_78-32_iDASv3-P11_UTC190429213053,utah_2019,utah_2019,utah_2019_2,noise,0,/home/ted1204/MS_Detection_Datamaker/MS_datamaker_UTAH_2019/data/noise/FORGE_78-32_iDASv3-P11_UTC190429213053.sgy,FORGE_78-32_iDASv3-P11_UTC190429213053.sgy,FORGE_78-32_iDASv3-P11_UTC190429213053,8.0,10.0,273,678,1000.0
741,utah_2019__FORGE_78-32_iDASv3-P11_UTC190429213053,utah_2019,utah_2019,utah_2019_2,noise,0,/home/ted1204/MS_Detection_Datamaker/MS_datamaker_UTAH_2019/data/noise/FORGE_78-32_iDASv3-P11_UTC190429213053.sgy,FORGE_78-32_iDASv3-P11_UTC190429213053.sgy,FORGE_78-32_iDASv3-P11_UTC190429213053,9.0,11.0,273,678,1000.0
742,utah_2019__FORGE_78-32_iDASv3-P11_UTC190429213053,utah_2019,utah_2019,utah_2019_2,noise,0,/home/ted1204/MS_Detection_Datamaker/MS_datamaker_UTAH_2019/data/noise/FORGE_78-32_iDASv3-P11_UTC190429213053.sgy,FORGE_78-32_iDASv3-P11_UTC190429213053.sgy,FORGE_78-32_iDASv3-P11_UTC190429213053,12.0,14.0,273,678,1000.0
743,utah_2019__FORGE_78-32_iDASv3-P11_UTC190429213053,utah_2019,utah_2019,utah_2019_2,noise,0,/home/ted1204/MS_Detection_Datamaker/MS_datamaker_UTAH_2019/data/noise/FORGE_78-32_iDASv3-P11_UTC190429213053.sgy,FORGE_78-32_iDASv3-P11_UTC190429213053.sgy,FORGE_78-32_iDASv3-P11_UTC190429213053,16.0,18.0,273,678,1000.0
744,utah_2019__FORGE_78-32_iDASv3-P11_UTC190429213053,utah_2019,utah_2019,utah_2019_2,noise,0,/home/ted1204/MS_Detection_Datamaker/MS_datamaker_UTAH_2019/data/noise/FORGE_78-32_iDASv3-P11_UTC190429213053.sgy,FORGE_78-32_iDASv3-P11_UTC190429213053.sgy,FORGE_78-32_iDASv3-P11_UTC190429213053,18.0,20.0,273,678,1000.0
745,utah_2019__FORGE_78-32_iDASv3-P11_UTC190429213053,utah_2019,utah_2019,utah_2019_2,noise,0,/home/ted1204/MS_Detection_Datamaker/MS_datamaker_UTAH_2019/data/noise/FORGE_78-32_iDASv3-P11_UTC190429213053.sgy,FORGE_78-32_iDASv3-P11_UTC190429213053.sgy,FORGE_78-32_iDASv3-P11_UTC190429213053,20.0,22.0,273,678,1000.0
746,utah_2019__FORGE_78-32_iDASv3-P11_UTC190429213053,utah_2019,utah_2019,utah_2019_2,noise,0,/home/ted1204/MS_Detection_Datamaker/MS_datamaker_UTAH_2019/data/noise/FORGE_78-32_iDASv3-P11_UTC190429213053.sgy,FORGE_78-32_iDASv3-P11_UTC190429213053.sgy,FORGE_78-32_iDASv3-P11_UTC190429213053,22.0,24.0,273,678,1000.0
747,utah_2019__FORGE_78-32_iDASv3-P11_UTC190429213053,utah_2019,utah_2019,utah_2019_2,noise,0,/home/ted1204/MS_Detection_Datamaker/MS_datamaker_UTAH_2019/data/noise/FORGE_78-32_iDASv3-P11_UTC190429213053.sgy,FORGE_78-32_iDASv3-P11_UTC190429213053.sgy,FORGE_78-32_iDASv3-P11_UTC190429213053,25.0,27.0,273,678,1000.0
748,utah_2019__FORGE_78-32_iDASv3-P11_UTC190429213053,utah_2019,utah_2019,utah_2019_2,noise,0,/home/ted1204/MS_Detection_Datamaker/MS_datamaker_UTAH_2019/data/noise/FORGE_78-32_iDASv3-P11_UTC190429213053.sgy,FORGE_78-32_iDASv3-P11_UTC190429213053.sgy,FORGE_78-32_iDASv3-P11_UTC190429213053,26.0,28.0,273,678,1000.0
749,utah_2019__FORGE_78-32_iDASv3-P11_UTC190429213053,utah_2019,utah_2019,utah_2019_2,noise,0,/home/ted1204/MS_Detection_Datamaker/MS_datamaker_UTAH_2019/data/noise/FORGE_78-32_iDASv3-P11_UTC190429213053.sgy,FORGE_78-32_iDASv3-P11_UTC190429213053.sgy,FORGE_78-32_iDASv3-P11_UTC190429213053,27.0,29.0,273,678,1000.0
750,utah_2019__FORGE_78-32_iDASv3-P11_UTC190429213138,utah_2019,utah_2019,utah_2019_1,noise,0,/home/ted1204/MS_Detection_Datamaker/MS_datamaker_UTAH_2019/data/noise/FORGE_78-32_iDASv3-P11_UTC190429213138.sgy,FORGE_78-32_iDASv3-P11_UTC190429213138.sgy,FORGE_78-32_iDASv3-P11_UTC190429213138,0.0,2.0,679,1084,1000.0
751,utah_2019__FORGE_78-32_iDASv3-P11_UTC190429213138,utah_2019,utah_2019,utah_2019_1,noise,0,/home/ted1204/MS_Detection_Datamaker/MS_datamaker_UTAH_2019/data/noise/FORGE_78-32_iDASv3-P11_UTC190429213138.sgy,FORGE_78-32_iDASv3-P11_UTC190429213138.sgy,FORGE_78-32_iDASv3-P11_UTC190429213138,1.0,3.0,679,1084,1000.0
752,utah_2019__FORGE_78-32_iDASv3-P11_UTC190429213138,utah_2019,utah_2019,utah_2019_1,noise,0,/home/ted1204/MS_Detection_Datamaker/MS_datamaker_UTAH_2019/data/noise/FORGE_78-32_iDASv3-P11_UTC190429213138.sgy,FORGE_78-32_iDASv3-P11_UTC190429213138.sgy,FORGE_78-32_iDASv3-P11_UTC190429213138,4.0,6.0,679,1084,1000.0
753,utah_2019__FORGE_78-32_iDASv3-P11_UTC190429213138,utah_2019,utah_2019,utah_2019_1,noise,0,/home/ted1204/MS_Detection_Datamaker/MS_datamaker_UTAH_2019/data/noise/FORGE_78-32_iDASv3-P11_UTC190429213138.sgy,FORGE_78-32_iDASv3-P11_UTC190429213138.sgy,FORGE_78-32_iDASv3-P11_UTC190429213138,5.0,7.0,679,1084,1000.0
754,utah_2019__FORGE_78-32_iDASv3-P11_UTC190429213138,utah_2019,utah_2019,utah_2019_1,noise,0,/home/ted1204/MS_Detection_Datamaker/MS_datamaker_UTAH_2019/data/noise/FORGE_78-32_iDASv3-P11_UTC190429213138.sgy,FORGE_78-32_iDASv3-P11_UTC190429213138.sgy,FORGE_78-32_iDASv3-P11_UTC190429213138,7.0,9.0,679,1084,1000.0
755,utah_2019__FORGE_78-32_iDASv3-P11_UTC190429213138,utah_2019,utah_2019,utah_2019_1,noise,0,/home/ted1204/MS_Detection_Datamaker/MS_datamaker_UTAH_2019/data/noise/FORGE_78-32_iDASv3-P11_UTC190429213138.sgy,FORGE_78-32_iDASv3-P11_UTC190429213138.sgy,FORGE_78-32_iDASv3-P11_UTC190429213138,8.0,10.0,679,1084,1000.0
756,utah_2019__FORGE_78-32_iDASv3-P11_UTC190429213138,utah_2019,utah_2019,utah_2019_1,noise,0,/home/ted1204/MS_Detection_Datamaker/MS_datamaker_UTAH_2019/data/noise/FORGE_78-32_iDASv3-P11_UTC190429213138.sgy,FORGE_78-32_iDASv3-P11_UTC190429213138.sgy,FORGE_78-32_iDASv3-P11_UTC190429213138,11.0,13.0,679,1084,1000.0
757,utah_2019__FORGE_78-32_iDASv3-P11_UTC190429213138,utah_2019,utah_2019,utah_2019_1,noise,0,/home/ted1204/MS_Detection_Datamaker/MS_datamaker_UTAH_2019/data/noise/FORGE_78-32_iDASv3-P11_UTC190429213138.sgy,FORGE_78-32_iDASv3-P11_UTC190429213138.sgy,FORGE_78-32_iDASv3-P11_UTC190429213138,18.0,20.0,679,1084,1000.0
758,utah_2019__FORGE_78-32_iDASv3-P11_UTC190429213138,utah_2019,utah_2019,utah_2019_1,noise,0,/home/ted1204/MS_Detection_Datamaker/MS_datamaker_UTAH_2019/data/noise/FORGE_78-32_iDASv3-P11_UTC190429213138.sgy,FORGE_78-32_iDASv3-P11_UTC190429213138.sgy,FORGE_78-32_iDASv3-P11_UTC190429213138,19.0,21.0,679,1084,1000.0
759,utah_2019__FORGE_78-32_iDASv3-P11_UTC190429213138,utah_2019,utah_2019,utah_2019_1,noise,0,/home/ted1204/MS_Detection_Datamaker/MS_datamaker_UTAH_2019/data/noise/FORGE_78-32_iDASv3-P11_UTC190429213138.sgy,FORGE_78-32_iDASv3-P11_UTC190429213138.sgy,FORGE_78-32_iDASv3-P11_UTC190429213138,20.0,22.0,679,1084,1000.0
760,utah_2019__FORGE_78-32_iDASv3-P11_UTC190429213138,utah_2019,utah_2019,utah_2019_1,noise,0,/home/ted1204/MS_Detection_Datamaker/MS_datamaker_UTAH_2019/data/noise/FORGE_78-32_iDASv3-P11_UTC190429213138.sgy,FORGE_78-32_iDASv3-P11_UTC190429213138.sgy,FORGE_78-32_iDASv3-P11_UTC190429213138,21.0,23.0,679,1084,1000.0
761,utah_2019__FORGE_78-32_iDASv3-P11_UTC190429213138,utah_2019,utah_2019,utah_2019_1,noise,0,/home/ted1204/MS_Detection_Datamaker/MS_datamaker_UTAH_2019/data/noise/FORGE_78-32_iDASv3-P11_UTC190429213138.sgy,FORGE_78-32_iDASv3-P11_UTC190429213138.sgy,FORGE_78-32_iDASv3-P11_UTC190429213138,22.0,24.0,679,1084,1000.0
762,utah_2019__FORGE_78-32_iDASv3-P11_UTC190429213138,utah_2019,utah_2019,utah_2019_1,noise,0,/home/ted1204/MS_Detection_Datamaker/MS_datamaker_UTAH_2019/data/noise/FORGE_78-32_iDASv3-P11_UTC190429213138.sgy,FORGE_78-32_iDASv3-P11_UTC190429213138.sgy,FORGE_78-32_iDASv3-P11_UTC190429213138,23.0,25.0,679,1084,1000.0
763,utah_2019__FORGE_78-32_iDASv3-P11_UTC190429213138,utah_2019,utah_2019,utah_2019_1,noise,0,/home/ted1204/MS_Detection_Datamaker/MS_datamaker_UTAH_2019/data/noise/FORGE_78-32_iDASv3-P11_UTC190429213138.sgy,FORGE_78-32_iDASv3-P11_UTC190429213138.sgy,FORGE_78-32_iDASv3-P11_UTC190429213138,24.0,26.0,679,1084,1000.0
764,utah_2019__FORGE_78-32_iDASv3-P11_UTC190429213138,utah_2019,utah_2019,utah_2019_1,noise,0,/home/ted1204/MS_Detection_Datamaker/MS_datamaker_UTAH_2019/data/noise/FORGE_78-32_iDASv3-P11_UTC190429213138.sgy,FORGE_78-32_iDASv3-P11_UTC190429213138.sgy,FORGE_78-32_iDASv3-P11_UTC190429213138,26.0,28.0,679,1084,1000.0
765,utah_2019__FORGE_78-32_iDASv3-P11_UTC190429213138,utah_2019,utah_2019,utah_2019_2,noise,0,/home/ted1204/MS_Detection_Datamaker/MS_datamaker_UTAH_2019/data/noise/FORGE_78-32_iDASv3-P11_UTC190429213138.sgy,FORGE_78-32_iDASv3-P11_UTC190429213138.sgy,FORGE_78-32_iDASv3-P11_UTC190429213138,0.0,2.0,273,678,1000.0
766,utah_2019__FORGE_78-32_iDASv3-P11_UTC190429213138,utah_2019,utah_2019,utah_2019_2,noise,0,/home/ted1204/MS_Detection_Datamaker/MS_datamaker_UTAH_2019/data/noise/FORGE_78-32_iDASv3-P11_UTC190429213138.sgy,FORGE_78-32_iDASv3-P11_UTC190429213138.sgy,FORGE_78-32_iDASv3-P11_UTC190429213138,1.0,3.0,273,678,1000.0
767,utah_2019__FORGE_78-32_iDASv3-P11_UTC190429213138,utah_2019,utah_2019,utah_2019_2,noise,0,/home/ted1204/MS_Detection_Datamaker/MS_datamaker_UTAH_2019/data/noise/FORGE_78-32_iDASv3-P11_UTC190429213138.sgy,FORGE_78-32_iDASv3-P11_UTC190429213138.sgy,FORGE_78-32_iDASv3-P11_UTC190429213138,4.0,6.0,273,678,1000.0
768,utah_2019__FORGE_78-32_iDASv3-P11_UTC190429213138,utah_2019,utah_2019,utah_2019_2,noise,0,/home/ted1204/MS_Detection_Datamaker/MS_datamaker_UTAH_2019/data/noise/FORGE_78-32_iDASv3-P11_UTC190429213138.sgy,FORGE_78-32_iDASv3-P11_UTC190429213138.sgy,FORGE_78-32_iDASv3-P11_UTC190429213138,5.0,7.0,273,678,1000.0
769,utah_2019__FORGE_78-32_iDASv3-P11_UTC190429213138,utah_2019,utah_2019,utah_2019_2,noise,0,/home/ted1204/MS_Detection_Datamaker/MS_datamaker_UTAH_2019/data/noise/FORGE_78-32_iDASv3-P11_UTC190429213138.sgy,FORGE_78-32_iDASv3-P11_UTC190429213138.sgy,FORGE_78-32_iDASv3-P11_UTC190429213138,7.0,9.0,273,678,1000.0
770,utah_2019__FORGE_78-32_iDASv3-P11_UTC190429213138,utah_2019,utah_2019,utah_2019_2,noise,0,/home/ted1204/MS_Detection_Datamaker/MS_datamaker_UTAH_2019/data/noise/FORGE_78-32_iDASv3-P11_UTC190429213138.sgy,FORGE_78-32_iDASv3-P11_UTC190429213138.sgy,FORGE_78-32_iDASv3-P11_UTC190429213138,8.0,10.0,273,678,1000.0
771,utah_2019__FORGE_78-32_iDASv3-P11_UTC190429213138,utah_2019,utah_2019,utah_2019_2,noise,0,/home/ted1204/MS_Detection_Datamaker/MS_datamaker_UTAH_2019/data/noise/FORGE_78-32_iDASv3-P11_UTC190429213138.sgy,FORGE_78-32_iDASv3-P11_UTC190429213138.sgy,FORGE_78-32_iDASv3-P11_UTC190429213138,11.0,13.0,273,678,1000.0
772,utah_2019__FORGE_78-32_iDASv3-P11_UTC190429213138,utah_2019,utah_2019,utah_2019_2,noise,0,/home/ted1204/MS_Detection_Datamaker/MS_datamaker_UTAH_2019/data/noise/FORGE_78-32_iDASv3-P11_UTC190429213138.sgy,FORGE_78-32_iDASv3-P11_UTC190429213138.sgy,FORGE_78-32_iDASv3-P11_UTC190429213138,18.0,20.0,273,678,1000.0
773,utah_2019__FORGE_78-32_iDASv3-P11_UTC190429213138,utah_2019,utah_2019,utah_2019_2,noise,0,/home/ted1204/MS_Detection_Datamaker/MS_datamaker_UTAH_2019/data/noise/FORGE_78-32_iDASv3-P11_UTC190429213138.sgy,FORGE_78-32_iDASv3-P11_UTC190429213138.sgy,FORGE_78-32_iDASv3-P11_UTC190429213138,19.0,21.0,273,678,1000.0
774,utah_2019__FORGE_78-32_iDASv3-P11_UTC190429213138,utah_2019,utah_2019,utah_2019_2,noise,0,/home/ted1204/MS_Detection_Datamaker/MS_datamaker_UTAH_2019/data/noise/FORGE_78-32_iDASv3-P11_UTC190429213138.sgy,FORGE_78-32_iDASv3-P11_UTC190429213138.sgy,FORGE_78-32_iDASv3-P11_UTC190429213138,20.0,22.0,273,678,1000.0
775,utah_2019__FORGE_78-32_iDASv3-P11_UTC190429213138,utah_2019,utah_2019,utah_2019_2,noise,0,/home/ted1204/MS_Detection_Datamaker/MS_datamaker_UTAH_2019/data/noise/FORGE_78-32_iDASv3-P11_UTC190429213138.sgy,FORGE_78-32_iDASv3-P11_UTC190429213138.sgy,FORGE_78-32_iDASv3-P11_UTC190429213138,21.0,23.0,273,678,1000.0
776,utah_2019__FORGE_78-32_iDASv3-P11_UTC190429213138,utah_2019,utah_2019,utah_2019_2,noise,0,/home/ted1204/MS_Detection_Datamaker/MS_datamaker_UTAH_2019/data/noise/FORGE_78-32_iDASv3-P11_UTC190429213138.sgy,FORGE_78-32_iDASv3-P11_UTC190429213138.sgy,FORGE_78-32_iDASv3-P11_UTC190429213138,22.0,24.0,273,678,1000.0
777,utah_2019__FORGE_78-32_iDASv3-P11_UTC190429213138,utah_2019,utah_2019,utah_2019_2,noise,0,/home/ted1204/MS_Detection_Datamaker/MS_datamaker_UTAH_2019/data/noise/FORGE_78-32_iDASv3-P11_UTC190429213138.sgy,FORGE_78-32_iDASv3-P11_UTC190429213138.sgy,FORGE_78-32_iDASv3-P11_UTC190429213138,23.0,25.0,273,678,1000.0
778,utah_2019__FORGE_78-32_iDASv3-P11_UTC190429213138,utah_2019,utah_2019,utah_2019_2,noise,0,/home/ted1204/MS_Detection_Datamaker/MS_datamaker_UTAH_2019/data/noise/FORGE_78-32_iDASv3-P11_UTC190429213138.sgy,FORGE_78-32_iDASv3-P11_UTC190429213138.sgy,FORGE_78-32_iDASv3-P11_UTC190429213138,24.0,26.0,273,678,1000.0
779,utah_2019__FORGE_78-32_iDASv3-P11_UTC190429213138,utah_2019,utah_2019,utah_2019_2,noise,0,/home/ted1204/MS_Detection_Datamaker/MS_datamaker_UTAH_2019/data/noise/FORGE_78-32_iDASv3-P11_UTC190429213138.sgy,FORGE_78-32_iDASv3-P11_UTC190429213138.sgy,FORGE_78-32_iDASv3-P11_UTC190429213138,26.0,28.0,273,678,1000.0
780,utah_2019__FORGE_78-32_iDASv3-P11_UTC190429214538,utah_2019,utah_2019,utah_2019_1,noise,0,/home/ted1204/MS_Detection_Datamaker/MS_datamaker_UTAH_2019/data/noise/FORGE_78-32_iDASv3-P11_UTC190429214538.sgy,FORGE_78-32_iDASv3-P11_UTC190429214538.sgy,FORGE_78-32_iDASv3-P11_UTC190429214538,1.0,3.0,679,1084,1000.0
781,utah_2019__FORGE_78-32_iDASv3-P11_UTC190429214538,utah_2019,utah_2019,utah_2019_1,noise,0,/home/ted1204/MS_Detection_Datamaker/MS_datamaker_UTAH_2019/data/noise/FORGE_78-32_iDASv3-P11_UTC190429214538.sgy,FORGE_78-32_iDASv3-P11_UTC190429214538.sgy,FORGE_78-32_iDASv3-P11_UTC190429214538,2.0,4.0,679,1084,1000.0
782,utah_2019__FORGE_78-32_iDASv3-P11_UTC190429214538,utah_2019,utah_2019,utah_2019_1,noise,0,/home/ted1204/MS_Detection_Datamaker/MS_datamaker_UTAH_2019/data/noise/FORGE_78-32_iDASv3-P11_UTC190429214538.sgy,FORGE_78-32_iDASv3-P11_UTC190429214538.sgy,FORGE_78-32_iDASv3-P11_UTC190429214538,3.0,5.0,679,1084,1000.0
783,utah_2019__FORGE_78-32_iDASv3-P11_UTC190429214538,utah_2019,utah_2019,utah_2019_1,noise,0,/home/ted1204/MS_Detection_Datamaker/MS_datamaker_UTAH_2019/data/noise/FORGE_78-32_iDASv3-P11_UTC190429214538.sgy,FORGE_78-32_iDASv3-P11_UTC190429214538.sgy,FORGE_78-32_iDASv3-P11_UTC190429214538,5.0,7.0,679,1084,1000.0
784,utah_2019__FORGE_78-32_iDASv3-P11_UTC190429214538,utah_2019,utah_2019,utah_2019_1,noise,0,/home/ted1204/MS_Detection_Datamaker/MS_datamaker_UTAH_2019/data/noise/FORGE_78-32_iDASv3-P11_UTC190429214538.sgy,FORGE_78-32_iDASv3-P11_UTC190429214538.sgy,FORGE_78-32_iDASv3-P11_UTC190429214538,9.0,11.0,679,1084,1000.0
785,utah_2019__FORGE_78-32_iDASv3-P11_UTC190429214538,utah_2019,utah_2019,utah_2019_1,noise,0,/home/ted1204/MS_Detection_Datamaker/MS_datamaker_UTAH_2019/data/noise/FORGE_78-32_iDASv3-P11_UTC190429214538.sgy,FORGE_78-32_iDASv3-P11_UTC190429214538.sgy,FORGE_78-32_iDASv3-P11_UTC190429214538,11.0,13.0,679,1084,1000.0
786,utah_2019__FORGE_78-32_iDASv3-P11_UTC190429214538,utah_2019,utah_2019,utah_2019_1,noise,0,/home/ted1204/MS_Detection_Datamaker/MS_datamaker_UTAH_2019/data/noise/FORGE_78-32_iDASv3-P11_UTC190429214538.sgy,FORGE_78-32_iDASv3-P11_UTC190429214538.sgy,FORGE_78-32_iDASv3-P11_UTC190429214538,15.0,17.0,679,1084,1000.0
787,utah_2019__FORGE_78-32_iDASv3-P11_UTC190429214538,utah_2019,utah_2019,utah_2019_1,noise,0,/home/ted1204/MS_Detection_Datamaker/MS_datamaker_UTAH_2019/data/noise/FORGE_78-32_iDASv3-P11_UTC190429214538.sgy,FORGE_78-32_iDASv3-P11_UTC190429214538.sgy,FORGE_78-32_iDASv3-P11_UTC190429214538,18.0,20.0,679,1084,1000.0
788,utah_2019__FORGE_78-32_iDASv3-P11_UTC190429214538,utah_2019,utah_2019,utah_2019_1,noise,0,/home/ted1204/MS_Detection_Datamaker/MS_datamaker_UTAH_2019/data/noise/FORGE_78-32_iDASv3-P11_UTC190429214538.sgy,FORGE_78-32_iDASv3-P11_UTC190429214538.sgy,FORGE_78-32_iDASv3-P11_UTC190429214538,19.0,21.0,679,1084,1000.0
789,utah_2019__FORGE_78-32_iDASv3-P11_UTC190429214538,utah_2019,utah_2019,utah_2019_1,noise,0,/home/ted1204/MS_Detection_Datamaker/MS_datamaker_UTAH_2019/data/noise/FORGE_78-32_iDASv3-P11_UTC190429214538.sgy,FORGE_78-32_iDASv3-P11_UTC190429214538.sgy,FORGE_78-32_iDASv3-P11_UTC190429214538,20.0,22.0,679,1084,1000.0
790,utah_2019__FORGE_78-32_iDASv3-P11_UTC190429214538,utah_2019,utah_2019,utah_2019_1,noise,0,/home/ted1204/MS_Detection_Datamaker/MS_datamaker_UTAH_2019/data/noise/FORGE_78-32_iDASv3-P11_UTC190429214538.sgy,FORGE_78-32_iDASv3-P11_UTC190429214538.sgy,FORGE_78-32_iDASv3-P11_UTC190429214538,21.0,23.0,679,1084,1000.0
791,utah_2019__FORGE_78-32_iDASv3-P11_UTC190429214538,utah_2019,utah_2019,utah_2019_1,noise,0,/home/ted1204/MS_Detection_Datamaker/MS_datamaker_UTAH_2019/data/noise/FORGE_78-32_iDASv3-P11_UTC190429214538.sgy,FORGE_78-32_iDASv3-P11_UTC190429214538.sgy,FORGE_78-32_iDASv3-P11_UTC190429214538,22.0,24.0,679,1084,1000.0
792,utah_2019__FORGE_78-32_iDASv3-P11_UTC190429214538,utah_2019,utah_2019,utah_2019_1,noise,0,/home/ted1204/MS_Detection_Datamaker/MS_datamaker_UTAH_2019/data/noise/FORGE_78-32_iDASv3-P11_UTC190429214538.sgy,FORGE_78-32_iDASv3-P11_UTC190429214538.sgy,FORGE_78-32_iDASv3-P11_UTC190429214538,24.0,26.0,679,1084,1000.0
793,utah_2019__FORGE_78-32_iDASv3-P11_UTC190429214538,utah_2019,utah_2019,utah_2019_1,noise,0,/home/ted1204/MS_Detection_Datamaker/MS_datamaker_UTAH_2019/data/noise/FORGE_78-32_iDASv3-P11_UTC190429214538.sgy,FORGE_78-32_iDASv3-P11_UTC190429214538.sgy,FORGE_78-32_iDASv3-P11_UTC190429214538,25.0,27.0,679,1084,1000.0
794,utah_2019__FORGE_78-32_iDASv3-P11_UTC190429214538,utah_2019,utah_2019,utah_2019_1,noise,0,/home/ted1204/MS_Detection_Datamaker/MS_datamaker_UTAH_2019/data/noise/FORGE_78-32_iDASv3-P11_UTC190429214538.sgy,FORGE_78-32_iDASv3-P11_UTC190429214538.sgy,FORGE_78-32_iDASv3-P11_UTC190429214538,27.0,29.0,679,1084,1000.0
795,utah_2019__FORGE_78-32_iDASv3-P11_UTC190429214538,utah_2019,utah_2019,utah_2019_2,noise,0,/home/ted1204/MS_Detection_Datamaker/MS_datamaker_UTAH_2019/data/noise/FORGE_78-32_iDASv3-P11_UTC190429214538.sgy,FORGE_78-32_iDASv3-P11_UTC190429214538.sgy,FORGE_78-32_iDASv3-P11_UTC190429214538,1.0,3.0,273,678,1000.0
796,utah_2019__FORGE_78-32_iDASv3-P11_UTC190429214538,utah_2019,utah_2019,utah_2019_2,noise,0,/home/ted1204/MS_Detection_Datamaker/MS_datamaker_UTAH_2019/data/noise/FORGE_78-32_iDASv3-P11_UTC190429214538.sgy,FORGE_78-32_iDASv3-P11_UTC190429214538.sgy,FORGE_78-32_iDASv3-P11_UTC190429214538,2.0,4.0,273,678,1000.0
797,utah_2019__FORGE_78-32_iDASv3-P11_UTC190429214538,utah_2019,utah_2019,utah_2019_2,noise,0,/home/ted1204/MS_Detection_Datamaker/MS_datamaker_UTAH_2019/data/noise/FORGE_78-32_iDASv3-P11_UTC190429214538.sgy,FORGE_78-32_iDASv3-P11_UTC190429214538.sgy,FORGE_78-32_iDASv3-P11_UTC190429214538,3.0,5.0,273,678,1000.0
798,utah_2019__FORGE_78-32_iDASv3-P11_UTC190429214538,utah_2019,utah_2019,utah_2019_2,noise,0,/home/ted1204/MS_Detection_Datamaker/MS_datamaker_UTAH_2019/data/noise/FORGE_78-32_iDASv3-P11_UTC190429214538.sgy,FORGE_78-32_iDASv3-P11_UTC190429214538.sgy,FORGE_78-32_iDASv3-P11_UTC190429214538,5.0,7.0,273,678,1000.0
799,utah_2019__FORGE_78-32_iDASv3-P11_UTC190429214538,utah_2019,utah_2019,utah_2019_2,noise,0,/home/ted1204/MS_Detection_Datamaker/MS_datamaker_UTAH_2019/data/noise/FORGE_78-32_iDASv3-P11_UTC190429214538.sgy,FORGE_78-32_iDASv3-P11_UTC190429214538.sgy,FORGE_78-32_iDASv3-P11_UTC190429214538,9.0,11.0,273,678,1000.0
800,utah_2019__FORGE_78-32_iDASv3-P11_UTC190429214538,utah_2019,utah_2019,utah_2019_2,noise,0,/home/ted1204/MS_Detection_Datamaker/MS_datamaker_UTAH_2019/data/noise/FORGE_78-32_iDASv3-P11_UTC190429214538.sgy,FORGE_78-32_iDASv3-P11_UTC190429214538.sgy,FORGE_78-32_iDASv3-P11_UTC190429214538,11.0,13.0,273,678,1000.0
801,utah_2019__FORGE_78-32_iDASv3-P11_UTC190429214538,utah_2019,utah_2019,utah_2019_2,noise,0,/home/ted1204/MS_Detection_Datamaker/MS_datamaker_UTAH_2019/data/noise/FORGE_78-32_iDASv3-P11_UTC190429214538.sgy,FORGE_78-32_iDASv3-P11_UTC190429214538.sgy,FORGE_78-32_iDASv3-P11_UTC190429214538,15.0,17.0,273,678,1000.0
802,utah_2019__FORGE_78-32_iDASv3-P11_UTC190429214538,utah_2019,utah_2019,utah_2019_2,noise,0,/home/ted1204/MS_Detection_Datamaker/MS_datamaker_UTAH_2019/data/noise/FORGE_78-32_iDASv3-P11_UTC190429214538.sgy,FORGE_78-32_iDASv3-P11_UTC190429214538.sgy,FORGE_78-32_iDASv3-P11_UTC190429214538,18.0,20.0,273,678,1000.0
803,utah_2019__FORGE_78-32_iDASv3-P11_UTC190429214538,utah_2019,utah_2019,utah_2019_2,noise,0,/home/ted1204/MS_Detection_Datamaker/MS_datamaker_UTAH_2019/data/noise/FORGE_78-32_iDASv3-P11_UTC190429214538.sgy,FORGE_78-32_iDASv3-P11_UTC190429214538.sgy,FORGE_78-32_iDASv3-P11_UTC190429214538,19.0,21.0,273,678,1000.0
804,utah_2019__FORGE_78-32_iDASv3-P11_UTC190429214538,utah_2019,utah_2019,utah_2019_2,noise,0,/home/ted1204/MS_Detection_Datamaker/MS_datamaker_UTAH_2019/data/noise/FORGE_78-32_iDASv3-P11_UTC190429214538.sgy,FORGE_78-32_iDASv3-P11_UTC190429214538.sgy,FORGE_78-32_iDASv3-P11_UTC190429214538,20.0,22.0,273,678,1000.0
805,utah_2019__FORGE_78-32_iDASv3-P11_UTC190429214538,utah_2019,utah_2019,utah_2019_2,noise,0,/home/ted1204/MS_Detection_Datamaker/MS_datamaker_UTAH_2019/data/noise/FORGE_78-32_iDASv3-P11_UTC190429214538.sgy,FORGE_78-32_iDASv3-P11_UTC190429214538.sgy,FORGE_78-32_iDASv3-P11_UTC190429214538,21.0,23.0,273,678,1000.0
806,utah_2019__FORGE_78-32_iDASv3-P11_UTC190429214538,utah_2019,utah_2019,utah_2019_2,noise,0,/home/ted1204/MS_Detection_Datamaker/MS_datamaker_UTAH_2019/data/noise/FORGE_78-32_iDASv3-P11_UTC190429214538.sgy,FORGE_78-32_iDASv3-P11_UTC190429214538.sgy,FORGE_78-32_iDASv3-P11_UTC190429214538,22.0,24.0,273,678,1000.0
807,utah_2019__FORGE_78-32_iDASv3-P11_UTC190429214538,utah_2019,utah_2019,utah_2019_2,noise,0,/home/ted1204/MS_Detection_Datamaker/MS_datamaker_UTAH_2019/data/noise/FORGE_78-32_iDASv3-P11_UTC190429214538.sgy,FORGE_78-32_iDASv3-P11_UTC190429214538.sgy,FORGE_78-32_iDASv3-P11_UTC190429214538,24.0,26.0,273,678,1000.0
808,utah_2019__FORGE_78-32_iDASv3-P11_UTC190429214538,utah_2019,utah_2019,utah_2019_2,noise,0,/home/ted1204/MS_Detection_Datamaker/MS_datamaker_UTAH_2019/data/noise/FORGE_78-32_iDASv3-P11_UTC190429214538.sgy,FORGE_78-32_iDASv3-P11_UTC190429214538.sgy,FORGE_78-32_iDASv3-P11_UTC190429214538,25.0,27.0,273,678,1000.0
809,utah_2019__FORGE_78-32_iDASv3-P11_UTC190429214538,utah_2019,utah_2019,utah_2019_2,noise,0,/home/ted1204/MS_Detection_Datamaker/MS_datamaker_UTAH_2019/data/noise/FORGE_78-32_iDASv3-P11_UTC190429214538.sgy,FORGE_78-32_iDASv3-P11_UTC190429214538.sgy,FORGE_78-32_iDASv3-P11_UTC190429214538,27.0,29.0,273,678,1000.0
810,utah_2019__FORGE_78-32_iDASv3-P11_UTC190429214808,utah_2019,utah_2019,utah_2019_1,noise,0,/home/ted1204/MS_Detection_Datamaker/MS_datamaker_UTAH_2019/data/noise/FORGE_78-32_iDASv3-P11_UTC190429214808.sgy,FORGE_78-32_iDASv3-P11_UTC190429214808.sgy,FORGE_78-32_iDASv3-P11_UTC190429214808,0.0,2.0,679,1084,1000.0
811,utah_2019__FORGE_78-32_iDASv3-P11_UTC190429214808,utah_2019,utah_2019,utah_2019_1,noise,0,/home/ted1204/MS_Detection_Datamaker/MS_datamaker_UTAH_2019/data/noise/FORGE_78-32_iDASv3-P11_UTC190429214808.sgy,FORGE_78-32_iDASv3-P11_UTC190429214808.sgy,FORGE_78-32_iDASv3-P11_UTC190429214808,4.0,6.0,679,1084,1000.0
812,utah_2019__FORGE_78-32_iDASv3-P11_UTC190429214808,utah_2019,utah_2019,utah_2019_1,noise,0,/home/ted1204/MS_Detection_Datamaker/MS_datamaker_UTAH_2019/data/noise/FORGE_78-32_iDASv3-P11_UTC190429214808.sgy,FORGE_78-32_iDASv3-P11_UTC190429214808.sgy,FORGE_78-32_iDASv3-P11_UTC190429214808,5.0,7.0,679,1084,1000.0
813,utah_2019__FORGE_78-32_iDASv3-P11_UTC190429214808,utah_2019,utah_2019,utah_2019_1,noise,0,/home/ted1204/MS_Detection_Datamaker/MS_datamaker_UTAH_2019/data/noise/FORGE_78-32_iDASv3-P11_UTC190429214808.sgy,FORGE_78-32_iDASv3-P11_UTC190429214808.sgy,FORGE_78-32_iDASv3-P11_UTC190429214808,6.0,8.0,679,1084,1000.0
814,utah_2019__FORGE_78-32_iDASv3-P11_UTC190429214808,utah_2019,utah_2019,utah_2019_1,noise,0,/home/ted1204/MS_Detection_Datamaker/MS_datamaker_UTAH_2019/data/noise/FORGE_78-32_iDASv3-P11_UTC190429214808.sgy,FORGE_78-32_iDASv3-P11_UTC190429214808.sgy,FORGE_78-32_iDASv3-P11_UTC190429214808,9.0,11.0,679,1084,1000.0
815,utah_2019__FORGE_78-32_iDASv3-P11_UTC190429214808,utah_2019,utah_2019,utah_2019_1,noise,0,/home/ted1204/MS_Detection_Datamaker/MS_datamaker_UTAH_2019/data/noise/FORGE_78-32_iDASv3-P11_UTC190429214808.sgy,FORGE_78-32_iDASv3-P11_UTC190429214808.sgy,FORGE_78-32_iDASv3-P11_UTC190429214808,10.0,12.0,679,1084,1000.0
816,utah_2019__FORGE_78-32_iDASv3-P11_UTC190429214808,utah_2019,utah_2019,utah_2019_1,noise,0,/home/ted1204/MS_Detection_Datamaker/MS_datamaker_UTAH_2019/data/noise/FORGE_78-32_iDASv3-P11_UTC190429214808.sgy,FORGE_78-32_iDASv3-P11_UTC190429214808.sgy,FORGE_78-32_iDASv3-P11_UTC190429214808,13.0,15.0,679,1084,1000.0
817,utah_2019__FORGE_78-32_iDASv3-P11_UTC190429214808,utah_2019,utah_2019,utah_2019_1,noise,0,/home/ted1204/MS_Detection_Datamaker/MS_datamaker_UTAH_2019/data/noise/FORGE_78-32_iDASv3-P11_UTC190429214808.sgy,FORGE_78-32_iDASv3-P11_UTC190429214808.sgy,FORGE_78-32_iDASv3-P11_UTC190429214808,15.0,17.0,679,1084,1000.0
818,utah_2019__FORGE_78-32_iDASv3-P11_UTC190429214808,utah_2019,utah_2019,utah_2019_1,noise,0,/home/ted1204/MS_Detection_Datamaker/MS_datamaker_UTAH_2019/data/noise/FORGE_78-32_iDASv3-P11_UTC190429214808.sgy,FORGE_78-32_iDASv3-P11_UTC190429214808.sgy,FORGE_78-32_iDASv3-P11_UTC190429214808,18.0,20.0,679,1084,1000.0
819,utah_2019__FORGE_78-32_iDASv3-P11_UTC190429214808,utah_2019,utah_2019,utah_2019_1,noise,0,/home/ted1204/MS_Detection_Datamaker/MS_datamaker_UTAH_2019/data/noise/FORGE_78-32_iDASv3-P11_UTC190429214808.sgy,FORGE_78-32_iDASv3-P11_UTC190429214808.sgy,FORGE_78-32_iDASv3-P11_UTC190429214808,19.0,21.0,679,1084,1000.0
820,utah_2019__FORGE_78-32_iDASv3-P11_UTC190429214808,utah_2019,utah_2019,utah_2019_1,noise,0,/home/ted1204/MS_Detection_Datamaker/MS_datamaker_UTAH_2019/data/noise/FORGE_78-32_iDASv3-P11_UTC190429214808.sgy,FORGE_78-32_iDASv3-P11_UTC190429214808.sgy,FORGE_78-32_iDASv3-P11_UTC190429214808,22.0,24.0,679,1084,1000.0
821,utah_2019__FORGE_78-32_iDASv3-P11_UTC190429214808,utah_2019,utah_2019,utah_2019_1,noise,0,/home/ted1204/MS_Detection_Datamaker/MS_datamaker_UTAH_2019/data/noise/FORGE_78-32_iDASv3-P11_UTC190429214808.sgy,FORGE_78-32_iDASv3-P11_UTC190429214808.sgy,FORGE_78-32_iDASv3-P11_UTC190429214808,23.0,25.0,679,1084,1000.0
822,utah_2019__FORGE_78-32_iDASv3-P11_UTC190429214808,utah_2019,utah_2019,utah_2019_1,noise,0,/home/ted1204/MS_Detection_Datamaker/MS_datamaker_UTAH_2019/data/noise/FORGE_78-32_iDASv3-P11_UTC190429214808.sgy,FORGE_78-32_iDASv3-P11_UTC190429214808.sgy,FORGE_78-32_iDASv3-P11_UTC190429214808,24.0,26.0,679,1084,1000.0
823,utah_2019__FORGE_78-32_iDASv3-P11_UTC190429214808,utah_2019,utah_2019,utah_2019_1,noise,0,/home/ted1204/MS_Detection_Datamaker/MS_datamaker_UTAH_2019/data/noise/FORGE_78-32_iDASv3-P11_UTC190429214808.sgy,FORGE_78-32_iDASv3-P11_UTC190429214808.sgy,FORGE_78-32_iDASv3-P11_UTC190429214808,26.0,28.0,679,1084,1000.0
824,utah_2019__FORGE_78-32_iDASv3-P11_UTC190429214808,utah_2019,utah_2019,utah_2019_1,noise,0,/home/ted1204/MS_Detection_Datamaker/MS_datamaker_UTAH_2019/data/noise/FORGE_78-32_iDASv3-P11_UTC190429214808.sgy,FORGE_78-32_iDASv3-P11_UTC190429214808.sgy,FORGE_78-32_iDASv3-P11_UTC190429214808,28.0,30.0,679,1084,1000.0
825,utah_2019__FORGE_78-32_iDASv3-P11_UTC190429214808,utah_2019,utah_2019,utah_2019_2,noise,0,/home/ted1204/MS_Detection_Datamaker/MS_datamaker_UTAH_2019/data/noise/FORGE_78-32_iDASv3-P11_UTC190429214808.sgy,FORGE_78-32_iDASv3-P11_UTC190429214808.sgy,FORGE_78-32_iDASv3-P11_UTC190429214808,0.0,2.0,273,678,1000.0
826,utah_2019__FORGE_78-32_iDASv3-P11_UTC190429214808,utah_2019,utah_2019,utah_2019_2,noise,0,/home/ted1204/MS_Detection_Datamaker/MS_datamaker_UTAH_2019/data/noise/FORGE_78-32_iDASv3-P11_UTC190429214808.sgy,FORGE_78-32_iDASv3-P11_UTC190429214808.sgy,FORGE_78-32_iDASv3-P11_UTC190429214808,4.0,6.0,273,678,1000.0
827,utah_2019__FORGE_78-32_iDASv3-P11_UTC190429214808,utah_2019,utah_2019,utah_2019_2,noise,0,/home/ted1204/MS_Detection_Datamaker/MS_datamaker_UTAH_2019/data/noise/FORGE_78-32_iDASv3-P11_UTC190429214808.sgy,FORGE_78-32_iDASv3-P11_UTC190429214808.sgy,FORGE_78-32_iDASv3-P11_UTC190429214808,5.0,7.0,273,678,1000.0
828,utah_2019__FORGE_78-32_iDASv3-P11_UTC190429214808,utah_2019,utah_2019,utah_2019_2,noise,0,/home/ted1204/MS_Detection_Datamaker/MS_datamaker_UTAH_2019/data/noise/FORGE_78-32_iDASv3-P11_UTC190429214808.sgy,FORGE_78-32_iDASv3-P11_UTC190429214808.sgy,FORGE_78-32_iDASv3-P11_UTC190429214808,6.0,8.0,273,678,1000.0
829,utah_2019__FORGE_78-32_iDASv3-P11_UTC190429214808,utah_2019,utah_2019,utah_2019_2,noise,0,/home/ted1204/MS_Detection_Datamaker/MS_datamaker_UTAH_2019/data/noise/FORGE_78-32_iDASv3-P11_UTC190429214808.sgy,FORGE_78-32_iDASv3-P11_UTC190429214808.sgy,FORGE_78-32_iDASv3-P11_UTC190429214808,9.0,11.0,273,678,1000.0
830,utah_2019__FORGE_78-32_iDASv3-P11_UTC190429214808,utah_2019,utah_2019,utah_2019_2,noise,0,/home/ted1204/MS_Detection_Datamaker/MS_datamaker_UTAH_2019/data/noise/FORGE_78-32_iDASv3-P11_UTC190429214808.sgy,FORGE_78-32_iDASv3-P11_UTC190429214808.sgy,FORGE_78-32_iDASv3-P11_UTC190429214808,10.0,12.0,273,678,1000.0
831,utah_2019__FORGE_78-32_iDASv3-P11_UTC190429214808,utah_2019,utah_2019,utah_2019_2,noise,0,/home/ted1204/MS_Detection_Datamaker/MS_datamaker_UTAH_2019/data/noise/FORGE_78-32_iDASv3-P11_UTC190429214808.sgy,FORGE_78-32_iDASv3-P11_UTC190429214808.sgy,FORGE_78-32_iDASv3-P11_UTC190429214808,13.0,15.0,273,678,1000.0
832,utah_2019__FORGE_78-32_iDASv3-P11_UTC190429214808,utah_2019,utah_2019,utah_2019_2,noise,0,/home/ted1204/MS_Detection_Datamaker/MS_datamaker_UTAH_2019/data/noise/FORGE_78-32_iDASv3-P11_UTC190429214808.sgy,FORGE_78-32_iDASv3-P11_UTC190429214808.sgy,FORGE_78-32_iDASv3-P11_UTC190429214808,15.0,17.0,273,678,1000.0
833,utah_2019__FORGE_78-32_iDASv3-P11_UTC190429214808,utah_2019,utah_2019,utah_2019_2,noise,0,/home/ted1204/MS_Detection_Datamaker/MS_datamaker_UTAH_2019/data/noise/FORGE_78-32_iDASv3-P11_UTC190429214808.sgy,FORGE_78-32_iDASv3-P11_UTC190429214808.sgy,FORGE_78-32_iDASv3-P11_UTC190429214808,18.0,20.0,273,678,1000.0
834,utah_2019__FORGE_78-32_iDASv3-P11_UTC190429214808,utah_2019,utah_2019,utah_2019_2,noise,0,/home/ted1204/MS_Detection_Datamaker/MS_datamaker_UTAH_2019/data/noise/FORGE_78-32_iDASv3-P11_UTC190429214808.sgy,FORGE_78-32_iDASv3-P11_UTC190429214808.sgy,FORGE_78-32_iDASv3-P11_UTC190429214808,19.0,21.0,273,678,1000.0
835,utah_2019__FORGE_78-32_iDASv3-P11_UTC190429214808,utah_2019,utah_2019,utah_2019_2,noise,0,/home/ted1204/MS_Detection_Datamaker/MS_datamaker_UTAH_2019/data/noise/FORGE_78-32_iDASv3-P11_UTC190429214808.sgy,FORGE_78-32_iDASv3-P11_UTC190429214808.sgy,FORGE_78-32_iDASv3-P11_UTC190429214808,22.0,24.0,273,678,1000.0
836,utah_2019__FORGE_78-32_iDASv3-P11_UTC190429214808,utah_2019,utah_2019,utah_2019_2,noise,0,/home/ted1204/MS_Detection_Datamaker/MS_datamaker_UTAH_2019/data/noise/FORGE_78-32_iDASv3-P11_UTC190429214808.sgy,FORGE_78-32_iDASv3-P11_UTC190429214808.sgy,FORGE_78-32_iDASv3-P11_UTC190429214808,23.0,25.0,273,678,1000.0
837,utah_2019__FORGE_78-32_iDASv3-P11_UTC190429214808,utah_2019,utah_2019,utah_2019_2,noise,0,/home/ted1204/MS_Detection_Datamaker/MS_datamaker_UTAH_2019/data/noise/FORGE_78-32_iDASv3-P11_UTC190429214808.sgy,FORGE_78-32_iDASv3-P11_UTC190429214808.sgy,FORGE_78-32_iDASv3-P11_UTC190429214808,24.0,26.0,273,678,1000.0
838,utah_2019__FORGE_78-32_iDASv3-P11_UTC190429214808,utah_2019,utah_2019,utah_2019_2,noise,0,/home/ted1204/MS_Detection_Datamaker/MS_datamaker_UTAH_2019/data/noise/FORGE_78-32_iDASv3-P11_UTC190429214808.sgy,FORGE_78-32_iDASv3-P11_UTC190429214808.sgy,FORGE_78-32_iDASv3-P11_UTC190429214808,26.0,28.0,273,678,1000.0
839,utah_2019__FORGE_78-32_iDASv3-P11_UTC190429214808,utah_2019,utah_2019,utah_2019_2,noise,0,/home/ted1204/MS_Detection_Datamaker/MS_datamaker_UTAH_2019/data/noise/FORGE_78-32_iDASv3-P11_UTC190429214808.sgy,FORGE_78-32_iDASv3-P11_UTC190429214808.sgy,FORGE_78-32_iDASv3-P11_UTC190429214808,28.0,30.0,273,678,1000.0
840,utah_2019__FORGE_78-32_iDASv3-P11_UTC190429214908,utah_2019,utah_2019,utah_2019_1,noise,0,/home/ted1204/MS_Detection_Datamaker/MS_datamaker_UTAH_2019/data/noise/FORGE_78-32_iDASv3-P11_UTC190429214908.sgy,FORGE_78-32_iDASv3-P11_UTC190429214908.sgy,FORGE_78-32_iDASv3-P11_UTC190429214908,3.0,5.0,679,1084,1000.0
841,utah_2019__FORGE_78-32_iDASv3-P11_UTC190429214908,utah_2019,utah_2019,utah_2019_1,noise,0,/home/ted1204/MS_Detection_Datamaker/MS_datamaker_UTAH_2019/data/noise/FORGE_78-32_iDASv3-P11_UTC190429214908.sgy,FORGE_78-32_iDASv3-P11_UTC190429214908.sgy,FORGE_78-32_iDASv3-P11_UTC190429214908,5.0,7.0,679,1084,1000.0
842,utah_2019__FORGE_78-32_iDASv3-P11_UTC190429214908,utah_2019,utah_2019,utah_2019_1,noise,0,/home/ted1204/MS_Detection_Datamaker/MS_datamaker_UTAH_2019/data/noise/FORGE_78-32_iDASv3-P11_UTC190429214908.sgy,FORGE_78-32_iDASv3-P11_UTC190429214908.sgy,FORGE_78-32_iDASv3-P11_UTC190429214908,7.0,9.0,679,1084,1000.0
843,utah_2019__FORGE_78-32_iDASv3-P11_UTC190429214908,utah_2019,utah_2019,utah_2019_1,noise,0,/home/ted1204/MS_Detection_Datamaker/MS_datamaker_UTAH_2019/data/noise/FORGE_78-32_iDASv3-P11_UTC190429214908.sgy,FORGE_78-32_iDASv3-P11_UTC190429214908.sgy,FORGE_78-32_iDASv3-P11_UTC190429214908,8.0,10.0,679,1084,1000.0
844,utah_2019__FORGE_78-32_iDASv3-P11_UTC190429214908,utah_2019,utah_2019,utah_2019_1,noise,0,/home/ted1204/MS_Detection_Datamaker/MS_datamaker_UTAH_2019/data/noise/FORGE_78-32_iDASv3-P11_UTC190429214908.sgy,FORGE_78-32_iDASv3-P11_UTC190429214908.sgy,FORGE_78-32_iDASv3-P11_UTC190429214908,9.0,11.0,679,1084,1000.0
845,utah_2019__FORGE_78-32_iDASv3-P11_UTC190429214908,utah_2019,utah_2019,utah_2019_1,noise,0,/home/ted1204/MS_Detection_Datamaker/MS_datamaker_UTAH_2019/data/noise/FORGE_78-32_iDASv3-P11_UTC190429214908.sgy,FORGE_78-32_iDASv3-P11_UTC190429214908.sgy,FORGE_78-32_iDASv3-P11_UTC190429214908,10.0,12.0,679,1084,1000.0
846,utah_2019__FORGE_78-32_iDASv3-P11_UTC190429214908,utah_2019,utah_2019,utah_2019_1,noise,0,/home/ted1204/MS_Detection_Datamaker/MS_datamaker_UTAH_2019/data/noise/FORGE_78-32_iDASv3-P11_UTC190429214908.sgy,FORGE_78-32_iDASv3-P11_UTC190429214908.sgy,FORGE_78-32_iDASv3-P11_UTC190429214908,11.0,13.0,679,1084,1000.0
847,utah_2019__FORGE_78-32_iDASv3-P11_UTC190429214908,utah_2019,utah_2019,utah_2019_1,noise,0,/home/ted1204/MS_Detection_Datamaker/MS_datamaker_UTAH_2019/data/noise/FORGE_78-32_iDASv3-P11_UTC190429214908.sgy,FORGE_78-32_iDASv3-P11_UTC190429214908.sgy,FORGE_78-32_iDASv3-P11_UTC190429214908,13.0,15.0,679,1084,1000.0
848,utah_2019__FORGE_78-32_iDASv3-P11_UTC190429214908,utah_2019,utah_2019,utah_2019_1,noise,0,/home/ted1204/MS_Detection_Datamaker/MS_datamaker_UTAH_2019/data/noise/FORGE_78-32_iDASv3-P11_UTC190429214908.sgy,FORGE_78-32_iDASv3-P11_UTC190429214908.sgy,FORGE_78-32_iDASv3-P11_UTC190429214908,14.0,16.0,679,1084,1000.0
849,utah_2019__FORGE_78-32_iDASv3-P11_UTC190429214908,utah_2019,utah_2019,utah_2019_1,noise,0,/home/ted1204/MS_Detection_Datamaker/MS_datamaker_UTAH_2019/data/noise/FORGE_78-32_iDASv3-P11_UTC190429214908.sgy,FORGE_78-32_iDASv3-P11_UTC190429214908.sgy,FORGE_78-32_iDASv3-P11_UTC190429214908,16.0,18.0,679,1084,1000.0
850,utah_2019__FORGE_78-32_iDASv3-P11_UTC190429214908,utah_2019,utah_2019,utah_2019_1,noise,0,/home/ted1204/MS_Detection_Datamaker/MS_datamaker_UTAH_2019/data/noise/FORGE_78-32_iDASv3-P11_UTC190429214908.sgy,FORGE_78-32_iDASv3-P11_UTC190429214908.sgy,FORGE_78-32_iDASv3-P11_UTC190429214908,19.0,21.0,679,1084,1000.0
851,utah_2019__FORGE_78-32_iDASv3-P11_UTC190429214908,utah_2019,utah_2019,utah_2019_1,noise,0,/home/ted1204/MS_Detection_Datamaker/MS_datamaker_UTAH_2019/data/noise/FORGE_78-32_iDASv3-P11_UTC190429214908.sgy,FORGE_78-32_iDASv3-P11_UTC190429214908.sgy,FORGE_78-32_iDASv3-P11_UTC190429214908,21.0,23.0,679,1084,1000.0
852,utah_2019__FORGE_78-32_iDASv3-P11_UTC190429214908,utah_2019,utah_2019,utah_2019_1,noise,0,/home/ted1204/MS_Detection_Datamaker/MS_datamaker_UTAH_2019/data/noise/FORGE_78-32_iDASv3-P11_UTC190429214908.sgy,FORGE_78-32_iDASv3-P11_UTC190429214908.sgy,FORGE_78-32_iDASv3-P11_UTC190429214908,23.0,25.0,679,1084,1000.0
853,utah_2019__FORGE_78-32_iDASv3-P11_UTC190429214908,utah_2019,utah_2019,utah_2019_1,noise,0,/home/ted1204/MS_Detection_Datamaker/MS_datamaker_UTAH_2019/data/noise/FORGE_78-32_iDASv3-P11_UTC190429214908.sgy,FORGE_78-32_iDASv3-P11_UTC190429214908.sgy,FORGE_78-32_iDASv3-P11_UTC190429214908,24.0,26.0,679,1084,1000.0
854,utah_2019__FORGE_78-32_iDASv3-P11_UTC190429214908,utah_2019,utah_2019,utah_2019_1,noise,0,/home/ted1204/MS_Detection_Datamaker/MS_datamaker_UTAH_2019/data/noise/FORGE_78-32_iDASv3-P11_UTC190429214908.sgy,FORGE_78-32_iDASv3-P11_UTC190429214908.sgy,FORGE_78-32_iDASv3-P11_UTC190429214908,28.0,30.0,679,1084,1000.0
855,utah_2019__FORGE_78-32_iDASv3-P11_UTC190429214908,utah_2019,utah_2019,utah_2019_2,noise,0,/home/ted1204/MS_Detection_Datamaker/MS_datamaker_UTAH_2019/data/noise/FORGE_78-32_iDASv3-P11_UTC190429214908.sgy,FORGE_78-32_iDASv3-P11_UTC190429214908.sgy,FORGE_78-32_iDASv3-P11_UTC190429214908,3.0,5.0,273,678,1000.0
856,utah_2019__FORGE_78-32_iDASv3-P11_UTC190429214908,utah_2019,utah_2019,utah_2019_2,noise,0,/home/ted1204/MS_Detection_Datamaker/MS_datamaker_UTAH_2019/data/noise/FORGE_78-32_iDASv3-P11_UTC190429214908.sgy,FORGE_78-32_iDASv3-P11_UTC190429214908.sgy,FORGE_78-32_iDASv3-P11_UTC190429214908,5.0,7.0,273,678,1000.0
857,utah_2019__FORGE_78-32_iDASv3-P11_UTC190429214908,utah_2019,utah_2019,utah_2019_2,noise,0,/home/ted1204/MS_Detection_Datamaker/MS_datamaker_UTAH_2019/data/noise/FORGE_78-32_iDASv3-P11_UTC190429214908.sgy,FORGE_78-32_iDASv3-P11_UTC190429214908.sgy,FORGE_78-32_iDASv3-P11_UTC190429214908,7.0,9.0,273,678,1000.0
858,utah_2019__FORGE_78-32_iDASv3-P11_UTC190429214908,utah_2019,utah_2019,utah_2019_2,noise,0,/home/ted1204/MS_Detection_Datamaker/MS_datamaker_UTAH_2019/data/noise/FORGE_78-32_iDASv3-P11_UTC190429214908.sgy,FORGE_78-32_iDASv3-P11_UTC190429214908.sgy,FORGE_78-32_iDASv3-P11_UTC190429214908,8.0,10.0,273,678,1000.0
859,utah_2019__FORGE_78-32_iDASv3-P11_UTC190429214908,utah_2019,utah_2019,utah_2019_2,noise,0,/home/ted1204/MS_Detection_Datamaker/MS_datamaker_UTAH_2019/data/noise/FORGE_78-32_iDASv3-P11_UTC190429214908.sgy,FORGE_78-32_iDASv3-P11_UTC190429214908.sgy,FORGE_78-32_iDASv3-P11_UTC190429214908,9.0,11.0,273,678,1000.0
860,utah_2019__FORGE_78-32_iDASv3-P11_UTC190429214908,utah_2019,utah_2019,utah_2019_2,noise,0,/home/ted1204/MS_Detection_Datamaker/MS_datamaker_UTAH_2019/data/noise/FORGE_78-32_iDASv3-P11_UTC190429214908.sgy,FORGE_78-32_iDASv3-P11_UTC190429214908.sgy,FORGE_78-32_iDASv3-P11_UTC190429214908,10.0,12.0,273,678,1000.0
861,utah_2019__FORGE_78-32_iDASv3-P11_UTC190429214908,utah_2019,utah_2019,utah_2019_2,noise,0,/home/ted1204/MS_Detection_Datamaker/MS_datamaker_UTAH_2019/data/noise/FORGE_78-32_iDASv3-P11_UTC190429214908.sgy,FORGE_78-32_iDASv3-P11_UTC190429214908.sgy,FORGE_78-32_iDASv3-P11_UTC190429214908,11.0,13.0,273,678,1000.0
862,utah_2019__FORGE_78-32_iDASv3-P11_UTC190429214908,utah_2019,utah_2019,utah_2019_2,noise,0,/home/ted1204/MS_Detection_Datamaker/MS_datamaker_UTAH_2019/data/noise/FORGE_78-32_iDASv3-P11_UTC190429214908.sgy,FORGE_78-32_iDASv3-P11_UTC190429214908.sgy,FORGE_78-32_iDASv3-P11_UTC190429214908,13.0,15.0,273,678,1000.0
863,utah_2019__FORGE_78-32_iDASv3-P11_UTC190429214908,utah_2019,utah_2019,utah_2019_2,noise,0,/home/ted1204/MS_Detection_Datamaker/MS_datamaker_UTAH_2019/data/noise/FORGE_78-32_iDASv3-P11_UTC190429214908.sgy,FORGE_78-32_iDASv3-P11_UTC190429214908.sgy,FORGE_78-32_iDASv3-P11_UTC190429214908,14.0,16.0,273,678,1000.0
864,utah_2019__FORGE_78-32_iDASv3-P11_UTC190429214908,utah_2019,utah_2019,utah_2019_2,noise,0,/home/ted1204/MS_Detection_Datamaker/MS_datamaker_UTAH_2019/data/noise/FORGE_78-32_iDASv3-P11_UTC190429214908.sgy,FORGE_78-32_iDASv3-P11_UTC190429214908.sgy,FORGE_78-32_iDASv3-P11_UTC190429214908,16.0,18.0,273,678,1000.0
865,utah_2019__FORGE_78-32_iDASv3-P11_UTC190429214908,utah_2019,utah_2019,utah_2019_2,noise,0,/home/ted1204/MS_Detection_Datamaker/MS_datamaker_UTAH_2019/data/noise/FORGE_78-32_iDASv3-P11_UTC190429214908.sgy,FORGE_78-32_iDASv3-P11_UTC190429214908.sgy,FORGE_78-32_iDASv3-P11_UTC190429214908,19.0,21.0,273,678,1000.0
866,utah_2019__FORGE_78-32_iDASv3-P11_UTC190429214908,utah_2019,utah_2019,utah_2019_2,noise,0,/home/ted1204/MS_Detection_Datamaker/MS_datamaker_UTAH_2019/data/noise/FORGE_78-32_iDASv3-P11_UTC190429214908.sgy,FORGE_78-32_iDASv3-P11_UTC190429214908.sgy,FORGE_78-32_iDASv3-P11_UTC190429214908,21.0,23.0,273,678,1000.0
867,utah_2019__FORGE_78-32_iDASv3-P11_UTC190429214908,utah_2019,utah_2019,utah_2019_2,noise,0,/home/ted1204/MS_Detection_Datamaker/MS_datamaker_UTAH_2019/data/noise/FORGE_78-32_iDASv3-P11_UTC190429214908.sgy,FORGE_78-32_iDASv3-P11_UTC190429214908.sgy,FORGE_78-32_iDASv3-P11_UTC190429214908,23.0,25.0,273,678,1000.0
868,utah_2019__FORGE_78-32_iDASv3-P11_UTC190429214908,utah_2019,utah_2019,utah_2019_2,noise,0,/home/ted1204/MS_Detection_Datamaker/MS_datamaker_UTAH_2019/data/noise/FORGE_78-32_iDASv3-P11_UTC190429214908.sgy,FORGE_78-32_iDASv3-P11_UTC190429214908.sgy,FORGE_78-32_iDASv3-P11_UTC190429214908,24.0,26.0,273,678,1000.0
869,utah_2019__FORGE_78-32_iDASv3-P11_UTC190429214908,utah_2019,utah_2019,utah_2019_2,noise,0,/home/ted1204/MS_Detection_Datamaker/MS_datamaker_UTAH_2019/data/noise/FORGE_78-32_iDASv3-P11_UTC190429214908.sgy,FORGE_78-32_iDASv3-P11_UTC190429214908.sgy,FORGE_78-32_iDASv3-P11_UTC190429214908,28.0,30.0,273,678,1000.0
870,utah_2019__FORGE_78-32_iDASv3-P11_UTC190429214938,utah_2019,utah_2019,utah_2019_1,noise,0,/home/ted1204/MS_Detection_Datamaker/MS_datamaker_UTAH_2019/data/noise/FORGE_78-32_iDASv3-P11_UTC190429214938.sgy,FORGE_78-32_iDASv3-P11_UTC190429214938.sgy,FORGE_78-32_iDASv3-P11_UTC190429214938,0.0,2.0,679,1084,1000.0
871,utah_2019__FORGE_78-32_iDASv3-P11_UTC190429214938,utah_2019,utah_2019,utah_2019_1,noise,0,/home/ted1204/MS_Detection_Datamaker/MS_datamaker_UTAH_2019/data/noise/FORGE_78-32_iDASv3-P11_UTC190429214938.sgy,FORGE_78-32_iDASv3-P11_UTC190429214938.sgy,FORGE_78-32_iDASv3-P11_UTC190429214938,1.0,3.0,679,1084,1000.0
872,utah_2019__FORGE_78-32_iDASv3-P11_UTC190429214938,utah_2019,utah_2019,utah_2019_1,noise,0,/home/ted1204/MS_Detection_Datamaker/MS_datamaker_UTAH_2019/data/noise/FORGE_78-32_iDASv3-P11_UTC190429214938.sgy,FORGE_78-32_iDASv3-P11_UTC190429214938.sgy,FORGE_78-32_iDASv3-P11_UTC190429214938,3.0,5.0,679,1084,1000.0
873,utah_2019__FORGE_78-32_iDASv3-P11_UTC190429214938,utah_2019,utah_2019,utah_2019_1,noise,0,/home/ted1204/MS_Detection_Datamaker/MS_datamaker_UTAH_2019/data/noise/FORGE_78-32_iDASv3-P11_UTC190429214938.sgy,FORGE_78-32_iDASv3-P11_UTC190429214938.sgy,FORGE_78-32_iDASv3-P11_UTC190429214938,4.0,6.0,679,1084,1000.0
874,utah_2019__FORGE_78-32_iDASv3-P11_UTC190429214938,utah_2019,utah_2019,utah_2019_1,noise,0,/home/ted1204/MS_Detection_Datamaker/MS_datamaker_UTAH_2019/data/noise/FORGE_78-32_iDASv3-P11_UTC190429214938.sgy,FORGE_78-32_iDASv3-P11_UTC190429214938.sgy,FORGE_78-32_iDASv3-P11_UTC190429214938,5.0,7.0,679,1084,1000.0
875,utah_2019__FORGE_78-32_iDASv3-P11_UTC190429214938,utah_2019,utah_2019,utah_2019_1,noise,0,/home/ted1204/MS_Detection_Datamaker/MS_datamaker_UTAH_2019/data/noise/FORGE_78-32_iDASv3-P11_UTC190429214938.sgy,FORGE_78-32_iDASv3-P11_UTC190429214938.sgy,FORGE_78-32_iDASv3-P11_UTC190429214938,6.0,8.0,679,1084,1000.0
876,utah_2019__FORGE_78-32_iDASv3-P11_UTC190429214938,utah_2019,utah_2019,utah_2019_1,noise,0,/home/ted1204/MS_Detection_Datamaker/MS_datamaker_UTAH_2019/data/noise/FORGE_78-32_iDASv3-P11_UTC190429214938.sgy,FORGE_78-32_iDASv3-P11_UTC190429214938.sgy,FORGE_78-32_iDASv3-P11_UTC190429214938,12.0,14.0,679,1084,1000.0
877,utah_2019__FORGE_78-32_iDASv3-P11_UTC190429214938,utah_2019,utah_2019,utah_2019_1,noise,0,/home/ted1204/MS_Detection_Datamaker/MS_datamaker_UTAH_2019/data/noise/FORGE_78-32_iDASv3-P11_UTC190429214938.sgy,FORGE_78-32_iDASv3-P11_UTC190429214938.sgy,FORGE_78-32_iDASv3-P11_UTC190429214938,13.0,15.0,679,1084,1000.0
878,utah_2019__FORGE_78-32_iDASv3-P11_UTC190429214938,utah_2019,utah_2019,utah_2019_1,noise,0,/home/ted1204/MS_Detection_Datamaker/MS_datamaker_UTAH_2019/data/noise/FORGE_78-32_iDASv3-P11_UTC190429214938.sgy,FORGE_78-32_iDASv3-P11_UTC190429214938.sgy,FORGE_78-32_iDASv3-P11_UTC190429214938,14.0,16.0,679,1084,1000.0
879,utah_2019__FORGE_78-32_iDASv3-P11_UTC190429214938,utah_2019,utah_2019,utah_2019_1,noise,0,/home/ted1204/MS_Detection_Datamaker/MS_datamaker_UTAH_2019/data/noise/FORGE_78-32_iDASv3-P11_UTC190429214938.sgy,FORGE_78-32_iDASv3-P11_UTC190429214938.sgy,FORGE_78-32_iDASv3-P11_UTC190429214938,15.0,17.0,679,1084,1000.0
880,utah_2019__FORGE_78-32_iDASv3-P11_UTC190429214938,utah_2019,utah_2019,utah_2019_1,noise,0,/home/ted1204/MS_Detection_Datamaker/MS_datamaker_UTAH_2019/data/noise/FORGE_78-32_iDASv3-P11_UTC190429214938.sgy,FORGE_78-32_iDASv3-P11_UTC190429214938.sgy,FORGE_78-32_iDASv3-P11_UTC190429214938,17.0,19.0,679,1084,1000.0
881,utah_2019__FORGE_78-32_iDASv3-P11_UTC190429214938,utah_2019,utah_2019,utah_2019_1,noise,0,/home/ted1204/MS_Detection_Datamaker/MS_datamaker_UTAH_2019/data/noise/FORGE_78-32_iDASv3-P11_UTC190429214938.sgy,FORGE_78-32_iDASv3-P11_UTC190429214938.sgy,FORGE_78-32_iDASv3-P11_UTC190429214938,18.0,20.0,679,1084,1000.0
882,utah_2019__FORGE_78-32_iDASv3-P11_UTC190429214938,utah_2019,utah_2019,utah_2019_1,noise,0,/home/ted1204/MS_Detection_Datamaker/MS_datamaker_UTAH_2019/data/noise/FORGE_78-32_iDASv3-P11_UTC190429214938.sgy,FORGE_78-32_iDASv3-P11_UTC190429214938.sgy,FORGE_78-32_iDASv3-P11_UTC190429214938,19.0,21.0,679,1084,1000.0
883,utah_2019__FORGE_78-32_iDASv3-P11_UTC190429214938,utah_2019,utah_2019,utah_2019_1,noise,0,/home/ted1204/MS_Detection_Datamaker/MS_datamaker_UTAH_2019/data/noise/FORGE_78-32_iDASv3-P11_UTC190429214938.sgy,FORGE_78-32_iDASv3-P11_UTC190429214938.sgy,FORGE_78-32_iDASv3-P11_UTC190429214938,21.0,23.0,679,1084,1000.0
884,utah_2019__FORGE_78-32_iDASv3-P11_UTC190429214938,utah_2019,utah_2019,utah_2019_1,noise,0,/home/ted1204/MS_Detection_Datamaker/MS_datamaker_UTAH_2019/data/noise/FORGE_78-32_iDASv3-P11_UTC190429214938.sgy,FORGE_78-32_iDASv3-P11_UTC190429214938.sgy,FORGE_78-32_iDASv3-P11_UTC190429214938,23.0,25.0,679,1084,1000.0
885,utah_2019__FORGE_78-32_iDASv3-P11_UTC190429214938,utah_2019,utah_2019,utah_2019_2,noise,0,/home/ted1204/MS_Detection_Datamaker/MS_datamaker_UTAH_2019/data/noise/FORGE_78-32_iDASv3-P11_UTC190429214938.sgy,FORGE_78-32_iDASv3-P11_UTC190429214938.sgy,FORGE_78-32_iDASv3-P11_UTC190429214938,0.0,2.0,273,678,1000.0
886,utah_2019__FORGE_78-32_iDASv3-P11_UTC190429214938,utah_2019,utah_2019,utah_2019_2,noise,0,/home/ted1204/MS_Detection_Datamaker/MS_datamaker_UTAH_2019/data/noise/FORGE_78-32_iDASv3-P11_UTC190429214938.sgy,FORGE_78-32_iDASv3-P11_UTC190429214938.sgy,FORGE_78-32_iDASv3-P11_UTC190429214938,1.0,3.0,273,678,1000.0
887,utah_2019__FORGE_78-32_iDASv3-P11_UTC190429214938,utah_2019,utah_2019,utah_2019_2,noise,0,/home/ted1204/MS_Detection_Datamaker/MS_datamaker_UTAH_2019/data/noise/FORGE_78-32_iDASv3-P11_UTC190429214938.sgy,FORGE_78-32_iDASv3-P11_UTC190429214938.sgy,FORGE_78-32_iDASv3-P11_UTC190429214938,3.0,5.0,273,678,1000.0
888,utah_2019__FORGE_78-32_iDASv3-P11_UTC190429214938,utah_2019,utah_2019,utah_2019_2,noise,0,/home/ted1204/MS_Detection_Datamaker/MS_datamaker_UTAH_2019/data/noise/FORGE_78-32_iDASv3-P11_UTC190429214938.sgy,FORGE_78-32_iDASv3-P11_UTC190429214938.sgy,FORGE_78-32_iDASv3-P11_UTC190429214938,4.0,6.0,273,678,1000.0
889,utah_2019__FORGE_78-32_iDASv3-P11_UTC190429214938,utah_2019,utah_2019,utah_2019_2,noise,0,/home/ted1204/MS_Detection_Datamaker/MS_datamaker_UTAH_2019/data/noise/FORGE_78-32_iDASv3-P11_UTC190429214938.sgy,FORGE_78-32_iDASv3-P11_UTC190429214938.sgy,FORGE_78-32_iDASv3-P11_UTC190429214938,5.0,7.0,273,678,1000.0
890,utah_2019__FORGE_78-32_iDASv3-P11_UTC190429214938,utah_2019,utah_2019,utah_2019_2,noise,0,/home/ted1204/MS_Detection_Datamaker/MS_datamaker_UTAH_2019/data/noise/FORGE_78-32_iDASv3-P11_UTC190429214938.sgy,FORGE_78-32_iDASv3-P11_UTC190429214938.sgy,FORGE_78-32_iDASv3-P11_UTC190429214938,6.0,8.0,273,678,1000.0
891,utah_2019__FORGE_78-32_iDASv3-P11_UTC190429214938,utah_2019,utah_2019,utah_2019_2,noise,0,/home/ted1204/MS_Detection_Datamaker/MS_datamaker_UTAH_2019/data/noise/FORGE_78-32_iDASv3-P11_UTC190429214938.sgy,FORGE_78-32_iDASv3-P11_UTC190429214938.sgy,FORGE_78-32_iDASv3-P11_UTC190429214938,12.0,14.0,273,678,1000.0
892,utah_2019__FORGE_78-32_iDASv3-P11_UTC190429214938,utah_2019,utah_2019,utah_2019_2,noise,0,/home/ted1204/MS_Detection_Datamaker/MS_datamaker_UTAH_2019/data/noise/FORGE_78-32_iDASv3-P11_UTC190429214938.sgy,FORGE_78-32_iDASv3-P11_UTC190429214938.sgy,FORGE_78-32_iDASv3-P11_UTC190429214938,13.0,15.0,273,678,1000.0
893,utah_2019__FORGE_78-32_iDASv3-P11_UTC190429214938,utah_2019,utah_2019,utah_2019_2,noise,0,/home/ted1204/MS_Detection_Datamaker/MS_datamaker_UTAH_2019/data/noise/FORGE_78-32_iDASv3-P11_UTC190429214938.sgy,FORGE_78-32_iDASv3-P11_UTC190429214938.sgy,FORGE_78-32_iDASv3-P11_UTC190429214938,14.0,16.0,273,678,1000.0
894,utah_2019__FORGE_78-32_iDASv3-P11_UTC190429214938,utah_2019,utah_2019,utah_2019_2,noise,0,/home/ted1204/MS_Detection_Datamaker/MS_datamaker_UTAH_2019/data/noise/FORGE_78-32_iDASv3-P11_UTC190429214938.sgy,FORGE_78-32_iDASv3-P11_UTC190429214938.sgy,FORGE_78-32_iDASv3-P11_UTC190429214938,15.0,17.0,273,678,1000.0
895,utah_2019__FORGE_78-32_iDASv3-P11_UTC190429214938,utah_2019,utah_2019,utah_2019_2,noise,0,/home/ted1204/MS_Detection_Datamaker/MS_datamaker_UTAH_2019/data/noise/FORGE_78-32_iDASv3-P11_UTC190429214938.sgy,FORGE_78-32_iDASv3-P11_UTC190429214938.sgy,FORGE_78-32_iDASv3-P11_UTC190429214938,17.0,19.0,273,678,1000.0
896,utah_2019__FORGE_78-32_iDASv3-P11_UTC190429214938,utah_2019,utah_2019,utah_2019_2,noise,0,/home/ted1204/MS_Detection_Datamaker/MS_datamaker_UTAH_2019/data/noise/FORGE_78-32_iDASv3-P11_UTC190429214938.sgy,FORGE_78-32_iDASv3-P11_UTC190429214938.sgy,FORGE_78-32_iDASv3-P11_UTC190429214938,18.0,20.0,273,678,1000.0
897,utah_2019__FORGE_78-32_iDASv3-P11_UTC190429214938,utah_2019,utah_2019,utah_2019_2,noise,0,/home/ted1204/MS_Detection_Datamaker/MS_datamaker_UTAH_2019/data/noise/FORGE_78-32_iDASv3-P11_UTC190429214938.sgy,FORGE_78-32_iDASv3-P11_UTC190429214938.sgy,FORGE_78-32_iDASv3-P11_UTC190429214938,19.0,21.0,273,678,1000.0
898,utah_2019__FORGE_78-32_iDASv3-P11_UTC190429214938,utah_2019,utah_2019,utah_2019_2,noise,0,/home/ted1204/MS_Detection_Datamaker/MS_datamaker_UTAH_2019/data/noise/FORGE_78-32_iDASv3-P11_UTC190429214938.sgy,FORGE_78-32_iDASv3-P11_UTC190429214938.sgy,FORGE_78-32_iDASv3-P11_UTC190429214938,21.0,23.0,273,678,1000.0
899,utah_2019__FORGE_78-32_iDASv3-P11_UTC190429214938,utah_2019,utah_2019,utah_2019_2,noise,0,/home/ted1204/MS_Detection_Datamaker/MS_datamaker_UTAH_2019/data/noise/FORGE_78-32_iDASv3-P11_UTC190429214938.sgy,FORGE_78-32_iDASv3-P11_UTC190429214938.sgy,FORGE_78-32_iDASv3-P11_UTC190429214938,23.0,25.0,273,678,1000.0
