Channel,Fiber distance (m),Northing (m),Easting (m),Depth (m)
1,0.3538,,,
2,1.3787,,,
3,2.4036,,,
4,3.4285,,,
5,4.4535,,,
6,5.4784,,,
7,6.5033,,,
8,7.5282,,,
9,8.5531,,,
10,9.578,,,
11,10.6029,,,
12,11.6278,,,
13,12.6527,,,
14,13.6776,,,
15,14.7025,,,
16,15.7274,,,
17,16.7523,,,
18,17.7772,,,
19,18.8021,,,
20,19.827,,,
21,20.8519,,,
22,21.8768,,,
23,22.9017,,,
24,23.9266,,,
25,24.9515,,,
26,25.9764,,,
27,27.0013,,,
28,28.0262,,,
29,29.0511,,,
30,30.076,,,
31,31.101,,,
32,32.1259,,,
33,33.1508,,,
34,34.1757,,,
35,35.2006,,,
36,36.2255,,,
37,37.2504,,,
38,38.2753,,,
39,39.3002,,,
40,40.3251,,,
41,41.35,,,
42,42.3749,,,
43,43.3998,,,
44,44.4247,,,
45,45.4496,,,
46,46.4745,,,
47,47.4994,,,
48,48.5243,,,
49,49.5492,,,
50,50.5741,,,
51,51.599,,,
52,52.6239,,,
53,53.6488,,,
54,54.6737,,,
55,55.6986,,,
56,56.7235,,,
57,57.7484,,,
58,58.7734,,,
59,59.7983,,,
60,60.8232,,,
61,61.8481,,,
62,62.873,,,
63,63.8979,,,
64,64.9228,,,
65,65.9477,,,
66,66.9726,,,
67,67.9975,,,
68,69.0224,,,
69,70.0473,,,
70,71.0722,,,
71,72.0971,,,
72,73.122,,,
73,74.1469,,,
74,75.1718,,,
75,76.1967,,,
76,77.2216,,,
77,78.2465,,,
78,79.2714,,,
79,80.2963,,,
80,81.3212,,,
81,82.3461,,,
82,83.371,,,
83,84.3959,,,
84,85.4209,,,
85,86.4458,,,
86,87.4707,,,
87,88.4956,,,
88,89.5205,,,
89,90.5454,,,
90,91.5703,,,
91,92.5952,,,
92,93.6201,,,
93,94.645,,,
94,95.6699,,,
95,96.6948,,,
96,97.7197,,,
97,98.7446,,,
98,99.7695,,,
99,100.7944,,,
100,101.8193,,,
101,102.8442,,,
102,103.8691,,,
103,104.894,,,
104,105.9189,,,
105,106.9438,,,
106,107.9687,,,
107,108.9936,,,
108,110.0185,,,
109,111.0434,,,
110,112.0683,,,
111,113.0933,,,
112,114.1182,,,
113,115.1431,,,
114,116.168,,,
115,117.1929,,,
116,118.2178,,,
117,119.2427,,,
118,120.2676,,,
119,121.2925,,,
120,122.3174,,,
121,123.3423,,,
122,124.3672,,,
123,125.3921,,,
124,126.417,,,
125,127.4419,,,
126,128.4668,,,
127,129.4917,,,
128,130.5166,,,
129,131.5415,,,
130,132.5664,,,
131,133.5913,,,
132,134.6162,,,
133,135.6411,,,
134,136.666,,,
135,137.6909,,,
136,138.7158,,,
137,139.7408,,,
138,140.7657,,,
139,141.7906,,,
140,142.8155,,,
141,143.8404,,,
142,144.8653,,,
143,145.8902,,,
144,146.9151,,,
145,147.94,,,
146,148.9649,,,
147,149.9898,,,
148,151.0147,,,
149,152.0396,,,
150,153.0645,,,
151,154.0894,,,
152,155.1143,,,
153,156.1392,,,
154,157.1641,,,
155,158.189,,,
156,159.2139,,,
157,160.2388,,,
158,161.2637,,,
159,162.2886,,,
160,163.3135,,,
161,164.3384,,,
162,165.3633,,,
163,166.3883,,,
164,167.4132,,,
165,168.4381,,,
166,169.463,,,
167,170.4879,,,
168,171.5128,,,
169,172.5377,,,
170,173.5626,,,
171,174.5875,,,
172,175.6124,,,
173,176.6373,,,
174,177.6622,,,
175,178.6871,,,
176,179.712,4263471.06,334642.08,-1660.44
177,180.7369,4263471.07,334642.08,-1659.42
178,181.7618,4263471.07,334642.08,-1658.39
179,182.7867,4263471.07,334642.08,-1657.37
180,183.8116,4263471.07,334642.09,-1656.34
181,184.8365,4263471.07,334642.09,-1655.32
182,185.8614,4263471.07,334642.09,-1654.29
183,186.8863,4263471.07,334642.09,-1653.27
184,187.9112,4263471.08,334642.09,-1652.24
185,188.9361,4263471.08,334642.1,-1651.22
186,189.961,4263471.08,334642.1,-1650.19
187,190.9859,4263471.09,334642.11,-1649.17
188,192.0108,4263471.09,334642.11,-1648.14
189,193.0357,4263471.09,334642.12,-1647.12
190,194.0607,4263471.1,334642.12,-1646.1
191,195.0856,4263471.1,334642.13,-1645.07
192,196.1105,4263471.11,334642.13,-1644.05
193,197.1354,4263471.11,334642.14,-1643.02
194,198.1603,4263471.12,334642.14,-1642
195,199.1852,4263471.12,334642.15,-1640.97
196,200.2101,4263471.13,334642.15,-1639.95
197,201.235,4263471.13,334642.16,-1638.92
198,202.2599,4263471.14,334642.16,-1637.9
199,203.2848,4263471.14,334642.17,-1636.87
200,204.3097,4263471.14,334642.17,-1635.85
201,205.3346,4263471.15,334642.17,-1634.82
202,206.3595,4263471.15,334642.18,-1633.8
203,207.3844,4263471.15,334642.18,-1632.77
204,208.4093,4263471.16,334642.18,-1631.75
205,209.4342,4263471.16,334642.19,-1630.72
206,210.4591,4263471.16,334642.19,-1629.7
207,211.484,4263471.16,334642.19,-1628.67
208,212.5089,4263471.16,334642.2,-1627.65
209,213.5338,4263471.15,334642.2,-1626.62
210,214.5587,4263471.15,334642.21,-1625.6
211,215.5836,4263471.15,334642.21,-1624.57
212,216.6085,4263471.15,334642.22,-1623.55
213,217.6334,4263471.14,334642.22,-1622.52
214,218.6583,4263471.14,334642.23,-1621.5
215,219.6832,4263471.14,334642.24,-1620.47
216,220.7082,4263471.13,334642.25,-1619.45
217,221.7331,4263471.13,334642.26,-1618.42
218,222.758,4263471.12,334642.27,-1617.4
219,223.7829,4263471.12,334642.28,-1616.37
220,224.8078,4263471.11,334642.29,-1615.35
221,225.8327,4263471.11,334642.3,-1614.32
222,226.8576,4263471.11,334642.31,-1613.3
223,227.8825,4263471.11,334642.32,-1612.27
224,228.9074,4263471.11,334642.33,-1611.25
225,229.9323,4263471.11,334642.34,-1610.22
226,230.9572,4263471.11,334642.35,-1609.2
227,231.9821,4263471.11,334642.36,-1608.17
228,233.007,4263471.11,334642.37,-1607.15
229,234.0319,4263471.12,334642.38,-1606.12
230,235.0568,4263471.12,334642.39,-1605.1
231,236.0817,4263471.12,334642.4,-1604.08
232,237.1066,4263471.13,334642.41,-1603.05
233,238.1315,4263471.13,334642.42,-1602.03
234,239.1564,4263471.13,334642.43,-1601
235,240.1813,4263471.14,334642.44,-1599.98
236,241.2062,4263471.14,334642.44,-1598.95
237,242.2311,4263471.14,334642.45,-1597.93
238,243.256,4263471.15,334642.45,-1596.9
239,244.2809,4263471.15,334642.46,-1595.88
240,245.3058,4263471.15,334642.46,-1594.85
241,246.3307,4263471.16,334642.47,-1593.83
242,247.3557,4263471.16,334642.48,-1592.8
243,248.3806,4263471.17,334642.48,-1591.78
244,249.4055,4263471.17,334642.48,-1590.75
245,250.4304,4263471.17,334642.49,-1589.73
246,251.4553,4263471.17,334642.49,-1588.7
247,252.4802,4263471.17,334642.49,-1587.68
248,253.5051,4263471.17,334642.49,-1586.65
249,254.53,4263471.17,334642.5,-1585.63
250,255.5549,4263471.17,334642.5,-1584.6
251,256.5798,4263471.17,334642.5,-1583.58
252,257.6047,4263471.17,334642.51,-1582.55
253,258.6296,4263471.16,334642.51,-1581.53
254,259.6545,4263471.16,334642.52,-1580.5
255,260.6794,4263471.16,334642.52,-1579.48
256,261.7043,4263471.16,334642.53,-1578.45
257,262.7292,4263471.15,334642.53,-1577.43
258,263.7541,4263471.15,334642.54,-1576.4
259,264.779,4263471.14,334642.54,-1575.38
260,265.8039,4263471.14,334642.55,-1574.35
261,266.8288,4263471.14,334642.56,-1573.33
262,267.8537,4263471.13,334642.57,-1572.31
263,268.8786,4263471.13,334642.57,-1571.28
264,269.9035,4263471.12,334642.58,-1570.26
265,270.9284,4263471.12,334642.59,-1569.23
266,271.9533,4263471.12,334642.6,-1568.21
267,272.9782,4263471.11,334642.61,-1567.18
268,274.0031,4263471.11,334642.62,-1566.16
269,275.0281,4263471.11,334642.63,-1565.13
270,276.053,4263471.1,334642.64,-1564.11
271,277.0779,4263471.1,334642.65,-1563.08
272,278.1028,4263471.09,334642.66,-1562.06
273,279.1277,4263471.09,334642.67,-1561.03
274,280.1526,4263471.09,334642.68,-1560.01
275,281.1775,4263471.09,334642.7,-1558.98
276,282.2024,4263471.09,334642.71,-1557.96
277,283.2273,4263471.09,334642.73,-1556.93
278,284.2522,4263471.09,334642.74,-1555.91
279,285.2771,4263471.09,334642.75,-1554.88
280,286.302,4263471.09,334642.77,-1553.86
281,287.3269,4263471.09,334642.78,-1552.83
282,288.3518,4263471.1,334642.79,-1551.81
283,289.3767,4263471.1,334642.81,-1550.78
284,290.4016,4263471.1,334642.82,-1549.76
285,291.4265,4263471.11,334642.83,-1548.73
286,292.4514,4263471.11,334642.84,-1547.71
287,293.4763,4263471.11,334642.86,-1546.68
288,294.5012,4263471.12,334642.87,-1545.66
289,295.5261,4263471.12,334642.88,-1544.63
290,296.551,4263471.12,334642.89,-1543.61
291,297.5759,4263471.13,334642.9,-1542.58
292,298.6008,4263471.13,334642.91,-1541.56
293,299.6257,4263471.13,334642.92,-1540.53
294,300.6506,4263471.14,334642.93,-1539.51
295,301.6756,4263471.14,334642.94,-1538.48
296,302.7005,4263471.14,334642.95,-1537.46
297,303.7254,4263471.14,334642.96,-1536.43
298,304.7503,4263471.14,334642.97,-1535.41
299,305.7752,4263471.15,334642.97,-1534.39
300,306.8001,4263471.15,334642.98,-1533.36
301,307.825,4263471.15,334642.99,-1532.34
302,308.8499,4263471.15,334643,-1531.31
303,309.8748,4263471.15,334643.01,-1530.29
304,310.8997,4263471.15,334643.01,-1529.26
305,311.9246,4263471.15,334643.02,-1528.24
306,312.9495,4263471.15,334643.03,-1527.21
307,313.9744,4263471.14,334643.04,-1526.19
308,314.9993,4263471.14,334643.04,-1525.16
309,316.0242,4263471.14,334643.05,-1524.14
310,317.0491,4263471.14,334643.06,-1523.11
311,318.074,4263471.14,334643.07,-1522.09
312,319.0989,4263471.13,334643.07,-1521.06
313,320.1238,4263471.13,334643.08,-1520.04
314,321.1487,4263471.13,334643.09,-1519.01
315,322.1736,4263471.12,334643.1,-1517.99
316,323.1985,4263471.12,334643.11,-1516.96
317,324.2234,4263471.11,334643.12,-1515.94
318,325.2483,4263471.11,334643.13,-1514.91
319,326.2732,4263471.1,334643.14,-1513.89
320,327.2981,4263471.1,334643.15,-1512.86
321,328.323,4263471.09,334643.16,-1511.84
322,329.348,4263471.09,334643.18,-1510.81
323,330.3729,4263471.09,334643.19,-1509.79
324,331.3978,4263471.08,334643.2,-1508.76
325,332.4227,4263471.08,334643.21,-1507.74
326,333.4476,4263471.07,334643.23,-1506.71
327,334.4725,4263471.07,334643.25,-1505.69
328,335.4974,4263471.07,334643.26,-1504.66
329,336.5223,4263471.07,334643.28,-1503.64
330,337.5472,4263471.06,334643.3,-1502.61
331,338.5721,4263471.06,334643.31,-1501.59
332,339.597,4263471.06,334643.33,-1500.56
333,340.6219,4263471.06,334643.35,-1499.54
334,341.6468,4263471.06,334643.37,-1498.52
335,342.6717,4263471.06,334643.39,-1497.49
336,343.6966,4263471.07,334643.41,-1496.47
337,344.7215,4263471.07,334643.43,-1495.44
338,345.7464,4263471.07,334643.45,-1494.42
339,346.7713,4263471.07,334643.47,-1493.39
340,347.7962,4263471.08,334643.48,-1492.37
341,348.8211,4263471.08,334643.5,-1491.34
342,349.846,4263471.08,334643.52,-1490.32
343,350.8709,4263471.09,334643.54,-1489.29
344,351.8958,4263471.09,334643.56,-1488.27
345,352.9207,4263471.1,334643.57,-1487.24
346,353.9456,4263471.1,334643.59,-1486.22
347,354.9705,4263471.11,334643.61,-1485.19
348,355.9955,4263471.11,334643.62,-1484.17
349,357.0204,4263471.12,334643.64,-1483.14
350,358.0453,4263471.12,334643.65,-1482.12
351,359.0702,4263471.13,334643.67,-1481.09
352,360.0951,4263471.13,334643.68,-1480.07
353,361.12,4263471.13,334643.7,-1479.04
354,362.1449,4263471.14,334643.71,-1478.02
355,363.1698,4263471.14,334643.73,-1477
356,364.1947,4263471.14,334643.75,-1475.97
357,365.2196,4263471.15,334643.76,-1474.95
358,366.2445,4263471.15,334643.78,-1473.92
359,367.2694,4263471.15,334643.79,-1472.9
360,368.2943,4263471.15,334643.81,-1471.87
361,369.3192,4263471.15,334643.83,-1470.85
362,370.3441,4263471.15,334643.84,-1469.82
363,371.369,4263471.15,334643.86,-1468.8
364,372.3939,4263471.15,334643.87,-1467.77
365,373.4188,4263471.15,334643.89,-1466.75
366,374.4437,4263471.15,334643.91,-1465.72
367,375.4686,4263471.15,334643.92,-1464.7
368,376.4935,4263471.15,334643.94,-1463.67
369,377.5184,4263471.15,334643.96,-1462.65
370,378.5433,4263471.15,334643.98,-1461.62
371,379.5682,4263471.15,334644,-1460.6
372,380.5931,4263471.14,334644.02,-1459.58
373,381.618,4263471.14,334644.04,-1458.55
374,382.643,4263471.14,334644.06,-1457.53
375,383.6679,4263471.13,334644.09,-1456.5
376,384.6928,4263471.13,334644.11,-1455.48
377,385.7177,4263471.13,334644.13,-1454.45
378,386.7426,4263471.13,334644.16,-1453.43
379,387.7675,4263471.13,334644.19,-1452.4
380,388.7924,4263471.13,334644.21,-1451.38
381,389.8173,4263471.13,334644.24,-1450.36
382,390.8422,4263471.13,334644.27,-1449.33
383,391.8671,4263471.13,334644.3,-1448.31
384,392.892,4263471.13,334644.32,-1447.28
385,393.9169,4263471.13,334644.35,-1446.26
386,394.9418,4263471.14,334644.38,-1445.23
387,395.9667,4263471.14,334644.4,-1444.21
388,396.9916,4263471.14,334644.43,-1443.18
389,398.0165,4263471.15,334644.46,-1442.16
390,399.0414,4263471.15,334644.48,-1441.13
391,400.0663,4263471.15,334644.51,-1440.11
392,401.0912,4263471.16,334644.54,-1439.08
393,402.1161,4263471.16,334644.56,-1438.06
394,403.141,4263471.17,334644.58,-1437.03
395,404.1659,4263471.17,334644.61,-1436.01
396,405.1908,4263471.18,334644.63,-1434.98
397,406.2157,4263471.18,334644.66,-1433.96
398,407.2406,4263471.18,334644.68,-1432.94
399,408.2655,4263471.19,334644.71,-1431.91
400,409.2904,4263471.19,334644.73,-1430.89
401,410.3154,4263471.2,334644.76,-1429.86
402,411.3403,4263471.2,334644.78,-1428.84
403,412.3652,4263471.2,334644.8,-1427.81
404,413.3901,4263471.2,334644.83,-1426.79
405,414.415,4263471.21,334644.85,-1425.76
406,415.4399,4263471.21,334644.88,-1424.74
407,416.4648,4263471.21,334644.9,-1423.72
408,417.4897,4263471.21,334644.92,-1422.69
409,418.5146,4263471.21,334644.95,-1421.67
410,419.5395,4263471.21,334644.97,-1420.64
411,420.5644,4263471.21,334644.99,-1419.62
412,421.5893,4263471.21,334645.01,-1418.59
413,422.6142,4263471.21,334645.04,-1417.57
414,423.6391,4263471.21,334645.06,-1416.54
415,424.664,4263471.21,334645.08,-1415.52
416,425.6889,4263471.21,334645.11,-1414.49
417,426.7138,4263471.21,334645.13,-1413.47
418,427.7387,4263471.21,334645.15,-1412.44
419,428.7636,4263471.2,334645.18,-1411.42
420,429.7885,4263471.2,334645.2,-1410.39
421,430.8134,4263471.2,334645.22,-1409.37
422,431.8383,4263471.2,334645.25,-1408.35
423,432.8632,4263471.19,334645.28,-1407.32
424,433.8881,4263471.19,334645.3,-1406.3
425,434.913,4263471.19,334645.33,-1405.27
426,435.9379,4263471.19,334645.36,-1404.25
427,436.9629,4263471.18,334645.39,-1403.22
428,437.9878,4263471.18,334645.42,-1402.2
429,439.0127,4263471.18,334645.44,-1401.17
430,440.0376,4263471.18,334645.48,-1400.15
431,441.0625,4263471.18,334645.51,-1399.12
432,442.0874,4263471.17,334645.54,-1398.1
433,443.1123,4263471.17,334645.57,-1397.08
434,444.1372,4263471.17,334645.6,-1396.05
435,445.1621,4263471.17,334645.63,-1395.03
436,446.187,4263471.17,334645.66,-1394
437,447.2119,4263471.17,334645.7,-1392.98
438,448.2368,4263471.17,334645.73,-1391.95
439,449.2617,4263471.17,334645.76,-1390.93
440,450.2866,4263471.18,334645.79,-1389.91
441,451.3115,4263471.18,334645.83,-1388.88
442,452.3364,4263471.18,334645.86,-1387.86
443,453.3613,4263471.18,334645.89,-1386.83
444,454.3862,4263471.18,334645.92,-1385.81
445,455.4111,4263471.18,334645.96,-1384.78
446,456.436,4263471.19,334645.99,-1383.76
447,457.4609,4263471.19,334646.02,-1382.74
448,458.4858,4263471.19,334646.05,-1381.71
449,459.5107,4263471.2,334646.09,-1380.69
450,460.5356,4263471.2,334646.12,-1379.66
451,461.5605,4263471.2,334646.15,-1378.64
452,462.5854,4263471.21,334646.18,-1377.61
453,463.6103,4263471.21,334646.21,-1376.59
454,464.6353,4263471.22,334646.24,-1375.56
455,465.6602,4263471.22,334646.27,-1374.54
456,466.6851,4263471.22,334646.3,-1373.52
457,467.71,4263471.23,334646.33,-1372.49
458,468.7349,4263471.23,334646.36,-1371.47
459,469.7598,4263471.24,334646.39,-1370.44
460,470.7847,4263471.24,334646.42,-1369.42
461,471.8096,4263471.24,334646.45,-1368.39
462,472.8345,4263471.25,334646.48,-1367.37
463,473.8594,4263471.25,334646.51,-1366.34
464,474.8843,4263471.25,334646.54,-1365.32
465,475.9092,4263471.26,334646.57,-1364.29
466,476.9341,4263471.26,334646.6,-1363.27
467,477.959,4263471.26,334646.63,-1362.25
468,478.9839,4263471.27,334646.66,-1361.22
469,480.0088,4263471.27,334646.69,-1360.2
470,481.0337,4263471.27,334646.72,-1359.17
471,482.0586,4263471.27,334646.75,-1358.15
472,483.0835,4263471.28,334646.78,-1357.12
473,484.1084,4263471.28,334646.81,-1356.1
474,485.1333,4263471.28,334646.84,-1355.07
475,486.1582,4263471.28,334646.87,-1354.05
476,487.1831,4263471.28,334646.9,-1353.03
477,488.208,4263471.29,334646.93,-1352
478,489.2329,4263471.29,334646.96,-1350.98
479,490.2578,4263471.29,334646.99,-1349.95
480,491.2828,4263471.29,334647.02,-1348.93
481,492.3077,4263471.29,334647.05,-1347.9
482,493.3326,4263471.29,334647.08,-1346.88
483,494.3575,4263471.29,334647.11,-1345.85
484,495.3824,4263471.29,334647.14,-1344.83
485,496.4073,4263471.29,334647.17,-1343.81
486,497.4322,4263471.29,334647.2,-1342.78
487,498.4571,4263471.29,334647.23,-1341.76
488,499.482,4263471.29,334647.27,-1340.73
489,500.5069,4263471.29,334647.3,-1339.71
490,501.5318,4263471.28,334647.34,-1338.68
491,502.5567,4263471.28,334647.37,-1337.66
492,503.5816,4263471.28,334647.41,-1336.64
493,504.6065,4263471.28,334647.45,-1335.61
494,505.6314,4263471.28,334647.48,-1334.59
495,506.6563,4263471.27,334647.52,-1333.56
496,507.6812,4263471.27,334647.56,-1332.54
497,508.7061,4263471.27,334647.6,-1331.51
498,509.731,4263471.28,334647.63,-1330.49
499,510.7559,4263471.28,334647.67,-1329.47
500,511.7808,4263471.28,334647.71,-1328.44
501,512.8057,4263471.28,334647.75,-1327.42
502,513.8306,4263471.28,334647.79,-1326.39
503,514.8555,4263471.28,334647.82,-1325.37
504,515.8804,4263471.29,334647.86,-1324.35
505,516.9053,4263471.29,334647.89,-1323.32
506,517.9303,4263471.29,334647.93,-1322.3
507,518.9552,4263471.3,334647.96,-1321.27
508,519.9801,4263471.3,334648,-1320.25
509,521.005,4263471.31,334648.03,-1319.22
510,522.0299,4263471.31,334648.06,-1318.2
511,523.0548,4263471.31,334648.1,-1317.17
512,524.0797,4263471.31,334648.13,-1316.15
513,525.1046,4263471.31,334648.16,-1315.13
514,526.1295,4263471.32,334648.19,-1314.1
515,527.1544,4263471.32,334648.22,-1313.08
516,528.1793,4263471.32,334648.26,-1312.05
517,529.2042,4263471.32,334648.29,-1311.03
518,530.2291,4263471.32,334648.32,-1310
519,531.254,4263471.32,334648.36,-1308.98
520,532.2789,4263471.31,334648.39,-1307.95
521,533.3038,4263471.31,334648.42,-1306.93
522,534.3287,4263471.31,334648.46,-1305.91
523,535.3536,4263471.31,334648.49,-1304.88
524,536.3785,4263471.3,334648.53,-1303.86
525,537.4034,4263471.3,334648.56,-1302.83
526,538.4283,4263471.3,334648.6,-1301.81
527,539.4532,4263471.3,334648.63,-1300.79
528,540.4781,4263471.29,334648.67,-1299.76
529,541.503,4263471.29,334648.7,-1298.74
530,542.5279,4263471.29,334648.74,-1297.71
531,543.5528,4263471.29,334648.77,-1296.69
532,544.5777,4263471.28,334648.81,-1295.66
533,545.6027,4263471.28,334648.84,-1294.64
534,546.6276,4263471.28,334648.87,-1293.61
535,547.6525,4263471.28,334648.9,-1292.59
536,548.6774,4263471.28,334648.92,-1291.56
537,549.7023,4263471.28,334648.95,-1290.54
538,550.7272,4263471.28,334648.98,-1289.52
539,551.7521,4263471.28,334649,-1288.49
540,552.777,4263471.28,334649.03,-1287.47
541,553.8019,4263471.28,334649.05,-1286.44
542,554.8268,4263471.28,334649.07,-1285.42
543,555.8517,4263471.28,334649.08,-1284.39
544,556.8766,4263471.28,334649.1,-1283.37
545,557.9015,4263471.28,334649.11,-1282.34
546,558.9264,4263471.28,334649.13,-1281.32
547,559.9513,4263471.29,334649.15,-1280.29
548,560.9762,4263471.29,334649.16,-1279.27
549,562.0011,4263471.29,334649.17,-1278.24
550,563.026,4263471.29,334649.18,-1277.22
551,564.0509,4263471.29,334649.19,-1276.19
552,565.0758,4263471.29,334649.2,-1275.17
553,566.1007,4263471.29,334649.2,-1274.14
554,567.1256,4263471.29,334649.21,-1273.12
555,568.1505,4263471.29,334649.22,-1272.09
556,569.1754,4263471.29,334649.23,-1271.07
557,570.2003,4263471.29,334649.23,-1270.04
558,571.2252,4263471.29,334649.24,-1269.02
559,572.2502,4263471.29,334649.24,-1267.99
560,573.2751,4263471.29,334649.25,-1266.97
561,574.3,4263471.28,334649.26,-1265.94
562,575.3249,4263471.28,334649.26,-1264.92
563,576.3498,4263471.28,334649.27,-1263.89
564,577.3747,4263471.28,334649.27,-1262.87
565,578.3996,4263471.28,334649.27,-1261.84
566,579.4245,4263471.28,334649.27,-1260.82
567,580.4494,4263471.28,334649.28,-1259.79
568,581.4743,4263471.28,334649.28,-1258.77
569,582.4992,4263471.28,334649.28,-1257.74
570,583.5241,4263471.27,334649.28,-1256.72
571,584.549,4263471.27,334649.29,-1255.7
572,585.5739,4263471.27,334649.29,-1254.67
573,586.5988,4263471.27,334649.29,-1253.65
574,587.6237,4263471.26,334649.29,-1252.62
575,588.6486,4263471.26,334649.3,-1251.6
576,589.6735,4263471.26,334649.3,-1250.57
577,590.6984,4263471.25,334649.3,-1249.55
578,591.7233,4263471.25,334649.31,-1248.52
579,592.7482,4263471.25,334649.31,-1247.5
580,593.7731,4263471.25,334649.32,-1246.47
581,594.798,4263471.24,334649.33,-1245.45
582,595.8229,4263471.24,334649.33,-1244.42
583,596.8478,4263471.24,334649.34,-1243.4
584,597.8727,4263471.23,334649.35,-1242.37
585,598.8976,4263471.23,334649.35,-1241.35
586,599.9226,4263471.23,334649.36,-1240.32
587,600.9475,4263471.23,334649.37,-1239.3
588,601.9724,4263471.23,334649.38,-1238.27
589,602.9973,4263471.23,334649.39,-1237.25
590,604.0222,4263471.23,334649.4,-1236.22
591,605.0471,4263471.23,334649.41,-1235.2
592,606.072,4263471.24,334649.42,-1234.18
593,607.0969,4263471.24,334649.43,-1233.15
594,608.1218,4263471.24,334649.44,-1232.13
595,609.1467,4263471.25,334649.45,-1231.1
596,610.1716,4263471.25,334649.46,-1230.08
597,611.1965,4263471.25,334649.46,-1229.05
598,612.2214,4263471.26,334649.47,-1228.03
599,613.2463,4263471.26,334649.48,-1227
600,614.2712,4263471.27,334649.49,-1225.98
601,615.2961,4263471.27,334649.5,-1224.95
602,616.321,4263471.28,334649.5,-1223.93
603,617.3459,4263471.28,334649.51,-1222.9
604,618.3708,4263471.29,334649.51,-1221.88
605,619.3957,4263471.29,334649.52,-1220.85
606,620.4206,4263471.3,334649.53,-1219.83
607,621.4455,4263471.3,334649.53,-1218.8
608,622.4704,4263471.31,334649.53,-1217.78
609,623.4953,4263471.31,334649.54,-1216.75
610,624.5202,4263471.31,334649.54,-1215.73
611,625.5451,4263471.32,334649.54,-1214.7
612,626.5701,4263471.32,334649.54,-1213.68
613,627.595,4263471.33,334649.54,-1212.65
614,628.6199,4263471.33,334649.54,-1211.63
615,629.6448,4263471.33,334649.54,-1210.6
616,630.6697,4263471.33,334649.55,-1209.58
617,631.6946,4263471.33,334649.55,-1208.55
618,632.7195,4263471.33,334649.55,-1207.53
619,633.7444,4263471.33,334649.56,-1206.5
620,634.7693,4263471.33,334649.56,-1205.48
621,635.7942,4263471.33,334649.57,-1204.45
622,636.8191,4263471.33,334649.57,-1203.43
623,637.844,4263471.33,334649.58,-1202.4
624,638.8689,4263471.33,334649.59,-1201.38
625,639.8938,4263471.33,334649.6,-1200.35
626,640.9187,4263471.33,334649.6,-1199.33
627,641.9436,4263471.33,334649.61,-1198.3
628,642.9685,4263471.33,334649.62,-1197.28
629,643.9934,4263471.33,334649.63,-1196.25
630,645.0183,4263471.33,334649.64,-1195.23
631,646.0432,4263471.34,334649.64,-1194.2
632,647.0681,4263471.34,334649.65,-1193.18
633,648.093,4263471.34,334649.65,-1192.15
634,649.1179,4263471.35,334649.66,-1191.13
635,650.1428,4263471.35,334649.67,-1190.1
636,651.1677,4263471.35,334649.67,-1189.08
637,652.1926,4263471.36,334649.68,-1188.05
638,653.2176,4263471.36,334649.68,-1187.03
639,654.2425,4263471.36,334649.68,-1186
640,655.2674,4263471.36,334649.69,-1184.98
641,656.2923,4263471.36,334649.69,-1183.95
642,657.3172,4263471.36,334649.7,-1182.93
643,658.3421,4263471.36,334649.7,-1181.91
644,659.367,4263471.36,334649.7,-1180.88
645,660.3919,4263471.36,334649.71,-1179.86
646,661.4168,4263471.36,334649.72,-1178.83
647,662.4417,4263471.35,334649.73,-1177.81
648,663.4666,4263471.35,334649.74,-1176.78
649,664.4915,4263471.35,334649.74,-1175.76
650,665.5164,4263471.35,334649.75,-1174.73
651,666.5413,4263471.35,334649.76,-1173.71
652,667.5662,4263471.35,334649.77,-1172.68
653,668.5911,4263471.35,334649.78,-1171.66
654,669.616,4263471.35,334649.79,-1170.63
655,670.6409,4263471.35,334649.8,-1169.61
656,671.6658,4263471.35,334649.82,-1168.58
657,672.6907,4263471.35,334649.83,-1167.56
658,673.7156,4263471.35,334649.84,-1166.53
659,674.7405,4263471.35,334649.85,-1165.51
660,675.7654,4263471.35,334649.86,-1164.48
661,676.7903,4263471.36,334649.87,-1163.46
662,677.8152,4263471.36,334649.88,-1162.43
663,678.8401,4263471.36,334649.89,-1161.41
664,679.865,4263471.36,334649.9,-1160.38
665,680.89,4263471.37,334649.91,-1159.36
666,681.9149,4263471.37,334649.92,-1158.33
667,682.9398,4263471.37,334649.93,-1157.31
668,683.9647,4263471.38,334649.94,-1156.28
669,684.9896,4263471.38,334649.95,-1155.26
670,686.0145,4263471.38,334649.96,-1154.23
671,687.0394,4263471.38,334649.97,-1153.21
672,688.0643,4263471.38,334649.98,-1152.19
673,689.0892,4263471.39,334649.99,-1151.16
674,690.1141,4263471.39,334650,-1150.14
675,691.139,4263471.39,334650.01,-1149.11
676,692.1639,4263471.39,334650.02,-1148.09
677,693.1888,4263471.39,334650.03,-1147.06
678,694.2137,4263471.39,334650.04,-1146.04
679,695.2386,4263471.39,334650.05,-1145.01
680,696.2635,4263471.39,334650.06,-1143.99
681,697.2884,4263471.39,334650.07,-1142.96
682,698.3133,4263471.39,334650.08,-1141.94
683,699.3382,4263471.39,334650.09,-1140.91
684,700.3631,4263471.38,334650.1,-1139.89
685,701.388,4263471.38,334650.11,-1138.86
686,702.4129,4263471.38,334650.12,-1137.84
687,703.4378,4263471.38,334650.14,-1136.81
688,704.4627,4263471.37,334650.15,-1135.79
689,705.4876,4263471.37,334650.16,-1134.76
690,706.5125,4263471.37,334650.17,-1133.74
691,707.5375,4263471.36,334650.19,-1132.71
692,708.5624,4263471.35,334650.2,-1131.69
693,709.5873,4263471.34,334650.22,-1130.66
694,710.6122,4263471.34,334650.23,-1129.64
695,711.6371,4263471.33,334650.24,-1128.61
696,712.662,4263471.32,334650.26,-1127.59
697,713.6869,4263471.32,334650.28,-1126.56
698,714.7118,4263471.31,334650.29,-1125.54
699,715.7367,4263471.3,334650.31,-1124.51
700,716.7616,4263471.3,334650.33,-1123.49
701,717.7865,4263471.29,334650.35,-1122.47
702,718.8114,4263471.29,334650.37,-1121.44
703,719.8363,4263471.28,334650.39,-1120.42
704,720.8612,4263471.27,334650.41,-1119.39
705,721.8861,4263471.27,334650.42,-1118.37
706,722.911,4263471.27,334650.44,-1117.34
707,723.9359,4263471.26,334650.46,-1116.32
708,724.9608,4263471.26,334650.47,-1115.29
709,725.9857,4263471.25,334650.49,-1114.27
710,727.0106,4263471.25,334650.5,-1113.24
711,728.0355,4263471.25,334650.52,-1112.22
712,729.0604,4263471.24,334650.54,-1111.19
713,730.0853,4263471.23,334650.55,-1110.17
714,731.1102,4263471.23,334650.57,-1109.14
715,732.1351,4263471.22,334650.59,-1108.12
716,733.16,4263471.21,334650.6,-1107.09
717,734.1849,4263471.21,334650.62,-1106.07
718,735.2099,4263471.2,334650.64,-1105.04
719,736.2348,4263471.19,334650.66,-1104.02
720,737.2597,4263471.19,334650.67,-1102.99
721,738.2846,4263471.18,334650.69,-1101.97
722,739.3095,4263471.17,334650.71,-1100.95
723,740.3344,4263471.17,334650.72,-1099.92
724,741.3593,4263471.16,334650.74,-1098.9
725,742.3842,4263471.15,334650.76,-1097.87
726,743.4091,4263471.15,334650.77,-1096.85
727,744.434,4263471.14,334650.79,-1095.82
728,745.4589,4263471.13,334650.8,-1094.8
729,746.4838,4263471.12,334650.82,-1093.77
730,747.5087,4263471.11,334650.83,-1092.75
731,748.5336,4263471.1,334650.85,-1091.72
732,749.5585,4263471.09,334650.87,-1090.7
733,750.5834,4263471.08,334650.88,-1089.67
734,751.6083,4263471.07,334650.9,-1088.65
735,752.6332,4263471.05,334650.91,-1087.62
736,753.6581,4263471.04,334650.93,-1086.6
737,754.683,4263471.03,334650.95,-1085.57
738,755.7079,4263471.02,334650.96,-1084.55
739,756.7328,4263471.01,334650.98,-1083.53
740,757.7577,4263470.99,334650.99,-1082.5
741,758.7826,4263470.98,334651.01,-1081.48
742,759.8075,4263470.97,334651.02,-1080.45
743,760.8324,4263470.96,334651.04,-1079.43
744,761.8574,4263470.94,334651.05,-1078.4
745,762.8823,4263470.93,334651.06,-1077.38
746,763.9072,4263470.92,334651.08,-1076.35
747,764.9321,4263470.9,334651.09,-1075.33
748,765.957,4263470.89,334651.1,-1074.3
749,766.9819,4263470.88,334651.11,-1073.28
750,768.0068,4263470.86,334651.12,-1072.25
751,769.0317,4263470.85,334651.13,-1071.23
752,770.0566,4263470.83,334651.14,-1070.2
753,771.0815,4263470.82,334651.15,-1069.18
754,772.1064,4263470.81,334651.15,-1068.15
755,773.1313,4263470.79,334651.16,-1067.13
756,774.1562,4263470.78,334651.17,-1066.1
757,775.1811,4263470.76,334651.17,-1065.08
758,776.206,4263470.75,334651.17,-1064.05
759,777.2309,4263470.73,334651.18,-1063.03
760,778.2558,4263470.72,334651.18,-1062.01
761,779.2807,4263470.7,334651.18,-1060.98
762,780.3056,4263470.69,334651.18,-1059.96
763,781.3305,4263470.67,334651.18,-1058.93
764,782.3554,4263470.66,334651.18,-1057.91
765,783.3803,4263470.65,334651.18,-1056.88
766,784.4052,4263470.63,334651.17,-1055.86
767,785.4301,4263470.62,334651.17,-1054.83
768,786.455,4263470.6,334651.17,-1053.81
769,787.4799,4263470.59,334651.16,-1052.78
770,788.5049,4263470.58,334651.16,-1051.76
771,789.5298,4263470.56,334651.15,-1050.73
772,790.5547,4263470.55,334651.15,-1049.71
773,791.5796,4263470.53,334651.14,-1048.68
774,792.6045,4263470.52,334651.14,-1047.66
775,793.6294,4263470.5,334651.13,-1046.63
776,794.6543,4263470.49,334651.13,-1045.61
777,795.6792,4263470.48,334651.12,-1044.58
778,796.7041,4263470.46,334651.12,-1043.56
779,797.729,4263470.45,334651.11,-1042.53
780,798.7539,4263470.44,334651.1,-1041.51
781,799.7788,4263470.43,334651.1,-1040.48
782,800.8037,4263470.42,334651.09,-1039.46
783,801.8286,4263470.41,334651.08,-1038.43
784,802.8535,4263470.39,334651.08,-1037.41
785,803.8784,4263470.38,334651.07,-1036.38
786,804.9033,4263470.37,334651.06,-1035.36
787,805.9282,4263470.36,334651.04,-1034.33
788,806.9531,4263470.35,334651.03,-1033.31
789,807.978,4263470.34,334651.02,-1032.29
790,809.0029,4263470.33,334651,-1031.26
791,810.0278,4263470.32,334650.99,-1030.24
792,811.0527,4263470.31,334650.98,-1029.21
793,812.0776,4263470.3,334650.96,-1028.19
794,813.1025,4263470.29,334650.95,-1027.16
795,814.1274,4263470.27,334650.93,-1026.14
796,815.1523,4263470.26,334650.92,-1025.11
797,816.1773,4263470.24,334650.91,-1024.09
798,817.2022,4263470.23,334650.89,-1023.06
799,818.2271,4263470.21,334650.88,-1022.04
800,819.252,4263470.19,334650.86,-1021.01
801,820.2769,4263470.18,334650.85,-1019.99
802,821.3018,4263470.16,334650.84,-1018.96
803,822.3267,4263470.15,334650.83,-1017.94
804,823.3516,4263470.13,334650.82,-1016.92
805,824.3765,4263470.12,334650.81,-1015.89
806,825.4014,4263470.1,334650.8,-1014.87
807,826.4263,4263470.08,334650.79,-1013.84
808,827.4512,4263470.07,334650.78,-1012.82
809,828.4761,4263470.06,334650.77,-1011.79
810,829.501,4263470.04,334650.77,-1010.77
811,830.5259,4263470.03,334650.76,-1009.74
812,831.5508,4263470.02,334650.75,-1008.72
813,832.5757,4263470.01,334650.74,-1007.69
814,833.6006,4263470,334650.73,-1006.67
815,834.6255,4263469.99,334650.72,-1005.64
816,835.6504,4263469.98,334650.71,-1004.62
817,836.6753,4263469.97,334650.7,-1003.59
818,837.7002,4263469.96,334650.69,-1002.57
819,838.7251,4263469.95,334650.68,-1001.54
820,839.75,4263469.94,334650.67,-1000.52
821,840.7749,4263469.93,334650.66,-999.49
822,841.7998,4263469.91,334650.65,-998.47
823,842.8248,4263469.9,334650.64,-997.44
824,843.8497,4263469.89,334650.64,-996.42
825,844.8746,4263469.88,334650.63,-995.39
826,845.8995,4263469.87,334650.62,-994.37
827,846.9244,4263469.85,334650.61,-993.34
828,847.9493,4263469.84,334650.6,-992.32
829,848.9742,4263469.83,334650.59,-991.29
830,849.9991,4263469.82,334650.58,-990.27
831,851.024,4263469.8,334650.58,-989.24
832,852.0489,4263469.79,334650.57,-988.22
833,853.0738,4263469.78,334650.57,-987.2
834,854.0987,4263469.77,334650.56,-986.17
835,855.1236,4263469.75,334650.56,-985.15
836,856.1485,4263469.74,334650.55,-984.12
837,857.1734,4263469.73,334650.55,-983.1
838,858.1983,4263469.72,334650.54,-982.07
839,859.2232,4263469.7,334650.54,-981.05
840,860.2481,4263469.69,334650.54,-980.02
841,861.273,4263469.68,334650.53,-979
842,862.2979,4263469.66,334650.53,-977.97
843,863.3228,4263469.65,334650.53,-976.95
844,864.3477,4263469.64,334650.53,-975.92
845,865.3726,4263469.62,334650.52,-974.9
846,866.3975,4263469.61,334650.52,-973.87
847,867.4224,4263469.6,334650.52,-972.85
848,868.4473,4263469.58,334650.51,-971.82
849,869.4722,4263469.57,334650.51,-970.8
850,870.4972,4263469.55,334650.51,-969.77
851,871.5221,4263469.54,334650.5,-968.75
852,872.547,4263469.52,334650.5,-967.72
853,873.5719,4263469.51,334650.5,-966.7
854,874.5968,4263469.49,334650.49,-965.67
855,875.6217,4263469.48,334650.48,-964.65
856,876.6466,4263469.47,334650.48,-963.62
857,877.6715,4263469.45,334650.47,-962.6
858,878.6964,4263469.44,334650.46,-961.58
859,879.7213,4263469.43,334650.45,-960.55
860,880.7462,4263469.41,334650.45,-959.53
861,881.7711,4263469.4,334650.44,-958.5
862,882.796,4263469.38,334650.43,-957.48
863,883.8209,4263469.37,334650.42,-956.45
864,884.8458,4263469.35,334650.41,-955.43
865,885.8707,4263469.34,334650.4,-954.4
866,886.8956,4263469.32,334650.4,-953.38
867,887.9205,4263469.31,334650.39,-952.35
868,888.9454,4263469.29,334650.38,-951.33
869,889.9703,4263469.27,334650.37,-950.3
870,890.9952,4263469.25,334650.36,-949.28
871,892.0201,4263469.23,334650.35,-948.25
872,893.045,4263469.21,334650.34,-947.23
873,894.0699,4263469.19,334650.33,-946.2
874,895.0948,4263469.18,334650.32,-945.18
875,896.1197,4263469.16,334650.31,-944.15
876,897.1447,4263469.14,334650.31,-943.13
877,898.1696,4263469.12,334650.3,-942.11
878,899.1945,4263469.11,334650.3,-941.08
879,900.2194,4263469.09,334650.29,-940.06
880,901.2443,4263469.07,334650.28,-939.03
881,902.2692,4263469.05,334650.28,-938.01
882,903.2941,4263469.04,334650.27,-936.98
883,904.319,4263469.02,334650.27,-935.96
884,905.3439,4263469.01,334650.26,-934.93
885,906.3688,4263469,334650.26,-933.91
886,907.3937,4263468.98,334650.26,-932.88
887,908.4186,4263468.97,334650.25,-931.86
888,909.4435,4263468.95,334650.25,-930.83
889,910.4684,4263468.94,334650.24,-929.81
890,911.4933,4263468.93,334650.24,-928.78
891,912.5182,4263468.91,334650.23,-927.76
892,913.5431,4263468.9,334650.22,-926.73
893,914.568,4263468.89,334650.21,-925.71
894,915.5929,4263468.88,334650.2,-924.68
895,916.6178,4263468.86,334650.19,-923.66
896,917.6427,4263468.85,334650.18,-922.63
897,918.6676,4263468.84,334650.17,-921.61
898,919.6925,4263468.82,334650.16,-920.59
899,920.7174,4263468.8,334650.15,-919.56
900,921.7423,4263468.79,334650.14,-918.54
901,922.7672,4263468.77,334650.13,-917.51
902,923.7922,4263468.75,334650.12,-916.49
903,924.8171,4263468.74,334650.1,-915.46
904,925.842,4263468.72,334650.09,-914.44
905,926.8669,4263468.7,334650.08,-913.41
906,927.8918,4263468.69,334650.07,-912.39
907,928.9167,4263468.67,334650.07,-911.36
908,929.9416,4263468.65,334650.06,-910.34
909,930.9665,4263468.63,334650.05,-909.31
910,931.9914,4263468.61,334650.05,-908.29
911,933.0163,4263468.59,334650.04,-907.26
912,934.0412,4263468.58,334650.03,-906.24
913,935.0661,4263468.56,334650.02,-905.21
914,936.091,4263468.54,334650.02,-904.19
915,937.1159,4263468.52,334650.01,-903.17
916,938.1408,4263468.51,334650.01,-902.14
917,939.1657,4263468.49,334650,-901.12
918,940.1906,4263468.47,334649.99,-900.09
919,941.2155,4263468.46,334649.99,-899.07
920,942.2404,4263468.44,334649.98,-898.04
921,943.2653,4263468.42,334649.98,-897.02
922,944.2902,4263468.41,334649.97,-895.99
923,945.3151,4263468.39,334649.96,-894.97
924,946.34,4263468.37,334649.96,-893.94
925,947.3649,4263468.35,334649.95,-892.92
926,948.3898,4263468.33,334649.95,-891.89
927,949.4147,4263468.32,334649.94,-890.87
928,950.4396,4263468.3,334649.94,-889.84
929,951.4646,4263468.29,334649.93,-888.82
930,952.4895,4263468.27,334649.93,-887.79
931,953.5144,4263468.26,334649.92,-886.77
932,954.5393,4263468.24,334649.91,-885.74
933,955.5642,4263468.23,334649.91,-884.72
934,956.5891,4263468.21,334649.9,-883.69
935,957.614,4263468.2,334649.9,-882.67
936,958.6389,4263468.18,334649.89,-881.65
937,959.6638,4263468.17,334649.88,-880.62
938,960.6887,4263468.16,334649.87,-879.6
939,961.7136,4263468.14,334649.87,-878.57
940,962.7385,4263468.13,334649.86,-877.55
941,963.7634,4263468.12,334649.85,-876.52
942,964.7883,4263468.1,334649.84,-875.5
943,965.8132,4263468.09,334649.83,-874.47
944,966.8381,4263468.07,334649.83,-873.45
945,967.863,4263468.05,334649.82,-872.42
946,968.8879,4263468.04,334649.81,-871.4
947,969.9128,4263468.02,334649.8,-870.37
948,970.9377,4263468,334649.79,-869.35
949,971.9626,4263467.98,334649.79,-868.32
950,972.9875,4263467.97,334649.78,-867.3
951,974.0124,4263467.95,334649.77,-866.28
952,975.0373,4263467.93,334649.76,-865.25
953,976.0622,4263467.91,334649.75,-864.23
954,977.0871,4263467.9,334649.74,-863.2
955,978.1121,4263467.88,334649.74,-862.18
956,979.137,4263467.86,334649.73,-861.15
957,980.1619,4263467.84,334649.72,-860.13
958,981.1868,4263467.83,334649.71,-859.1
959,982.2117,4263467.81,334649.7,-858.08
960,983.2366,4263467.8,334649.69,-857.05
961,984.2615,4263467.78,334649.67,-856.03
962,985.2864,4263467.77,334649.66,-855
963,986.3113,4263467.76,334649.65,-853.98
964,987.3362,4263467.74,334649.64,-852.95
965,988.3611,4263467.73,334649.62,-851.93
966,989.386,4263467.72,334649.61,-850.9
967,990.4109,4263467.71,334649.59,-849.88
968,991.4358,4263467.7,334649.57,-848.85
969,992.4607,4263467.69,334649.56,-847.83
970,993.4856,4263467.68,334649.54,-846.8
971,994.5105,4263467.67,334649.52,-845.78
972,995.5354,4263467.66,334649.5,-844.75
973,996.5603,4263467.66,334649.48,-843.73
974,997.5852,4263467.65,334649.46,-842.71
975,998.6101,4263467.65,334649.44,-841.68
976,999.635,4263467.64,334649.42,-840.66
977,1000.6599,4263467.64,334649.39,-839.63
978,1001.6848,4263467.63,334649.37,-838.61
979,1002.7097,4263467.63,334649.35,-837.58
980,1003.7346,4263467.62,334649.33,-836.56
981,1004.7595,4263467.62,334649.3,-835.53
982,1005.7845,4263467.61,334649.28,-834.51
983,1006.8094,4263467.6,334649.25,-833.49
984,1007.8343,4263467.6,334649.23,-832.46
985,1008.8592,4263467.59,334649.21,-831.44
986,1009.8841,4263467.59,334649.18,-830.41
987,1010.909,4263467.58,334649.16,-829.39
988,1011.9339,4263467.58,334649.13,-828.36
989,1012.9588,4263467.57,334649.11,-827.34
990,1013.9837,4263467.56,334649.08,-826.31
991,1015.0086,4263467.56,334649.06,-825.29
992,1016.0335,4263467.55,334649.03,-824.26
993,1017.0584,4263467.55,334649.01,-823.24
994,1018.0833,4263467.54,334648.98,-822.22
995,1019.1082,4263467.53,334648.96,-821.19
996,1020.1331,4263467.53,334648.94,-820.17
997,1021.158,4263467.52,334648.91,-819.14
998,1022.1829,4263467.51,334648.89,-818.12
999,1023.2078,4263467.51,334648.87,-817.09
1000,1024.2327,4263467.5,334648.85,-816.07
1001,1025.2576,4263467.49,334648.82,-815.04
1002,1026.2825,4263467.49,334648.8,-814.02
1003,1027.3074,4263467.48,334648.79,-812.99
1004,1028.3323,4263467.47,334648.77,-811.97
1005,1029.3572,4263467.47,334648.75,-810.94
1006,1030.3821,4263467.46,334648.73,-809.92
1007,1031.407,4263467.46,334648.71,-808.89
1008,1032.432,4263467.45,334648.7,-807.87
1009,1033.4569,4263467.45,334648.68,-806.85
1010,1034.4818,4263467.45,334648.66,-805.82
1011,1035.5067,4263467.45,334648.65,-804.8
1012,1036.5316,4263467.45,334648.63,-803.77
1013,1037.5565,4263467.45,334648.61,-802.75
1014,1038.5814,4263467.45,334648.6,-801.72
1015,1039.6063,4263467.45,334648.58,-800.7
1016,1040.6312,4263467.45,334648.56,-799.67
1017,1041.6561,4263467.45,334648.55,-798.65
1018,1042.681,4263467.45,334648.53,-797.62
1019,1043.7059,4263467.46,334648.51,-796.6
1020,1044.7308,4263467.46,334648.49,-795.57
1021,1045.7557,4263467.46,334648.47,-794.55
1022,1046.7806,4263467.47,334648.46,-793.52
1023,1047.8055,4263467.47,334648.44,-792.5
1024,1048.8304,4263467.48,334648.42,-791.47
1025,1049.8553,4263467.48,334648.4,-790.45
1026,1050.8802,4263467.49,334648.38,-789.42
1027,1051.9051,4263467.49,334648.36,-788.4
1028,1052.93,4263467.49,334648.34,-787.37
1029,1053.9549,4263467.5,334648.32,-786.35
1030,1054.9798,4263467.5,334648.31,-785.32
1031,1056.0047,4263467.51,334648.29,-784.3
1032,1057.0296,4263467.51,334648.27,-783.28
1033,1058.0545,4263467.52,334648.25,-782.25
1034,1059.0795,4263467.52,334648.23,-781.23
1035,1060.1044,4263467.53,334648.21,-780.2
1036,1061.1293,4263467.53,334648.19,-779.18
1037,1062.1542,4263467.53,334648.17,-778.15
1038,1063.1791,4263467.54,334648.15,-777.13
1039,1064.204,4263467.54,334648.13,-776.1
1040,1065.2289,4263467.55,334648.11,-775.08
1041,1066.2538,4263467.55,334648.09,-774.05
1042,1067.2787,4263467.55,334648.07,-773.03
1043,1068.3036,4263467.55,334648.05,-772
1044,1069.3285,4263467.56,334648.03,-770.98
1045,1070.3534,4263467.56,334648.01,-769.95
1046,1071.3783,4263467.56,334648,-768.93
1047,1072.4032,4263467.56,334647.98,-767.9
1048,1073.4281,4263467.57,334647.97,-766.88
1049,1074.453,4263467.57,334647.95,-765.86
1050,1075.4779,4263467.57,334647.94,-764.83
1051,1076.5028,4263467.57,334647.92,-763.81
1052,1077.5277,4263467.57,334647.91,-762.78
1053,1078.5526,4263467.57,334647.89,-761.76
1054,1079.5775,4263467.58,334647.88,-760.73
1055,1080.6024,4263467.58,334647.87,-759.71
1056,1081.6273,4263467.59,334647.85,-758.68
1057,1082.6522,4263467.59,334647.84,-757.66
1058,1083.6771,4263467.6,334647.83,-756.63
1059,1084.702,4263467.6,334647.82,-755.61
1060,1085.7269,4263467.61,334647.81,-754.58
1061,1086.7519,4263467.61,334647.79,-753.56
1062,1087.7768,4263467.62,334647.78,-752.53
1063,1088.8017,4263467.63,334647.76,-751.51
1064,1089.8266,4263467.63,334647.75,-750.48
1065,1090.8515,4263467.64,334647.73,-749.46
1066,1091.8764,4263467.65,334647.72,-748.43
1067,1092.9013,4263467.65,334647.7,-747.41
1068,1093.9262,4263467.66,334647.69,-746.38
1069,1094.9511,4263467.66,334647.67,-745.36
1070,1095.976,4263467.67,334647.66,-744.34
1071,1097.0009,4263467.67,334647.64,-743.31
1072,1098.0258,4263467.67,334647.63,-742.29
1073,1099.0507,4263467.68,334647.62,-741.26
1074,1100.0756,4263467.68,334647.6,-740.24
1075,1101.1005,4263467.69,334647.59,-739.21
1076,1102.1254,4263467.69,334647.58,-738.19
1077,1103.1503,4263467.69,334647.56,-737.16
1078,1104.1752,4263467.7,334647.55,-736.14
1079,1105.2001,4263467.7,334647.54,-735.11
1080,1106.225,4263467.71,334647.53,-734.09
1081,1107.2499,4263467.71,334647.52,-733.06
1082,1108.2748,4263467.72,334647.51,-732.04
1083,1109.2997,4263467.72,334647.5,-731.01
1084,1110.3246,4263467.73,334647.49,-729.99
1085,1111.3495,4263467.73,334647.47,-728.96
1086,1112.3744,4263467.73,334647.46,-727.94
1087,1113.3994,4263467.74,334647.45,-726.91
1088,1114.4243,4263467.74,334647.44,-725.89
1089,1115.4492,4263467.75,334647.42,-724.86
1090,1116.4741,4263467.75,334647.41,-723.84
1091,1117.499,4263467.75,334647.4,-722.81
1092,1118.5239,4263467.76,334647.38,-721.79
1093,1119.5488,4263467.76,334647.37,-720.76
1094,1120.5737,4263467.76,334647.36,-719.74
1095,1121.5986,4263467.76,334647.35,-718.71
1096,1122.6235,4263467.77,334647.34,-717.69
1097,1123.6484,4263467.77,334647.32,-716.66
1098,1124.6733,4263467.77,334647.31,-715.64
1099,1125.6982,4263467.78,334647.3,-714.61
1100,1126.7231,4263467.79,334647.29,-713.59
1101,1127.748,4263467.79,334647.28,-712.56
1102,1128.7729,4263467.8,334647.27,-711.54
1103,1129.7978,4263467.81,334647.26,-710.52
1104,1130.8227,4263467.82,334647.25,-709.49
1105,1131.8476,4263467.82,334647.24,-708.47
1106,1132.8725,4263467.83,334647.23,-707.44
1107,1133.8974,4263467.83,334647.21,-706.42
1108,1134.9223,4263467.84,334647.2,-705.39
1109,1135.9472,4263467.85,334647.19,-704.37
1110,1136.9721,4263467.85,334647.18,-703.34
1111,1137.997,4263467.86,334647.17,-702.32
1112,1139.0219,4263467.86,334647.15,-701.29
1113,1140.0468,4263467.87,334647.14,-700.27
1114,1141.0718,4263467.87,334647.13,-699.24
1115,1142.0967,4263467.88,334647.12,-698.22
1116,1143.1216,4263467.89,334647.11,-697.19
1117,1144.1465,4263467.89,334647.1,-696.17
1118,1145.1714,4263467.9,334647.09,-695.14
1119,1146.1963,4263467.91,334647.08,-694.12
1120,1147.2212,4263467.91,334647.07,-693.09
1121,1148.2461,4263467.92,334647.06,-692.07
1122,1149.271,4263467.93,334647.04,-691.04
1123,1150.2959,4263467.94,334647.03,-690.02
1124,1151.3208,4263467.95,334647.02,-688.99
1125,1152.3457,4263467.96,334647.01,-687.97
1126,1153.3706,4263467.97,334647,-686.94
1127,1154.3955,4263467.97,334646.99,-685.92
1128,1155.4204,4263467.98,334646.98,-684.89
1129,1156.4453,4263467.99,334646.97,-683.87
1130,1157.4702,4263467.99,334646.96,-682.84
1131,1158.4951,4263468,334646.94,-681.82
1132,1159.52,4263468,334646.93,-680.79
1133,1160.5449,4263468.01,334646.92,-679.77
1134,1161.5698,4263468.01,334646.91,-678.74
1135,1162.5947,4263468.02,334646.9,-677.72
1136,1163.6196,4263468.02,334646.89,-676.69
1137,1164.6445,4263468.03,334646.88,-675.67
1138,1165.6694,4263468.03,334646.87,-674.65
1139,1166.6943,4263468.04,334646.86,-673.62
1140,1167.7193,4263468.04,334646.85,-672.6
1141,1168.7442,4263468.05,334646.84,-671.57
1142,1169.7691,4263468.05,334646.83,-670.55
1143,1170.794,4263468.06,334646.83,-669.52
1144,1171.8189,4263468.07,334646.82,-668.5
1145,1172.8438,4263468.08,334646.81,-667.47
1146,1173.8687,4263468.08,334646.81,-666.45
1147,1174.8936,4263468.09,334646.8,-665.42
1148,1175.9185,4263468.1,334646.8,-664.4
1149,1176.9434,4263468.11,334646.79,-663.37
1150,1177.9683,4263468.11,334646.78,-662.35
1151,1178.9932,4263468.12,334646.78,-661.32
1152,1180.0181,4263468.13,334646.77,-660.3
1153,1181.043,4263468.14,334646.77,-659.27
1154,1182.0679,4263468.15,334646.77,-658.25
1155,1183.0928,4263468.15,334646.76,-657.22
1156,1184.1177,4263468.16,334646.76,-656.2
1157,1185.1426,4263468.17,334646.75,-655.17
1158,1186.1675,4263468.18,334646.75,-654.15
1159,1187.1924,4263468.18,334646.74,-653.12
1160,1188.2173,4263468.19,334646.74,-652.1
1161,1189.2422,4263468.2,334646.73,-651.08
1162,1190.2671,4263468.21,334646.73,-650.05
1163,1191.292,4263468.22,334646.72,-649.03
1164,1192.3169,4263468.22,334646.72,-648
1165,1193.3418,4263468.23,334646.71,-646.98
1166,1194.3668,4263468.24,334646.71,-645.95
1167,1195.3917,4263468.24,334646.7,-644.93
1168,1196.4166,4263468.25,334646.7,-643.9
1169,1197.4415,4263468.26,334646.7,-642.88
1170,1198.4664,4263468.26,334646.69,-641.85
1171,1199.4913,4263468.27,334646.69,-640.83
1172,1200.5162,4263468.27,334646.68,-639.8
1173,1201.5411,4263468.28,334646.68,-638.78
1174,1202.566,4263468.28,334646.68,-637.75
1175,1203.5909,4263468.29,334646.68,-636.73
1176,1204.6158,4263468.29,334646.68,-635.7
1177,1205.6407,4263468.3,334646.68,-634.68
1178,1206.6656,4263468.3,334646.68,-633.65
1179,1207.6905,4263468.31,334646.68,-632.63
1180,1208.7154,4263468.31,334646.68,-631.6
1181,1209.7403,4263468.32,334646.68,-630.58
1182,1210.7652,4263468.32,334646.68,-629.55
1183,1211.7901,4263468.32,334646.69,-628.53
1184,1212.815,4263468.33,334646.69,-627.5
1185,1213.8399,4263468.33,334646.69,-626.48
1186,1214.8648,4263468.34,334646.7,-625.45
1187,1215.8897,4263468.34,334646.7,-624.43
1188,1216.9146,4263468.34,334646.7,-623.4
1189,1217.9395,4263468.34,334646.71,-622.38
1190,1218.9644,4263468.34,334646.72,-621.35
1191,1219.9893,4263468.34,334646.73,-620.33
1192,1221.0142,4263468.34,334646.73,-619.3
1193,1222.0392,4263468.34,334646.74,-618.28
1194,1223.0641,4263468.34,334646.75,-617.25
1195,1224.089,4263468.34,334646.75,-616.23
1196,1225.1139,4263468.34,334646.76,-615.2
1197,1226.1388,4263468.34,334646.77,-614.18
1198,1227.1637,4263468.34,334646.78,-613.15
1199,1228.1886,4263468.33,334646.79,-612.13
1200,1229.2135,4263468.33,334646.8,-611.1
1201,1230.2384,4263468.33,334646.8,-610.08
1202,1231.2633,4263468.33,334646.81,-609.05
1203,1232.2882,4263468.32,334646.82,-608.03
1204,1233.3131,4263468.32,334646.83,-607
1205,1234.338,4263468.32,334646.85,-605.98
1206,1235.3629,4263468.32,334646.86,-604.95
1207,1236.3878,4263468.31,334646.87,-603.93
1208,1237.4127,4263468.31,334646.88,-602.9
1209,1238.4376,4263468.31,334646.89,-601.88
1210,1239.4625,4263468.3,334646.9,-600.85
1211,1240.4874,4263468.3,334646.92,-599.83
1212,1241.5123,4263468.3,334646.93,-598.81
1213,1242.5372,4263468.29,334646.94,-597.78
1214,1243.5621,4263468.29,334646.95,-596.76
1215,1244.587,4263468.29,334646.96,-595.73
1216,1245.6119,4263468.28,334646.97,-594.71
1217,1246.6368,4263468.28,334646.99,-593.68
1218,1247.6617,4263468.28,334647,-592.66
1219,1248.6867,4263468.27,334647.01,-591.63
1220,1249.7116,4263468.27,334647.03,-590.61
1221,1250.7365,4263468.26,334647.04,-589.58
1222,1251.7614,4263468.26,334647.05,-588.56
1223,1252.7863,4263468.26,334647.07,-587.53
1224,1253.8112,4263468.25,334647.08,-586.51
1225,1254.8361,4263468.25,334647.09,-585.48
1226,1255.861,4263468.25,334647.11,-584.46
1227,1256.8859,4263468.25,334647.12,-583.43
1228,1257.9108,4263468.24,334647.14,-582.41
1229,1258.9357,4263468.24,334647.15,-581.38
1230,1259.9606,4263468.24,334647.17,-580.36
1231,1260.9855,4263468.24,334647.18,-579.33
1232,1262.0104,4263468.24,334647.2,-578.31
1233,1263.0353,4263468.24,334647.21,-577.29
1234,1264.0602,4263468.24,334647.22,-576.26
1235,1265.0851,4263468.24,334647.24,-575.24
1236,1266.11,4263468.24,334647.25,-574.21
1237,1267.1349,4263468.24,334647.27,-573.19
1238,1268.1598,4263468.25,334647.28,-572.16
1239,1269.1847,4263468.25,334647.29,-571.14
1240,1270.2096,4263468.25,334647.31,-570.11
1241,1271.2345,4263468.25,334647.32,-569.09
1242,1272.2594,4263468.25,334647.34,-568.06
1243,1273.2843,4263468.25,334647.35,-567.04
1244,1274.3092,4263468.25,334647.37,-566.01
1245,1275.3341,4263468.25,334647.38,-564.99
1246,1276.3591,4263468.25,334647.39,-563.96
1247,1277.384,4263468.25,334647.41,-562.94
1248,1278.4089,4263468.25,334647.42,-561.91
1249,1279.4338,4263468.24,334647.43,-560.89
1250,1280.4587,4263468.24,334647.44,-559.86
1251,1281.4836,4263468.24,334647.45,-558.84
1252,1282.5085,4263468.23,334647.46,-557.81
1253,1283.5334,4263468.23,334647.47,-556.79
1254,1284.5583,4263468.23,334647.48,-555.77
1255,1285.5832,4263468.22,334647.49,-554.74
1256,1286.6081,4263468.22,334647.5,-553.72
1257,1287.633,4263468.21,334647.51,-552.69
1258,1288.6579,4263468.21,334647.52,-551.67
1259,1289.6828,4263468.2,334647.53,-550.64
1260,1290.7077,4263468.2,334647.54,-549.62
1261,1291.7326,4263468.19,334647.55,-548.59
1262,1292.7575,4263468.19,334647.56,-547.57
1263,1293.7824,4263468.18,334647.58,-546.54
1264,1294.8073,4263468.18,334647.59,-545.52
1265,1295.8322,4263468.17,334647.6,-544.49
1266,1296.8571,4263468.17,334647.61,-543.47
1267,1297.882,4263468.16,334647.62,-542.44
1268,1298.9069,4263468.16,334647.64,-541.42
1269,1299.9318,4263468.15,334647.65,-540.39
1270,1300.9567,4263468.15,334647.66,-539.37
1271,1301.9816,4263468.15,334647.67,-538.34
1272,1303.0066,4263468.14,334647.68,-537.32
1273,1304.0315,4263468.14,334647.7,-536.29
1274,1305.0564,4263468.14,334647.71,-535.27
1275,1306.0813,4263468.13,334647.72,-534.24
1276,1307.1062,4263468.13,334647.73,-533.22
1277,1308.1311,4263468.13,334647.75,-532.19
1278,1309.156,4263468.13,334647.76,-531.17
1279,1310.1809,4263468.12,334647.77,-530.14
1280,1311.2058,4263468.12,334647.78,-529.12
1281,1312.2307,4263468.12,334647.8,-528.09
1282,1313.2556,4263468.12,334647.81,-527.07
1283,1314.2805,4263468.12,334647.82,-526.04
1284,1315.3054,4263468.11,334647.84,-525.02
1285,1316.3303,4263468.11,334647.85,-523.99
1286,1317.3552,4263468.11,334647.86,-522.97
1287,1318.3801,4263468.11,334647.87,-521.94
1288,1319.405,4263468.11,334647.88,-520.92
1289,1320.4299,4263468.11,334647.9,-519.9
1290,1321.4548,4263468.11,334647.91,-518.87
1291,1322.4797,4263468.11,334647.92,-517.85
1292,1323.5046,4263468.11,334647.93,-516.82
1293,1324.5295,4263468.11,334647.94,-515.8
1294,1325.5544,4263468.11,334647.95,-514.77
1295,1326.5793,4263468.11,334647.96,-513.75
1296,1327.6042,4263468.11,334647.97,-512.72
1297,1328.6291,4263468.11,334647.98,-511.7
1298,1329.6541,4263468.11,334647.99,-510.67
1299,1330.679,4263468.11,334648,-509.65
1300,1331.7039,4263468.11,334648.01,-508.62
1301,1332.7288,4263468.11,334648.02,-507.6
1302,1333.7537,4263468.11,334648.03,-506.57
1303,1334.7786,4263468.1,334648.04,-505.55
1304,1335.8035,4263468.1,334648.05,-504.52
1305,1336.8284,4263468.1,334648.06,-503.5
1306,1337.8533,4263468.1,334648.07,-502.47
1307,1338.8782,4263468.1,334648.08,-501.45
1308,1339.9031,4263468.1,334648.1,-500.42
1309,1340.928,4263468.1,334648.11,-499.4
1310,1341.9529,4263468.1,334648.12,-498.37
1311,1342.9778,4263468.1,334648.14,-497.35
1312,1344.0027,4263468.09,334648.15,-496.32
1313,1345.0276,4263468.09,334648.16,-495.3
1314,1346.0525,4263468.09,334648.17,-494.27
1315,1347.0774,4263468.09,334648.19,-493.25
1316,1348.1023,4263468.09,334648.2,-492.22
1317,1349.1272,4263468.08,334648.21,-491.2
1318,1350.1521,4263468.08,334648.22,-490.17
1319,1351.177,4263468.08,334648.24,-489.15
1320,1352.2019,4263468.07,334648.25,-488.12
1321,1353.2268,4263468.07,334648.26,-487.1
1322,1354.2517,4263468.07,334648.27,-486.07
1323,1355.2766,4263468.07,334648.28,-485.05
1324,1356.3015,4263468.07,334648.29,-484.02
1325,1357.3265,4263468.06,334648.31,-483
1326,1358.3514,4263468.06,334648.32,-481.98
1327,1359.3763,4263468.06,334648.33,-480.95
1328,1360.4012,4263468.06,334648.34,-479.93
1329,1361.4261,4263468.06,334648.35,-478.9
1330,1362.451,4263468.05,334648.37,-477.88
1331,1363.4759,4263468.05,334648.38,-476.85
1332,1364.5008,4263468.05,334648.39,-475.83
1333,1365.5257,4263468.05,334648.41,-474.8
1334,1366.5506,4263468.04,334648.42,-473.78
1335,1367.5755,4263468.04,334648.44,-472.75
1336,1368.6004,4263468.04,334648.45,-471.73
1337,1369.6253,4263468.04,334648.47,-470.7
1338,1370.6502,4263468.03,334648.48,-469.68
1339,1371.6751,4263468.03,334648.5,-468.65
1340,1372.7,4263468.03,334648.52,-467.63
1341,1373.7249,4263468.03,334648.53,-466.6
1342,1374.7498,4263468.02,334648.55,-465.58
1343,1375.7747,4263468.02,334648.57,-464.55
1344,1376.7996,4263468.02,334648.58,-463.53
1345,1377.8245,4263468.02,334648.6,-462.5
1346,1378.8494,4263468.02,334648.62,-461.48
1347,1379.8743,4263468.02,334648.63,-460.46
1348,1380.8992,4263468.01,334648.65,-459.43
1349,1381.9241,4263468.01,334648.67,-458.41
1350,1382.949,4263468.01,334648.68,-457.38
1351,1383.974,4263468.01,334648.7,-456.36
1352,1384.9989,4263468.01,334648.71,-455.33
1353,1386.0238,4263468.01,334648.73,-454.31
1354,1387.0487,4263468.01,334648.74,-453.28
1355,1388.0736,4263468.01,334648.76,-452.26
1356,1389.0985,4263468.01,334648.77,-451.23
1357,1390.1234,4263468.01,334648.78,-450.21
1358,1391.1483,4263468.01,334648.8,-449.18
1359,1392.1732,4263468.01,334648.81,-448.16
1360,1393.1981,4263468.01,334648.83,-447.13
1361,1394.223,4263468.01,334648.85,-446.11
1362,1395.2479,4263468,334648.87,-445.08
1363,1396.2728,4263468,334648.88,-444.06
1364,1397.2977,4263468,334648.9,-443.03
1365,1398.3226,4263468,334648.92,-442.01
1366,1399.3475,4263468,334648.93,-440.98
1367,1400.3724,4263468,334648.95,-439.96
1368,1401.3973,4263468,334648.97,-438.94
1369,1402.4222,4263468,334648.98,-437.91
1370,1403.4471,4263467.99,334649,-436.89
1371,1404.472,4263467.99,334649.01,-435.86
1372,1405.4969,4263467.99,334649.03,-434.84
1373,1406.5218,4263467.99,334649.05,-433.81
1374,1407.5467,4263467.99,334649.06,-432.79
1375,1408.5716,4263467.98,334649.07,-431.76
1376,1409.5965,4263467.98,334649.08,-430.74
1377,1410.6214,4263467.98,334649.09,-429.71
1378,1411.6464,4263467.97,334649.11,-428.69
1379,1412.6713,4263467.97,334649.12,-427.66
1380,1413.6962,4263467.97,334649.13,-426.64
1381,1414.7211,4263467.96,334649.14,-425.61
1382,1415.746,4263467.96,334649.16,-424.59
1383,1416.7709,4263467.95,334649.17,-423.56
1384,1417.7958,4263467.94,334649.18,-422.54
1385,1418.8207,4263467.94,334649.2,-421.51
1386,1419.8456,4263467.93,334649.21,-420.49
1387,1420.8705,4263467.92,334649.22,-419.46
1388,1421.8954,4263467.92,334649.24,-418.44
1389,1422.9203,4263467.91,334649.25,-417.42
1390,1423.9452,4263467.91,334649.26,-416.39
1391,1424.9701,4263467.9,334649.27,-415.37
1392,1425.995,4263467.9,334649.28,-414.34
1393,1427.0199,4263467.89,334649.29,-413.32
1394,1428.0448,4263467.89,334649.3,-412.29
1395,1429.0697,4263467.88,334649.31,-411.27
1396,1430.0946,4263467.88,334649.32,-410.24
1397,1431.1195,4263467.88,334649.33,-409.22
1398,1432.1444,4263467.87,334649.33,-408.19
1399,1433.1693,4263467.87,334649.34,-407.17
1400,1434.1942,4263467.87,334649.35,-406.14
1401,1435.2191,4263467.87,334649.36,-405.12
1402,1436.244,4263467.86,334649.36,-404.09
1403,1437.2689,4263467.86,334649.37,-403.07
1404,1438.2939,4263467.86,334649.38,-402.04
1405,1439.3188,4263467.86,334649.39,-401.02
1406,1440.3437,4263467.85,334649.4,-399.99
1407,1441.3686,4263467.85,334649.42,-398.97
1408,1442.3935,4263467.85,334649.43,-397.94
1409,1443.4184,4263467.85,334649.44,-396.92
1410,1444.4433,4263467.84,334649.45,-395.89
1411,1445.4682,4263467.84,334649.46,-394.87
1412,1446.4931,4263467.84,334649.47,-393.84
1413,1447.518,4263467.84,334649.48,-392.82
1414,1448.5429,4263467.84,334649.49,-391.79
1415,1449.5678,4263467.84,334649.5,-390.77
1416,1450.5927,4263467.84,334649.52,-389.74
1417,1451.6176,4263467.84,334649.53,-388.72
1418,1452.6425,4263467.84,334649.54,-387.69
1419,1453.6674,4263467.84,334649.54,-386.67
1420,1454.6923,4263467.83,334649.55,-385.64
1421,1455.7172,4263467.83,334649.56,-384.62
1422,1456.7421,4263467.83,334649.57,-383.59
1423,1457.767,4263467.83,334649.57,-382.57
1424,1458.7919,4263467.83,334649.58,-381.54
1425,1459.8168,4263467.83,334649.59,-380.52
1426,1460.8417,4263467.82,334649.6,-379.49
1427,1461.8666,4263467.82,334649.6,-378.47
1428,1462.8915,4263467.82,334649.61,-377.44
1429,1463.9164,4263467.82,334649.62,-376.42
1430,1464.9414,4263467.81,334649.62,-375.39
1431,1465.9663,4263467.81,334649.63,-374.37
1432,1466.9912,4263467.81,334649.64,-373.34
1433,1468.0161,4263467.81,334649.65,-372.32
1434,1469.041,4263467.8,334649.66,-371.29
1435,1470.0659,4263467.8,334649.67,-370.27
1436,1471.0908,4263467.8,334649.67,-369.24
1437,1472.1157,4263467.8,334649.68,-368.22
1438,1473.1406,4263467.79,334649.69,-367.19
1439,1474.1655,4263467.79,334649.7,-366.17
1440,1475.1904,4263467.79,334649.71,-365.15
1441,1476.2153,4263467.78,334649.72,-364.12
1442,1477.2402,4263467.78,334649.73,-363.1
1443,1478.2651,4263467.77,334649.74,-362.07
1444,1479.29,4263467.76,334649.76,-361.05
1445,1480.3149,4263467.76,334649.77,-360.02
1446,1481.3398,4263467.75,334649.78,-359
1447,1482.3647,4263467.75,334649.79,-357.97
1448,1483.3896,4263467.74,334649.8,-356.95
1449,1484.4145,4263467.74,334649.81,-355.92
1450,1485.4394,4263467.73,334649.82,-354.9
1451,1486.4643,4263467.73,334649.83,-353.87
1452,1487.4892,4263467.72,334649.84,-352.85
1453,1488.5141,4263467.72,334649.85,-351.82
1454,1489.539,4263467.71,334649.86,-350.8
1455,1490.5639,4263467.71,334649.87,-349.77
1456,1491.5888,4263467.7,334649.88,-348.75
1457,1492.6138,4263467.7,334649.89,-347.72
1458,1493.6387,4263467.7,334649.9,-346.7
1459,1494.6636,4263467.69,334649.9,-345.68
1460,1495.6885,4263467.69,334649.91,-344.65
1461,1496.7134,4263467.69,334649.92,-343.63
1462,1497.7383,4263467.68,334649.93,-342.6
1463,1498.7632,4263467.68,334649.94,-341.58
1464,1499.7881,4263467.68,334649.95,-340.55
1465,1500.813,4263467.67,334649.96,-339.53
1466,1501.8379,4263467.67,334649.97,-338.5
1467,1502.8628,4263467.67,334649.98,-337.48
1468,1503.8877,4263467.66,334649.99,-336.45
1469,1504.9126,4263467.66,334650,-335.43
1470,1505.9375,4263467.66,334650.02,-334.4
1471,1506.9624,4263467.65,334650.03,-333.38
1472,1507.9873,4263467.65,334650.04,-332.35
1473,1509.0122,4263467.64,334650.05,-331.33
1474,1510.0371,4263467.64,334650.06,-330.3
1475,1511.062,4263467.64,334650.07,-329.28
1476,1512.0869,4263467.63,334650.08,-328.25
1477,1513.1118,4263467.63,334650.09,-327.23
1478,1514.1367,4263467.63,334650.1,-326.2
1479,1515.1616,4263467.63,334650.11,-325.18
1480,1516.1865,4263467.63,334650.13,-324.15
1481,1517.2114,4263467.62,334650.14,-323.13
1482,1518.2363,4263467.62,334650.15,-322.1
1483,1519.2613,4263467.62,334650.16,-321.08
1484,1520.2862,4263467.62,334650.17,-320.05
1485,1521.3111,4263467.62,334650.18,-319.03
1486,1522.336,4263467.62,334650.19,-318
1487,1523.3609,4263467.62,334650.2,-316.98
1488,1524.3858,4263467.62,334650.21,-315.95
1489,1525.4107,4263467.63,334650.22,-314.93
1490,1526.4356,4263467.63,334650.23,-313.9
1491,1527.4605,4263467.63,334650.24,-312.88
1492,1528.4854,4263467.63,334650.25,-311.85
1493,1529.5103,4263467.63,334650.26,-310.83
1494,1530.5352,4263467.63,334650.27,-309.8
1495,1531.5601,4263467.64,334650.28,-308.78
1496,1532.585,4263467.64,334650.3,-307.76
1497,1533.6099,4263467.64,334650.31,-306.73
1498,1534.6348,4263467.64,334650.32,-305.71
1499,1535.6597,4263467.64,334650.33,-304.68
1500,1536.6846,4263467.65,334650.34,-303.66
1501,1537.7095,4263467.65,334650.36,-302.63
1502,1538.7344,4263467.65,334650.38,-301.61
1503,1539.7593,4263467.66,334650.39,-300.58
1504,1540.7842,4263467.66,334650.41,-299.56
1505,1541.8091,4263467.67,334650.43,-298.53
1506,1542.834,4263467.67,334650.44,-297.51
1507,1543.8589,4263467.67,334650.46,-296.48
1508,1544.8838,4263467.67,334650.48,-295.46
1509,1545.9087,4263467.67,334650.49,-294.43
1510,1546.9337,4263467.68,334650.51,-293.41
1511,1547.9586,4263467.68,334650.52,-292.38
1512,1548.9835,4263467.68,334650.54,-291.36
1513,1550.0084,4263467.68,334650.56,-290.33
1514,1551.0333,4263467.68,334650.57,-289.31
1515,1552.0582,4263467.68,334650.59,-288.28
1516,1553.0831,4263467.69,334650.6,-287.26
1517,1554.108,4263467.69,334650.61,-286.23
1518,1555.1329,4263467.69,334650.63,-285.21
1519,1556.1578,4263467.69,334650.64,-284.19
1520,1557.1827,4263467.7,334650.66,-283.16
1521,1558.2076,4263467.7,334650.67,-282.14
1522,1559.2325,4263467.7,334650.69,-281.11
1523,1560.2574,4263467.71,334650.7,-280.09
1524,1561.2823,4263467.71,334650.71,-279.06
1525,1562.3072,4263467.71,334650.73,-278.04
1526,1563.3321,4263467.71,334650.74,-277.01
1527,1564.357,4263467.71,334650.76,-275.99
1528,1565.3819,4263467.72,334650.77,-274.96
1529,1566.4068,4263467.72,334650.78,-273.94
1530,1567.4317,4263467.72,334650.8,-272.91
1531,1568.4566,4263467.71,334650.82,-271.89
1532,1569.4815,4263467.71,334650.83,-270.86
1533,1570.5064,4263467.71,334650.85,-269.84
1534,1571.5313,4263467.7,334650.86,-268.81
1535,1572.5562,4263467.7,334650.88,-267.79
1536,1573.5812,4263467.7,334650.89,-266.76
1537,1574.6061,4263467.7,334650.91,-265.74
1538,1575.631,4263467.69,334650.93,-264.71
1539,1576.6559,4263467.69,334650.95,-263.69
1540,1577.6808,4263467.69,334650.97,-262.67
1541,1578.7057,4263467.68,334650.99,-261.64
1542,1579.7306,4263467.68,334651.01,-260.62
1543,1580.7555,4263467.68,334651.03,-259.59
1544,1581.7804,4263467.68,334651.05,-258.57
1545,1582.8053,4263467.67,334651.07,-257.54
1546,1583.8302,4263467.67,334651.09,-256.52
1547,1584.8551,4263467.67,334651.11,-255.49
1548,1585.88,4263467.67,334651.13,-254.47
1549,1586.9049,4263467.67,334651.15,-253.44
1550,1587.9298,4263467.67,334651.17,-252.42
1551,1588.9547,4263467.67,334651.19,-251.39
1552,1589.9796,4263467.67,334651.2,-250.37
1553,1591.0045,4263467.67,334651.22,-249.34
1554,1592.0294,4263467.67,334651.24,-248.32
1555,1593.0543,4263467.67,334651.26,-247.29
1556,1594.0792,4263467.66,334651.28,-246.27
1557,1595.1041,4263467.66,334651.3,-245.24
1558,1596.129,4263467.66,334651.32,-244.22
1559,1597.1539,4263467.66,334651.33,-243.19
1560,1598.1788,4263467.65,334651.35,-242.17
1561,1599.2037,4263467.65,334651.37,-241.14
1562,1600.2287,4263467.64,334651.39,-240.12
1563,1601.2536,4263467.63,334651.41,-239.1
1564,1602.2785,4263467.62,334651.43,-238.07
1565,1603.3034,4263467.62,334651.45,-237.05
1566,1604.3283,4263467.61,334651.47,-236.02
1567,1605.3532,4263467.6,334651.49,-235
1568,1606.3781,4263467.59,334651.51,-233.97
1569,1607.403,4263467.58,334651.54,-232.95
1570,1608.4279,4263467.57,334651.56,-231.92
1571,1609.4528,4263467.56,334651.58,-230.9
1572,1610.4777,4263467.55,334651.6,-229.88
1573,1611.5026,4263467.53,334651.62,-228.85
1574,1612.5275,4263467.52,334651.64,-227.83
1575,1613.5524,4263467.51,334651.67,-226.8
1576,1614.5773,4263467.49,334651.69,-225.78
1577,1615.6022,4263467.48,334651.72,-224.75
1578,1616.6271,4263467.46,334651.75,-223.73
1579,1617.652,4263467.45,334651.77,-222.7
1580,1618.6769,4263467.43,334651.8,-221.68
1581,1619.7018,4263467.42,334651.82,-220.65
1582,1620.7267,4263467.4,334651.85,-219.63
1583,1621.7516,4263467.38,334651.88,-218.61
1584,1622.7765,4263467.36,334651.91,-217.58
1585,1623.8014,4263467.34,334651.94,-216.56
1586,1624.8263,4263467.32,334651.97,-215.53
1587,1625.8512,4263467.3,334652,-214.51
1588,1626.8761,4263467.28,334652.04,-213.48
1589,1627.9011,4263467.26,334652.07,-212.46
1590,1628.926,4263467.24,334652.1,-211.44
1591,1629.9509,4263467.22,334652.14,-210.41
1592,1630.9758,4263467.2,334652.17,-209.39
1593,1632.0007,4263467.17,334652.21,-208.36
1594,1633.0256,4263467.15,334652.24,-207.34
1595,1634.0505,4263467.13,334652.28,-206.31
1596,1635.0754,4263467.11,334652.31,-205.29
1597,1636.1003,4263467.08,334652.35,-204.27
1598,1637.1252,4263467.06,334652.38,-203.24
1599,1638.1501,4263467.03,334652.42,-202.22
1600,1639.175,4263467.01,334652.46,-201.2
1601,1640.1999,4263466.98,334652.5,-200.17
1602,1641.2248,4263466.96,334652.53,-199.15
1603,1642.2497,4263466.93,334652.57,-198.12
1604,1643.2746,4263466.91,334652.61,-197.1
1605,1644.2995,4263466.88,334652.64,-196.08
1606,1645.3244,4263466.86,334652.68,-195.05
1607,1646.3493,4263466.83,334652.72,-194.03
1608,1647.3742,4263466.8,334652.76,-193
1609,1648.3991,4263466.78,334652.79,-191.98
1610,1649.424,4263466.75,334652.83,-190.96
1611,1650.4489,4263466.73,334652.87,-189.93
1612,1651.4738,4263466.7,334652.9,-188.91
1613,1652.4987,4263466.67,334652.94,-187.89
1614,1653.5236,4263466.64,334652.97,-186.86
1615,1654.5486,4263466.61,334653.01,-185.84
1616,1655.5735,4263466.58,334653.05,-184.81
1617,1656.5984,4263466.55,334653.08,-183.79
1618,1657.6233,4263466.52,334653.12,-182.77
1619,1658.6482,4263466.49,334653.15,-181.74
1620,1659.6731,4263466.46,334653.19,-180.72
1621,1660.698,4263466.43,334653.23,-179.69
1622,1661.7229,4263466.4,334653.27,-178.67
1623,1662.7478,4263466.37,334653.3,-177.65
1624,1663.7727,4263466.34,334653.34,-176.62
1625,1664.7976,4263466.31,334653.38,-175.6
1626,1665.8225,4263466.28,334653.41,-174.57
1627,1666.8474,4263466.25,334653.45,-173.55
1628,1667.8723,4263466.22,334653.49,-172.53
1629,1668.8972,4263466.19,334653.52,-171.5
1630,1669.9221,4263466.16,334653.56,-170.48
1631,1670.947,4263466.13,334653.59,-169.46
1632,1671.9719,4263466.1,334653.63,-168.43
1633,1672.9968,4263466.07,334653.66,-167.41
1634,1674.0217,4263466.04,334653.69,-166.38
1635,1675.0466,4263466.01,334653.71,-165.36
1636,1676.0715,4263465.98,334653.73,-164.34
1637,1677.0964,4263465.95,334653.75,-163.31
1638,1678.1213,4263465.93,334653.77,-162.29
1639,1679.1462,4263465.9,334653.79,-161.26
1640,1680.1711,4263465.87,334653.81,-160.24
1641,1681.196,4263465.84,334653.83,-159.22
1642,1682.221,4263465.81,334653.85,-158.19
1643,1683.2459,4263465.78,334653.86,-157.17
1644,1684.2708,4263465.75,334653.88,-156.14
1645,1685.2957,4263465.71,334653.89,-155.12
1646,1686.3206,4263465.68,334653.91,-154.09
1647,1687.3455,4263465.65,334653.92,-153.07
1648,1688.3704,4263465.62,334653.94,-152.04
1649,1689.3953,4263465.6,334653.95,-151.02
1650,1690.4202,4263465.57,334653.97,-150
1651,1691.4451,4263465.54,334653.99,-148.97
1652,1692.47,4263465.51,334654,-147.95
1653,1693.4949,4263465.48,334654.02,-146.92
1654,1694.5198,4263465.46,334654.03,-145.9
1655,1695.5447,4263465.43,334654.05,-144.87
1656,1696.5696,4263465.4,334654.06,-143.85
1657,1697.5945,4263465.37,334654.07,-142.82
1658,1698.6194,4263465.35,334654.08,-141.8
1659,1699.6443,4263465.32,334654.09,-140.77
1660,1700.6692,4263465.29,334654.11,-139.75
1661,1701.6941,4263465.26,334654.12,-138.73
1662,1702.719,4263465.24,334654.13,-137.7
1663,1703.7439,4263465.21,334654.14,-136.68
1664,1704.7688,4263465.19,334654.15,-135.65
1665,1705.7937,4263465.16,334654.15,-134.63
1666,1706.8186,4263465.14,334654.16,-133.6
1667,1707.8435,4263465.12,334654.17,-132.58
1668,1708.8685,4263465.1,334654.17,-131.55
1669,1709.8934,4263465.07,334654.18,-130.53
1670,1710.9183,4263465.05,334654.19,-129.51
1671,1711.9432,4263465.03,334654.19,-128.48
1672,1712.9681,4263465.02,334654.2,-127.46
1673,1713.993,4263465,334654.2,-126.43
1674,1715.0179,4263464.99,334654.21,-125.41
1675,1716.0428,4263464.97,334654.21,-124.38
1676,1717.0677,4263464.96,334654.22,-123.36
1677,1718.0926,4263464.94,334654.22,-122.33
1678,1719.1175,4263464.93,334654.23,-121.31
1679,1720.1424,4263464.91,334654.23,-120.28
1680,1721.1673,4263464.9,334654.24,-119.26
1681,1722.1922,4263464.88,334654.24,-118.23
1682,1723.2171,4263464.87,334654.25,-117.21
1683,1724.242,4263464.85,334654.25,-116.18
1684,1725.2669,4263464.83,334654.26,-115.16
1685,1726.2918,4263464.82,334654.26,-114.14
1686,1727.3167,4263464.8,334654.26,-113.11
1687,1728.3416,4263464.79,334654.27,-112.09
1688,1729.3665,4263464.77,334654.27,-111.06
1689,1730.3914,4263464.76,334654.27,-110.04
1690,1731.4163,4263464.74,334654.27,-109.01
1691,1732.4412,4263464.72,334654.27,-107.99
1692,1733.4661,4263464.71,334654.28,-106.96
1693,1734.491,4263464.69,334654.28,-105.94
1694,1735.516,4263464.68,334654.29,-104.91
1695,1736.5409,4263464.67,334654.29,-103.89
1696,1737.5658,4263464.66,334654.3,-102.86
1697,1738.5907,4263464.65,334654.3,-101.84
1698,1739.6156,4263464.64,334654.31,-100.81
1699,1740.6405,4263464.63,334654.31,-99.79
1700,1741.6654,4263464.61,334654.32,-98.76
1701,1742.6903,4263464.6,334654.33,-97.74
1702,1743.7152,4263464.59,334654.33,-96.71
1703,1744.7401,4263464.58,334654.34,-95.69
1704,1745.765,4263464.57,334654.35,-94.66
1705,1746.7899,4263464.56,334654.36,-93.64
1706,1747.8148,4263464.55,334654.36,-92.61
1707,1748.8397,4263464.54,334654.37,-91.59
1708,1749.8646,4263464.53,334654.38,-90.56
1709,1750.8895,4263464.52,334654.39,-89.54
1710,1751.9144,4263464.51,334654.41,-88.51
1711,1752.9393,4263464.5,334654.42,-87.49
1712,1753.9642,4263464.49,334654.43,-86.46
1713,1754.9891,4263464.47,334654.44,-85.44
1714,1756.014,4263464.46,334654.46,-84.42
1715,1757.0389,4263464.45,334654.47,-83.39
1716,1758.0638,4263464.43,334654.49,-82.37
1717,1759.0887,4263464.42,334654.51,-81.34
1718,1760.1136,4263464.4,334654.53,-80.32
1719,1761.1385,4263464.39,334654.54,-79.29
1720,1762.1634,4263464.37,334654.56,-78.27
1721,1763.1884,4263464.35,334654.58,-77.24
1722,1764.2133,4263464.34,334654.6,-76.22
1723,1765.2382,4263464.32,334654.62,-75.19
1724,1766.2631,4263464.3,334654.65,-74.17
1725,1767.288,4263464.28,334654.67,-73.14
1726,1768.3129,4263464.27,334654.69,-72.12
1727,1769.3378,4263464.25,334654.71,-71.09
1728,1770.3627,4263464.23,334654.74,-70.07
1729,1771.3876,4263464.21,334654.76,-69.05
1730,1772.4125,4263464.19,334654.78,-68.02
1731,1773.4374,4263464.17,334654.8,-67
1732,1774.4623,4263464.15,334654.82,-65.97
1733,1775.4872,4263464.13,334654.85,-64.95
1734,1776.5121,4263464.11,334654.87,-63.92
1735,1777.537,4263464.09,334654.89,-62.9
1736,1778.5619,4263464.07,334654.91,-61.87
1737,1779.5868,4263464.05,334654.93,-60.85
1738,1780.6117,4263464.03,334654.95,-59.82
1739,1781.6366,4263464.01,334654.98,-58.8
1740,1782.6615,4263463.98,334655,-57.78
1741,1783.6864,4263463.95,334655.02,-56.75
1742,1784.7113,4263463.93,334655.04,-55.73
1743,1785.7362,4263463.9,334655.07,-54.7
1744,1786.7611,4263463.88,334655.09,-53.68
1745,1787.786,4263463.85,334655.11,-52.66
1746,1788.8109,4263463.82,334655.13,-51.63
1747,1789.8359,4263463.79,334655.16,-50.61
1748,1790.8608,4263463.76,334655.18,-49.58
1749,1791.8857,4263463.73,334655.2,-48.56
1750,1792.9106,4263463.7,334655.22,-47.53
1751,1793.9355,4263463.67,334655.25,-46.51
1752,1794.9604,4263463.64,334655.27,-45.48
1753,1795.9853,4263463.61,334655.29,-44.46
1754,1797.0102,4263463.58,334655.3,-43.44
1755,1798.0351,4263463.55,334655.32,-42.41
1756,1799.06,4263463.52,334655.33,-41.39
1757,1800.0849,4263463.5,334655.35,-40.36
1758,1801.1098,4263463.47,334655.36,-39.34
1759,1802.1347,4263463.44,334655.38,-38.32
1760,1803.1596,4263463.41,334655.39,-37.29
1761,1804.1845,4263463.39,334655.4,-36.27
1762,1805.2094,4263463.36,334655.4,-35.24
1763,1806.2343,4263463.34,334655.41,-34.22
1764,1807.2592,4263463.31,334655.42,-33.19
1765,1808.2841,4263463.29,334655.42,-32.17
1766,1809.309,4263463.26,334655.43,-31.14
1767,1810.3339,4263463.24,334655.43,-30.12
1768,1811.3588,4263463.22,334655.43,-29.09
1769,1812.3837,4263463.2,334655.43,-28.07
1770,1813.4086,4263463.18,334655.43,-27.04
1771,1814.4335,4263463.16,334655.43,-26.02
1772,1815.4584,4263463.14,334655.43,-24.99
1773,1816.4833,4263463.12,334655.42,-23.97
1774,1817.5083,4263463.1,334655.42,-22.95
1775,1818.5332,4263463.08,334655.42,-21.92
1776,1819.5581,4263463.07,334655.41,-20.9
1777,1820.583,4263463.05,334655.4,-19.87
1778,1821.6079,4263463.04,334655.38,-18.85
1779,1822.6328,4263463.03,334655.37,-17.82
1780,1823.6577,4263463.01,334655.36,-16.8
1781,1824.6826,4263463,334655.35,-15.77
1782,1825.7075,4263462.98,334655.34,-14.75
1783,1826.7324,4263462.97,334655.32,-13.72
1784,1827.7573,4263462.95,334655.31,-12.7
1785,1828.7822,4263462.94,334655.29,-11.67
1786,1829.8071,4263462.93,334655.27,-10.65
1787,1830.832,4263462.91,334655.26,-9.62
1788,1831.8569,4263462.9,334655.24,-8.6
1789,1832.8818,4263462.88,334655.22,-7.58
1790,1833.9067,4263462.87,334655.2,-6.55
1791,1834.9316,4263462.85,334655.19,-5.53
1792,1835.9565,4263462.84,334655.17,-4.5
1793,1836.9814,4263462.82,334655.15,-3.48
1794,1838.0063,4263462.81,334655.13,-2.45
1795,1839.0312,4263462.79,334655.12,-1.43
1796,1840.0561,4263462.77,334655.1,-0.4
1797,1841.081,4263462.76,334655.08,0.62
1798,1842.1059,4263462.75,334655.07,1.65
1799,1843.1308,4263462.74,334655.06,2.67
1800,1844.1558,4263462.73,334655.04,3.7
1801,1845.1807,4263462.72,334655.03,4.72
1802,1846.2056,4263462.71,334655.02,5.75
1803,1847.2305,4263462.7,334655.01,6.77
1804,1848.2554,4263462.69,334654.99,7.79
1805,1849.2803,4263462.69,334654.99,8.82
1806,1850.3052,4263462.68,334654.98,9.84
1807,1851.3301,4263462.68,334654.98,10.87
1808,1852.355,4263462.67,334654.98,11.89
1809,1853.3799,4263462.66,334654.97,12.92
1810,1854.4048,4263462.66,334654.97,13.94
1811,1855.4297,4263462.65,334654.96,14.97
1812,1856.4546,4263462.64,334654.97,15.99
1813,1857.4795,4263462.63,334654.98,17.02
1814,1858.5044,4263462.62,334654.99,18.04
1815,1859.5293,4263462.61,334655,19.07
1816,1860.5542,4263462.59,334655.01,20.09
1817,1861.5791,4263462.58,334655.02,21.12
1818,1862.604,4263462.57,334655.03,22.14
1819,1863.6289,4263462.55,334655.04,23.17
1820,1864.6538,4263462.53,334655.07,24.19
1821,1865.6787,4263462.5,334655.1,25.22
1822,1866.7036,4263462.48,334655.13,26.24
1823,1867.7285,4263462.45,334655.16,27.26
1824,1868.7534,4263462.43,334655.19,28.29
1825,1869.7783,4263462.4,334655.22,29.31
1826,1870.8033,4263462.38,334655.26,30.34
1827,1871.8282,4263462.35,334655.3,31.36
1828,1872.8531,4263462.31,334655.36,32.38
1829,1873.878,4263462.27,334655.42,33.41
1830,1874.9029,4263462.23,334655.47,34.43
1831,1875.9278,4263462.19,334655.53,35.45
1832,1876.9527,4263462.16,334655.59,36.47
1833,1877.9776,4263462.12,334655.65,37.5
1834,1879.0025,4263462.08,334655.71,38.52
1835,1880.0274,4263462.02,334655.79,39.54
1836,1881.0523,4263461.97,334655.88,40.56
1837,1882.0772,4263461.91,334655.96,41.58
1838,1883.1021,4263461.86,334656.05,42.6
1839,1884.127,4263461.8,334656.14,43.62
1840,1885.1519,4263461.75,334656.22,44.63
1841,1886.1768,4263461.7,334656.31,45.65
1842,1887.2017,4263461.63,334656.41,46.67
1843,1888.2266,4263461.56,334656.51,47.69
1844,1889.2515,4263461.49,334656.62,48.71
1845,1890.2764,4263461.42,334656.73,49.72
1846,1891.3013,4263461.34,334656.83,50.74
1847,1892.3262,4263461.27,334656.94,51.76
1848,1893.3511,4263461.2,334657.05,52.78
1849,1894.376,4263461.13,334657.15,53.79
1850,1895.4009,4263461.03,334657.28,54.81
1851,1896.4258,4263460.94,334657.4,55.82
1852,1897.4507,4263460.85,334657.52,56.83
1853,1898.4757,4263460.76,334657.65,57.85
1854,1899.5006,4263460.67,334657.77,58.86
1855,1900.5255,4263460.58,334657.89,59.87
1856,1901.5504,4263460.49,334658.01,60.89
1857,1902.5753,4263460.38,334658.15,61.9
1858,1903.6002,4263460.26,334658.29,62.9
1859,1904.6251,4263460.15,334658.43,63.91
1860,1905.65,4263460.03,334658.57,64.92
1861,1906.6749,4263459.92,334658.71,65.93
1862,1907.6998,4263459.8,334658.86,66.94
1863,1908.7247,4263459.69,334659,67.95
1864,1909.7496,4263459.57,334659.14,68.95
1865,1910.7745,4263459.43,334659.3,69.96
1866,1911.7994,4263459.29,334659.46,70.96
1867,1912.8243,4263459.15,334659.62,71.96
1868,1913.8492,4263459.01,334659.78,72.96
1869,1914.8741,4263458.87,334659.94,73.97
1870,1915.899,4263458.73,334660.09,74.97
1871,1916.9239,4263458.59,334660.25,75.97
1872,1917.9488,4263458.44,334660.42,76.97
1873,1918.9737,4263458.29,334660.58,77.97
1874,1919.9986,4263458.13,334660.75,78.97
1875,1921.0235,4263457.98,334660.92,79.97
1876,1922.0484,4263457.83,334661.09,80.97
1877,1923.0733,4263457.67,334661.25,81.97
1878,1924.0982,4263457.52,334661.42,82.97
1879,1925.1232,4263457.37,334661.59,83.97
1880,1926.1481,4263457.21,334661.76,84.97
1881,1927.173,4263457.06,334661.93,85.97
1882,1928.1979,4263456.9,334662.1,86.96
1883,1929.2228,4263456.75,334662.27,87.96
1884,1930.2477,4263456.59,334662.44,88.96
1885,1931.2726,4263456.44,334662.61,89.96
1886,1932.2975,4263456.28,334662.78,90.96
1887,1933.3224,4263456.13,334662.95,91.96
1888,1934.3473,4263455.97,334663.13,92.96
1889,1935.3722,4263455.82,334663.3,93.95
1890,1936.3971,4263455.66,334663.48,94.95
1891,1937.422,4263455.51,334663.65,95.95
1892,1938.4469,4263455.35,334663.83,96.95
1893,1939.4718,4263455.2,334664,97.95
1894,1940.4967,4263455.04,334664.18,98.94
1895,1941.5216,4263454.88,334664.36,99.94
1896,1942.5465,4263454.73,334664.54,100.94
1897,1943.5714,4263454.57,334664.71,101.93
1898,1944.5963,4263454.41,334664.89,102.93
1899,1945.6212,4263454.26,334665.07,103.93
1900,1946.6461,4263454.1,334665.25,104.92
1901,1947.671,4263453.94,334665.43,105.92
1902,1948.6959,4263453.78,334665.62,106.92
1903,1949.7208,4263453.62,334665.8,107.91
1904,1950.7457,4263453.46,334665.99,108.91
1905,1951.7706,4263453.3,334666.18,109.9
1906,1952.7956,4263453.14,334666.36,110.9
1907,1953.8205,4263452.98,334666.55,111.89
1908,1954.8454,4263452.82,334666.73,112.89
1909,1955.8703,4263452.66,334666.93,113.88
1910,1956.8952,4263452.5,334667.13,114.87
1911,1957.9201,4263452.33,334667.33,115.86
1912,1958.945,4263452.17,334667.52,116.85
1913,1959.9699,4263452,334667.72,117.85
1914,1960.9948,4263451.83,334667.92,118.84
1915,1962.0197,4263451.67,334668.12,119.83
1916,1963.0446,4263451.5,334668.32,120.82
1917,1964.0695,4263451.33,334668.54,121.81
1918,1965.0944,4263451.16,334668.76,122.79
1919,1966.1193,4263450.98,334668.97,123.78
1920,1967.1442,4263450.81,334669.19,124.77
1921,1968.1691,4263450.64,334669.41,125.75
1922,1969.194,4263450.46,334669.63,126.74
1923,1970.2189,4263450.29,334669.84,127.73
1924,1971.2438,4263450.11,334670.08,128.71
1925,1972.2687,4263449.93,334670.32,129.69
1926,1973.2936,4263449.74,334670.55,130.67
1927,1974.3185,4263449.56,334670.79,131.65
1928,1975.3434,4263449.38,334671.03,132.63
1929,1976.3683,4263449.2,334671.27,133.61
1930,1977.3932,4263449.02,334671.51,134.59
1931,1978.4181,4263448.83,334671.76,135.57
1932,1979.4431,4263448.64,334672.02,136.54
1933,1980.468,4263448.45,334672.28,137.51
1934,1981.4929,4263448.26,334672.55,138.48
1935,1982.5178,4263448.07,334672.81,139.45
1936,1983.5427,4263447.88,334673.08,140.42
1937,1984.5676,4263447.68,334673.34,141.4
1938,1985.5925,4263447.49,334673.6,142.37
1939,1986.6174,4263447.29,334673.9,143.33
1940,1987.6423,4263447.09,334674.19,144.29
1941,1988.6672,4263446.89,334674.49,145.25
1942,1989.6921,4263446.69,334674.79,146.21
1943,1990.717,4263446.49,334675.08,147.17
1944,1991.7419,4263446.29,334675.38,148.13
1945,1992.7668,4263446.09,334675.67,149.09
1946,1993.7917,4263445.89,334675.98,150.05
1947,1994.8166,4263445.68,334676.3,151
1948,1995.8415,4263445.48,334676.62,151.95
1949,1996.8664,4263445.28,334676.95,152.9
1950,1997.8913,4263445.07,334677.27,153.85
1951,1998.9162,4263444.87,334677.59,154.81
1952,1999.9411,4263444.66,334677.91,155.76
1953,2000.966,4263444.46,334678.23,156.71
1954,2001.9909,4263444.26,334678.57,157.66
1955,2003.0158,4263444.06,334678.9,158.6
1956,2004.0407,4263443.86,334679.24,159.55
1957,2005.0656,4263443.65,334679.57,160.5
1958,2006.0906,4263443.45,334679.91,161.45
1959,2007.1155,4263443.25,334680.24,162.39
1960,2008.1404,4263443.05,334680.58,163.34
1961,2009.1653,4263442.85,334680.93,164.28
1962,2010.1902,4263442.66,334681.28,165.23
1963,2011.2151,4263442.46,334681.63,166.17
1964,2012.24,4263442.27,334681.98,167.11
1965,2013.2649,4263442.07,334682.33,168.05
1966,2014.2898,4263441.88,334682.68,169
1967,2015.3147,4263441.68,334683.03,169.94
1968,2016.3396,4263441.49,334683.39,170.88
1969,2017.3645,4263441.3,334683.76,171.82
1970,2018.3894,4263441.12,334684.13,172.76
1971,2019.4143,4263440.93,334684.5,173.69
1972,2020.4392,4263440.75,334684.87,174.63
1973,2021.4641,4263440.56,334685.24,175.57
1974,2022.489,4263440.38,334685.61,176.51
1975,2023.5139,4263440.19,334685.98,177.44
1976,2024.5388,4263440.02,334686.37,178.38
1977,2025.5637,4263439.84,334686.75,179.31
1978,2026.5886,4263439.66,334687.14,180.24
1979,2027.6135,4263439.48,334687.52,181.18
1980,2028.6384,4263439.3,334687.91,182.11
1981,2029.6633,4263439.13,334688.3,183.04
1982,2030.6882,4263438.95,334688.68,183.97
1983,2031.7131,4263438.77,334689.07,184.9
1984,2032.738,4263438.59,334689.47,185.83
1985,2033.763,4263438.42,334689.87,186.76
1986,2034.7879,4263438.24,334690.27,187.69
1987,2035.8128,4263438.07,334690.67,188.62
1988,2036.8377,4263437.89,334691.06,189.54
1989,2037.8626,4263437.72,334691.46,190.47
1990,2038.8875,4263437.54,334691.86,191.4
1991,2039.9124,4263437.36,334692.27,192.32
1992,2040.9373,4263437.19,334692.68,193.25
1993,2041.9622,4263437.01,334693.08,194.17
1994,2042.9871,4263436.84,334693.49,195.09
1995,2044.012,4263436.66,334693.9,196.02
1996,2045.0369,4263436.49,334694.31,196.94
1997,2046.0618,4263436.31,334694.72,197.86
1998,2047.0867,4263436.14,334695.13,198.79
1999,2048.1116,4263435.96,334695.55,199.71
2000,2049.1365,4263435.79,334695.97,200.63
2001,2050.1614,4263435.61,334696.38,201.55
2002,2051.1863,4263435.44,334696.8,202.46
2003,2052.2112,4263435.26,334697.22,203.38
2004,2053.2361,4263435.09,334697.64,204.3
2005,2054.261,4263434.91,334698.05,205.22
2006,2055.2859,4263434.73,334698.48,206.14
2007,2056.3108,4263434.56,334698.9,207.06
2008,2057.3357,4263434.38,334699.33,207.97
2009,2058.3606,4263434.2,334699.75,208.89
2010,2059.3855,4263434.03,334700.17,209.8
2011,2060.4105,4263433.85,334700.6,210.72
2012,2061.4354,4263433.67,334701.02,211.63
2013,2062.4603,4263433.49,334701.45,212.55
2014,2063.4852,4263433.31,334701.88,213.46
2015,2064.5101,4263433.13,334702.32,214.37
2016,2065.535,4263432.95,334702.75,215.28
2017,2066.5599,4263432.77,334703.18,216.19
2018,2067.5848,4263432.59,334703.62,217.1
2019,2068.6097,4263432.41,334704.05,218.02
2020,2069.6346,4263432.23,334704.48,218.93
2021,2070.6595,4263432.05,334704.93,219.83
2022,2071.6844,4263431.87,334705.37,220.74
2023,2072.7093,4263431.68,334705.82,221.64
2024,2073.7342,4263431.5,334706.26,222.55
2025,2074.7591,4263431.31,334706.71,223.45
2026,2075.784,4263431.13,334707.15,224.35
2027,2076.8089,4263430.95,334707.6,225.26
2028,2077.8338,4263430.76,334708.05,226.16
2029,2078.8587,4263430.57,334708.51,227.06
2030,2079.8836,4263430.38,334708.97,227.95
2031,2080.9085,4263430.2,334709.43,228.85
2032,2081.9334,4263430.01,334709.88,229.75
2033,2082.9583,4263429.82,334710.34,230.65
2034,2083.9832,4263429.63,334710.8,231.54
2035,2085.0081,4263429.44,334711.26,232.44
2036,2086.033,4263429.25,334711.73,233.33
2037,2087.0579,4263429.05,334712.21,234.22
2038,2088.0829,4263428.86,334712.68,235.1
2039,2089.1078,4263428.66,334713.15,235.99
2040,2090.1327,4263428.46,334713.62,236.88
2041,2091.1576,4263428.27,334714.09,237.77
2042,2092.1825,4263428.07,334714.57,238.66
2043,2093.2074,4263427.87,334715.05,239.54
2044,2094.2323,4263427.67,334715.54,240.42
2045,2095.2572,4263427.46,334716.03,241.29
2046,2096.2821,4263427.26,334716.52,242.17
2047,2097.307,4263427.05,334717.01,243.05
2048,2098.3319,4263426.85,334717.5,243.93
2049,2099.3568,4263426.65,334717.99,244.8
2050,2100.3817,4263426.44,334718.48,245.67
2051,2101.4066,4263426.23,334718.99,246.54
2052,2102.4315,4263426.01,334719.5,247.4
2053,2103.4564,4263425.8,334720.01,248.27
2054,2104.4813,4263425.59,334720.52,249.13
2055,2105.5062,4263425.37,334721.02,250
2056,2106.5311,4263425.16,334721.53,250.86
2057,2107.556,4263424.95,334722.04,251.72
2058,2108.5809,4263424.73,334722.57,252.57
2059,2109.6058,4263424.51,334723.09,253.43
2060,2110.6307,4263424.29,334723.62,254.28
2061,2111.6556,4263424.07,334724.15,255.13
2062,2112.6805,4263423.85,334724.68,255.98
2063,2113.7054,4263423.63,334725.2,256.83
2064,2114.7304,4263423.4,334725.73,257.68
2065,2115.7553,4263423.18,334726.27,258.52
2066,2116.7802,4263422.95,334726.81,259.36
2067,2117.8051,4263422.72,334727.36,260.2
2068,2118.83,4263422.49,334727.9,261.03
2069,2119.8549,4263422.26,334728.45,261.87
2070,2120.8798,4263422.04,334728.99,262.71
2071,2121.9047,4263421.81,334729.54,263.55
2072,2122.9296,4263421.58,334730.08,264.38
2073,2123.9545,4263421.34,334730.65,265.21
2074,2124.9794,4263421.1,334731.21,266.03
2075,2126.0043,4263420.86,334731.77,266.85
2076,2127.0292,4263420.62,334732.33,267.67
2077,2128.0541,4263420.38,334732.9,268.49
2078,2129.079,4263420.14,334733.46,269.32
2079,2130.1039,4263419.9,334734.02,270.14
2080,2131.1288,4263419.65,334734.59,270.95
2081,2132.1537,4263419.4,334735.17,271.76
2082,2133.1786,4263419.15,334735.75,272.57
2083,2134.2035,4263418.9,334736.32,273.38
2084,2135.2284,4263418.65,334736.9,274.19
2085,2136.2533,4263418.4,334737.48,275
2086,2137.2782,4263418.15,334738.05,275.81
2087,2138.3031,4263417.9,334738.63,276.62
2088,2139.328,4263417.64,334739.22,277.41
2089,2140.3529,4263417.37,334739.8,278.21
2090,2141.3779,4263417.11,334740.39,279.01
2091,2142.4028,4263416.85,334740.98,279.81
2092,2143.4277,4263416.58,334741.56,280.61
2093,2144.4526,4263416.32,334742.15,281.41
2094,2145.4775,4263416.06,334742.73,282.21
2095,2146.5024,4263415.78,334743.32,283
2096,2147.5273,4263415.5,334743.91,283.79
2097,2148.5522,4263415.22,334744.51,284.58
2098,2149.5771,4263414.94,334745.1,285.37
2099,2150.602,4263414.67,334745.69,286.16
2100,2151.6269,4263414.39,334746.28,286.95
2101,2152.6518,4263414.11,334746.87,287.74
2102,2153.6767,4263413.82,334747.47,288.52
2103,2154.7016,4263413.52,334748.07,289.29
2104,2155.7265,4263413.22,334748.67,290.06
2105,2156.7514,4263412.93,334749.28,290.84
2106,2157.7763,4263412.63,334749.88,291.61
2107,2158.8012,4263412.33,334750.48,292.38
2108,2159.8261,4263412.03,334751.08,293.16
2109,2160.851,4263411.73,334751.69,293.93
2110,2161.8759,4263411.42,334752.31,294.68
2111,2162.9008,4263411.1,334752.93,295.43
2112,2163.9257,4263410.78,334753.55,296.19
2113,2164.9506,4263410.47,334754.17,296.94
2114,2165.9755,4263410.15,334754.79,297.69
2115,2167.0004,4263409.83,334755.41,298.44
2116,2168.0253,4263409.51,334756.03,299.19
2117,2169.0503,4263409.19,334756.65,299.93
2118,2170.0752,4263408.85,334757.29,300.67
2119,2171.1001,4263408.52,334757.92,301.4
2120,2172.125,4263408.19,334758.56,302.13
2121,2173.1499,4263407.85,334759.19,302.87
2122,2174.1748,4263407.52,334759.82,303.6
2123,2175.1997,4263407.19,334760.46,304.33
2124,2176.2246,4263406.85,334761.09,305.06
2125,2177.2495,4263406.51,334761.74,305.78
2126,2178.2744,4263406.17,334762.39,306.5
2127,2179.2993,4263405.83,334763.03,307.22
2128,2180.3242,4263405.49,334763.68,307.94
2129,2181.3491,4263405.15,334764.32,308.66
2130,2182.374,4263404.81,334764.97,309.38
2131,2183.3989,4263404.47,334765.62,310.09
2132,2184.4238,4263404.12,334766.27,310.81
2133,2185.4487,4263403.78,334766.93,311.51
2134,2186.4736,4263403.44,334767.59,312.22
2135,2187.4985,4263403.1,334768.25,312.92
2136,2188.5234,4263402.75,334768.91,313.63
2137,2189.5483,4263402.41,334769.57,314.33
2138,2190.5732,4263402.07,334770.23,315.04
2139,2191.5981,4263401.73,334770.89,315.74
2140,2192.623,4263401.39,334771.56,316.44
2141,2193.6479,4263401.05,334772.23,317.14
2142,2194.6728,4263400.71,334772.91,317.83
2143,2195.6978,4263400.37,334773.58,318.53
2144,2196.7227,4263400.04,334774.25,319.23
2145,2197.7476,4263399.7,334774.92,319.93
2146,2198.7725,4263399.36,334775.59,320.62
2147,2199.7974,4263399.03,334776.26,321.32
2148,2200.8223,4263398.71,334776.94,322.02
2149,2201.8472,4263398.39,334777.62,322.72
2150,2202.8721,4263398.06,334778.29,323.42
2151,2203.897,4263397.74,334778.97,324.12
2152,2204.9219,4263397.41,334779.64,324.81
2153,2205.9468,4263397.09,334780.32,325.51
2154,2206.9717,4263396.77,334781,326.21
2155,2207.9966,4263396.47,334781.68,326.92
2156,2209.0215,4263396.16,334782.36,327.62
2157,2210.0464,4263395.86,334783.04,328.32
2158,2211.0713,4263395.56,334783.73,329.02
2159,2212.0962,4263395.25,334784.41,329.72
2160,2213.1211,4263394.95,334785.09,330.42
2161,2214.146,4263394.64,334785.77,331.13
2162,2215.1709,4263394.35,334786.46,331.83
2163,2216.1958,4263394.06,334787.15,332.52
2164,2217.2207,4263393.77,334787.85,333.22
2165,2218.2456,4263393.48,334788.54,333.92
2166,2219.2705,4263393.19,334789.23,334.62
2167,2220.2954,4263392.9,334789.92,335.32
2168,2221.3203,4263392.61,334790.61,336.02
2169,2222.3452,4263392.32,334791.31,336.71
2170,2223.3702,4263392.04,334792.01,337.4
2171,2224.3951,4263391.75,334792.72,338.09
2172,2225.42,4263391.47,334793.42,338.78
2173,2226.4449,4263391.18,334794.13,339.46
2174,2227.4698,4263390.9,334794.83,340.15
2175,2228.4947,4263390.61,334795.53,340.84
2176,2229.5196,4263390.33,334796.24,341.53
2177,2230.5445,4263390.04,334796.96,342.2
2178,2231.5694,4263389.75,334797.67,342.87
2179,2232.5943,4263389.46,334798.39,343.54
2180,2233.6192,4263389.17,334799.11,344.21
2181,2234.6441,4263388.88,334799.83,344.89
2182,2235.669,4263388.59,334800.55,345.56
2183,2236.6939,4263388.3,334801.27,346.23
2184,2237.7188,4263388.01,334802,346.89
2185,2238.7437,4263387.71,334802.73,347.53
2186,2239.7686,4263387.41,334803.47,348.18
2187,2240.7935,4263387.12,334804.21,348.82
2188,2241.8184,4263386.82,334804.95,349.47
2189,2242.8433,4263386.53,334805.69,350.11
2190,2243.8682,4263386.23,334806.43,350.76
2191,2244.8931,4263385.94,334807.17,351.4
2192,2245.918,4263385.65,334807.94,352.01
2193,2246.9429,4263385.36,334808.71,352.63
2194,2247.9678,4263385.07,334809.48,353.24
2195,2248.9927,4263384.78,334810.25,353.85
2196,2250.0177,4263384.5,334811.02,354.46
2197,2251.0426,4263384.21,334811.79,355.08
2198,2252.0675,4263383.92,334812.56,355.69
2199,2253.0924,4263383.65,334813.35,356.28
2200,2254.1173,4263383.38,334814.15,356.86
2201,2255.1422,4263383.12,334814.95,357.44
2202,2256.1671,4263382.85,334815.76,358.02
2203,2257.192,4263382.59,334816.56,358.6
2204,2258.2169,4263382.32,334817.36,359.18
2205,2259.2418,4263382.06,334818.16,359.76
2206,2260.2667,4263381.8,334818.97,360.33
2207,2261.2916,4263381.55,334819.79,360.89
2208,2262.3165,4263381.3,334820.63,361.43
2209,2263.3414,4263381.06,334821.47,361.97
2210,2264.3663,4263380.82,334822.31,362.5
2211,2265.3912,4263380.58,334823.15,363.03
2212,2266.4161,4263380.34,334823.99,363.57
2213,2267.441,4263380.1,334824.83,364.1
2214,2268.4659,4263379.87,334825.69,364.62
2215,2269.4908,4263379.64,334826.54,365.13
2216,2270.5157,4263379.42,334827.41,365.63
2217,2271.5406,4263379.2,334828.28,366.12
2218,2272.5655,4263378.98,334829.15,366.62
2219,2273.5904,4263378.76,334830.02,367.12
2220,2274.6153,4263378.54,334830.89,367.62
2221,2275.6402,4263378.32,334831.76,368.11
2222,2276.6652,4263378.12,334832.64,368.59
2223,2277.6901,4263377.91,334833.52,369.07
2224,2278.715,4263377.7,334834.41,369.55
2225,2279.7399,4263377.5,334835.29,370.02
2226,2280.7648,4263377.29,334836.17,370.5
2227,2281.7897,4263377.09,334837.05,370.98
2228,2282.8146,4263376.88,334837.93,371.46
2229,2283.8395,4263376.68,334838.83,371.93
2230,2284.8644,4263376.48,334839.72,372.39
2231,2285.8893,4263376.28,334840.61,372.85
2232,2286.9142,4263376.09,334841.5,373.32
2233,2287.9391,4263375.89,334842.4,373.78
2234,2288.964,4263375.69,334843.29,374.24
2235,2289.9889,4263375.49,334844.18,374.71
2236,2291.0138,4263375.29,334845.08,375.16
2237,2292.0387,4263375.09,334845.98,375.61
2238,2293.0636,4263374.89,334846.88,376.06
2239,2294.0885,4263374.69,334847.78,376.51
2240,2295.1134,4263374.49,334848.68,376.95
2241,2296.1383,4263374.29,334849.58,377.4
2242,2297.1632,4263374.09,334850.48,377.85
2243,2298.1881,4263373.89,334851.38,378.3
2244,2299.213,4263373.68,334852.29,378.72
2245,2300.2379,4263373.48,334853.2,379.14
2246,2301.2628,4263373.27,334854.11,379.56
2247,2302.2877,4263373.06,334855.02,379.98
2248,2303.3126,4263372.86,334855.93,380.41
2249,2304.3376,4263372.65,334856.84,380.83
2250,2305.3625,4263372.45,334857.75,381.25
2251,2306.3874,4263372.24,334858.67,381.66
2252,2307.4123,4263372.03,334859.59,382.05
2253,2308.4372,4263371.82,334860.51,382.45
2254,2309.4621,4263371.61,334861.44,382.84
2255,2310.487,4263371.4,334862.36,383.24
2256,2311.5119,4263371.19,334863.28,383.64
2257,2312.5368,4263370.98,334864.2,384.03
2258,2313.5617,4263370.77,334865.12,384.43
2259,2314.5866,4263370.57,334866.05,384.81
2260,2315.6115,4263370.36,334866.98,385.2
2261,2316.6364,4263370.15,334867.9,385.59
2262,2317.6613,4263369.94,334868.83,385.97
2263,2318.6862,4263369.73,334869.76,386.36
2264,2319.7111,4263369.52,334870.68,386.75
2265,2320.736,4263369.31,334871.61,387.13
2266,2321.7609,4263369.11,334872.53,387.52
2267,2322.7858,4263368.9,334873.46,387.9
2268,2323.8107,4263368.69,334874.39,388.28
2269,2324.8356,4263368.48,334875.31,388.67
2270,2325.8605,4263368.27,334876.24,389.05
2271,2326.8854,4263368.07,334877.17,389.44
2272,2327.9103,4263367.86,334878.1,389.82
2273,2328.9352,4263367.65,334879.02,390.21
2274,2329.9601,4263367.44,334879.95,390.59
2275,2330.9851,4263367.24,334880.88,390.98
2276,2332.01,4263367.03,334881.8,391.36
2277,2333.0349,4263366.82,334882.73,391.75
2278,2334.0598,4263366.61,334883.66,392.13
2279,2335.0847,4263366.41,334884.58,392.52
2280,2336.1096,4263366.2,334885.51,392.9
2281,2337.1345,4263365.99,334886.44,393.29
2282,2338.1594,4263365.78,334887.36,393.67
2283,2339.1843,4263365.57,334888.29,394.06
2284,2340.2092,4263365.36,334889.22,394.44
2285,2341.2341,4263365.15,334890.14,394.83
2286,2342.259,4263364.93,334891.07,395.21
2287,2343.2839,4263364.72,334892,395.6
2288,2344.3088,4263364.51,334892.92,395.98
2289,2345.3337,4263364.3,334893.85,396.37
2290,2346.3586,4263364.09,334894.77,396.75
2291,2347.3835,4263363.88,334895.7,397.14
2292,2348.4084,4263363.66,334896.63,397.52
2293,2349.4333,4263363.45,334897.55,397.91
2294,2350.4582,4263363.24,334898.48,398.29
2295,2351.4831,4263363.03,334899.4,398.68
2296,2352.508,4263362.82,334900.33,399.06
2297,2353.5329,4263362.61,334901.26,399.45
2298,2354.5578,4263362.4,334902.18,399.83
2299,2355.5827,4263362.19,334903.11,400.22
2300,2356.6076,4263361.98,334904.04,400.6
2301,2357.6325,4263361.77,334904.96,400.98
2302,2358.6575,4263361.57,334905.89,401.37
2303,2359.6824,4263361.36,334906.82,401.75
2304,2360.7073,4263361.15,334907.74,402.14
2305,2361.7322,4263360.95,334908.67,402.52
2306,2362.7571,4263360.74,334909.6,402.91
2307,2363.782,4263360.53,334910.53,403.29
2308,2364.8069,4263360.33,334911.45,403.67
2309,2365.8318,4263360.12,334912.38,404.06
2310,2366.8567,4263359.92,334913.31,404.44
2311,2367.8816,4263359.71,334914.23,404.83
2312,2368.9065,4263359.51,334915.16,405.22
2313,2369.9314,4263359.31,334916.09,405.61
2314,2370.9563,4263359.1,334917.01,406.01
2315,2371.9812,4263358.9,334917.94,406.4
2316,2373.0061,4263358.7,334918.86,406.79
2317,2374.031,4263358.49,334919.79,407.18
2318,2375.0559,4263358.3,334920.71,407.57
2319,2376.0808,4263358.1,334921.63,407.98
2320,2377.1057,4263357.9,334922.55,408.38
2321,2378.1306,4263357.7,334923.48,408.78
2322,2379.1555,4263357.5,334924.4,409.18
2323,2380.1804,4263357.3,334925.32,409.58
2324,2381.2053,4263357.1,334926.24,409.99
2325,2382.2302,4263356.9,334927.16,410.39
2326,2383.2551,4263356.7,334928.08,410.8
2327,2384.28,4263356.5,334928.99,411.22
2328,2385.305,4263356.3,334929.91,411.63
2329,2386.3299,4263356.1,334930.83,412.04
2330,2387.3548,4263355.9,334931.74,412.46
2331,2388.3797,4263355.7,334932.66,412.87
2332,2389.4046,4263355.5,334933.57,413.28
2333,2390.4295,4263355.29,334934.49,413.7
2334,2391.4544,4263355.09,334935.4,414.12
2335,2392.4793,4263354.88,334936.31,414.54
2336,2393.5042,4263354.67,334937.22,414.96
2337,2394.5291,4263354.47,334938.14,415.38
2338,2395.554,4263354.26,334939.05,415.8
2339,2396.5789,4263354.05,334939.96,416.22
2340,2397.6038,4263353.84,334940.87,416.63
2341,2398.6287,4263353.63,334941.79,417.05
2342,2399.6536,4263353.42,334942.7,417.46
2343,2400.6785,4263353.21,334943.61,417.88
2344,2401.7034,4263353,334944.53,418.29
2345,2402.7283,4263352.79,334945.44,418.71
2346,2403.7532,4263352.58,334946.35,419.12
2347,2404.7781,4263352.36,334947.26,419.54
2348,2405.803,4263352.15,334948.18,419.94
2349,2406.8279,4263351.94,334949.1,420.35
2350,2407.8528,4263351.73,334950.02,420.75
2351,2408.8777,4263351.52,334950.93,421.16
2352,2409.9026,4263351.31,334951.85,421.56
2353,2410.9275,4263351.1,334952.77,421.97
2354,2411.9525,4263350.89,334953.69,422.37
2355,2412.9774,4263350.68,334954.61,422.78
2356,2414.0023,4263350.48,334955.52,423.18
2357,2415.0272,4263350.27,334956.44,423.59
2358,2416.0521,4263350.06,334957.36,423.99
2359,2417.077,4263349.86,334958.28,424.39
2360,2418.1019,4263349.65,334959.2,424.8
2361,2419.1268,4263349.45,334960.12,425.2
2362,2420.1517,4263349.24,334961.04,425.61
2363,2421.1766,4263349.04,334961.96,426.01
2364,2422.2015,4263348.83,334962.88,426.42
2365,2423.2264,4263348.63,334963.79,426.83
2366,2424.2513,4263348.43,334964.71,427.24
2367,2425.2762,4263348.22,334965.63,427.64
2368,2426.3011,4263348.02,334966.55,428.05
2369,2427.326,4263347.82,334967.47,428.46
2370,2428.3509,4263347.61,334968.38,428.87
2371,2429.3758,4263347.41,334969.3,429.28
2372,2430.4007,4263347.2,334970.22,429.69
2373,2431.4256,4263347,334971.13,430.1
2374,2432.4505,4263346.79,334972.05,430.51
2375,2433.4754,4263346.59,334972.97,430.92
2376,2434.5003,4263346.38,334973.88,431.33
2377,2435.5252,4263346.18,334974.8,431.75
2378,2436.5501,4263345.96,334975.71,432.16
2379,2437.575,4263345.75,334976.62,432.58
2380,2438.5999,4263345.54,334977.53,432.99
2381,2439.6249,4263345.33,334978.45,433.41
2382,2440.6498,4263345.12,334979.36,433.82
2383,2441.6747,4263344.91,334980.27,434.24
2384,2442.6996,4263344.7,334981.18,434.65
2385,2443.7245,4263344.48,334982.09,435.07
2386,2444.7494,4263344.26,334983,435.49
2387,2445.7743,4263344.04,334983.91,435.91
2388,2446.7992,4263343.82,334984.82,436.33
2389,2447.8241,4263343.6,334985.73,436.75
2390,2448.849,4263343.38,334986.64,437.17
2391,2449.8739,4263343.16,334987.55,437.59
2392,2450.8988,4263342.93,334988.45,438.01
2393,2451.9237,4263342.71,334989.36,438.44
2394,2452.9486,4263342.48,334990.26,438.86
2395,2453.9735,4263342.25,334991.17,439.29
2396,2454.9984,4263342.03,334992.07,439.72
2397,2456.0233,4263341.8,334992.98,440.14
2398,2457.0482,4263341.58,334993.88,440.57
2399,2458.0731,4263341.35,334994.79,440.99
2400,2459.098,4263341.12,334995.69,441.42
2401,2460.1229,4263340.9,334996.59,441.85
2402,2461.1478,4263340.67,334997.49,442.28
2403,2462.1727,4263340.44,334998.4,442.71
2404,2463.1976,4263340.22,334999.3,443.13
2405,2464.2225,4263339.99,335000.2,443.56
2406,2465.2474,4263339.76,335001.11,443.99
2407,2466.2724,4263339.54,335002.01,444.42
2408,2467.2973,4263339.32,335002.92,444.85
2409,2468.3222,4263339.1,335003.82,445.27
2410,2469.3471,4263338.88,335004.73,445.7
2411,2470.372,4263338.66,335005.63,446.13
2412,2471.3969,4263338.44,335006.54,446.56
2413,2472.4218,4263338.22,335007.44,446.98
2414,2473.4467,4263338,335008.34,447.41
2415,2474.4716,4263337.78,335009.25,447.83
2416,2475.4965,4263337.56,335010.16,448.26
2417,2476.5214,4263337.34,335011.07,448.68
2418,2477.5463,4263337.12,335011.98,449.11
2419,2478.5712,4263336.91,335012.88,449.53
2420,2479.5961,4263336.69,335013.79,449.95
2421,2480.621,4263336.47,335014.7,450.38
2422,2481.6459,4263336.25,335015.61,450.8
2423,2482.6708,4263336.03,335016.51,451.22
2424,2483.6957,4263335.81,335017.42,451.65
2425,2484.7206,4263335.59,335018.33,452.07
2426,2485.7455,4263335.37,335019.23,452.49
2427,2486.7704,4263335.15,335020.14,452.91
2428,2487.7953,4263334.93,335021.05,453.34
2429,2488.8202,4263334.7,335021.96,453.76
2430,2489.8451,4263334.48,335022.86,454.18
2431,2490.87,4263334.25,335023.77,454.6
2432,2491.8949,4263334.02,335024.67,455.02
2433,2492.9198,4263333.79,335025.58,455.44
2434,2493.9448,4263333.57,335026.49,455.87
2435,2494.9697,4263333.34,335027.39,456.29
2436,2495.9946,4263333.11,335028.3,456.71
2437,2497.0195,4263332.88,335029.21,457.12
2438,2498.0444,4263332.65,335030.12,457.54
2439,2499.0693,4263332.42,335031.02,457.95
2440,2500.0942,4263332.19,335031.93,458.36
2441,2501.1191,4263331.96,335032.84,458.78
2442,2502.144,4263331.73,335033.75,459.19
2443,2503.1689,4263331.5,335034.66,459.6
2444,2504.1938,4263331.26,335035.57,460.01
2445,2505.2187,4263331.03,335036.48,460.41
2446,2506.2436,4263330.8,335037.4,460.82
2447,2507.2685,4263330.56,335038.31,461.22
2448,2508.2934,4263330.33,335039.22,461.62
2449,2509.3183,4263330.1,335040.14,462.02
2450,2510.3432,4263329.86,335041.05,462.43
2451,2511.3681,4263329.63,335041.96,462.83
2452,2512.393,4263329.4,335042.88,463.22
2453,2513.4179,4263329.16,335043.8,463.62
2454,2514.4428,4263328.93,335044.72,464.01
2455,2515.4677,4263328.7,335045.63,464.41
2456,2516.4926,4263328.46,335046.55,464.8
2457,2517.5175,4263328.23,335047.47,465.19
2458,2518.5424,4263327.99,335048.38,465.59
2459,2519.5673,4263327.76,335049.3,465.97
2460,2520.5923,4263327.53,335050.23,466.35
2461,2521.6172,4263327.29,335051.15,466.72
2462,2522.6421,4263327.06,335052.08,467.09
2463,2523.667,4263326.82,335053,467.47
2464,2524.6919,4263326.59,335053.93,467.84
2465,2525.7168,4263326.35,335054.85,468.21
2466,2526.7417,4263326.12,335055.78,468.59
2467,2527.7666,4263325.89,335056.71,468.94
2468,2528.7915,4263325.65,335057.64,469.3
2469,2529.8164,4263325.42,335058.58,469.65
2470,2530.8413,4263325.19,335059.51,470.01
2471,2531.8662,4263324.96,335060.44,470.36
2472,2532.8911,4263324.72,335061.38,470.72
2473,2533.916,4263324.49,335062.31,471.08
2474,2534.9409,4263324.26,335063.24,471.43
2475,2535.9658,4263324.03,335064.18,471.77
2476,2536.9907,4263323.8,335065.12,472.12
2477,2538.0156,4263323.58,335066.05,472.47
2478,2539.0405,4263323.35,335066.99,472.81
2479,2540.0654,4263323.12,335067.93,473.16
2480,2541.0903,4263322.89,335068.86,473.51
2481,2542.1152,4263322.66,335069.8,473.85
2482,2543.1401,4263322.44,335070.74,474.19
2483,2544.165,4263322.22,335071.69,474.52
2484,2545.1899,4263321.99,335072.63,474.86
2485,2546.2148,4263321.77,335073.57,475.2
2486,2547.2398,4263321.54,335074.51,475.53
2487,2548.2647,4263321.32,335075.45,475.87
2488,2549.2896,4263321.09,335076.4,476.2
2489,2550.3145,4263320.87,335077.34,476.55
2490,2551.3394,4263320.65,335078.28,476.89
2491,2552.3643,4263320.43,335079.22,477.23
2492,2553.3892,4263320.21,335080.16,477.58
2493,2554.4141,4263319.99,335081.1,477.92
2494,2555.439,4263319.77,335082.04,478.26
2495,2556.4639,4263319.54,335082.98,478.61
2496,2557.4888,4263319.32,335083.91,478.96
2497,2558.5137,4263319.1,335084.85,479.32
2498,2559.5386,4263318.88,335085.78,479.68
2499,2560.5635,4263318.66,335086.71,480.04
2500,2561.5884,4263318.44,335087.65,480.4
2501,2562.6133,4263318.23,335088.58,480.77
2502,2563.6382,4263318.01,335089.51,481.13
2503,2564.6631,4263317.79,335090.45,481.49
2504,2565.688,4263317.56,335091.37,481.87
2505,2566.7129,4263317.34,335092.3,482.24
2506,2567.7378,4263317.12,335093.23,482.62
2507,2568.7627,4263316.9,335094.15,483
2508,2569.7876,4263316.68,335095.08,483.38
2509,2570.8125,4263316.46,335096.01,483.76
2510,2571.8374,4263316.24,335096.94,484.13
2511,2572.8623,4263316.02,335097.86,484.52
2512,2573.8872,4263315.8,335098.78,484.91
2513,2574.9122,4263315.58,335099.7,485.3
2514,2575.9371,4263315.35,335100.62,485.69
2515,2576.962,4263315.13,335101.54,486.08
2516,2577.9869,4263314.91,335102.47,486.47
2517,2579.0118,4263314.69,335103.39,486.86
2518,2580.0367,4263314.47,335104.31,487.25
2519,2581.0616,4263314.25,335105.23,487.65
2520,2582.0865,4263314.03,335106.14,488.05
2521,2583.1114,4263313.81,335107.06,488.46
2522,2584.1363,4263313.59,335107.98,488.86
2523,2585.1612,4263313.37,335108.89,489.26
2524,2586.1861,4263313.15,335109.81,489.66
2525,2587.211,4263312.94,335110.73,490.06
2526,2588.2359,4263312.72,335111.64,490.48
2527,2589.2608,4263312.51,335112.55,490.89
2528,2590.2857,4263312.29,335113.46,491.31
2529,2591.3106,4263312.08,335114.37,491.73
2530,2592.3355,4263311.87,335115.28,492.15
2531,2593.3604,4263311.65,335116.19,492.57
2532,2594.3853,4263311.44,335117.1,492.99
2533,2595.4102,4263311.23,335118.01,493.41
2534,2596.4351,4263311.02,335118.92,493.84
2535,2597.46,4263310.81,335119.82,494.27
2536,2598.4849,4263310.6,335120.73,494.71
2537,2599.5098,4263310.39,335121.64,495.14
2538,2600.5347,4263310.18,335122.54,495.57
2539,2601.5597,4263309.97,335123.45,496
2540,2602.5846,4263309.76,335124.35,496.43
2541,2603.6095,4263309.55,335125.26,496.87
2542,2604.6344,4263309.35,335126.16,497.31
2543,2605.6593,4263309.14,335127.06,497.75
2544,2606.6842,4263308.93,335127.97,498.18
2545,2607.7091,4263308.73,335128.87,498.62
2546,2608.734,4263308.52,335129.77,499.06
2547,2609.7589,4263308.32,335130.68,499.5
2548,2610.7838,4263308.11,335131.58,499.94
2549,2611.8087,4263307.91,335132.48,500.38
2550,2612.8336,4263307.7,335133.38,500.83
2551,2613.8585,4263307.5,335134.28,501.27
2552,2614.8834,4263307.3,335135.18,501.72
2553,2615.9083,4263307.09,335136.08,502.16
2554,2616.9332,4263306.89,335136.98,502.61
2555,2617.9581,4263306.69,335137.88,503.05
2556,2618.983,4263306.49,335138.78,503.51
2557,2620.0079,4263306.29,335139.68,503.96
2558,2621.0328,4263306.09,335140.58,504.41
2559,2622.0577,4263305.89,335141.47,504.86
2560,2623.0826,4263305.69,335142.37,505.31
2561,2624.1075,4263305.49,335143.27,505.77
2562,2625.1324,4263305.29,335144.17,506.22
2563,2626.1573,4263305.09,335145.07,506.67
2564,2627.1822,4263304.89,335145.96,507.13
2565,2628.2071,4263304.69,335146.86,507.58
2566,2629.2321,4263304.49,335147.75,508.04
2567,2630.257,4263304.29,335148.65,508.5
2568,2631.2819,4263304.1,335149.55,508.95
2569,2632.3068,4263303.9,335150.44,509.41
2570,2633.3317,4263303.7,335151.34,509.86
2571,2634.3566,4263303.5,335152.23,510.33
2572,2635.3815,4263303.3,335153.12,510.79
2573,2636.4064,4263303.11,335154.02,511.26
2574,2637.4313,4263302.91,335154.91,511.72
2575,2638.4562,4263302.71,335155.8,512.18
2576,2639.4811,4263302.51,335156.69,512.65
2577,2640.506,4263302.32,335157.59,513.11
2578,2641.5309,4263302.12,335158.48,513.58
2579,2642.5558,4263301.92,335159.36,514.05
2580,2643.5807,4263301.72,335160.25,514.52
2581,2644.6056,4263301.53,335161.14,515
2582,2645.6305,4263301.33,335162.03,515.47
2583,2646.6554,4263301.13,335162.92,515.94
2584,2647.6803,4263300.94,335163.8,516.41
2585,2648.7052,4263300.74,335164.69,516.89
2586,2649.7301,4263300.54,335165.59,517.35
2587,2650.755,4263300.34,335166.48,517.81
2588,2651.7799,4263300.15,335167.37,518.27
2589,2652.8048,4263299.95,335168.27,518.73
2590,2653.8297,4263299.75,335169.16,519.19
2591,2654.8546,4263299.56,335170.05,519.65
2592,2655.8796,4263299.36,335170.95,520.12
2593,2656.9045,4263299.16,335171.85,520.57
2594,2657.9294,4263298.97,335172.75,521.01
2595,2658.9543,4263298.77,335173.65,521.45
2596,2659.9792,4263298.57,335174.55,521.9
2597,2661.0041,4263298.38,335175.46,522.34
2598,2662.029,4263298.18,335176.36,522.78
2599,2663.0539,4263297.98,335177.26,523.23
2600,2664.0788,4263297.79,335178.17,523.67
2601,2665.1037,4263297.59,335179.08,524.1
2602,2666.1286,4263297.39,335179.98,524.53
2603,2667.1535,4263297.19,335180.89,524.96
2604,2668.1784,4263297,335181.8,525.39
2605,2669.2033,4263296.8,335182.71,525.82
2606,2670.2282,4263296.6,335183.62,526.25
2607,2671.2531,4263296.4,335184.53,526.68
2608,2672.278,4263296.2,335185.44,527.1
2609,2673.3029,4263296,335186.35,527.52
2610,2674.3278,4263295.8,335187.26,527.95
2611,2675.3527,4263295.6,335188.18,528.37
2612,2676.3776,4263295.4,335189.09,528.8
2613,2677.4025,4263295.2,335190,529.22
2614,2678.4274,4263295,335190.91,529.65
2615,2679.4523,4263294.8,335191.82,530.07
2616,2680.4772,4263294.59,335192.73,530.49
2617,2681.5021,4263294.38,335193.64,530.91
2618,2682.5271,4263294.18,335194.55,531.34
2619,2683.552,4263293.97,335195.46,531.76
2620,2684.5769,4263293.76,335196.37,532.18
2621,2685.6018,4263293.56,335197.28,532.6
2622,2686.6267,4263293.35,335198.19,533.03
2623,2687.6516,4263293.13,335199.11,533.44
2624,2688.6765,4263292.92,335200.02,533.86
2625,2689.7014,4263292.7,335200.93,534.27
2626,2690.7263,4263292.49,335201.84,534.69
2627,2691.7512,4263292.28,335202.75,535.1
2628,2692.7761,4263292.06,335203.67,535.52
2629,2693.801,4263291.85,335204.58,535.94
2630,2694.8259,4263291.63,335205.49,536.35
2631,2695.8508,4263291.41,335206.4,536.77
2632,2696.8757,4263291.18,335207.31,537.19
2633,2697.9006,4263290.96,335208.22,537.61
2634,2698.9255,4263290.74,335209.12,538.03
2635,2699.9504,4263290.52,335210.03,538.45
2636,2700.9753,4263290.3,335210.94,538.86
2637,2702.0002,4263290.08,335211.85,539.28
2638,2703.0251,4263289.85,335212.75,539.72
2639,2704.05,4263289.63,335213.65,540.15
2640,2705.0749,4263289.4,335214.55,540.59
2641,2706.0998,4263289.18,335215.45,541.02
2642,2707.1247,4263288.95,335216.35,541.45
2643,2708.1496,4263288.72,335217.25,541.89
2644,2709.1745,4263288.5,335218.15,542.32
2645,2710.1995,4263288.27,335219.05,542.77
2646,2711.2244,4263288.04,335219.94,543.22
2647,2712.2493,4263287.81,335220.83,543.67
2648,2713.2742,4263287.58,335221.72,544.12
2649,2714.2991,4263287.34,335222.61,544.57
2650,2715.324,4263287.11,335223.5,545.02
2651,2716.3489,4263286.88,335224.4,545.47
2652,2717.3738,4263286.65,335225.29,545.92
2653,2718.3987,4263286.41,335226.17,546.38
2654,2719.4236,4263286.17,335227.06,546.83
2655,2720.4485,4263285.94,335227.94,547.29
2656,2721.4734,4263285.7,335228.83,547.75
2657,2722.4983,4263285.46,335229.72,548.21
2658,2723.5232,4263285.23,335230.6,548.66
2659,2724.5481,4263284.99,335231.49,549.12
2660,2725.573,4263284.75,335232.37,549.59
2661,2726.5979,4263284.51,335233.25,550.06
2662,2727.6228,4263284.27,335234.13,550.52
2663,2728.6477,4263284.03,335235.01,550.99
2664,2729.6726,4263283.79,335235.89,551.46
2665,2730.6975,4263283.56,335236.77,551.93
2666,2731.7224,4263283.32,335237.65,552.39
2667,2732.7473,4263283.08,335238.53,552.87
2668,2733.7722,4263282.84,335239.4,553.35
2669,2734.7971,4263282.6,335240.28,553.82
2670,2735.822,4263282.36,335241.15,554.3
2671,2736.847,4263282.12,335242.02,554.78
2672,2737.8719,4263281.88,335242.9,555.26
2673,2738.8968,4263281.65,335243.77,555.74
2674,2739.9217,4263281.41,335244.65,556.22
2675,2740.9466,4263281.17,335245.51,556.72
2676,2741.9715,4263280.93,335246.37,557.21
2677,2742.9964,4263280.7,335247.24,557.71
2678,2744.0213,4263280.46,335248.1,558.21
2679,2745.0462,4263280.22,335248.96,558.71
2680,2746.0711,4263279.99,335249.83,559.21
2681,2747.096,4263279.75,335250.69,559.71
2682,2748.1209,4263279.51,335251.55,560.21
2683,2749.1458,4263279.28,335252.41,560.72
2684,2750.1707,4263279.04,335253.27,561.23
2685,2751.1956,4263278.81,335254.12,561.74
2686,2752.2205,4263278.57,335254.98,562.25
2687,2753.2454,4263278.34,335255.84,562.76
2688,2754.2703,4263278.1,335256.7,563.27
2689,2755.2952,4263277.86,335257.55,563.78
2690,2756.3201,4263277.63,335258.41,564.3
2691,2757.345,4263277.4,335259.27,564.81
2692,2758.3699,4263277.17,335260.13,565.32
2693,2759.3948,4263276.94,335260.98,565.83
2694,2760.4197,4263276.7,335261.84,566.34
2695,2761.4446,4263276.47,335262.7,566.85
2696,2762.4695,4263276.24,335263.56,567.36
2697,2763.4944,4263276.01,335264.41,567.87
2698,2764.5194,4263275.78,335265.27,568.38
2699,2765.5443,4263275.55,335266.13,568.89
2700,2766.5692,4263275.32,335266.99,569.4
2701,2767.5941,4263275.09,335267.85,569.92
2702,2768.619,4263274.86,335268.7,570.43
2703,2769.6439,4263274.63,335269.56,570.94
2704,2770.6688,4263274.4,335270.42,571.45
2705,2771.6937,4263274.17,335271.28,571.96
2706,2772.7186,4263273.94,335272.14,572.47
2707,2773.7435,4263273.72,335273,572.97
2708,2774.7684,4263273.49,335273.86,573.48
2709,2775.7933,4263273.26,335274.72,573.99
2710,2776.8182,4263273.04,335275.58,574.5
2711,2777.8431,4263272.81,335276.44,575.01
2712,2778.868,4263272.59,335277.3,575.51
2713,2779.8929,4263272.36,335278.17,576.02
2714,2780.9178,4263272.14,335279.03,576.52
2715,2781.9427,4263271.91,335279.9,577.03
2716,2782.9676,4263271.69,335280.76,577.53
2717,2783.9925,4263271.46,335281.62,578.03
2718,2785.0174,4263271.24,335282.49,578.54
2719,2786.0423,4263271.01,335283.35,579.04
2720,2787.0672,4263270.79,335284.21,579.55
2721,2788.0921,4263270.56,335285.08,580.05
2722,2789.117,4263270.34,335285.94,580.55
2723,2790.1419,4263270.11,335286.81,581.06
2724,2791.1669,4263269.89,335287.67,581.56
2725,2792.1918,4263269.66,335288.54,582.06
2726,2793.2167,4263269.44,335289.4,582.57
2727,2794.2416,4263269.21,335290.27,583.07
2728,2795.2665,4263268.99,335291.13,583.57
2729,2796.2914,4263268.76,335292,584.07
2730,2797.3163,4263268.54,335292.86,584.57
2731,2798.3412,4263268.31,335293.73,585.07
2732,2799.3661,4263268.09,335294.59,585.57
2733,2800.391,4263267.86,335295.46,586.07
2734,2801.4159,4263267.64,335296.33,586.56
2735,2802.4408,4263267.41,335297.2,587.05
2736,2803.4657,4263267.18,335298.07,587.54
2737,2804.4906,4263266.96,335298.94,588.04
2738,2805.5155,4263266.73,335299.81,588.53
2739,2806.5404,4263266.51,335300.68,589.02
2740,2807.5653,4263266.28,335301.55,589.51
2741,2808.5902,4263266.05,335302.42,590
2742,2809.6151,4263265.83,335303.3,590.48
2743,2810.64,4263265.6,335304.18,590.96
2744,2811.6649,4263265.38,335305.05,591.44
2745,2812.6898,4263265.15,335305.93,591.92
2746,2813.7147,4263264.93,335306.81,592.4
2747,2814.7396,4263264.7,335307.68,592.88
2748,2815.7645,4263264.48,335308.56,593.36
2749,2816.7894,4263264.25,335309.44,593.84
2750,2817.8144,4263264.03,335310.32,594.31
2751,2818.8393,4263263.81,335311.2,594.78
2752,2819.8642,4263263.58,335312.09,595.25
2753,2820.8891,4263263.36,335312.97,595.72
2754,2821.914,4263263.13,335313.85,596.19
2755,2822.9389,4263262.91,335314.74,596.67
2756,2823.9638,4263262.69,335315.62,597.14
2757,2824.9887,4263262.47,335316.51,597.6
2758,2826.0136,4263262.25,335317.39,598.06
2759,2827.0385,4263262.03,335318.28,598.52
2760,2828.0634,4263261.8,335319.17,598.98
2761,2829.0883,4263261.58,335320.06,599.45
2762,2830.1132,4263261.36,335320.94,599.91
2763,2831.1381,4263261.14,335321.83,600.37
2764,2832.163,4263260.92,335322.72,600.82
2765,2833.1879,4263260.7,335323.62,601.27
2766,2834.2128,4263260.48,335324.51,601.72
2767,2835.2377,4263260.26,335325.41,602.17
2768,2836.2626,4263260.04,335326.3,602.62
2769,2837.2875,4263259.82,335327.2,603.07
2770,2838.3124,4263259.6,335328.09,603.52
2771,2839.3373,4263259.38,335328.99,603.97
2772,2840.3622,4263259.17,335329.89,604.41
2773,2841.3871,4263258.95,335330.79,604.85
2774,2842.412,4263258.74,335331.69,605.29
2775,2843.4369,4263258.52,335332.59,605.73
2776,2844.4618,4263258.3,335333.49,606.17
2777,2845.4868,4263258.09,335334.39,606.61
2778,2846.5117,4263257.87,335335.29,607.05
2779,2847.5366,4263257.66,335336.18,607.5
2780,2848.5615,4263257.45,335337.08,607.95
2781,2849.5864,4263257.24,335337.97,608.41
2782,2850.6113,4263257.03,335338.87,608.86
2783,2851.6362,4263256.82,335339.76,609.31
2784,2852.6611,4263256.6,335340.66,609.76
2785,2853.686,4263256.39,335341.55,610.21
2786,2854.7109,4263256.18,335342.45,610.67
2787,2855.7358,4263255.98,335343.34,611.12
2788,2856.7607,4263255.77,335344.23,611.58
2789,2857.7856,4263255.56,335345.13,612.04
2790,2858.8105,4263255.35,335346.02,612.5
2791,2859.8354,4263255.15,335346.91,612.96
2792,2860.8603,4263254.94,335347.8,613.42
2793,2861.8852,4263254.73,335348.7,613.88
2794,2862.9101,4263254.53,335349.59,614.33
2795,2863.935,4263254.32,335350.49,614.79
2796,2864.9599,4263254.12,335351.38,615.24
2797,2865.9848,4263253.91,335352.28,615.7
2798,2867.0097,4263253.71,335353.17,616.15
2799,2868.0346,4263253.5,335354.07,616.61
2800,2869.0595,4263253.3,335354.96,617.06
2801,2870.0844,4263253.09,335355.86,617.52
2802,2871.1093,4263252.89,335356.75,617.97
2803,2872.1343,4263252.69,335357.65,618.43
2804,2873.1592,4263252.49,335358.54,618.89
2805,2874.1841,4263252.28,335359.44,619.34
2806,2875.209,4263252.08,335360.34,619.8
2807,2876.2339,4263251.88,335361.23,620.26
2808,2877.2588,4263251.68,335362.13,620.71
2809,2878.2837,4263251.48,335363.02,621.17
2810,2879.3086,4263251.28,335363.91,621.63
2811,2880.3335,4263251.08,335364.81,622.09
2812,2881.3584,4263250.88,335365.7,622.55
2813,2882.3833,4263250.68,335366.6,623
2814,2883.4082,4263250.48,335367.49,623.46
2815,2884.4331,4263250.28,335368.39,623.92
2816,2885.458,4263250.08,335369.28,624.38
2817,2886.4829,4263249.89,335370.17,624.85
2818,2887.5078,4263249.69,335371.06,625.31
2819,2888.5327,4263249.49,335371.96,625.78
2820,2889.5576,4263249.29,335372.85,626.24
2821,2890.5825,4263249.09,335373.74,626.71
2822,2891.6074,4263248.89,335374.63,627.17
2823,2892.6323,4263248.69,335375.52,627.64
2824,2893.6572,4263248.49,335376.41,628.11
2825,2894.6821,4263248.3,335377.29,628.59
2826,2895.707,4263248.1,335378.18,629.06
2827,2896.7319,4263247.9,335379.07,629.53
2828,2897.7568,4263247.7,335379.95,630.01
2829,2898.7817,4263247.5,335380.84,630.48
2830,2899.8067,4263247.3,335381.73,630.96
2831,2900.8316,4263247.1,335382.61,631.43
2832,2901.8565,4263246.91,335383.5,631.91
2833,2902.8814,4263246.71,335384.38,632.39
2834,2903.9063,4263246.51,335385.26,632.87
2835,2904.9312,4263246.31,335386.15,633.35
2836,2905.9561,4263246.11,335387.03,633.83
2837,2906.981,4263245.91,335387.92,634.31
2838,2908.0059,4263245.71,335388.8,634.79
2839,2909.0308,4263245.51,335389.68,635.28
2840,2910.0557,4263245.31,335390.56,635.76
2841,2911.0806,4263245.11,335391.44,636.24
2842,2912.1055,4263244.91,335392.32,636.73
2843,2913.1304,4263244.71,335393.2,637.21
2844,2914.1553,4263244.51,335394.08,637.69
2845,2915.1802,4263244.31,335394.97,638.18
2846,2916.2051,4263244.1,335395.85,638.66
2847,2917.23,4263243.9,335396.73,639.14
2848,2918.2549,4263243.7,335397.61,639.63
2849,2919.2798,4263243.5,335398.49,640.11
2850,2920.3047,4263243.3,335399.37,640.59
2851,2921.3296,4263243.09,335400.25,641.07
2852,2922.3545,4263242.89,335401.13,641.56
2853,2923.3794,4263242.69,335402.01,642.04
2854,2924.4043,4263242.49,335402.89,642.52
2855,2925.4292,4263242.28,335403.78,643.01
2856,2926.4542,4263242.08,335404.66,643.49
2857,2927.4791,4263241.88,335405.54,643.97
2858,2928.504,4263241.67,335406.42,644.45
2859,2929.5289,4263241.47,335407.3,644.94
2860,2930.5538,4263241.27,335408.18,645.42
2861,2931.5787,4263241.07,335409.06,645.9
2862,2932.6036,4263240.86,335409.94,646.38
2863,2933.6285,4263240.66,335410.83,646.87
2864,2934.6534,4263240.46,335411.71,647.35
2865,2935.6783,4263240.26,335412.59,647.83
2866,2936.7032,4263240.06,335413.47,648.31
2867,2937.7281,4263239.85,335414.35,648.8
2868,2938.753,4263239.65,335415.23,649.28
2869,2939.7779,4263239.45,335416.11,649.76
2870,2940.8028,4263239.25,335417,650.24
2871,2941.8277,4263239.05,335417.88,650.73
2872,2942.8526,4263238.85,335418.76,651.21
2873,2943.8775,4263238.64,335419.64,651.69
2874,2944.9024,4263238.44,335420.52,652.17
2875,2945.9273,4263238.24,335421.4,652.66
2876,2946.9522,4263238.04,335422.28,653.14
2877,2947.9771,4263237.84,335423.16,653.63
2878,2949.002,4263237.63,335424.04,654.11
2879,2950.0269,4263237.43,335424.92,654.6
2880,2951.0518,4263237.23,335425.8,655.08
2881,2952.0767,4263237.03,335426.68,655.57
2882,2953.1017,4263236.83,335427.56,656.05
2883,2954.1266,4263236.63,335428.44,656.54
2884,2955.1515,4263236.42,335429.32,657.03
2885,2956.1764,4263236.22,335430.2,657.52
2886,2957.2013,4263236.02,335431.07,658.01
2887,2958.2262,4263235.81,335431.95,658.5
2888,2959.2511,4263235.61,335432.83,658.98
2889,2960.276,4263235.41,335433.71,659.47
2890,2961.3009,4263235.2,335434.58,659.96
2891,2962.3258,4263234.99,335435.46,660.46
2892,2963.3507,4263234.79,335436.33,660.95
2893,2964.3756,4263234.58,335437.2,661.44
2894,2965.4005,4263234.37,335438.08,661.94
2895,2966.4254,4263234.17,335438.95,662.43
2896,2967.4503,4263233.96,335439.83,662.93
2897,2968.4752,4263233.75,335440.7,663.42
2898,2969.5001,4263233.55,335441.57,663.92
2899,2970.525,4263233.34,335442.44,664.42
2900,2971.5499,4263233.13,335443.31,664.92
2901,2972.5748,4263232.92,335444.18,665.42
2902,2973.5997,4263232.71,335445.05,665.92
2903,2974.6246,4263232.5,335445.92,666.41
2904,2975.6495,4263232.29,335446.79,666.91
2905,2976.6744,4263232.08,335447.66,667.41
2906,2977.6993,4263231.87,335448.53,667.92
2907,2978.7242,4263231.66,335449.4,668.42
2908,2979.7491,4263231.46,335450.27,668.92
2909,2980.7741,4263231.25,335451.14,669.42
2910,2981.799,4263231.04,335452.01,669.92
2911,2982.8239,4263230.83,335452.88,670.42
2912,2983.8488,4263230.62,335453.75,670.92
2913,2984.8737,4263230.41,335454.62,671.42
2914,2985.8986,4263230.2,335455.49,671.92
2915,2986.9235,4263229.99,335456.35,672.43
2916,2987.9484,4263229.77,335457.22,672.93
2917,2988.9733,4263229.56,335458.09,673.43
2918,2989.9982,4263229.35,335458.96,673.93
2919,2991.0231,4263229.14,335459.83,674.43
2920,2992.048,4263228.93,335460.7,674.93
2921,2993.0729,4263228.71,335461.56,675.44
2922,2994.0978,4263228.5,335462.43,675.94
2923,2995.1227,4263228.29,335463.29,676.45
2924,2996.1476,4263228.07,335464.16,676.95
2925,2997.1725,4263227.86,335465.02,677.46
2926,2998.1974,4263227.64,335465.89,677.96
2927,2999.2223,4263227.43,335466.76,678.47
2928,3000.2472,4263227.21,335467.62,678.98
2929,3001.2721,4263227,335468.48,679.49
2930,3002.297,4263226.78,335469.34,680
2931,3003.3219,4263226.56,335470.2,680.51
2932,3004.3468,4263226.34,335471.06,681.02
2933,3005.3717,4263226.13,335471.93,681.53
2934,3006.3966,4263225.91,335472.79,682.04
2935,3007.4216,4263225.69,335473.65,682.55
2936,3008.4465,4263225.47,335474.52,683.05
2937,3009.4714,4263225.25,335475.38,683.56
2938,3010.4963,4263225.03,335476.25,684.06
2939,3011.5212,4263224.81,335477.11,684.57
2940,3012.5461,4263224.59,335477.98,685.07
2941,3013.571,4263224.37,335478.84,685.58
2942,3014.5959,4263224.15,335479.71,686.08
2943,3015.6208,4263223.93,335480.58,686.57
2944,3016.6457,4263223.71,335481.45,687.06
2945,3017.6706,4263223.49,335482.32,687.55
2946,3018.6955,4263223.27,335483.2,688.04
2947,3019.7204,4263223.05,335484.07,688.53
2948,3020.7453,4263222.83,335484.94,689.02
2949,3021.7702,4263222.61,335485.81,689.51
2950,3022.7951,4263222.4,335486.69,690
2951,3023.82,4263222.18,335487.57,690.47
2952,3024.8449,4263221.96,335488.45,690.95
2953,3025.8698,4263221.74,335489.33,691.43
2954,3026.8947,4263221.52,335490.21,691.91
2955,3027.9196,4263221.3,335491.09,692.39
2956,3028.9445,4263221.09,335491.97,692.87
2957,3029.9694,4263220.87,335492.85,693.35
2958,3030.9943,4263220.65,335493.73,693.82
2959,3032.0192,4263220.44,335494.62,694.29
2960,3033.0441,4263220.22,335495.5,694.76
2961,3034.069,4263220.01,335496.39,695.23
2962,3035.094,4263219.79,335497.27,695.7
2963,3036.1189,4263219.57,335498.16,696.17
2964,3037.1438,4263219.36,335499.04,696.64
2965,3038.1687,4263219.14,335499.93,697.1
2966,3039.1936,4263218.93,335500.82,697.56
2967,3040.2185,4263218.71,335501.71,698.02
2968,3041.2434,4263218.5,335502.6,698.48
2969,3042.2683,4263218.28,335503.49,698.94
2970,3043.2932,4263218.07,335504.38,699.4
2971,3044.3181,4263217.86,335505.27,699.86
2972,3045.343,4263217.64,335506.17,700.32
2973,3046.3679,4263217.43,335507.06,700.77
2974,3047.3928,4263217.22,335507.96,701.22
2975,3048.4177,4263217.01,335508.85,701.67
2976,3049.4426,4263216.8,335509.75,702.13
2977,3050.4675,4263216.59,335510.64,702.58
2978,3051.4924,4263216.37,335511.54,703.03
2979,3052.5173,4263216.16,335512.43,703.48
2980,3053.5422,4263215.95,335513.34,703.92
2981,3054.5671,4263215.75,335514.24,704.36
2982,3055.592,4263215.54,335515.14,704.8
2983,3056.6169,4263215.33,335516.04,705.24
2984,3057.6418,4263215.13,335516.95,705.68
2985,3058.6667,4263214.92,335517.85,706.12
2986,3059.6916,4263214.71,335518.75,706.56
2987,3060.7165,4263214.51,335519.66,706.99
2988,3061.7415,4263214.3,335520.56,707.42
2989,3062.7664,4263214.1,335521.47,707.85
2990,3063.7913,4263213.9,335522.38,708.27
2991,3064.8162,4263213.69,335523.29,708.7
2992,3065.8411,4263213.49,335524.2,709.13
2993,3066.866,4263213.29,335525.11,709.56
2994,3067.8909,4263213.09,335526.02,709.99
2995,3068.9158,4263212.88,335526.93,710.41
2996,3069.9407,4263212.68,335527.84,710.83
2997,3070.9656,4263212.48,335528.76,711.25
2998,3071.9905,4263212.28,335529.67,711.67
2999,3073.0154,4263212.08,335530.58,712.08
3000,3074.0403,4263211.88,335531.5,712.5
3001,3075.0652,4263211.68,335532.41,712.92
3002,3076.0901,4263211.48,335533.33,713.34
3003,3077.115,4263211.28,335534.24,713.75
3004,3078.1399,4263211.08,335535.16,714.16
3005,3079.1648,4263210.87,335536.08,714.57
3006,3080.1897,4263210.67,335537,714.98
3007,3081.2146,4263210.47,335537.91,715.39
3008,3082.2395,4263210.27,335538.83,715.8
3009,3083.2644,4263210.07,335539.75,716.2
3010,3084.2893,4263209.86,335540.67,716.61
3011,3085.3142,4263209.65,335541.59,717.01
3012,3086.3391,4263209.45,335542.51,717.41
3013,3087.364,4263209.24,335543.43,717.81
3014,3088.389,4263209.03,335544.35,718.21
3015,3089.4139,4263208.83,335545.27,718.62
3016,3090.4388,4263208.62,335546.19,719.02
3017,3091.4637,4263208.4,335547.11,719.42
3018,3092.4886,4263208.18,335548.02,719.82
3019,3093.5135,4263207.96,335548.94,720.22
3020,3094.5384,4263207.74,335549.86,720.62
3021,3095.5633,4263207.52,335550.78,721.02
3022,3096.5882,4263207.3,335551.69,721.42
3023,3097.6131,4263207.08,335552.61,721.82
3024,3098.638,4263206.86,335553.53,722.22
3025,3099.6629,4263206.62,335554.44,722.62
3026,3100.6878,4263206.39,335555.36,723.02
3027,3101.7127,4263206.16,335556.27,723.42
3028,3102.7376,4263205.93,335557.19,723.82
3029,3103.7625,4263205.7,335558.1,724.22
3030,3104.7874,4263205.46,335559.01,724.62
3031,3105.8123,4263205.23,335559.93,725.02
3032,3106.8372,4263204.99,335560.84,725.42
3033,3107.8621,4263204.76,335561.75,725.82
3034,3108.887,4263204.52,335562.67,726.22
3035,3109.9119,4263204.28,335563.58,726.62
3036,3110.9368,4263204.04,335564.49,727.02
3037,3111.9617,4263203.8,335565.41,727.42
3038,3112.9866,4263203.56,335566.32,727.82
3039,3114.0115,4263203.33,335567.23,728.22
3040,3115.0364,4263203.09,335568.14,728.63
3041,3116.0614,4263202.85,335569.05,729.03
3042,3117.0863,4263202.61,335569.97,729.43
3043,3118.1112,4263202.38,335570.88,729.84
3044,3119.1361,4263202.14,335571.79,730.24
3045,3120.161,4263201.9,335572.7,730.65
3046,3121.1859,4263201.67,335573.61,731.06
3047,3122.2108,4263201.43,335574.51,731.48
3048,3123.2357,4263201.2,335575.42,731.91
3049,3124.2606,4263200.97,335576.32,732.34
3050,3125.2855,4263200.73,335577.22,732.76
3051,3126.3104,4263200.5,335578.12,733.19
3052,3127.3353,4263200.27,335579.02,733.62
3053,3128.3602,4263200.03,335579.93,734.04
3054,3129.3851,4263199.8,335580.82,734.48
3055,3130.41,4263199.57,335581.72,734.93
3056,3131.4349,4263199.34,335582.61,735.37
3057,3132.4598,4263199.11,335583.51,735.81
3058,3133.4847,4263198.88,335584.4,736.26
3059,3134.5096,4263198.65,335585.3,736.7
3060,3135.5345,4263198.42,335586.19,737.14
3061,3136.5594,4263198.19,335587.09,737.58
3062,3137.5843,4263197.96,335587.98,738.03
3063,3138.6092,4263197.73,335588.88,738.47
3064,3139.6341,4263197.5,335589.77,738.92
3065,3140.659,4263197.27,335590.67,739.36
3066,3141.6839,4263197.04,335591.56,739.8
3067,3142.7089,4263196.81,335592.45,740.25
3068,3143.7338,4263196.58,335593.35,740.69
3069,3144.7587,4263196.35,335594.24,741.13
3070,3145.7836,4263196.12,335595.14,741.57
3071,3146.8085,4263195.89,335596.04,742.02
3072,3147.8334,4263195.66,335596.93,742.46
3073,3148.8583,4263195.43,335597.83,742.9
3074,3149.8832,4263195.2,335598.73,743.34
3075,3150.9081,4263194.97,335599.62,743.78
3076,3151.933,4263194.75,335600.52,744.22
3077,3152.9579,4263194.53,335601.42,744.65
3078,3153.9828,4263194.3,335602.33,745.08
3079,3155.0077,4263194.08,335603.23,745.52
3080,3156.0326,4263193.86,335604.13,745.95
3081,3157.0575,4263193.64,335605.03,746.38
3082,3158.0824,4263193.42,335605.94,746.81
3083,3159.1073,4263193.19,335606.84,747.24
3084,3160.1322,4263192.98,335607.75,747.66
3085,3161.1571,4263192.77,335608.66,748.08
3086,3162.182,4263192.55,335609.57,748.5
3087,3163.2069,4263192.34,335610.48,748.92
3088,3164.2318,4263192.13,335611.39,749.33
3089,3165.2567,4263191.91,335612.31,749.75
3090,3166.2816,4263191.7,335613.22,750.17
3091,3167.3065,4263191.49,335614.13,750.58
3092,3168.3314,4263191.28,335615.05,751
3093,3169.3563,4263191.07,335615.96,751.41
3094,3170.3813,4263190.87,335616.88,751.82
3095,3171.4062,4263190.66,335617.79,752.23
3096,3172.4311,4263190.45,335618.71,752.64
3097,3173.456,4263190.24,335619.62,753.05
3098,3174.4809,4263190.04,335620.54,753.46
3099,3175.5058,4263189.83,335621.46,753.87
3100,3176.5307,4263189.63,335622.37,754.28
3101,3177.5556,4263189.42,335623.29,754.69
3102,3178.5805,4263189.22,335624.21,755.1
3103,3179.6054,4263189.01,335625.12,755.51
3104,3180.6303,4263188.81,335626.04,755.92
3105,3181.6552,4263188.6,335626.96,756.33
3106,3182.6801,4263188.4,335627.87,756.74
3107,3183.705,4263188.2,335628.79,757.16
3108,3184.7299,4263188,335629.71,757.57
3109,3185.7548,4263187.79,335630.62,757.98
3110,3186.7797,4263187.59,335631.54,758.39
3111,3187.8046,4263187.39,335632.46,758.8
3112,3188.8295,4263187.19,335633.37,759.21
3113,3189.8544,4263186.99,335634.29,759.62
3114,3190.8793,4263186.78,335635.21,760.03
3115,3191.9042,4263186.58,335636.13,760.44
3116,3192.9291,4263186.38,335637.04,760.85
3117,3193.954,4263186.17,335637.96,761.26
3118,3194.9789,4263185.97,335638.88,761.67
3119,3196.0038,4263185.77,335639.8,762.07
3120,3197.0288,4263185.56,335640.71,762.48
3121,3198.0537,4263185.36,335641.63,762.89
3122,3199.0786,4263185.15,335642.55,763.29
3123,3200.1035,4263184.95,335643.47,763.69
3124,3201.1284,4263184.74,335644.39,764.09
3125,3202.1533,4263184.53,335645.31,764.49
3126,3203.1782,4263184.33,335646.23,764.9
3127,3204.2031,4263184.12,335647.15,765.3
3128,3205.228,4263183.92,335648.07,765.7
3129,3206.2529,4263183.71,335648.99,766.1
3130,3207.2778,4263183.51,335649.92,766.5
3131,3208.3027,4263183.3,335650.84,766.9
3132,3209.3276,4263183.1,335651.76,767.3
3133,3210.3525,4263182.89,335652.68,767.69
3134,3211.3774,4263182.69,335653.6,768.09
3135,3212.4023,4263182.48,335654.52,768.49
3136,3213.4272,4263182.28,335655.45,768.89
3137,3214.4521,4263182.07,335656.37,769.29
3138,3215.477,4263181.87,335657.29,769.69
3139,3216.5019,4263181.67,335658.21,770.08
3140,3217.5268,4263181.46,335659.14,770.48
3141,3218.5517,4263181.26,335660.06,770.88
3142,3219.5766,4263181.05,335660.98,771.28
3143,3220.6015,4263180.85,335661.9,771.67
3144,3221.6264,4263180.64,335662.83,772.07
3145,3222.6513,4263180.43,335663.75,772.47
3146,3223.6763,4263180.23,335664.67,772.86
3147,3224.7012,4263180.02,335665.59,773.26
3148,3225.7261,4263179.81,335666.51,773.66
3149,3226.751,4263179.61,335667.44,774.05
3150,3227.7759,4263179.4,335668.36,774.45
3151,3228.8008,4263179.19,335669.28,774.85
3152,3229.8257,4263178.99,335670.2,775.25
3153,3230.8506,4263178.78,335671.12,775.66
3154,3231.8755,4263178.57,335672.04,776.06
3155,3232.9004,4263178.37,335672.96,776.46
3156,3233.9253,4263178.16,335673.88,776.86
3157,3234.9502,4263177.95,335674.8,777.26
3158,3235.9751,4263177.75,335675.72,777.67
3159,3237,4263177.54,335676.63,778.08
3160,3238.0249,,,
3161,3239.0498,,,
3162,3240.0747,,,
3163,3241.0996,,,
3164,3242.1245,,,
3165,3243.1494,,,
3166,3244.1743,,,
3167,3245.1992,,,
3168,3246.2241,,,
3169,3247.249,,,
3170,3248.2739,,,
3171,3249.2988,,,
3172,3250.3237,,,
3173,3251.3487,,,
3174,3252.3736,,,
3175,3253.3985,,,
3176,3254.4234,,,
3177,3255.4483,,,
3178,3256.4732,,,
3179,3257.4981,,,
3180,3258.523,,,
3181,3259.5479,,,
3182,3260.5728,,,
3183,3261.5977,,,
3184,3262.6226,,,
3185,3263.6475,,,
3186,3264.6724,,,
3187,3265.6973,,,
3188,3266.7222,,,
3189,3267.7471,,,
3190,3268.772,,,
3191,3269.7969,,,
3192,3270.8218,,,
3193,3271.8467,,,
3194,3272.8716,,,
3195,3273.8965,,,
3196,3274.9214,,,
3197,3275.9463,,,
3198,3276.9712,,,
3199,3277.9962,,,
3200,3279.0211,,,
3201,3280.046,,,
3202,3281.0709,,,
3203,3282.0958,,,
3204,3283.1207,,,
3205,3284.1456,,,
3206,3285.1705,,,
3207,3286.1954,,,
3208,3287.2203,,,
3209,3288.2452,,,
3210,3289.2701,,,
3211,3290.295,,,
3212,3291.3199,,,
3213,3292.3448,,,
3214,3293.3697,,,
3215,3294.3946,,,
3216,3295.4195,,,
3217,3296.4444,,,
3218,3297.4693,,,
3219,3298.4942,,,
3220,3299.5191,,,
3221,3300.544,,,
3222,3301.5689,,,
3223,3302.5938,,,
3224,3303.6187,,,
3225,3304.6437,,,
3226,3305.6686,,,
3227,3306.6935,,,
3228,3307.7184,,,
3229,3308.7433,,,
3230,3309.7682,,,
3231,3310.7931,,,
3232,3311.818,,,
3233,3312.8429,,,
3234,3313.8678,,,
3235,3314.8927,,,
3236,3315.9176,,,
3237,3316.9425,,,
3238,3317.9674,,,
3239,3318.9923,,,
3240,3320.0172,,,
3241,3321.0421,,,
3242,3322.067,,,
3243,3323.0919,,,
3244,3324.1168,,,
3245,3325.1417,,,
3246,3326.1666,,,
3247,3327.1915,,,
3248,3328.2164,,,
3249,3329.2413,,,
3250,3330.2662,,,
3251,3331.2911,,,
3252,3332.3161,,,
3253,3333.341,,,
3254,3334.3659,,,
3255,3335.3908,,,
3256,3336.4157,,,
3257,3337.4406,,,
3258,3338.4655,,,
3259,3339.4904,,,
3260,3340.5153,,,
3261,3341.5402,,,
3262,3342.5651,,,
3263,3343.59,,,
3264,3344.6149,,,
3265,0.2677,,,
3266,1.2893,,,
3267,2.3109,,,
3268,3.3325,,,
3269,4.3542,,,
3270,5.3758,,,
3271,6.3974,,,
3272,7.4191,,,
3273,8.4407,,,
3274,9.4623,,,
3275,10.4839,,,
3276,11.5056,,,
3277,12.5272,,,
3278,13.5488,,,
3279,14.5705,,,
3280,15.5921,,,
3281,16.6137,,,
3282,17.6353,,,
3283,18.657,,,
3284,19.6786,,,
3285,20.7002,,,
3286,21.7219,,,
3287,22.7435,,,
3288,23.7651,,,
3289,24.7867,,,
3290,25.8084,,,
3291,26.83,,,
3292,27.8516,,,
3293,28.8732,,,
3294,29.8949,,,
3295,30.9165,,,
3296,31.9381,,,
3297,32.9598,,,
3298,33.9814,,,
3299,35.003,,,
3300,36.0246,,,
3301,37.0463,,,
3302,38.0679,,,
3303,39.0895,,,
3304,40.1112,,,
3305,41.1328,,,
3306,42.1544,,,
3307,43.176,,,
3308,44.1977,,,
3309,45.2193,,,
3310,46.2409,,,
3311,47.2626,,,
3312,48.2842,,,
3313,49.3058,,,
3314,50.3274,,,
3315,51.3491,,,
3316,52.3707,,,
3317,53.3923,,,
3318,54.414,,,
3319,55.4356,,,
3320,56.4572,,,
3321,57.4788,,,
3322,58.5005,,,
3323,59.5221,,,
3324,60.5437,,,
3325,61.5653,,,
3326,62.587,,,
3327,63.6086,,,
3328,64.6302,,,
3329,65.6519,,,
3330,66.6735,,,
3331,67.6951,,,
3332,68.7167,,,
3333,69.7384,,,
3334,70.76,4262984,335865.5,-1705.62
3335,71.7816,4262984,335865.5,-1704.59
3336,72.8033,4262984,335865.5,-1703.57
3337,73.8249,4262984,335865.5,-1702.55
3338,74.8465,4262984,335865.5,-1701.53
3339,75.8681,4262984,335865.5,-1700.51
3340,76.8898,4262984,335865.5,-1699.49
3341,77.9114,4262984,335865.5,-1698.46
3342,78.933,4262984,335865.5,-1697.44
3343,79.9547,4262984,335865.5,-1696.42
3344,80.9763,4262984,335865.5,-1695.4
3345,81.9979,4262984,335865.5,-1694.38
3346,83.0195,4262984,335865.5,-1693.36
3347,84.0412,4262984,335865.5,-1692.33
3348,85.0628,4262984,335865.5,-1691.31
3349,86.0844,4262984,335865.5,-1690.29
3350,87.106,4262984,335865.5,-1689.27
3351,88.1277,4262984,335865.5,-1688.25
3352,89.1493,4262984,335865.5,-1687.23
3353,90.1709,4262984,335865.5,-1686.21
3354,91.1926,4262984,335865.5,-1685.18
3355,92.2142,4262984,335865.5,-1684.16
3356,93.2358,4262984,335865.5,-1683.14
3357,94.2574,4262984,335865.5,-1682.12
3358,95.2791,4262984,335865.5,-1681.1
3359,96.3007,4262984,335865.5,-1680.08
3360,97.3223,4262984,335865.5,-1679.05
3361,98.344,4262984,335865.5,-1678.03
3362,99.3656,4262984,335865.5,-1677.01
3363,100.3872,4262984,335865.5,-1675.99
3364,101.4088,4262984,335865.5,-1674.97
3365,102.4305,4262984,335865.5,-1673.95
3366,103.4521,4262984,335865.5,-1672.92
3367,104.4737,4262984,335865.5,-1671.9
3368,105.4954,4262984,335865.5,-1670.88
3369,106.517,4262984,335865.5,-1669.86
3370,107.5386,4262984,335865.5,-1668.84
3371,108.5602,4262984,335865.5,-1667.82
3372,109.5819,4262984,335865.5,-1666.79
3373,110.6035,4262984,335865.5,-1665.77
3374,111.6251,4262984,335865.5,-1664.75
3375,112.6468,4262984,335865.5,-1663.73
3376,113.6684,4262984,335865.5,-1662.71
3377,114.69,4262984,335865.5,-1661.69
3378,115.7116,4262984,335865.5,-1660.66
3379,116.7333,4262984,335865.5,-1659.64
3380,117.7549,4262984,335865.5,-1658.62
3381,118.7765,4262984,335865.5,-1657.6
3382,119.7981,4262984,335865.5,-1656.58
3383,120.8198,4262984,335865.5,-1655.56
3384,121.8414,4262984,335865.5,-1654.53
3385,122.863,4262984,335865.5,-1653.51
3386,123.8847,4262984,335865.5,-1652.49
3387,124.9063,4262984,335865.5,-1651.47
3388,125.9279,4262984,335865.5,-1650.45
3389,126.9495,4262984,335865.5,-1649.43
3390,127.9712,4262984,335865.5,-1648.4
3391,128.9928,4262984,335865.5,-1647.38
3392,130.0144,4262984,335865.5,-1646.36
3393,131.0361,4262984,335865.5,-1645.34
3394,132.0577,4262984,335865.5,-1644.32
3395,133.0793,4262984,335865.5,-1643.3
3396,134.1009,4262984,335865.5,-1642.28
3397,135.1226,4262984,335865.5,-1641.25
3398,136.1442,4262984,335865.5,-1640.23
3399,137.1658,4262984,335865.5,-1639.21
3400,138.1875,4262984,335865.5,-1638.19
3401,139.2091,4262984,335865.5,-1637.17
3402,140.2307,4262984,335865.5,-1636.15
3403,141.2523,4262984,335865.5,-1635.12
3404,142.274,4262984,335865.5,-1634.1
3405,143.2956,4262984,335865.5,-1633.08
3406,144.3172,4262984,335865.5,-1632.06
3407,145.3389,4262984,335865.5,-1631.04
3408,146.3605,4262984,335865.5,-1630.02
3409,147.3821,4262984,335865.5,-1628.99
3410,148.4037,4262984,335865.5,-1627.97
3411,149.4254,4262984,335865.5,-1626.95
3412,150.447,4262984,335865.5,-1625.93
3413,151.4686,4262984,335865.5,-1624.91
3414,152.4902,4262984,335865.5,-1623.89
3415,153.5119,4262984,335865.5,-1622.86
3416,154.5335,4262984,335865.5,-1621.84
3417,155.5551,4262984,335865.5,-1620.82
3418,156.5768,4262984,335865.5,-1619.8
3419,157.5984,4262984,335865.5,-1618.78
3420,158.62,4262984,335865.5,-1617.76
3421,159.6416,4262984,335865.5,-1616.73
3422,160.6633,4262984,335865.5,-1615.71
3423,161.6849,4262984,335865.5,-1614.69
3424,162.7065,4262984,335865.5,-1613.67
3425,163.7282,4262984,335865.5,-1612.65
3426,164.7498,4262984,335865.5,-1611.63
3427,165.7714,4262984,335865.5,-1610.6
3428,166.793,4262984,335865.5,-1609.58
3429,167.8147,4262984,335865.5,-1608.56
3430,168.8363,4262984,335865.5,-1607.54
3431,169.8579,4262984,335865.5,-1606.52
3432,170.8796,4262984,335865.5,-1605.5
3433,171.9012,4262984,335865.5,-1604.47
3434,172.9228,4262984,335865.5,-1603.45
3435,173.9444,4262984,335865.5,-1602.43
3436,174.9661,4262984,335865.5,-1601.41
3437,175.9877,4262984,335865.5,-1600.39
3438,177.0093,4262984,335865.5,-1599.37
3439,178.031,4262984,335865.5,-1598.35
3440,179.0526,4262984,335865.5,-1597.32
3441,180.0742,4262984,335865.5,-1596.3
3442,181.0958,4262984,335865.5,-1595.28
3443,182.1175,4262984,335865.5,-1594.26
3444,183.1391,4262984,335865.5,-1593.24
3445,184.1607,4262984,335865.5,-1592.22
3446,185.1823,4262984,335865.5,-1591.19
3447,186.204,4262984,335865.5,-1590.17
3448,187.2256,4262984,335865.5,-1589.15
3449,188.2472,4262984,335865.5,-1588.13
3450,189.2689,4262984,335865.5,-1587.11
3451,190.2905,4262984,335865.5,-1586.09
3452,191.3121,4262984,335865.5,-1585.06
3453,192.3337,4262984,335865.5,-1584.04
3454,193.3554,4262984,335865.5,-1583.02
3455,194.377,4262984,335865.5,-1582
3456,195.3986,4262984,335865.5,-1580.98
3457,196.4203,4262984,335865.5,-1579.96
3458,197.4419,4262984,335865.5,-1578.93
3459,198.4635,4262984,335865.5,-1577.91
3460,199.4851,4262984,335865.5,-1576.89
3461,200.5068,4262984,335865.5,-1575.87
3462,201.5284,4262984,335865.5,-1574.85
3463,202.55,4262984,335865.5,-1573.83
3464,203.5717,4262984,335865.5,-1572.8
3465,204.5933,4262984,335865.5,-1571.78
3466,205.6149,4262984,335865.5,-1570.76
3467,206.6365,4262984,335865.5,-1569.74
3468,207.6582,4262984,335865.5,-1568.72
3469,208.6798,4262984,335865.5,-1567.7
3470,209.7014,4262984,335865.5,-1566.67
3471,210.7231,4262984,335865.5,-1565.65
3472,211.7447,4262984,335865.5,-1564.63
3473,212.7663,4262984,335865.5,-1563.61
3474,213.7879,4262984,335865.5,-1562.59
3475,214.8096,4262984,335865.5,-1561.57
3476,215.8312,4262984,335865.5,-1560.54
3477,216.8528,4262984,335865.5,-1559.52
3478,217.8744,4262984,335865.5,-1558.5
3479,218.8961,4262984,335865.5,-1557.48
3480,219.9177,4262984,335865.5,-1556.46
3481,220.9393,4262984,335865.5,-1555.44
3482,221.961,4262984,335865.5,-1554.42
3483,222.9826,4262984,335865.5,-1553.39
3484,224.0042,4262984,335865.5,-1552.37
3485,225.0258,4262984,335865.5,-1551.35
3486,226.0475,4262984,335865.5,-1550.33
3487,227.0691,4262984,335865.5,-1549.31
3488,228.0907,4262984,335865.5,-1548.29
3489,229.1124,4262984,335865.5,-1547.26
3490,230.134,4262984,335865.5,-1546.24
3491,231.1556,4262984,335865.5,-1545.22
3492,232.1772,4262984,335865.5,-1544.2
3493,233.1989,4262984,335865.5,-1543.18
3494,234.2205,4262984,335865.5,-1542.16
3495,235.2421,4262984,335865.5,-1541.13
3496,236.2638,4262984,335865.5,-1540.11
3497,237.2854,4262984,335865.5,-1539.09
3498,238.307,4262984,335865.5,-1538.07
3499,239.3286,4262984,335865.5,-1537.05
3500,240.3503,4262984,335865.5,-1536.03
3501,241.3719,4262984,335865.5,-1535
3502,242.3935,4262984,335865.5,-1533.98
3503,243.4151,4262984,335865.5,-1532.96
3504,244.4368,4262984,335865.5,-1531.94
3505,245.4584,4262984,335865.5,-1530.92
3506,246.48,4262984,335865.5,-1529.9
3507,247.5017,4262984,335865.5,-1528.87
3508,248.5233,4262984,335865.5,-1527.85
3509,249.5449,4262984,335865.5,-1526.83
3510,250.5665,4262984,335865.5,-1525.81
3511,251.5882,4262984,335865.5,-1524.79
3512,252.6098,4262984,335865.5,-1523.77
3513,253.6314,4262984,335865.5,-1522.74
3514,254.6531,4262984,335865.5,-1521.72
3515,255.6747,4262984,335865.5,-1520.7
3516,256.6963,4262984,335865.5,-1519.68
3517,257.7179,4262984,335865.5,-1518.66
3518,258.7396,4262984,335865.5,-1517.64
3519,259.7612,4262984,335865.5,-1516.61
3520,260.7828,4262984,335865.5,-1515.59
3521,261.8045,4262984,335865.5,-1514.57
3522,262.8261,4262984,335865.5,-1513.55
3523,263.8477,4262984,335865.5,-1512.53
3524,264.8693,4262984,335865.5,-1511.51
3525,265.891,4262984,335865.5,-1510.49
3526,266.9126,4262984,335865.5,-1509.46
3527,267.9342,4262984,335865.5,-1508.44
3528,268.9559,4262984,335865.5,-1507.42
3529,269.9775,4262984,335865.5,-1506.4
3530,270.9991,4262984,335865.5,-1505.38
3531,272.0207,4262984,335865.5,-1504.36
3532,273.0424,4262984,335865.5,-1503.33
3533,274.064,4262984,335865.5,-1502.31
3534,275.0856,4262984,335865.5,-1501.29
3535,276.1072,4262984,335865.5,-1500.27
3536,277.1289,4262984,335865.5,-1499.25
3537,278.1505,4262984,335865.5,-1498.23
3538,279.1721,4262984,335865.5,-1497.2
3539,280.1938,4262984,335865.5,-1496.18
3540,281.2154,4262984,335865.5,-1495.16
3541,282.237,4262984,335865.5,-1494.14
3542,283.2586,4262984,335865.5,-1493.12
3543,284.2803,4262984,335865.5,-1492.1
3544,285.3019,4262984,335865.5,-1491.07
3545,286.3235,4262984,335865.5,-1490.05
3546,287.3452,4262984,335865.5,-1489.03
3547,288.3668,4262984,335865.5,-1488.01
3548,289.3884,4262984,335865.5,-1486.99
3549,290.41,4262984,335865.5,-1485.97
3550,291.4317,4262984,335865.5,-1484.94
3551,292.4533,4262984,335865.5,-1483.92
3552,293.4749,4262984,335865.5,-1482.9
3553,294.4966,4262984,335865.5,-1481.88
3554,295.5182,4262984,335865.5,-1480.86
3555,296.5398,4262984,335865.5,-1479.84
3556,297.5614,4262984,335865.5,-1478.81
3557,298.5831,4262984,335865.5,-1477.79
3558,299.6047,4262984,335865.5,-1476.77
3559,300.6263,4262984,335865.5,-1475.75
3560,301.648,4262984,335865.5,-1474.73
3561,302.6696,4262984,335865.5,-1473.71
3562,303.6912,4262984,335865.5,-1472.68
3563,304.7128,4262984,335865.5,-1471.66
3564,305.7345,4262984,335865.5,-1470.64
3565,306.7561,4262984,335865.5,-1469.62
3566,307.7777,4262984,335865.5,-1468.6
3567,308.7993,4262984,335865.5,-1467.58
3568,309.821,4262984,335865.5,-1466.56
3569,310.8426,4262984,335865.5,-1465.53
3570,311.8642,4262984,335865.5,-1464.51
3571,312.8859,4262984,335865.5,-1463.49
3572,313.9075,4262984,335865.5,-1462.47
3573,314.9291,4262984,335865.5,-1461.45
3574,315.9507,4262984,335865.5,-1460.43
3575,316.9724,4262984,335865.5,-1459.4
3576,317.994,4262984,335865.5,-1458.38
3577,319.0156,4262984,335865.5,-1457.36
3578,320.0373,4262984,335865.5,-1456.34
3579,321.0589,4262984,335865.5,-1455.32
3580,322.0805,4262984,335865.5,-1454.3
3581,323.1021,4262984,335865.5,-1453.27
3582,324.1238,4262984,335865.5,-1452.25
3583,325.1454,4262984,335865.5,-1451.23
3584,326.167,4262984,335865.5,-1450.21
3585,327.1887,4262984,335865.5,-1449.19
3586,328.2103,4262984,335865.5,-1448.17
3587,329.2319,4262984,335865.5,-1447.14
3588,330.2535,4262984,335865.5,-1446.12
3589,331.2752,4262984,335865.5,-1445.1
3590,332.2968,4262984,335865.5,-1444.08
3591,333.3184,4262984,335865.5,-1443.06
3592,334.3401,4262984,335865.5,-1442.04
3593,335.3617,4262984,335865.5,-1441.01
3594,336.3833,4262984,335865.5,-1439.99
3595,337.4049,4262984,335865.5,-1438.97
3596,338.4266,4262984,335865.5,-1437.95
3597,339.4482,4262984,335865.5,-1436.93
3598,340.4698,4262984,335865.5,-1435.91
3599,341.4914,4262984,335865.5,-1434.88
3600,342.5131,4262984,335865.5,-1433.86
3601,343.5347,4262984,335865.5,-1432.84
3602,344.5563,4262984,335865.5,-1431.82
3603,345.578,4262984,335865.5,-1430.8
3604,346.5996,4262984,335865.5,-1429.78
3605,347.6212,4262984,335865.5,-1428.75
3606,348.6428,4262984,335865.5,-1427.73
3607,349.6645,4262984,335865.5,-1426.71
3608,350.6861,4262984,335865.5,-1425.69
3609,351.7077,4262984,335865.5,-1424.67
3610,352.7294,4262984,335865.5,-1423.65
3611,353.751,4262984,335865.5,-1422.63
3612,354.7726,4262984,335865.5,-1421.6
3613,355.7942,4262984,335865.5,-1420.58
3614,356.8159,4262984,335865.5,-1419.56
3615,357.8375,4262984,335865.5,-1418.54
3616,358.8591,4262984,335865.5,-1417.52
3617,359.8808,4262984,335865.5,-1416.5
3618,360.9024,4262984,335865.5,-1415.47
3619,361.924,4262984,335865.5,-1414.45
3620,362.9456,4262984,335865.5,-1413.43
3621,363.9673,4262984,335865.5,-1412.41
3622,364.9889,4262984,335865.5,-1411.39
3623,366.0105,4262984,335865.5,-1410.37
3624,367.0322,4262984,335865.5,-1409.34
3625,368.0538,4262984,335865.5,-1408.32
3626,369.0754,4262984,335865.5,-1407.3
3627,370.097,4262984,335865.5,-1406.28
3628,371.1187,4262984,335865.5,-1405.26
3629,372.1403,4262984,335865.5,-1404.24
3630,373.1619,4262984,335865.5,-1403.21
3631,374.1835,4262984,335865.5,-1402.19
3632,375.2052,4262984,335865.5,-1401.17
3633,376.2268,4262984,335865.5,-1400.15
3634,377.2484,4262984,335865.5,-1399.13
3635,378.2701,4262984,335865.5,-1398.11
3636,379.2917,4262984,335865.5,-1397.08
3637,380.3133,4262984,335865.5,-1396.06
3638,381.3349,4262984,335865.5,-1395.04
3639,382.3566,4262984,335865.5,-1394.02
3640,383.3782,4262984,335865.5,-1393
3641,384.3998,4262984,335865.5,-1391.98
3642,385.4215,4262984,335865.5,-1390.95
3643,386.4431,4262984,335865.5,-1389.93
3644,387.4647,4262984,335865.5,-1388.91
3645,388.4863,4262984,335865.5,-1387.89
3646,389.508,4262984,335865.5,-1386.87
3647,390.5296,4262984,335865.5,-1385.85
3648,391.5512,4262984,335865.5,-1384.82
3649,392.5729,4262984,335865.5,-1383.8
3650,393.5945,4262984,335865.5,-1382.78
3651,394.6161,4262984,335865.5,-1381.76
3652,395.6377,4262984,335865.5,-1380.74
3653,396.6594,4262984,335865.5,-1379.72
3654,397.681,4262984,335865.5,-1378.7
3655,398.7026,4262984,335865.5,-1377.67
3656,399.7243,4262984,335865.5,-1376.65
3657,400.7459,4262984,335865.5,-1375.63
3658,401.7675,4262984,335865.5,-1374.61
3659,402.7891,4262984,335865.5,-1373.59
3660,403.8108,4262984,335865.5,-1372.57
3661,404.8324,4262984,335865.5,-1371.54
3662,405.854,4262984,335865.5,-1370.52
3663,406.8756,4262984,335865.5,-1369.5
3664,407.8973,4262984,335865.5,-1368.48
3665,408.9189,4262984,335865.5,-1367.46
3666,409.9405,4262984,335865.5,-1366.44
3667,410.9622,4262984,335865.5,-1365.41
3668,411.9838,4262984,335865.5,-1364.39
3669,413.0054,4262984,335865.5,-1363.37
3670,414.027,4262984,335865.5,-1362.35
3671,415.0487,4262984,335865.5,-1361.33
3672,416.0703,4262984,335865.5,-1360.31
3673,417.0919,4262984,335865.5,-1359.28
3674,418.1136,4262984,335865.5,-1358.26
3675,419.1352,4262984,335865.5,-1357.24
3676,420.1568,4262984,335865.5,-1356.22
3677,421.1784,4262984,335865.5,-1355.2
3678,422.2001,4262984,335865.5,-1354.18
3679,423.2217,4262984,335865.5,-1353.15
3680,424.2433,4262984,335865.5,-1352.13
3681,425.265,4262984,335865.5,-1351.11
3682,426.2866,4262984,335865.5,-1350.09
3683,427.3082,4262984,335865.5,-1349.07
3684,428.3298,4262984,335865.5,-1348.05
3685,429.3515,4262984,335865.5,-1347.02
3686,430.3731,4262984,335865.5,-1346
3687,431.3947,4262984,335865.5,-1344.98
3688,432.4163,4262984,335865.5,-1343.96
3689,433.438,4262984,335865.5,-1342.94
3690,434.4596,4262984,335865.5,-1341.92
3691,435.4812,4262984,335865.5,-1340.89
3692,436.5029,4262984,335865.5,-1339.87
3693,437.5245,4262984,335865.5,-1338.85
3694,438.5461,4262984,335865.5,-1337.83
3695,439.5677,4262984,335865.5,-1336.81
3696,440.5894,4262984,335865.5,-1335.79
3697,441.611,4262984,335865.5,-1334.76
3698,442.6326,4262984,335865.5,-1333.74
3699,443.6543,4262984,335865.5,-1332.72
3700,444.6759,4262984,335865.5,-1331.7
3701,445.6975,4262984,335865.5,-1330.68
3702,446.7191,4262984,335865.5,-1329.66
3703,447.7408,4262984,335865.5,-1328.64
3704,448.7624,4262984,335865.5,-1327.61
3705,449.784,4262984,335865.5,-1326.59
3706,450.8057,4262984,335865.5,-1325.57
3707,451.8273,4262984,335865.5,-1324.55
3708,452.8489,4262984,335865.5,-1323.53
3709,453.8705,4262984,335865.5,-1322.51
3710,454.8922,4262984,335865.5,-1321.48
3711,455.9138,4262984,335865.5,-1320.46
3712,456.9354,4262984,335865.5,-1319.44
3713,457.9571,4262984,335865.5,-1318.42
3714,458.9787,4262984,335865.5,-1317.4
3715,460.0003,4262984,335865.5,-1316.38
3716,461.0219,4262984,335865.5,-1315.35
3717,462.0436,4262984,335865.5,-1314.33
3718,463.0652,4262984,335865.5,-1313.31
3719,464.0868,4262984,335865.5,-1312.29
3720,465.1084,4262984,335865.5,-1311.27
3721,466.1301,4262984,335865.5,-1310.25
3722,467.1517,4262984,335865.5,-1309.22
3723,468.1733,4262984,335865.5,-1308.2
3724,469.195,4262984,335865.5,-1307.18
3725,470.2166,4262984,335865.5,-1306.16
3726,471.2382,4262984,335865.5,-1305.14
3727,472.2598,4262984,335865.5,-1304.12
3728,473.2815,4262984,335865.5,-1303.09
3729,474.3031,4262984,335865.5,-1302.07
3730,475.3247,4262984,335865.5,-1301.05
3731,476.3464,4262984,335865.5,-1300.03
3732,477.368,4262984,335865.5,-1299.01
3733,478.3896,4262984,335865.5,-1297.99
3734,479.4112,4262984,335865.5,-1296.96
3735,480.4329,4262984,335865.5,-1295.94
3736,481.4545,4262984,335865.5,-1294.92
3737,482.4761,4262984,335865.5,-1293.9
3738,483.4978,4262984,335865.5,-1292.88
3739,484.5194,4262984,335865.5,-1291.86
3740,485.541,4262984,335865.5,-1290.83
3741,486.5626,4262984,335865.5,-1289.81
3742,487.5843,4262984,335865.5,-1288.79
3743,488.6059,4262984,335865.5,-1287.77
3744,489.6275,4262984,335865.5,-1286.75
3745,490.6492,4262984,335865.5,-1285.73
3746,491.6708,4262984,335865.5,-1284.71
3747,492.6924,4262984,335865.5,-1283.68
3748,493.714,4262984,335865.5,-1282.66
3749,494.7357,4262984,335865.5,-1281.64
3750,495.7573,4262984,335865.5,-1280.62
3751,496.7789,4262984,335865.5,-1279.6
3752,497.8005,4262984,335865.5,-1278.58
3753,498.8222,4262984,335865.5,-1277.55
3754,499.8438,4262984,335865.5,-1276.53
3755,500.8654,4262984,335865.5,-1275.51
3756,501.8871,4262984,335865.5,-1274.49
3757,502.9087,4262984,335865.5,-1273.47
3758,503.9303,4262984,335865.5,-1272.45
3759,504.9519,4262984,335865.5,-1271.42
3760,505.9736,4262984,335865.5,-1270.4
3761,506.9952,4262984,335865.5,-1269.38
3762,508.0168,4262984,335865.5,-1268.36
3763,509.0385,4262984,335865.5,-1267.34
3764,510.0601,4262984,335865.5,-1266.32
3765,511.0817,4262984,335865.5,-1265.29
3766,512.1033,4262984,335865.5,-1264.27
3767,513.125,4262984,335865.5,-1263.25
3768,514.1466,4262984,335865.5,-1262.23
3769,515.1682,4262984,335865.5,-1261.21
3770,516.1899,4262984,335865.5,-1260.19
3771,517.2115,4262984,335865.5,-1259.16
3772,518.2331,4262984,335865.5,-1258.14
3773,519.2547,4262984,335865.5,-1257.12
3774,520.2764,4262984,335865.5,-1256.1
3775,521.298,4262984,335865.5,-1255.08
3776,522.3196,4262984,335865.5,-1254.06
3777,523.3413,4262984,335865.5,-1253.03
3778,524.3629,4262984,335865.5,-1252.01
3779,525.3845,4262984,335865.5,-1250.99
3780,526.4061,4262984,335865.5,-1249.97
3781,527.4278,4262984,335865.5,-1248.95
3782,528.4494,4262984,335865.5,-1247.93
3783,529.471,4262984,335865.5,-1246.9
3784,530.4926,4262984,335865.5,-1245.88
3785,531.5143,4262984,335865.5,-1244.86
3786,532.5359,4262984,335865.5,-1243.84
3787,533.5575,4262984,335865.5,-1242.82
3788,534.5792,4262984,335865.5,-1241.8
3789,535.6008,4262984,335865.5,-1240.78
3790,536.6224,4262984,335865.5,-1239.75
3791,537.644,4262984,335865.5,-1238.73
3792,538.6657,4262984,335865.5,-1237.71
3793,539.6873,4262984,335865.5,-1236.69
3794,540.7089,4262984,335865.5,-1235.67
3795,541.7306,4262984,335865.5,-1234.65
3796,542.7522,4262984,335865.5,-1233.62
3797,543.7738,4262984,335865.5,-1232.6
3798,544.7954,4262984,335865.5,-1231.58
3799,545.8171,4262984,335865.5,-1230.56
3800,546.8387,4262984,335865.5,-1229.54
3801,547.8603,4262984,335865.5,-1228.52
3802,548.882,4262984,335865.5,-1227.49
3803,549.9036,4262984,335865.5,-1226.47
3804,550.9252,4262984,335865.5,-1225.45
3805,551.9468,4262984,335865.5,-1224.43
3806,552.9685,4262984,335865.5,-1223.41
3807,553.9901,4262984,335865.5,-1222.39
3808,555.0117,4262984,335865.5,-1221.36
3809,556.0334,4262984,335865.5,-1220.34
3810,557.055,4262984,335865.5,-1219.32
3811,558.0766,4262984,335865.5,-1218.3
3812,559.0982,4262984,335865.5,-1217.28
3813,560.1199,4262984,335865.5,-1216.26
3814,561.1415,4262984,335865.5,-1215.23
3815,562.1631,4262984,335865.5,-1214.21
3816,563.1847,4262984,335865.5,-1213.19
3817,564.2064,4262984,335865.5,-1212.17
3818,565.228,4262984,335865.5,-1211.15
3819,566.2496,4262984,335865.5,-1210.13
3820,567.2713,4262984,335865.5,-1209.1
3821,568.2929,4262984,335865.5,-1208.08
3822,569.3145,4262984,335865.5,-1207.06
3823,570.3361,4262984,335865.5,-1206.04
3824,571.3578,4262984,335865.5,-1205.02
3825,572.3794,4262984,335865.5,-1204
3826,573.401,4262984,335865.5,-1202.97
3827,574.4227,4262984,335865.5,-1201.95
3828,575.4443,4262984,335865.5,-1200.93
3829,576.4659,4262984,335865.5,-1199.91
3830,577.4875,4262984,335865.5,-1198.89
3831,578.5092,4262984,335865.5,-1197.87
3832,579.5308,4262984,335865.5,-1196.85
3833,580.5524,4262984,335865.5,-1195.82
3834,581.5741,4262984,335865.5,-1194.8
3835,582.5957,4262984,335865.5,-1193.78
3836,583.6173,4262984,335865.5,-1192.76
3837,584.6389,4262984,335865.5,-1191.74
3838,585.6606,4262984,335865.5,-1190.72
3839,586.6822,4262984,335865.5,-1189.69
3840,587.7038,4262984,335865.5,-1188.67
3841,588.7254,4262984,335865.5,-1187.65
3842,589.7471,4262984,335865.5,-1186.63
3843,590.7687,4262984,335865.5,-1185.61
3844,591.7903,4262984,335865.5,-1184.59
3845,592.812,4262984,335865.5,-1183.56
3846,593.8336,4262984,335865.5,-1182.54
3847,594.8552,4262984,335865.5,-1181.52
3848,595.8768,4262984,335865.5,-1180.5
3849,596.8985,4262984,335865.5,-1179.48
3850,597.9201,4262984,335865.5,-1178.46
3851,598.9417,4262984,335865.5,-1177.43
3852,599.9634,4262984,335865.5,-1176.41
3853,600.985,4262984,335865.5,-1175.39
3854,602.0066,4262984,335865.5,-1174.37
3855,603.0282,4262984,335865.5,-1173.35
3856,604.0499,4262984,335865.5,-1172.33
3857,605.0715,4262984,335865.5,-1171.3
3858,606.0931,4262984,335865.5,-1170.28
3859,607.1148,4262984,335865.5,-1169.26
3860,608.1364,4262984,335865.5,-1168.24
3861,609.158,4262984,335865.5,-1167.22
3862,610.1796,4262984,335865.5,-1166.2
3863,611.2013,4262984,335865.5,-1165.17
3864,612.2229,4262984,335865.5,-1164.15
3865,613.2445,4262984,335865.5,-1163.13
3866,614.2662,4262984,335865.5,-1162.11
3867,615.2878,4262984,335865.5,-1161.09
3868,616.3094,4262984,335865.5,-1160.07
3869,617.331,4262984,335865.5,-1159.04
3870,618.3527,4262984,335865.5,-1158.02
3871,619.3743,4262984,335865.5,-1157
3872,620.3959,4262984,335865.5,-1155.98
3873,621.4175,4262984,335865.5,-1154.96
3874,622.4392,4262984,335865.5,-1153.94
3875,623.4608,4262984,335865.5,-1152.92
3876,624.4824,4262984,335865.5,-1151.89
3877,625.5041,4262984,335865.5,-1150.87
3878,626.5257,4262984,335865.5,-1149.85
3879,627.5473,4262984,335865.5,-1148.83
3880,628.5689,4262984,335865.5,-1147.81
3881,629.5906,4262984,335865.5,-1146.79
3882,630.6122,4262984,335865.5,-1145.76
3883,631.6338,4262984,335865.5,-1144.74
3884,632.6555,4262984,335865.5,-1143.72
3885,633.6771,4262984,335865.5,-1142.7
3886,634.6987,4262984,335865.5,-1141.68
3887,635.7203,4262984,335865.5,-1140.66
3888,636.742,4262984,335865.5,-1139.63
3889,637.7636,4262984,335865.5,-1138.61
3890,638.7852,4262984,335865.5,-1137.59
3891,639.8069,4262984,335865.5,-1136.57
3892,640.8285,4262984,335865.5,-1135.55
3893,641.8501,4262984,335865.5,-1134.53
3894,642.8717,4262984,335865.5,-1133.5
3895,643.8934,4262984,335865.5,-1132.48
3896,644.915,4262984,335865.5,-1131.46
3897,645.9366,4262984,335865.5,-1130.44
3898,646.9583,4262984,335865.5,-1129.42
3899,647.9799,4262984,335865.5,-1128.4
3900,649.0015,4262984,335865.5,-1127.37
3901,650.0231,4262984,335865.5,-1126.35
3902,651.0448,4262984,335865.5,-1125.33
3903,652.0664,4262984,335865.5,-1124.31
3904,653.088,4262984,335865.5,-1123.29
3905,654.1096,4262984,335865.5,-1122.27
3906,655.1313,4262984,335865.5,-1121.24
3907,656.1529,4262984,335865.5,-1120.22
3908,657.1745,4262984,335865.5,-1119.2
3909,658.1962,4262984,335865.5,-1118.18
3910,659.2178,4262984,335865.5,-1117.16
3911,660.2394,4262984,335865.5,-1116.14
3912,661.261,4262984,335865.5,-1115.11
3913,662.2827,4262984,335865.5,-1114.09
3914,663.3043,4262984,335865.5,-1113.07
3915,664.3259,4262984,335865.5,-1112.05
3916,665.3476,4262984,335865.5,-1111.03
3917,666.3692,4262984,335865.5,-1110.01
3918,667.3908,4262984,335865.5,-1108.99
3919,668.4124,4262984,335865.5,-1107.96
3920,669.4341,4262984,335865.5,-1106.94
3921,670.4557,4262984,335865.5,-1105.92
3922,671.4773,4262984,335865.5,-1104.9
3923,672.499,4262984,335865.5,-1103.88
3924,673.5206,4262984,335865.5,-1102.86
3925,674.5422,4262984,335865.5,-1101.83
3926,675.5638,4262984,335865.5,-1100.81
3927,676.5855,4262984,335865.5,-1099.79
3928,677.6071,4262984,335865.5,-1098.77
3929,678.6287,4262984,335865.5,-1097.75
3930,679.6504,4262984,335865.5,-1096.73
3931,680.672,4262984,335865.5,-1095.7
3932,681.6936,4262984,335865.5,-1094.68
3933,682.7152,4262984,335865.5,-1093.66
3934,683.7369,4262984,335865.5,-1092.64
3935,684.7585,4262984,335865.5,-1091.62
3936,685.7801,4262984,335865.5,-1090.6
3937,686.8017,4262984,335865.5,-1089.57
3938,687.8234,4262984,335865.5,-1088.55
3939,688.845,4262984,335865.5,-1087.53
3940,689.8666,4262984,335865.5,-1086.51
3941,690.8883,4262984,335865.5,-1085.49
3942,691.9099,4262984,335865.5,-1084.47
3943,692.9315,4262984,335865.5,-1083.44
3944,693.9531,4262984,335865.5,-1082.42
3945,694.9748,4262984,335865.5,-1081.4
3946,695.9964,4262984,335865.5,-1080.38
3947,697.018,4262984,335865.5,-1079.36
3948,698.0397,4262984,335865.5,-1078.34
3949,699.0613,4262984,335865.5,-1077.31
3950,700.0829,4262984,335865.5,-1076.29
3951,701.1045,4262984,335865.5,-1075.27
3952,702.1262,4262984,335865.5,-1074.25
3953,703.1478,4262984,335865.5,-1073.23
3954,704.1694,4262984,335865.5,-1072.21
3955,705.1911,4262984,335865.5,-1071.18
3956,706.2127,4262984,335865.5,-1070.16
3957,707.2343,4262984,335865.5,-1069.14
3958,708.2559,4262984,335865.5,-1068.12
3959,709.2776,4262984,335865.5,-1067.1
3960,710.2992,4262984,335865.5,-1066.08
3961,711.3208,4262984,335865.5,-1065.06
3962,712.3425,4262984,335865.5,-1064.03
3963,713.3641,4262984,335865.5,-1063.01
3964,714.3857,4262984,335865.5,-1061.99
3965,715.4073,4262984,335865.5,-1060.97
3966,716.429,4262984,335865.5,-1059.95
3967,717.4506,4262984,335865.5,-1058.93
3968,718.4722,4262984,335865.5,-1057.9
3969,719.4938,4262984,335865.5,-1056.88
3970,720.5155,4262984,335865.5,-1055.86
3971,721.5371,4262984,335865.5,-1054.84
3972,722.5587,4262984,335865.5,-1053.82
3973,723.5804,4262984,335865.5,-1052.8
3974,724.602,4262984,335865.5,-1051.77
3975,725.6236,4262984,335865.5,-1050.75
3976,726.6452,4262984,335865.5,-1049.73
3977,727.6669,4262984,335865.5,-1048.71
3978,728.6885,4262984,335865.5,-1047.69
3979,729.7101,4262984,335865.5,-1046.67
3980,730.7318,4262984,335865.5,-1045.64
3981,731.7534,4262984,335865.5,-1044.62
3982,732.775,4262984,335865.5,-1043.6
3983,733.7966,4262984,335865.5,-1042.58
3984,734.8183,4262984,335865.5,-1041.56
3985,735.8399,4262984,335865.5,-1040.54
3986,736.8615,4262984,335865.5,-1039.51
3987,737.8832,4262984,335865.5,-1038.49
3988,738.9048,4262984,335865.5,-1037.47
3989,739.9264,4262984,335865.5,-1036.45
3990,740.948,4262984,335865.5,-1035.43
3991,741.9697,4262984,335865.5,-1034.41
3992,742.9913,4262984,335865.5,-1033.38
3993,744.0129,4262984,335865.5,-1032.36
3994,745.0346,4262984,335865.5,-1031.34
3995,746.0562,4262984,335865.5,-1030.32
3996,747.0778,4262984,335865.5,-1029.3
3997,748.0994,4262984,335865.5,-1028.28
3998,749.1211,4262984,335865.5,-1027.25
3999,750.1427,4262984,335865.5,-1026.23
4000,751.1643,4262984,335865.5,-1025.21
4001,752.1859,4262984,335865.5,-1024.19
4002,753.2076,4262984,335865.5,-1023.17
4003,754.2292,4262984,335865.5,-1022.15
4004,755.2508,4262984,335865.5,-1021.13
4005,756.2725,4262984,335865.5,-1020.1
4006,757.2941,4262984,335865.5,-1019.08
4007,758.3157,4262984,335865.5,-1018.06
4008,759.3373,4262984,335865.5,-1017.04
4009,760.359,4262984,335865.5,-1016.02
4010,761.3806,4262984,335865.5,-1015
4011,762.4022,4262984,335865.5,-1013.97
4012,763.4239,4262984,335865.5,-1012.95
4013,764.4455,4262984,335865.5,-1011.93
4014,765.4671,4262984,335865.5,-1010.91
4015,766.4887,4262984,335865.5,-1009.89
4016,767.5104,4262984,335865.5,-1008.87
4017,768.532,4262984,335865.5,-1007.84
4018,769.5536,4262984,335865.5,-1006.82
4019,770.5753,4262984,335865.5,-1005.8
4020,771.5969,4262984,335865.5,-1004.78
4021,772.6185,4262984,335865.5,-1003.76
4022,773.6401,4262984,335865.5,-1002.74
4023,774.6618,4262984,335865.5,-1001.71
4024,775.6834,4262984,335865.5,-1000.69
4025,776.705,4262984,335865.5,-999.67
4026,777.7266,4262984,335865.5,-998.65
4027,778.7483,4262984,335865.5,-997.63
4028,779.7699,4262984,335865.5,-996.61
4029,780.7915,4262984,335865.5,-995.58
4030,781.8132,4262984,335865.5,-994.56
4031,782.8348,4262984,335865.5,-993.54
4032,783.8564,4262984,335865.5,-992.52
4033,784.878,4262984,335865.5,-991.5
4034,785.8997,4262984,335865.5,-990.48
4035,786.9213,4262984,335865.5,-989.45
4036,787.9429,4262984,335865.5,-988.43
4037,788.9646,4262984,335865.5,-987.41
4038,789.9862,4262984,335865.5,-986.39
4039,791.0078,4262984,335865.5,-985.37
4040,792.0294,4262984,335865.5,-984.35
4041,793.0511,4262984,335865.5,-983.32
4042,794.0727,4262984,335865.5,-982.3
4043,795.0943,4262984,335865.5,-981.28
4044,796.116,4262984,335865.5,-980.26
4045,797.1376,4262984,335865.5,-979.24
4046,798.1592,4262984,335865.5,-978.22
4047,799.1808,4262984,335865.5,-977.2
4048,800.2025,4262984,335865.5,-976.17
4049,801.2241,4262984,335865.5,-975.15
4050,802.2457,4262984,335865.5,-974.13
4051,803.2674,4262984,335865.5,-973.11
4052,804.289,4262984,335865.5,-972.09
4053,805.3106,4262984,335865.5,-971.07
4054,806.3322,4262984,335865.5,-970.04
4055,807.3539,4262984,335865.5,-969.02
4056,808.3755,4262984,335865.5,-968
4057,809.3971,4262984,335865.5,-966.98
4058,810.4187,4262984,335865.5,-965.96
4059,811.4404,4262984,335865.5,-964.94
4060,812.462,4262984,335865.5,-963.91
4061,813.4836,4262984,335865.5,-962.89
4062,814.5053,4262984,335865.5,-961.87
4063,815.5269,4262984,335865.5,-960.85
4064,816.5485,4262984,335865.5,-959.83
4065,817.5701,4262984,335865.5,-958.81
4066,818.5918,4262984,335865.5,-957.78
4067,819.6134,4262984,335865.5,-956.76
4068,820.635,4262984,335865.5,-955.74
4069,821.6567,4262984,335865.5,-954.72
4070,822.6783,4262984,335865.5,-953.7
4071,823.6999,4262984,335865.5,-952.68
4072,824.7215,4262984,335865.5,-951.65
4073,825.7432,4262984,335865.5,-950.63
4074,826.7648,4262984,335865.5,-949.61
4075,827.7864,4262984,335865.5,-948.59
4076,828.8081,4262984,335865.5,-947.57
4077,829.8297,4262984,335865.5,-946.55
4078,830.8513,4262984,335865.5,-945.52
4079,831.8729,4262984,335865.5,-944.5
4080,832.8946,4262984,335865.5,-943.48
4081,833.9162,4262984,335865.5,-942.46
4082,834.9378,4262984,335865.5,-941.44
4083,835.9595,4262984,335865.5,-940.42
4084,836.9811,4262984,335865.5,-939.39
4085,838.0027,4262984,335865.5,-938.37
4086,839.0243,4262984,335865.5,-937.35
4087,840.046,4262984,335865.5,-936.33
4088,841.0676,4262984,335865.5,-935.31
4089,842.0892,4262984,335865.5,-934.29
4090,843.1108,4262984,335865.5,-933.27
4091,844.1325,4262984,335865.5,-932.24
4092,845.1541,4262984,335865.5,-931.22
4093,846.1757,4262984,335865.5,-930.2
4094,847.1974,4262984,335865.5,-929.18
4095,848.219,4262984,335865.5,-928.16
4096,849.2406,4262984,335865.5,-927.14
4097,850.2622,4262984,335865.5,-926.11
4098,851.2839,4262984,335865.5,-925.09
4099,852.3055,4262984,335865.5,-924.07
4100,853.3271,4262984,335865.5,-923.05
4101,854.3488,4262984,335865.5,-922.03
4102,855.3704,4262984,335865.5,-921.01
4103,856.392,4262984,335865.5,-919.98
4104,857.4136,4262984,335865.5,-918.96
4105,858.4353,4262984,335865.5,-917.94
4106,859.4569,4262984,335865.5,-916.92
4107,860.4785,4262984,335865.5,-915.9
4108,861.5002,4262984,335865.5,-914.88
4109,862.5218,4262984,335865.5,-913.85
4110,863.5434,4262984,335865.5,-912.83
4111,864.565,4262984,335865.5,-911.81
4112,865.5867,4262984,335865.5,-910.79
4113,866.6083,4262984,335865.5,-909.77
4114,867.6299,4262984,335865.5,-908.75
4115,868.6516,4262984,335865.5,-907.72
4116,869.6732,4262984,335865.5,-906.7
4117,870.6948,4262984,335865.5,-905.68
4118,871.7164,4262984,335865.5,-904.66
4119,872.7381,4262984,335865.5,-903.64
4120,873.7597,4262984,335865.5,-902.62
4121,874.7813,4262984,335865.5,-901.59
4122,875.8029,4262984,335865.5,-900.57
4123,876.8246,4262984,335865.5,-899.55
4124,877.8462,4262984,335865.5,-898.53
4125,878.8678,4262984,335865.5,-897.51
4126,879.8895,4262984,335865.5,-896.49
4127,880.9111,4262984,335865.5,-895.46
4128,881.9327,4262984,335865.5,-894.44
4129,882.9543,4262984,335865.5,-893.42
4130,883.976,4262984,335865.5,-892.4
4131,884.9976,4262984,335865.5,-891.38
4132,886.0192,4262984,335865.5,-890.36
4133,887.0409,4262984,335865.5,-889.34
4134,888.0625,4262984,335865.5,-888.31
4135,889.0841,4262984,335865.5,-887.29
4136,890.1057,4262984,335865.5,-886.27
4137,891.1274,4262984,335865.5,-885.25
4138,892.149,4262984,335865.5,-884.23
4139,893.1706,4262984,335865.5,-883.21
4140,894.1923,4262984,335865.5,-882.18
4141,895.2139,4262984,335865.5,-881.16
4142,896.2355,4262984,335865.5,-880.14
4143,897.2571,4262984,335865.5,-879.12
4144,898.2788,4262984,335865.5,-878.1
4145,899.3004,4262984,335865.5,-877.08
4146,900.322,4262984,335865.5,-876.05
4147,901.3437,4262984,335865.5,-875.03
4148,902.3653,4262984,335865.5,-874.01
4149,903.3869,4262984,335865.5,-872.99
4150,904.4085,4262984,335865.5,-871.97
4151,905.4302,4262984,335865.5,-870.95
4152,906.4518,4262984,335865.5,-869.92
4153,907.4734,4262984,335865.5,-868.9
4154,908.495,4262984,335865.5,-867.88
4155,909.5167,4262984,335865.5,-866.86
4156,910.5383,4262984,335865.5,-865.84
4157,911.5599,4262984,335865.5,-864.82
4158,912.5816,4262984,335865.5,-863.79
4159,913.6032,4262984,335865.5,-862.77
4160,914.6248,4262984,335865.5,-861.75
4161,915.6464,4262984,335865.5,-860.73
4162,916.6681,4262984,335865.5,-859.71
4163,917.6897,4262984,335865.5,-858.69
4164,918.7113,4262984,335865.5,-857.66
4165,919.733,4262984,335865.5,-856.64
4166,920.7546,4262984,335865.5,-855.62
4167,921.7762,4262984,335865.5,-854.6
4168,922.7978,4262984,335865.5,-853.58
4169,923.8195,4262984,335865.5,-852.56
4170,924.8411,4262984,335865.5,-851.53
4171,925.8627,4262984,335865.5,-850.51
4172,926.8844,4262984,335865.5,-849.49
4173,927.906,4262984,335865.5,-848.47
4174,928.9276,4262984,335865.5,-847.45
4175,929.9492,4262984,335865.5,-846.43
4176,930.9709,4262984,335865.5,-845.41
4177,931.9925,4262984,335865.5,-844.38
4178,933.0141,4262984,335865.5,-843.36
4179,934.0357,4262984,335865.5,-842.34
4180,935.0574,4262984,335865.5,-841.32
4181,936.079,4262984,335865.5,-840.3
4182,937.1006,4262984,335865.5,-839.28
4183,938.1223,4262984,335865.5,-838.25
4184,939.1439,4262984,335865.5,-837.23
4185,940.1655,4262984,335865.5,-836.21
4186,941.1871,4262984,335865.5,-835.19
4187,942.2088,4262984,335865.5,-834.17
4188,943.2304,4262984,335865.5,-833.15
4189,944.252,4262984,335865.5,-832.12
4190,945.2737,4262984,335865.5,-831.1
4191,946.2953,4262984,335865.5,-830.08
4192,947.3169,4262984,335865.5,-829.06
4193,948.3385,4262984,335865.5,-828.04
4194,949.3602,4262984,335865.5,-827.02
4195,950.3818,4262984,335865.5,-825.99
4196,951.4034,4262984,335865.5,-824.97
4197,952.4251,4262984,335865.5,-823.95
4198,953.4467,4262984,335865.5,-822.93
4199,954.4683,4262984,335865.5,-821.91
4200,955.4899,4262984,335865.5,-820.89
4201,956.5116,4262984,335865.5,-819.86
4202,957.5332,4262984,335865.5,-818.84
4203,958.5548,4262984,335865.5,-817.82
4204,959.5765,4262984,335865.5,-816.8
4205,960.5981,4262984,335865.5,-815.78
4206,961.6197,4262984,335865.5,-814.76
4207,962.6413,4262984,335865.5,-813.73
4208,963.663,4262984,335865.5,-812.71
4209,964.6846,4262984,335865.5,-811.69
4210,965.7062,4262984,335865.5,-810.67
4211,966.7278,4262984,335865.5,-809.65
4212,967.7495,4262984,335865.5,-808.63
4213,968.7711,4262984,335865.5,-807.6
4214,969.7927,4262984,335865.5,-806.58
4215,970.8144,4262984,335865.5,-805.56
4216,971.836,4262984,335865.5,-804.54
4217,972.8576,4262984,335865.5,-803.52
4218,973.8792,4262984,335865.5,-802.5
4219,974.9009,4262984,335865.5,-801.48
4220,975.9225,4262984,335865.5,-800.45
4221,976.9441,4262984,335865.5,-799.43
4222,977.9658,4262984,335865.5,-798.41
4223,978.9874,4262984,335865.5,-797.39
4224,980.009,4262984,335865.5,-796.37
4225,981.0306,4262984,335865.5,-795.35
4226,982.0523,4262984,335865.5,-794.32
4227,983.0739,4262984,335865.5,-793.3
4228,984.0955,4262984,335865.5,-792.28
4229,985.1172,4262984,335865.5,-791.26
4230,986.1388,4262984,335865.5,-790.24
4231,987.1604,4262984,335865.5,-789.22
4232,988.182,4262984,335865.5,-788.19
4233,989.2037,4262984,335865.5,-787.17
4234,990.2253,4262984,335865.5,-786.15
4235,991.2469,4262984,335865.5,-785.13
4236,992.2686,4262984,335865.5,-784.11
4237,993.2902,4262984,335865.5,-783.09
4238,994.3118,4262984,335865.5,-782.06
4239,995.3334,4262984,335865.5,-781.04
4240,996.3551,4262984,335865.5,-780.02
4241,997.3767,4262984,335865.5,-779
4242,998.3983,4262984,335865.5,-777.98
4243,999.4199,4262984,335865.5,-776.96
4244,1000.4416,4262984,335865.5,-775.93
4245,1001.4632,4262984,335865.5,-774.91
4246,1002.4848,4262984,335865.5,-773.89
4247,1003.5065,4262984,335865.5,-772.87
4248,1004.5281,4262984,335865.5,-771.85
4249,1005.5497,4262984,335865.5,-770.83
4250,1006.5713,4262984,335865.5,-769.8
4251,1007.593,4262984,335865.5,-768.78
4252,1008.6146,4262984,335865.5,-767.76
4253,1009.6362,4262984,335865.5,-766.74
4254,1010.6579,4262984,335865.5,-765.72
4255,1011.6795,4262984,335865.5,-764.7
4256,1012.7011,4262984,335865.5,-763.67
4257,1013.7227,4262984,335865.5,-762.65
4258,1014.7444,4262984,335865.5,-761.63
4259,1015.766,4262984,335865.5,-760.61
4260,1016.7876,4262984,335865.5,-759.59
4261,1017.8093,4262984,335865.5,-758.57
4262,1018.8309,4262984,335865.5,-757.55
4263,1019.8525,4262984,335865.5,-756.52
4264,1020.8741,4262984,335865.5,-755.5
4265,1021.8958,4262984,335865.5,-754.48
4266,1022.9174,4262984,335865.5,-753.46
4267,1023.939,4262984,335865.5,-752.44
4268,1024.9607,4262984,335865.5,-751.42
4269,1025.9823,4262984,335865.5,-750.39
4270,1027.0039,4262984,335865.5,-749.37
4271,1028.0255,4262984,335865.5,-748.35
4272,1029.0472,4262984,335865.5,-747.33
4273,1030.0688,4262984,335865.5,-746.31
4274,1031.0904,4262984,335865.5,-745.29
4275,1032.112,4262984,335865.5,-744.26
4276,1033.1337,4262984,335865.5,-743.24
4277,1034.1553,4262984,335865.5,-742.22
4278,1035.1769,4262984,335865.5,-741.2
4279,1036.1986,4262984,335865.5,-740.18
4280,1037.2202,4262984,335865.5,-739.16
4281,1038.2418,4262984,335865.5,-738.13
4282,1039.2634,4262984,335865.5,-737.11
4283,1040.2851,4262984,335865.5,-736.09
4284,1041.3067,4262984,335865.5,-735.07
4285,1042.3283,4262984,335865.5,-734.05
4286,1043.35,4262984,335865.5,-733.03
4287,1044.3716,4262984,335865.5,-732
4288,1045.3932,4262984,335865.5,-730.98
4289,1046.4148,4262984,335865.5,-729.96
4290,1047.4365,4262984,335865.5,-728.94
4291,1048.4581,4262984,335865.5,-727.92
4292,1049.4797,4262984,335865.5,-726.9
4293,1050.5014,4262984,335865.5,-725.87
4294,1051.523,4262984,335865.5,-724.85
4295,1052.5446,4262984,335865.5,-723.83
4296,1053.5662,4262984,335865.5,-722.81
4297,1054.5879,4262984,335865.5,-721.79
4298,1055.6095,4262984,335865.5,-720.77
4299,1056.6311,4262984,335865.5,-719.74
4300,1057.6528,4262984,335865.5,-718.72
4301,1058.6744,4262984,335865.5,-717.7
4302,1059.696,4262984,335865.5,-716.68
4303,1060.7176,4262984,335865.5,-715.66
4304,1061.7393,4262984,335865.5,-714.64
4305,1062.7609,4262984,335865.5,-713.62
4306,1063.7825,4262984,335865.5,-712.59
4307,1064.8041,4262984,335865.5,-711.57
4308,1065.8258,4262984,335865.5,-710.55
4309,1066.8474,4262984,335865.5,-709.53
4310,1067.869,4262984,335865.5,-708.51
4311,1068.8907,4262984,335865.5,-707.49
4312,1069.9123,4262984,335865.5,-706.46
4313,1070.9339,4262984,335865.5,-705.44
4314,1071.9555,4262984,335865.5,-704.42
4315,1072.9772,4262984,335865.5,-703.4
4316,1073.9988,4262984,335865.5,-702.38
4317,1075.0204,4262984,335865.5,-701.36
4318,1076.0421,4262984,335865.5,-700.33
4319,1077.0637,4262984,335865.5,-699.31
4320,1078.0853,4262984,335865.5,-698.29
4321,1079.1069,4262984,335865.5,-697.27
4322,1080.1286,4262984,335865.5,-696.25
4323,1081.1502,4262984,335865.5,-695.23
4324,1082.1718,4262984,335865.5,-694.2
4325,1083.1935,4262984,335865.5,-693.18
4326,1084.2151,4262984,335865.5,-692.16
4327,1085.2367,4262984,335865.5,-691.14
4328,1086.2583,4262984,335865.5,-690.12
4329,1087.28,4262984,335865.5,-689.1
4330,1088.3016,4262984,335865.5,-688.07
4331,1089.3232,4262984,335865.5,-687.05
4332,1090.3449,4262984,335865.5,-686.03
4333,1091.3665,4262984,335865.5,-685.01
4334,1092.3881,4262984,335865.5,-683.99
4335,1093.4097,4262984,335865.5,-682.97
4336,1094.4314,4262984,335865.5,-681.94
4337,1095.453,4262984,335865.5,-680.92
4338,1096.4746,4262984,335865.5,-679.9
4339,1097.4962,4262984,335865.5,-678.88
4340,1098.5179,4262984,335865.5,-677.86
4341,1099.5395,4262984,335865.5,-676.84
4342,1100.5611,4262984,335865.5,-675.81
4343,1101.5828,4262984,335865.5,-674.79
4344,1102.6044,4262984,335865.5,-673.77
4345,1103.626,4262984,335865.5,-672.75
4346,1104.6476,4262984,335865.5,-671.73
4347,1105.6693,4262984,335865.5,-670.71
4348,1106.6909,4262984,335865.5,-669.69
4349,1107.7125,4262984,335865.5,-668.66
4350,1108.7342,4262984,335865.5,-667.64
4351,1109.7558,4262984,335865.5,-666.62
4352,1110.7774,4262984,335865.5,-665.6
4353,1111.799,4262984,335865.5,-664.58
4354,1112.8207,4262984,335865.5,-663.56
4355,1113.8423,4262984,335865.5,-662.53
4356,1114.8639,4262984,335865.5,-661.51
4357,1115.8856,4262984,335865.5,-660.49
4358,1116.9072,4262984,335865.5,-659.47
4359,1117.9288,4262984,335865.5,-658.45
4360,1118.9504,4262984,335865.5,-657.43
4361,1119.9721,4262984,335865.5,-656.4
4362,1120.9937,4262984,335865.5,-655.38
4363,1122.0153,4262984,335865.5,-654.36
4364,1123.0369,4262984,335865.5,-653.34
4365,1124.0586,4262984,335865.5,-652.32
4366,1125.0802,4262984,335865.5,-651.3
4367,1126.1018,4262984,335865.5,-650.27
4368,1127.1235,4262984,335865.5,-649.25
4369,1128.1451,4262984,335865.5,-648.23
4370,1129.1667,4262984,335865.5,-647.21
4371,1130.1883,4262984,335865.5,-646.19
4372,1131.21,4262984,335865.5,-645.17
4373,1132.2316,4262984,335865.5,-644.14
4374,1133.2532,4262984,335865.5,-643.12
4375,1134.2749,4262984,335865.5,-642.1
4376,1135.2965,4262984,335865.5,-641.08
4377,1136.3181,4262984,335865.5,-640.06
4378,1137.3397,4262984,335865.5,-639.04
4379,1138.3614,4262984,335865.5,-638.01
4380,1139.383,4262984,335865.5,-636.99
4381,1140.4046,4262984,335865.5,-635.97
4382,1141.4263,4262984,335865.5,-634.95
4383,1142.4479,4262984,335865.5,-633.93
4384,1143.4695,4262984,335865.5,-632.91
4385,1144.4911,4262984,335865.5,-631.88
4386,1145.5128,4262984,335865.5,-630.86
4387,1146.5344,4262984,335865.5,-629.84
4388,1147.556,4262984,335865.5,-628.82
4389,1148.5777,4262984,335865.5,-627.8
4390,1149.5993,4262984,335865.5,-626.78
4391,1150.6209,4262984,335865.5,-625.76
4392,1151.6425,4262984,335865.5,-624.73
4393,1152.6642,4262984,335865.5,-623.71
4394,1153.6858,4262984,335865.5,-622.69
4395,1154.7074,4262984,335865.5,-621.67
4396,1155.729,4262984,335865.5,-620.65
4397,1156.7507,4262984,335865.5,-619.63
4398,1157.7723,4262984,335865.5,-618.6
4399,1158.7939,4262984,335865.5,-617.58
4400,1159.8156,4262984,335865.5,-616.56
4401,1160.8372,4262984,335865.5,-615.54
4402,1161.8588,4262984,335865.5,-614.52
4403,1162.8804,4262984,335865.5,-613.5
4404,1163.9021,4262984,335865.5,-612.47
4405,1164.9237,4262984,335865.5,-611.45
4406,1165.9453,4262984,335865.5,-610.43
4407,1166.967,4262984,335865.5,-609.41
4408,1167.9886,4262984,335865.5,-608.39
4409,1169.0102,4262984,335865.5,-607.37
4410,1170.0318,4262984,335865.5,-606.34
4411,1171.0535,4262984,335865.5,-605.32
4412,1172.0751,4262984,335865.5,-604.3
4413,1173.0967,4262984,335865.5,-603.28
4414,1174.1184,4262984,335865.5,-602.26
4415,1175.14,4262984,335865.5,-601.24
4416,1176.1616,4262984,335865.5,-600.21
4417,1177.1832,4262984,335865.5,-599.19
4418,1178.2049,4262984,335865.5,-598.17
4419,1179.2265,4262984,335865.5,-597.15
4420,1180.2481,4262984,335865.5,-596.13
4421,1181.2698,4262984,335865.5,-595.11
4422,1182.2914,4262984,335865.5,-594.08
4423,1183.313,4262984,335865.5,-593.06
4424,1184.3346,4262984,335865.5,-592.04
4425,1185.3563,4262984,335865.5,-591.02
4426,1186.3779,4262984,335865.5,-590
4427,1187.3995,4262984,335865.5,-588.98
4428,1188.4211,4262984,335865.5,-587.95
4429,1189.4428,4262984,335865.5,-586.93
4430,1190.4644,4262984,335865.5,-585.91
4431,1191.486,4262984,335865.5,-584.89
4432,1192.5077,4262984,335865.5,-583.87
4433,1193.5293,4262984,335865.5,-582.85
4434,1194.5509,4262984,335865.5,-581.83
4435,1195.5725,4262984,335865.5,-580.8
4436,1196.5942,4262984,335865.5,-579.78
4437,1197.6158,4262984,335865.5,-578.76
4438,1198.6374,4262984,335865.5,-577.74
4439,1199.6591,4262984,335865.5,-576.72
4440,1200.6807,4262984,335865.5,-575.7
4441,1201.7023,4262984,335865.5,-574.67
4442,1202.7239,4262984,335865.5,-573.65
4443,1203.7456,4262984,335865.5,-572.63
4444,1204.7672,4262984,335865.5,-571.61
4445,1205.7888,4262984,335865.5,-570.59
4446,1206.8105,4262984,335865.5,-569.57
4447,1207.8321,4262984,335865.5,-568.54
4448,1208.8537,4262984,335865.5,-567.52
4449,1209.8753,4262984,335865.5,-566.5
4450,1210.897,4262984,335865.5,-565.48
4451,1211.9186,4262984,335865.5,-564.46
4452,1212.9402,4262984,335865.5,-563.44
4453,1213.9619,4262984,335865.5,-562.41
4454,1214.9835,4262984,335865.5,-561.39
4455,1216.0051,4262984,335865.5,-560.37
4456,1217.0267,4262984,335865.5,-559.35
4457,1218.0484,4262984,335865.5,-558.33
4458,1219.07,4262984,335865.5,-557.31
4459,1220.0916,4262984,335865.5,-556.28
4460,1221.1132,4262984,335865.5,-555.26
4461,1222.1349,4262984,335865.5,-554.24
4462,1223.1565,4262984,335865.5,-553.22
4463,1224.1781,4262984,335865.5,-552.2
4464,1225.1998,4262984,335865.5,-551.18
4465,1226.2214,4262984,335865.5,-550.15
4466,1227.243,4262984,335865.5,-549.13
4467,1228.2646,4262984,335865.5,-548.11
4468,1229.2863,4262984,335865.5,-547.09
4469,1230.3079,4262984,335865.5,-546.07
4470,1231.3295,4262984,335865.5,-545.05
4471,1232.3512,4262984,335865.5,-544.02
4472,1233.3728,4262984,335865.5,-543
4473,1234.3944,4262984,335865.5,-541.98
4474,1235.416,4262984,335865.5,-540.96
4475,1236.4377,4262984,335865.5,-539.94
4476,1237.4593,4262984,335865.5,-538.92
4477,1238.4809,4262984,335865.5,-537.9
4478,1239.5026,4262984,335865.5,-536.87
4479,1240.5242,4262984,335865.5,-535.85
4480,1241.5458,4262984,335865.5,-534.83
4481,1242.5674,4262984,335865.5,-533.81
4482,1243.5891,4262984,335865.5,-532.79
4483,1244.6107,4262984,335865.5,-531.77
4484,1245.6323,4262984,335865.5,-530.74
4485,1246.654,4262984,335865.5,-529.72
4486,1247.6756,4262984,335865.5,-528.7
4487,1248.6972,4262984,335865.5,-527.68
4488,1249.7188,4262984,335865.5,-526.66
4489,1250.7405,4262984,335865.5,-525.64
4490,1251.7621,4262984,335865.5,-524.61
4491,1252.7837,4262984,335865.5,-523.59
4492,1253.8053,4262984,335865.5,-522.57
4493,1254.827,4262984,335865.5,-521.55
4494,1255.8486,4262984,335865.5,-520.53
4495,1256.8702,4262984,335865.5,-519.51
4496,1257.8919,4262984,335865.5,-518.48
4497,1258.9135,4262984,335865.5,-517.46
4498,1259.9351,4262984,335865.5,-516.44
4499,1260.9567,4262984,335865.5,-515.42
4500,1261.9784,4262984,335865.5,-514.4
4501,1263,4262984,335865.5,-513.38
4502,1264.0216,,,
4503,1265.0433,,,
4504,1266.0649,,,
4505,1267.0865,,,
4506,1268.1081,,,
4507,1269.1298,,,
4508,1270.1514,,,
4509,1271.173,,,
4510,1272.1947,,,
4511,1273.2163,,,
4512,1274.2379,,,
4513,1275.2595,,,
4514,1276.2812,,,
4515,1277.3028,,,
4516,1278.3244,,,
4517,1279.346,,,
4518,1280.3677,,,
4519,1281.3893,,,
4520,1282.4109,,,
4521,1283.4326,,,
4522,1284.4542,,,
4523,1285.4758,,,
4524,1286.4974,,,
4525,1287.5191,,,
4526,1288.5407,,,
4527,1289.5623,,,
4528,1290.584,,,
4529,1291.6056,,,
4530,1292.6272,,,
4531,1293.6488,,,
4532,1294.6705,,,
4533,1295.6921,,,
4534,1296.7137,,,
4535,1297.7354,,,
4536,1298.757,,,
4537,1299.7786,,,
4538,1300.8002,,,
4539,1301.8219,,,
4540,1302.8435,,,
4541,1303.8651,,,
4542,1304.8868,,,
4543,1305.9084,,,
4544,1306.93,,,
4545,1307.9516,,,
4546,1308.9733,,,
4547,1309.9949,,,
4548,1311.0165,,,
4549,1312.0381,,,
4550,1313.0598,,,
4551,1314.0814,,,
4552,1315.103,,,
4553,1316.1247,,,
4554,1317.1463,,,
4555,1318.1679,,,
4556,1319.1895,,,
4557,1320.2112,,,
4558,1321.2328,,,
4559,1322.2544,,,
4560,1323.2761,,,
4561,1324.2977,,,
4562,1325.3193,,,
4563,1326.3409,,,
4564,1327.3626,,,
4565,1328.3842,,,
4566,1329.4058,,,
4567,1330.4275,,,
4568,1331.4491,,,
4569,1332.4707,,,
4570,1333.4923,,,
4571,1334.514,,,
4572,1335.5356,,,
4573,1336.5572,,,
4574,1337.5789,,,
4575,1338.6005,,,
4576,1339.6221,,,
4577,1340.6437,,,
4578,1341.6654,,,
4579,1342.687,,,
4580,1343.7086,,,
4581,1344.7302,,,
4582,1345.7519,,,
4583,1346.7735,,,
4584,1347.7951,,,
4585,1348.8168,,,
4586,1349.8384,,,
4587,1350.86,,,
4588,1351.8816,,,
4589,1352.9033,,,
4590,1353.9249,,,
4591,1354.9465,,,
4592,1355.9682,,,
4593,1356.9898,,,
4594,1358.0114,,,
4595,1359.033,,,
4596,1360.0547,,,
4597,1361.0763,,,
4598,1362.0979,,,
4599,1363.1196,,,
4600,1364.1412,,,
4601,1365.1628,,,
4602,1366.1844,,,
4603,1367.2061,,,
4604,1368.2277,,,
4605,1369.2493,,,
4606,1370.271,,,
4607,1371.2926,,,
4608,1372.3142,,,
