segment_id,group_id,dataset_id,site,view,data_type,label,file_path,file_name,file_stem,start_sec,end_sec,ch_start,ch_end,original_fs,source_label_csv
0,utah_2023__RAW_20230719_014658.140,utah_2023,utah_2023,utah_2023,noise,0,/home/ted1204/MS_Detection_Datamaker/MS_datamaker_UTAH_2023/data/event_2417/RAW_20230719_014658.140.sgy,RAW_20230719_014658.140.sgy,RAW_20230719_014658.140,0.0,2.0,400,805,1000.0,utah_2023_labels_2s.csv
1,utah_2023__RAW_20230719_014658.140,utah_2023,utah_2023,utah_2023,noise,0,/home/ted1204/MS_Detection_Datamaker/MS_datamaker_UTAH_2023/data/event_2417/RAW_20230719_014658.140.sgy,RAW_20230719_014658.140.sgy,RAW_20230719_014658.140,0.0,2.0,850,1255,1000.0,utah_2023_labels_2s.csv
2,utah_2023__RAW_20230719_014658.140,utah_2023,utah_2023,utah_2023,noise,0,/home/ted1204/MS_Detection_Datamaker/MS_datamaker_UTAH_2023/data/event_2417/RAW_20230719_014658.140.sgy,RAW_20230719_014658.140.sgy,RAW_20230719_014658.140,0.0,2.0,1300,1705,1000.0,utah_2023_labels_2s.csv
3,utah_2023__RAW_20230719_014658.140,utah_2023,utah_2023,utah_2023,noise,0,/home/ted1204/MS_Detection_Datamaker/MS_datamaker_UTAH_2023/data/event_2417/RAW_20230719_014658.140.sgy,RAW_20230719_014658.140.sgy,RAW_20230719_014658.140,0.0,2.0,1750,2155,1000.0,utah_2023_labels_2s.csv
4,utah_2023__RAW_20230719_014658.140,utah_2023,utah_2023,utah_2023,noise,0,/home/ted1204/MS_Detection_Datamaker/MS_datamaker_UTAH_2023/data/event_2417/RAW_20230719_014658.140.sgy,RAW_20230719_014658.140.sgy,RAW_20230719_014658.140,0.0,2.0,2200,2605,1000.0,utah_2023_labels_2s.csv
5,utah_2023__RAW_20230719_014658.140,utah_2023,utah_2023,utah_2023,noise,0,/home/ted1204/MS_Detection_Datamaker/MS_datamaker_UTAH_2023/data/event_2417/RAW_20230719_014658.140.sgy,RAW_20230719_014658.140.sgy,RAW_20230719_014658.140,0.0,2.0,2650,3055,1000.0,utah_2023_labels_2s.csv
6,utah_2023__RAW_20230719_015052.760,utah_2023,utah_2023,utah_2023,noise,0,/home/ted1204/MS_Detection_Datamaker/MS_datamaker_UTAH_2023/data/event_2417/RAW_20230719_015052.760.sgy,RAW_20230719_015052.760.sgy,RAW_20230719_015052.760,0.0,2.0,400,805,1000.0,utah_2023_labels_2s.csv
7,utah_2023__RAW_20230719_015052.760,utah_2023,utah_2023,utah_2023,noise,0,/home/ted1204/MS_Detection_Datamaker/MS_datamaker_UTAH_2023/data/event_2417/RAW_20230719_015052.760.sgy,RAW_20230719_015052.760.sgy,RAW_20230719_015052.760,0.0,2.0,850,1255,1000.0,utah_2023_labels_2s.csv
8,utah_2023__RAW_20230719_015052.760,utah_2023,utah_2023,utah_2023,noise,0,/home/ted1204/MS_Detection_Datamaker/MS_datamaker_UTAH_2023/data/event_2417/RAW_20230719_015052.760.sgy,RAW_20230719_015052.760.sgy,RAW_20230719_015052.760,0.0,2.0,1300,1705,1000.0,utah_2023_labels_2s.csv
9,utah_2023__RAW_20230719_015052.760,utah_2023,utah_2023,utah_2023,noise,0,/home/ted1204/MS_Detection_Datamaker/MS_datamaker_UTAH_2023/data/event_2417/RAW_20230719_015052.760.sgy,RAW_20230719_015052.760.sgy,RAW_20230719_015052.760,0.0,2.0,1750,2155,1000.0,utah_2023_labels_2s.csv
10,utah_2023__RAW_20230719_015052.760,utah_2023,utah_2023,utah_2023,noise,0,/home/ted1204/MS_Detection_Datamaker/MS_datamaker_UTAH_2023/data/event_2417/RAW_20230719_015052.760.sgy,RAW_20230719_015052.760.sgy,RAW_20230719_015052.760,0.0,2.0,2200,2605,1000.0,utah_2023_labels_2s.csv
11,utah_2023__RAW_20230719_015052.760,utah_2023,utah_2023,utah_2023,noise,0,/home/ted1204/MS_Detection_Datamaker/MS_datamaker_UTAH_2023/data/event_2417/RAW_20230719_015052.760.sgy,RAW_20230719_015052.760.sgy,RAW_20230719_015052.760,0.0,2.0,2650,3055,1000.0,utah_2023_labels_2s.csv
12,utah_2023__RAW_20230719_015140.420,utah_2023,utah_2023,utah_2023,noise,0,/home/ted1204/MS_Detection_Datamaker/MS_datamaker_UTAH_2023/data/event_2417/RAW_20230719_015140.420.sgy,RAW_20230719_015140.420.sgy,RAW_20230719_015140.420,0.0,2.0,400,805,1000.0,utah_2023_labels_2s.csv
13,utah_2023__RAW_20230719_015140.420,utah_2023,utah_2023,utah_2023,noise,0,/home/ted1204/MS_Detection_Datamaker/MS_datamaker_UTAH_2023/data/event_2417/RAW_20230719_015140.420.sgy,RAW_20230719_015140.420.sgy,RAW_20230719_015140.420,0.0,2.0,850,1255,1000.0,utah_2023_labels_2s.csv
14,utah_2023__RAW_20230719_015140.420,utah_2023,utah_2023,utah_2023,noise,0,/home/ted1204/MS_Detection_Datamaker/MS_datamaker_UTAH_2023/data/event_2417/RAW_20230719_015140.420.sgy,RAW_20230719_015140.420.sgy,RAW_20230719_015140.420,0.0,2.0,1300,1705,1000.0,utah_2023_labels_2s.csv
15,utah_2023__RAW_20230719_015140.420,utah_2023,utah_2023,utah_2023,noise,0,/home/ted1204/MS_Detection_Datamaker/MS_datamaker_UTAH_2023/data/event_2417/RAW_20230719_015140.420.sgy,RAW_20230719_015140.420.sgy,RAW_20230719_015140.420,0.0,2.0,1750,2155,1000.0,utah_2023_labels_2s.csv
16,utah_2023__RAW_20230719_015140.420,utah_2023,utah_2023,utah_2023,noise,0,/home/ted1204/MS_Detection_Datamaker/MS_datamaker_UTAH_2023/data/event_2417/RAW_20230719_015140.420.sgy,RAW_20230719_015140.420.sgy,RAW_20230719_015140.420,0.0,2.0,2200,2605,1000.0,utah_2023_labels_2s.csv
17,utah_2023__RAW_20230719_015140.420,utah_2023,utah_2023,utah_2023,noise,0,/home/ted1204/MS_Detection_Datamaker/MS_datamaker_UTAH_2023/data/event_2417/RAW_20230719_015140.420.sgy,RAW_20230719_015140.420.sgy,RAW_20230719_015140.420,0.0,2.0,2650,3055,1000.0,utah_2023_labels_2s.csv
18,utah_2023__RAW_20230719_015140.420,utah_2023,utah_2023,utah_2023,noise,0,/home/ted1204/MS_Detection_Datamaker/MS_datamaker_UTAH_2023/data/event_2417/RAW_20230719_015140.420.sgy,RAW_20230719_015140.420.sgy,RAW_20230719_015140.420,3.0,5.0,400,805,1000.0,utah_2023_labels_2s.csv
19,utah_2023__RAW_20230719_015140.420,utah_2023,utah_2023,utah_2023,noise,0,/home/ted1204/MS_Detection_Datamaker/MS_datamaker_UTAH_2023/data/event_2417/RAW_20230719_015140.420.sgy,RAW_20230719_015140.420.sgy,RAW_20230719_015140.420,3.0,5.0,850,1255,1000.0,utah_2023_labels_2s.csv
20,utah_2023__RAW_20230719_015140.420,utah_2023,utah_2023,utah_2023,noise,0,/home/ted1204/MS_Detection_Datamaker/MS_datamaker_UTAH_2023/data/event_2417/RAW_20230719_015140.420.sgy,RAW_20230719_015140.420.sgy,RAW_20230719_015140.420,3.0,5.0,1300,1705,1000.0,utah_2023_labels_2s.csv
21,utah_2023__RAW_20230719_015140.420,utah_2023,utah_2023,utah_2023,noise,0,/home/ted1204/MS_Detection_Datamaker/MS_datamaker_UTAH_2023/data/event_2417/RAW_20230719_015140.420.sgy,RAW_20230719_015140.420.sgy,RAW_20230719_015140.420,3.0,5.0,1750,2155,1000.0,utah_2023_labels_2s.csv
22,utah_2023__RAW_20230719_015140.420,utah_2023,utah_2023,utah_2023,noise,0,/home/ted1204/MS_Detection_Datamaker/MS_datamaker_UTAH_2023/data/event_2417/RAW_20230719_015140.420.sgy,RAW_20230719_015140.420.sgy,RAW_20230719_015140.420,3.0,5.0,2200,2605,1000.0,utah_2023_labels_2s.csv
23,utah_2023__RAW_20230719_015140.420,utah_2023,utah_2023,utah_2023,noise,0,/home/ted1204/MS_Detection_Datamaker/MS_datamaker_UTAH_2023/data/event_2417/RAW_20230719_015140.420.sgy,RAW_20230719_015140.420.sgy,RAW_20230719_015140.420,3.0,5.0,2650,3055,1000.0,utah_2023_labels_2s.csv
24,utah_2023__RAW_20230719_021049.840,utah_2023,utah_2023,utah_2023,noise,0,/home/ted1204/MS_Detection_Datamaker/MS_datamaker_UTAH_2023/data/event_2417/RAW_20230719_021049.840.sgy,RAW_20230719_021049.840.sgy,RAW_20230719_021049.840,0.0,2.0,400,805,1000.0,utah_2023_labels_2s.csv
25,utah_2023__RAW_20230719_021049.840,utah_2023,utah_2023,utah_2023,noise,0,/home/ted1204/MS_Detection_Datamaker/MS_datamaker_UTAH_2023/data/event_2417/RAW_20230719_021049.840.sgy,RAW_20230719_021049.840.sgy,RAW_20230719_021049.840,0.0,2.0,850,1255,1000.0,utah_2023_labels_2s.csv
26,utah_2023__RAW_20230719_021049.840,utah_2023,utah_2023,utah_2023,noise,0,/home/ted1204/MS_Detection_Datamaker/MS_datamaker_UTAH_2023/data/event_2417/RAW_20230719_021049.840.sgy,RAW_20230719_021049.840.sgy,RAW_20230719_021049.840,0.0,2.0,1300,1705,1000.0,utah_2023_labels_2s.csv
27,utah_2023__RAW_20230719_021049.840,utah_2023,utah_2023,utah_2023,noise,0,/home/ted1204/MS_Detection_Datamaker/MS_datamaker_UTAH_2023/data/event_2417/RAW_20230719_021049.840.sgy,RAW_20230719_021049.840.sgy,RAW_20230719_021049.840,0.0,2.0,1750,2155,1000.0,utah_2023_labels_2s.csv
28,utah_2023__RAW_20230719_021049.840,utah_2023,utah_2023,utah_2023,noise,0,/home/ted1204/MS_Detection_Datamaker/MS_datamaker_UTAH_2023/data/event_2417/RAW_20230719_021049.840.sgy,RAW_20230719_021049.840.sgy,RAW_20230719_021049.840,0.0,2.0,2200,2605,1000.0,utah_2023_labels_2s.csv
29,utah_2023__RAW_20230719_021049.840,utah_2023,utah_2023,utah_2023,noise,0,/home/ted1204/MS_Detection_Datamaker/MS_datamaker_UTAH_2023/data/event_2417/RAW_20230719_021049.840.sgy,RAW_20230719_021049.840.sgy,RAW_20230719_021049.840,0.0,2.0,2650,3055,1000.0,utah_2023_labels_2s.csv
30,utah_2023__RAW_20230719_021049.840,utah_2023,utah_2023,utah_2023,noise,0,/home/ted1204/MS_Detection_Datamaker/MS_datamaker_UTAH_2023/data/event_2417/RAW_20230719_021049.840.sgy,RAW_20230719_021049.840.sgy,RAW_20230719_021049.840,3.0,5.0,400,805,1000.0,utah_2023_labels_2s.csv
31,utah_2023__RAW_20230719_021049.840,utah_2023,utah_2023,utah_2023,noise,0,/home/ted1204/MS_Detection_Datamaker/MS_datamaker_UTAH_2023/data/event_2417/RAW_20230719_021049.840.sgy,RAW_20230719_021049.840.sgy,RAW_20230719_021049.840,3.0,5.0,850,1255,1000.0,utah_2023_labels_2s.csv
32,utah_2023__RAW_20230719_021049.840,utah_2023,utah_2023,utah_2023,noise,0,/home/ted1204/MS_Detection_Datamaker/MS_datamaker_UTAH_2023/data/event_2417/RAW_20230719_021049.840.sgy,RAW_20230719_021049.840.sgy,RAW_20230719_021049.840,3.0,5.0,1300,1705,1000.0,utah_2023_labels_2s.csv
33,utah_2023__RAW_20230719_021049.840,utah_2023,utah_2023,utah_2023,noise,0,/home/ted1204/MS_Detection_Datamaker/MS_datamaker_UTAH_2023/data/event_2417/RAW_20230719_021049.840.sgy,RAW_20230719_021049.840.sgy,RAW_20230719_021049.840,3.0,5.0,1750,2155,1000.0,utah_2023_labels_2s.csv
34,utah_2023__RAW_20230719_021049.840,utah_2023,utah_2023,utah_2023,noise,0,/home/ted1204/MS_Detection_Datamaker/MS_datamaker_UTAH_2023/data/event_2417/RAW_20230719_021049.840.sgy,RAW_20230719_021049.840.sgy,RAW_20230719_021049.840,3.0,5.0,2200,2605,1000.0,utah_2023_labels_2s.csv
35,utah_2023__RAW_20230719_021049.840,utah_2023,utah_2023,utah_2023,noise,0,/home/ted1204/MS_Detection_Datamaker/MS_datamaker_UTAH_2023/data/event_2417/RAW_20230719_021049.840.sgy,RAW_20230719_021049.840.sgy,RAW_20230719_021049.840,3.0,5.0,2650,3055,1000.0,utah_2023_labels_2s.csv
36,utah_2023__RAW_20230719_021757.860,utah_2023,utah_2023,utah_2023,noise,0,/home/ted1204/MS_Detection_Datamaker/MS_datamaker_UTAH_2023/data/event_2417/RAW_20230719_021757.860.sgy,RAW_20230719_021757.860.sgy,RAW_20230719_021757.860,0.0,2.0,400,805,1000.0,utah_2023_labels_2s.csv
37,utah_2023__RAW_20230719_021757.860,utah_2023,utah_2023,utah_2023,noise,0,/home/ted1204/MS_Detection_Datamaker/MS_datamaker_UTAH_2023/data/event_2417/RAW_20230719_021757.860.sgy,RAW_20230719_021757.860.sgy,RAW_20230719_021757.860,0.0,2.0,850,1255,1000.0,utah_2023_labels_2s.csv
38,utah_2023__RAW_20230719_021757.860,utah_2023,utah_2023,utah_2023,noise,0,/home/ted1204/MS_Detection_Datamaker/MS_datamaker_UTAH_2023/data/event_2417/RAW_20230719_021757.860.sgy,RAW_20230719_021757.860.sgy,RAW_20230719_021757.860,0.0,2.0,1300,1705,1000.0,utah_2023_labels_2s.csv
39,utah_2023__RAW_20230719_021757.860,utah_2023,utah_2023,utah_2023,noise,0,/home/ted1204/MS_Detection_Datamaker/MS_datamaker_UTAH_2023/data/event_2417/RAW_20230719_021757.860.sgy,RAW_20230719_021757.860.sgy,RAW_20230719_021757.860,0.0,2.0,1750,2155,1000.0,utah_2023_labels_2s.csv
40,utah_2023__RAW_20230719_021757.860,utah_2023,utah_2023,utah_2023,noise,0,/home/ted1204/MS_Detection_Datamaker/MS_datamaker_UTAH_2023/data/event_2417/RAW_20230719_021757.860.sgy,RAW_20230719_021757.860.sgy,RAW_20230719_021757.860,0.0,2.0,2200,2605,1000.0,utah_2023_labels_2s.csv
41,utah_2023__RAW_20230719_021757.860,utah_2023,utah_2023,utah_2023,noise,0,/home/ted1204/MS_Detection_Datamaker/MS_datamaker_UTAH_2023/data/event_2417/RAW_20230719_021757.860.sgy,RAW_20230719_021757.860.sgy,RAW_20230719_021757.860,0.0,2.0,2650,3055,1000.0,utah_2023_labels_2s.csv
42,utah_2023__RAW_20230719_022127.800,utah_2023,utah_2023,utah_2023,noise,0,/home/ted1204/MS_Detection_Datamaker/MS_datamaker_UTAH_2023/data/event_2417/RAW_20230719_022127.800.sgy,RAW_20230719_022127.800.sgy,RAW_20230719_022127.800,0.0,2.0,400,805,1000.0,utah_2023_labels_2s.csv
43,utah_2023__RAW_20230719_022127.800,utah_2023,utah_2023,utah_2023,noise,0,/home/ted1204/MS_Detection_Datamaker/MS_datamaker_UTAH_2023/data/event_2417/RAW_20230719_022127.800.sgy,RAW_20230719_022127.800.sgy,RAW_20230719_022127.800,0.0,2.0,850,1255,1000.0,utah_2023_labels_2s.csv
44,utah_2023__RAW_20230719_022127.800,utah_2023,utah_2023,utah_2023,noise,0,/home/ted1204/MS_Detection_Datamaker/MS_datamaker_UTAH_2023/data/event_2417/RAW_20230719_022127.800.sgy,RAW_20230719_022127.800.sgy,RAW_20230719_022127.800,0.0,2.0,1300,1705,1000.0,utah_2023_labels_2s.csv
45,utah_2023__RAW_20230719_022127.800,utah_2023,utah_2023,utah_2023,noise,0,/home/ted1204/MS_Detection_Datamaker/MS_datamaker_UTAH_2023/data/event_2417/RAW_20230719_022127.800.sgy,RAW_20230719_022127.800.sgy,RAW_20230719_022127.800,0.0,2.0,1750,2155,1000.0,utah_2023_labels_2s.csv
46,utah_2023__RAW_20230719_022127.800,utah_2023,utah_2023,utah_2023,noise,0,/home/ted1204/MS_Detection_Datamaker/MS_datamaker_UTAH_2023/data/event_2417/RAW_20230719_022127.800.sgy,RAW_20230719_022127.800.sgy,RAW_20230719_022127.800,0.0,2.0,2200,2605,1000.0,utah_2023_labels_2s.csv
47,utah_2023__RAW_20230719_022127.800,utah_2023,utah_2023,utah_2023,noise,0,/home/ted1204/MS_Detection_Datamaker/MS_datamaker_UTAH_2023/data/event_2417/RAW_20230719_022127.800.sgy,RAW_20230719_022127.800.sgy,RAW_20230719_022127.800,0.0,2.0,2650,3055,1000.0,utah_2023_labels_2s.csv
48,utah_2023__RAW_20230719_022127.800,utah_2023,utah_2023,utah_2023,noise,0,/home/ted1204/MS_Detection_Datamaker/MS_datamaker_UTAH_2023/data/event_2417/RAW_20230719_022127.800.sgy,RAW_20230719_022127.800.sgy,RAW_20230719_022127.800,3.0,5.0,400,805,1000.0,utah_2023_labels_2s.csv
49,utah_2023__RAW_20230719_022127.800,utah_2023,utah_2023,utah_2023,noise,0,/home/ted1204/MS_Detection_Datamaker/MS_datamaker_UTAH_2023/data/event_2417/RAW_20230719_022127.800.sgy,RAW_20230719_022127.800.sgy,RAW_20230719_022127.800,3.0,5.0,850,1255,1000.0,utah_2023_labels_2s.csv
50,utah_2023__RAW_20230719_022127.800,utah_2023,utah_2023,utah_2023,noise,0,/home/ted1204/MS_Detection_Datamaker/MS_datamaker_UTAH_2023/data/event_2417/RAW_20230719_022127.800.sgy,RAW_20230719_022127.800.sgy,RAW_20230719_022127.800,3.0,5.0,1300,1705,1000.0,utah_2023_labels_2s.csv
51,utah_2023__RAW_20230719_022127.800,utah_2023,utah_2023,utah_2023,noise,0,/home/ted1204/MS_Detection_Datamaker/MS_datamaker_UTAH_2023/data/event_2417/RAW_20230719_022127.800.sgy,RAW_20230719_022127.800.sgy,RAW_20230719_022127.800,3.0,5.0,1750,2155,1000.0,utah_2023_labels_2s.csv
52,utah_2023__RAW_20230719_022127.800,utah_2023,utah_2023,utah_2023,noise,0,/home/ted1204/MS_Detection_Datamaker/MS_datamaker_UTAH_2023/data/event_2417/RAW_20230719_022127.800.sgy,RAW_20230719_022127.800.sgy,RAW_20230719_022127.800,3.0,5.0,2200,2605,1000.0,utah_2023_labels_2s.csv
53,utah_2023__RAW_20230719_022127.800,utah_2023,utah_2023,utah_2023,noise,0,/home/ted1204/MS_Detection_Datamaker/MS_datamaker_UTAH_2023/data/event_2417/RAW_20230719_022127.800.sgy,RAW_20230719_022127.800.sgy,RAW_20230719_022127.800,3.0,5.0,2650,3055,1000.0,utah_2023_labels_2s.csv
54,utah_2023__RAW_20230719_022252.220,utah_2023,utah_2023,utah_2023,noise,0,/home/ted1204/MS_Detection_Datamaker/MS_datamaker_UTAH_2023/data/event_2417/RAW_20230719_022252.220.sgy,RAW_20230719_022252.220.sgy,RAW_20230719_022252.220,0.0,2.0,400,805,1000.0,utah_2023_labels_2s.csv
55,utah_2023__RAW_20230719_022252.220,utah_2023,utah_2023,utah_2023,noise,0,/home/ted1204/MS_Detection_Datamaker/MS_datamaker_UTAH_2023/data/event_2417/RAW_20230719_022252.220.sgy,RAW_20230719_022252.220.sgy,RAW_20230719_022252.220,0.0,2.0,850,1255,1000.0,utah_2023_labels_2s.csv
56,utah_2023__RAW_20230719_022252.220,utah_2023,utah_2023,utah_2023,noise,0,/home/ted1204/MS_Detection_Datamaker/MS_datamaker_UTAH_2023/data/event_2417/RAW_20230719_022252.220.sgy,RAW_20230719_022252.220.sgy,RAW_20230719_022252.220,0.0,2.0,1300,1705,1000.0,utah_2023_labels_2s.csv
57,utah_2023__RAW_20230719_022252.220,utah_2023,utah_2023,utah_2023,noise,0,/home/ted1204/MS_Detection_Datamaker/MS_datamaker_UTAH_2023/data/event_2417/RAW_20230719_022252.220.sgy,RAW_20230719_022252.220.sgy,RAW_20230719_022252.220,0.0,2.0,1750,2155,1000.0,utah_2023_labels_2s.csv
58,utah_2023__RAW_20230719_022252.220,utah_2023,utah_2023,utah_2023,noise,0,/home/ted1204/MS_Detection_Datamaker/MS_datamaker_UTAH_2023/data/event_2417/RAW_20230719_022252.220.sgy,RAW_20230719_022252.220.sgy,RAW_20230719_022252.220,0.0,2.0,2200,2605,1000.0,utah_2023_labels_2s.csv
59,utah_2023__RAW_20230719_022252.220,utah_2023,utah_2023,utah_2023,noise,0,/home/ted1204/MS_Detection_Datamaker/MS_datamaker_UTAH_2023/data/event_2417/RAW_20230719_022252.220.sgy,RAW_20230719_022252.220.sgy,RAW_20230719_022252.220,0.0,2.0,2650,3055,1000.0,utah_2023_labels_2s.csv
60,utah_2023__RAW_20230719_023754.260,utah_2023,utah_2023,utah_2023,noise,0,/home/ted1204/MS_Detection_Datamaker/MS_datamaker_UTAH_2023/data/event_2417/RAW_20230719_023754.260.sgy,RAW_20230719_023754.260.sgy,RAW_20230719_023754.260,0.0,2.0,400,805,1000.0,utah_2023_labels_2s.csv
61,utah_2023__RAW_20230719_023754.260,utah_2023,utah_2023,utah_2023,noise,0,/home/ted1204/MS_Detection_Datamaker/MS_datamaker_UTAH_2023/data/event_2417/RAW_20230719_023754.260.sgy,RAW_20230719_023754.260.sgy,RAW_20230719_023754.260,0.0,2.0,850,1255,1000.0,utah_2023_labels_2s.csv
62,utah_2023__RAW_20230719_023754.260,utah_2023,utah_2023,utah_2023,noise,0,/home/ted1204/MS_Detection_Datamaker/MS_datamaker_UTAH_2023/data/event_2417/RAW_20230719_023754.260.sgy,RAW_20230719_023754.260.sgy,RAW_20230719_023754.260,0.0,2.0,1300,1705,1000.0,utah_2023_labels_2s.csv
63,utah_2023__RAW_20230719_023754.260,utah_2023,utah_2023,utah_2023,noise,0,/home/ted1204/MS_Detection_Datamaker/MS_datamaker_UTAH_2023/data/event_2417/RAW_20230719_023754.260.sgy,RAW_20230719_023754.260.sgy,RAW_20230719_023754.260,0.0,2.0,1750,2155,1000.0,utah_2023_labels_2s.csv
64,utah_2023__RAW_20230719_023754.260,utah_2023,utah_2023,utah_2023,noise,0,/home/ted1204/MS_Detection_Datamaker/MS_datamaker_UTAH_2023/data/event_2417/RAW_20230719_023754.260.sgy,RAW_20230719_023754.260.sgy,RAW_20230719_023754.260,0.0,2.0,2200,2605,1000.0,utah_2023_labels_2s.csv
65,utah_2023__RAW_20230719_023754.260,utah_2023,utah_2023,utah_2023,noise,0,/home/ted1204/MS_Detection_Datamaker/MS_datamaker_UTAH_2023/data/event_2417/RAW_20230719_023754.260.sgy,RAW_20230719_023754.260.sgy,RAW_20230719_023754.260,0.0,2.0,2650,3055,1000.0,utah_2023_labels_2s.csv
66,utah_2023__RAW_20230719_025343.140,utah_2023,utah_2023,utah_2023,noise,0,/home/ted1204/MS_Detection_Datamaker/MS_datamaker_UTAH_2023/data/event_2417/RAW_20230719_025343.140.sgy,RAW_20230719_025343.140.sgy,RAW_20230719_025343.140,0.0,2.0,400,805,1000.0,utah_2023_labels_2s.csv
67,utah_2023__RAW_20230719_025343.140,utah_2023,utah_2023,utah_2023,noise,0,/home/ted1204/MS_Detection_Datamaker/MS_datamaker_UTAH_2023/data/event_2417/RAW_20230719_025343.140.sgy,RAW_20230719_025343.140.sgy,RAW_20230719_025343.140,0.0,2.0,850,1255,1000.0,utah_2023_labels_2s.csv
68,utah_2023__RAW_20230719_025343.140,utah_2023,utah_2023,utah_2023,noise,0,/home/ted1204/MS_Detection_Datamaker/MS_datamaker_UTAH_2023/data/event_2417/RAW_20230719_025343.140.sgy,RAW_20230719_025343.140.sgy,RAW_20230719_025343.140,0.0,2.0,1300,1705,1000.0,utah_2023_labels_2s.csv
69,utah_2023__RAW_20230719_025343.140,utah_2023,utah_2023,utah_2023,noise,0,/home/ted1204/MS_Detection_Datamaker/MS_datamaker_UTAH_2023/data/event_2417/RAW_20230719_025343.140.sgy,RAW_20230719_025343.140.sgy,RAW_20230719_025343.140,0.0,2.0,1750,2155,1000.0,utah_2023_labels_2s.csv
70,utah_2023__RAW_20230719_025343.140,utah_2023,utah_2023,utah_2023,noise,0,/home/ted1204/MS_Detection_Datamaker/MS_datamaker_UTAH_2023/data/event_2417/RAW_20230719_025343.140.sgy,RAW_20230719_025343.140.sgy,RAW_20230719_025343.140,0.0,2.0,2200,2605,1000.0,utah_2023_labels_2s.csv
71,utah_2023__RAW_20230719_025343.140,utah_2023,utah_2023,utah_2023,noise,0,/home/ted1204/MS_Detection_Datamaker/MS_datamaker_UTAH_2023/data/event_2417/RAW_20230719_025343.140.sgy,RAW_20230719_025343.140.sgy,RAW_20230719_025343.140,0.0,2.0,2650,3055,1000.0,utah_2023_labels_2s.csv
72,utah_2023__RAW_20230719_025343.140,utah_2023,utah_2023,utah_2023,noise,0,/home/ted1204/MS_Detection_Datamaker/MS_datamaker_UTAH_2023/data/event_2417/RAW_20230719_025343.140.sgy,RAW_20230719_025343.140.sgy,RAW_20230719_025343.140,3.0,5.0,400,805,1000.0,utah_2023_labels_2s.csv
73,utah_2023__RAW_20230719_025343.140,utah_2023,utah_2023,utah_2023,noise,0,/home/ted1204/MS_Detection_Datamaker/MS_datamaker_UTAH_2023/data/event_2417/RAW_20230719_025343.140.sgy,RAW_20230719_025343.140.sgy,RAW_20230719_025343.140,3.0,5.0,850,1255,1000.0,utah_2023_labels_2s.csv
74,utah_2023__RAW_20230719_025343.140,utah_2023,utah_2023,utah_2023,noise,0,/home/ted1204/MS_Detection_Datamaker/MS_datamaker_UTAH_2023/data/event_2417/RAW_20230719_025343.140.sgy,RAW_20230719_025343.140.sgy,RAW_20230719_025343.140,3.0,5.0,1300,1705,1000.0,utah_2023_labels_2s.csv
75,utah_2023__RAW_20230719_025343.140,utah_2023,utah_2023,utah_2023,noise,0,/home/ted1204/MS_Detection_Datamaker/MS_datamaker_UTAH_2023/data/event_2417/RAW_20230719_025343.140.sgy,RAW_20230719_025343.140.sgy,RAW_20230719_025343.140,3.0,5.0,1750,2155,1000.0,utah_2023_labels_2s.csv
76,utah_2023__RAW_20230719_025343.140,utah_2023,utah_2023,utah_2023,noise,0,/home/ted1204/MS_Detection_Datamaker/MS_datamaker_UTAH_2023/data/event_2417/RAW_20230719_025343.140.sgy,RAW_20230719_025343.140.sgy,RAW_20230719_025343.140,3.0,5.0,2200,2605,1000.0,utah_2023_labels_2s.csv
77,utah_2023__RAW_20230719_025343.140,utah_2023,utah_2023,utah_2023,noise,0,/home/ted1204/MS_Detection_Datamaker/MS_datamaker_UTAH_2023/data/event_2417/RAW_20230719_025343.140.sgy,RAW_20230719_025343.140.sgy,RAW_20230719_025343.140,3.0,5.0,2650,3055,1000.0,utah_2023_labels_2s.csv
78,utah_2023__RAW_20230719_025648.380,utah_2023,utah_2023,utah_2023,noise,0,/home/ted1204/MS_Detection_Datamaker/MS_datamaker_UTAH_2023/data/event_2417/RAW_20230719_025648.380.sgy,RAW_20230719_025648.380.sgy,RAW_20230719_025648.380,0.0,2.0,400,805,1000.0,utah_2023_labels_2s.csv
79,utah_2023__RAW_20230719_025648.380,utah_2023,utah_2023,utah_2023,noise,0,/home/ted1204/MS_Detection_Datamaker/MS_datamaker_UTAH_2023/data/event_2417/RAW_20230719_025648.380.sgy,RAW_20230719_025648.380.sgy,RAW_20230719_025648.380,0.0,2.0,850,1255,1000.0,utah_2023_labels_2s.csv
80,utah_2023__RAW_20230719_025648.380,utah_2023,utah_2023,utah_2023,noise,0,/home/ted1204/MS_Detection_Datamaker/MS_datamaker_UTAH_2023/data/event_2417/RAW_20230719_025648.380.sgy,RAW_20230719_025648.380.sgy,RAW_20230719_025648.380,0.0,2.0,1300,1705,1000.0,utah_2023_labels_2s.csv
81,utah_2023__RAW_20230719_025648.380,utah_2023,utah_2023,utah_2023,noise,0,/home/ted1204/MS_Detection_Datamaker/MS_datamaker_UTAH_2023/data/event_2417/RAW_20230719_025648.380.sgy,RAW_20230719_025648.380.sgy,RAW_20230719_025648.380,0.0,2.0,1750,2155,1000.0,utah_2023_labels_2s.csv
82,utah_2023__RAW_20230719_025648.380,utah_2023,utah_2023,utah_2023,noise,0,/home/ted1204/MS_Detection_Datamaker/MS_datamaker_UTAH_2023/data/event_2417/RAW_20230719_025648.380.sgy,RAW_20230719_025648.380.sgy,RAW_20230719_025648.380,0.0,2.0,2200,2605,1000.0,utah_2023_labels_2s.csv
83,utah_2023__RAW_20230719_025648.380,utah_2023,utah_2023,utah_2023,noise,0,/home/ted1204/MS_Detection_Datamaker/MS_datamaker_UTAH_2023/data/event_2417/RAW_20230719_025648.380.sgy,RAW_20230719_025648.380.sgy,RAW_20230719_025648.380,0.0,2.0,2650,3055,1000.0,utah_2023_labels_2s.csv
84,utah_2023__RAW_20230719_025836.060,utah_2023,utah_2023,utah_2023,noise,0,/home/ted1204/MS_Detection_Datamaker/MS_datamaker_UTAH_2023/data/event_2417/RAW_20230719_025836.060.sgy,RAW_20230719_025836.060.sgy,RAW_20230719_025836.060,0.0,2.0,400,805,1000.0,utah_2023_labels_2s.csv
85,utah_2023__RAW_20230719_025836.060,utah_2023,utah_2023,utah_2023,noise,0,/home/ted1204/MS_Detection_Datamaker/MS_datamaker_UTAH_2023/data/event_2417/RAW_20230719_025836.060.sgy,RAW_20230719_025836.060.sgy,RAW_20230719_025836.060,0.0,2.0,850,1255,1000.0,utah_2023_labels_2s.csv
86,utah_2023__RAW_20230719_025836.060,utah_2023,utah_2023,utah_2023,noise,0,/home/ted1204/MS_Detection_Datamaker/MS_datamaker_UTAH_2023/data/event_2417/RAW_20230719_025836.060.sgy,RAW_20230719_025836.060.sgy,RAW_20230719_025836.060,0.0,2.0,1300,1705,1000.0,utah_2023_labels_2s.csv
87,utah_2023__RAW_20230719_025836.060,utah_2023,utah_2023,utah_2023,noise,0,/home/ted1204/MS_Detection_Datamaker/MS_datamaker_UTAH_2023/data/event_2417/RAW_20230719_025836.060.sgy,RAW_20230719_025836.060.sgy,RAW_20230719_025836.060,0.0,2.0,1750,2155,1000.0,utah_2023_labels_2s.csv
88,utah_2023__RAW_20230719_025836.060,utah_2023,utah_2023,utah_2023,noise,0,/home/ted1204/MS_Detection_Datamaker/MS_datamaker_UTAH_2023/data/event_2417/RAW_20230719_025836.060.sgy,RAW_20230719_025836.060.sgy,RAW_20230719_025836.060,0.0,2.0,2200,2605,1000.0,utah_2023_labels_2s.csv
89,utah_2023__RAW_20230719_025836.060,utah_2023,utah_2023,utah_2023,noise,0,/home/ted1204/MS_Detection_Datamaker/MS_datamaker_UTAH_2023/data/event_2417/RAW_20230719_025836.060.sgy,RAW_20230719_025836.060.sgy,RAW_20230719_025836.060,0.0,2.0,2650,3055,1000.0,utah_2023_labels_2s.csv
90,utah_2023__RAW_20230719_025842.080,utah_2023,utah_2023,utah_2023,noise,0,/home/ted1204/MS_Detection_Datamaker/MS_datamaker_UTAH_2023/data/event_2417/RAW_20230719_025842.080.sgy,RAW_20230719_025842.080.sgy,RAW_20230719_025842.080,0.0,2.0,400,805,1000.0,utah_2023_labels_2s.csv
91,utah_2023__RAW_20230719_025842.080,utah_2023,utah_2023,utah_2023,noise,0,/home/ted1204/MS_Detection_Datamaker/MS_datamaker_UTAH_2023/data/event_2417/RAW_20230719_025842.080.sgy,RAW_20230719_025842.080.sgy,RAW_20230719_025842.080,0.0,2.0,850,1255,1000.0,utah_2023_labels_2s.csv
92,utah_2023__RAW_20230719_025842.080,utah_2023,utah_2023,utah_2023,noise,0,/home/ted1204/MS_Detection_Datamaker/MS_datamaker_UTAH_2023/data/event_2417/RAW_20230719_025842.080.sgy,RAW_20230719_025842.080.sgy,RAW_20230719_025842.080,0.0,2.0,1300,1705,1000.0,utah_2023_labels_2s.csv
93,utah_2023__RAW_20230719_025842.080,utah_2023,utah_2023,utah_2023,noise,0,/home/ted1204/MS_Detection_Datamaker/MS_datamaker_UTAH_2023/data/event_2417/RAW_20230719_025842.080.sgy,RAW_20230719_025842.080.sgy,RAW_20230719_025842.080,0.0,2.0,1750,2155,1000.0,utah_2023_labels_2s.csv
94,utah_2023__RAW_20230719_025842.080,utah_2023,utah_2023,utah_2023,noise,0,/home/ted1204/MS_Detection_Datamaker/MS_datamaker_UTAH_2023/data/event_2417/RAW_20230719_025842.080.sgy,RAW_20230719_025842.080.sgy,RAW_20230719_025842.080,0.0,2.0,2200,2605,1000.0,utah_2023_labels_2s.csv
95,utah_2023__RAW_20230719_025842.080,utah_2023,utah_2023,utah_2023,noise,0,/home/ted1204/MS_Detection_Datamaker/MS_datamaker_UTAH_2023/data/event_2417/RAW_20230719_025842.080.sgy,RAW_20230719_025842.080.sgy,RAW_20230719_025842.080,0.0,2.0,2650,3055,1000.0,utah_2023_labels_2s.csv
96,utah_2023__RAW_20230719_030249.180,utah_2023,utah_2023,utah_2023,noise,0,/home/ted1204/MS_Detection_Datamaker/MS_datamaker_UTAH_2023/data/event_2417/RAW_20230719_030249.180.sgy,RAW_20230719_030249.180.sgy,RAW_20230719_030249.180,0.0,2.0,400,805,1000.0,utah_2023_labels_2s.csv
97,utah_2023__RAW_20230719_030249.180,utah_2023,utah_2023,utah_2023,noise,0,/home/ted1204/MS_Detection_Datamaker/MS_datamaker_UTAH_2023/data/event_2417/RAW_20230719_030249.180.sgy,RAW_20230719_030249.180.sgy,RAW_20230719_030249.180,0.0,2.0,850,1255,1000.0,utah_2023_labels_2s.csv
98,utah_2023__RAW_20230719_030249.180,utah_2023,utah_2023,utah_2023,noise,0,/home/ted1204/MS_Detection_Datamaker/MS_datamaker_UTAH_2023/data/event_2417/RAW_20230719_030249.180.sgy,RAW_20230719_030249.180.sgy,RAW_20230719_030249.180,0.0,2.0,1300,1705,1000.0,utah_2023_labels_2s.csv
99,utah_2023__RAW_20230719_030249.180,utah_2023,utah_2023,utah_2023,noise,0,/home/ted1204/MS_Detection_Datamaker/MS_datamaker_UTAH_2023/data/event_2417/RAW_20230719_030249.180.sgy,RAW_20230719_030249.180.sgy,RAW_20230719_030249.180,0.0,2.0,1750,2155,1000.0,utah_2023_labels_2s.csv
100,utah_2023__RAW_20230719_030249.180,utah_2023,utah_2023,utah_2023,noise,0,/home/ted1204/MS_Detection_Datamaker/MS_datamaker_UTAH_2023/data/event_2417/RAW_20230719_030249.180.sgy,RAW_20230719_030249.180.sgy,RAW_20230719_030249.180,0.0,2.0,2200,2605,1000.0,utah_2023_labels_2s.csv
101,utah_2023__RAW_20230719_030249.180,utah_2023,utah_2023,utah_2023,noise,0,/home/ted1204/MS_Detection_Datamaker/MS_datamaker_UTAH_2023/data/event_2417/RAW_20230719_030249.180.sgy,RAW_20230719_030249.180.sgy,RAW_20230719_030249.180,0.0,2.0,2650,3055,1000.0,utah_2023_labels_2s.csv
102,utah_2023__RAW_20230719_030249.180,utah_2023,utah_2023,utah_2023,noise,0,/home/ted1204/MS_Detection_Datamaker/MS_datamaker_UTAH_2023/data/event_2417/RAW_20230719_030249.180.sgy,RAW_20230719_030249.180.sgy,RAW_20230719_030249.180,3.0,5.0,400,805,1000.0,utah_2023_labels_2s.csv
103,utah_2023__RAW_20230719_030249.180,utah_2023,utah_2023,utah_2023,noise,0,/home/ted1204/MS_Detection_Datamaker/MS_datamaker_UTAH_2023/data/event_2417/RAW_20230719_030249.180.sgy,RAW_20230719_030249.180.sgy,RAW_20230719_030249.180,3.0,5.0,850,1255,1000.0,utah_2023_labels_2s.csv
104,utah_2023__RAW_20230719_030249.180,utah_2023,utah_2023,utah_2023,noise,0,/home/ted1204/MS_Detection_Datamaker/MS_datamaker_UTAH_2023/data/event_2417/RAW_20230719_030249.180.sgy,RAW_20230719_030249.180.sgy,RAW_20230719_030249.180,3.0,5.0,1300,1705,1000.0,utah_2023_labels_2s.csv
105,utah_2023__RAW_20230719_030249.180,utah_2023,utah_2023,utah_2023,noise,0,/home/ted1204/MS_Detection_Datamaker/MS_datamaker_UTAH_2023/data/event_2417/RAW_20230719_030249.180.sgy,RAW_20230719_030249.180.sgy,RAW_20230719_030249.180,3.0,5.0,1750,2155,1000.0,utah_2023_labels_2s.csv
106,utah_2023__RAW_20230719_030249.180,utah_2023,utah_2023,utah_2023,noise,0,/home/ted1204/MS_Detection_Datamaker/MS_datamaker_UTAH_2023/data/event_2417/RAW_20230719_030249.180.sgy,RAW_20230719_030249.180.sgy,RAW_20230719_030249.180,3.0,5.0,2200,2605,1000.0,utah_2023_labels_2s.csv
107,utah_2023__RAW_20230719_030249.180,utah_2023,utah_2023,utah_2023,noise,0,/home/ted1204/MS_Detection_Datamaker/MS_datamaker_UTAH_2023/data/event_2417/RAW_20230719_030249.180.sgy,RAW_20230719_030249.180.sgy,RAW_20230719_030249.180,3.0,5.0,2650,3055,1000.0,utah_2023_labels_2s.csv
108,utah_2023__RAW_20230719_030929.320,utah_2023,utah_2023,utah_2023,noise,0,/home/ted1204/MS_Detection_Datamaker/MS_datamaker_UTAH_2023/data/event_2417/RAW_20230719_030929.320.sgy,RAW_20230719_030929.320.sgy,RAW_20230719_030929.320,0.0,2.0,400,805,1000.0,utah_2023_labels_2s.csv
109,utah_2023__RAW_20230719_030929.320,utah_2023,utah_2023,utah_2023,noise,0,/home/ted1204/MS_Detection_Datamaker/MS_datamaker_UTAH_2023/data/event_2417/RAW_20230719_030929.320.sgy,RAW_20230719_030929.320.sgy,RAW_20230719_030929.320,0.0,2.0,850,1255,1000.0,utah_2023_labels_2s.csv
110,utah_2023__RAW_20230719_030929.320,utah_2023,utah_2023,utah_2023,noise,0,/home/ted1204/MS_Detection_Datamaker/MS_datamaker_UTAH_2023/data/event_2417/RAW_20230719_030929.320.sgy,RAW_20230719_030929.320.sgy,RAW_20230719_030929.320,0.0,2.0,1300,1705,1000.0,utah_2023_labels_2s.csv
111,utah_2023__RAW_20230719_030929.320,utah_2023,utah_2023,utah_2023,noise,0,/home/ted1204/MS_Detection_Datamaker/MS_datamaker_UTAH_2023/data/event_2417/RAW_20230719_030929.320.sgy,RAW_20230719_030929.320.sgy,RAW_20230719_030929.320,0.0,2.0,1750,2155,1000.0,utah_2023_labels_2s.csv
112,utah_2023__RAW_20230719_030929.320,utah_2023,utah_2023,utah_2023,noise,0,/home/ted1204/MS_Detection_Datamaker/MS_datamaker_UTAH_2023/data/event_2417/RAW_20230719_030929.320.sgy,RAW_20230719_030929.320.sgy,RAW_20230719_030929.320,0.0,2.0,2200,2605,1000.0,utah_2023_labels_2s.csv
113,utah_2023__RAW_20230719_030929.320,utah_2023,utah_2023,utah_2023,noise,0,/home/ted1204/MS_Detection_Datamaker/MS_datamaker_UTAH_2023/data/event_2417/RAW_20230719_030929.320.sgy,RAW_20230719_030929.320.sgy,RAW_20230719_030929.320,0.0,2.0,2650,3055,1000.0,utah_2023_labels_2s.csv
114,utah_2023__RAW_20230719_030953.040,utah_2023,utah_2023,utah_2023,noise,0,/home/ted1204/MS_Detection_Datamaker/MS_datamaker_UTAH_2023/data/event_2417/RAW_20230719_030953.040.sgy,RAW_20230719_030953.040.sgy,RAW_20230719_030953.040,0.0,2.0,400,805,1000.0,utah_2023_labels_2s.csv
115,utah_2023__RAW_20230719_030953.040,utah_2023,utah_2023,utah_2023,noise,0,/home/ted1204/MS_Detection_Datamaker/MS_datamaker_UTAH_2023/data/event_2417/RAW_20230719_030953.040.sgy,RAW_20230719_030953.040.sgy,RAW_20230719_030953.040,0.0,2.0,850,1255,1000.0,utah_2023_labels_2s.csv
116,utah_2023__RAW_20230719_030953.040,utah_2023,utah_2023,utah_2023,noise,0,/home/ted1204/MS_Detection_Datamaker/MS_datamaker_UTAH_2023/data/event_2417/RAW_20230719_030953.040.sgy,RAW_20230719_030953.040.sgy,RAW_20230719_030953.040,0.0,2.0,1300,1705,1000.0,utah_2023_labels_2s.csv
117,utah_2023__RAW_20230719_030953.040,utah_2023,utah_2023,utah_2023,noise,0,/home/ted1204/MS_Detection_Datamaker/MS_datamaker_UTAH_2023/data/event_2417/RAW_20230719_030953.040.sgy,RAW_20230719_030953.040.sgy,RAW_20230719_030953.040,0.0,2.0,1750,2155,1000.0,utah_2023_labels_2s.csv
118,utah_2023__RAW_20230719_030953.040,utah_2023,utah_2023,utah_2023,noise,0,/home/ted1204/MS_Detection_Datamaker/MS_datamaker_UTAH_2023/data/event_2417/RAW_20230719_030953.040.sgy,RAW_20230719_030953.040.sgy,RAW_20230719_030953.040,0.0,2.0,2200,2605,1000.0,utah_2023_labels_2s.csv
119,utah_2023__RAW_20230719_030953.040,utah_2023,utah_2023,utah_2023,noise,0,/home/ted1204/MS_Detection_Datamaker/MS_datamaker_UTAH_2023/data/event_2417/RAW_20230719_030953.040.sgy,RAW_20230719_030953.040.sgy,RAW_20230719_030953.040,0.0,2.0,2650,3055,1000.0,utah_2023_labels_2s.csv
120,utah_2023__RAW_20230719_031236.560,utah_2023,utah_2023,utah_2023,noise,0,/home/ted1204/MS_Detection_Datamaker/MS_datamaker_UTAH_2023/data/event_2417/RAW_20230719_031236.560.sgy,RAW_20230719_031236.560.sgy,RAW_20230719_031236.560,0.0,2.0,400,805,1000.0,utah_2023_labels_2s.csv
121,utah_2023__RAW_20230719_031236.560,utah_2023,utah_2023,utah_2023,noise,0,/home/ted1204/MS_Detection_Datamaker/MS_datamaker_UTAH_2023/data/event_2417/RAW_20230719_031236.560.sgy,RAW_20230719_031236.560.sgy,RAW_20230719_031236.560,0.0,2.0,850,1255,1000.0,utah_2023_labels_2s.csv
122,utah_2023__RAW_20230719_031236.560,utah_2023,utah_2023,utah_2023,noise,0,/home/ted1204/MS_Detection_Datamaker/MS_datamaker_UTAH_2023/data/event_2417/RAW_20230719_031236.560.sgy,RAW_20230719_031236.560.sgy,RAW_20230719_031236.560,0.0,2.0,1300,1705,1000.0,utah_2023_labels_2s.csv
123,utah_2023__RAW_20230719_031236.560,utah_2023,utah_2023,utah_2023,noise,0,/home/ted1204/MS_Detection_Datamaker/MS_datamaker_UTAH_2023/data/event_2417/RAW_20230719_031236.560.sgy,RAW_20230719_031236.560.sgy,RAW_20230719_031236.560,0.0,2.0,1750,2155,1000.0,utah_2023_labels_2s.csv
124,utah_2023__RAW_20230719_031236.560,utah_2023,utah_2023,utah_2023,noise,0,/home/ted1204/MS_Detection_Datamaker/MS_datamaker_UTAH_2023/data/event_2417/RAW_20230719_031236.560.sgy,RAW_20230719_031236.560.sgy,RAW_20230719_031236.560,0.0,2.0,2200,2605,1000.0,utah_2023_labels_2s.csv
125,utah_2023__RAW_20230719_031236.560,utah_2023,utah_2023,utah_2023,noise,0,/home/ted1204/MS_Detection_Datamaker/MS_datamaker_UTAH_2023/data/event_2417/RAW_20230719_031236.560.sgy,RAW_20230719_031236.560.sgy,RAW_20230719_031236.560,0.0,2.0,2650,3055,1000.0,utah_2023_labels_2s.csv
126,utah_2023__RAW_20230719_031715.160,utah_2023,utah_2023,utah_2023,noise,0,/home/ted1204/MS_Detection_Datamaker/MS_datamaker_UTAH_2023/data/event_2417/RAW_20230719_031715.160.sgy,RAW_20230719_031715.160.sgy,RAW_20230719_031715.160,0.0,2.0,400,805,1000.0,utah_2023_labels_2s.csv
127,utah_2023__RAW_20230719_031715.160,utah_2023,utah_2023,utah_2023,noise,0,/home/ted1204/MS_Detection_Datamaker/MS_datamaker_UTAH_2023/data/event_2417/RAW_20230719_031715.160.sgy,RAW_20230719_031715.160.sgy,RAW_20230719_031715.160,0.0,2.0,850,1255,1000.0,utah_2023_labels_2s.csv
128,utah_2023__RAW_20230719_031715.160,utah_2023,utah_2023,utah_2023,noise,0,/home/ted1204/MS_Detection_Datamaker/MS_datamaker_UTAH_2023/data/event_2417/RAW_20230719_031715.160.sgy,RAW_20230719_031715.160.sgy,RAW_20230719_031715.160,0.0,2.0,1300,1705,1000.0,utah_2023_labels_2s.csv
129,utah_2023__RAW_20230719_031715.160,utah_2023,utah_2023,utah_2023,noise,0,/home/ted1204/MS_Detection_Datamaker/MS_datamaker_UTAH_2023/data/event_2417/RAW_20230719_031715.160.sgy,RAW_20230719_031715.160.sgy,RAW_20230719_031715.160,0.0,2.0,1750,2155,1000.0,utah_2023_labels_2s.csv
130,utah_2023__RAW_20230719_031715.160,utah_2023,utah_2023,utah_2023,noise,0,/home/ted1204/MS_Detection_Datamaker/MS_datamaker_UTAH_2023/data/event_2417/RAW_20230719_031715.160.sgy,RAW_20230719_031715.160.sgy,RAW_20230719_031715.160,0.0,2.0,2200,2605,1000.0,utah_2023_labels_2s.csv
131,utah_2023__RAW_20230719_031715.160,utah_2023,utah_2023,utah_2023,noise,0,/home/ted1204/MS_Detection_Datamaker/MS_datamaker_UTAH_2023/data/event_2417/RAW_20230719_031715.160.sgy,RAW_20230719_031715.160.sgy,RAW_20230719_031715.160,0.0,2.0,2650,3055,1000.0,utah_2023_labels_2s.csv
132,utah_2023__RAW_20230719_031752.460,utah_2023,utah_2023,utah_2023,noise,0,/home/ted1204/MS_Detection_Datamaker/MS_datamaker_UTAH_2023/data/event_2417/RAW_20230719_031752.460.sgy,RAW_20230719_031752.460.sgy,RAW_20230719_031752.460,0.0,2.0,400,805,1000.0,utah_2023_labels_2s.csv
133,utah_2023__RAW_20230719_031752.460,utah_2023,utah_2023,utah_2023,noise,0,/home/ted1204/MS_Detection_Datamaker/MS_datamaker_UTAH_2023/data/event_2417/RAW_20230719_031752.460.sgy,RAW_20230719_031752.460.sgy,RAW_20230719_031752.460,0.0,2.0,850,1255,1000.0,utah_2023_labels_2s.csv
134,utah_2023__RAW_20230719_031752.460,utah_2023,utah_2023,utah_2023,noise,0,/home/ted1204/MS_Detection_Datamaker/MS_datamaker_UTAH_2023/data/event_2417/RAW_20230719_031752.460.sgy,RAW_20230719_031752.460.sgy,RAW_20230719_031752.460,0.0,2.0,1300,1705,1000.0,utah_2023_labels_2s.csv
135,utah_2023__RAW_20230719_031752.460,utah_2023,utah_2023,utah_2023,noise,0,/home/ted1204/MS_Detection_Datamaker/MS_datamaker_UTAH_2023/data/event_2417/RAW_20230719_031752.460.sgy,RAW_20230719_031752.460.sgy,RAW_20230719_031752.460,0.0,2.0,1750,2155,1000.0,utah_2023_labels_2s.csv
136,utah_2023__RAW_20230719_031752.460,utah_2023,utah_2023,utah_2023,noise,0,/home/ted1204/MS_Detection_Datamaker/MS_datamaker_UTAH_2023/data/event_2417/RAW_20230719_031752.460.sgy,RAW_20230719_031752.460.sgy,RAW_20230719_031752.460,0.0,2.0,2200,2605,1000.0,utah_2023_labels_2s.csv
137,utah_2023__RAW_20230719_031752.460,utah_2023,utah_2023,utah_2023,noise,0,/home/ted1204/MS_Detection_Datamaker/MS_datamaker_UTAH_2023/data/event_2417/RAW_20230719_031752.460.sgy,RAW_20230719_031752.460.sgy,RAW_20230719_031752.460,0.0,2.0,2650,3055,1000.0,utah_2023_labels_2s.csv
138,utah_2023__RAW_20230719_031752.460,utah_2023,utah_2023,utah_2023,noise,0,/home/ted1204/MS_Detection_Datamaker/MS_datamaker_UTAH_2023/data/event_2417/RAW_20230719_031752.460.sgy,RAW_20230719_031752.460.sgy,RAW_20230719_031752.460,3.0,5.0,400,805,1000.0,utah_2023_labels_2s.csv
139,utah_2023__RAW_20230719_031752.460,utah_2023,utah_2023,utah_2023,noise,0,/home/ted1204/MS_Detection_Datamaker/MS_datamaker_UTAH_2023/data/event_2417/RAW_20230719_031752.460.sgy,RAW_20230719_031752.460.sgy,RAW_20230719_031752.460,3.0,5.0,850,1255,1000.0,utah_2023_labels_2s.csv
140,utah_2023__RAW_20230719_031752.460,utah_2023,utah_2023,utah_2023,noise,0,/home/ted1204/MS_Detection_Datamaker/MS_datamaker_UTAH_2023/data/event_2417/RAW_20230719_031752.460.sgy,RAW_20230719_031752.460.sgy,RAW_20230719_031752.460,3.0,5.0,1300,1705,1000.0,utah_2023_labels_2s.csv
141,utah_2023__RAW_20230719_031752.460,utah_2023,utah_2023,utah_2023,noise,0,/home/ted1204/MS_Detection_Datamaker/MS_datamaker_UTAH_2023/data/event_2417/RAW_20230719_031752.460.sgy,RAW_20230719_031752.460.sgy,RAW_20230719_031752.460,3.0,5.0,1750,2155,1000.0,utah_2023_labels_2s.csv
142,utah_2023__RAW_20230719_031752.460,utah_2023,utah_2023,utah_2023,noise,0,/home/ted1204/MS_Detection_Datamaker/MS_datamaker_UTAH_2023/data/event_2417/RAW_20230719_031752.460.sgy,RAW_20230719_031752.460.sgy,RAW_20230719_031752.460,3.0,5.0,2200,2605,1000.0,utah_2023_labels_2s.csv
143,utah_2023__RAW_20230719_031752.460,utah_2023,utah_2023,utah_2023,noise,0,/home/ted1204/MS_Detection_Datamaker/MS_datamaker_UTAH_2023/data/event_2417/RAW_20230719_031752.460.sgy,RAW_20230719_031752.460.sgy,RAW_20230719_031752.460,3.0,5.0,2650,3055,1000.0,utah_2023_labels_2s.csv
144,utah_2023__RAW_20230719_032930.400,utah_2023,utah_2023,utah_2023,noise,0,/home/ted1204/MS_Detection_Datamaker/MS_datamaker_UTAH_2023/data/event_2417/RAW_20230719_032930.400.sgy,RAW_20230719_032930.400.sgy,RAW_20230719_032930.400,0.0,2.0,400,805,1000.0,utah_2023_labels_2s.csv
145,utah_2023__RAW_20230719_032930.400,utah_2023,utah_2023,utah_2023,noise,0,/home/ted1204/MS_Detection_Datamaker/MS_datamaker_UTAH_2023/data/event_2417/RAW_20230719_032930.400.sgy,RAW_20230719_032930.400.sgy,RAW_20230719_032930.400,0.0,2.0,850,1255,1000.0,utah_2023_labels_2s.csv
146,utah_2023__RAW_20230719_032930.400,utah_2023,utah_2023,utah_2023,noise,0,/home/ted1204/MS_Detection_Datamaker/MS_datamaker_UTAH_2023/data/event_2417/RAW_20230719_032930.400.sgy,RAW_20230719_032930.400.sgy,RAW_20230719_032930.400,0.0,2.0,1300,1705,1000.0,utah_2023_labels_2s.csv
147,utah_2023__RAW_20230719_032930.400,utah_2023,utah_2023,utah_2023,noise,0,/home/ted1204/MS_Detection_Datamaker/MS_datamaker_UTAH_2023/data/event_2417/RAW_20230719_032930.400.sgy,RAW_20230719_032930.400.sgy,RAW_20230719_032930.400,0.0,2.0,1750,2155,1000.0,utah_2023_labels_2s.csv
148,utah_2023__RAW_20230719_032930.400,utah_2023,utah_2023,utah_2023,noise,0,/home/ted1204/MS_Detection_Datamaker/MS_datamaker_UTAH_2023/data/event_2417/RAW_20230719_032930.400.sgy,RAW_20230719_032930.400.sgy,RAW_20230719_032930.400,0.0,2.0,2200,2605,1000.0,utah_2023_labels_2s.csv
149,utah_2023__RAW_20230719_032930.400,utah_2023,utah_2023,utah_2023,noise,0,/home/ted1204/MS_Detection_Datamaker/MS_datamaker_UTAH_2023/data/event_2417/RAW_20230719_032930.400.sgy,RAW_20230719_032930.400.sgy,RAW_20230719_032930.400,0.0,2.0,2650,3055,1000.0,utah_2023_labels_2s.csv
150,utah_2023__RAW_20230719_032951.960,utah_2023,utah_2023,utah_2023,noise,0,/home/ted1204/MS_Detection_Datamaker/MS_datamaker_UTAH_2023/data/event_2417/RAW_20230719_032951.960.sgy,RAW_20230719_032951.960.sgy,RAW_20230719_032951.960,0.0,2.0,400,805,1000.0,utah_2023_labels_2s.csv
151,utah_2023__RAW_20230719_032951.960,utah_2023,utah_2023,utah_2023,noise,0,/home/ted1204/MS_Detection_Datamaker/MS_datamaker_UTAH_2023/data/event_2417/RAW_20230719_032951.960.sgy,RAW_20230719_032951.960.sgy,RAW_20230719_032951.960,0.0,2.0,850,1255,1000.0,utah_2023_labels_2s.csv
152,utah_2023__RAW_20230719_032951.960,utah_2023,utah_2023,utah_2023,noise,0,/home/ted1204/MS_Detection_Datamaker/MS_datamaker_UTAH_2023/data/event_2417/RAW_20230719_032951.960.sgy,RAW_20230719_032951.960.sgy,RAW_20230719_032951.960,0.0,2.0,1300,1705,1000.0,utah_2023_labels_2s.csv
153,utah_2023__RAW_20230719_032951.960,utah_2023,utah_2023,utah_2023,noise,0,/home/ted1204/MS_Detection_Datamaker/MS_datamaker_UTAH_2023/data/event_2417/RAW_20230719_032951.960.sgy,RAW_20230719_032951.960.sgy,RAW_20230719_032951.960,0.0,2.0,1750,2155,1000.0,utah_2023_labels_2s.csv
154,utah_2023__RAW_20230719_032951.960,utah_2023,utah_2023,utah_2023,noise,0,/home/ted1204/MS_Detection_Datamaker/MS_datamaker_UTAH_2023/data/event_2417/RAW_20230719_032951.960.sgy,RAW_20230719_032951.960.sgy,RAW_20230719_032951.960,0.0,2.0,2200,2605,1000.0,utah_2023_labels_2s.csv
155,utah_2023__RAW_20230719_032951.960,utah_2023,utah_2023,utah_2023,noise,0,/home/ted1204/MS_Detection_Datamaker/MS_datamaker_UTAH_2023/data/event_2417/RAW_20230719_032951.960.sgy,RAW_20230719_032951.960.sgy,RAW_20230719_032951.960,0.0,2.0,2650,3055,1000.0,utah_2023_labels_2s.csv
156,utah_2023__RAW_20230719_034045.220,utah_2023,utah_2023,utah_2023,noise,0,/home/ted1204/MS_Detection_Datamaker/MS_datamaker_UTAH_2023/data/event_2417/RAW_20230719_034045.220.sgy,RAW_20230719_034045.220.sgy,RAW_20230719_034045.220,0.0,2.0,400,805,1000.0,utah_2023_labels_2s.csv
157,utah_2023__RAW_20230719_034045.220,utah_2023,utah_2023,utah_2023,noise,0,/home/ted1204/MS_Detection_Datamaker/MS_datamaker_UTAH_2023/data/event_2417/RAW_20230719_034045.220.sgy,RAW_20230719_034045.220.sgy,RAW_20230719_034045.220,0.0,2.0,850,1255,1000.0,utah_2023_labels_2s.csv
158,utah_2023__RAW_20230719_034045.220,utah_2023,utah_2023,utah_2023,noise,0,/home/ted1204/MS_Detection_Datamaker/MS_datamaker_UTAH_2023/data/event_2417/RAW_20230719_034045.220.sgy,RAW_20230719_034045.220.sgy,RAW_20230719_034045.220,0.0,2.0,1300,1705,1000.0,utah_2023_labels_2s.csv
159,utah_2023__RAW_20230719_034045.220,utah_2023,utah_2023,utah_2023,noise,0,/home/ted1204/MS_Detection_Datamaker/MS_datamaker_UTAH_2023/data/event_2417/RAW_20230719_034045.220.sgy,RAW_20230719_034045.220.sgy,RAW_20230719_034045.220,0.0,2.0,1750,2155,1000.0,utah_2023_labels_2s.csv
160,utah_2023__RAW_20230719_034045.220,utah_2023,utah_2023,utah_2023,noise,0,/home/ted1204/MS_Detection_Datamaker/MS_datamaker_UTAH_2023/data/event_2417/RAW_20230719_034045.220.sgy,RAW_20230719_034045.220.sgy,RAW_20230719_034045.220,0.0,2.0,2200,2605,1000.0,utah_2023_labels_2s.csv
161,utah_2023__RAW_20230719_034045.220,utah_2023,utah_2023,utah_2023,noise,0,/home/ted1204/MS_Detection_Datamaker/MS_datamaker_UTAH_2023/data/event_2417/RAW_20230719_034045.220.sgy,RAW_20230719_034045.220.sgy,RAW_20230719_034045.220,0.0,2.0,2650,3055,1000.0,utah_2023_labels_2s.csv
162,utah_2023__RAW_20230719_034908.440,utah_2023,utah_2023,utah_2023,noise,0,/home/ted1204/MS_Detection_Datamaker/MS_datamaker_UTAH_2023/data/event_2417/RAW_20230719_034908.440.sgy,RAW_20230719_034908.440.sgy,RAW_20230719_034908.440,0.0,2.0,400,805,1000.0,utah_2023_labels_2s.csv
163,utah_2023__RAW_20230719_034908.440,utah_2023,utah_2023,utah_2023,noise,0,/home/ted1204/MS_Detection_Datamaker/MS_datamaker_UTAH_2023/data/event_2417/RAW_20230719_034908.440.sgy,RAW_20230719_034908.440.sgy,RAW_20230719_034908.440,0.0,2.0,850,1255,1000.0,utah_2023_labels_2s.csv
164,utah_2023__RAW_20230719_034908.440,utah_2023,utah_2023,utah_2023,noise,0,/home/ted1204/MS_Detection_Datamaker/MS_datamaker_UTAH_2023/data/event_2417/RAW_20230719_034908.440.sgy,RAW_20230719_034908.440.sgy,RAW_20230719_034908.440,0.0,2.0,1300,1705,1000.0,utah_2023_labels_2s.csv
165,utah_2023__RAW_20230719_034908.440,utah_2023,utah_2023,utah_2023,noise,0,/home/ted1204/MS_Detection_Datamaker/MS_datamaker_UTAH_2023/data/event_2417/RAW_20230719_034908.440.sgy,RAW_20230719_034908.440.sgy,RAW_20230719_034908.440,0.0,2.0,1750,2155,1000.0,utah_2023_labels_2s.csv
166,utah_2023__RAW_20230719_034908.440,utah_2023,utah_2023,utah_2023,noise,0,/home/ted1204/MS_Detection_Datamaker/MS_datamaker_UTAH_2023/data/event_2417/RAW_20230719_034908.440.sgy,RAW_20230719_034908.440.sgy,RAW_20230719_034908.440,0.0,2.0,2200,2605,1000.0,utah_2023_labels_2s.csv
167,utah_2023__RAW_20230719_034908.440,utah_2023,utah_2023,utah_2023,noise,0,/home/ted1204/MS_Detection_Datamaker/MS_datamaker_UTAH_2023/data/event_2417/RAW_20230719_034908.440.sgy,RAW_20230719_034908.440.sgy,RAW_20230719_034908.440,0.0,2.0,2650,3055,1000.0,utah_2023_labels_2s.csv
168,utah_2023__RAW_20230719_034908.440,utah_2023,utah_2023,utah_2023,noise,0,/home/ted1204/MS_Detection_Datamaker/MS_datamaker_UTAH_2023/data/event_2417/RAW_20230719_034908.440.sgy,RAW_20230719_034908.440.sgy,RAW_20230719_034908.440,3.0,5.0,400,805,1000.0,utah_2023_labels_2s.csv
169,utah_2023__RAW_20230719_034908.440,utah_2023,utah_2023,utah_2023,noise,0,/home/ted1204/MS_Detection_Datamaker/MS_datamaker_UTAH_2023/data/event_2417/RAW_20230719_034908.440.sgy,RAW_20230719_034908.440.sgy,RAW_20230719_034908.440,3.0,5.0,850,1255,1000.0,utah_2023_labels_2s.csv
170,utah_2023__RAW_20230719_034908.440,utah_2023,utah_2023,utah_2023,noise,0,/home/ted1204/MS_Detection_Datamaker/MS_datamaker_UTAH_2023/data/event_2417/RAW_20230719_034908.440.sgy,RAW_20230719_034908.440.sgy,RAW_20230719_034908.440,3.0,5.0,1300,1705,1000.0,utah_2023_labels_2s.csv
171,utah_2023__RAW_20230719_034908.440,utah_2023,utah_2023,utah_2023,noise,0,/home/ted1204/MS_Detection_Datamaker/MS_datamaker_UTAH_2023/data/event_2417/RAW_20230719_034908.440.sgy,RAW_20230719_034908.440.sgy,RAW_20230719_034908.440,3.0,5.0,1750,2155,1000.0,utah_2023_labels_2s.csv
172,utah_2023__RAW_20230719_034908.440,utah_2023,utah_2023,utah_2023,noise,0,/home/ted1204/MS_Detection_Datamaker/MS_datamaker_UTAH_2023/data/event_2417/RAW_20230719_034908.440.sgy,RAW_20230719_034908.440.sgy,RAW_20230719_034908.440,3.0,5.0,2200,2605,1000.0,utah_2023_labels_2s.csv
173,utah_2023__RAW_20230719_034908.440,utah_2023,utah_2023,utah_2023,noise,0,/home/ted1204/MS_Detection_Datamaker/MS_datamaker_UTAH_2023/data/event_2417/RAW_20230719_034908.440.sgy,RAW_20230719_034908.440.sgy,RAW_20230719_034908.440,3.0,5.0,2650,3055,1000.0,utah_2023_labels_2s.csv
174,utah_2023__RAW_20230719_034956.660,utah_2023,utah_2023,utah_2023,noise,0,/home/ted1204/MS_Detection_Datamaker/MS_datamaker_UTAH_2023/data/event_2417/RAW_20230719_034956.660.sgy,RAW_20230719_034956.660.sgy,RAW_20230719_034956.660,0.0,2.0,400,805,1000.0,utah_2023_labels_2s.csv
175,utah_2023__RAW_20230719_034956.660,utah_2023,utah_2023,utah_2023,noise,0,/home/ted1204/MS_Detection_Datamaker/MS_datamaker_UTAH_2023/data/event_2417/RAW_20230719_034956.660.sgy,RAW_20230719_034956.660.sgy,RAW_20230719_034956.660,0.0,2.0,850,1255,1000.0,utah_2023_labels_2s.csv
176,utah_2023__RAW_20230719_034956.660,utah_2023,utah_2023,utah_2023,noise,0,/home/ted1204/MS_Detection_Datamaker/MS_datamaker_UTAH_2023/data/event_2417/RAW_20230719_034956.660.sgy,RAW_20230719_034956.660.sgy,RAW_20230719_034956.660,0.0,2.0,1300,1705,1000.0,utah_2023_labels_2s.csv
177,utah_2023__RAW_20230719_034956.660,utah_2023,utah_2023,utah_2023,noise,0,/home/ted1204/MS_Detection_Datamaker/MS_datamaker_UTAH_2023/data/event_2417/RAW_20230719_034956.660.sgy,RAW_20230719_034956.660.sgy,RAW_20230719_034956.660,0.0,2.0,1750,2155,1000.0,utah_2023_labels_2s.csv
178,utah_2023__RAW_20230719_034956.660,utah_2023,utah_2023,utah_2023,noise,0,/home/ted1204/MS_Detection_Datamaker/MS_datamaker_UTAH_2023/data/event_2417/RAW_20230719_034956.660.sgy,RAW_20230719_034956.660.sgy,RAW_20230719_034956.660,0.0,2.0,2200,2605,1000.0,utah_2023_labels_2s.csv
179,utah_2023__RAW_20230719_034956.660,utah_2023,utah_2023,utah_2023,noise,0,/home/ted1204/MS_Detection_Datamaker/MS_datamaker_UTAH_2023/data/event_2417/RAW_20230719_034956.660.sgy,RAW_20230719_034956.660.sgy,RAW_20230719_034956.660,0.0,2.0,2650,3055,1000.0,utah_2023_labels_2s.csv
180,utah_2023__RAW_20230719_034956.660,utah_2023,utah_2023,utah_2023,noise,0,/home/ted1204/MS_Detection_Datamaker/MS_datamaker_UTAH_2023/data/event_2417/RAW_20230719_034956.660.sgy,RAW_20230719_034956.660.sgy,RAW_20230719_034956.660,3.0,5.0,400,805,1000.0,utah_2023_labels_2s.csv
181,utah_2023__RAW_20230719_034956.660,utah_2023,utah_2023,utah_2023,noise,0,/home/ted1204/MS_Detection_Datamaker/MS_datamaker_UTAH_2023/data/event_2417/RAW_20230719_034956.660.sgy,RAW_20230719_034956.660.sgy,RAW_20230719_034956.660,3.0,5.0,850,1255,1000.0,utah_2023_labels_2s.csv
182,utah_2023__RAW_20230719_034956.660,utah_2023,utah_2023,utah_2023,noise,0,/home/ted1204/MS_Detection_Datamaker/MS_datamaker_UTAH_2023/data/event_2417/RAW_20230719_034956.660.sgy,RAW_20230719_034956.660.sgy,RAW_20230719_034956.660,3.0,5.0,1300,1705,1000.0,utah_2023_labels_2s.csv
183,utah_2023__RAW_20230719_034956.660,utah_2023,utah_2023,utah_2023,noise,0,/home/ted1204/MS_Detection_Datamaker/MS_datamaker_UTAH_2023/data/event_2417/RAW_20230719_034956.660.sgy,RAW_20230719_034956.660.sgy,RAW_20230719_034956.660,3.0,5.0,1750,2155,1000.0,utah_2023_labels_2s.csv
184,utah_2023__RAW_20230719_034956.660,utah_2023,utah_2023,utah_2023,noise,0,/home/ted1204/MS_Detection_Datamaker/MS_datamaker_UTAH_2023/data/event_2417/RAW_20230719_034956.660.sgy,RAW_20230719_034956.660.sgy,RAW_20230719_034956.660,3.0,5.0,2200,2605,1000.0,utah_2023_labels_2s.csv
185,utah_2023__RAW_20230719_034956.660,utah_2023,utah_2023,utah_2023,noise,0,/home/ted1204/MS_Detection_Datamaker/MS_datamaker_UTAH_2023/data/event_2417/RAW_20230719_034956.660.sgy,RAW_20230719_034956.660.sgy,RAW_20230719_034956.660,3.0,5.0,2650,3055,1000.0,utah_2023_labels_2s.csv
186,utah_2023__RAW_20230719_035325.460,utah_2023,utah_2023,utah_2023,noise,0,/home/ted1204/MS_Detection_Datamaker/MS_datamaker_UTAH_2023/data/event_2417/RAW_20230719_035325.460.sgy,RAW_20230719_035325.460.sgy,RAW_20230719_035325.460,0.0,2.0,400,805,1000.0,utah_2023_labels_2s.csv
187,utah_2023__RAW_20230719_035325.460,utah_2023,utah_2023,utah_2023,noise,0,/home/ted1204/MS_Detection_Datamaker/MS_datamaker_UTAH_2023/data/event_2417/RAW_20230719_035325.460.sgy,RAW_20230719_035325.460.sgy,RAW_20230719_035325.460,0.0,2.0,850,1255,1000.0,utah_2023_labels_2s.csv
188,utah_2023__RAW_20230719_035325.460,utah_2023,utah_2023,utah_2023,noise,0,/home/ted1204/MS_Detection_Datamaker/MS_datamaker_UTAH_2023/data/event_2417/RAW_20230719_035325.460.sgy,RAW_20230719_035325.460.sgy,RAW_20230719_035325.460,0.0,2.0,1300,1705,1000.0,utah_2023_labels_2s.csv
189,utah_2023__RAW_20230719_035325.460,utah_2023,utah_2023,utah_2023,noise,0,/home/ted1204/MS_Detection_Datamaker/MS_datamaker_UTAH_2023/data/event_2417/RAW_20230719_035325.460.sgy,RAW_20230719_035325.460.sgy,RAW_20230719_035325.460,0.0,2.0,1750,2155,1000.0,utah_2023_labels_2s.csv
190,utah_2023__RAW_20230719_035325.460,utah_2023,utah_2023,utah_2023,noise,0,/home/ted1204/MS_Detection_Datamaker/MS_datamaker_UTAH_2023/data/event_2417/RAW_20230719_035325.460.sgy,RAW_20230719_035325.460.sgy,RAW_20230719_035325.460,0.0,2.0,2200,2605,1000.0,utah_2023_labels_2s.csv
191,utah_2023__RAW_20230719_035325.460,utah_2023,utah_2023,utah_2023,noise,0,/home/ted1204/MS_Detection_Datamaker/MS_datamaker_UTAH_2023/data/event_2417/RAW_20230719_035325.460.sgy,RAW_20230719_035325.460.sgy,RAW_20230719_035325.460,0.0,2.0,2650,3055,1000.0,utah_2023_labels_2s.csv
192,utah_2023__RAW_20230719_035325.460,utah_2023,utah_2023,utah_2023,noise,0,/home/ted1204/MS_Detection_Datamaker/MS_datamaker_UTAH_2023/data/event_2417/RAW_20230719_035325.460.sgy,RAW_20230719_035325.460.sgy,RAW_20230719_035325.460,3.0,5.0,400,805,1000.0,utah_2023_labels_2s.csv
193,utah_2023__RAW_20230719_035325.460,utah_2023,utah_2023,utah_2023,noise,0,/home/ted1204/MS_Detection_Datamaker/MS_datamaker_UTAH_2023/data/event_2417/RAW_20230719_035325.460.sgy,RAW_20230719_035325.460.sgy,RAW_20230719_035325.460,3.0,5.0,850,1255,1000.0,utah_2023_labels_2s.csv
194,utah_2023__RAW_20230719_035325.460,utah_2023,utah_2023,utah_2023,noise,0,/home/ted1204/MS_Detection_Datamaker/MS_datamaker_UTAH_2023/data/event_2417/RAW_20230719_035325.460.sgy,RAW_20230719_035325.460.sgy,RAW_20230719_035325.460,3.0,5.0,1300,1705,1000.0,utah_2023_labels_2s.csv
195,utah_2023__RAW_20230719_035325.460,utah_2023,utah_2023,utah_2023,noise,0,/home/ted1204/MS_Detection_Datamaker/MS_datamaker_UTAH_2023/data/event_2417/RAW_20230719_035325.460.sgy,RAW_20230719_035325.460.sgy,RAW_20230719_035325.460,3.0,5.0,1750,2155,1000.0,utah_2023_labels_2s.csv
196,utah_2023__RAW_20230719_035325.460,utah_2023,utah_2023,utah_2023,noise,0,/home/ted1204/MS_Detection_Datamaker/MS_datamaker_UTAH_2023/data/event_2417/RAW_20230719_035325.460.sgy,RAW_20230719_035325.460.sgy,RAW_20230719_035325.460,3.0,5.0,2200,2605,1000.0,utah_2023_labels_2s.csv
197,utah_2023__RAW_20230719_035325.460,utah_2023,utah_2023,utah_2023,noise,0,/home/ted1204/MS_Detection_Datamaker/MS_datamaker_UTAH_2023/data/event_2417/RAW_20230719_035325.460.sgy,RAW_20230719_035325.460.sgy,RAW_20230719_035325.460,3.0,5.0,2650,3055,1000.0,utah_2023_labels_2s.csv
198,utah_2023__RAW_20230719_035436.600,utah_2023,utah_2023,utah_2023,noise,0,/home/ted1204/MS_Detection_Datamaker/MS_datamaker_UTAH_2023/data/event_2417/RAW_20230719_035436.600.sgy,RAW_20230719_035436.600.sgy,RAW_20230719_035436.600,0.0,2.0,400,805,1000.0,utah_2023_labels_2s.csv
199,utah_2023__RAW_20230719_035436.600,utah_2023,utah_2023,utah_2023,noise,0,/home/ted1204/MS_Detection_Datamaker/MS_datamaker_UTAH_2023/data/event_2417/RAW_20230719_035436.600.sgy,RAW_20230719_035436.600.sgy,RAW_20230719_035436.600,0.0,2.0,850,1255,1000.0,utah_2023_labels_2s.csv
200,utah_2023__RAW_20230719_035436.600,utah_2023,utah_2023,utah_2023,noise,0,/home/ted1204/MS_Detection_Datamaker/MS_datamaker_UTAH_2023/data/event_2417/RAW_20230719_035436.600.sgy,RAW_20230719_035436.600.sgy,RAW_20230719_035436.600,0.0,2.0,1300,1705,1000.0,utah_2023_labels_2s.csv
201,utah_2023__RAW_20230719_035436.600,utah_2023,utah_2023,utah_2023,noise,0,/home/ted1204/MS_Detection_Datamaker/MS_datamaker_UTAH_2023/data/event_2417/RAW_20230719_035436.600.sgy,RAW_20230719_035436.600.sgy,RAW_20230719_035436.600,0.0,2.0,1750,2155,1000.0,utah_2023_labels_2s.csv
202,utah_2023__RAW_20230719_035436.600,utah_2023,utah_2023,utah_2023,noise,0,/home/ted1204/MS_Detection_Datamaker/MS_datamaker_UTAH_2023/data/event_2417/RAW_20230719_035436.600.sgy,RAW_20230719_035436.600.sgy,RAW_20230719_035436.600,0.0,2.0,2200,2605,1000.0,utah_2023_labels_2s.csv
203,utah_2023__RAW_20230719_035436.600,utah_2023,utah_2023,utah_2023,noise,0,/home/ted1204/MS_Detection_Datamaker/MS_datamaker_UTAH_2023/data/event_2417/RAW_20230719_035436.600.sgy,RAW_20230719_035436.600.sgy,RAW_20230719_035436.600,0.0,2.0,2650,3055,1000.0,utah_2023_labels_2s.csv
204,utah_2023__RAW_20230719_040051.760,utah_2023,utah_2023,utah_2023,noise,0,/home/ted1204/MS_Detection_Datamaker/MS_datamaker_UTAH_2023/data/event_2417/RAW_20230719_040051.760.sgy,RAW_20230719_040051.760.sgy,RAW_20230719_040051.760,0.0,2.0,400,805,1000.0,utah_2023_labels_2s.csv
205,utah_2023__RAW_20230719_040051.760,utah_2023,utah_2023,utah_2023,noise,0,/home/ted1204/MS_Detection_Datamaker/MS_datamaker_UTAH_2023/data/event_2417/RAW_20230719_040051.760.sgy,RAW_20230719_040051.760.sgy,RAW_20230719_040051.760,0.0,2.0,850,1255,1000.0,utah_2023_labels_2s.csv
206,utah_2023__RAW_20230719_040051.760,utah_2023,utah_2023,utah_2023,noise,0,/home/ted1204/MS_Detection_Datamaker/MS_datamaker_UTAH_2023/data/event_2417/RAW_20230719_040051.760.sgy,RAW_20230719_040051.760.sgy,RAW_20230719_040051.760,0.0,2.0,1300,1705,1000.0,utah_2023_labels_2s.csv
207,utah_2023__RAW_20230719_040051.760,utah_2023,utah_2023,utah_2023,noise,0,/home/ted1204/MS_Detection_Datamaker/MS_datamaker_UTAH_2023/data/event_2417/RAW_20230719_040051.760.sgy,RAW_20230719_040051.760.sgy,RAW_20230719_040051.760,0.0,2.0,1750,2155,1000.0,utah_2023_labels_2s.csv
208,utah_2023__RAW_20230719_040051.760,utah_2023,utah_2023,utah_2023,noise,0,/home/ted1204/MS_Detection_Datamaker/MS_datamaker_UTAH_2023/data/event_2417/RAW_20230719_040051.760.sgy,RAW_20230719_040051.760.sgy,RAW_20230719_040051.760,0.0,2.0,2200,2605,1000.0,utah_2023_labels_2s.csv
209,utah_2023__RAW_20230719_040051.760,utah_2023,utah_2023,utah_2023,noise,0,/home/ted1204/MS_Detection_Datamaker/MS_datamaker_UTAH_2023/data/event_2417/RAW_20230719_040051.760.sgy,RAW_20230719_040051.760.sgy,RAW_20230719_040051.760,0.0,2.0,2650,3055,1000.0,utah_2023_labels_2s.csv
210,utah_2023__RAW_20230719_040055.300,utah_2023,utah_2023,utah_2023,noise,0,/home/ted1204/MS_Detection_Datamaker/MS_datamaker_UTAH_2023/data/event_2417/RAW_20230719_040055.300.sgy,RAW_20230719_040055.300.sgy,RAW_20230719_040055.300,0.0,2.0,400,805,1000.0,utah_2023_labels_2s.csv
211,utah_2023__RAW_20230719_040055.300,utah_2023,utah_2023,utah_2023,noise,0,/home/ted1204/MS_Detection_Datamaker/MS_datamaker_UTAH_2023/data/event_2417/RAW_20230719_040055.300.sgy,RAW_20230719_040055.300.sgy,RAW_20230719_040055.300,0.0,2.0,850,1255,1000.0,utah_2023_labels_2s.csv
212,utah_2023__RAW_20230719_040055.300,utah_2023,utah_2023,utah_2023,noise,0,/home/ted1204/MS_Detection_Datamaker/MS_datamaker_UTAH_2023/data/event_2417/RAW_20230719_040055.300.sgy,RAW_20230719_040055.300.sgy,RAW_20230719_040055.300,0.0,2.0,1300,1705,1000.0,utah_2023_labels_2s.csv
213,utah_2023__RAW_20230719_040055.300,utah_2023,utah_2023,utah_2023,noise,0,/home/ted1204/MS_Detection_Datamaker/MS_datamaker_UTAH_2023/data/event_2417/RAW_20230719_040055.300.sgy,RAW_20230719_040055.300.sgy,RAW_20230719_040055.300,0.0,2.0,1750,2155,1000.0,utah_2023_labels_2s.csv
214,utah_2023__RAW_20230719_040055.300,utah_2023,utah_2023,utah_2023,noise,0,/home/ted1204/MS_Detection_Datamaker/MS_datamaker_UTAH_2023/data/event_2417/RAW_20230719_040055.300.sgy,RAW_20230719_040055.300.sgy,RAW_20230719_040055.300,0.0,2.0,2200,2605,1000.0,utah_2023_labels_2s.csv
215,utah_2023__RAW_20230719_040055.300,utah_2023,utah_2023,utah_2023,noise,0,/home/ted1204/MS_Detection_Datamaker/MS_datamaker_UTAH_2023/data/event_2417/RAW_20230719_040055.300.sgy,RAW_20230719_040055.300.sgy,RAW_20230719_040055.300,0.0,2.0,2650,3055,1000.0,utah_2023_labels_2s.csv
216,utah_2023__RAW_20230719_055455.600,utah_2023,utah_2023,utah_2023,noise,0,/home/ted1204/MS_Detection_Datamaker/MS_datamaker_UTAH_2023/data/event_2417/RAW_20230719_055455.600.sgy,RAW_20230719_055455.600.sgy,RAW_20230719_055455.600,0.0,2.0,400,805,1000.0,utah_2023_labels_2s.csv
217,utah_2023__RAW_20230719_055455.600,utah_2023,utah_2023,utah_2023,noise,0,/home/ted1204/MS_Detection_Datamaker/MS_datamaker_UTAH_2023/data/event_2417/RAW_20230719_055455.600.sgy,RAW_20230719_055455.600.sgy,RAW_20230719_055455.600,0.0,2.0,850,1255,1000.0,utah_2023_labels_2s.csv
218,utah_2023__RAW_20230719_055455.600,utah_2023,utah_2023,utah_2023,noise,0,/home/ted1204/MS_Detection_Datamaker/MS_datamaker_UTAH_2023/data/event_2417/RAW_20230719_055455.600.sgy,RAW_20230719_055455.600.sgy,RAW_20230719_055455.600,0.0,2.0,1300,1705,1000.0,utah_2023_labels_2s.csv
219,utah_2023__RAW_20230719_055455.600,utah_2023,utah_2023,utah_2023,noise,0,/home/ted1204/MS_Detection_Datamaker/MS_datamaker_UTAH_2023/data/event_2417/RAW_20230719_055455.600.sgy,RAW_20230719_055455.600.sgy,RAW_20230719_055455.600,0.0,2.0,1750,2155,1000.0,utah_2023_labels_2s.csv
220,utah_2023__RAW_20230719_055455.600,utah_2023,utah_2023,utah_2023,noise,0,/home/ted1204/MS_Detection_Datamaker/MS_datamaker_UTAH_2023/data/event_2417/RAW_20230719_055455.600.sgy,RAW_20230719_055455.600.sgy,RAW_20230719_055455.600,0.0,2.0,2200,2605,1000.0,utah_2023_labels_2s.csv
221,utah_2023__RAW_20230719_055455.600,utah_2023,utah_2023,utah_2023,noise,0,/home/ted1204/MS_Detection_Datamaker/MS_datamaker_UTAH_2023/data/event_2417/RAW_20230719_055455.600.sgy,RAW_20230719_055455.600.sgy,RAW_20230719_055455.600,0.0,2.0,2650,3055,1000.0,utah_2023_labels_2s.csv
222,utah_2023__RAW_20230719_055455.600,utah_2023,utah_2023,utah_2023,noise,0,/home/ted1204/MS_Detection_Datamaker/MS_datamaker_UTAH_2023/data/event_2417/RAW_20230719_055455.600.sgy,RAW_20230719_055455.600.sgy,RAW_20230719_055455.600,1.0,3.0,400,805,1000.0,utah_2023_labels_2s.csv
223,utah_2023__RAW_20230719_055455.600,utah_2023,utah_2023,utah_2023,noise,0,/home/ted1204/MS_Detection_Datamaker/MS_datamaker_UTAH_2023/data/event_2417/RAW_20230719_055455.600.sgy,RAW_20230719_055455.600.sgy,RAW_20230719_055455.600,1.0,3.0,850,1255,1000.0,utah_2023_labels_2s.csv
224,utah_2023__RAW_20230719_055455.600,utah_2023,utah_2023,utah_2023,noise,0,/home/ted1204/MS_Detection_Datamaker/MS_datamaker_UTAH_2023/data/event_2417/RAW_20230719_055455.600.sgy,RAW_20230719_055455.600.sgy,RAW_20230719_055455.600,1.0,3.0,1300,1705,1000.0,utah_2023_labels_2s.csv
225,utah_2023__RAW_20230719_055455.600,utah_2023,utah_2023,utah_2023,noise,0,/home/ted1204/MS_Detection_Datamaker/MS_datamaker_UTAH_2023/data/event_2417/RAW_20230719_055455.600.sgy,RAW_20230719_055455.600.sgy,RAW_20230719_055455.600,1.0,3.0,1750,2155,1000.0,utah_2023_labels_2s.csv
226,utah_2023__RAW_20230719_055455.600,utah_2023,utah_2023,utah_2023,noise,0,/home/ted1204/MS_Detection_Datamaker/MS_datamaker_UTAH_2023/data/event_2417/RAW_20230719_055455.600.sgy,RAW_20230719_055455.600.sgy,RAW_20230719_055455.600,1.0,3.0,2200,2605,1000.0,utah_2023_labels_2s.csv
227,utah_2023__RAW_20230719_055455.600,utah_2023,utah_2023,utah_2023,noise,0,/home/ted1204/MS_Detection_Datamaker/MS_datamaker_UTAH_2023/data/event_2417/RAW_20230719_055455.600.sgy,RAW_20230719_055455.600.sgy,RAW_20230719_055455.600,1.0,3.0,2650,3055,1000.0,utah_2023_labels_2s.csv
228,utah_2023__RAW_20230719_055501.740,utah_2023,utah_2023,utah_2023,noise,0,/home/ted1204/MS_Detection_Datamaker/MS_datamaker_UTAH_2023/data/event_2417/RAW_20230719_055501.740.sgy,RAW_20230719_055501.740.sgy,RAW_20230719_055501.740,0.0,2.0,400,805,1000.0,utah_2023_labels_2s.csv
229,utah_2023__RAW_20230719_055501.740,utah_2023,utah_2023,utah_2023,noise,0,/home/ted1204/MS_Detection_Datamaker/MS_datamaker_UTAH_2023/data/event_2417/RAW_20230719_055501.740.sgy,RAW_20230719_055501.740.sgy,RAW_20230719_055501.740,0.0,2.0,850,1255,1000.0,utah_2023_labels_2s.csv
230,utah_2023__RAW_20230719_055501.740,utah_2023,utah_2023,utah_2023,noise,0,/home/ted1204/MS_Detection_Datamaker/MS_datamaker_UTAH_2023/data/event_2417/RAW_20230719_055501.740.sgy,RAW_20230719_055501.740.sgy,RAW_20230719_055501.740,0.0,2.0,1300,1705,1000.0,utah_2023_labels_2s.csv
231,utah_2023__RAW_20230719_055501.740,utah_2023,utah_2023,utah_2023,noise,0,/home/ted1204/MS_Detection_Datamaker/MS_datamaker_UTAH_2023/data/event_2417/RAW_20230719_055501.740.sgy,RAW_20230719_055501.740.sgy,RAW_20230719_055501.740,0.0,2.0,1750,2155,1000.0,utah_2023_labels_2s.csv
232,utah_2023__RAW_20230719_055501.740,utah_2023,utah_2023,utah_2023,noise,0,/home/ted1204/MS_Detection_Datamaker/MS_datamaker_UTAH_2023/data/event_2417/RAW_20230719_055501.740.sgy,RAW_20230719_055501.740.sgy,RAW_20230719_055501.740,0.0,2.0,2200,2605,1000.0,utah_2023_labels_2s.csv
233,utah_2023__RAW_20230719_055501.740,utah_2023,utah_2023,utah_2023,noise,0,/home/ted1204/MS_Detection_Datamaker/MS_datamaker_UTAH_2023/data/event_2417/RAW_20230719_055501.740.sgy,RAW_20230719_055501.740.sgy,RAW_20230719_055501.740,0.0,2.0,2650,3055,1000.0,utah_2023_labels_2s.csv
234,utah_2023__RAW_20230719_055501.740,utah_2023,utah_2023,utah_2023,noise,0,/home/ted1204/MS_Detection_Datamaker/MS_datamaker_UTAH_2023/data/event_2417/RAW_20230719_055501.740.sgy,RAW_20230719_055501.740.sgy,RAW_20230719_055501.740,3.0,5.0,400,805,1000.0,utah_2023_labels_2s.csv
235,utah_2023__RAW_20230719_055501.740,utah_2023,utah_2023,utah_2023,noise,0,/home/ted1204/MS_Detection_Datamaker/MS_datamaker_UTAH_2023/data/event_2417/RAW_20230719_055501.740.sgy,RAW_20230719_055501.740.sgy,RAW_20230719_055501.740,3.0,5.0,850,1255,1000.0,utah_2023_labels_2s.csv
236,utah_2023__RAW_20230719_055501.740,utah_2023,utah_2023,utah_2023,noise,0,/home/ted1204/MS_Detection_Datamaker/MS_datamaker_UTAH_2023/data/event_2417/RAW_20230719_055501.740.sgy,RAW_20230719_055501.740.sgy,RAW_20230719_055501.740,3.0,5.0,1300,1705,1000.0,utah_2023_labels_2s.csv
237,utah_2023__RAW_20230719_055501.740,utah_2023,utah_2023,utah_2023,noise,0,/home/ted1204/MS_Detection_Datamaker/MS_datamaker_UTAH_2023/data/event_2417/RAW_20230719_055501.740.sgy,RAW_20230719_055501.740.sgy,RAW_20230719_055501.740,3.0,5.0,1750,2155,1000.0,utah_2023_labels_2s.csv
238,utah_2023__RAW_20230719_055501.740,utah_2023,utah_2023,utah_2023,noise,0,/home/ted1204/MS_Detection_Datamaker/MS_datamaker_UTAH_2023/data/event_2417/RAW_20230719_055501.740.sgy,RAW_20230719_055501.740.sgy,RAW_20230719_055501.740,3.0,5.0,2200,2605,1000.0,utah_2023_labels_2s.csv
239,utah_2023__RAW_20230719_055501.740,utah_2023,utah_2023,utah_2023,noise,0,/home/ted1204/MS_Detection_Datamaker/MS_datamaker_UTAH_2023/data/event_2417/RAW_20230719_055501.740.sgy,RAW_20230719_055501.740.sgy,RAW_20230719_055501.740,3.0,5.0,2650,3055,1000.0,utah_2023_labels_2s.csv
240,utah_2023__RAW_20230719_060005.780,utah_2023,utah_2023,utah_2023,noise,0,/home/ted1204/MS_Detection_Datamaker/MS_datamaker_UTAH_2023/data/event_2417/RAW_20230719_060005.780.sgy,RAW_20230719_060005.780.sgy,RAW_20230719_060005.780,0.0,2.0,400,805,1000.0,utah_2023_labels_2s.csv
241,utah_2023__RAW_20230719_060005.780,utah_2023,utah_2023,utah_2023,noise,0,/home/ted1204/MS_Detection_Datamaker/MS_datamaker_UTAH_2023/data/event_2417/RAW_20230719_060005.780.sgy,RAW_20230719_060005.780.sgy,RAW_20230719_060005.780,0.0,2.0,850,1255,1000.0,utah_2023_labels_2s.csv
242,utah_2023__RAW_20230719_060005.780,utah_2023,utah_2023,utah_2023,noise,0,/home/ted1204/MS_Detection_Datamaker/MS_datamaker_UTAH_2023/data/event_2417/RAW_20230719_060005.780.sgy,RAW_20230719_060005.780.sgy,RAW_20230719_060005.780,0.0,2.0,1300,1705,1000.0,utah_2023_labels_2s.csv
243,utah_2023__RAW_20230719_060005.780,utah_2023,utah_2023,utah_2023,noise,0,/home/ted1204/MS_Detection_Datamaker/MS_datamaker_UTAH_2023/data/event_2417/RAW_20230719_060005.780.sgy,RAW_20230719_060005.780.sgy,RAW_20230719_060005.780,0.0,2.0,1750,2155,1000.0,utah_2023_labels_2s.csv
244,utah_2023__RAW_20230719_060005.780,utah_2023,utah_2023,utah_2023,noise,0,/home/ted1204/MS_Detection_Datamaker/MS_datamaker_UTAH_2023/data/event_2417/RAW_20230719_060005.780.sgy,RAW_20230719_060005.780.sgy,RAW_20230719_060005.780,0.0,2.0,2200,2605,1000.0,utah_2023_labels_2s.csv
245,utah_2023__RAW_20230719_060005.780,utah_2023,utah_2023,utah_2023,noise,0,/home/ted1204/MS_Detection_Datamaker/MS_datamaker_UTAH_2023/data/event_2417/RAW_20230719_060005.780.sgy,RAW_20230719_060005.780.sgy,RAW_20230719_060005.780,0.0,2.0,2650,3055,1000.0,utah_2023_labels_2s.csv
246,utah_2023__RAW_20230719_060022.840,utah_2023,utah_2023,utah_2023,noise,0,/home/ted1204/MS_Detection_Datamaker/MS_datamaker_UTAH_2023/data/event_2417/RAW_20230719_060022.840.sgy,RAW_20230719_060022.840.sgy,RAW_20230719_060022.840,0.0,2.0,400,805,1000.0,utah_2023_labels_2s.csv
247,utah_2023__RAW_20230719_060022.840,utah_2023,utah_2023,utah_2023,noise,0,/home/ted1204/MS_Detection_Datamaker/MS_datamaker_UTAH_2023/data/event_2417/RAW_20230719_060022.840.sgy,RAW_20230719_060022.840.sgy,RAW_20230719_060022.840,0.0,2.0,850,1255,1000.0,utah_2023_labels_2s.csv
248,utah_2023__RAW_20230719_060022.840,utah_2023,utah_2023,utah_2023,noise,0,/home/ted1204/MS_Detection_Datamaker/MS_datamaker_UTAH_2023/data/event_2417/RAW_20230719_060022.840.sgy,RAW_20230719_060022.840.sgy,RAW_20230719_060022.840,0.0,2.0,1300,1705,1000.0,utah_2023_labels_2s.csv
249,utah_2023__RAW_20230719_060022.840,utah_2023,utah_2023,utah_2023,noise,0,/home/ted1204/MS_Detection_Datamaker/MS_datamaker_UTAH_2023/data/event_2417/RAW_20230719_060022.840.sgy,RAW_20230719_060022.840.sgy,RAW_20230719_060022.840,0.0,2.0,1750,2155,1000.0,utah_2023_labels_2s.csv
250,utah_2023__RAW_20230719_060022.840,utah_2023,utah_2023,utah_2023,noise,0,/home/ted1204/MS_Detection_Datamaker/MS_datamaker_UTAH_2023/data/event_2417/RAW_20230719_060022.840.sgy,RAW_20230719_060022.840.sgy,RAW_20230719_060022.840,0.0,2.0,2200,2605,1000.0,utah_2023_labels_2s.csv
251,utah_2023__RAW_20230719_060022.840,utah_2023,utah_2023,utah_2023,noise,0,/home/ted1204/MS_Detection_Datamaker/MS_datamaker_UTAH_2023/data/event_2417/RAW_20230719_060022.840.sgy,RAW_20230719_060022.840.sgy,RAW_20230719_060022.840,0.0,2.0,2650,3055,1000.0,utah_2023_labels_2s.csv
252,utah_2023__RAW_20230719_060125.060,utah_2023,utah_2023,utah_2023,noise,0,/home/ted1204/MS_Detection_Datamaker/MS_datamaker_UTAH_2023/data/event_2417/RAW_20230719_060125.060.sgy,RAW_20230719_060125.060.sgy,RAW_20230719_060125.060,0.0,2.0,400,805,1000.0,utah_2023_labels_2s.csv
253,utah_2023__RAW_20230719_060125.060,utah_2023,utah_2023,utah_2023,noise,0,/home/ted1204/MS_Detection_Datamaker/MS_datamaker_UTAH_2023/data/event_2417/RAW_20230719_060125.060.sgy,RAW_20230719_060125.060.sgy,RAW_20230719_060125.060,0.0,2.0,850,1255,1000.0,utah_2023_labels_2s.csv
254,utah_2023__RAW_20230719_060125.060,utah_2023,utah_2023,utah_2023,noise,0,/home/ted1204/MS_Detection_Datamaker/MS_datamaker_UTAH_2023/data/event_2417/RAW_20230719_060125.060.sgy,RAW_20230719_060125.060.sgy,RAW_20230719_060125.060,0.0,2.0,1300,1705,1000.0,utah_2023_labels_2s.csv
255,utah_2023__RAW_20230719_060125.060,utah_2023,utah_2023,utah_2023,noise,0,/home/ted1204/MS_Detection_Datamaker/MS_datamaker_UTAH_2023/data/event_2417/RAW_20230719_060125.060.sgy,RAW_20230719_060125.060.sgy,RAW_20230719_060125.060,0.0,2.0,1750,2155,1000.0,utah_2023_labels_2s.csv
256,utah_2023__RAW_20230719_060125.060,utah_2023,utah_2023,utah_2023,noise,0,/home/ted1204/MS_Detection_Datamaker/MS_datamaker_UTAH_2023/data/event_2417/RAW_20230719_060125.060.sgy,RAW_20230719_060125.060.sgy,RAW_20230719_060125.060,0.0,2.0,2200,2605,1000.0,utah_2023_labels_2s.csv
257,utah_2023__RAW_20230719_060125.060,utah_2023,utah_2023,utah_2023,noise,0,/home/ted1204/MS_Detection_Datamaker/MS_datamaker_UTAH_2023/data/event_2417/RAW_20230719_060125.060.sgy,RAW_20230719_060125.060.sgy,RAW_20230719_060125.060,0.0,2.0,2650,3055,1000.0,utah_2023_labels_2s.csv
258,utah_2023__RAW_20230719_060125.060,utah_2023,utah_2023,utah_2023,noise,0,/home/ted1204/MS_Detection_Datamaker/MS_datamaker_UTAH_2023/data/event_2417/RAW_20230719_060125.060.sgy,RAW_20230719_060125.060.sgy,RAW_20230719_060125.060,3.0,5.0,400,805,1000.0,utah_2023_labels_2s.csv
259,utah_2023__RAW_20230719_060125.060,utah_2023,utah_2023,utah_2023,noise,0,/home/ted1204/MS_Detection_Datamaker/MS_datamaker_UTAH_2023/data/event_2417/RAW_20230719_060125.060.sgy,RAW_20230719_060125.060.sgy,RAW_20230719_060125.060,3.0,5.0,850,1255,1000.0,utah_2023_labels_2s.csv
260,utah_2023__RAW_20230719_060125.060,utah_2023,utah_2023,utah_2023,noise,0,/home/ted1204/MS_Detection_Datamaker/MS_datamaker_UTAH_2023/data/event_2417/RAW_20230719_060125.060.sgy,RAW_20230719_060125.060.sgy,RAW_20230719_060125.060,3.0,5.0,1300,1705,1000.0,utah_2023_labels_2s.csv
261,utah_2023__RAW_20230719_060125.060,utah_2023,utah_2023,utah_2023,noise,0,/home/ted1204/MS_Detection_Datamaker/MS_datamaker_UTAH_2023/data/event_2417/RAW_20230719_060125.060.sgy,RAW_20230719_060125.060.sgy,RAW_20230719_060125.060,3.0,5.0,1750,2155,1000.0,utah_2023_labels_2s.csv
262,utah_2023__RAW_20230719_060125.060,utah_2023,utah_2023,utah_2023,noise,0,/home/ted1204/MS_Detection_Datamaker/MS_datamaker_UTAH_2023/data/event_2417/RAW_20230719_060125.060.sgy,RAW_20230719_060125.060.sgy,RAW_20230719_060125.060,3.0,5.0,2200,2605,1000.0,utah_2023_labels_2s.csv
263,utah_2023__RAW_20230719_060125.060,utah_2023,utah_2023,utah_2023,noise,0,/home/ted1204/MS_Detection_Datamaker/MS_datamaker_UTAH_2023/data/event_2417/RAW_20230719_060125.060.sgy,RAW_20230719_060125.060.sgy,RAW_20230719_060125.060,3.0,5.0,2650,3055,1000.0,utah_2023_labels_2s.csv
264,utah_2023__RAW_20230719_061531.020,utah_2023,utah_2023,utah_2023,noise,0,/home/ted1204/MS_Detection_Datamaker/MS_datamaker_UTAH_2023/data/event_2417/RAW_20230719_061531.020.sgy,RAW_20230719_061531.020.sgy,RAW_20230719_061531.020,0.0,2.0,400,805,1000.0,utah_2023_labels_2s.csv
265,utah_2023__RAW_20230719_061531.020,utah_2023,utah_2023,utah_2023,noise,0,/home/ted1204/MS_Detection_Datamaker/MS_datamaker_UTAH_2023/data/event_2417/RAW_20230719_061531.020.sgy,RAW_20230719_061531.020.sgy,RAW_20230719_061531.020,0.0,2.0,850,1255,1000.0,utah_2023_labels_2s.csv
266,utah_2023__RAW_20230719_061531.020,utah_2023,utah_2023,utah_2023,noise,0,/home/ted1204/MS_Detection_Datamaker/MS_datamaker_UTAH_2023/data/event_2417/RAW_20230719_061531.020.sgy,RAW_20230719_061531.020.sgy,RAW_20230719_061531.020,0.0,2.0,1300,1705,1000.0,utah_2023_labels_2s.csv
267,utah_2023__RAW_20230719_061531.020,utah_2023,utah_2023,utah_2023,noise,0,/home/ted1204/MS_Detection_Datamaker/MS_datamaker_UTAH_2023/data/event_2417/RAW_20230719_061531.020.sgy,RAW_20230719_061531.020.sgy,RAW_20230719_061531.020,0.0,2.0,1750,2155,1000.0,utah_2023_labels_2s.csv
268,utah_2023__RAW_20230719_061531.020,utah_2023,utah_2023,utah_2023,noise,0,/home/ted1204/MS_Detection_Datamaker/MS_datamaker_UTAH_2023/data/event_2417/RAW_20230719_061531.020.sgy,RAW_20230719_061531.020.sgy,RAW_20230719_061531.020,0.0,2.0,2200,2605,1000.0,utah_2023_labels_2s.csv
269,utah_2023__RAW_20230719_061531.020,utah_2023,utah_2023,utah_2023,noise,0,/home/ted1204/MS_Detection_Datamaker/MS_datamaker_UTAH_2023/data/event_2417/RAW_20230719_061531.020.sgy,RAW_20230719_061531.020.sgy,RAW_20230719_061531.020,0.0,2.0,2650,3055,1000.0,utah_2023_labels_2s.csv
270,utah_2023__RAW_20230719_062247.120,utah_2023,utah_2023,utah_2023,noise,0,/home/ted1204/MS_Detection_Datamaker/MS_datamaker_UTAH_2023/data/event_2417/RAW_20230719_062247.120.sgy,RAW_20230719_062247.120.sgy,RAW_20230719_062247.120,0.0,2.0,400,805,1000.0,utah_2023_labels_2s.csv
271,utah_2023__RAW_20230719_062247.120,utah_2023,utah_2023,utah_2023,noise,0,/home/ted1204/MS_Detection_Datamaker/MS_datamaker_UTAH_2023/data/event_2417/RAW_20230719_062247.120.sgy,RAW_20230719_062247.120.sgy,RAW_20230719_062247.120,0.0,2.0,850,1255,1000.0,utah_2023_labels_2s.csv
272,utah_2023__RAW_20230719_062247.120,utah_2023,utah_2023,utah_2023,noise,0,/home/ted1204/MS_Detection_Datamaker/MS_datamaker_UTAH_2023/data/event_2417/RAW_20230719_062247.120.sgy,RAW_20230719_062247.120.sgy,RAW_20230719_062247.120,0.0,2.0,1300,1705,1000.0,utah_2023_labels_2s.csv
273,utah_2023__RAW_20230719_062247.120,utah_2023,utah_2023,utah_2023,noise,0,/home/ted1204/MS_Detection_Datamaker/MS_datamaker_UTAH_2023/data/event_2417/RAW_20230719_062247.120.sgy,RAW_20230719_062247.120.sgy,RAW_20230719_062247.120,0.0,2.0,1750,2155,1000.0,utah_2023_labels_2s.csv
274,utah_2023__RAW_20230719_062247.120,utah_2023,utah_2023,utah_2023,noise,0,/home/ted1204/MS_Detection_Datamaker/MS_datamaker_UTAH_2023/data/event_2417/RAW_20230719_062247.120.sgy,RAW_20230719_062247.120.sgy,RAW_20230719_062247.120,0.0,2.0,2200,2605,1000.0,utah_2023_labels_2s.csv
275,utah_2023__RAW_20230719_062247.120,utah_2023,utah_2023,utah_2023,noise,0,/home/ted1204/MS_Detection_Datamaker/MS_datamaker_UTAH_2023/data/event_2417/RAW_20230719_062247.120.sgy,RAW_20230719_062247.120.sgy,RAW_20230719_062247.120,0.0,2.0,2650,3055,1000.0,utah_2023_labels_2s.csv
276,utah_2023__RAW_20230719_062247.120,utah_2023,utah_2023,utah_2023,noise,0,/home/ted1204/MS_Detection_Datamaker/MS_datamaker_UTAH_2023/data/event_2417/RAW_20230719_062247.120.sgy,RAW_20230719_062247.120.sgy,RAW_20230719_062247.120,3.0,5.0,400,805,1000.0,utah_2023_labels_2s.csv
277,utah_2023__RAW_20230719_062247.120,utah_2023,utah_2023,utah_2023,noise,0,/home/ted1204/MS_Detection_Datamaker/MS_datamaker_UTAH_2023/data/event_2417/RAW_20230719_062247.120.sgy,RAW_20230719_062247.120.sgy,RAW_20230719_062247.120,3.0,5.0,850,1255,1000.0,utah_2023_labels_2s.csv
278,utah_2023__RAW_20230719_062247.120,utah_2023,utah_2023,utah_2023,noise,0,/home/ted1204/MS_Detection_Datamaker/MS_datamaker_UTAH_2023/data/event_2417/RAW_20230719_062247.120.sgy,RAW_20230719_062247.120.sgy,RAW_20230719_062247.120,3.0,5.0,1300,1705,1000.0,utah_2023_labels_2s.csv
279,utah_2023__RAW_20230719_062247.120,utah_2023,utah_2023,utah_2023,noise,0,/home/ted1204/MS_Detection_Datamaker/MS_datamaker_UTAH_2023/data/event_2417/RAW_20230719_062247.120.sgy,RAW_20230719_062247.120.sgy,RAW_20230719_062247.120,3.0,5.0,1750,2155,1000.0,utah_2023_labels_2s.csv
280,utah_2023__RAW_20230719_062247.120,utah_2023,utah_2023,utah_2023,noise,0,/home/ted1204/MS_Detection_Datamaker/MS_datamaker_UTAH_2023/data/event_2417/RAW_20230719_062247.120.sgy,RAW_20230719_062247.120.sgy,RAW_20230719_062247.120,3.0,5.0,2200,2605,1000.0,utah_2023_labels_2s.csv
281,utah_2023__RAW_20230719_062247.120,utah_2023,utah_2023,utah_2023,noise,0,/home/ted1204/MS_Detection_Datamaker/MS_datamaker_UTAH_2023/data/event_2417/RAW_20230719_062247.120.sgy,RAW_20230719_062247.120.sgy,RAW_20230719_062247.120,3.0,5.0,2650,3055,1000.0,utah_2023_labels_2s.csv
282,utah_2023__RAW_20230719_064141.680,utah_2023,utah_2023,utah_2023,noise,0,/home/ted1204/MS_Detection_Datamaker/MS_datamaker_UTAH_2023/data/event_2417/RAW_20230719_064141.680.sgy,RAW_20230719_064141.680.sgy,RAW_20230719_064141.680,1.0,3.0,400,805,1000.0,utah_2023_labels_2s.csv
283,utah_2023__RAW_20230719_064141.680,utah_2023,utah_2023,utah_2023,noise,0,/home/ted1204/MS_Detection_Datamaker/MS_datamaker_UTAH_2023/data/event_2417/RAW_20230719_064141.680.sgy,RAW_20230719_064141.680.sgy,RAW_20230719_064141.680,1.0,3.0,850,1255,1000.0,utah_2023_labels_2s.csv
284,utah_2023__RAW_20230719_064141.680,utah_2023,utah_2023,utah_2023,noise,0,/home/ted1204/MS_Detection_Datamaker/MS_datamaker_UTAH_2023/data/event_2417/RAW_20230719_064141.680.sgy,RAW_20230719_064141.680.sgy,RAW_20230719_064141.680,1.0,3.0,1300,1705,1000.0,utah_2023_labels_2s.csv
285,utah_2023__RAW_20230719_064141.680,utah_2023,utah_2023,utah_2023,noise,0,/home/ted1204/MS_Detection_Datamaker/MS_datamaker_UTAH_2023/data/event_2417/RAW_20230719_064141.680.sgy,RAW_20230719_064141.680.sgy,RAW_20230719_064141.680,1.0,3.0,1750,2155,1000.0,utah_2023_labels_2s.csv
286,utah_2023__RAW_20230719_064141.680,utah_2023,utah_2023,utah_2023,noise,0,/home/ted1204/MS_Detection_Datamaker/MS_datamaker_UTAH_2023/data/event_2417/RAW_20230719_064141.680.sgy,RAW_20230719_064141.680.sgy,RAW_20230719_064141.680,1.0,3.0,2200,2605,1000.0,utah_2023_labels_2s.csv
287,utah_2023__RAW_20230719_064141.680,utah_2023,utah_2023,utah_2023,noise,0,/home/ted1204/MS_Detection_Datamaker/MS_datamaker_UTAH_2023/data/event_2417/RAW_20230719_064141.680.sgy,RAW_20230719_064141.680.sgy,RAW_20230719_064141.680,1.0,3.0,2650,3055,1000.0,utah_2023_labels_2s.csv
288,utah_2023__RAW_20230719_064141.680,utah_2023,utah_2023,utah_2023,noise,0,/home/ted1204/MS_Detection_Datamaker/MS_datamaker_UTAH_2023/data/event_2417/RAW_20230719_064141.680.sgy,RAW_20230719_064141.680.sgy,RAW_20230719_064141.680,2.0,4.0,400,805,1000.0,utah_2023_labels_2s.csv
289,utah_2023__RAW_20230719_064141.680,utah_2023,utah_2023,utah_2023,noise,0,/home/ted1204/MS_Detection_Datamaker/MS_datamaker_UTAH_2023/data/event_2417/RAW_20230719_064141.680.sgy,RAW_20230719_064141.680.sgy,RAW_20230719_064141.680,2.0,4.0,850,1255,1000.0,utah_2023_labels_2s.csv
290,utah_2023__RAW_20230719_064141.680,utah_2023,utah_2023,utah_2023,noise,0,/home/ted1204/MS_Detection_Datamaker/MS_datamaker_UTAH_2023/data/event_2417/RAW_20230719_064141.680.sgy,RAW_20230719_064141.680.sgy,RAW_20230719_064141.680,2.0,4.0,1300,1705,1000.0,utah_2023_labels_2s.csv
291,utah_2023__RAW_20230719_064141.680,utah_2023,utah_2023,utah_2023,noise,0,/home/ted1204/MS_Detection_Datamaker/MS_datamaker_UTAH_2023/data/event_2417/RAW_20230719_064141.680.sgy,RAW_20230719_064141.680.sgy,RAW_20230719_064141.680,2.0,4.0,1750,2155,1000.0,utah_2023_labels_2s.csv
292,utah_2023__RAW_20230719_064141.680,utah_2023,utah_2023,utah_2023,noise,0,/home/ted1204/MS_Detection_Datamaker/MS_datamaker_UTAH_2023/data/event_2417/RAW_20230719_064141.680.sgy,RAW_20230719_064141.680.sgy,RAW_20230719_064141.680,2.0,4.0,2200,2605,1000.0,utah_2023_labels_2s.csv
293,utah_2023__RAW_20230719_064141.680,utah_2023,utah_2023,utah_2023,noise,0,/home/ted1204/MS_Detection_Datamaker/MS_datamaker_UTAH_2023/data/event_2417/RAW_20230719_064141.680.sgy,RAW_20230719_064141.680.sgy,RAW_20230719_064141.680,2.0,4.0,2650,3055,1000.0,utah_2023_labels_2s.csv
294,utah_2023__RAW_20230719_064141.680,utah_2023,utah_2023,utah_2023,noise,0,/home/ted1204/MS_Detection_Datamaker/MS_datamaker_UTAH_2023/data/event_2417/RAW_20230719_064141.680.sgy,RAW_20230719_064141.680.sgy,RAW_20230719_064141.680,3.0,5.0,400,805,1000.0,utah_2023_labels_2s.csv
295,utah_2023__RAW_20230719_064141.680,utah_2023,utah_2023,utah_2023,noise,0,/home/ted1204/MS_Detection_Datamaker/MS_datamaker_UTAH_2023/data/event_2417/RAW_20230719_064141.680.sgy,RAW_20230719_064141.680.sgy,RAW_20230719_064141.680,3.0,5.0,850,1255,1000.0,utah_2023_labels_2s.csv
296,utah_2023__RAW_20230719_064141.680,utah_2023,utah_2023,utah_2023,noise,0,/home/ted1204/MS_Detection_Datamaker/MS_datamaker_UTAH_2023/data/event_2417/RAW_20230719_064141.680.sgy,RAW_20230719_064141.680.sgy,RAW_20230719_064141.680,3.0,5.0,1300,1705,1000.0,utah_2023_labels_2s.csv
297,utah_2023__RAW_20230719_064141.680,utah_2023,utah_2023,utah_2023,noise,0,/home/ted1204/MS_Detection_Datamaker/MS_datamaker_UTAH_2023/data/event_2417/RAW_20230719_064141.680.sgy,RAW_20230719_064141.680.sgy,RAW_20230719_064141.680,3.0,5.0,1750,2155,1000.0,utah_2023_labels_2s.csv
298,utah_2023__RAW_20230719_064141.680,utah_2023,utah_2023,utah_2023,noise,0,/home/ted1204/MS_Detection_Datamaker/MS_datamaker_UTAH_2023/data/event_2417/RAW_20230719_064141.680.sgy,RAW_20230719_064141.680.sgy,RAW_20230719_064141.680,3.0,5.0,2200,2605,1000.0,utah_2023_labels_2s.csv
299,utah_2023__RAW_20230719_064141.680,utah_2023,utah_2023,utah_2023,noise,0,/home/ted1204/MS_Detection_Datamaker/MS_datamaker_UTAH_2023/data/event_2417/RAW_20230719_064141.680.sgy,RAW_20230719_064141.680.sgy,RAW_20230719_064141.680,3.0,5.0,2650,3055,1000.0,utah_2023_labels_2s.csv
300,utah_2023__RAW_20230719_064205.660,utah_2023,utah_2023,utah_2023,noise,0,/home/ted1204/MS_Detection_Datamaker/MS_datamaker_UTAH_2023/data/event_2417/RAW_20230719_064205.660.sgy,RAW_20230719_064205.660.sgy,RAW_20230719_064205.660,0.0,2.0,400,805,1000.0,utah_2023_labels_2s.csv
301,utah_2023__RAW_20230719_064205.660,utah_2023,utah_2023,utah_2023,noise,0,/home/ted1204/MS_Detection_Datamaker/MS_datamaker_UTAH_2023/data/event_2417/RAW_20230719_064205.660.sgy,RAW_20230719_064205.660.sgy,RAW_20230719_064205.660,0.0,2.0,850,1255,1000.0,utah_2023_labels_2s.csv
302,utah_2023__RAW_20230719_064205.660,utah_2023,utah_2023,utah_2023,noise,0,/home/ted1204/MS_Detection_Datamaker/MS_datamaker_UTAH_2023/data/event_2417/RAW_20230719_064205.660.sgy,RAW_20230719_064205.660.sgy,RAW_20230719_064205.660,0.0,2.0,1300,1705,1000.0,utah_2023_labels_2s.csv
303,utah_2023__RAW_20230719_064205.660,utah_2023,utah_2023,utah_2023,noise,0,/home/ted1204/MS_Detection_Datamaker/MS_datamaker_UTAH_2023/data/event_2417/RAW_20230719_064205.660.sgy,RAW_20230719_064205.660.sgy,RAW_20230719_064205.660,0.0,2.0,1750,2155,1000.0,utah_2023_labels_2s.csv
304,utah_2023__RAW_20230719_064205.660,utah_2023,utah_2023,utah_2023,noise,0,/home/ted1204/MS_Detection_Datamaker/MS_datamaker_UTAH_2023/data/event_2417/RAW_20230719_064205.660.sgy,RAW_20230719_064205.660.sgy,RAW_20230719_064205.660,0.0,2.0,2200,2605,1000.0,utah_2023_labels_2s.csv
305,utah_2023__RAW_20230719_064205.660,utah_2023,utah_2023,utah_2023,noise,0,/home/ted1204/MS_Detection_Datamaker/MS_datamaker_UTAH_2023/data/event_2417/RAW_20230719_064205.660.sgy,RAW_20230719_064205.660.sgy,RAW_20230719_064205.660,0.0,2.0,2650,3055,1000.0,utah_2023_labels_2s.csv
306,utah_2023__RAW_20230719_064205.660,utah_2023,utah_2023,utah_2023,noise,0,/home/ted1204/MS_Detection_Datamaker/MS_datamaker_UTAH_2023/data/event_2417/RAW_20230719_064205.660.sgy,RAW_20230719_064205.660.sgy,RAW_20230719_064205.660,3.0,5.0,400,805,1000.0,utah_2023_labels_2s.csv
307,utah_2023__RAW_20230719_064205.660,utah_2023,utah_2023,utah_2023,noise,0,/home/ted1204/MS_Detection_Datamaker/MS_datamaker_UTAH_2023/data/event_2417/RAW_20230719_064205.660.sgy,RAW_20230719_064205.660.sgy,RAW_20230719_064205.660,3.0,5.0,850,1255,1000.0,utah_2023_labels_2s.csv
308,utah_2023__RAW_20230719_064205.660,utah_2023,utah_2023,utah_2023,noise,0,/home/ted1204/MS_Detection_Datamaker/MS_datamaker_UTAH_2023/data/event_2417/RAW_20230719_064205.660.sgy,RAW_20230719_064205.660.sgy,RAW_20230719_064205.660,3.0,5.0,1300,1705,1000.0,utah_2023_labels_2s.csv
309,utah_2023__RAW_20230719_064205.660,utah_2023,utah_2023,utah_2023,noise,0,/home/ted1204/MS_Detection_Datamaker/MS_datamaker_UTAH_2023/data/event_2417/RAW_20230719_064205.660.sgy,RAW_20230719_064205.660.sgy,RAW_20230719_064205.660,3.0,5.0,1750,2155,1000.0,utah_2023_labels_2s.csv
310,utah_2023__RAW_20230719_064205.660,utah_2023,utah_2023,utah_2023,noise,0,/home/ted1204/MS_Detection_Datamaker/MS_datamaker_UTAH_2023/data/event_2417/RAW_20230719_064205.660.sgy,RAW_20230719_064205.660.sgy,RAW_20230719_064205.660,3.0,5.0,2200,2605,1000.0,utah_2023_labels_2s.csv
311,utah_2023__RAW_20230719_064205.660,utah_2023,utah_2023,utah_2023,noise,0,/home/ted1204/MS_Detection_Datamaker/MS_datamaker_UTAH_2023/data/event_2417/RAW_20230719_064205.660.sgy,RAW_20230719_064205.660.sgy,RAW_20230719_064205.660,3.0,5.0,2650,3055,1000.0,utah_2023_labels_2s.csv
312,utah_2023__RAW_20230719_064501.860,utah_2023,utah_2023,utah_2023,noise,0,/home/ted1204/MS_Detection_Datamaker/MS_datamaker_UTAH_2023/data/event_2417/RAW_20230719_064501.860.sgy,RAW_20230719_064501.860.sgy,RAW_20230719_064501.860,0.0,2.0,400,805,1000.0,utah_2023_labels_2s.csv
313,utah_2023__RAW_20230719_064501.860,utah_2023,utah_2023,utah_2023,noise,0,/home/ted1204/MS_Detection_Datamaker/MS_datamaker_UTAH_2023/data/event_2417/RAW_20230719_064501.860.sgy,RAW_20230719_064501.860.sgy,RAW_20230719_064501.860,0.0,2.0,850,1255,1000.0,utah_2023_labels_2s.csv
314,utah_2023__RAW_20230719_064501.860,utah_2023,utah_2023,utah_2023,noise,0,/home/ted1204/MS_Detection_Datamaker/MS_datamaker_UTAH_2023/data/event_2417/RAW_20230719_064501.860.sgy,RAW_20230719_064501.860.sgy,RAW_20230719_064501.860,0.0,2.0,1300,1705,1000.0,utah_2023_labels_2s.csv
315,utah_2023__RAW_20230719_064501.860,utah_2023,utah_2023,utah_2023,noise,0,/home/ted1204/MS_Detection_Datamaker/MS_datamaker_UTAH_2023/data/event_2417/RAW_20230719_064501.860.sgy,RAW_20230719_064501.860.sgy,RAW_20230719_064501.860,0.0,2.0,1750,2155,1000.0,utah_2023_labels_2s.csv
316,utah_2023__RAW_20230719_064501.860,utah_2023,utah_2023,utah_2023,noise,0,/home/ted1204/MS_Detection_Datamaker/MS_datamaker_UTAH_2023/data/event_2417/RAW_20230719_064501.860.sgy,RAW_20230719_064501.860.sgy,RAW_20230719_064501.860,0.0,2.0,2200,2605,1000.0,utah_2023_labels_2s.csv
317,utah_2023__RAW_20230719_064501.860,utah_2023,utah_2023,utah_2023,noise,0,/home/ted1204/MS_Detection_Datamaker/MS_datamaker_UTAH_2023/data/event_2417/RAW_20230719_064501.860.sgy,RAW_20230719_064501.860.sgy,RAW_20230719_064501.860,0.0,2.0,2650,3055,1000.0,utah_2023_labels_2s.csv
318,utah_2023__RAW_20230719_064501.860,utah_2023,utah_2023,utah_2023,noise,0,/home/ted1204/MS_Detection_Datamaker/MS_datamaker_UTAH_2023/data/event_2417/RAW_20230719_064501.860.sgy,RAW_20230719_064501.860.sgy,RAW_20230719_064501.860,3.0,5.0,400,805,1000.0,utah_2023_labels_2s.csv
319,utah_2023__RAW_20230719_064501.860,utah_2023,utah_2023,utah_2023,noise,0,/home/ted1204/MS_Detection_Datamaker/MS_datamaker_UTAH_2023/data/event_2417/RAW_20230719_064501.860.sgy,RAW_20230719_064501.860.sgy,RAW_20230719_064501.860,3.0,5.0,850,1255,1000.0,utah_2023_labels_2s.csv
320,utah_2023__RAW_20230719_064501.860,utah_2023,utah_2023,utah_2023,noise,0,/home/ted1204/MS_Detection_Datamaker/MS_datamaker_UTAH_2023/data/event_2417/RAW_20230719_064501.860.sgy,RAW_20230719_064501.860.sgy,RAW_20230719_064501.860,3.0,5.0,1300,1705,1000.0,utah_2023_labels_2s.csv
321,utah_2023__RAW_20230719_064501.860,utah_2023,utah_2023,utah_2023,noise,0,/home/ted1204/MS_Detection_Datamaker/MS_datamaker_UTAH_2023/data/event_2417/RAW_20230719_064501.860.sgy,RAW_20230719_064501.860.sgy,RAW_20230719_064501.860,3.0,5.0,1750,2155,1000.0,utah_2023_labels_2s.csv
322,utah_2023__RAW_20230719_064501.860,utah_2023,utah_2023,utah_2023,noise,0,/home/ted1204/MS_Detection_Datamaker/MS_datamaker_UTAH_2023/data/event_2417/RAW_20230719_064501.860.sgy,RAW_20230719_064501.860.sgy,RAW_20230719_064501.860,3.0,5.0,2200,2605,1000.0,utah_2023_labels_2s.csv
323,utah_2023__RAW_20230719_064501.860,utah_2023,utah_2023,utah_2023,noise,0,/home/ted1204/MS_Detection_Datamaker/MS_datamaker_UTAH_2023/data/event_2417/RAW_20230719_064501.860.sgy,RAW_20230719_064501.860.sgy,RAW_20230719_064501.860,3.0,5.0,2650,3055,1000.0,utah_2023_labels_2s.csv
324,utah_2023__RAW_20230719_064853.660,utah_2023,utah_2023,utah_2023,noise,0,/home/ted1204/MS_Detection_Datamaker/MS_datamaker_UTAH_2023/data/event_2417/RAW_20230719_064853.660.sgy,RAW_20230719_064853.660.sgy,RAW_20230719_064853.660,0.0,2.0,400,805,1000.0,utah_2023_labels_2s.csv
325,utah_2023__RAW_20230719_064853.660,utah_2023,utah_2023,utah_2023,noise,0,/home/ted1204/MS_Detection_Datamaker/MS_datamaker_UTAH_2023/data/event_2417/RAW_20230719_064853.660.sgy,RAW_20230719_064853.660.sgy,RAW_20230719_064853.660,0.0,2.0,850,1255,1000.0,utah_2023_labels_2s.csv
326,utah_2023__RAW_20230719_064853.660,utah_2023,utah_2023,utah_2023,noise,0,/home/ted1204/MS_Detection_Datamaker/MS_datamaker_UTAH_2023/data/event_2417/RAW_20230719_064853.660.sgy,RAW_20230719_064853.660.sgy,RAW_20230719_064853.660,0.0,2.0,1300,1705,1000.0,utah_2023_labels_2s.csv
327,utah_2023__RAW_20230719_064853.660,utah_2023,utah_2023,utah_2023,noise,0,/home/ted1204/MS_Detection_Datamaker/MS_datamaker_UTAH_2023/data/event_2417/RAW_20230719_064853.660.sgy,RAW_20230719_064853.660.sgy,RAW_20230719_064853.660,0.0,2.0,1750,2155,1000.0,utah_2023_labels_2s.csv
328,utah_2023__RAW_20230719_064853.660,utah_2023,utah_2023,utah_2023,noise,0,/home/ted1204/MS_Detection_Datamaker/MS_datamaker_UTAH_2023/data/event_2417/RAW_20230719_064853.660.sgy,RAW_20230719_064853.660.sgy,RAW_20230719_064853.660,0.0,2.0,2200,2605,1000.0,utah_2023_labels_2s.csv
329,utah_2023__RAW_20230719_064853.660,utah_2023,utah_2023,utah_2023,noise,0,/home/ted1204/MS_Detection_Datamaker/MS_datamaker_UTAH_2023/data/event_2417/RAW_20230719_064853.660.sgy,RAW_20230719_064853.660.sgy,RAW_20230719_064853.660,0.0,2.0,2650,3055,1000.0,utah_2023_labels_2s.csv
330,utah_2023__RAW_20230719_064853.660,utah_2023,utah_2023,utah_2023,noise,0,/home/ted1204/MS_Detection_Datamaker/MS_datamaker_UTAH_2023/data/event_2417/RAW_20230719_064853.660.sgy,RAW_20230719_064853.660.sgy,RAW_20230719_064853.660,3.0,5.0,400,805,1000.0,utah_2023_labels_2s.csv
331,utah_2023__RAW_20230719_064853.660,utah_2023,utah_2023,utah_2023,noise,0,/home/ted1204/MS_Detection_Datamaker/MS_datamaker_UTAH_2023/data/event_2417/RAW_20230719_064853.660.sgy,RAW_20230719_064853.660.sgy,RAW_20230719_064853.660,3.0,5.0,850,1255,1000.0,utah_2023_labels_2s.csv
332,utah_2023__RAW_20230719_064853.660,utah_2023,utah_2023,utah_2023,noise,0,/home/ted1204/MS_Detection_Datamaker/MS_datamaker_UTAH_2023/data/event_2417/RAW_20230719_064853.660.sgy,RAW_20230719_064853.660.sgy,RAW_20230719_064853.660,3.0,5.0,1300,1705,1000.0,utah_2023_labels_2s.csv
333,utah_2023__RAW_20230719_064853.660,utah_2023,utah_2023,utah_2023,noise,0,/home/ted1204/MS_Detection_Datamaker/MS_datamaker_UTAH_2023/data/event_2417/RAW_20230719_064853.660.sgy,RAW_20230719_064853.660.sgy,RAW_20230719_064853.660,3.0,5.0,1750,2155,1000.0,utah_2023_labels_2s.csv
334,utah_2023__RAW_20230719_064853.660,utah_2023,utah_2023,utah_2023,noise,0,/home/ted1204/MS_Detection_Datamaker/MS_datamaker_UTAH_2023/data/event_2417/RAW_20230719_064853.660.sgy,RAW_20230719_064853.660.sgy,RAW_20230719_064853.660,3.0,5.0,2200,2605,1000.0,utah_2023_labels_2s.csv
335,utah_2023__RAW_20230719_064853.660,utah_2023,utah_2023,utah_2023,noise,0,/home/ted1204/MS_Detection_Datamaker/MS_datamaker_UTAH_2023/data/event_2417/RAW_20230719_064853.660.sgy,RAW_20230719_064853.660.sgy,RAW_20230719_064853.660,3.0,5.0,2650,3055,1000.0,utah_2023_labels_2s.csv
336,utah_2023__RAW_20230719_065306.860,utah_2023,utah_2023,utah_2023,noise,0,/home/ted1204/MS_Detection_Datamaker/MS_datamaker_UTAH_2023/data/event_2417/RAW_20230719_065306.860.sgy,RAW_20230719_065306.860.sgy,RAW_20230719_065306.860,0.0,2.0,400,805,1000.0,utah_2023_labels_2s.csv
337,utah_2023__RAW_20230719_065306.860,utah_2023,utah_2023,utah_2023,noise,0,/home/ted1204/MS_Detection_Datamaker/MS_datamaker_UTAH_2023/data/event_2417/RAW_20230719_065306.860.sgy,RAW_20230719_065306.860.sgy,RAW_20230719_065306.860,0.0,2.0,850,1255,1000.0,utah_2023_labels_2s.csv
338,utah_2023__RAW_20230719_065306.860,utah_2023,utah_2023,utah_2023,noise,0,/home/ted1204/MS_Detection_Datamaker/MS_datamaker_UTAH_2023/data/event_2417/RAW_20230719_065306.860.sgy,RAW_20230719_065306.860.sgy,RAW_20230719_065306.860,0.0,2.0,1300,1705,1000.0,utah_2023_labels_2s.csv
339,utah_2023__RAW_20230719_065306.860,utah_2023,utah_2023,utah_2023,noise,0,/home/ted1204/MS_Detection_Datamaker/MS_datamaker_UTAH_2023/data/event_2417/RAW_20230719_065306.860.sgy,RAW_20230719_065306.860.sgy,RAW_20230719_065306.860,0.0,2.0,1750,2155,1000.0,utah_2023_labels_2s.csv
340,utah_2023__RAW_20230719_065306.860,utah_2023,utah_2023,utah_2023,noise,0,/home/ted1204/MS_Detection_Datamaker/MS_datamaker_UTAH_2023/data/event_2417/RAW_20230719_065306.860.sgy,RAW_20230719_065306.860.sgy,RAW_20230719_065306.860,0.0,2.0,2200,2605,1000.0,utah_2023_labels_2s.csv
341,utah_2023__RAW_20230719_065306.860,utah_2023,utah_2023,utah_2023,noise,0,/home/ted1204/MS_Detection_Datamaker/MS_datamaker_UTAH_2023/data/event_2417/RAW_20230719_065306.860.sgy,RAW_20230719_065306.860.sgy,RAW_20230719_065306.860,0.0,2.0,2650,3055,1000.0,utah_2023_labels_2s.csv
342,utah_2023__RAW_20230719_065306.860,utah_2023,utah_2023,utah_2023,noise,0,/home/ted1204/MS_Detection_Datamaker/MS_datamaker_UTAH_2023/data/event_2417/RAW_20230719_065306.860.sgy,RAW_20230719_065306.860.sgy,RAW_20230719_065306.860,3.0,5.0,400,805,1000.0,utah_2023_labels_2s.csv
343,utah_2023__RAW_20230719_065306.860,utah_2023,utah_2023,utah_2023,noise,0,/home/ted1204/MS_Detection_Datamaker/MS_datamaker_UTAH_2023/data/event_2417/RAW_20230719_065306.860.sgy,RAW_20230719_065306.860.sgy,RAW_20230719_065306.860,3.0,5.0,850,1255,1000.0,utah_2023_labels_2s.csv
344,utah_2023__RAW_20230719_065306.860,utah_2023,utah_2023,utah_2023,noise,0,/home/ted1204/MS_Detection_Datamaker/MS_datamaker_UTAH_2023/data/event_2417/RAW_20230719_065306.860.sgy,RAW_20230719_065306.860.sgy,RAW_20230719_065306.860,3.0,5.0,1300,1705,1000.0,utah_2023_labels_2s.csv
345,utah_2023__RAW_20230719_065306.860,utah_2023,utah_2023,utah_2023,noise,0,/home/ted1204/MS_Detection_Datamaker/MS_datamaker_UTAH_2023/data/event_2417/RAW_20230719_065306.860.sgy,RAW_20230719_065306.860.sgy,RAW_20230719_065306.860,3.0,5.0,1750,2155,1000.0,utah_2023_labels_2s.csv
346,utah_2023__RAW_20230719_065306.860,utah_2023,utah_2023,utah_2023,noise,0,/home/ted1204/MS_Detection_Datamaker/MS_datamaker_UTAH_2023/data/event_2417/RAW_20230719_065306.860.sgy,RAW_20230719_065306.860.sgy,RAW_20230719_065306.860,3.0,5.0,2200,2605,1000.0,utah_2023_labels_2s.csv
347,utah_2023__RAW_20230719_065306.860,utah_2023,utah_2023,utah_2023,noise,0,/home/ted1204/MS_Detection_Datamaker/MS_datamaker_UTAH_2023/data/event_2417/RAW_20230719_065306.860.sgy,RAW_20230719_065306.860.sgy,RAW_20230719_065306.860,3.0,5.0,2650,3055,1000.0,utah_2023_labels_2s.csv
348,utah_2023__RAW_20230719_065523.560,utah_2023,utah_2023,utah_2023,noise,0,/home/ted1204/MS_Detection_Datamaker/MS_datamaker_UTAH_2023/data/event_2417/RAW_20230719_065523.560.sgy,RAW_20230719_065523.560.sgy,RAW_20230719_065523.560,0.0,2.0,400,805,1000.0,utah_2023_labels_2s.csv
349,utah_2023__RAW_20230719_065523.560,utah_2023,utah_2023,utah_2023,noise,0,/home/ted1204/MS_Detection_Datamaker/MS_datamaker_UTAH_2023/data/event_2417/RAW_20230719_065523.560.sgy,RAW_20230719_065523.560.sgy,RAW_20230719_065523.560,0.0,2.0,850,1255,1000.0,utah_2023_labels_2s.csv
350,utah_2023__RAW_20230719_065523.560,utah_2023,utah_2023,utah_2023,noise,0,/home/ted1204/MS_Detection_Datamaker/MS_datamaker_UTAH_2023/data/event_2417/RAW_20230719_065523.560.sgy,RAW_20230719_065523.560.sgy,RAW_20230719_065523.560,0.0,2.0,1300,1705,1000.0,utah_2023_labels_2s.csv
351,utah_2023__RAW_20230719_065523.560,utah_2023,utah_2023,utah_2023,noise,0,/home/ted1204/MS_Detection_Datamaker/MS_datamaker_UTAH_2023/data/event_2417/RAW_20230719_065523.560.sgy,RAW_20230719_065523.560.sgy,RAW_20230719_065523.560,0.0,2.0,1750,2155,1000.0,utah_2023_labels_2s.csv
352,utah_2023__RAW_20230719_065523.560,utah_2023,utah_2023,utah_2023,noise,0,/home/ted1204/MS_Detection_Datamaker/MS_datamaker_UTAH_2023/data/event_2417/RAW_20230719_065523.560.sgy,RAW_20230719_065523.560.sgy,RAW_20230719_065523.560,0.0,2.0,2200,2605,1000.0,utah_2023_labels_2s.csv
353,utah_2023__RAW_20230719_065523.560,utah_2023,utah_2023,utah_2023,noise,0,/home/ted1204/MS_Detection_Datamaker/MS_datamaker_UTAH_2023/data/event_2417/RAW_20230719_065523.560.sgy,RAW_20230719_065523.560.sgy,RAW_20230719_065523.560,0.0,2.0,2650,3055,1000.0,utah_2023_labels_2s.csv
354,utah_2023__RAW_20230719_070140.740,utah_2023,utah_2023,utah_2023,noise,0,/home/ted1204/MS_Detection_Datamaker/MS_datamaker_UTAH_2023/data/event_2417/RAW_20230719_070140.740.sgy,RAW_20230719_070140.740.sgy,RAW_20230719_070140.740,0.0,2.0,400,805,1000.0,utah_2023_labels_2s.csv
355,utah_2023__RAW_20230719_070140.740,utah_2023,utah_2023,utah_2023,noise,0,/home/ted1204/MS_Detection_Datamaker/MS_datamaker_UTAH_2023/data/event_2417/RAW_20230719_070140.740.sgy,RAW_20230719_070140.740.sgy,RAW_20230719_070140.740,0.0,2.0,850,1255,1000.0,utah_2023_labels_2s.csv
356,utah_2023__RAW_20230719_070140.740,utah_2023,utah_2023,utah_2023,noise,0,/home/ted1204/MS_Detection_Datamaker/MS_datamaker_UTAH_2023/data/event_2417/RAW_20230719_070140.740.sgy,RAW_20230719_070140.740.sgy,RAW_20230719_070140.740,0.0,2.0,1300,1705,1000.0,utah_2023_labels_2s.csv
357,utah_2023__RAW_20230719_070140.740,utah_2023,utah_2023,utah_2023,noise,0,/home/ted1204/MS_Detection_Datamaker/MS_datamaker_UTAH_2023/data/event_2417/RAW_20230719_070140.740.sgy,RAW_20230719_070140.740.sgy,RAW_20230719_070140.740,0.0,2.0,1750,2155,1000.0,utah_2023_labels_2s.csv
358,utah_2023__RAW_20230719_070140.740,utah_2023,utah_2023,utah_2023,noise,0,/home/ted1204/MS_Detection_Datamaker/MS_datamaker_UTAH_2023/data/event_2417/RAW_20230719_070140.740.sgy,RAW_20230719_070140.740.sgy,RAW_20230719_070140.740,0.0,2.0,2200,2605,1000.0,utah_2023_labels_2s.csv
359,utah_2023__RAW_20230719_070140.740,utah_2023,utah_2023,utah_2023,noise,0,/home/ted1204/MS_Detection_Datamaker/MS_datamaker_UTAH_2023/data/event_2417/RAW_20230719_070140.740.sgy,RAW_20230719_070140.740.sgy,RAW_20230719_070140.740,0.0,2.0,2650,3055,1000.0,utah_2023_labels_2s.csv
360,utah_2023__RAW_20230719_070140.740,utah_2023,utah_2023,utah_2023,noise,0,/home/ted1204/MS_Detection_Datamaker/MS_datamaker_UTAH_2023/data/event_2417/RAW_20230719_070140.740.sgy,RAW_20230719_070140.740.sgy,RAW_20230719_070140.740,1.0,3.0,400,805,1000.0,utah_2023_labels_2s.csv
361,utah_2023__RAW_20230719_070140.740,utah_2023,utah_2023,utah_2023,noise,0,/home/ted1204/MS_Detection_Datamaker/MS_datamaker_UTAH_2023/data/event_2417/RAW_20230719_070140.740.sgy,RAW_20230719_070140.740.sgy,RAW_20230719_070140.740,1.0,3.0,850,1255,1000.0,utah_2023_labels_2s.csv
362,utah_2023__RAW_20230719_070140.740,utah_2023,utah_2023,utah_2023,noise,0,/home/ted1204/MS_Detection_Datamaker/MS_datamaker_UTAH_2023/data/event_2417/RAW_20230719_070140.740.sgy,RAW_20230719_070140.740.sgy,RAW_20230719_070140.740,1.0,3.0,1300,1705,1000.0,utah_2023_labels_2s.csv
363,utah_2023__RAW_20230719_070140.740,utah_2023,utah_2023,utah_2023,noise,0,/home/ted1204/MS_Detection_Datamaker/MS_datamaker_UTAH_2023/data/event_2417/RAW_20230719_070140.740.sgy,RAW_20230719_070140.740.sgy,RAW_20230719_070140.740,1.0,3.0,1750,2155,1000.0,utah_2023_labels_2s.csv
364,utah_2023__RAW_20230719_070140.740,utah_2023,utah_2023,utah_2023,noise,0,/home/ted1204/MS_Detection_Datamaker/MS_datamaker_UTAH_2023/data/event_2417/RAW_20230719_070140.740.sgy,RAW_20230719_070140.740.sgy,RAW_20230719_070140.740,1.0,3.0,2200,2605,1000.0,utah_2023_labels_2s.csv
365,utah_2023__RAW_20230719_070140.740,utah_2023,utah_2023,utah_2023,noise,0,/home/ted1204/MS_Detection_Datamaker/MS_datamaker_UTAH_2023/data/event_2417/RAW_20230719_070140.740.sgy,RAW_20230719_070140.740.sgy,RAW_20230719_070140.740,1.0,3.0,2650,3055,1000.0,utah_2023_labels_2s.csv
366,utah_2023__RAW_20230719_070535.980,utah_2023,utah_2023,utah_2023,noise,0,/home/ted1204/MS_Detection_Datamaker/MS_datamaker_UTAH_2023/data/event_2417/RAW_20230719_070535.980.sgy,RAW_20230719_070535.980.sgy,RAW_20230719_070535.980,0.0,2.0,400,805,1000.0,utah_2023_labels_2s.csv
367,utah_2023__RAW_20230719_070535.980,utah_2023,utah_2023,utah_2023,noise,0,/home/ted1204/MS_Detection_Datamaker/MS_datamaker_UTAH_2023/data/event_2417/RAW_20230719_070535.980.sgy,RAW_20230719_070535.980.sgy,RAW_20230719_070535.980,0.0,2.0,850,1255,1000.0,utah_2023_labels_2s.csv
368,utah_2023__RAW_20230719_070535.980,utah_2023,utah_2023,utah_2023,noise,0,/home/ted1204/MS_Detection_Datamaker/MS_datamaker_UTAH_2023/data/event_2417/RAW_20230719_070535.980.sgy,RAW_20230719_070535.980.sgy,RAW_20230719_070535.980,0.0,2.0,1300,1705,1000.0,utah_2023_labels_2s.csv
369,utah_2023__RAW_20230719_070535.980,utah_2023,utah_2023,utah_2023,noise,0,/home/ted1204/MS_Detection_Datamaker/MS_datamaker_UTAH_2023/data/event_2417/RAW_20230719_070535.980.sgy,RAW_20230719_070535.980.sgy,RAW_20230719_070535.980,0.0,2.0,1750,2155,1000.0,utah_2023_labels_2s.csv
370,utah_2023__RAW_20230719_070535.980,utah_2023,utah_2023,utah_2023,noise,0,/home/ted1204/MS_Detection_Datamaker/MS_datamaker_UTAH_2023/data/event_2417/RAW_20230719_070535.980.sgy,RAW_20230719_070535.980.sgy,RAW_20230719_070535.980,0.0,2.0,2200,2605,1000.0,utah_2023_labels_2s.csv
371,utah_2023__RAW_20230719_070535.980,utah_2023,utah_2023,utah_2023,noise,0,/home/ted1204/MS_Detection_Datamaker/MS_datamaker_UTAH_2023/data/event_2417/RAW_20230719_070535.980.sgy,RAW_20230719_070535.980.sgy,RAW_20230719_070535.980,0.0,2.0,2650,3055,1000.0,utah_2023_labels_2s.csv
372,utah_2023__RAW_20230719_071705.740,utah_2023,utah_2023,utah_2023,noise,0,/home/ted1204/MS_Detection_Datamaker/MS_datamaker_UTAH_2023/data/event_2417/RAW_20230719_071705.740.sgy,RAW_20230719_071705.740.sgy,RAW_20230719_071705.740,0.0,2.0,400,805,1000.0,utah_2023_labels_2s.csv
373,utah_2023__RAW_20230719_071705.740,utah_2023,utah_2023,utah_2023,noise,0,/home/ted1204/MS_Detection_Datamaker/MS_datamaker_UTAH_2023/data/event_2417/RAW_20230719_071705.740.sgy,RAW_20230719_071705.740.sgy,RAW_20230719_071705.740,0.0,2.0,850,1255,1000.0,utah_2023_labels_2s.csv
374,utah_2023__RAW_20230719_071705.740,utah_2023,utah_2023,utah_2023,noise,0,/home/ted1204/MS_Detection_Datamaker/MS_datamaker_UTAH_2023/data/event_2417/RAW_20230719_071705.740.sgy,RAW_20230719_071705.740.sgy,RAW_20230719_071705.740,0.0,2.0,1300,1705,1000.0,utah_2023_labels_2s.csv
375,utah_2023__RAW_20230719_071705.740,utah_2023,utah_2023,utah_2023,noise,0,/home/ted1204/MS_Detection_Datamaker/MS_datamaker_UTAH_2023/data/event_2417/RAW_20230719_071705.740.sgy,RAW_20230719_071705.740.sgy,RAW_20230719_071705.740,0.0,2.0,1750,2155,1000.0,utah_2023_labels_2s.csv
376,utah_2023__RAW_20230719_071705.740,utah_2023,utah_2023,utah_2023,noise,0,/home/ted1204/MS_Detection_Datamaker/MS_datamaker_UTAH_2023/data/event_2417/RAW_20230719_071705.740.sgy,RAW_20230719_071705.740.sgy,RAW_20230719_071705.740,0.0,2.0,2200,2605,1000.0,utah_2023_labels_2s.csv
377,utah_2023__RAW_20230719_071705.740,utah_2023,utah_2023,utah_2023,noise,0,/home/ted1204/MS_Detection_Datamaker/MS_datamaker_UTAH_2023/data/event_2417/RAW_20230719_071705.740.sgy,RAW_20230719_071705.740.sgy,RAW_20230719_071705.740,0.0,2.0,2650,3055,1000.0,utah_2023_labels_2s.csv
378,utah_2023__RAW_20230719_071705.740,utah_2023,utah_2023,utah_2023,noise,0,/home/ted1204/MS_Detection_Datamaker/MS_datamaker_UTAH_2023/data/event_2417/RAW_20230719_071705.740.sgy,RAW_20230719_071705.740.sgy,RAW_20230719_071705.740,3.0,5.0,400,805,1000.0,utah_2023_labels_2s.csv
379,utah_2023__RAW_20230719_071705.740,utah_2023,utah_2023,utah_2023,noise,0,/home/ted1204/MS_Detection_Datamaker/MS_datamaker_UTAH_2023/data/event_2417/RAW_20230719_071705.740.sgy,RAW_20230719_071705.740.sgy,RAW_20230719_071705.740,3.0,5.0,850,1255,1000.0,utah_2023_labels_2s.csv
380,utah_2023__RAW_20230719_071705.740,utah_2023,utah_2023,utah_2023,noise,0,/home/ted1204/MS_Detection_Datamaker/MS_datamaker_UTAH_2023/data/event_2417/RAW_20230719_071705.740.sgy,RAW_20230719_071705.740.sgy,RAW_20230719_071705.740,3.0,5.0,1300,1705,1000.0,utah_2023_labels_2s.csv
381,utah_2023__RAW_20230719_071705.740,utah_2023,utah_2023,utah_2023,noise,0,/home/ted1204/MS_Detection_Datamaker/MS_datamaker_UTAH_2023/data/event_2417/RAW_20230719_071705.740.sgy,RAW_20230719_071705.740.sgy,RAW_20230719_071705.740,3.0,5.0,1750,2155,1000.0,utah_2023_labels_2s.csv
382,utah_2023__RAW_20230719_071705.740,utah_2023,utah_2023,utah_2023,noise,0,/home/ted1204/MS_Detection_Datamaker/MS_datamaker_UTAH_2023/data/event_2417/RAW_20230719_071705.740.sgy,RAW_20230719_071705.740.sgy,RAW_20230719_071705.740,3.0,5.0,2200,2605,1000.0,utah_2023_labels_2s.csv
383,utah_2023__RAW_20230719_071705.740,utah_2023,utah_2023,utah_2023,noise,0,/home/ted1204/MS_Detection_Datamaker/MS_datamaker_UTAH_2023/data/event_2417/RAW_20230719_071705.740.sgy,RAW_20230719_071705.740.sgy,RAW_20230719_071705.740,3.0,5.0,2650,3055,1000.0,utah_2023_labels_2s.csv
384,utah_2023__RAW_20230719_071903.640,utah_2023,utah_2023,utah_2023,noise,0,/home/ted1204/MS_Detection_Datamaker/MS_datamaker_UTAH_2023/data/event_2417/RAW_20230719_071903.640.sgy,RAW_20230719_071903.640.sgy,RAW_20230719_071903.640,0.0,2.0,400,805,1000.0,utah_2023_labels_2s.csv
385,utah_2023__RAW_20230719_071903.640,utah_2023,utah_2023,utah_2023,noise,0,/home/ted1204/MS_Detection_Datamaker/MS_datamaker_UTAH_2023/data/event_2417/RAW_20230719_071903.640.sgy,RAW_20230719_071903.640.sgy,RAW_20230719_071903.640,0.0,2.0,850,1255,1000.0,utah_2023_labels_2s.csv
386,utah_2023__RAW_20230719_071903.640,utah_2023,utah_2023,utah_2023,noise,0,/home/ted1204/MS_Detection_Datamaker/MS_datamaker_UTAH_2023/data/event_2417/RAW_20230719_071903.640.sgy,RAW_20230719_071903.640.sgy,RAW_20230719_071903.640,0.0,2.0,1300,1705,1000.0,utah_2023_labels_2s.csv
387,utah_2023__RAW_20230719_071903.640,utah_2023,utah_2023,utah_2023,noise,0,/home/ted1204/MS_Detection_Datamaker/MS_datamaker_UTAH_2023/data/event_2417/RAW_20230719_071903.640.sgy,RAW_20230719_071903.640.sgy,RAW_20230719_071903.640,0.0,2.0,1750,2155,1000.0,utah_2023_labels_2s.csv
388,utah_2023__RAW_20230719_071903.640,utah_2023,utah_2023,utah_2023,noise,0,/home/ted1204/MS_Detection_Datamaker/MS_datamaker_UTAH_2023/data/event_2417/RAW_20230719_071903.640.sgy,RAW_20230719_071903.640.sgy,RAW_20230719_071903.640,0.0,2.0,2200,2605,1000.0,utah_2023_labels_2s.csv
389,utah_2023__RAW_20230719_071903.640,utah_2023,utah_2023,utah_2023,noise,0,/home/ted1204/MS_Detection_Datamaker/MS_datamaker_UTAH_2023/data/event_2417/RAW_20230719_071903.640.sgy,RAW_20230719_071903.640.sgy,RAW_20230719_071903.640,0.0,2.0,2650,3055,1000.0,utah_2023_labels_2s.csv
390,utah_2023__RAW_20230719_071905.740,utah_2023,utah_2023,utah_2023,noise,0,/home/ted1204/MS_Detection_Datamaker/MS_datamaker_UTAH_2023/data/event_2417/RAW_20230719_071905.740.sgy,RAW_20230719_071905.740.sgy,RAW_20230719_071905.740,3.0,5.0,400,805,1000.0,utah_2023_labels_2s.csv
391,utah_2023__RAW_20230719_071905.740,utah_2023,utah_2023,utah_2023,noise,0,/home/ted1204/MS_Detection_Datamaker/MS_datamaker_UTAH_2023/data/event_2417/RAW_20230719_071905.740.sgy,RAW_20230719_071905.740.sgy,RAW_20230719_071905.740,3.0,5.0,850,1255,1000.0,utah_2023_labels_2s.csv
392,utah_2023__RAW_20230719_071905.740,utah_2023,utah_2023,utah_2023,noise,0,/home/ted1204/MS_Detection_Datamaker/MS_datamaker_UTAH_2023/data/event_2417/RAW_20230719_071905.740.sgy,RAW_20230719_071905.740.sgy,RAW_20230719_071905.740,3.0,5.0,1300,1705,1000.0,utah_2023_labels_2s.csv
393,utah_2023__RAW_20230719_071905.740,utah_2023,utah_2023,utah_2023,noise,0,/home/ted1204/MS_Detection_Datamaker/MS_datamaker_UTAH_2023/data/event_2417/RAW_20230719_071905.740.sgy,RAW_20230719_071905.740.sgy,RAW_20230719_071905.740,3.0,5.0,1750,2155,1000.0,utah_2023_labels_2s.csv
394,utah_2023__RAW_20230719_071905.740,utah_2023,utah_2023,utah_2023,noise,0,/home/ted1204/MS_Detection_Datamaker/MS_datamaker_UTAH_2023/data/event_2417/RAW_20230719_071905.740.sgy,RAW_20230719_071905.740.sgy,RAW_20230719_071905.740,3.0,5.0,2200,2605,1000.0,utah_2023_labels_2s.csv
395,utah_2023__RAW_20230719_071905.740,utah_2023,utah_2023,utah_2023,noise,0,/home/ted1204/MS_Detection_Datamaker/MS_datamaker_UTAH_2023/data/event_2417/RAW_20230719_071905.740.sgy,RAW_20230719_071905.740.sgy,RAW_20230719_071905.740,3.0,5.0,2650,3055,1000.0,utah_2023_labels_2s.csv
396,utah_2023__RAW_20230719_072348.880,utah_2023,utah_2023,utah_2023,noise,0,/home/ted1204/MS_Detection_Datamaker/MS_datamaker_UTAH_2023/data/event_2417/RAW_20230719_072348.880.sgy,RAW_20230719_072348.880.sgy,RAW_20230719_072348.880,0.0,2.0,400,805,1000.0,utah_2023_labels_2s.csv
397,utah_2023__RAW_20230719_072348.880,utah_2023,utah_2023,utah_2023,noise,0,/home/ted1204/MS_Detection_Datamaker/MS_datamaker_UTAH_2023/data/event_2417/RAW_20230719_072348.880.sgy,RAW_20230719_072348.880.sgy,RAW_20230719_072348.880,0.0,2.0,850,1255,1000.0,utah_2023_labels_2s.csv
398,utah_2023__RAW_20230719_072348.880,utah_2023,utah_2023,utah_2023,noise,0,/home/ted1204/MS_Detection_Datamaker/MS_datamaker_UTAH_2023/data/event_2417/RAW_20230719_072348.880.sgy,RAW_20230719_072348.880.sgy,RAW_20230719_072348.880,0.0,2.0,1300,1705,1000.0,utah_2023_labels_2s.csv
399,utah_2023__RAW_20230719_072348.880,utah_2023,utah_2023,utah_2023,noise,0,/home/ted1204/MS_Detection_Datamaker/MS_datamaker_UTAH_2023/data/event_2417/RAW_20230719_072348.880.sgy,RAW_20230719_072348.880.sgy,RAW_20230719_072348.880,0.0,2.0,1750,2155,1000.0,utah_2023_labels_2s.csv
400,utah_2023__RAW_20230719_072348.880,utah_2023,utah_2023,utah_2023,noise,0,/home/ted1204/MS_Detection_Datamaker/MS_datamaker_UTAH_2023/data/event_2417/RAW_20230719_072348.880.sgy,RAW_20230719_072348.880.sgy,RAW_20230719_072348.880,0.0,2.0,2200,2605,1000.0,utah_2023_labels_2s.csv
401,utah_2023__RAW_20230719_072348.880,utah_2023,utah_2023,utah_2023,noise,0,/home/ted1204/MS_Detection_Datamaker/MS_datamaker_UTAH_2023/data/event_2417/RAW_20230719_072348.880.sgy,RAW_20230719_072348.880.sgy,RAW_20230719_072348.880,0.0,2.0,2650,3055,1000.0,utah_2023_labels_2s.csv
402,utah_2023__RAW_20230719_072348.880,utah_2023,utah_2023,utah_2023,noise,0,/home/ted1204/MS_Detection_Datamaker/MS_datamaker_UTAH_2023/data/event_2417/RAW_20230719_072348.880.sgy,RAW_20230719_072348.880.sgy,RAW_20230719_072348.880,3.0,5.0,400,805,1000.0,utah_2023_labels_2s.csv
403,utah_2023__RAW_20230719_072348.880,utah_2023,utah_2023,utah_2023,noise,0,/home/ted1204/MS_Detection_Datamaker/MS_datamaker_UTAH_2023/data/event_2417/RAW_20230719_072348.880.sgy,RAW_20230719_072348.880.sgy,RAW_20230719_072348.880,3.0,5.0,850,1255,1000.0,utah_2023_labels_2s.csv
404,utah_2023__RAW_20230719_072348.880,utah_2023,utah_2023,utah_2023,noise,0,/home/ted1204/MS_Detection_Datamaker/MS_datamaker_UTAH_2023/data/event_2417/RAW_20230719_072348.880.sgy,RAW_20230719_072348.880.sgy,RAW_20230719_072348.880,3.0,5.0,1300,1705,1000.0,utah_2023_labels_2s.csv
405,utah_2023__RAW_20230719_072348.880,utah_2023,utah_2023,utah_2023,noise,0,/home/ted1204/MS_Detection_Datamaker/MS_datamaker_UTAH_2023/data/event_2417/RAW_20230719_072348.880.sgy,RAW_20230719_072348.880.sgy,RAW_20230719_072348.880,3.0,5.0,1750,2155,1000.0,utah_2023_labels_2s.csv
406,utah_2023__RAW_20230719_072348.880,utah_2023,utah_2023,utah_2023,noise,0,/home/ted1204/MS_Detection_Datamaker/MS_datamaker_UTAH_2023/data/event_2417/RAW_20230719_072348.880.sgy,RAW_20230719_072348.880.sgy,RAW_20230719_072348.880,3.0,5.0,2200,2605,1000.0,utah_2023_labels_2s.csv
407,utah_2023__RAW_20230719_072348.880,utah_2023,utah_2023,utah_2023,noise,0,/home/ted1204/MS_Detection_Datamaker/MS_datamaker_UTAH_2023/data/event_2417/RAW_20230719_072348.880.sgy,RAW_20230719_072348.880.sgy,RAW_20230719_072348.880,3.0,5.0,2650,3055,1000.0,utah_2023_labels_2s.csv
408,utah_2023__RAW_20230719_073441.500,utah_2023,utah_2023,utah_2023,noise,0,/home/ted1204/MS_Detection_Datamaker/MS_datamaker_UTAH_2023/data/event_2417/RAW_20230719_073441.500.sgy,RAW_20230719_073441.500.sgy,RAW_20230719_073441.500,0.0,2.0,400,805,1000.0,utah_2023_labels_2s.csv
409,utah_2023__RAW_20230719_073441.500,utah_2023,utah_2023,utah_2023,noise,0,/home/ted1204/MS_Detection_Datamaker/MS_datamaker_UTAH_2023/data/event_2417/RAW_20230719_073441.500.sgy,RAW_20230719_073441.500.sgy,RAW_20230719_073441.500,0.0,2.0,850,1255,1000.0,utah_2023_labels_2s.csv
410,utah_2023__RAW_20230719_073441.500,utah_2023,utah_2023,utah_2023,noise,0,/home/ted1204/MS_Detection_Datamaker/MS_datamaker_UTAH_2023/data/event_2417/RAW_20230719_073441.500.sgy,RAW_20230719_073441.500.sgy,RAW_20230719_073441.500,0.0,2.0,1300,1705,1000.0,utah_2023_labels_2s.csv
411,utah_2023__RAW_20230719_073441.500,utah_2023,utah_2023,utah_2023,noise,0,/home/ted1204/MS_Detection_Datamaker/MS_datamaker_UTAH_2023/data/event_2417/RAW_20230719_073441.500.sgy,RAW_20230719_073441.500.sgy,RAW_20230719_073441.500,0.0,2.0,1750,2155,1000.0,utah_2023_labels_2s.csv
412,utah_2023__RAW_20230719_073441.500,utah_2023,utah_2023,utah_2023,noise,0,/home/ted1204/MS_Detection_Datamaker/MS_datamaker_UTAH_2023/data/event_2417/RAW_20230719_073441.500.sgy,RAW_20230719_073441.500.sgy,RAW_20230719_073441.500,0.0,2.0,2200,2605,1000.0,utah_2023_labels_2s.csv
413,utah_2023__RAW_20230719_073441.500,utah_2023,utah_2023,utah_2023,noise,0,/home/ted1204/MS_Detection_Datamaker/MS_datamaker_UTAH_2023/data/event_2417/RAW_20230719_073441.500.sgy,RAW_20230719_073441.500.sgy,RAW_20230719_073441.500,0.0,2.0,2650,3055,1000.0,utah_2023_labels_2s.csv
414,utah_2023__RAW_20230719_073610.580,utah_2023,utah_2023,utah_2023,noise,0,/home/ted1204/MS_Detection_Datamaker/MS_datamaker_UTAH_2023/data/event_2417/RAW_20230719_073610.580.sgy,RAW_20230719_073610.580.sgy,RAW_20230719_073610.580,0.0,2.0,400,805,1000.0,utah_2023_labels_2s.csv
415,utah_2023__RAW_20230719_073610.580,utah_2023,utah_2023,utah_2023,noise,0,/home/ted1204/MS_Detection_Datamaker/MS_datamaker_UTAH_2023/data/event_2417/RAW_20230719_073610.580.sgy,RAW_20230719_073610.580.sgy,RAW_20230719_073610.580,0.0,2.0,850,1255,1000.0,utah_2023_labels_2s.csv
416,utah_2023__RAW_20230719_073610.580,utah_2023,utah_2023,utah_2023,noise,0,/home/ted1204/MS_Detection_Datamaker/MS_datamaker_UTAH_2023/data/event_2417/RAW_20230719_073610.580.sgy,RAW_20230719_073610.580.sgy,RAW_20230719_073610.580,0.0,2.0,1300,1705,1000.0,utah_2023_labels_2s.csv
417,utah_2023__RAW_20230719_073610.580,utah_2023,utah_2023,utah_2023,noise,0,/home/ted1204/MS_Detection_Datamaker/MS_datamaker_UTAH_2023/data/event_2417/RAW_20230719_073610.580.sgy,RAW_20230719_073610.580.sgy,RAW_20230719_073610.580,0.0,2.0,1750,2155,1000.0,utah_2023_labels_2s.csv
418,utah_2023__RAW_20230719_073610.580,utah_2023,utah_2023,utah_2023,noise,0,/home/ted1204/MS_Detection_Datamaker/MS_datamaker_UTAH_2023/data/event_2417/RAW_20230719_073610.580.sgy,RAW_20230719_073610.580.sgy,RAW_20230719_073610.580,0.0,2.0,2200,2605,1000.0,utah_2023_labels_2s.csv
419,utah_2023__RAW_20230719_073610.580,utah_2023,utah_2023,utah_2023,noise,0,/home/ted1204/MS_Detection_Datamaker/MS_datamaker_UTAH_2023/data/event_2417/RAW_20230719_073610.580.sgy,RAW_20230719_073610.580.sgy,RAW_20230719_073610.580,0.0,2.0,2650,3055,1000.0,utah_2023_labels_2s.csv
420,utah_2023__RAW_20230719_073610.580,utah_2023,utah_2023,utah_2023,noise,0,/home/ted1204/MS_Detection_Datamaker/MS_datamaker_UTAH_2023/data/event_2417/RAW_20230719_073610.580.sgy,RAW_20230719_073610.580.sgy,RAW_20230719_073610.580,3.0,5.0,400,805,1000.0,utah_2023_labels_2s.csv
421,utah_2023__RAW_20230719_073610.580,utah_2023,utah_2023,utah_2023,noise,0,/home/ted1204/MS_Detection_Datamaker/MS_datamaker_UTAH_2023/data/event_2417/RAW_20230719_073610.580.sgy,RAW_20230719_073610.580.sgy,RAW_20230719_073610.580,3.0,5.0,850,1255,1000.0,utah_2023_labels_2s.csv
422,utah_2023__RAW_20230719_073610.580,utah_2023,utah_2023,utah_2023,noise,0,/home/ted1204/MS_Detection_Datamaker/MS_datamaker_UTAH_2023/data/event_2417/RAW_20230719_073610.580.sgy,RAW_20230719_073610.580.sgy,RAW_20230719_073610.580,3.0,5.0,1300,1705,1000.0,utah_2023_labels_2s.csv
423,utah_2023__RAW_20230719_073610.580,utah_2023,utah_2023,utah_2023,noise,0,/home/ted1204/MS_Detection_Datamaker/MS_datamaker_UTAH_2023/data/event_2417/RAW_20230719_073610.580.sgy,RAW_20230719_073610.580.sgy,RAW_20230719_073610.580,3.0,5.0,1750,2155,1000.0,utah_2023_labels_2s.csv
424,utah_2023__RAW_20230719_073610.580,utah_2023,utah_2023,utah_2023,noise,0,/home/ted1204/MS_Detection_Datamaker/MS_datamaker_UTAH_2023/data/event_2417/RAW_20230719_073610.580.sgy,RAW_20230719_073610.580.sgy,RAW_20230719_073610.580,3.0,5.0,2200,2605,1000.0,utah_2023_labels_2s.csv
425,utah_2023__RAW_20230719_073610.580,utah_2023,utah_2023,utah_2023,noise,0,/home/ted1204/MS_Detection_Datamaker/MS_datamaker_UTAH_2023/data/event_2417/RAW_20230719_073610.580.sgy,RAW_20230719_073610.580.sgy,RAW_20230719_073610.580,3.0,5.0,2650,3055,1000.0,utah_2023_labels_2s.csv
426,utah_2023__RAW_20230719_073748.660,utah_2023,utah_2023,utah_2023,noise,0,/home/ted1204/MS_Detection_Datamaker/MS_datamaker_UTAH_2023/data/event_2417/RAW_20230719_073748.660.sgy,RAW_20230719_073748.660.sgy,RAW_20230719_073748.660,0.0,2.0,400,805,1000.0,utah_2023_labels_2s.csv
427,utah_2023__RAW_20230719_073748.660,utah_2023,utah_2023,utah_2023,noise,0,/home/ted1204/MS_Detection_Datamaker/MS_datamaker_UTAH_2023/data/event_2417/RAW_20230719_073748.660.sgy,RAW_20230719_073748.660.sgy,RAW_20230719_073748.660,0.0,2.0,850,1255,1000.0,utah_2023_labels_2s.csv
428,utah_2023__RAW_20230719_073748.660,utah_2023,utah_2023,utah_2023,noise,0,/home/ted1204/MS_Detection_Datamaker/MS_datamaker_UTAH_2023/data/event_2417/RAW_20230719_073748.660.sgy,RAW_20230719_073748.660.sgy,RAW_20230719_073748.660,0.0,2.0,1300,1705,1000.0,utah_2023_labels_2s.csv
429,utah_2023__RAW_20230719_073748.660,utah_2023,utah_2023,utah_2023,noise,0,/home/ted1204/MS_Detection_Datamaker/MS_datamaker_UTAH_2023/data/event_2417/RAW_20230719_073748.660.sgy,RAW_20230719_073748.660.sgy,RAW_20230719_073748.660,0.0,2.0,1750,2155,1000.0,utah_2023_labels_2s.csv
430,utah_2023__RAW_20230719_073748.660,utah_2023,utah_2023,utah_2023,noise,0,/home/ted1204/MS_Detection_Datamaker/MS_datamaker_UTAH_2023/data/event_2417/RAW_20230719_073748.660.sgy,RAW_20230719_073748.660.sgy,RAW_20230719_073748.660,0.0,2.0,2200,2605,1000.0,utah_2023_labels_2s.csv
431,utah_2023__RAW_20230719_073748.660,utah_2023,utah_2023,utah_2023,noise,0,/home/ted1204/MS_Detection_Datamaker/MS_datamaker_UTAH_2023/data/event_2417/RAW_20230719_073748.660.sgy,RAW_20230719_073748.660.sgy,RAW_20230719_073748.660,0.0,2.0,2650,3055,1000.0,utah_2023_labels_2s.csv
432,utah_2023__RAW_20230719_073748.660,utah_2023,utah_2023,utah_2023,noise,0,/home/ted1204/MS_Detection_Datamaker/MS_datamaker_UTAH_2023/data/event_2417/RAW_20230719_073748.660.sgy,RAW_20230719_073748.660.sgy,RAW_20230719_073748.660,3.0,5.0,400,805,1000.0,utah_2023_labels_2s.csv
433,utah_2023__RAW_20230719_073748.660,utah_2023,utah_2023,utah_2023,noise,0,/home/ted1204/MS_Detection_Datamaker/MS_datamaker_UTAH_2023/data/event_2417/RAW_20230719_073748.660.sgy,RAW_20230719_073748.660.sgy,RAW_20230719_073748.660,3.0,5.0,850,1255,1000.0,utah_2023_labels_2s.csv
434,utah_2023__RAW_20230719_073748.660,utah_2023,utah_2023,utah_2023,noise,0,/home/ted1204/MS_Detection_Datamaker/MS_datamaker_UTAH_2023/data/event_2417/RAW_20230719_073748.660.sgy,RAW_20230719_073748.660.sgy,RAW_20230719_073748.660,3.0,5.0,1300,1705,1000.0,utah_2023_labels_2s.csv
435,utah_2023__RAW_20230719_073748.660,utah_2023,utah_2023,utah_2023,noise,0,/home/ted1204/MS_Detection_Datamaker/MS_datamaker_UTAH_2023/data/event_2417/RAW_20230719_073748.660.sgy,RAW_20230719_073748.660.sgy,RAW_20230719_073748.660,3.0,5.0,1750,2155,1000.0,utah_2023_labels_2s.csv
436,utah_2023__RAW_20230719_073748.660,utah_2023,utah_2023,utah_2023,noise,0,/home/ted1204/MS_Detection_Datamaker/MS_datamaker_UTAH_2023/data/event_2417/RAW_20230719_073748.660.sgy,RAW_20230719_073748.660.sgy,RAW_20230719_073748.660,3.0,5.0,2200,2605,1000.0,utah_2023_labels_2s.csv
437,utah_2023__RAW_20230719_073748.660,utah_2023,utah_2023,utah_2023,noise,0,/home/ted1204/MS_Detection_Datamaker/MS_datamaker_UTAH_2023/data/event_2417/RAW_20230719_073748.660.sgy,RAW_20230719_073748.660.sgy,RAW_20230719_073748.660,3.0,5.0,2650,3055,1000.0,utah_2023_labels_2s.csv
438,utah_2023__RAW_20230719_074647.820,utah_2023,utah_2023,utah_2023,noise,0,/home/ted1204/MS_Detection_Datamaker/MS_datamaker_UTAH_2023/data/event_2417/RAW_20230719_074647.820.sgy,RAW_20230719_074647.820.sgy,RAW_20230719_074647.820,0.0,2.0,400,805,1000.0,utah_2023_labels_2s.csv
439,utah_2023__RAW_20230719_074647.820,utah_2023,utah_2023,utah_2023,noise,0,/home/ted1204/MS_Detection_Datamaker/MS_datamaker_UTAH_2023/data/event_2417/RAW_20230719_074647.820.sgy,RAW_20230719_074647.820.sgy,RAW_20230719_074647.820,0.0,2.0,850,1255,1000.0,utah_2023_labels_2s.csv
440,utah_2023__RAW_20230719_074647.820,utah_2023,utah_2023,utah_2023,noise,0,/home/ted1204/MS_Detection_Datamaker/MS_datamaker_UTAH_2023/data/event_2417/RAW_20230719_074647.820.sgy,RAW_20230719_074647.820.sgy,RAW_20230719_074647.820,0.0,2.0,1300,1705,1000.0,utah_2023_labels_2s.csv
441,utah_2023__RAW_20230719_074647.820,utah_2023,utah_2023,utah_2023,noise,0,/home/ted1204/MS_Detection_Datamaker/MS_datamaker_UTAH_2023/data/event_2417/RAW_20230719_074647.820.sgy,RAW_20230719_074647.820.sgy,RAW_20230719_074647.820,0.0,2.0,1750,2155,1000.0,utah_2023_labels_2s.csv
442,utah_2023__RAW_20230719_074647.820,utah_2023,utah_2023,utah_2023,noise,0,/home/ted1204/MS_Detection_Datamaker/MS_datamaker_UTAH_2023/data/event_2417/RAW_20230719_074647.820.sgy,RAW_20230719_074647.820.sgy,RAW_20230719_074647.820,0.0,2.0,2200,2605,1000.0,utah_2023_labels_2s.csv
443,utah_2023__RAW_20230719_074647.820,utah_2023,utah_2023,utah_2023,noise,0,/home/ted1204/MS_Detection_Datamaker/MS_datamaker_UTAH_2023/data/event_2417/RAW_20230719_074647.820.sgy,RAW_20230719_074647.820.sgy,RAW_20230719_074647.820,0.0,2.0,2650,3055,1000.0,utah_2023_labels_2s.csv
444,utah_2023__RAW_20230719_074647.820,utah_2023,utah_2023,utah_2023,noise,0,/home/ted1204/MS_Detection_Datamaker/MS_datamaker_UTAH_2023/data/event_2417/RAW_20230719_074647.820.sgy,RAW_20230719_074647.820.sgy,RAW_20230719_074647.820,3.0,5.0,400,805,1000.0,utah_2023_labels_2s.csv
445,utah_2023__RAW_20230719_074647.820,utah_2023,utah_2023,utah_2023,noise,0,/home/ted1204/MS_Detection_Datamaker/MS_datamaker_UTAH_2023/data/event_2417/RAW_20230719_074647.820.sgy,RAW_20230719_074647.820.sgy,RAW_20230719_074647.820,3.0,5.0,850,1255,1000.0,utah_2023_labels_2s.csv
446,utah_2023__RAW_20230719_074647.820,utah_2023,utah_2023,utah_2023,noise,0,/home/ted1204/MS_Detection_Datamaker/MS_datamaker_UTAH_2023/data/event_2417/RAW_20230719_074647.820.sgy,RAW_20230719_074647.820.sgy,RAW_20230719_074647.820,3.0,5.0,1300,1705,1000.0,utah_2023_labels_2s.csv
447,utah_2023__RAW_20230719_074647.820,utah_2023,utah_2023,utah_2023,noise,0,/home/ted1204/MS_Detection_Datamaker/MS_datamaker_UTAH_2023/data/event_2417/RAW_20230719_074647.820.sgy,RAW_20230719_074647.820.sgy,RAW_20230719_074647.820,3.0,5.0,1750,2155,1000.0,utah_2023_labels_2s.csv
448,utah_2023__RAW_20230719_074647.820,utah_2023,utah_2023,utah_2023,noise,0,/home/ted1204/MS_Detection_Datamaker/MS_datamaker_UTAH_2023/data/event_2417/RAW_20230719_074647.820.sgy,RAW_20230719_074647.820.sgy,RAW_20230719_074647.820,3.0,5.0,2200,2605,1000.0,utah_2023_labels_2s.csv
449,utah_2023__RAW_20230719_074647.820,utah_2023,utah_2023,utah_2023,noise,0,/home/ted1204/MS_Detection_Datamaker/MS_datamaker_UTAH_2023/data/event_2417/RAW_20230719_074647.820.sgy,RAW_20230719_074647.820.sgy,RAW_20230719_074647.820,3.0,5.0,2650,3055,1000.0,utah_2023_labels_2s.csv
450,utah_2023__RAW_20230719_074724.340,utah_2023,utah_2023,utah_2023,noise,0,/home/ted1204/MS_Detection_Datamaker/MS_datamaker_UTAH_2023/data/event_2417/RAW_20230719_074724.340.sgy,RAW_20230719_074724.340.sgy,RAW_20230719_074724.340,0.0,2.0,400,805,1000.0,utah_2023_labels_2s.csv
451,utah_2023__RAW_20230719_074724.340,utah_2023,utah_2023,utah_2023,noise,0,/home/ted1204/MS_Detection_Datamaker/MS_datamaker_UTAH_2023/data/event_2417/RAW_20230719_074724.340.sgy,RAW_20230719_074724.340.sgy,RAW_20230719_074724.340,0.0,2.0,850,1255,1000.0,utah_2023_labels_2s.csv
452,utah_2023__RAW_20230719_074724.340,utah_2023,utah_2023,utah_2023,noise,0,/home/ted1204/MS_Detection_Datamaker/MS_datamaker_UTAH_2023/data/event_2417/RAW_20230719_074724.340.sgy,RAW_20230719_074724.340.sgy,RAW_20230719_074724.340,0.0,2.0,1300,1705,1000.0,utah_2023_labels_2s.csv
453,utah_2023__RAW_20230719_074724.340,utah_2023,utah_2023,utah_2023,noise,0,/home/ted1204/MS_Detection_Datamaker/MS_datamaker_UTAH_2023/data/event_2417/RAW_20230719_074724.340.sgy,RAW_20230719_074724.340.sgy,RAW_20230719_074724.340,0.0,2.0,1750,2155,1000.0,utah_2023_labels_2s.csv
454,utah_2023__RAW_20230719_074724.340,utah_2023,utah_2023,utah_2023,noise,0,/home/ted1204/MS_Detection_Datamaker/MS_datamaker_UTAH_2023/data/event_2417/RAW_20230719_074724.340.sgy,RAW_20230719_074724.340.sgy,RAW_20230719_074724.340,0.0,2.0,2200,2605,1000.0,utah_2023_labels_2s.csv
455,utah_2023__RAW_20230719_074724.340,utah_2023,utah_2023,utah_2023,noise,0,/home/ted1204/MS_Detection_Datamaker/MS_datamaker_UTAH_2023/data/event_2417/RAW_20230719_074724.340.sgy,RAW_20230719_074724.340.sgy,RAW_20230719_074724.340,0.0,2.0,2650,3055,1000.0,utah_2023_labels_2s.csv
456,utah_2023__RAW_20230719_074724.340,utah_2023,utah_2023,utah_2023,noise,0,/home/ted1204/MS_Detection_Datamaker/MS_datamaker_UTAH_2023/data/event_2417/RAW_20230719_074724.340.sgy,RAW_20230719_074724.340.sgy,RAW_20230719_074724.340,3.0,5.0,400,805,1000.0,utah_2023_labels_2s.csv
457,utah_2023__RAW_20230719_074724.340,utah_2023,utah_2023,utah_2023,noise,0,/home/ted1204/MS_Detection_Datamaker/MS_datamaker_UTAH_2023/data/event_2417/RAW_20230719_074724.340.sgy,RAW_20230719_074724.340.sgy,RAW_20230719_074724.340,3.0,5.0,850,1255,1000.0,utah_2023_labels_2s.csv
458,utah_2023__RAW_20230719_074724.340,utah_2023,utah_2023,utah_2023,noise,0,/home/ted1204/MS_Detection_Datamaker/MS_datamaker_UTAH_2023/data/event_2417/RAW_20230719_074724.340.sgy,RAW_20230719_074724.340.sgy,RAW_20230719_074724.340,3.0,5.0,1300,1705,1000.0,utah_2023_labels_2s.csv
459,utah_2023__RAW_20230719_074724.340,utah_2023,utah_2023,utah_2023,noise,0,/home/ted1204/MS_Detection_Datamaker/MS_datamaker_UTAH_2023/data/event_2417/RAW_20230719_074724.340.sgy,RAW_20230719_074724.340.sgy,RAW_20230719_074724.340,3.0,5.0,1750,2155,1000.0,utah_2023_labels_2s.csv
460,utah_2023__RAW_20230719_074724.340,utah_2023,utah_2023,utah_2023,noise,0,/home/ted1204/MS_Detection_Datamaker/MS_datamaker_UTAH_2023/data/event_2417/RAW_20230719_074724.340.sgy,RAW_20230719_074724.340.sgy,RAW_20230719_074724.340,3.0,5.0,2200,2605,1000.0,utah_2023_labels_2s.csv
461,utah_2023__RAW_20230719_074724.340,utah_2023,utah_2023,utah_2023,noise,0,/home/ted1204/MS_Detection_Datamaker/MS_datamaker_UTAH_2023/data/event_2417/RAW_20230719_074724.340.sgy,RAW_20230719_074724.340.sgy,RAW_20230719_074724.340,3.0,5.0,2650,3055,1000.0,utah_2023_labels_2s.csv
462,utah_2023__RAW_20230719_074924.900,utah_2023,utah_2023,utah_2023,noise,0,/home/ted1204/MS_Detection_Datamaker/MS_datamaker_UTAH_2023/data/event_2417/RAW_20230719_074924.900.sgy,RAW_20230719_074924.900.sgy,RAW_20230719_074924.900,0.0,2.0,400,805,1000.0,utah_2023_labels_2s.csv
463,utah_2023__RAW_20230719_074924.900,utah_2023,utah_2023,utah_2023,noise,0,/home/ted1204/MS_Detection_Datamaker/MS_datamaker_UTAH_2023/data/event_2417/RAW_20230719_074924.900.sgy,RAW_20230719_074924.900.sgy,RAW_20230719_074924.900,0.0,2.0,850,1255,1000.0,utah_2023_labels_2s.csv
464,utah_2023__RAW_20230719_074924.900,utah_2023,utah_2023,utah_2023,noise,0,/home/ted1204/MS_Detection_Datamaker/MS_datamaker_UTAH_2023/data/event_2417/RAW_20230719_074924.900.sgy,RAW_20230719_074924.900.sgy,RAW_20230719_074924.900,0.0,2.0,1300,1705,1000.0,utah_2023_labels_2s.csv
465,utah_2023__RAW_20230719_074924.900,utah_2023,utah_2023,utah_2023,noise,0,/home/ted1204/MS_Detection_Datamaker/MS_datamaker_UTAH_2023/data/event_2417/RAW_20230719_074924.900.sgy,RAW_20230719_074924.900.sgy,RAW_20230719_074924.900,0.0,2.0,1750,2155,1000.0,utah_2023_labels_2s.csv
466,utah_2023__RAW_20230719_074924.900,utah_2023,utah_2023,utah_2023,noise,0,/home/ted1204/MS_Detection_Datamaker/MS_datamaker_UTAH_2023/data/event_2417/RAW_20230719_074924.900.sgy,RAW_20230719_074924.900.sgy,RAW_20230719_074924.900,0.0,2.0,2200,2605,1000.0,utah_2023_labels_2s.csv
467,utah_2023__RAW_20230719_074924.900,utah_2023,utah_2023,utah_2023,noise,0,/home/ted1204/MS_Detection_Datamaker/MS_datamaker_UTAH_2023/data/event_2417/RAW_20230719_074924.900.sgy,RAW_20230719_074924.900.sgy,RAW_20230719_074924.900,0.0,2.0,2650,3055,1000.0,utah_2023_labels_2s.csv
468,utah_2023__RAW_20230719_074924.900,utah_2023,utah_2023,utah_2023,noise,0,/home/ted1204/MS_Detection_Datamaker/MS_datamaker_UTAH_2023/data/event_2417/RAW_20230719_074924.900.sgy,RAW_20230719_074924.900.sgy,RAW_20230719_074924.900,3.0,5.0,400,805,1000.0,utah_2023_labels_2s.csv
469,utah_2023__RAW_20230719_074924.900,utah_2023,utah_2023,utah_2023,noise,0,/home/ted1204/MS_Detection_Datamaker/MS_datamaker_UTAH_2023/data/event_2417/RAW_20230719_074924.900.sgy,RAW_20230719_074924.900.sgy,RAW_20230719_074924.900,3.0,5.0,850,1255,1000.0,utah_2023_labels_2s.csv
470,utah_2023__RAW_20230719_074924.900,utah_2023,utah_2023,utah_2023,noise,0,/home/ted1204/MS_Detection_Datamaker/MS_datamaker_UTAH_2023/data/event_2417/RAW_20230719_074924.900.sgy,RAW_20230719_074924.900.sgy,RAW_20230719_074924.900,3.0,5.0,1300,1705,1000.0,utah_2023_labels_2s.csv
471,utah_2023__RAW_20230719_074924.900,utah_2023,utah_2023,utah_2023,noise,0,/home/ted1204/MS_Detection_Datamaker/MS_datamaker_UTAH_2023/data/event_2417/RAW_20230719_074924.900.sgy,RAW_20230719_074924.900.sgy,RAW_20230719_074924.900,3.0,5.0,1750,2155,1000.0,utah_2023_labels_2s.csv
472,utah_2023__RAW_20230719_074924.900,utah_2023,utah_2023,utah_2023,noise,0,/home/ted1204/MS_Detection_Datamaker/MS_datamaker_UTAH_2023/data/event_2417/RAW_20230719_074924.900.sgy,RAW_20230719_074924.900.sgy,RAW_20230719_074924.900,3.0,5.0,2200,2605,1000.0,utah_2023_labels_2s.csv
473,utah_2023__RAW_20230719_074924.900,utah_2023,utah_2023,utah_2023,noise,0,/home/ted1204/MS_Detection_Datamaker/MS_datamaker_UTAH_2023/data/event_2417/RAW_20230719_074924.900.sgy,RAW_20230719_074924.900.sgy,RAW_20230719_074924.900,3.0,5.0,2650,3055,1000.0,utah_2023_labels_2s.csv
474,utah_2023__RAW_20230719_075003.440,utah_2023,utah_2023,utah_2023,noise,0,/home/ted1204/MS_Detection_Datamaker/MS_datamaker_UTAH_2023/data/event_2417/RAW_20230719_075003.440.sgy,RAW_20230719_075003.440.sgy,RAW_20230719_075003.440,0.0,2.0,400,805,1000.0,utah_2023_labels_2s.csv
475,utah_2023__RAW_20230719_075003.440,utah_2023,utah_2023,utah_2023,noise,0,/home/ted1204/MS_Detection_Datamaker/MS_datamaker_UTAH_2023/data/event_2417/RAW_20230719_075003.440.sgy,RAW_20230719_075003.440.sgy,RAW_20230719_075003.440,0.0,2.0,850,1255,1000.0,utah_2023_labels_2s.csv
476,utah_2023__RAW_20230719_075003.440,utah_2023,utah_2023,utah_2023,noise,0,/home/ted1204/MS_Detection_Datamaker/MS_datamaker_UTAH_2023/data/event_2417/RAW_20230719_075003.440.sgy,RAW_20230719_075003.440.sgy,RAW_20230719_075003.440,0.0,2.0,1300,1705,1000.0,utah_2023_labels_2s.csv
477,utah_2023__RAW_20230719_075003.440,utah_2023,utah_2023,utah_2023,noise,0,/home/ted1204/MS_Detection_Datamaker/MS_datamaker_UTAH_2023/data/event_2417/RAW_20230719_075003.440.sgy,RAW_20230719_075003.440.sgy,RAW_20230719_075003.440,0.0,2.0,1750,2155,1000.0,utah_2023_labels_2s.csv
478,utah_2023__RAW_20230719_075003.440,utah_2023,utah_2023,utah_2023,noise,0,/home/ted1204/MS_Detection_Datamaker/MS_datamaker_UTAH_2023/data/event_2417/RAW_20230719_075003.440.sgy,RAW_20230719_075003.440.sgy,RAW_20230719_075003.440,0.0,2.0,2200,2605,1000.0,utah_2023_labels_2s.csv
479,utah_2023__RAW_20230719_075003.440,utah_2023,utah_2023,utah_2023,noise,0,/home/ted1204/MS_Detection_Datamaker/MS_datamaker_UTAH_2023/data/event_2417/RAW_20230719_075003.440.sgy,RAW_20230719_075003.440.sgy,RAW_20230719_075003.440,0.0,2.0,2650,3055,1000.0,utah_2023_labels_2s.csv
480,utah_2023__RAW_20230719_075010.100,utah_2023,utah_2023,utah_2023,noise,0,/home/ted1204/MS_Detection_Datamaker/MS_datamaker_UTAH_2023/data/event_2417/RAW_20230719_075010.100.sgy,RAW_20230719_075010.100.sgy,RAW_20230719_075010.100,0.0,2.0,400,805,1000.0,utah_2023_labels_2s.csv
481,utah_2023__RAW_20230719_075010.100,utah_2023,utah_2023,utah_2023,noise,0,/home/ted1204/MS_Detection_Datamaker/MS_datamaker_UTAH_2023/data/event_2417/RAW_20230719_075010.100.sgy,RAW_20230719_075010.100.sgy,RAW_20230719_075010.100,0.0,2.0,850,1255,1000.0,utah_2023_labels_2s.csv
482,utah_2023__RAW_20230719_075010.100,utah_2023,utah_2023,utah_2023,noise,0,/home/ted1204/MS_Detection_Datamaker/MS_datamaker_UTAH_2023/data/event_2417/RAW_20230719_075010.100.sgy,RAW_20230719_075010.100.sgy,RAW_20230719_075010.100,0.0,2.0,1300,1705,1000.0,utah_2023_labels_2s.csv
483,utah_2023__RAW_20230719_075010.100,utah_2023,utah_2023,utah_2023,noise,0,/home/ted1204/MS_Detection_Datamaker/MS_datamaker_UTAH_2023/data/event_2417/RAW_20230719_075010.100.sgy,RAW_20230719_075010.100.sgy,RAW_20230719_075010.100,0.0,2.0,1750,2155,1000.0,utah_2023_labels_2s.csv
484,utah_2023__RAW_20230719_075010.100,utah_2023,utah_2023,utah_2023,noise,0,/home/ted1204/MS_Detection_Datamaker/MS_datamaker_UTAH_2023/data/event_2417/RAW_20230719_075010.100.sgy,RAW_20230719_075010.100.sgy,RAW_20230719_075010.100,0.0,2.0,2200,2605,1000.0,utah_2023_labels_2s.csv
485,utah_2023__RAW_20230719_075010.100,utah_2023,utah_2023,utah_2023,noise,0,/home/ted1204/MS_Detection_Datamaker/MS_datamaker_UTAH_2023/data/event_2417/RAW_20230719_075010.100.sgy,RAW_20230719_075010.100.sgy,RAW_20230719_075010.100,0.0,2.0,2650,3055,1000.0,utah_2023_labels_2s.csv
486,utah_2023__RAW_20230719_075130.920,utah_2023,utah_2023,utah_2023,noise,0,/home/ted1204/MS_Detection_Datamaker/MS_datamaker_UTAH_2023/data/event_2417/RAW_20230719_075130.920.sgy,RAW_20230719_075130.920.sgy,RAW_20230719_075130.920,0.0,2.0,400,805,1000.0,utah_2023_labels_2s.csv
487,utah_2023__RAW_20230719_075130.920,utah_2023,utah_2023,utah_2023,noise,0,/home/ted1204/MS_Detection_Datamaker/MS_datamaker_UTAH_2023/data/event_2417/RAW_20230719_075130.920.sgy,RAW_20230719_075130.920.sgy,RAW_20230719_075130.920,0.0,2.0,850,1255,1000.0,utah_2023_labels_2s.csv
488,utah_2023__RAW_20230719_075130.920,utah_2023,utah_2023,utah_2023,noise,0,/home/ted1204/MS_Detection_Datamaker/MS_datamaker_UTAH_2023/data/event_2417/RAW_20230719_075130.920.sgy,RAW_20230719_075130.920.sgy,RAW_20230719_075130.920,0.0,2.0,1300,1705,1000.0,utah_2023_labels_2s.csv
489,utah_2023__RAW_20230719_075130.920,utah_2023,utah_2023,utah_2023,noise,0,/home/ted1204/MS_Detection_Datamaker/MS_datamaker_UTAH_2023/data/event_2417/RAW_20230719_075130.920.sgy,RAW_20230719_075130.920.sgy,RAW_20230719_075130.920,0.0,2.0,1750,2155,1000.0,utah_2023_labels_2s.csv
490,utah_2023__RAW_20230719_075130.920,utah_2023,utah_2023,utah_2023,noise,0,/home/ted1204/MS_Detection_Datamaker/MS_datamaker_UTAH_2023/data/event_2417/RAW_20230719_075130.920.sgy,RAW_20230719_075130.920.sgy,RAW_20230719_075130.920,0.0,2.0,2200,2605,1000.0,utah_2023_labels_2s.csv
491,utah_2023__RAW_20230719_075130.920,utah_2023,utah_2023,utah_2023,noise,0,/home/ted1204/MS_Detection_Datamaker/MS_datamaker_UTAH_2023/data/event_2417/RAW_20230719_075130.920.sgy,RAW_20230719_075130.920.sgy,RAW_20230719_075130.920,0.0,2.0,2650,3055,1000.0,utah_2023_labels_2s.csv
492,utah_2023__RAW_20230719_080627.020,utah_2023,utah_2023,utah_2023,noise,0,/home/ted1204/MS_Detection_Datamaker/MS_datamaker_UTAH_2023/data/event_2417/RAW_20230719_080627.020.sgy,RAW_20230719_080627.020.sgy,RAW_20230719_080627.020,0.0,2.0,400,805,1000.0,utah_2023_labels_2s.csv
493,utah_2023__RAW_20230719_080627.020,utah_2023,utah_2023,utah_2023,noise,0,/home/ted1204/MS_Detection_Datamaker/MS_datamaker_UTAH_2023/data/event_2417/RAW_20230719_080627.020.sgy,RAW_20230719_080627.020.sgy,RAW_20230719_080627.020,0.0,2.0,850,1255,1000.0,utah_2023_labels_2s.csv
494,utah_2023__RAW_20230719_080627.020,utah_2023,utah_2023,utah_2023,noise,0,/home/ted1204/MS_Detection_Datamaker/MS_datamaker_UTAH_2023/data/event_2417/RAW_20230719_080627.020.sgy,RAW_20230719_080627.020.sgy,RAW_20230719_080627.020,0.0,2.0,1300,1705,1000.0,utah_2023_labels_2s.csv
495,utah_2023__RAW_20230719_080627.020,utah_2023,utah_2023,utah_2023,noise,0,/home/ted1204/MS_Detection_Datamaker/MS_datamaker_UTAH_2023/data/event_2417/RAW_20230719_080627.020.sgy,RAW_20230719_080627.020.sgy,RAW_20230719_080627.020,0.0,2.0,1750,2155,1000.0,utah_2023_labels_2s.csv
496,utah_2023__RAW_20230719_080627.020,utah_2023,utah_2023,utah_2023,noise,0,/home/ted1204/MS_Detection_Datamaker/MS_datamaker_UTAH_2023/data/event_2417/RAW_20230719_080627.020.sgy,RAW_20230719_080627.020.sgy,RAW_20230719_080627.020,0.0,2.0,2200,2605,1000.0,utah_2023_labels_2s.csv
497,utah_2023__RAW_20230719_080627.020,utah_2023,utah_2023,utah_2023,noise,0,/home/ted1204/MS_Detection_Datamaker/MS_datamaker_UTAH_2023/data/event_2417/RAW_20230719_080627.020.sgy,RAW_20230719_080627.020.sgy,RAW_20230719_080627.020,0.0,2.0,2650,3055,1000.0,utah_2023_labels_2s.csv
498,utah_2023__RAW_20230719_080821.520,utah_2023,utah_2023,utah_2023,noise,0,/home/ted1204/MS_Detection_Datamaker/MS_datamaker_UTAH_2023/data/event_2417/RAW_20230719_080821.520.sgy,RAW_20230719_080821.520.sgy,RAW_20230719_080821.520,0.0,2.0,400,805,1000.0,utah_2023_labels_2s.csv
499,utah_2023__RAW_20230719_080821.520,utah_2023,utah_2023,utah_2023,noise,0,/home/ted1204/MS_Detection_Datamaker/MS_datamaker_UTAH_2023/data/event_2417/RAW_20230719_080821.520.sgy,RAW_20230719_080821.520.sgy,RAW_20230719_080821.520,0.0,2.0,850,1255,1000.0,utah_2023_labels_2s.csv
500,utah_2023__RAW_20230719_080821.520,utah_2023,utah_2023,utah_2023,noise,0,/home/ted1204/MS_Detection_Datamaker/MS_datamaker_UTAH_2023/data/event_2417/RAW_20230719_080821.520.sgy,RAW_20230719_080821.520.sgy,RAW_20230719_080821.520,0.0,2.0,1300,1705,1000.0,utah_2023_labels_2s.csv
501,utah_2023__RAW_20230719_080821.520,utah_2023,utah_2023,utah_2023,noise,0,/home/ted1204/MS_Detection_Datamaker/MS_datamaker_UTAH_2023/data/event_2417/RAW_20230719_080821.520.sgy,RAW_20230719_080821.520.sgy,RAW_20230719_080821.520,0.0,2.0,1750,2155,1000.0,utah_2023_labels_2s.csv
502,utah_2023__RAW_20230719_080821.520,utah_2023,utah_2023,utah_2023,noise,0,/home/ted1204/MS_Detection_Datamaker/MS_datamaker_UTAH_2023/data/event_2417/RAW_20230719_080821.520.sgy,RAW_20230719_080821.520.sgy,RAW_20230719_080821.520,0.0,2.0,2200,2605,1000.0,utah_2023_labels_2s.csv
503,utah_2023__RAW_20230719_080821.520,utah_2023,utah_2023,utah_2023,noise,0,/home/ted1204/MS_Detection_Datamaker/MS_datamaker_UTAH_2023/data/event_2417/RAW_20230719_080821.520.sgy,RAW_20230719_080821.520.sgy,RAW_20230719_080821.520,0.0,2.0,2650,3055,1000.0,utah_2023_labels_2s.csv
504,utah_2023__RAW_20230719_080827.020,utah_2023,utah_2023,utah_2023,noise,0,/home/ted1204/MS_Detection_Datamaker/MS_datamaker_UTAH_2023/data/event_2417/RAW_20230719_080827.020.sgy,RAW_20230719_080827.020.sgy,RAW_20230719_080827.020,0.0,2.0,400,805,1000.0,utah_2023_labels_2s.csv
505,utah_2023__RAW_20230719_080827.020,utah_2023,utah_2023,utah_2023,noise,0,/home/ted1204/MS_Detection_Datamaker/MS_datamaker_UTAH_2023/data/event_2417/RAW_20230719_080827.020.sgy,RAW_20230719_080827.020.sgy,RAW_20230719_080827.020,0.0,2.0,850,1255,1000.0,utah_2023_labels_2s.csv
506,utah_2023__RAW_20230719_080827.020,utah_2023,utah_2023,utah_2023,noise,0,/home/ted1204/MS_Detection_Datamaker/MS_datamaker_UTAH_2023/data/event_2417/RAW_20230719_080827.020.sgy,RAW_20230719_080827.020.sgy,RAW_20230719_080827.020,0.0,2.0,1300,1705,1000.0,utah_2023_labels_2s.csv
507,utah_2023__RAW_20230719_080827.020,utah_2023,utah_2023,utah_2023,noise,0,/home/ted1204/MS_Detection_Datamaker/MS_datamaker_UTAH_2023/data/event_2417/RAW_20230719_080827.020.sgy,RAW_20230719_080827.020.sgy,RAW_20230719_080827.020,0.0,2.0,1750,2155,1000.0,utah_2023_labels_2s.csv
508,utah_2023__RAW_20230719_080827.020,utah_2023,utah_2023,utah_2023,noise,0,/home/ted1204/MS_Detection_Datamaker/MS_datamaker_UTAH_2023/data/event_2417/RAW_20230719_080827.020.sgy,RAW_20230719_080827.020.sgy,RAW_20230719_080827.020,0.0,2.0,2200,2605,1000.0,utah_2023_labels_2s.csv
509,utah_2023__RAW_20230719_080827.020,utah_2023,utah_2023,utah_2023,noise,0,/home/ted1204/MS_Detection_Datamaker/MS_datamaker_UTAH_2023/data/event_2417/RAW_20230719_080827.020.sgy,RAW_20230719_080827.020.sgy,RAW_20230719_080827.020,0.0,2.0,2650,3055,1000.0,utah_2023_labels_2s.csv
510,utah_2023__RAW_20230719_080827.020,utah_2023,utah_2023,utah_2023,noise,0,/home/ted1204/MS_Detection_Datamaker/MS_datamaker_UTAH_2023/data/event_2417/RAW_20230719_080827.020.sgy,RAW_20230719_080827.020.sgy,RAW_20230719_080827.020,3.0,5.0,400,805,1000.0,utah_2023_labels_2s.csv
511,utah_2023__RAW_20230719_080827.020,utah_2023,utah_2023,utah_2023,noise,0,/home/ted1204/MS_Detection_Datamaker/MS_datamaker_UTAH_2023/data/event_2417/RAW_20230719_080827.020.sgy,RAW_20230719_080827.020.sgy,RAW_20230719_080827.020,3.0,5.0,850,1255,1000.0,utah_2023_labels_2s.csv
512,utah_2023__RAW_20230719_080827.020,utah_2023,utah_2023,utah_2023,noise,0,/home/ted1204/MS_Detection_Datamaker/MS_datamaker_UTAH_2023/data/event_2417/RAW_20230719_080827.020.sgy,RAW_20230719_080827.020.sgy,RAW_20230719_080827.020,3.0,5.0,1300,1705,1000.0,utah_2023_labels_2s.csv
513,utah_2023__RAW_20230719_080827.020,utah_2023,utah_2023,utah_2023,noise,0,/home/ted1204/MS_Detection_Datamaker/MS_datamaker_UTAH_2023/data/event_2417/RAW_20230719_080827.020.sgy,RAW_20230719_080827.020.sgy,RAW_20230719_080827.020,3.0,5.0,1750,2155,1000.0,utah_2023_labels_2s.csv
514,utah_2023__RAW_20230719_080827.020,utah_2023,utah_2023,utah_2023,noise,0,/home/ted1204/MS_Detection_Datamaker/MS_datamaker_UTAH_2023/data/event_2417/RAW_20230719_080827.020.sgy,RAW_20230719_080827.020.sgy,RAW_20230719_080827.020,3.0,5.0,2200,2605,1000.0,utah_2023_labels_2s.csv
515,utah_2023__RAW_20230719_080827.020,utah_2023,utah_2023,utah_2023,noise,0,/home/ted1204/MS_Detection_Datamaker/MS_datamaker_UTAH_2023/data/event_2417/RAW_20230719_080827.020.sgy,RAW_20230719_080827.020.sgy,RAW_20230719_080827.020,3.0,5.0,2650,3055,1000.0,utah_2023_labels_2s.csv
516,utah_2023__RAW_20230719_081128.000,utah_2023,utah_2023,utah_2023,noise,0,/home/ted1204/MS_Detection_Datamaker/MS_datamaker_UTAH_2023/data/event_2417/RAW_20230719_081128.000.sgy,RAW_20230719_081128.000.sgy,RAW_20230719_081128.000,0.0,2.0,400,805,1000.0,utah_2023_labels_2s.csv
517,utah_2023__RAW_20230719_081128.000,utah_2023,utah_2023,utah_2023,noise,0,/home/ted1204/MS_Detection_Datamaker/MS_datamaker_UTAH_2023/data/event_2417/RAW_20230719_081128.000.sgy,RAW_20230719_081128.000.sgy,RAW_20230719_081128.000,0.0,2.0,850,1255,1000.0,utah_2023_labels_2s.csv
518,utah_2023__RAW_20230719_081128.000,utah_2023,utah_2023,utah_2023,noise,0,/home/ted1204/MS_Detection_Datamaker/MS_datamaker_UTAH_2023/data/event_2417/RAW_20230719_081128.000.sgy,RAW_20230719_081128.000.sgy,RAW_20230719_081128.000,0.0,2.0,1300,1705,1000.0,utah_2023_labels_2s.csv
519,utah_2023__RAW_20230719_081128.000,utah_2023,utah_2023,utah_2023,noise,0,/home/ted1204/MS_Detection_Datamaker/MS_datamaker_UTAH_2023/data/event_2417/RAW_20230719_081128.000.sgy,RAW_20230719_081128.000.sgy,RAW_20230719_081128.000,0.0,2.0,1750,2155,1000.0,utah_2023_labels_2s.csv
520,utah_2023__RAW_20230719_081128.000,utah_2023,utah_2023,utah_2023,noise,0,/home/ted1204/MS_Detection_Datamaker/MS_datamaker_UTAH_2023/data/event_2417/RAW_20230719_081128.000.sgy,RAW_20230719_081128.000.sgy,RAW_20230719_081128.000,0.0,2.0,2200,2605,1000.0,utah_2023_labels_2s.csv
521,utah_2023__RAW_20230719_081128.000,utah_2023,utah_2023,utah_2023,noise,0,/home/ted1204/MS_Detection_Datamaker/MS_datamaker_UTAH_2023/data/event_2417/RAW_20230719_081128.000.sgy,RAW_20230719_081128.000.sgy,RAW_20230719_081128.000,0.0,2.0,2650,3055,1000.0,utah_2023_labels_2s.csv
522,utah_2023__RAW_20230719_081128.000,utah_2023,utah_2023,utah_2023,noise,0,/home/ted1204/MS_Detection_Datamaker/MS_datamaker_UTAH_2023/data/event_2417/RAW_20230719_081128.000.sgy,RAW_20230719_081128.000.sgy,RAW_20230719_081128.000,3.0,5.0,400,805,1000.0,utah_2023_labels_2s.csv
523,utah_2023__RAW_20230719_081128.000,utah_2023,utah_2023,utah_2023,noise,0,/home/ted1204/MS_Detection_Datamaker/MS_datamaker_UTAH_2023/data/event_2417/RAW_20230719_081128.000.sgy,RAW_20230719_081128.000.sgy,RAW_20230719_081128.000,3.0,5.0,850,1255,1000.0,utah_2023_labels_2s.csv
524,utah_2023__RAW_20230719_081128.000,utah_2023,utah_2023,utah_2023,noise,0,/home/ted1204/MS_Detection_Datamaker/MS_datamaker_UTAH_2023/data/event_2417/RAW_20230719_081128.000.sgy,RAW_20230719_081128.000.sgy,RAW_20230719_081128.000,3.0,5.0,1300,1705,1000.0,utah_2023_labels_2s.csv
525,utah_2023__RAW_20230719_081128.000,utah_2023,utah_2023,utah_2023,noise,0,/home/ted1204/MS_Detection_Datamaker/MS_datamaker_UTAH_2023/data/event_2417/RAW_20230719_081128.000.sgy,RAW_20230719_081128.000.sgy,RAW_20230719_081128.000,3.0,5.0,1750,2155,1000.0,utah_2023_labels_2s.csv
526,utah_2023__RAW_20230719_081128.000,utah_2023,utah_2023,utah_2023,noise,0,/home/ted1204/MS_Detection_Datamaker/MS_datamaker_UTAH_2023/data/event_2417/RAW_20230719_081128.000.sgy,RAW_20230719_081128.000.sgy,RAW_20230719_081128.000,3.0,5.0,2200,2605,1000.0,utah_2023_labels_2s.csv
527,utah_2023__RAW_20230719_081128.000,utah_2023,utah_2023,utah_2023,noise,0,/home/ted1204/MS_Detection_Datamaker/MS_datamaker_UTAH_2023/data/event_2417/RAW_20230719_081128.000.sgy,RAW_20230719_081128.000.sgy,RAW_20230719_081128.000,3.0,5.0,2650,3055,1000.0,utah_2023_labels_2s.csv
528,utah_2023__RAW_20230719_081400.440,utah_2023,utah_2023,utah_2023,noise,0,/home/ted1204/MS_Detection_Datamaker/MS_datamaker_UTAH_2023/data/event_2417/RAW_20230719_081400.440.sgy,RAW_20230719_081400.440.sgy,RAW_20230719_081400.440,0.0,2.0,400,805,1000.0,utah_2023_labels_2s.csv
529,utah_2023__RAW_20230719_081400.440,utah_2023,utah_2023,utah_2023,noise,0,/home/ted1204/MS_Detection_Datamaker/MS_datamaker_UTAH_2023/data/event_2417/RAW_20230719_081400.440.sgy,RAW_20230719_081400.440.sgy,RAW_20230719_081400.440,0.0,2.0,850,1255,1000.0,utah_2023_labels_2s.csv
530,utah_2023__RAW_20230719_081400.440,utah_2023,utah_2023,utah_2023,noise,0,/home/ted1204/MS_Detection_Datamaker/MS_datamaker_UTAH_2023/data/event_2417/RAW_20230719_081400.440.sgy,RAW_20230719_081400.440.sgy,RAW_20230719_081400.440,0.0,2.0,1300,1705,1000.0,utah_2023_labels_2s.csv
531,utah_2023__RAW_20230719_081400.440,utah_2023,utah_2023,utah_2023,noise,0,/home/ted1204/MS_Detection_Datamaker/MS_datamaker_UTAH_2023/data/event_2417/RAW_20230719_081400.440.sgy,RAW_20230719_081400.440.sgy,RAW_20230719_081400.440,0.0,2.0,1750,2155,1000.0,utah_2023_labels_2s.csv
532,utah_2023__RAW_20230719_081400.440,utah_2023,utah_2023,utah_2023,noise,0,/home/ted1204/MS_Detection_Datamaker/MS_datamaker_UTAH_2023/data/event_2417/RAW_20230719_081400.440.sgy,RAW_20230719_081400.440.sgy,RAW_20230719_081400.440,0.0,2.0,2200,2605,1000.0,utah_2023_labels_2s.csv
533,utah_2023__RAW_20230719_081400.440,utah_2023,utah_2023,utah_2023,noise,0,/home/ted1204/MS_Detection_Datamaker/MS_datamaker_UTAH_2023/data/event_2417/RAW_20230719_081400.440.sgy,RAW_20230719_081400.440.sgy,RAW_20230719_081400.440,0.0,2.0,2650,3055,1000.0,utah_2023_labels_2s.csv
534,utah_2023__RAW_20230719_082102.600,utah_2023,utah_2023,utah_2023,noise,0,/home/ted1204/MS_Detection_Datamaker/MS_datamaker_UTAH_2023/data/event_2417/RAW_20230719_082102.600.sgy,RAW_20230719_082102.600.sgy,RAW_20230719_082102.600,0.0,2.0,400,805,1000.0,utah_2023_labels_2s.csv
535,utah_2023__RAW_20230719_082102.600,utah_2023,utah_2023,utah_2023,noise,0,/home/ted1204/MS_Detection_Datamaker/MS_datamaker_UTAH_2023/data/event_2417/RAW_20230719_082102.600.sgy,RAW_20230719_082102.600.sgy,RAW_20230719_082102.600,0.0,2.0,850,1255,1000.0,utah_2023_labels_2s.csv
536,utah_2023__RAW_20230719_082102.600,utah_2023,utah_2023,utah_2023,noise,0,/home/ted1204/MS_Detection_Datamaker/MS_datamaker_UTAH_2023/data/event_2417/RAW_20230719_082102.600.sgy,RAW_20230719_082102.600.sgy,RAW_20230719_082102.600,0.0,2.0,1300,1705,1000.0,utah_2023_labels_2s.csv
537,utah_2023__RAW_20230719_082102.600,utah_2023,utah_2023,utah_2023,noise,0,/home/ted1204/MS_Detection_Datamaker/MS_datamaker_UTAH_2023/data/event_2417/RAW_20230719_082102.600.sgy,RAW_20230719_082102.600.sgy,RAW_20230719_082102.600,0.0,2.0,1750,2155,1000.0,utah_2023_labels_2s.csv
538,utah_2023__RAW_20230719_082102.600,utah_2023,utah_2023,utah_2023,noise,0,/home/ted1204/MS_Detection_Datamaker/MS_datamaker_UTAH_2023/data/event_2417/RAW_20230719_082102.600.sgy,RAW_20230719_082102.600.sgy,RAW_20230719_082102.600,0.0,2.0,2200,2605,1000.0,utah_2023_labels_2s.csv
539,utah_2023__RAW_20230719_082102.600,utah_2023,utah_2023,utah_2023,noise,0,/home/ted1204/MS_Detection_Datamaker/MS_datamaker_UTAH_2023/data/event_2417/RAW_20230719_082102.600.sgy,RAW_20230719_082102.600.sgy,RAW_20230719_082102.600,0.0,2.0,2650,3055,1000.0,utah_2023_labels_2s.csv
540,utah_2023__RAW_20230719_082154.000,utah_2023,utah_2023,utah_2023,noise,0,/home/ted1204/MS_Detection_Datamaker/MS_datamaker_UTAH_2023/data/event_2417/RAW_20230719_082154.000.sgy,RAW_20230719_082154.000.sgy,RAW_20230719_082154.000,0.0,2.0,400,805,1000.0,utah_2023_labels_2s.csv
541,utah_2023__RAW_20230719_082154.000,utah_2023,utah_2023,utah_2023,noise,0,/home/ted1204/MS_Detection_Datamaker/MS_datamaker_UTAH_2023/data/event_2417/RAW_20230719_082154.000.sgy,RAW_20230719_082154.000.sgy,RAW_20230719_082154.000,0.0,2.0,850,1255,1000.0,utah_2023_labels_2s.csv
542,utah_2023__RAW_20230719_082154.000,utah_2023,utah_2023,utah_2023,noise,0,/home/ted1204/MS_Detection_Datamaker/MS_datamaker_UTAH_2023/data/event_2417/RAW_20230719_082154.000.sgy,RAW_20230719_082154.000.sgy,RAW_20230719_082154.000,0.0,2.0,1300,1705,1000.0,utah_2023_labels_2s.csv
543,utah_2023__RAW_20230719_082154.000,utah_2023,utah_2023,utah_2023,noise,0,/home/ted1204/MS_Detection_Datamaker/MS_datamaker_UTAH_2023/data/event_2417/RAW_20230719_082154.000.sgy,RAW_20230719_082154.000.sgy,RAW_20230719_082154.000,0.0,2.0,1750,2155,1000.0,utah_2023_labels_2s.csv
544,utah_2023__RAW_20230719_082154.000,utah_2023,utah_2023,utah_2023,noise,0,/home/ted1204/MS_Detection_Datamaker/MS_datamaker_UTAH_2023/data/event_2417/RAW_20230719_082154.000.sgy,RAW_20230719_082154.000.sgy,RAW_20230719_082154.000,0.0,2.0,2200,2605,1000.0,utah_2023_labels_2s.csv
545,utah_2023__RAW_20230719_082154.000,utah_2023,utah_2023,utah_2023,noise,0,/home/ted1204/MS_Detection_Datamaker/MS_datamaker_UTAH_2023/data/event_2417/RAW_20230719_082154.000.sgy,RAW_20230719_082154.000.sgy,RAW_20230719_082154.000,0.0,2.0,2650,3055,1000.0,utah_2023_labels_2s.csv
546,utah_2023__RAW_20230719_082154.000,utah_2023,utah_2023,utah_2023,noise,0,/home/ted1204/MS_Detection_Datamaker/MS_datamaker_UTAH_2023/data/event_2417/RAW_20230719_082154.000.sgy,RAW_20230719_082154.000.sgy,RAW_20230719_082154.000,1.0,3.0,400,805,1000.0,utah_2023_labels_2s.csv
547,utah_2023__RAW_20230719_082154.000,utah_2023,utah_2023,utah_2023,noise,0,/home/ted1204/MS_Detection_Datamaker/MS_datamaker_UTAH_2023/data/event_2417/RAW_20230719_082154.000.sgy,RAW_20230719_082154.000.sgy,RAW_20230719_082154.000,1.0,3.0,850,1255,1000.0,utah_2023_labels_2s.csv
548,utah_2023__RAW_20230719_082154.000,utah_2023,utah_2023,utah_2023,noise,0,/home/ted1204/MS_Detection_Datamaker/MS_datamaker_UTAH_2023/data/event_2417/RAW_20230719_082154.000.sgy,RAW_20230719_082154.000.sgy,RAW_20230719_082154.000,1.0,3.0,1300,1705,1000.0,utah_2023_labels_2s.csv
549,utah_2023__RAW_20230719_082154.000,utah_2023,utah_2023,utah_2023,noise,0,/home/ted1204/MS_Detection_Datamaker/MS_datamaker_UTAH_2023/data/event_2417/RAW_20230719_082154.000.sgy,RAW_20230719_082154.000.sgy,RAW_20230719_082154.000,1.0,3.0,1750,2155,1000.0,utah_2023_labels_2s.csv
550,utah_2023__RAW_20230719_082154.000,utah_2023,utah_2023,utah_2023,noise,0,/home/ted1204/MS_Detection_Datamaker/MS_datamaker_UTAH_2023/data/event_2417/RAW_20230719_082154.000.sgy,RAW_20230719_082154.000.sgy,RAW_20230719_082154.000,1.0,3.0,2200,2605,1000.0,utah_2023_labels_2s.csv
551,utah_2023__RAW_20230719_082154.000,utah_2023,utah_2023,utah_2023,noise,0,/home/ted1204/MS_Detection_Datamaker/MS_datamaker_UTAH_2023/data/event_2417/RAW_20230719_082154.000.sgy,RAW_20230719_082154.000.sgy,RAW_20230719_082154.000,1.0,3.0,2650,3055,1000.0,utah_2023_labels_2s.csv
552,utah_2023__RAW_20230719_083006.100,utah_2023,utah_2023,utah_2023,noise,0,/home/ted1204/MS_Detection_Datamaker/MS_datamaker_UTAH_2023/data/event_2417/RAW_20230719_083006.100.sgy,RAW_20230719_083006.100.sgy,RAW_20230719_083006.100,0.0,2.0,400,805,1000.0,utah_2023_labels_2s.csv
553,utah_2023__RAW_20230719_083006.100,utah_2023,utah_2023,utah_2023,noise,0,/home/ted1204/MS_Detection_Datamaker/MS_datamaker_UTAH_2023/data/event_2417/RAW_20230719_083006.100.sgy,RAW_20230719_083006.100.sgy,RAW_20230719_083006.100,0.0,2.0,850,1255,1000.0,utah_2023_labels_2s.csv
554,utah_2023__RAW_20230719_083006.100,utah_2023,utah_2023,utah_2023,noise,0,/home/ted1204/MS_Detection_Datamaker/MS_datamaker_UTAH_2023/data/event_2417/RAW_20230719_083006.100.sgy,RAW_20230719_083006.100.sgy,RAW_20230719_083006.100,0.0,2.0,1300,1705,1000.0,utah_2023_labels_2s.csv
555,utah_2023__RAW_20230719_083006.100,utah_2023,utah_2023,utah_2023,noise,0,/home/ted1204/MS_Detection_Datamaker/MS_datamaker_UTAH_2023/data/event_2417/RAW_20230719_083006.100.sgy,RAW_20230719_083006.100.sgy,RAW_20230719_083006.100,0.0,2.0,1750,2155,1000.0,utah_2023_labels_2s.csv
556,utah_2023__RAW_20230719_083006.100,utah_2023,utah_2023,utah_2023,noise,0,/home/ted1204/MS_Detection_Datamaker/MS_datamaker_UTAH_2023/data/event_2417/RAW_20230719_083006.100.sgy,RAW_20230719_083006.100.sgy,RAW_20230719_083006.100,0.0,2.0,2200,2605,1000.0,utah_2023_labels_2s.csv
557,utah_2023__RAW_20230719_083006.100,utah_2023,utah_2023,utah_2023,noise,0,/home/ted1204/MS_Detection_Datamaker/MS_datamaker_UTAH_2023/data/event_2417/RAW_20230719_083006.100.sgy,RAW_20230719_083006.100.sgy,RAW_20230719_083006.100,0.0,2.0,2650,3055,1000.0,utah_2023_labels_2s.csv
558,utah_2023__RAW_20230719_083006.100,utah_2023,utah_2023,utah_2023,noise,0,/home/ted1204/MS_Detection_Datamaker/MS_datamaker_UTAH_2023/data/event_2417/RAW_20230719_083006.100.sgy,RAW_20230719_083006.100.sgy,RAW_20230719_083006.100,3.0,5.0,400,805,1000.0,utah_2023_labels_2s.csv
559,utah_2023__RAW_20230719_083006.100,utah_2023,utah_2023,utah_2023,noise,0,/home/ted1204/MS_Detection_Datamaker/MS_datamaker_UTAH_2023/data/event_2417/RAW_20230719_083006.100.sgy,RAW_20230719_083006.100.sgy,RAW_20230719_083006.100,3.0,5.0,850,1255,1000.0,utah_2023_labels_2s.csv
560,utah_2023__RAW_20230719_083006.100,utah_2023,utah_2023,utah_2023,noise,0,/home/ted1204/MS_Detection_Datamaker/MS_datamaker_UTAH_2023/data/event_2417/RAW_20230719_083006.100.sgy,RAW_20230719_083006.100.sgy,RAW_20230719_083006.100,3.0,5.0,1300,1705,1000.0,utah_2023_labels_2s.csv
561,utah_2023__RAW_20230719_083006.100,utah_2023,utah_2023,utah_2023,noise,0,/home/ted1204/MS_Detection_Datamaker/MS_datamaker_UTAH_2023/data/event_2417/RAW_20230719_083006.100.sgy,RAW_20230719_083006.100.sgy,RAW_20230719_083006.100,3.0,5.0,1750,2155,1000.0,utah_2023_labels_2s.csv
562,utah_2023__RAW_20230719_083006.100,utah_2023,utah_2023,utah_2023,noise,0,/home/ted1204/MS_Detection_Datamaker/MS_datamaker_UTAH_2023/data/event_2417/RAW_20230719_083006.100.sgy,RAW_20230719_083006.100.sgy,RAW_20230719_083006.100,3.0,5.0,2200,2605,1000.0,utah_2023_labels_2s.csv
563,utah_2023__RAW_20230719_083006.100,utah_2023,utah_2023,utah_2023,noise,0,/home/ted1204/MS_Detection_Datamaker/MS_datamaker_UTAH_2023/data/event_2417/RAW_20230719_083006.100.sgy,RAW_20230719_083006.100.sgy,RAW_20230719_083006.100,3.0,5.0,2650,3055,1000.0,utah_2023_labels_2s.csv
564,utah_2023__RAW_20230719_083234.520,utah_2023,utah_2023,utah_2023,noise,0,/home/ted1204/MS_Detection_Datamaker/MS_datamaker_UTAH_2023/data/event_2417/RAW_20230719_083234.520.sgy,RAW_20230719_083234.520.sgy,RAW_20230719_083234.520,0.0,2.0,400,805,1000.0,utah_2023_labels_2s.csv
565,utah_2023__RAW_20230719_083234.520,utah_2023,utah_2023,utah_2023,noise,0,/home/ted1204/MS_Detection_Datamaker/MS_datamaker_UTAH_2023/data/event_2417/RAW_20230719_083234.520.sgy,RAW_20230719_083234.520.sgy,RAW_20230719_083234.520,0.0,2.0,850,1255,1000.0,utah_2023_labels_2s.csv
566,utah_2023__RAW_20230719_083234.520,utah_2023,utah_2023,utah_2023,noise,0,/home/ted1204/MS_Detection_Datamaker/MS_datamaker_UTAH_2023/data/event_2417/RAW_20230719_083234.520.sgy,RAW_20230719_083234.520.sgy,RAW_20230719_083234.520,0.0,2.0,1300,1705,1000.0,utah_2023_labels_2s.csv
567,utah_2023__RAW_20230719_083234.520,utah_2023,utah_2023,utah_2023,noise,0,/home/ted1204/MS_Detection_Datamaker/MS_datamaker_UTAH_2023/data/event_2417/RAW_20230719_083234.520.sgy,RAW_20230719_083234.520.sgy,RAW_20230719_083234.520,0.0,2.0,1750,2155,1000.0,utah_2023_labels_2s.csv
568,utah_2023__RAW_20230719_083234.520,utah_2023,utah_2023,utah_2023,noise,0,/home/ted1204/MS_Detection_Datamaker/MS_datamaker_UTAH_2023/data/event_2417/RAW_20230719_083234.520.sgy,RAW_20230719_083234.520.sgy,RAW_20230719_083234.520,0.0,2.0,2200,2605,1000.0,utah_2023_labels_2s.csv
569,utah_2023__RAW_20230719_083234.520,utah_2023,utah_2023,utah_2023,noise,0,/home/ted1204/MS_Detection_Datamaker/MS_datamaker_UTAH_2023/data/event_2417/RAW_20230719_083234.520.sgy,RAW_20230719_083234.520.sgy,RAW_20230719_083234.520,0.0,2.0,2650,3055,1000.0,utah_2023_labels_2s.csv
570,utah_2023__RAW_20230719_083234.520,utah_2023,utah_2023,utah_2023,noise,0,/home/ted1204/MS_Detection_Datamaker/MS_datamaker_UTAH_2023/data/event_2417/RAW_20230719_083234.520.sgy,RAW_20230719_083234.520.sgy,RAW_20230719_083234.520,3.0,5.0,400,805,1000.0,utah_2023_labels_2s.csv
571,utah_2023__RAW_20230719_083234.520,utah_2023,utah_2023,utah_2023,noise,0,/home/ted1204/MS_Detection_Datamaker/MS_datamaker_UTAH_2023/data/event_2417/RAW_20230719_083234.520.sgy,RAW_20230719_083234.520.sgy,RAW_20230719_083234.520,3.0,5.0,850,1255,1000.0,utah_2023_labels_2s.csv
572,utah_2023__RAW_20230719_083234.520,utah_2023,utah_2023,utah_2023,noise,0,/home/ted1204/MS_Detection_Datamaker/MS_datamaker_UTAH_2023/data/event_2417/RAW_20230719_083234.520.sgy,RAW_20230719_083234.520.sgy,RAW_20230719_083234.520,3.0,5.0,1300,1705,1000.0,utah_2023_labels_2s.csv
573,utah_2023__RAW_20230719_083234.520,utah_2023,utah_2023,utah_2023,noise,0,/home/ted1204/MS_Detection_Datamaker/MS_datamaker_UTAH_2023/data/event_2417/RAW_20230719_083234.520.sgy,RAW_20230719_083234.520.sgy,RAW_20230719_083234.520,3.0,5.0,1750,2155,1000.0,utah_2023_labels_2s.csv
574,utah_2023__RAW_20230719_083234.520,utah_2023,utah_2023,utah_2023,noise,0,/home/ted1204/MS_Detection_Datamaker/MS_datamaker_UTAH_2023/data/event_2417/RAW_20230719_083234.520.sgy,RAW_20230719_083234.520.sgy,RAW_20230719_083234.520,3.0,5.0,2200,2605,1000.0,utah_2023_labels_2s.csv
575,utah_2023__RAW_20230719_083234.520,utah_2023,utah_2023,utah_2023,noise,0,/home/ted1204/MS_Detection_Datamaker/MS_datamaker_UTAH_2023/data/event_2417/RAW_20230719_083234.520.sgy,RAW_20230719_083234.520.sgy,RAW_20230719_083234.520,3.0,5.0,2650,3055,1000.0,utah_2023_labels_2s.csv
576,utah_2023__RAW_20230719_083622.280,utah_2023,utah_2023,utah_2023,noise,0,/home/ted1204/MS_Detection_Datamaker/MS_datamaker_UTAH_2023/data/event_2417/RAW_20230719_083622.280.sgy,RAW_20230719_083622.280.sgy,RAW_20230719_083622.280,0.0,2.0,400,805,1000.0,utah_2023_labels_2s.csv
577,utah_2023__RAW_20230719_083622.280,utah_2023,utah_2023,utah_2023,noise,0,/home/ted1204/MS_Detection_Datamaker/MS_datamaker_UTAH_2023/data/event_2417/RAW_20230719_083622.280.sgy,RAW_20230719_083622.280.sgy,RAW_20230719_083622.280,0.0,2.0,850,1255,1000.0,utah_2023_labels_2s.csv
578,utah_2023__RAW_20230719_083622.280,utah_2023,utah_2023,utah_2023,noise,0,/home/ted1204/MS_Detection_Datamaker/MS_datamaker_UTAH_2023/data/event_2417/RAW_20230719_083622.280.sgy,RAW_20230719_083622.280.sgy,RAW_20230719_083622.280,0.0,2.0,1300,1705,1000.0,utah_2023_labels_2s.csv
579,utah_2023__RAW_20230719_083622.280,utah_2023,utah_2023,utah_2023,noise,0,/home/ted1204/MS_Detection_Datamaker/MS_datamaker_UTAH_2023/data/event_2417/RAW_20230719_083622.280.sgy,RAW_20230719_083622.280.sgy,RAW_20230719_083622.280,0.0,2.0,1750,2155,1000.0,utah_2023_labels_2s.csv
580,utah_2023__RAW_20230719_083622.280,utah_2023,utah_2023,utah_2023,noise,0,/home/ted1204/MS_Detection_Datamaker/MS_datamaker_UTAH_2023/data/event_2417/RAW_20230719_083622.280.sgy,RAW_20230719_083622.280.sgy,RAW_20230719_083622.280,0.0,2.0,2200,2605,1000.0,utah_2023_labels_2s.csv
581,utah_2023__RAW_20230719_083622.280,utah_2023,utah_2023,utah_2023,noise,0,/home/ted1204/MS_Detection_Datamaker/MS_datamaker_UTAH_2023/data/event_2417/RAW_20230719_083622.280.sgy,RAW_20230719_083622.280.sgy,RAW_20230719_083622.280,0.0,2.0,2650,3055,1000.0,utah_2023_labels_2s.csv
582,utah_2023__RAW_20230719_083648.200,utah_2023,utah_2023,utah_2023,noise,0,/home/ted1204/MS_Detection_Datamaker/MS_datamaker_UTAH_2023/data/event_2417/RAW_20230719_083648.200.sgy,RAW_20230719_083648.200.sgy,RAW_20230719_083648.200,0.0,2.0,400,805,1000.0,utah_2023_labels_2s.csv
583,utah_2023__RAW_20230719_083648.200,utah_2023,utah_2023,utah_2023,noise,0,/home/ted1204/MS_Detection_Datamaker/MS_datamaker_UTAH_2023/data/event_2417/RAW_20230719_083648.200.sgy,RAW_20230719_083648.200.sgy,RAW_20230719_083648.200,0.0,2.0,850,1255,1000.0,utah_2023_labels_2s.csv
584,utah_2023__RAW_20230719_083648.200,utah_2023,utah_2023,utah_2023,noise,0,/home/ted1204/MS_Detection_Datamaker/MS_datamaker_UTAH_2023/data/event_2417/RAW_20230719_083648.200.sgy,RAW_20230719_083648.200.sgy,RAW_20230719_083648.200,0.0,2.0,1300,1705,1000.0,utah_2023_labels_2s.csv
585,utah_2023__RAW_20230719_083648.200,utah_2023,utah_2023,utah_2023,noise,0,/home/ted1204/MS_Detection_Datamaker/MS_datamaker_UTAH_2023/data/event_2417/RAW_20230719_083648.200.sgy,RAW_20230719_083648.200.sgy,RAW_20230719_083648.200,0.0,2.0,1750,2155,1000.0,utah_2023_labels_2s.csv
586,utah_2023__RAW_20230719_083648.200,utah_2023,utah_2023,utah_2023,noise,0,/home/ted1204/MS_Detection_Datamaker/MS_datamaker_UTAH_2023/data/event_2417/RAW_20230719_083648.200.sgy,RAW_20230719_083648.200.sgy,RAW_20230719_083648.200,0.0,2.0,2200,2605,1000.0,utah_2023_labels_2s.csv
587,utah_2023__RAW_20230719_083648.200,utah_2023,utah_2023,utah_2023,noise,0,/home/ted1204/MS_Detection_Datamaker/MS_datamaker_UTAH_2023/data/event_2417/RAW_20230719_083648.200.sgy,RAW_20230719_083648.200.sgy,RAW_20230719_083648.200,0.0,2.0,2650,3055,1000.0,utah_2023_labels_2s.csv
588,utah_2023__RAW_20230719_083648.200,utah_2023,utah_2023,utah_2023,noise,0,/home/ted1204/MS_Detection_Datamaker/MS_datamaker_UTAH_2023/data/event_2417/RAW_20230719_083648.200.sgy,RAW_20230719_083648.200.sgy,RAW_20230719_083648.200,1.0,3.0,400,805,1000.0,utah_2023_labels_2s.csv
589,utah_2023__RAW_20230719_083648.200,utah_2023,utah_2023,utah_2023,noise,0,/home/ted1204/MS_Detection_Datamaker/MS_datamaker_UTAH_2023/data/event_2417/RAW_20230719_083648.200.sgy,RAW_20230719_083648.200.sgy,RAW_20230719_083648.200,1.0,3.0,850,1255,1000.0,utah_2023_labels_2s.csv
590,utah_2023__RAW_20230719_083648.200,utah_2023,utah_2023,utah_2023,noise,0,/home/ted1204/MS_Detection_Datamaker/MS_datamaker_UTAH_2023/data/event_2417/RAW_20230719_083648.200.sgy,RAW_20230719_083648.200.sgy,RAW_20230719_083648.200,1.0,3.0,1300,1705,1000.0,utah_2023_labels_2s.csv
591,utah_2023__RAW_20230719_083648.200,utah_2023,utah_2023,utah_2023,noise,0,/home/ted1204/MS_Detection_Datamaker/MS_datamaker_UTAH_2023/data/event_2417/RAW_20230719_083648.200.sgy,RAW_20230719_083648.200.sgy,RAW_20230719_083648.200,1.0,3.0,1750,2155,1000.0,utah_2023_labels_2s.csv
592,utah_2023__RAW_20230719_083648.200,utah_2023,utah_2023,utah_2023,noise,0,/home/ted1204/MS_Detection_Datamaker/MS_datamaker_UTAH_2023/data/event_2417/RAW_20230719_083648.200.sgy,RAW_20230719_083648.200.sgy,RAW_20230719_083648.200,1.0,3.0,2200,2605,1000.0,utah_2023_labels_2s.csv
593,utah_2023__RAW_20230719_083648.200,utah_2023,utah_2023,utah_2023,noise,0,/home/ted1204/MS_Detection_Datamaker/MS_datamaker_UTAH_2023/data/event_2417/RAW_20230719_083648.200.sgy,RAW_20230719_083648.200.sgy,RAW_20230719_083648.200,1.0,3.0,2650,3055,1000.0,utah_2023_labels_2s.csv
594,utah_2023__RAW_20230719_083701.100,utah_2023,utah_2023,utah_2023,noise,0,/home/ted1204/MS_Detection_Datamaker/MS_datamaker_UTAH_2023/data/event_2417/RAW_20230719_083701.100.sgy,RAW_20230719_083701.100.sgy,RAW_20230719_083701.100,0.0,2.0,400,805,1000.0,utah_2023_labels_2s.csv
595,utah_2023__RAW_20230719_083701.100,utah_2023,utah_2023,utah_2023,noise,0,/home/ted1204/MS_Detection_Datamaker/MS_datamaker_UTAH_2023/data/event_2417/RAW_20230719_083701.100.sgy,RAW_20230719_083701.100.sgy,RAW_20230719_083701.100,0.0,2.0,850,1255,1000.0,utah_2023_labels_2s.csv
596,utah_2023__RAW_20230719_083701.100,utah_2023,utah_2023,utah_2023,noise,0,/home/ted1204/MS_Detection_Datamaker/MS_datamaker_UTAH_2023/data/event_2417/RAW_20230719_083701.100.sgy,RAW_20230719_083701.100.sgy,RAW_20230719_083701.100,0.0,2.0,1300,1705,1000.0,utah_2023_labels_2s.csv
597,utah_2023__RAW_20230719_083701.100,utah_2023,utah_2023,utah_2023,noise,0,/home/ted1204/MS_Detection_Datamaker/MS_datamaker_UTAH_2023/data/event_2417/RAW_20230719_083701.100.sgy,RAW_20230719_083701.100.sgy,RAW_20230719_083701.100,0.0,2.0,1750,2155,1000.0,utah_2023_labels_2s.csv
598,utah_2023__RAW_20230719_083701.100,utah_2023,utah_2023,utah_2023,noise,0,/home/ted1204/MS_Detection_Datamaker/MS_datamaker_UTAH_2023/data/event_2417/RAW_20230719_083701.100.sgy,RAW_20230719_083701.100.sgy,RAW_20230719_083701.100,0.0,2.0,2200,2605,1000.0,utah_2023_labels_2s.csv
599,utah_2023__RAW_20230719_083701.100,utah_2023,utah_2023,utah_2023,noise,0,/home/ted1204/MS_Detection_Datamaker/MS_datamaker_UTAH_2023/data/event_2417/RAW_20230719_083701.100.sgy,RAW_20230719_083701.100.sgy,RAW_20230719_083701.100,0.0,2.0,2650,3055,1000.0,utah_2023_labels_2s.csv
600,utah_2023__RAW_20230719_083850.320,utah_2023,utah_2023,utah_2023,noise,0,/home/ted1204/MS_Detection_Datamaker/MS_datamaker_UTAH_2023/data/event_2417/RAW_20230719_083850.320.sgy,RAW_20230719_083850.320.sgy,RAW_20230719_083850.320,0.0,2.0,400,805,1000.0,utah_2023_labels_2s.csv
601,utah_2023__RAW_20230719_083850.320,utah_2023,utah_2023,utah_2023,noise,0,/home/ted1204/MS_Detection_Datamaker/MS_datamaker_UTAH_2023/data/event_2417/RAW_20230719_083850.320.sgy,RAW_20230719_083850.320.sgy,RAW_20230719_083850.320,0.0,2.0,850,1255,1000.0,utah_2023_labels_2s.csv
602,utah_2023__RAW_20230719_083850.320,utah_2023,utah_2023,utah_2023,noise,0,/home/ted1204/MS_Detection_Datamaker/MS_datamaker_UTAH_2023/data/event_2417/RAW_20230719_083850.320.sgy,RAW_20230719_083850.320.sgy,RAW_20230719_083850.320,0.0,2.0,1300,1705,1000.0,utah_2023_labels_2s.csv
603,utah_2023__RAW_20230719_083850.320,utah_2023,utah_2023,utah_2023,noise,0,/home/ted1204/MS_Detection_Datamaker/MS_datamaker_UTAH_2023/data/event_2417/RAW_20230719_083850.320.sgy,RAW_20230719_083850.320.sgy,RAW_20230719_083850.320,0.0,2.0,1750,2155,1000.0,utah_2023_labels_2s.csv
604,utah_2023__RAW_20230719_083850.320,utah_2023,utah_2023,utah_2023,noise,0,/home/ted1204/MS_Detection_Datamaker/MS_datamaker_UTAH_2023/data/event_2417/RAW_20230719_083850.320.sgy,RAW_20230719_083850.320.sgy,RAW_20230719_083850.320,0.0,2.0,2200,2605,1000.0,utah_2023_labels_2s.csv
605,utah_2023__RAW_20230719_083850.320,utah_2023,utah_2023,utah_2023,noise,0,/home/ted1204/MS_Detection_Datamaker/MS_datamaker_UTAH_2023/data/event_2417/RAW_20230719_083850.320.sgy,RAW_20230719_083850.320.sgy,RAW_20230719_083850.320,0.0,2.0,2650,3055,1000.0,utah_2023_labels_2s.csv
606,utah_2023__RAW_20230719_083850.320,utah_2023,utah_2023,utah_2023,noise,0,/home/ted1204/MS_Detection_Datamaker/MS_datamaker_UTAH_2023/data/event_2417/RAW_20230719_083850.320.sgy,RAW_20230719_083850.320.sgy,RAW_20230719_083850.320,3.0,5.0,400,805,1000.0,utah_2023_labels_2s.csv
607,utah_2023__RAW_20230719_083850.320,utah_2023,utah_2023,utah_2023,noise,0,/home/ted1204/MS_Detection_Datamaker/MS_datamaker_UTAH_2023/data/event_2417/RAW_20230719_083850.320.sgy,RAW_20230719_083850.320.sgy,RAW_20230719_083850.320,3.0,5.0,850,1255,1000.0,utah_2023_labels_2s.csv
608,utah_2023__RAW_20230719_083850.320,utah_2023,utah_2023,utah_2023,noise,0,/home/ted1204/MS_Detection_Datamaker/MS_datamaker_UTAH_2023/data/event_2417/RAW_20230719_083850.320.sgy,RAW_20230719_083850.320.sgy,RAW_20230719_083850.320,3.0,5.0,1300,1705,1000.0,utah_2023_labels_2s.csv
609,utah_2023__RAW_20230719_083850.320,utah_2023,utah_2023,utah_2023,noise,0,/home/ted1204/MS_Detection_Datamaker/MS_datamaker_UTAH_2023/data/event_2417/RAW_20230719_083850.320.sgy,RAW_20230719_083850.320.sgy,RAW_20230719_083850.320,3.0,5.0,1750,2155,1000.0,utah_2023_labels_2s.csv
610,utah_2023__RAW_20230719_083850.320,utah_2023,utah_2023,utah_2023,noise,0,/home/ted1204/MS_Detection_Datamaker/MS_datamaker_UTAH_2023/data/event_2417/RAW_20230719_083850.320.sgy,RAW_20230719_083850.320.sgy,RAW_20230719_083850.320,3.0,5.0,2200,2605,1000.0,utah_2023_labels_2s.csv
611,utah_2023__RAW_20230719_083850.320,utah_2023,utah_2023,utah_2023,noise,0,/home/ted1204/MS_Detection_Datamaker/MS_datamaker_UTAH_2023/data/event_2417/RAW_20230719_083850.320.sgy,RAW_20230719_083850.320.sgy,RAW_20230719_083850.320,3.0,5.0,2650,3055,1000.0,utah_2023_labels_2s.csv
612,utah_2023__RAW_20230719_084920.980,utah_2023,utah_2023,utah_2023,noise,0,/home/ted1204/MS_Detection_Datamaker/MS_datamaker_UTAH_2023/data/event_2417/RAW_20230719_084920.980.sgy,RAW_20230719_084920.980.sgy,RAW_20230719_084920.980,0.0,2.0,400,805,1000.0,utah_2023_labels_2s.csv
613,utah_2023__RAW_20230719_084920.980,utah_2023,utah_2023,utah_2023,noise,0,/home/ted1204/MS_Detection_Datamaker/MS_datamaker_UTAH_2023/data/event_2417/RAW_20230719_084920.980.sgy,RAW_20230719_084920.980.sgy,RAW_20230719_084920.980,0.0,2.0,850,1255,1000.0,utah_2023_labels_2s.csv
614,utah_2023__RAW_20230719_084920.980,utah_2023,utah_2023,utah_2023,noise,0,/home/ted1204/MS_Detection_Datamaker/MS_datamaker_UTAH_2023/data/event_2417/RAW_20230719_084920.980.sgy,RAW_20230719_084920.980.sgy,RAW_20230719_084920.980,0.0,2.0,1300,1705,1000.0,utah_2023_labels_2s.csv
615,utah_2023__RAW_20230719_084920.980,utah_2023,utah_2023,utah_2023,noise,0,/home/ted1204/MS_Detection_Datamaker/MS_datamaker_UTAH_2023/data/event_2417/RAW_20230719_084920.980.sgy,RAW_20230719_084920.980.sgy,RAW_20230719_084920.980,0.0,2.0,1750,2155,1000.0,utah_2023_labels_2s.csv
616,utah_2023__RAW_20230719_084920.980,utah_2023,utah_2023,utah_2023,noise,0,/home/ted1204/MS_Detection_Datamaker/MS_datamaker_UTAH_2023/data/event_2417/RAW_20230719_084920.980.sgy,RAW_20230719_084920.980.sgy,RAW_20230719_084920.980,0.0,2.0,2200,2605,1000.0,utah_2023_labels_2s.csv
617,utah_2023__RAW_20230719_084920.980,utah_2023,utah_2023,utah_2023,noise,0,/home/ted1204/MS_Detection_Datamaker/MS_datamaker_UTAH_2023/data/event_2417/RAW_20230719_084920.980.sgy,RAW_20230719_084920.980.sgy,RAW_20230719_084920.980,0.0,2.0,2650,3055,1000.0,utah_2023_labels_2s.csv
618,utah_2023__RAW_20230719_084920.980,utah_2023,utah_2023,utah_2023,noise,0,/home/ted1204/MS_Detection_Datamaker/MS_datamaker_UTAH_2023/data/event_2417/RAW_20230719_084920.980.sgy,RAW_20230719_084920.980.sgy,RAW_20230719_084920.980,3.0,5.0,400,805,1000.0,utah_2023_labels_2s.csv
619,utah_2023__RAW_20230719_084920.980,utah_2023,utah_2023,utah_2023,noise,0,/home/ted1204/MS_Detection_Datamaker/MS_datamaker_UTAH_2023/data/event_2417/RAW_20230719_084920.980.sgy,RAW_20230719_084920.980.sgy,RAW_20230719_084920.980,3.0,5.0,850,1255,1000.0,utah_2023_labels_2s.csv
620,utah_2023__RAW_20230719_084920.980,utah_2023,utah_2023,utah_2023,noise,0,/home/ted1204/MS_Detection_Datamaker/MS_datamaker_UTAH_2023/data/event_2417/RAW_20230719_084920.980.sgy,RAW_20230719_084920.980.sgy,RAW_20230719_084920.980,3.0,5.0,1300,1705,1000.0,utah_2023_labels_2s.csv
621,utah_2023__RAW_20230719_084920.980,utah_2023,utah_2023,utah_2023,noise,0,/home/ted1204/MS_Detection_Datamaker/MS_datamaker_UTAH_2023/data/event_2417/RAW_20230719_084920.980.sgy,RAW_20230719_084920.980.sgy,RAW_20230719_084920.980,3.0,5.0,1750,2155,1000.0,utah_2023_labels_2s.csv
622,utah_2023__RAW_20230719_084920.980,utah_2023,utah_2023,utah_2023,noise,0,/home/ted1204/MS_Detection_Datamaker/MS_datamaker_UTAH_2023/data/event_2417/RAW_20230719_084920.980.sgy,RAW_20230719_084920.980.sgy,RAW_20230719_084920.980,3.0,5.0,2200,2605,1000.0,utah_2023_labels_2s.csv
623,utah_2023__RAW_20230719_084920.980,utah_2023,utah_2023,utah_2023,noise,0,/home/ted1204/MS_Detection_Datamaker/MS_datamaker_UTAH_2023/data/event_2417/RAW_20230719_084920.980.sgy,RAW_20230719_084920.980.sgy,RAW_20230719_084920.980,3.0,5.0,2650,3055,1000.0,utah_2023_labels_2s.csv
624,utah_2023__RAW_20230719_085832.340,utah_2023,utah_2023,utah_2023,noise,0,/home/ted1204/MS_Detection_Datamaker/MS_datamaker_UTAH_2023/data/event_2417/RAW_20230719_085832.340.sgy,RAW_20230719_085832.340.sgy,RAW_20230719_085832.340,0.0,2.0,400,805,1000.0,utah_2023_labels_2s.csv
625,utah_2023__RAW_20230719_085832.340,utah_2023,utah_2023,utah_2023,noise,0,/home/ted1204/MS_Detection_Datamaker/MS_datamaker_UTAH_2023/data/event_2417/RAW_20230719_085832.340.sgy,RAW_20230719_085832.340.sgy,RAW_20230719_085832.340,0.0,2.0,850,1255,1000.0,utah_2023_labels_2s.csv
626,utah_2023__RAW_20230719_085832.340,utah_2023,utah_2023,utah_2023,noise,0,/home/ted1204/MS_Detection_Datamaker/MS_datamaker_UTAH_2023/data/event_2417/RAW_20230719_085832.340.sgy,RAW_20230719_085832.340.sgy,RAW_20230719_085832.340,0.0,2.0,1300,1705,1000.0,utah_2023_labels_2s.csv
627,utah_2023__RAW_20230719_085832.340,utah_2023,utah_2023,utah_2023,noise,0,/home/ted1204/MS_Detection_Datamaker/MS_datamaker_UTAH_2023/data/event_2417/RAW_20230719_085832.340.sgy,RAW_20230719_085832.340.sgy,RAW_20230719_085832.340,0.0,2.0,1750,2155,1000.0,utah_2023_labels_2s.csv
628,utah_2023__RAW_20230719_085832.340,utah_2023,utah_2023,utah_2023,noise,0,/home/ted1204/MS_Detection_Datamaker/MS_datamaker_UTAH_2023/data/event_2417/RAW_20230719_085832.340.sgy,RAW_20230719_085832.340.sgy,RAW_20230719_085832.340,0.0,2.0,2200,2605,1000.0,utah_2023_labels_2s.csv
629,utah_2023__RAW_20230719_085832.340,utah_2023,utah_2023,utah_2023,noise,0,/home/ted1204/MS_Detection_Datamaker/MS_datamaker_UTAH_2023/data/event_2417/RAW_20230719_085832.340.sgy,RAW_20230719_085832.340.sgy,RAW_20230719_085832.340,0.0,2.0,2650,3055,1000.0,utah_2023_labels_2s.csv
630,utah_2023__RAW_20230719_085832.340,utah_2023,utah_2023,utah_2023,noise,0,/home/ted1204/MS_Detection_Datamaker/MS_datamaker_UTAH_2023/data/event_2417/RAW_20230719_085832.340.sgy,RAW_20230719_085832.340.sgy,RAW_20230719_085832.340,3.0,5.0,400,805,1000.0,utah_2023_labels_2s.csv
631,utah_2023__RAW_20230719_085832.340,utah_2023,utah_2023,utah_2023,noise,0,/home/ted1204/MS_Detection_Datamaker/MS_datamaker_UTAH_2023/data/event_2417/RAW_20230719_085832.340.sgy,RAW_20230719_085832.340.sgy,RAW_20230719_085832.340,3.0,5.0,850,1255,1000.0,utah_2023_labels_2s.csv
632,utah_2023__RAW_20230719_085832.340,utah_2023,utah_2023,utah_2023,noise,0,/home/ted1204/MS_Detection_Datamaker/MS_datamaker_UTAH_2023/data/event_2417/RAW_20230719_085832.340.sgy,RAW_20230719_085832.340.sgy,RAW_20230719_085832.340,3.0,5.0,1300,1705,1000.0,utah_2023_labels_2s.csv
633,utah_2023__RAW_20230719_085832.340,utah_2023,utah_2023,utah_2023,noise,0,/home/ted1204/MS_Detection_Datamaker/MS_datamaker_UTAH_2023/data/event_2417/RAW_20230719_085832.340.sgy,RAW_20230719_085832.340.sgy,RAW_20230719_085832.340,3.0,5.0,1750,2155,1000.0,utah_2023_labels_2s.csv
634,utah_2023__RAW_20230719_085832.340,utah_2023,utah_2023,utah_2023,noise,0,/home/ted1204/MS_Detection_Datamaker/MS_datamaker_UTAH_2023/data/event_2417/RAW_20230719_085832.340.sgy,RAW_20230719_085832.340.sgy,RAW_20230719_085832.340,3.0,5.0,2200,2605,1000.0,utah_2023_labels_2s.csv
635,utah_2023__RAW_20230719_085832.340,utah_2023,utah_2023,utah_2023,noise,0,/home/ted1204/MS_Detection_Datamaker/MS_datamaker_UTAH_2023/data/event_2417/RAW_20230719_085832.340.sgy,RAW_20230719_085832.340.sgy,RAW_20230719_085832.340,3.0,5.0,2650,3055,1000.0,utah_2023_labels_2s.csv
636,utah_2023__RAW_20230719_090023.100,utah_2023,utah_2023,utah_2023,noise,0,/home/ted1204/MS_Detection_Datamaker/MS_datamaker_UTAH_2023/data/event_2417/RAW_20230719_090023.100.sgy,RAW_20230719_090023.100.sgy,RAW_20230719_090023.100,0.0,2.0,400,805,1000.0,utah_2023_labels_2s.csv
637,utah_2023__RAW_20230719_090023.100,utah_2023,utah_2023,utah_2023,noise,0,/home/ted1204/MS_Detection_Datamaker/MS_datamaker_UTAH_2023/data/event_2417/RAW_20230719_090023.100.sgy,RAW_20230719_090023.100.sgy,RAW_20230719_090023.100,0.0,2.0,850,1255,1000.0,utah_2023_labels_2s.csv
638,utah_2023__RAW_20230719_090023.100,utah_2023,utah_2023,utah_2023,noise,0,/home/ted1204/MS_Detection_Datamaker/MS_datamaker_UTAH_2023/data/event_2417/RAW_20230719_090023.100.sgy,RAW_20230719_090023.100.sgy,RAW_20230719_090023.100,0.0,2.0,1300,1705,1000.0,utah_2023_labels_2s.csv
639,utah_2023__RAW_20230719_090023.100,utah_2023,utah_2023,utah_2023,noise,0,/home/ted1204/MS_Detection_Datamaker/MS_datamaker_UTAH_2023/data/event_2417/RAW_20230719_090023.100.sgy,RAW_20230719_090023.100.sgy,RAW_20230719_090023.100,0.0,2.0,1750,2155,1000.0,utah_2023_labels_2s.csv
640,utah_2023__RAW_20230719_090023.100,utah_2023,utah_2023,utah_2023,noise,0,/home/ted1204/MS_Detection_Datamaker/MS_datamaker_UTAH_2023/data/event_2417/RAW_20230719_090023.100.sgy,RAW_20230719_090023.100.sgy,RAW_20230719_090023.100,0.0,2.0,2200,2605,1000.0,utah_2023_labels_2s.csv
641,utah_2023__RAW_20230719_090023.100,utah_2023,utah_2023,utah_2023,noise,0,/home/ted1204/MS_Detection_Datamaker/MS_datamaker_UTAH_2023/data/event_2417/RAW_20230719_090023.100.sgy,RAW_20230719_090023.100.sgy,RAW_20230719_090023.100,0.0,2.0,2650,3055,1000.0,utah_2023_labels_2s.csv
642,utah_2023__RAW_20230719_090023.100,utah_2023,utah_2023,utah_2023,noise,0,/home/ted1204/MS_Detection_Datamaker/MS_datamaker_UTAH_2023/data/event_2417/RAW_20230719_090023.100.sgy,RAW_20230719_090023.100.sgy,RAW_20230719_090023.100,3.0,5.0,400,805,1000.0,utah_2023_labels_2s.csv
643,utah_2023__RAW_20230719_090023.100,utah_2023,utah_2023,utah_2023,noise,0,/home/ted1204/MS_Detection_Datamaker/MS_datamaker_UTAH_2023/data/event_2417/RAW_20230719_090023.100.sgy,RAW_20230719_090023.100.sgy,RAW_20230719_090023.100,3.0,5.0,850,1255,1000.0,utah_2023_labels_2s.csv
644,utah_2023__RAW_20230719_090023.100,utah_2023,utah_2023,utah_2023,noise,0,/home/ted1204/MS_Detection_Datamaker/MS_datamaker_UTAH_2023/data/event_2417/RAW_20230719_090023.100.sgy,RAW_20230719_090023.100.sgy,RAW_20230719_090023.100,3.0,5.0,1300,1705,1000.0,utah_2023_labels_2s.csv
645,utah_2023__RAW_20230719_090023.100,utah_2023,utah_2023,utah_2023,noise,0,/home/ted1204/MS_Detection_Datamaker/MS_datamaker_UTAH_2023/data/event_2417/RAW_20230719_090023.100.sgy,RAW_20230719_090023.100.sgy,RAW_20230719_090023.100,3.0,5.0,1750,2155,1000.0,utah_2023_labels_2s.csv
646,utah_2023__RAW_20230719_090023.100,utah_2023,utah_2023,utah_2023,noise,0,/home/ted1204/MS_Detection_Datamaker/MS_datamaker_UTAH_2023/data/event_2417/RAW_20230719_090023.100.sgy,RAW_20230719_090023.100.sgy,RAW_20230719_090023.100,3.0,5.0,2200,2605,1000.0,utah_2023_labels_2s.csv
647,utah_2023__RAW_20230719_090023.100,utah_2023,utah_2023,utah_2023,noise,0,/home/ted1204/MS_Detection_Datamaker/MS_datamaker_UTAH_2023/data/event_2417/RAW_20230719_090023.100.sgy,RAW_20230719_090023.100.sgy,RAW_20230719_090023.100,3.0,5.0,2650,3055,1000.0,utah_2023_labels_2s.csv
648,utah_2023__RAW_20230719_090650.840,utah_2023,utah_2023,utah_2023,noise,0,/home/ted1204/MS_Detection_Datamaker/MS_datamaker_UTAH_2023/data/event_2417/RAW_20230719_090650.840.sgy,RAW_20230719_090650.840.sgy,RAW_20230719_090650.840,0.0,2.0,400,805,1000.0,utah_2023_labels_2s.csv
649,utah_2023__RAW_20230719_090650.840,utah_2023,utah_2023,utah_2023,noise,0,/home/ted1204/MS_Detection_Datamaker/MS_datamaker_UTAH_2023/data/event_2417/RAW_20230719_090650.840.sgy,RAW_20230719_090650.840.sgy,RAW_20230719_090650.840,0.0,2.0,850,1255,1000.0,utah_2023_labels_2s.csv
650,utah_2023__RAW_20230719_090650.840,utah_2023,utah_2023,utah_2023,noise,0,/home/ted1204/MS_Detection_Datamaker/MS_datamaker_UTAH_2023/data/event_2417/RAW_20230719_090650.840.sgy,RAW_20230719_090650.840.sgy,RAW_20230719_090650.840,0.0,2.0,1300,1705,1000.0,utah_2023_labels_2s.csv
651,utah_2023__RAW_20230719_090650.840,utah_2023,utah_2023,utah_2023,noise,0,/home/ted1204/MS_Detection_Datamaker/MS_datamaker_UTAH_2023/data/event_2417/RAW_20230719_090650.840.sgy,RAW_20230719_090650.840.sgy,RAW_20230719_090650.840,0.0,2.0,1750,2155,1000.0,utah_2023_labels_2s.csv
652,utah_2023__RAW_20230719_090650.840,utah_2023,utah_2023,utah_2023,noise,0,/home/ted1204/MS_Detection_Datamaker/MS_datamaker_UTAH_2023/data/event_2417/RAW_20230719_090650.840.sgy,RAW_20230719_090650.840.sgy,RAW_20230719_090650.840,0.0,2.0,2200,2605,1000.0,utah_2023_labels_2s.csv
653,utah_2023__RAW_20230719_090650.840,utah_2023,utah_2023,utah_2023,noise,0,/home/ted1204/MS_Detection_Datamaker/MS_datamaker_UTAH_2023/data/event_2417/RAW_20230719_090650.840.sgy,RAW_20230719_090650.840.sgy,RAW_20230719_090650.840,0.0,2.0,2650,3055,1000.0,utah_2023_labels_2s.csv
654,utah_2023__RAW_20230719_090650.840,utah_2023,utah_2023,utah_2023,noise,0,/home/ted1204/MS_Detection_Datamaker/MS_datamaker_UTAH_2023/data/event_2417/RAW_20230719_090650.840.sgy,RAW_20230719_090650.840.sgy,RAW_20230719_090650.840,3.0,5.0,400,805,1000.0,utah_2023_labels_2s.csv
655,utah_2023__RAW_20230719_090650.840,utah_2023,utah_2023,utah_2023,noise,0,/home/ted1204/MS_Detection_Datamaker/MS_datamaker_UTAH_2023/data/event_2417/RAW_20230719_090650.840.sgy,RAW_20230719_090650.840.sgy,RAW_20230719_090650.840,3.0,5.0,850,1255,1000.0,utah_2023_labels_2s.csv
656,utah_2023__RAW_20230719_090650.840,utah_2023,utah_2023,utah_2023,noise,0,/home/ted1204/MS_Detection_Datamaker/MS_datamaker_UTAH_2023/data/event_2417/RAW_20230719_090650.840.sgy,RAW_20230719_090650.840.sgy,RAW_20230719_090650.840,3.0,5.0,1300,1705,1000.0,utah_2023_labels_2s.csv
657,utah_2023__RAW_20230719_090650.840,utah_2023,utah_2023,utah_2023,noise,0,/home/ted1204/MS_Detection_Datamaker/MS_datamaker_UTAH_2023/data/event_2417/RAW_20230719_090650.840.sgy,RAW_20230719_090650.840.sgy,RAW_20230719_090650.840,3.0,5.0,1750,2155,1000.0,utah_2023_labels_2s.csv
658,utah_2023__RAW_20230719_090650.840,utah_2023,utah_2023,utah_2023,noise,0,/home/ted1204/MS_Detection_Datamaker/MS_datamaker_UTAH_2023/data/event_2417/RAW_20230719_090650.840.sgy,RAW_20230719_090650.840.sgy,RAW_20230719_090650.840,3.0,5.0,2200,2605,1000.0,utah_2023_labels_2s.csv
659,utah_2023__RAW_20230719_090650.840,utah_2023,utah_2023,utah_2023,noise,0,/home/ted1204/MS_Detection_Datamaker/MS_datamaker_UTAH_2023/data/event_2417/RAW_20230719_090650.840.sgy,RAW_20230719_090650.840.sgy,RAW_20230719_090650.840,3.0,5.0,2650,3055,1000.0,utah_2023_labels_2s.csv
660,utah_2023__RAW_20230719_091100.420,utah_2023,utah_2023,utah_2023,noise,0,/home/ted1204/MS_Detection_Datamaker/MS_datamaker_UTAH_2023/data/event_2417/RAW_20230719_091100.420.sgy,RAW_20230719_091100.420.sgy,RAW_20230719_091100.420,0.0,2.0,400,805,1000.0,utah_2023_labels_2s.csv
661,utah_2023__RAW_20230719_091100.420,utah_2023,utah_2023,utah_2023,noise,0,/home/ted1204/MS_Detection_Datamaker/MS_datamaker_UTAH_2023/data/event_2417/RAW_20230719_091100.420.sgy,RAW_20230719_091100.420.sgy,RAW_20230719_091100.420,0.0,2.0,850,1255,1000.0,utah_2023_labels_2s.csv
662,utah_2023__RAW_20230719_091100.420,utah_2023,utah_2023,utah_2023,noise,0,/home/ted1204/MS_Detection_Datamaker/MS_datamaker_UTAH_2023/data/event_2417/RAW_20230719_091100.420.sgy,RAW_20230719_091100.420.sgy,RAW_20230719_091100.420,0.0,2.0,1300,1705,1000.0,utah_2023_labels_2s.csv
663,utah_2023__RAW_20230719_091100.420,utah_2023,utah_2023,utah_2023,noise,0,/home/ted1204/MS_Detection_Datamaker/MS_datamaker_UTAH_2023/data/event_2417/RAW_20230719_091100.420.sgy,RAW_20230719_091100.420.sgy,RAW_20230719_091100.420,0.0,2.0,1750,2155,1000.0,utah_2023_labels_2s.csv
664,utah_2023__RAW_20230719_091100.420,utah_2023,utah_2023,utah_2023,noise,0,/home/ted1204/MS_Detection_Datamaker/MS_datamaker_UTAH_2023/data/event_2417/RAW_20230719_091100.420.sgy,RAW_20230719_091100.420.sgy,RAW_20230719_091100.420,0.0,2.0,2200,2605,1000.0,utah_2023_labels_2s.csv
665,utah_2023__RAW_20230719_091100.420,utah_2023,utah_2023,utah_2023,noise,0,/home/ted1204/MS_Detection_Datamaker/MS_datamaker_UTAH_2023/data/event_2417/RAW_20230719_091100.420.sgy,RAW_20230719_091100.420.sgy,RAW_20230719_091100.420,0.0,2.0,2650,3055,1000.0,utah_2023_labels_2s.csv
666,utah_2023__RAW_20230719_091100.420,utah_2023,utah_2023,utah_2023,noise,0,/home/ted1204/MS_Detection_Datamaker/MS_datamaker_UTAH_2023/data/event_2417/RAW_20230719_091100.420.sgy,RAW_20230719_091100.420.sgy,RAW_20230719_091100.420,3.0,5.0,400,805,1000.0,utah_2023_labels_2s.csv
667,utah_2023__RAW_20230719_091100.420,utah_2023,utah_2023,utah_2023,noise,0,/home/ted1204/MS_Detection_Datamaker/MS_datamaker_UTAH_2023/data/event_2417/RAW_20230719_091100.420.sgy,RAW_20230719_091100.420.sgy,RAW_20230719_091100.420,3.0,5.0,850,1255,1000.0,utah_2023_labels_2s.csv
668,utah_2023__RAW_20230719_091100.420,utah_2023,utah_2023,utah_2023,noise,0,/home/ted1204/MS_Detection_Datamaker/MS_datamaker_UTAH_2023/data/event_2417/RAW_20230719_091100.420.sgy,RAW_20230719_091100.420.sgy,RAW_20230719_091100.420,3.0,5.0,1300,1705,1000.0,utah_2023_labels_2s.csv
669,utah_2023__RAW_20230719_091100.420,utah_2023,utah_2023,utah_2023,noise,0,/home/ted1204/MS_Detection_Datamaker/MS_datamaker_UTAH_2023/data/event_2417/RAW_20230719_091100.420.sgy,RAW_20230719_091100.420.sgy,RAW_20230719_091100.420,3.0,5.0,1750,2155,1000.0,utah_2023_labels_2s.csv
670,utah_2023__RAW_20230719_091100.420,utah_2023,utah_2023,utah_2023,noise,0,/home/ted1204/MS_Detection_Datamaker/MS_datamaker_UTAH_2023/data/event_2417/RAW_20230719_091100.420.sgy,RAW_20230719_091100.420.sgy,RAW_20230719_091100.420,3.0,5.0,2200,2605,1000.0,utah_2023_labels_2s.csv
671,utah_2023__RAW_20230719_091100.420,utah_2023,utah_2023,utah_2023,noise,0,/home/ted1204/MS_Detection_Datamaker/MS_datamaker_UTAH_2023/data/event_2417/RAW_20230719_091100.420.sgy,RAW_20230719_091100.420.sgy,RAW_20230719_091100.420,3.0,5.0,2650,3055,1000.0,utah_2023_labels_2s.csv
672,utah_2023__RAW_20230719_091918.440,utah_2023,utah_2023,utah_2023,noise,0,/home/ted1204/MS_Detection_Datamaker/MS_datamaker_UTAH_2023/data/event_2417/RAW_20230719_091918.440.sgy,RAW_20230719_091918.440.sgy,RAW_20230719_091918.440,0.0,2.0,400,805,1000.0,utah_2023_labels_2s.csv
673,utah_2023__RAW_20230719_091918.440,utah_2023,utah_2023,utah_2023,noise,0,/home/ted1204/MS_Detection_Datamaker/MS_datamaker_UTAH_2023/data/event_2417/RAW_20230719_091918.440.sgy,RAW_20230719_091918.440.sgy,RAW_20230719_091918.440,0.0,2.0,850,1255,1000.0,utah_2023_labels_2s.csv
674,utah_2023__RAW_20230719_091918.440,utah_2023,utah_2023,utah_2023,noise,0,/home/ted1204/MS_Detection_Datamaker/MS_datamaker_UTAH_2023/data/event_2417/RAW_20230719_091918.440.sgy,RAW_20230719_091918.440.sgy,RAW_20230719_091918.440,0.0,2.0,1300,1705,1000.0,utah_2023_labels_2s.csv
675,utah_2023__RAW_20230719_091918.440,utah_2023,utah_2023,utah_2023,noise,0,/home/ted1204/MS_Detection_Datamaker/MS_datamaker_UTAH_2023/data/event_2417/RAW_20230719_091918.440.sgy,RAW_20230719_091918.440.sgy,RAW_20230719_091918.440,0.0,2.0,1750,2155,1000.0,utah_2023_labels_2s.csv
676,utah_2023__RAW_20230719_091918.440,utah_2023,utah_2023,utah_2023,noise,0,/home/ted1204/MS_Detection_Datamaker/MS_datamaker_UTAH_2023/data/event_2417/RAW_20230719_091918.440.sgy,RAW_20230719_091918.440.sgy,RAW_20230719_091918.440,0.0,2.0,2200,2605,1000.0,utah_2023_labels_2s.csv
677,utah_2023__RAW_20230719_091918.440,utah_2023,utah_2023,utah_2023,noise,0,/home/ted1204/MS_Detection_Datamaker/MS_datamaker_UTAH_2023/data/event_2417/RAW_20230719_091918.440.sgy,RAW_20230719_091918.440.sgy,RAW_20230719_091918.440,0.0,2.0,2650,3055,1000.0,utah_2023_labels_2s.csv
678,utah_2023__RAW_20230719_091918.440,utah_2023,utah_2023,utah_2023,noise,0,/home/ted1204/MS_Detection_Datamaker/MS_datamaker_UTAH_2023/data/event_2417/RAW_20230719_091918.440.sgy,RAW_20230719_091918.440.sgy,RAW_20230719_091918.440,3.0,5.0,400,805,1000.0,utah_2023_labels_2s.csv
679,utah_2023__RAW_20230719_091918.440,utah_2023,utah_2023,utah_2023,noise,0,/home/ted1204/MS_Detection_Datamaker/MS_datamaker_UTAH_2023/data/event_2417/RAW_20230719_091918.440.sgy,RAW_20230719_091918.440.sgy,RAW_20230719_091918.440,3.0,5.0,850,1255,1000.0,utah_2023_labels_2s.csv
680,utah_2023__RAW_20230719_091918.440,utah_2023,utah_2023,utah_2023,noise,0,/home/ted1204/MS_Detection_Datamaker/MS_datamaker_UTAH_2023/data/event_2417/RAW_20230719_091918.440.sgy,RAW_20230719_091918.440.sgy,RAW_20230719_091918.440,3.0,5.0,1300,1705,1000.0,utah_2023_labels_2s.csv
681,utah_2023__RAW_20230719_091918.440,utah_2023,utah_2023,utah_2023,noise,0,/home/ted1204/MS_Detection_Datamaker/MS_datamaker_UTAH_2023/data/event_2417/RAW_20230719_091918.440.sgy,RAW_20230719_091918.440.sgy,RAW_20230719_091918.440,3.0,5.0,1750,2155,1000.0,utah_2023_labels_2s.csv
682,utah_2023__RAW_20230719_091918.440,utah_2023,utah_2023,utah_2023,noise,0,/home/ted1204/MS_Detection_Datamaker/MS_datamaker_UTAH_2023/data/event_2417/RAW_20230719_091918.440.sgy,RAW_20230719_091918.440.sgy,RAW_20230719_091918.440,3.0,5.0,2200,2605,1000.0,utah_2023_labels_2s.csv
683,utah_2023__RAW_20230719_091918.440,utah_2023,utah_2023,utah_2023,noise,0,/home/ted1204/MS_Detection_Datamaker/MS_datamaker_UTAH_2023/data/event_2417/RAW_20230719_091918.440.sgy,RAW_20230719_091918.440.sgy,RAW_20230719_091918.440,3.0,5.0,2650,3055,1000.0,utah_2023_labels_2s.csv
684,utah_2023__RAW_20230719_093452.880,utah_2023,utah_2023,utah_2023,noise,0,/home/ted1204/MS_Detection_Datamaker/MS_datamaker_UTAH_2023/data/event_2417/RAW_20230719_093452.880.sgy,RAW_20230719_093452.880.sgy,RAW_20230719_093452.880,0.0,2.0,400,805,1000.0,utah_2023_labels_2s.csv
685,utah_2023__RAW_20230719_093452.880,utah_2023,utah_2023,utah_2023,noise,0,/home/ted1204/MS_Detection_Datamaker/MS_datamaker_UTAH_2023/data/event_2417/RAW_20230719_093452.880.sgy,RAW_20230719_093452.880.sgy,RAW_20230719_093452.880,0.0,2.0,850,1255,1000.0,utah_2023_labels_2s.csv
686,utah_2023__RAW_20230719_093452.880,utah_2023,utah_2023,utah_2023,noise,0,/home/ted1204/MS_Detection_Datamaker/MS_datamaker_UTAH_2023/data/event_2417/RAW_20230719_093452.880.sgy,RAW_20230719_093452.880.sgy,RAW_20230719_093452.880,0.0,2.0,1300,1705,1000.0,utah_2023_labels_2s.csv
687,utah_2023__RAW_20230719_093452.880,utah_2023,utah_2023,utah_2023,noise,0,/home/ted1204/MS_Detection_Datamaker/MS_datamaker_UTAH_2023/data/event_2417/RAW_20230719_093452.880.sgy,RAW_20230719_093452.880.sgy,RAW_20230719_093452.880,0.0,2.0,1750,2155,1000.0,utah_2023_labels_2s.csv
688,utah_2023__RAW_20230719_093452.880,utah_2023,utah_2023,utah_2023,noise,0,/home/ted1204/MS_Detection_Datamaker/MS_datamaker_UTAH_2023/data/event_2417/RAW_20230719_093452.880.sgy,RAW_20230719_093452.880.sgy,RAW_20230719_093452.880,0.0,2.0,2200,2605,1000.0,utah_2023_labels_2s.csv
689,utah_2023__RAW_20230719_093452.880,utah_2023,utah_2023,utah_2023,noise,0,/home/ted1204/MS_Detection_Datamaker/MS_datamaker_UTAH_2023/data/event_2417/RAW_20230719_093452.880.sgy,RAW_20230719_093452.880.sgy,RAW_20230719_093452.880,0.0,2.0,2650,3055,1000.0,utah_2023_labels_2s.csv
690,utah_2023__RAW_20230719_093452.880,utah_2023,utah_2023,utah_2023,noise,0,/home/ted1204/MS_Detection_Datamaker/MS_datamaker_UTAH_2023/data/event_2417/RAW_20230719_093452.880.sgy,RAW_20230719_093452.880.sgy,RAW_20230719_093452.880,3.0,5.0,400,805,1000.0,utah_2023_labels_2s.csv
691,utah_2023__RAW_20230719_093452.880,utah_2023,utah_2023,utah_2023,noise,0,/home/ted1204/MS_Detection_Datamaker/MS_datamaker_UTAH_2023/data/event_2417/RAW_20230719_093452.880.sgy,RAW_20230719_093452.880.sgy,RAW_20230719_093452.880,3.0,5.0,850,1255,1000.0,utah_2023_labels_2s.csv
692,utah_2023__RAW_20230719_093452.880,utah_2023,utah_2023,utah_2023,noise,0,/home/ted1204/MS_Detection_Datamaker/MS_datamaker_UTAH_2023/data/event_2417/RAW_20230719_093452.880.sgy,RAW_20230719_093452.880.sgy,RAW_20230719_093452.880,3.0,5.0,1300,1705,1000.0,utah_2023_labels_2s.csv
693,utah_2023__RAW_20230719_093452.880,utah_2023,utah_2023,utah_2023,noise,0,/home/ted1204/MS_Detection_Datamaker/MS_datamaker_UTAH_2023/data/event_2417/RAW_20230719_093452.880.sgy,RAW_20230719_093452.880.sgy,RAW_20230719_093452.880,3.0,5.0,1750,2155,1000.0,utah_2023_labels_2s.csv
694,utah_2023__RAW_20230719_093452.880,utah_2023,utah_2023,utah_2023,noise,0,/home/ted1204/MS_Detection_Datamaker/MS_datamaker_UTAH_2023/data/event_2417/RAW_20230719_093452.880.sgy,RAW_20230719_093452.880.sgy,RAW_20230719_093452.880,3.0,5.0,2200,2605,1000.0,utah_2023_labels_2s.csv
695,utah_2023__RAW_20230719_093452.880,utah_2023,utah_2023,utah_2023,noise,0,/home/ted1204/MS_Detection_Datamaker/MS_datamaker_UTAH_2023/data/event_2417/RAW_20230719_093452.880.sgy,RAW_20230719_093452.880.sgy,RAW_20230719_093452.880,3.0,5.0,2650,3055,1000.0,utah_2023_labels_2s.csv
696,utah_2023__RAW_20230719_093502.800,utah_2023,utah_2023,utah_2023,noise,0,/home/ted1204/MS_Detection_Datamaker/MS_datamaker_UTAH_2023/data/event_2417/RAW_20230719_093502.800.sgy,RAW_20230719_093502.800.sgy,RAW_20230719_093502.800,0.0,2.0,400,805,1000.0,utah_2023_labels_2s.csv
697,utah_2023__RAW_20230719_093502.800,utah_2023,utah_2023,utah_2023,noise,0,/home/ted1204/MS_Detection_Datamaker/MS_datamaker_UTAH_2023/data/event_2417/RAW_20230719_093502.800.sgy,RAW_20230719_093502.800.sgy,RAW_20230719_093502.800,0.0,2.0,850,1255,1000.0,utah_2023_labels_2s.csv
698,utah_2023__RAW_20230719_093502.800,utah_2023,utah_2023,utah_2023,noise,0,/home/ted1204/MS_Detection_Datamaker/MS_datamaker_UTAH_2023/data/event_2417/RAW_20230719_093502.800.sgy,RAW_20230719_093502.800.sgy,RAW_20230719_093502.800,0.0,2.0,1300,1705,1000.0,utah_2023_labels_2s.csv
699,utah_2023__RAW_20230719_093502.800,utah_2023,utah_2023,utah_2023,noise,0,/home/ted1204/MS_Detection_Datamaker/MS_datamaker_UTAH_2023/data/event_2417/RAW_20230719_093502.800.sgy,RAW_20230719_093502.800.sgy,RAW_20230719_093502.800,0.0,2.0,1750,2155,1000.0,utah_2023_labels_2s.csv
700,utah_2023__RAW_20230719_093502.800,utah_2023,utah_2023,utah_2023,noise,0,/home/ted1204/MS_Detection_Datamaker/MS_datamaker_UTAH_2023/data/event_2417/RAW_20230719_093502.800.sgy,RAW_20230719_093502.800.sgy,RAW_20230719_093502.800,0.0,2.0,2200,2605,1000.0,utah_2023_labels_2s.csv
701,utah_2023__RAW_20230719_093502.800,utah_2023,utah_2023,utah_2023,noise,0,/home/ted1204/MS_Detection_Datamaker/MS_datamaker_UTAH_2023/data/event_2417/RAW_20230719_093502.800.sgy,RAW_20230719_093502.800.sgy,RAW_20230719_093502.800,0.0,2.0,2650,3055,1000.0,utah_2023_labels_2s.csv
702,utah_2023__RAW_20230719_093502.800,utah_2023,utah_2023,utah_2023,noise,0,/home/ted1204/MS_Detection_Datamaker/MS_datamaker_UTAH_2023/data/event_2417/RAW_20230719_093502.800.sgy,RAW_20230719_093502.800.sgy,RAW_20230719_093502.800,3.0,5.0,400,805,1000.0,utah_2023_labels_2s.csv
703,utah_2023__RAW_20230719_093502.800,utah_2023,utah_2023,utah_2023,noise,0,/home/ted1204/MS_Detection_Datamaker/MS_datamaker_UTAH_2023/data/event_2417/RAW_20230719_093502.800.sgy,RAW_20230719_093502.800.sgy,RAW_20230719_093502.800,3.0,5.0,850,1255,1000.0,utah_2023_labels_2s.csv
704,utah_2023__RAW_20230719_093502.800,utah_2023,utah_2023,utah_2023,noise,0,/home/ted1204/MS_Detection_Datamaker/MS_datamaker_UTAH_2023/data/event_2417/RAW_20230719_093502.800.sgy,RAW_20230719_093502.800.sgy,RAW_20230719_093502.800,3.0,5.0,1300,1705,1000.0,utah_2023_labels_2s.csv
705,utah_2023__RAW_20230719_093502.800,utah_2023,utah_2023,utah_2023,noise,0,/home/ted1204/MS_Detection_Datamaker/MS_datamaker_UTAH_2023/data/event_2417/RAW_20230719_093502.800.sgy,RAW_20230719_093502.800.sgy,RAW_20230719_093502.800,3.0,5.0,1750,2155,1000.0,utah_2023_labels_2s.csv
706,utah_2023__RAW_20230719_093502.800,utah_2023,utah_2023,utah_2023,noise,0,/home/ted1204/MS_Detection_Datamaker/MS_datamaker_UTAH_2023/data/event_2417/RAW_20230719_093502.800.sgy,RAW_20230719_093502.800.sgy,RAW_20230719_093502.800,3.0,5.0,2200,2605,1000.0,utah_2023_labels_2s.csv
707,utah_2023__RAW_20230719_093502.800,utah_2023,utah_2023,utah_2023,noise,0,/home/ted1204/MS_Detection_Datamaker/MS_datamaker_UTAH_2023/data/event_2417/RAW_20230719_093502.800.sgy,RAW_20230719_093502.800.sgy,RAW_20230719_093502.800,3.0,5.0,2650,3055,1000.0,utah_2023_labels_2s.csv
708,utah_2023__RAW_20230719_093708.280,utah_2023,utah_2023,utah_2023,noise,0,/home/ted1204/MS_Detection_Datamaker/MS_datamaker_UTAH_2023/data/event_2417/RAW_20230719_093708.280.sgy,RAW_20230719_093708.280.sgy,RAW_20230719_093708.280,0.0,2.0,400,805,1000.0,utah_2023_labels_2s.csv
709,utah_2023__RAW_20230719_093708.280,utah_2023,utah_2023,utah_2023,noise,0,/home/ted1204/MS_Detection_Datamaker/MS_datamaker_UTAH_2023/data/event_2417/RAW_20230719_093708.280.sgy,RAW_20230719_093708.280.sgy,RAW_20230719_093708.280,0.0,2.0,850,1255,1000.0,utah_2023_labels_2s.csv
710,utah_2023__RAW_20230719_093708.280,utah_2023,utah_2023,utah_2023,noise,0,/home/ted1204/MS_Detection_Datamaker/MS_datamaker_UTAH_2023/data/event_2417/RAW_20230719_093708.280.sgy,RAW_20230719_093708.280.sgy,RAW_20230719_093708.280,0.0,2.0,1300,1705,1000.0,utah_2023_labels_2s.csv
711,utah_2023__RAW_20230719_093708.280,utah_2023,utah_2023,utah_2023,noise,0,/home/ted1204/MS_Detection_Datamaker/MS_datamaker_UTAH_2023/data/event_2417/RAW_20230719_093708.280.sgy,RAW_20230719_093708.280.sgy,RAW_20230719_093708.280,0.0,2.0,1750,2155,1000.0,utah_2023_labels_2s.csv
712,utah_2023__RAW_20230719_093708.280,utah_2023,utah_2023,utah_2023,noise,0,/home/ted1204/MS_Detection_Datamaker/MS_datamaker_UTAH_2023/data/event_2417/RAW_20230719_093708.280.sgy,RAW_20230719_093708.280.sgy,RAW_20230719_093708.280,0.0,2.0,2200,2605,1000.0,utah_2023_labels_2s.csv
713,utah_2023__RAW_20230719_093708.280,utah_2023,utah_2023,utah_2023,noise,0,/home/ted1204/MS_Detection_Datamaker/MS_datamaker_UTAH_2023/data/event_2417/RAW_20230719_093708.280.sgy,RAW_20230719_093708.280.sgy,RAW_20230719_093708.280,0.0,2.0,2650,3055,1000.0,utah_2023_labels_2s.csv
714,utah_2023__RAW_20230719_093708.280,utah_2023,utah_2023,utah_2023,noise,0,/home/ted1204/MS_Detection_Datamaker/MS_datamaker_UTAH_2023/data/event_2417/RAW_20230719_093708.280.sgy,RAW_20230719_093708.280.sgy,RAW_20230719_093708.280,3.0,5.0,400,805,1000.0,utah_2023_labels_2s.csv
715,utah_2023__RAW_20230719_093708.280,utah_2023,utah_2023,utah_2023,noise,0,/home/ted1204/MS_Detection_Datamaker/MS_datamaker_UTAH_2023/data/event_2417/RAW_20230719_093708.280.sgy,RAW_20230719_093708.280.sgy,RAW_20230719_093708.280,3.0,5.0,850,1255,1000.0,utah_2023_labels_2s.csv
716,utah_2023__RAW_20230719_093708.280,utah_2023,utah_2023,utah_2023,noise,0,/home/ted1204/MS_Detection_Datamaker/MS_datamaker_UTAH_2023/data/event_2417/RAW_20230719_093708.280.sgy,RAW_20230719_093708.280.sgy,RAW_20230719_093708.280,3.0,5.0,1300,1705,1000.0,utah_2023_labels_2s.csv
717,utah_2023__RAW_20230719_093708.280,utah_2023,utah_2023,utah_2023,noise,0,/home/ted1204/MS_Detection_Datamaker/MS_datamaker_UTAH_2023/data/event_2417/RAW_20230719_093708.280.sgy,RAW_20230719_093708.280.sgy,RAW_20230719_093708.280,3.0,5.0,1750,2155,1000.0,utah_2023_labels_2s.csv
718,utah_2023__RAW_20230719_093708.280,utah_2023,utah_2023,utah_2023,noise,0,/home/ted1204/MS_Detection_Datamaker/MS_datamaker_UTAH_2023/data/event_2417/RAW_20230719_093708.280.sgy,RAW_20230719_093708.280.sgy,RAW_20230719_093708.280,3.0,5.0,2200,2605,1000.0,utah_2023_labels_2s.csv
719,utah_2023__RAW_20230719_093708.280,utah_2023,utah_2023,utah_2023,noise,0,/home/ted1204/MS_Detection_Datamaker/MS_datamaker_UTAH_2023/data/event_2417/RAW_20230719_093708.280.sgy,RAW_20230719_093708.280.sgy,RAW_20230719_093708.280,3.0,5.0,2650,3055,1000.0,utah_2023_labels_2s.csv
720,utah_2023__RAW_20230719_103547.160,utah_2023,utah_2023,utah_2023,noise,0,/home/ted1204/MS_Detection_Datamaker/MS_datamaker_UTAH_2023/data/event_2417/RAW_20230719_103547.160.sgy,RAW_20230719_103547.160.sgy,RAW_20230719_103547.160,0.0,2.0,400,805,1000.0,utah_2023_labels_2s.csv
721,utah_2023__RAW_20230719_103547.160,utah_2023,utah_2023,utah_2023,noise,0,/home/ted1204/MS_Detection_Datamaker/MS_datamaker_UTAH_2023/data/event_2417/RAW_20230719_103547.160.sgy,RAW_20230719_103547.160.sgy,RAW_20230719_103547.160,0.0,2.0,850,1255,1000.0,utah_2023_labels_2s.csv
722,utah_2023__RAW_20230719_103547.160,utah_2023,utah_2023,utah_2023,noise,0,/home/ted1204/MS_Detection_Datamaker/MS_datamaker_UTAH_2023/data/event_2417/RAW_20230719_103547.160.sgy,RAW_20230719_103547.160.sgy,RAW_20230719_103547.160,0.0,2.0,1300,1705,1000.0,utah_2023_labels_2s.csv
723,utah_2023__RAW_20230719_103547.160,utah_2023,utah_2023,utah_2023,noise,0,/home/ted1204/MS_Detection_Datamaker/MS_datamaker_UTAH_2023/data/event_2417/RAW_20230719_103547.160.sgy,RAW_20230719_103547.160.sgy,RAW_20230719_103547.160,0.0,2.0,1750,2155,1000.0,utah_2023_labels_2s.csv
724,utah_2023__RAW_20230719_103547.160,utah_2023,utah_2023,utah_2023,noise,0,/home/ted1204/MS_Detection_Datamaker/MS_datamaker_UTAH_2023/data/event_2417/RAW_20230719_103547.160.sgy,RAW_20230719_103547.160.sgy,RAW_20230719_103547.160,0.0,2.0,2200,2605,1000.0,utah_2023_labels_2s.csv
725,utah_2023__RAW_20230719_103547.160,utah_2023,utah_2023,utah_2023,noise,0,/home/ted1204/MS_Detection_Datamaker/MS_datamaker_UTAH_2023/data/event_2417/RAW_20230719_103547.160.sgy,RAW_20230719_103547.160.sgy,RAW_20230719_103547.160,0.0,2.0,2650,3055,1000.0,utah_2023_labels_2s.csv
726,utah_2023__RAW_20230719_103618.440,utah_2023,utah_2023,utah_2023,noise,0,/home/ted1204/MS_Detection_Datamaker/MS_datamaker_UTAH_2023/data/event_2417/RAW_20230719_103618.440.sgy,RAW_20230719_103618.440.sgy,RAW_20230719_103618.440,0.0,2.0,400,805,1000.0,utah_2023_labels_2s.csv
727,utah_2023__RAW_20230719_103618.440,utah_2023,utah_2023,utah_2023,noise,0,/home/ted1204/MS_Detection_Datamaker/MS_datamaker_UTAH_2023/data/event_2417/RAW_20230719_103618.440.sgy,RAW_20230719_103618.440.sgy,RAW_20230719_103618.440,0.0,2.0,850,1255,1000.0,utah_2023_labels_2s.csv
728,utah_2023__RAW_20230719_103618.440,utah_2023,utah_2023,utah_2023,noise,0,/home/ted1204/MS_Detection_Datamaker/MS_datamaker_UTAH_2023/data/event_2417/RAW_20230719_103618.440.sgy,RAW_20230719_103618.440.sgy,RAW_20230719_103618.440,0.0,2.0,1300,1705,1000.0,utah_2023_labels_2s.csv
729,utah_2023__RAW_20230719_103618.440,utah_2023,utah_2023,utah_2023,noise,0,/home/ted1204/MS_Detection_Datamaker/MS_datamaker_UTAH_2023/data/event_2417/RAW_20230719_103618.440.sgy,RAW_20230719_103618.440.sgy,RAW_20230719_103618.440,0.0,2.0,1750,2155,1000.0,utah_2023_labels_2s.csv
730,utah_2023__RAW_20230719_103618.440,utah_2023,utah_2023,utah_2023,noise,0,/home/ted1204/MS_Detection_Datamaker/MS_datamaker_UTAH_2023/data/event_2417/RAW_20230719_103618.440.sgy,RAW_20230719_103618.440.sgy,RAW_20230719_103618.440,0.0,2.0,2200,2605,1000.0,utah_2023_labels_2s.csv
731,utah_2023__RAW_20230719_103618.440,utah_2023,utah_2023,utah_2023,noise,0,/home/ted1204/MS_Detection_Datamaker/MS_datamaker_UTAH_2023/data/event_2417/RAW_20230719_103618.440.sgy,RAW_20230719_103618.440.sgy,RAW_20230719_103618.440,0.0,2.0,2650,3055,1000.0,utah_2023_labels_2s.csv
732,utah_2023__RAW_20230719_104045.740,utah_2023,utah_2023,utah_2023,noise,0,/home/ted1204/MS_Detection_Datamaker/MS_datamaker_UTAH_2023/data/event_2417/RAW_20230719_104045.740.sgy,RAW_20230719_104045.740.sgy,RAW_20230719_104045.740,0.0,2.0,400,805,1000.0,utah_2023_labels_2s.csv
733,utah_2023__RAW_20230719_104045.740,utah_2023,utah_2023,utah_2023,noise,0,/home/ted1204/MS_Detection_Datamaker/MS_datamaker_UTAH_2023/data/event_2417/RAW_20230719_104045.740.sgy,RAW_20230719_104045.740.sgy,RAW_20230719_104045.740,0.0,2.0,850,1255,1000.0,utah_2023_labels_2s.csv
734,utah_2023__RAW_20230719_104045.740,utah_2023,utah_2023,utah_2023,noise,0,/home/ted1204/MS_Detection_Datamaker/MS_datamaker_UTAH_2023/data/event_2417/RAW_20230719_104045.740.sgy,RAW_20230719_104045.740.sgy,RAW_20230719_104045.740,0.0,2.0,1300,1705,1000.0,utah_2023_labels_2s.csv
735,utah_2023__RAW_20230719_104045.740,utah_2023,utah_2023,utah_2023,noise,0,/home/ted1204/MS_Detection_Datamaker/MS_datamaker_UTAH_2023/data/event_2417/RAW_20230719_104045.740.sgy,RAW_20230719_104045.740.sgy,RAW_20230719_104045.740,0.0,2.0,1750,2155,1000.0,utah_2023_labels_2s.csv
736,utah_2023__RAW_20230719_104045.740,utah_2023,utah_2023,utah_2023,noise,0,/home/ted1204/MS_Detection_Datamaker/MS_datamaker_UTAH_2023/data/event_2417/RAW_20230719_104045.740.sgy,RAW_20230719_104045.740.sgy,RAW_20230719_104045.740,0.0,2.0,2200,2605,1000.0,utah_2023_labels_2s.csv
737,utah_2023__RAW_20230719_104045.740,utah_2023,utah_2023,utah_2023,noise,0,/home/ted1204/MS_Detection_Datamaker/MS_datamaker_UTAH_2023/data/event_2417/RAW_20230719_104045.740.sgy,RAW_20230719_104045.740.sgy,RAW_20230719_104045.740,0.0,2.0,2650,3055,1000.0,utah_2023_labels_2s.csv
738,utah_2023__RAW_20230719_105054.260,utah_2023,utah_2023,utah_2023,noise,0,/home/ted1204/MS_Detection_Datamaker/MS_datamaker_UTAH_2023/data/event_2417/RAW_20230719_105054.260.sgy,RAW_20230719_105054.260.sgy,RAW_20230719_105054.260,0.0,2.0,400,805,1000.0,utah_2023_labels_2s.csv
739,utah_2023__RAW_20230719_105054.260,utah_2023,utah_2023,utah_2023,noise,0,/home/ted1204/MS_Detection_Datamaker/MS_datamaker_UTAH_2023/data/event_2417/RAW_20230719_105054.260.sgy,RAW_20230719_105054.260.sgy,RAW_20230719_105054.260,0.0,2.0,850,1255,1000.0,utah_2023_labels_2s.csv
740,utah_2023__RAW_20230719_105054.260,utah_2023,utah_2023,utah_2023,noise,0,/home/ted1204/MS_Detection_Datamaker/MS_datamaker_UTAH_2023/data/event_2417/RAW_20230719_105054.260.sgy,RAW_20230719_105054.260.sgy,RAW_20230719_105054.260,0.0,2.0,1300,1705,1000.0,utah_2023_labels_2s.csv
741,utah_2023__RAW_20230719_105054.260,utah_2023,utah_2023,utah_2023,noise,0,/home/ted1204/MS_Detection_Datamaker/MS_datamaker_UTAH_2023/data/event_2417/RAW_20230719_105054.260.sgy,RAW_20230719_105054.260.sgy,RAW_20230719_105054.260,0.0,2.0,1750,2155,1000.0,utah_2023_labels_2s.csv
742,utah_2023__RAW_20230719_105054.260,utah_2023,utah_2023,utah_2023,noise,0,/home/ted1204/MS_Detection_Datamaker/MS_datamaker_UTAH_2023/data/event_2417/RAW_20230719_105054.260.sgy,RAW_20230719_105054.260.sgy,RAW_20230719_105054.260,0.0,2.0,2200,2605,1000.0,utah_2023_labels_2s.csv
743,utah_2023__RAW_20230719_105054.260,utah_2023,utah_2023,utah_2023,noise,0,/home/ted1204/MS_Detection_Datamaker/MS_datamaker_UTAH_2023/data/event_2417/RAW_20230719_105054.260.sgy,RAW_20230719_105054.260.sgy,RAW_20230719_105054.260,0.0,2.0,2650,3055,1000.0,utah_2023_labels_2s.csv
744,utah_2023__RAW_20230719_105054.260,utah_2023,utah_2023,utah_2023,noise,0,/home/ted1204/MS_Detection_Datamaker/MS_datamaker_UTAH_2023/data/event_2417/RAW_20230719_105054.260.sgy,RAW_20230719_105054.260.sgy,RAW_20230719_105054.260,3.0,5.0,400,805,1000.0,utah_2023_labels_2s.csv
745,utah_2023__RAW_20230719_105054.260,utah_2023,utah_2023,utah_2023,noise,0,/home/ted1204/MS_Detection_Datamaker/MS_datamaker_UTAH_2023/data/event_2417/RAW_20230719_105054.260.sgy,RAW_20230719_105054.260.sgy,RAW_20230719_105054.260,3.0,5.0,850,1255,1000.0,utah_2023_labels_2s.csv
746,utah_2023__RAW_20230719_105054.260,utah_2023,utah_2023,utah_2023,noise,0,/home/ted1204/MS_Detection_Datamaker/MS_datamaker_UTAH_2023/data/event_2417/RAW_20230719_105054.260.sgy,RAW_20230719_105054.260.sgy,RAW_20230719_105054.260,3.0,5.0,1300,1705,1000.0,utah_2023_labels_2s.csv
747,utah_2023__RAW_20230719_105054.260,utah_2023,utah_2023,utah_2023,noise,0,/home/ted1204/MS_Detection_Datamaker/MS_datamaker_UTAH_2023/data/event_2417/RAW_20230719_105054.260.sgy,RAW_20230719_105054.260.sgy,RAW_20230719_105054.260,3.0,5.0,1750,2155,1000.0,utah_2023_labels_2s.csv
748,utah_2023__RAW_20230719_105054.260,utah_2023,utah_2023,utah_2023,noise,0,/home/ted1204/MS_Detection_Datamaker/MS_datamaker_UTAH_2023/data/event_2417/RAW_20230719_105054.260.sgy,RAW_20230719_105054.260.sgy,RAW_20230719_105054.260,3.0,5.0,2200,2605,1000.0,utah_2023_labels_2s.csv
749,utah_2023__RAW_20230719_105054.260,utah_2023,utah_2023,utah_2023,noise,0,/home/ted1204/MS_Detection_Datamaker/MS_datamaker_UTAH_2023/data/event_2417/RAW_20230719_105054.260.sgy,RAW_20230719_105054.260.sgy,RAW_20230719_105054.260,3.0,5.0,2650,3055,1000.0,utah_2023_labels_2s.csv
750,utah_2023__RAW_20230719_105130.800,utah_2023,utah_2023,utah_2023,noise,0,/home/ted1204/MS_Detection_Datamaker/MS_datamaker_UTAH_2023/data/event_2417/RAW_20230719_105130.800.sgy,RAW_20230719_105130.800.sgy,RAW_20230719_105130.800,0.0,2.0,400,805,1000.0,utah_2023_labels_2s.csv
751,utah_2023__RAW_20230719_105130.800,utah_2023,utah_2023,utah_2023,noise,0,/home/ted1204/MS_Detection_Datamaker/MS_datamaker_UTAH_2023/data/event_2417/RAW_20230719_105130.800.sgy,RAW_20230719_105130.800.sgy,RAW_20230719_105130.800,0.0,2.0,850,1255,1000.0,utah_2023_labels_2s.csv
752,utah_2023__RAW_20230719_105130.800,utah_2023,utah_2023,utah_2023,noise,0,/home/ted1204/MS_Detection_Datamaker/MS_datamaker_UTAH_2023/data/event_2417/RAW_20230719_105130.800.sgy,RAW_20230719_105130.800.sgy,RAW_20230719_105130.800,0.0,2.0,1300,1705,1000.0,utah_2023_labels_2s.csv
753,utah_2023__RAW_20230719_105130.800,utah_2023,utah_2023,utah_2023,noise,0,/home/ted1204/MS_Detection_Datamaker/MS_datamaker_UTAH_2023/data/event_2417/RAW_20230719_105130.800.sgy,RAW_20230719_105130.800.sgy,RAW_20230719_105130.800,0.0,2.0,1750,2155,1000.0,utah_2023_labels_2s.csv
754,utah_2023__RAW_20230719_105130.800,utah_2023,utah_2023,utah_2023,noise,0,/home/ted1204/MS_Detection_Datamaker/MS_datamaker_UTAH_2023/data/event_2417/RAW_20230719_105130.800.sgy,RAW_20230719_105130.800.sgy,RAW_20230719_105130.800,0.0,2.0,2200,2605,1000.0,utah_2023_labels_2s.csv
755,utah_2023__RAW_20230719_105130.800,utah_2023,utah_2023,utah_2023,noise,0,/home/ted1204/MS_Detection_Datamaker/MS_datamaker_UTAH_2023/data/event_2417/RAW_20230719_105130.800.sgy,RAW_20230719_105130.800.sgy,RAW_20230719_105130.800,0.0,2.0,2650,3055,1000.0,utah_2023_labels_2s.csv
756,utah_2023__RAW_20230719_105433.420,utah_2023,utah_2023,utah_2023,noise,0,/home/ted1204/MS_Detection_Datamaker/MS_datamaker_UTAH_2023/data/event_2417/RAW_20230719_105433.420.sgy,RAW_20230719_105433.420.sgy,RAW_20230719_105433.420,0.0,2.0,400,805,1000.0,utah_2023_labels_2s.csv
757,utah_2023__RAW_20230719_105433.420,utah_2023,utah_2023,utah_2023,noise,0,/home/ted1204/MS_Detection_Datamaker/MS_datamaker_UTAH_2023/data/event_2417/RAW_20230719_105433.420.sgy,RAW_20230719_105433.420.sgy,RAW_20230719_105433.420,0.0,2.0,850,1255,1000.0,utah_2023_labels_2s.csv
758,utah_2023__RAW_20230719_105433.420,utah_2023,utah_2023,utah_2023,noise,0,/home/ted1204/MS_Detection_Datamaker/MS_datamaker_UTAH_2023/data/event_2417/RAW_20230719_105433.420.sgy,RAW_20230719_105433.420.sgy,RAW_20230719_105433.420,0.0,2.0,1300,1705,1000.0,utah_2023_labels_2s.csv
759,utah_2023__RAW_20230719_105433.420,utah_2023,utah_2023,utah_2023,noise,0,/home/ted1204/MS_Detection_Datamaker/MS_datamaker_UTAH_2023/data/event_2417/RAW_20230719_105433.420.sgy,RAW_20230719_105433.420.sgy,RAW_20230719_105433.420,0.0,2.0,1750,2155,1000.0,utah_2023_labels_2s.csv
760,utah_2023__RAW_20230719_105433.420,utah_2023,utah_2023,utah_2023,noise,0,/home/ted1204/MS_Detection_Datamaker/MS_datamaker_UTAH_2023/data/event_2417/RAW_20230719_105433.420.sgy,RAW_20230719_105433.420.sgy,RAW_20230719_105433.420,0.0,2.0,2200,2605,1000.0,utah_2023_labels_2s.csv
761,utah_2023__RAW_20230719_105433.420,utah_2023,utah_2023,utah_2023,noise,0,/home/ted1204/MS_Detection_Datamaker/MS_datamaker_UTAH_2023/data/event_2417/RAW_20230719_105433.420.sgy,RAW_20230719_105433.420.sgy,RAW_20230719_105433.420,0.0,2.0,2650,3055,1000.0,utah_2023_labels_2s.csv
762,utah_2023__RAW_20230719_105917.020,utah_2023,utah_2023,utah_2023,noise,0,/home/ted1204/MS_Detection_Datamaker/MS_datamaker_UTAH_2023/data/event_2417/RAW_20230719_105917.020.sgy,RAW_20230719_105917.020.sgy,RAW_20230719_105917.020,0.0,2.0,400,805,1000.0,utah_2023_labels_2s.csv
763,utah_2023__RAW_20230719_105917.020,utah_2023,utah_2023,utah_2023,noise,0,/home/ted1204/MS_Detection_Datamaker/MS_datamaker_UTAH_2023/data/event_2417/RAW_20230719_105917.020.sgy,RAW_20230719_105917.020.sgy,RAW_20230719_105917.020,0.0,2.0,850,1255,1000.0,utah_2023_labels_2s.csv
764,utah_2023__RAW_20230719_105917.020,utah_2023,utah_2023,utah_2023,noise,0,/home/ted1204/MS_Detection_Datamaker/MS_datamaker_UTAH_2023/data/event_2417/RAW_20230719_105917.020.sgy,RAW_20230719_105917.020.sgy,RAW_20230719_105917.020,0.0,2.0,1300,1705,1000.0,utah_2023_labels_2s.csv
765,utah_2023__RAW_20230719_105917.020,utah_2023,utah_2023,utah_2023,noise,0,/home/ted1204/MS_Detection_Datamaker/MS_datamaker_UTAH_2023/data/event_2417/RAW_20230719_105917.020.sgy,RAW_20230719_105917.020.sgy,RAW_20230719_105917.020,0.0,2.0,1750,2155,1000.0,utah_2023_labels_2s.csv
766,utah_2023__RAW_20230719_105917.020,utah_2023,utah_2023,utah_2023,noise,0,/home/ted1204/MS_Detection_Datamaker/MS_datamaker_UTAH_2023/data/event_2417/RAW_20230719_105917.020.sgy,RAW_20230719_105917.020.sgy,RAW_20230719_105917.020,0.0,2.0,2200,2605,1000.0,utah_2023_labels_2s.csv
767,utah_2023__RAW_20230719_105917.020,utah_2023,utah_2023,utah_2023,noise,0,/home/ted1204/MS_Detection_Datamaker/MS_datamaker_UTAH_2023/data/event_2417/RAW_20230719_105917.020.sgy,RAW_20230719_105917.020.sgy,RAW_20230719_105917.020,0.0,2.0,2650,3055,1000.0,utah_2023_labels_2s.csv
768,utah_2023__RAW_20230719_140753.600,utah_2023,utah_2023,utah_2023,noise,0,/home/ted1204/MS_Detection_Datamaker/MS_datamaker_UTAH_2023/data/event_2417/RAW_20230719_140753.600.sgy,RAW_20230719_140753.600.sgy,RAW_20230719_140753.600,0.0,2.0,400,805,1000.0,utah_2023_labels_2s.csv
769,utah_2023__RAW_20230719_140753.600,utah_2023,utah_2023,utah_2023,noise,0,/home/ted1204/MS_Detection_Datamaker/MS_datamaker_UTAH_2023/data/event_2417/RAW_20230719_140753.600.sgy,RAW_20230719_140753.600.sgy,RAW_20230719_140753.600,0.0,2.0,850,1255,1000.0,utah_2023_labels_2s.csv
770,utah_2023__RAW_20230719_140753.600,utah_2023,utah_2023,utah_2023,noise,0,/home/ted1204/MS_Detection_Datamaker/MS_datamaker_UTAH_2023/data/event_2417/RAW_20230719_140753.600.sgy,RAW_20230719_140753.600.sgy,RAW_20230719_140753.600,0.0,2.0,1300,1705,1000.0,utah_2023_labels_2s.csv
771,utah_2023__RAW_20230719_140753.600,utah_2023,utah_2023,utah_2023,noise,0,/home/ted1204/MS_Detection_Datamaker/MS_datamaker_UTAH_2023/data/event_2417/RAW_20230719_140753.600.sgy,RAW_20230719_140753.600.sgy,RAW_20230719_140753.600,0.0,2.0,1750,2155,1000.0,utah_2023_labels_2s.csv
772,utah_2023__RAW_20230719_140753.600,utah_2023,utah_2023,utah_2023,noise,0,/home/ted1204/MS_Detection_Datamaker/MS_datamaker_UTAH_2023/data/event_2417/RAW_20230719_140753.600.sgy,RAW_20230719_140753.600.sgy,RAW_20230719_140753.600,0.0,2.0,2200,2605,1000.0,utah_2023_labels_2s.csv
773,utah_2023__RAW_20230719_140753.600,utah_2023,utah_2023,utah_2023,noise,0,/home/ted1204/MS_Detection_Datamaker/MS_datamaker_UTAH_2023/data/event_2417/RAW_20230719_140753.600.sgy,RAW_20230719_140753.600.sgy,RAW_20230719_140753.600,0.0,2.0,2650,3055,1000.0,utah_2023_labels_2s.csv
774,utah_2023__RAW_20230719_140753.600,utah_2023,utah_2023,utah_2023,noise,0,/home/ted1204/MS_Detection_Datamaker/MS_datamaker_UTAH_2023/data/event_2417/RAW_20230719_140753.600.sgy,RAW_20230719_140753.600.sgy,RAW_20230719_140753.600,1.0,3.0,400,805,1000.0,utah_2023_labels_2s.csv
775,utah_2023__RAW_20230719_140753.600,utah_2023,utah_2023,utah_2023,noise,0,/home/ted1204/MS_Detection_Datamaker/MS_datamaker_UTAH_2023/data/event_2417/RAW_20230719_140753.600.sgy,RAW_20230719_140753.600.sgy,RAW_20230719_140753.600,1.0,3.0,850,1255,1000.0,utah_2023_labels_2s.csv
776,utah_2023__RAW_20230719_140753.600,utah_2023,utah_2023,utah_2023,noise,0,/home/ted1204/MS_Detection_Datamaker/MS_datamaker_UTAH_2023/data/event_2417/RAW_20230719_140753.600.sgy,RAW_20230719_140753.600.sgy,RAW_20230719_140753.600,1.0,3.0,1300,1705,1000.0,utah_2023_labels_2s.csv
777,utah_2023__RAW_20230719_140753.600,utah_2023,utah_2023,utah_2023,noise,0,/home/ted1204/MS_Detection_Datamaker/MS_datamaker_UTAH_2023/data/event_2417/RAW_20230719_140753.600.sgy,RAW_20230719_140753.600.sgy,RAW_20230719_140753.600,1.0,3.0,1750,2155,1000.0,utah_2023_labels_2s.csv
778,utah_2023__RAW_20230719_140753.600,utah_2023,utah_2023,utah_2023,noise,0,/home/ted1204/MS_Detection_Datamaker/MS_datamaker_UTAH_2023/data/event_2417/RAW_20230719_140753.600.sgy,RAW_20230719_140753.600.sgy,RAW_20230719_140753.600,1.0,3.0,2200,2605,1000.0,utah_2023_labels_2s.csv
779,utah_2023__RAW_20230719_140753.600,utah_2023,utah_2023,utah_2023,noise,0,/home/ted1204/MS_Detection_Datamaker/MS_datamaker_UTAH_2023/data/event_2417/RAW_20230719_140753.600.sgy,RAW_20230719_140753.600.sgy,RAW_20230719_140753.600,1.0,3.0,2650,3055,1000.0,utah_2023_labels_2s.csv
780,utah_2023__RAW_20230719_140753.600,utah_2023,utah_2023,utah_2023,noise,0,/home/ted1204/MS_Detection_Datamaker/MS_datamaker_UTAH_2023/data/event_2417/RAW_20230719_140753.600.sgy,RAW_20230719_140753.600.sgy,RAW_20230719_140753.600,3.0,5.0,400,805,1000.0,utah_2023_labels_2s.csv
781,utah_2023__RAW_20230719_140753.600,utah_2023,utah_2023,utah_2023,noise,0,/home/ted1204/MS_Detection_Datamaker/MS_datamaker_UTAH_2023/data/event_2417/RAW_20230719_140753.600.sgy,RAW_20230719_140753.600.sgy,RAW_20230719_140753.600,3.0,5.0,850,1255,1000.0,utah_2023_labels_2s.csv
782,utah_2023__RAW_20230719_140753.600,utah_2023,utah_2023,utah_2023,noise,0,/home/ted1204/MS_Detection_Datamaker/MS_datamaker_UTAH_2023/data/event_2417/RAW_20230719_140753.600.sgy,RAW_20230719_140753.600.sgy,RAW_20230719_140753.600,3.0,5.0,1300,1705,1000.0,utah_2023_labels_2s.csv
783,utah_2023__RAW_20230719_140753.600,utah_2023,utah_2023,utah_2023,noise,0,/home/ted1204/MS_Detection_Datamaker/MS_datamaker_UTAH_2023/data/event_2417/RAW_20230719_140753.600.sgy,RAW_20230719_140753.600.sgy,RAW_20230719_140753.600,3.0,5.0,1750,2155,1000.0,utah_2023_labels_2s.csv
784,utah_2023__RAW_20230719_140753.600,utah_2023,utah_2023,utah_2023,noise,0,/home/ted1204/MS_Detection_Datamaker/MS_datamaker_UTAH_2023/data/event_2417/RAW_20230719_140753.600.sgy,RAW_20230719_140753.600.sgy,RAW_20230719_140753.600,3.0,5.0,2200,2605,1000.0,utah_2023_labels_2s.csv
785,utah_2023__RAW_20230719_140753.600,utah_2023,utah_2023,utah_2023,noise,0,/home/ted1204/MS_Detection_Datamaker/MS_datamaker_UTAH_2023/data/event_2417/RAW_20230719_140753.600.sgy,RAW_20230719_140753.600.sgy,RAW_20230719_140753.600,3.0,5.0,2650,3055,1000.0,utah_2023_labels_2s.csv
786,utah_2023__RAW_20230719_141257.260,utah_2023,utah_2023,utah_2023,noise,0,/home/ted1204/MS_Detection_Datamaker/MS_datamaker_UTAH_2023/data/event_2417/RAW_20230719_141257.260.sgy,RAW_20230719_141257.260.sgy,RAW_20230719_141257.260,0.0,2.0,400,805,1000.0,utah_2023_labels_2s.csv
787,utah_2023__RAW_20230719_141257.260,utah_2023,utah_2023,utah_2023,noise,0,/home/ted1204/MS_Detection_Datamaker/MS_datamaker_UTAH_2023/data/event_2417/RAW_20230719_141257.260.sgy,RAW_20230719_141257.260.sgy,RAW_20230719_141257.260,0.0,2.0,850,1255,1000.0,utah_2023_labels_2s.csv
788,utah_2023__RAW_20230719_141257.260,utah_2023,utah_2023,utah_2023,noise,0,/home/ted1204/MS_Detection_Datamaker/MS_datamaker_UTAH_2023/data/event_2417/RAW_20230719_141257.260.sgy,RAW_20230719_141257.260.sgy,RAW_20230719_141257.260,0.0,2.0,1300,1705,1000.0,utah_2023_labels_2s.csv
789,utah_2023__RAW_20230719_141257.260,utah_2023,utah_2023,utah_2023,noise,0,/home/ted1204/MS_Detection_Datamaker/MS_datamaker_UTAH_2023/data/event_2417/RAW_20230719_141257.260.sgy,RAW_20230719_141257.260.sgy,RAW_20230719_141257.260,0.0,2.0,1750,2155,1000.0,utah_2023_labels_2s.csv
790,utah_2023__RAW_20230719_141257.260,utah_2023,utah_2023,utah_2023,noise,0,/home/ted1204/MS_Detection_Datamaker/MS_datamaker_UTAH_2023/data/event_2417/RAW_20230719_141257.260.sgy,RAW_20230719_141257.260.sgy,RAW_20230719_141257.260,0.0,2.0,2200,2605,1000.0,utah_2023_labels_2s.csv
791,utah_2023__RAW_20230719_141257.260,utah_2023,utah_2023,utah_2023,noise,0,/home/ted1204/MS_Detection_Datamaker/MS_datamaker_UTAH_2023/data/event_2417/RAW_20230719_141257.260.sgy,RAW_20230719_141257.260.sgy,RAW_20230719_141257.260,0.0,2.0,2650,3055,1000.0,utah_2023_labels_2s.csv
792,utah_2023__RAW_20230719_141257.260,utah_2023,utah_2023,utah_2023,noise,0,/home/ted1204/MS_Detection_Datamaker/MS_datamaker_UTAH_2023/data/event_2417/RAW_20230719_141257.260.sgy,RAW_20230719_141257.260.sgy,RAW_20230719_141257.260,3.0,5.0,400,805,1000.0,utah_2023_labels_2s.csv
793,utah_2023__RAW_20230719_141257.260,utah_2023,utah_2023,utah_2023,noise,0,/home/ted1204/MS_Detection_Datamaker/MS_datamaker_UTAH_2023/data/event_2417/RAW_20230719_141257.260.sgy,RAW_20230719_141257.260.sgy,RAW_20230719_141257.260,3.0,5.0,850,1255,1000.0,utah_2023_labels_2s.csv
794,utah_2023__RAW_20230719_141257.260,utah_2023,utah_2023,utah_2023,noise,0,/home/ted1204/MS_Detection_Datamaker/MS_datamaker_UTAH_2023/data/event_2417/RAW_20230719_141257.260.sgy,RAW_20230719_141257.260.sgy,RAW_20230719_141257.260,3.0,5.0,1300,1705,1000.0,utah_2023_labels_2s.csv
795,utah_2023__RAW_20230719_141257.260,utah_2023,utah_2023,utah_2023,noise,0,/home/ted1204/MS_Detection_Datamaker/MS_datamaker_UTAH_2023/data/event_2417/RAW_20230719_141257.260.sgy,RAW_20230719_141257.260.sgy,RAW_20230719_141257.260,3.0,5.0,1750,2155,1000.0,utah_2023_labels_2s.csv
796,utah_2023__RAW_20230719_141257.260,utah_2023,utah_2023,utah_2023,noise,0,/home/ted1204/MS_Detection_Datamaker/MS_datamaker_UTAH_2023/data/event_2417/RAW_20230719_141257.260.sgy,RAW_20230719_141257.260.sgy,RAW_20230719_141257.260,3.0,5.0,2200,2605,1000.0,utah_2023_labels_2s.csv
797,utah_2023__RAW_20230719_141257.260,utah_2023,utah_2023,utah_2023,noise,0,/home/ted1204/MS_Detection_Datamaker/MS_datamaker_UTAH_2023/data/event_2417/RAW_20230719_141257.260.sgy,RAW_20230719_141257.260.sgy,RAW_20230719_141257.260,3.0,5.0,2650,3055,1000.0,utah_2023_labels_2s.csv
798,utah_2023__RAW_20230719_142106.840,utah_2023,utah_2023,utah_2023,noise,0,/home/ted1204/MS_Detection_Datamaker/MS_datamaker_UTAH_2023/data/event_2417/RAW_20230719_142106.840.sgy,RAW_20230719_142106.840.sgy,RAW_20230719_142106.840,0.0,2.0,400,805,1000.0,utah_2023_labels_2s.csv
799,utah_2023__RAW_20230719_142106.840,utah_2023,utah_2023,utah_2023,noise,0,/home/ted1204/MS_Detection_Datamaker/MS_datamaker_UTAH_2023/data/event_2417/RAW_20230719_142106.840.sgy,RAW_20230719_142106.840.sgy,RAW_20230719_142106.840,0.0,2.0,850,1255,1000.0,utah_2023_labels_2s.csv
800,utah_2023__RAW_20230719_142106.840,utah_2023,utah_2023,utah_2023,noise,0,/home/ted1204/MS_Detection_Datamaker/MS_datamaker_UTAH_2023/data/event_2417/RAW_20230719_142106.840.sgy,RAW_20230719_142106.840.sgy,RAW_20230719_142106.840,0.0,2.0,1300,1705,1000.0,utah_2023_labels_2s.csv
801,utah_2023__RAW_20230719_142106.840,utah_2023,utah_2023,utah_2023,noise,0,/home/ted1204/MS_Detection_Datamaker/MS_datamaker_UTAH_2023/data/event_2417/RAW_20230719_142106.840.sgy,RAW_20230719_142106.840.sgy,RAW_20230719_142106.840,0.0,2.0,1750,2155,1000.0,utah_2023_labels_2s.csv
802,utah_2023__RAW_20230719_142106.840,utah_2023,utah_2023,utah_2023,noise,0,/home/ted1204/MS_Detection_Datamaker/MS_datamaker_UTAH_2023/data/event_2417/RAW_20230719_142106.840.sgy,RAW_20230719_142106.840.sgy,RAW_20230719_142106.840,0.0,2.0,2200,2605,1000.0,utah_2023_labels_2s.csv
803,utah_2023__RAW_20230719_142106.840,utah_2023,utah_2023,utah_2023,noise,0,/home/ted1204/MS_Detection_Datamaker/MS_datamaker_UTAH_2023/data/event_2417/RAW_20230719_142106.840.sgy,RAW_20230719_142106.840.sgy,RAW_20230719_142106.840,0.0,2.0,2650,3055,1000.0,utah_2023_labels_2s.csv
804,utah_2023__RAW_20230719_142106.840,utah_2023,utah_2023,utah_2023,noise,0,/home/ted1204/MS_Detection_Datamaker/MS_datamaker_UTAH_2023/data/event_2417/RAW_20230719_142106.840.sgy,RAW_20230719_142106.840.sgy,RAW_20230719_142106.840,3.0,5.0,400,805,1000.0,utah_2023_labels_2s.csv
805,utah_2023__RAW_20230719_142106.840,utah_2023,utah_2023,utah_2023,noise,0,/home/ted1204/MS_Detection_Datamaker/MS_datamaker_UTAH_2023/data/event_2417/RAW_20230719_142106.840.sgy,RAW_20230719_142106.840.sgy,RAW_20230719_142106.840,3.0,5.0,850,1255,1000.0,utah_2023_labels_2s.csv
806,utah_2023__RAW_20230719_142106.840,utah_2023,utah_2023,utah_2023,noise,0,/home/ted1204/MS_Detection_Datamaker/MS_datamaker_UTAH_2023/data/event_2417/RAW_20230719_142106.840.sgy,RAW_20230719_142106.840.sgy,RAW_20230719_142106.840,3.0,5.0,1300,1705,1000.0,utah_2023_labels_2s.csv
807,utah_2023__RAW_20230719_142106.840,utah_2023,utah_2023,utah_2023,noise,0,/home/ted1204/MS_Detection_Datamaker/MS_datamaker_UTAH_2023/data/event_2417/RAW_20230719_142106.840.sgy,RAW_20230719_142106.840.sgy,RAW_20230719_142106.840,3.0,5.0,1750,2155,1000.0,utah_2023_labels_2s.csv
808,utah_2023__RAW_20230719_142106.840,utah_2023,utah_2023,utah_2023,noise,0,/home/ted1204/MS_Detection_Datamaker/MS_datamaker_UTAH_2023/data/event_2417/RAW_20230719_142106.840.sgy,RAW_20230719_142106.840.sgy,RAW_20230719_142106.840,3.0,5.0,2200,2605,1000.0,utah_2023_labels_2s.csv
809,utah_2023__RAW_20230719_142106.840,utah_2023,utah_2023,utah_2023,noise,0,/home/ted1204/MS_Detection_Datamaker/MS_datamaker_UTAH_2023/data/event_2417/RAW_20230719_142106.840.sgy,RAW_20230719_142106.840.sgy,RAW_20230719_142106.840,3.0,5.0,2650,3055,1000.0,utah_2023_labels_2s.csv
810,utah_2023__RAW_20230719_144729.880,utah_2023,utah_2023,utah_2023,noise,0,/home/ted1204/MS_Detection_Datamaker/MS_datamaker_UTAH_2023/data/event_2417/RAW_20230719_144729.880.sgy,RAW_20230719_144729.880.sgy,RAW_20230719_144729.880,0.0,2.0,400,805,1000.0,utah_2023_labels_2s.csv
811,utah_2023__RAW_20230719_144729.880,utah_2023,utah_2023,utah_2023,noise,0,/home/ted1204/MS_Detection_Datamaker/MS_datamaker_UTAH_2023/data/event_2417/RAW_20230719_144729.880.sgy,RAW_20230719_144729.880.sgy,RAW_20230719_144729.880,0.0,2.0,850,1255,1000.0,utah_2023_labels_2s.csv
812,utah_2023__RAW_20230719_144729.880,utah_2023,utah_2023,utah_2023,noise,0,/home/ted1204/MS_Detection_Datamaker/MS_datamaker_UTAH_2023/data/event_2417/RAW_20230719_144729.880.sgy,RAW_20230719_144729.880.sgy,RAW_20230719_144729.880,0.0,2.0,1300,1705,1000.0,utah_2023_labels_2s.csv
813,utah_2023__RAW_20230719_144729.880,utah_2023,utah_2023,utah_2023,noise,0,/home/ted1204/MS_Detection_Datamaker/MS_datamaker_UTAH_2023/data/event_2417/RAW_20230719_144729.880.sgy,RAW_20230719_144729.880.sgy,RAW_20230719_144729.880,0.0,2.0,1750,2155,1000.0,utah_2023_labels_2s.csv
814,utah_2023__RAW_20230719_144729.880,utah_2023,utah_2023,utah_2023,noise,0,/home/ted1204/MS_Detection_Datamaker/MS_datamaker_UTAH_2023/data/event_2417/RAW_20230719_144729.880.sgy,RAW_20230719_144729.880.sgy,RAW_20230719_144729.880,0.0,2.0,2200,2605,1000.0,utah_2023_labels_2s.csv
815,utah_2023__RAW_20230719_144729.880,utah_2023,utah_2023,utah_2023,noise,0,/home/ted1204/MS_Detection_Datamaker/MS_datamaker_UTAH_2023/data/event_2417/RAW_20230719_144729.880.sgy,RAW_20230719_144729.880.sgy,RAW_20230719_144729.880,0.0,2.0,2650,3055,1000.0,utah_2023_labels_2s.csv
816,utah_2023__RAW_20230719_144729.880,utah_2023,utah_2023,utah_2023,noise,0,/home/ted1204/MS_Detection_Datamaker/MS_datamaker_UTAH_2023/data/event_2417/RAW_20230719_144729.880.sgy,RAW_20230719_144729.880.sgy,RAW_20230719_144729.880,1.0,3.0,400,805,1000.0,utah_2023_labels_2s.csv
817,utah_2023__RAW_20230719_144729.880,utah_2023,utah_2023,utah_2023,noise,0,/home/ted1204/MS_Detection_Datamaker/MS_datamaker_UTAH_2023/data/event_2417/RAW_20230719_144729.880.sgy,RAW_20230719_144729.880.sgy,RAW_20230719_144729.880,1.0,3.0,850,1255,1000.0,utah_2023_labels_2s.csv
818,utah_2023__RAW_20230719_144729.880,utah_2023,utah_2023,utah_2023,noise,0,/home/ted1204/MS_Detection_Datamaker/MS_datamaker_UTAH_2023/data/event_2417/RAW_20230719_144729.880.sgy,RAW_20230719_144729.880.sgy,RAW_20230719_144729.880,1.0,3.0,1300,1705,1000.0,utah_2023_labels_2s.csv
819,utah_2023__RAW_20230719_144729.880,utah_2023,utah_2023,utah_2023,noise,0,/home/ted1204/MS_Detection_Datamaker/MS_datamaker_UTAH_2023/data/event_2417/RAW_20230719_144729.880.sgy,RAW_20230719_144729.880.sgy,RAW_20230719_144729.880,1.0,3.0,1750,2155,1000.0,utah_2023_labels_2s.csv
820,utah_2023__RAW_20230719_144729.880,utah_2023,utah_2023,utah_2023,noise,0,/home/ted1204/MS_Detection_Datamaker/MS_datamaker_UTAH_2023/data/event_2417/RAW_20230719_144729.880.sgy,RAW_20230719_144729.880.sgy,RAW_20230719_144729.880,1.0,3.0,2200,2605,1000.0,utah_2023_labels_2s.csv
821,utah_2023__RAW_20230719_144729.880,utah_2023,utah_2023,utah_2023,noise,0,/home/ted1204/MS_Detection_Datamaker/MS_datamaker_UTAH_2023/data/event_2417/RAW_20230719_144729.880.sgy,RAW_20230719_144729.880.sgy,RAW_20230719_144729.880,1.0,3.0,2650,3055,1000.0,utah_2023_labels_2s.csv
822,utah_2023__RAW_20230719_144729.880,utah_2023,utah_2023,utah_2023,noise,0,/home/ted1204/MS_Detection_Datamaker/MS_datamaker_UTAH_2023/data/event_2417/RAW_20230719_144729.880.sgy,RAW_20230719_144729.880.sgy,RAW_20230719_144729.880,3.0,5.0,400,805,1000.0,utah_2023_labels_2s.csv
823,utah_2023__RAW_20230719_144729.880,utah_2023,utah_2023,utah_2023,noise,0,/home/ted1204/MS_Detection_Datamaker/MS_datamaker_UTAH_2023/data/event_2417/RAW_20230719_144729.880.sgy,RAW_20230719_144729.880.sgy,RAW_20230719_144729.880,3.0,5.0,850,1255,1000.0,utah_2023_labels_2s.csv
824,utah_2023__RAW_20230719_144729.880,utah_2023,utah_2023,utah_2023,noise,0,/home/ted1204/MS_Detection_Datamaker/MS_datamaker_UTAH_2023/data/event_2417/RAW_20230719_144729.880.sgy,RAW_20230719_144729.880.sgy,RAW_20230719_144729.880,3.0,5.0,1300,1705,1000.0,utah_2023_labels_2s.csv
825,utah_2023__RAW_20230719_144729.880,utah_2023,utah_2023,utah_2023,noise,0,/home/ted1204/MS_Detection_Datamaker/MS_datamaker_UTAH_2023/data/event_2417/RAW_20230719_144729.880.sgy,RAW_20230719_144729.880.sgy,RAW_20230719_144729.880,3.0,5.0,1750,2155,1000.0,utah_2023_labels_2s.csv
826,utah_2023__RAW_20230719_144729.880,utah_2023,utah_2023,utah_2023,noise,0,/home/ted1204/MS_Detection_Datamaker/MS_datamaker_UTAH_2023/data/event_2417/RAW_20230719_144729.880.sgy,RAW_20230719_144729.880.sgy,RAW_20230719_144729.880,3.0,5.0,2200,2605,1000.0,utah_2023_labels_2s.csv
827,utah_2023__RAW_20230719_144729.880,utah_2023,utah_2023,utah_2023,noise,0,/home/ted1204/MS_Detection_Datamaker/MS_datamaker_UTAH_2023/data/event_2417/RAW_20230719_144729.880.sgy,RAW_20230719_144729.880.sgy,RAW_20230719_144729.880,3.0,5.0,2650,3055,1000.0,utah_2023_labels_2s.csv
828,utah_2023__RAW_20230719_145559.460,utah_2023,utah_2023,utah_2023,noise,0,/home/ted1204/MS_Detection_Datamaker/MS_datamaker_UTAH_2023/data/event_2417/RAW_20230719_145559.460.sgy,RAW_20230719_145559.460.sgy,RAW_20230719_145559.460,0.0,2.0,400,805,1000.0,utah_2023_labels_2s.csv
829,utah_2023__RAW_20230719_145559.460,utah_2023,utah_2023,utah_2023,noise,0,/home/ted1204/MS_Detection_Datamaker/MS_datamaker_UTAH_2023/data/event_2417/RAW_20230719_145559.460.sgy,RAW_20230719_145559.460.sgy,RAW_20230719_145559.460,0.0,2.0,850,1255,1000.0,utah_2023_labels_2s.csv
830,utah_2023__RAW_20230719_145559.460,utah_2023,utah_2023,utah_2023,noise,0,/home/ted1204/MS_Detection_Datamaker/MS_datamaker_UTAH_2023/data/event_2417/RAW_20230719_145559.460.sgy,RAW_20230719_145559.460.sgy,RAW_20230719_145559.460,0.0,2.0,1300,1705,1000.0,utah_2023_labels_2s.csv
831,utah_2023__RAW_20230719_145559.460,utah_2023,utah_2023,utah_2023,noise,0,/home/ted1204/MS_Detection_Datamaker/MS_datamaker_UTAH_2023/data/event_2417/RAW_20230719_145559.460.sgy,RAW_20230719_145559.460.sgy,RAW_20230719_145559.460,0.0,2.0,1750,2155,1000.0,utah_2023_labels_2s.csv
832,utah_2023__RAW_20230719_145559.460,utah_2023,utah_2023,utah_2023,noise,0,/home/ted1204/MS_Detection_Datamaker/MS_datamaker_UTAH_2023/data/event_2417/RAW_20230719_145559.460.sgy,RAW_20230719_145559.460.sgy,RAW_20230719_145559.460,0.0,2.0,2200,2605,1000.0,utah_2023_labels_2s.csv
833,utah_2023__RAW_20230719_145559.460,utah_2023,utah_2023,utah_2023,noise,0,/home/ted1204/MS_Detection_Datamaker/MS_datamaker_UTAH_2023/data/event_2417/RAW_20230719_145559.460.sgy,RAW_20230719_145559.460.sgy,RAW_20230719_145559.460,0.0,2.0,2650,3055,1000.0,utah_2023_labels_2s.csv
834,utah_2023__RAW_20230719_145559.460,utah_2023,utah_2023,utah_2023,noise,0,/home/ted1204/MS_Detection_Datamaker/MS_datamaker_UTAH_2023/data/event_2417/RAW_20230719_145559.460.sgy,RAW_20230719_145559.460.sgy,RAW_20230719_145559.460,3.0,5.0,400,805,1000.0,utah_2023_labels_2s.csv
835,utah_2023__RAW_20230719_145559.460,utah_2023,utah_2023,utah_2023,noise,0,/home/ted1204/MS_Detection_Datamaker/MS_datamaker_UTAH_2023/data/event_2417/RAW_20230719_145559.460.sgy,RAW_20230719_145559.460.sgy,RAW_20230719_145559.460,3.0,5.0,850,1255,1000.0,utah_2023_labels_2s.csv
836,utah_2023__RAW_20230719_145559.460,utah_2023,utah_2023,utah_2023,noise,0,/home/ted1204/MS_Detection_Datamaker/MS_datamaker_UTAH_2023/data/event_2417/RAW_20230719_145559.460.sgy,RAW_20230719_145559.460.sgy,RAW_20230719_145559.460,3.0,5.0,1300,1705,1000.0,utah_2023_labels_2s.csv
837,utah_2023__RAW_20230719_145559.460,utah_2023,utah_2023,utah_2023,noise,0,/home/ted1204/MS_Detection_Datamaker/MS_datamaker_UTAH_2023/data/event_2417/RAW_20230719_145559.460.sgy,RAW_20230719_145559.460.sgy,RAW_20230719_145559.460,3.0,5.0,1750,2155,1000.0,utah_2023_labels_2s.csv
838,utah_2023__RAW_20230719_145559.460,utah_2023,utah_2023,utah_2023,noise,0,/home/ted1204/MS_Detection_Datamaker/MS_datamaker_UTAH_2023/data/event_2417/RAW_20230719_145559.460.sgy,RAW_20230719_145559.460.sgy,RAW_20230719_145559.460,3.0,5.0,2200,2605,1000.0,utah_2023_labels_2s.csv
839,utah_2023__RAW_20230719_145559.460,utah_2023,utah_2023,utah_2023,noise,0,/home/ted1204/MS_Detection_Datamaker/MS_datamaker_UTAH_2023/data/event_2417/RAW_20230719_145559.460.sgy,RAW_20230719_145559.460.sgy,RAW_20230719_145559.460,3.0,5.0,2650,3055,1000.0,utah_2023_labels_2s.csv
840,utah_2023__RAW_20230719_152521.700,utah_2023,utah_2023,utah_2023,noise,0,/home/ted1204/MS_Detection_Datamaker/MS_datamaker_UTAH_2023/data/event_2417/RAW_20230719_152521.700.sgy,RAW_20230719_152521.700.sgy,RAW_20230719_152521.700,0.0,2.0,400,805,1000.0,utah_2023_labels_2s.csv
841,utah_2023__RAW_20230719_152521.700,utah_2023,utah_2023,utah_2023,noise,0,/home/ted1204/MS_Detection_Datamaker/MS_datamaker_UTAH_2023/data/event_2417/RAW_20230719_152521.700.sgy,RAW_20230719_152521.700.sgy,RAW_20230719_152521.700,0.0,2.0,850,1255,1000.0,utah_2023_labels_2s.csv
842,utah_2023__RAW_20230719_152521.700,utah_2023,utah_2023,utah_2023,noise,0,/home/ted1204/MS_Detection_Datamaker/MS_datamaker_UTAH_2023/data/event_2417/RAW_20230719_152521.700.sgy,RAW_20230719_152521.700.sgy,RAW_20230719_152521.700,0.0,2.0,1300,1705,1000.0,utah_2023_labels_2s.csv
843,utah_2023__RAW_20230719_152521.700,utah_2023,utah_2023,utah_2023,noise,0,/home/ted1204/MS_Detection_Datamaker/MS_datamaker_UTAH_2023/data/event_2417/RAW_20230719_152521.700.sgy,RAW_20230719_152521.700.sgy,RAW_20230719_152521.700,0.0,2.0,1750,2155,1000.0,utah_2023_labels_2s.csv
844,utah_2023__RAW_20230719_152521.700,utah_2023,utah_2023,utah_2023,noise,0,/home/ted1204/MS_Detection_Datamaker/MS_datamaker_UTAH_2023/data/event_2417/RAW_20230719_152521.700.sgy,RAW_20230719_152521.700.sgy,RAW_20230719_152521.700,0.0,2.0,2200,2605,1000.0,utah_2023_labels_2s.csv
845,utah_2023__RAW_20230719_152521.700,utah_2023,utah_2023,utah_2023,noise,0,/home/ted1204/MS_Detection_Datamaker/MS_datamaker_UTAH_2023/data/event_2417/RAW_20230719_152521.700.sgy,RAW_20230719_152521.700.sgy,RAW_20230719_152521.700,0.0,2.0,2650,3055,1000.0,utah_2023_labels_2s.csv
846,utah_2023__RAW_20230719_154038.400,utah_2023,utah_2023,utah_2023,noise,0,/home/ted1204/MS_Detection_Datamaker/MS_datamaker_UTAH_2023/data/event_2417/RAW_20230719_154038.400.sgy,RAW_20230719_154038.400.sgy,RAW_20230719_154038.400,0.0,2.0,400,805,1000.0,utah_2023_labels_2s.csv
847,utah_2023__RAW_20230719_154038.400,utah_2023,utah_2023,utah_2023,noise,0,/home/ted1204/MS_Detection_Datamaker/MS_datamaker_UTAH_2023/data/event_2417/RAW_20230719_154038.400.sgy,RAW_20230719_154038.400.sgy,RAW_20230719_154038.400,0.0,2.0,850,1255,1000.0,utah_2023_labels_2s.csv
848,utah_2023__RAW_20230719_154038.400,utah_2023,utah_2023,utah_2023,noise,0,/home/ted1204/MS_Detection_Datamaker/MS_datamaker_UTAH_2023/data/event_2417/RAW_20230719_154038.400.sgy,RAW_20230719_154038.400.sgy,RAW_20230719_154038.400,0.0,2.0,1300,1705,1000.0,utah_2023_labels_2s.csv
849,utah_2023__RAW_20230719_154038.400,utah_2023,utah_2023,utah_2023,noise,0,/home/ted1204/MS_Detection_Datamaker/MS_datamaker_UTAH_2023/data/event_2417/RAW_20230719_154038.400.sgy,RAW_20230719_154038.400.sgy,RAW_20230719_154038.400,0.0,2.0,1750,2155,1000.0,utah_2023_labels_2s.csv
850,utah_2023__RAW_20230719_154038.400,utah_2023,utah_2023,utah_2023,noise,0,/home/ted1204/MS_Detection_Datamaker/MS_datamaker_UTAH_2023/data/event_2417/RAW_20230719_154038.400.sgy,RAW_20230719_154038.400.sgy,RAW_20230719_154038.400,0.0,2.0,2200,2605,1000.0,utah_2023_labels_2s.csv
851,utah_2023__RAW_20230719_154038.400,utah_2023,utah_2023,utah_2023,noise,0,/home/ted1204/MS_Detection_Datamaker/MS_datamaker_UTAH_2023/data/event_2417/RAW_20230719_154038.400.sgy,RAW_20230719_154038.400.sgy,RAW_20230719_154038.400,0.0,2.0,2650,3055,1000.0,utah_2023_labels_2s.csv
852,utah_2023__RAW_20230719_154546.400,utah_2023,utah_2023,utah_2023,noise,0,/home/ted1204/MS_Detection_Datamaker/MS_datamaker_UTAH_2023/data/event_2417/RAW_20230719_154546.400.sgy,RAW_20230719_154546.400.sgy,RAW_20230719_154546.400,0.0,2.0,400,805,1000.0,utah_2023_labels_2s.csv
853,utah_2023__RAW_20230719_154546.400,utah_2023,utah_2023,utah_2023,noise,0,/home/ted1204/MS_Detection_Datamaker/MS_datamaker_UTAH_2023/data/event_2417/RAW_20230719_154546.400.sgy,RAW_20230719_154546.400.sgy,RAW_20230719_154546.400,0.0,2.0,850,1255,1000.0,utah_2023_labels_2s.csv
854,utah_2023__RAW_20230719_154546.400,utah_2023,utah_2023,utah_2023,noise,0,/home/ted1204/MS_Detection_Datamaker/MS_datamaker_UTAH_2023/data/event_2417/RAW_20230719_154546.400.sgy,RAW_20230719_154546.400.sgy,RAW_20230719_154546.400,0.0,2.0,1300,1705,1000.0,utah_2023_labels_2s.csv
855,utah_2023__RAW_20230719_154546.400,utah_2023,utah_2023,utah_2023,noise,0,/home/ted1204/MS_Detection_Datamaker/MS_datamaker_UTAH_2023/data/event_2417/RAW_20230719_154546.400.sgy,RAW_20230719_154546.400.sgy,RAW_20230719_154546.400,0.0,2.0,1750,2155,1000.0,utah_2023_labels_2s.csv
856,utah_2023__RAW_20230719_154546.400,utah_2023,utah_2023,utah_2023,noise,0,/home/ted1204/MS_Detection_Datamaker/MS_datamaker_UTAH_2023/data/event_2417/RAW_20230719_154546.400.sgy,RAW_20230719_154546.400.sgy,RAW_20230719_154546.400,0.0,2.0,2200,2605,1000.0,utah_2023_labels_2s.csv
857,utah_2023__RAW_20230719_154546.400,utah_2023,utah_2023,utah_2023,noise,0,/home/ted1204/MS_Detection_Datamaker/MS_datamaker_UTAH_2023/data/event_2417/RAW_20230719_154546.400.sgy,RAW_20230719_154546.400.sgy,RAW_20230719_154546.400,0.0,2.0,2650,3055,1000.0,utah_2023_labels_2s.csv
858,utah_2023__RAW_20230719_155048.700,utah_2023,utah_2023,utah_2023,noise,0,/home/ted1204/MS_Detection_Datamaker/MS_datamaker_UTAH_2023/data/event_2417/RAW_20230719_155048.700.sgy,RAW_20230719_155048.700.sgy,RAW_20230719_155048.700,0.0,2.0,400,805,1000.0,utah_2023_labels_2s.csv
859,utah_2023__RAW_20230719_155048.700,utah_2023,utah_2023,utah_2023,noise,0,/home/ted1204/MS_Detection_Datamaker/MS_datamaker_UTAH_2023/data/event_2417/RAW_20230719_155048.700.sgy,RAW_20230719_155048.700.sgy,RAW_20230719_155048.700,0.0,2.0,850,1255,1000.0,utah_2023_labels_2s.csv
860,utah_2023__RAW_20230719_155048.700,utah_2023,utah_2023,utah_2023,noise,0,/home/ted1204/MS_Detection_Datamaker/MS_datamaker_UTAH_2023/data/event_2417/RAW_20230719_155048.700.sgy,RAW_20230719_155048.700.sgy,RAW_20230719_155048.700,0.0,2.0,1300,1705,1000.0,utah_2023_labels_2s.csv
861,utah_2023__RAW_20230719_155048.700,utah_2023,utah_2023,utah_2023,noise,0,/home/ted1204/MS_Detection_Datamaker/MS_datamaker_UTAH_2023/data/event_2417/RAW_20230719_155048.700.sgy,RAW_20230719_155048.700.sgy,RAW_20230719_155048.700,0.0,2.0,1750,2155,1000.0,utah_2023_labels_2s.csv
862,utah_2023__RAW_20230719_155048.700,utah_2023,utah_2023,utah_2023,noise,0,/home/ted1204/MS_Detection_Datamaker/MS_datamaker_UTAH_2023/data/event_2417/RAW_20230719_155048.700.sgy,RAW_20230719_155048.700.sgy,RAW_20230719_155048.700,0.0,2.0,2200,2605,1000.0,utah_2023_labels_2s.csv
863,utah_2023__RAW_20230719_155048.700,utah_2023,utah_2023,utah_2023,noise,0,/home/ted1204/MS_Detection_Datamaker/MS_datamaker_UTAH_2023/data/event_2417/RAW_20230719_155048.700.sgy,RAW_20230719_155048.700.sgy,RAW_20230719_155048.700,0.0,2.0,2650,3055,1000.0,utah_2023_labels_2s.csv
864,utah_2023__RAW_20230719_155614.680,utah_2023,utah_2023,utah_2023,noise,0,/home/ted1204/MS_Detection_Datamaker/MS_datamaker_UTAH_2023/data/event_2417/RAW_20230719_155614.680.sgy,RAW_20230719_155614.680.sgy,RAW_20230719_155614.680,0.0,2.0,400,805,1000.0,utah_2023_labels_2s.csv
865,utah_2023__RAW_20230719_155614.680,utah_2023,utah_2023,utah_2023,noise,0,/home/ted1204/MS_Detection_Datamaker/MS_datamaker_UTAH_2023/data/event_2417/RAW_20230719_155614.680.sgy,RAW_20230719_155614.680.sgy,RAW_20230719_155614.680,0.0,2.0,850,1255,1000.0,utah_2023_labels_2s.csv
866,utah_2023__RAW_20230719_155614.680,utah_2023,utah_2023,utah_2023,noise,0,/home/ted1204/MS_Detection_Datamaker/MS_datamaker_UTAH_2023/data/event_2417/RAW_20230719_155614.680.sgy,RAW_20230719_155614.680.sgy,RAW_20230719_155614.680,0.0,2.0,1300,1705,1000.0,utah_2023_labels_2s.csv
867,utah_2023__RAW_20230719_155614.680,utah_2023,utah_2023,utah_2023,noise,0,/home/ted1204/MS_Detection_Datamaker/MS_datamaker_UTAH_2023/data/event_2417/RAW_20230719_155614.680.sgy,RAW_20230719_155614.680.sgy,RAW_20230719_155614.680,0.0,2.0,1750,2155,1000.0,utah_2023_labels_2s.csv
868,utah_2023__RAW_20230719_155614.680,utah_2023,utah_2023,utah_2023,noise,0,/home/ted1204/MS_Detection_Datamaker/MS_datamaker_UTAH_2023/data/event_2417/RAW_20230719_155614.680.sgy,RAW_20230719_155614.680.sgy,RAW_20230719_155614.680,0.0,2.0,2200,2605,1000.0,utah_2023_labels_2s.csv
869,utah_2023__RAW_20230719_155614.680,utah_2023,utah_2023,utah_2023,noise,0,/home/ted1204/MS_Detection_Datamaker/MS_datamaker_UTAH_2023/data/event_2417/RAW_20230719_155614.680.sgy,RAW_20230719_155614.680.sgy,RAW_20230719_155614.680,0.0,2.0,2650,3055,1000.0,utah_2023_labels_2s.csv
870,utah_2023__RAW_20230719_155614.680,utah_2023,utah_2023,utah_2023,noise,0,/home/ted1204/MS_Detection_Datamaker/MS_datamaker_UTAH_2023/data/event_2417/RAW_20230719_155614.680.sgy,RAW_20230719_155614.680.sgy,RAW_20230719_155614.680,3.0,5.0,400,805,1000.0,utah_2023_labels_2s.csv
871,utah_2023__RAW_20230719_155614.680,utah_2023,utah_2023,utah_2023,noise,0,/home/ted1204/MS_Detection_Datamaker/MS_datamaker_UTAH_2023/data/event_2417/RAW_20230719_155614.680.sgy,RAW_20230719_155614.680.sgy,RAW_20230719_155614.680,3.0,5.0,850,1255,1000.0,utah_2023_labels_2s.csv
872,utah_2023__RAW_20230719_155614.680,utah_2023,utah_2023,utah_2023,noise,0,/home/ted1204/MS_Detection_Datamaker/MS_datamaker_UTAH_2023/data/event_2417/RAW_20230719_155614.680.sgy,RAW_20230719_155614.680.sgy,RAW_20230719_155614.680,3.0,5.0,1300,1705,1000.0,utah_2023_labels_2s.csv
873,utah_2023__RAW_20230719_155614.680,utah_2023,utah_2023,utah_2023,noise,0,/home/ted1204/MS_Detection_Datamaker/MS_datamaker_UTAH_2023/data/event_2417/RAW_20230719_155614.680.sgy,RAW_20230719_155614.680.sgy,RAW_20230719_155614.680,3.0,5.0,1750,2155,1000.0,utah_2023_labels_2s.csv
874,utah_2023__RAW_20230719_155614.680,utah_2023,utah_2023,utah_2023,noise,0,/home/ted1204/MS_Detection_Datamaker/MS_datamaker_UTAH_2023/data/event_2417/RAW_20230719_155614.680.sgy,RAW_20230719_155614.680.sgy,RAW_20230719_155614.680,3.0,5.0,2200,2605,1000.0,utah_2023_labels_2s.csv
875,utah_2023__RAW_20230719_155614.680,utah_2023,utah_2023,utah_2023,noise,0,/home/ted1204/MS_Detection_Datamaker/MS_datamaker_UTAH_2023/data/event_2417/RAW_20230719_155614.680.sgy,RAW_20230719_155614.680.sgy,RAW_20230719_155614.680,3.0,5.0,2650,3055,1000.0,utah_2023_labels_2s.csv
876,utah_2023__RAW_20230719_155920.240,utah_2023,utah_2023,utah_2023,noise,0,/home/ted1204/MS_Detection_Datamaker/MS_datamaker_UTAH_2023/data/event_2417/RAW_20230719_155920.240.sgy,RAW_20230719_155920.240.sgy,RAW_20230719_155920.240,0.0,2.0,400,805,1000.0,utah_2023_labels_2s.csv
877,utah_2023__RAW_20230719_155920.240,utah_2023,utah_2023,utah_2023,noise,0,/home/ted1204/MS_Detection_Datamaker/MS_datamaker_UTAH_2023/data/event_2417/RAW_20230719_155920.240.sgy,RAW_20230719_155920.240.sgy,RAW_20230719_155920.240,0.0,2.0,850,1255,1000.0,utah_2023_labels_2s.csv
878,utah_2023__RAW_20230719_155920.240,utah_2023,utah_2023,utah_2023,noise,0,/home/ted1204/MS_Detection_Datamaker/MS_datamaker_UTAH_2023/data/event_2417/RAW_20230719_155920.240.sgy,RAW_20230719_155920.240.sgy,RAW_20230719_155920.240,0.0,2.0,1300,1705,1000.0,utah_2023_labels_2s.csv
879,utah_2023__RAW_20230719_155920.240,utah_2023,utah_2023,utah_2023,noise,0,/home/ted1204/MS_Detection_Datamaker/MS_datamaker_UTAH_2023/data/event_2417/RAW_20230719_155920.240.sgy,RAW_20230719_155920.240.sgy,RAW_20230719_155920.240,0.0,2.0,1750,2155,1000.0,utah_2023_labels_2s.csv
880,utah_2023__RAW_20230719_155920.240,utah_2023,utah_2023,utah_2023,noise,0,/home/ted1204/MS_Detection_Datamaker/MS_datamaker_UTAH_2023/data/event_2417/RAW_20230719_155920.240.sgy,RAW_20230719_155920.240.sgy,RAW_20230719_155920.240,0.0,2.0,2200,2605,1000.0,utah_2023_labels_2s.csv
881,utah_2023__RAW_20230719_155920.240,utah_2023,utah_2023,utah_2023,noise,0,/home/ted1204/MS_Detection_Datamaker/MS_datamaker_UTAH_2023/data/event_2417/RAW_20230719_155920.240.sgy,RAW_20230719_155920.240.sgy,RAW_20230719_155920.240,0.0,2.0,2650,3055,1000.0,utah_2023_labels_2s.csv
882,utah_2023__RAW_20230719_160406.840,utah_2023,utah_2023,utah_2023,noise,0,/home/ted1204/MS_Detection_Datamaker/MS_datamaker_UTAH_2023/data/event_2417/RAW_20230719_160406.840.sgy,RAW_20230719_160406.840.sgy,RAW_20230719_160406.840,0.0,2.0,400,805,1000.0,utah_2023_labels_2s.csv
883,utah_2023__RAW_20230719_160406.840,utah_2023,utah_2023,utah_2023,noise,0,/home/ted1204/MS_Detection_Datamaker/MS_datamaker_UTAH_2023/data/event_2417/RAW_20230719_160406.840.sgy,RAW_20230719_160406.840.sgy,RAW_20230719_160406.840,0.0,2.0,850,1255,1000.0,utah_2023_labels_2s.csv
884,utah_2023__RAW_20230719_160406.840,utah_2023,utah_2023,utah_2023,noise,0,/home/ted1204/MS_Detection_Datamaker/MS_datamaker_UTAH_2023/data/event_2417/RAW_20230719_160406.840.sgy,RAW_20230719_160406.840.sgy,RAW_20230719_160406.840,0.0,2.0,1300,1705,1000.0,utah_2023_labels_2s.csv
885,utah_2023__RAW_20230719_160406.840,utah_2023,utah_2023,utah_2023,noise,0,/home/ted1204/MS_Detection_Datamaker/MS_datamaker_UTAH_2023/data/event_2417/RAW_20230719_160406.840.sgy,RAW_20230719_160406.840.sgy,RAW_20230719_160406.840,0.0,2.0,1750,2155,1000.0,utah_2023_labels_2s.csv
886,utah_2023__RAW_20230719_160406.840,utah_2023,utah_2023,utah_2023,noise,0,/home/ted1204/MS_Detection_Datamaker/MS_datamaker_UTAH_2023/data/event_2417/RAW_20230719_160406.840.sgy,RAW_20230719_160406.840.sgy,RAW_20230719_160406.840,0.0,2.0,2200,2605,1000.0,utah_2023_labels_2s.csv
887,utah_2023__RAW_20230719_160406.840,utah_2023,utah_2023,utah_2023,noise,0,/home/ted1204/MS_Detection_Datamaker/MS_datamaker_UTAH_2023/data/event_2417/RAW_20230719_160406.840.sgy,RAW_20230719_160406.840.sgy,RAW_20230719_160406.840,0.0,2.0,2650,3055,1000.0,utah_2023_labels_2s.csv
888,utah_2023__RAW_20230719_160406.840,utah_2023,utah_2023,utah_2023,noise,0,/home/ted1204/MS_Detection_Datamaker/MS_datamaker_UTAH_2023/data/event_2417/RAW_20230719_160406.840.sgy,RAW_20230719_160406.840.sgy,RAW_20230719_160406.840,3.0,5.0,400,805,1000.0,utah_2023_labels_2s.csv
889,utah_2023__RAW_20230719_160406.840,utah_2023,utah_2023,utah_2023,noise,0,/home/ted1204/MS_Detection_Datamaker/MS_datamaker_UTAH_2023/data/event_2417/RAW_20230719_160406.840.sgy,RAW_20230719_160406.840.sgy,RAW_20230719_160406.840,3.0,5.0,850,1255,1000.0,utah_2023_labels_2s.csv
890,utah_2023__RAW_20230719_160406.840,utah_2023,utah_2023,utah_2023,noise,0,/home/ted1204/MS_Detection_Datamaker/MS_datamaker_UTAH_2023/data/event_2417/RAW_20230719_160406.840.sgy,RAW_20230719_160406.840.sgy,RAW_20230719_160406.840,3.0,5.0,1300,1705,1000.0,utah_2023_labels_2s.csv
891,utah_2023__RAW_20230719_160406.840,utah_2023,utah_2023,utah_2023,noise,0,/home/ted1204/MS_Detection_Datamaker/MS_datamaker_UTAH_2023/data/event_2417/RAW_20230719_160406.840.sgy,RAW_20230719_160406.840.sgy,RAW_20230719_160406.840,3.0,5.0,1750,2155,1000.0,utah_2023_labels_2s.csv
892,utah_2023__RAW_20230719_160406.840,utah_2023,utah_2023,utah_2023,noise,0,/home/ted1204/MS_Detection_Datamaker/MS_datamaker_UTAH_2023/data/event_2417/RAW_20230719_160406.840.sgy,RAW_20230719_160406.840.sgy,RAW_20230719_160406.840,3.0,5.0,2200,2605,1000.0,utah_2023_labels_2s.csv
893,utah_2023__RAW_20230719_160406.840,utah_2023,utah_2023,utah_2023,noise,0,/home/ted1204/MS_Detection_Datamaker/MS_datamaker_UTAH_2023/data/event_2417/RAW_20230719_160406.840.sgy,RAW_20230719_160406.840.sgy,RAW_20230719_160406.840,3.0,5.0,2650,3055,1000.0,utah_2023_labels_2s.csv
894,utah_2023__RAW_20230719_160545.080,utah_2023,utah_2023,utah_2023,noise,0,/home/ted1204/MS_Detection_Datamaker/MS_datamaker_UTAH_2023/data/event_2417/RAW_20230719_160545.080.sgy,RAW_20230719_160545.080.sgy,RAW_20230719_160545.080,0.0,2.0,400,805,1000.0,utah_2023_labels_2s.csv
895,utah_2023__RAW_20230719_160545.080,utah_2023,utah_2023,utah_2023,noise,0,/home/ted1204/MS_Detection_Datamaker/MS_datamaker_UTAH_2023/data/event_2417/RAW_20230719_160545.080.sgy,RAW_20230719_160545.080.sgy,RAW_20230719_160545.080,0.0,2.0,850,1255,1000.0,utah_2023_labels_2s.csv
896,utah_2023__RAW_20230719_160545.080,utah_2023,utah_2023,utah_2023,noise,0,/home/ted1204/MS_Detection_Datamaker/MS_datamaker_UTAH_2023/data/event_2417/RAW_20230719_160545.080.sgy,RAW_20230719_160545.080.sgy,RAW_20230719_160545.080,0.0,2.0,1300,1705,1000.0,utah_2023_labels_2s.csv
897,utah_2023__RAW_20230719_160545.080,utah_2023,utah_2023,utah_2023,noise,0,/home/ted1204/MS_Detection_Datamaker/MS_datamaker_UTAH_2023/data/event_2417/RAW_20230719_160545.080.sgy,RAW_20230719_160545.080.sgy,RAW_20230719_160545.080,0.0,2.0,1750,2155,1000.0,utah_2023_labels_2s.csv
898,utah_2023__RAW_20230719_160545.080,utah_2023,utah_2023,utah_2023,noise,0,/home/ted1204/MS_Detection_Datamaker/MS_datamaker_UTAH_2023/data/event_2417/RAW_20230719_160545.080.sgy,RAW_20230719_160545.080.sgy,RAW_20230719_160545.080,0.0,2.0,2200,2605,1000.0,utah_2023_labels_2s.csv
899,utah_2023__RAW_20230719_160545.080,utah_2023,utah_2023,utah_2023,noise,0,/home/ted1204/MS_Detection_Datamaker/MS_datamaker_UTAH_2023/data/event_2417/RAW_20230719_160545.080.sgy,RAW_20230719_160545.080.sgy,RAW_20230719_160545.080,0.0,2.0,2650,3055,1000.0,utah_2023_labels_2s.csv
900,utah_2023__RAW_20230719_160610.400,utah_2023,utah_2023,utah_2023,noise,0,/home/ted1204/MS_Detection_Datamaker/MS_datamaker_UTAH_2023/data/event_2417/RAW_20230719_160610.400.sgy,RAW_20230719_160610.400.sgy,RAW_20230719_160610.400,0.0,2.0,400,805,1000.0,utah_2023_labels_2s.csv
901,utah_2023__RAW_20230719_160610.400,utah_2023,utah_2023,utah_2023,noise,0,/home/ted1204/MS_Detection_Datamaker/MS_datamaker_UTAH_2023/data/event_2417/RAW_20230719_160610.400.sgy,RAW_20230719_160610.400.sgy,RAW_20230719_160610.400,0.0,2.0,850,1255,1000.0,utah_2023_labels_2s.csv
902,utah_2023__RAW_20230719_160610.400,utah_2023,utah_2023,utah_2023,noise,0,/home/ted1204/MS_Detection_Datamaker/MS_datamaker_UTAH_2023/data/event_2417/RAW_20230719_160610.400.sgy,RAW_20230719_160610.400.sgy,RAW_20230719_160610.400,0.0,2.0,1300,1705,1000.0,utah_2023_labels_2s.csv
903,utah_2023__RAW_20230719_160610.400,utah_2023,utah_2023,utah_2023,noise,0,/home/ted1204/MS_Detection_Datamaker/MS_datamaker_UTAH_2023/data/event_2417/RAW_20230719_160610.400.sgy,RAW_20230719_160610.400.sgy,RAW_20230719_160610.400,0.0,2.0,1750,2155,1000.0,utah_2023_labels_2s.csv
904,utah_2023__RAW_20230719_160610.400,utah_2023,utah_2023,utah_2023,noise,0,/home/ted1204/MS_Detection_Datamaker/MS_datamaker_UTAH_2023/data/event_2417/RAW_20230719_160610.400.sgy,RAW_20230719_160610.400.sgy,RAW_20230719_160610.400,0.0,2.0,2200,2605,1000.0,utah_2023_labels_2s.csv
905,utah_2023__RAW_20230719_160610.400,utah_2023,utah_2023,utah_2023,noise,0,/home/ted1204/MS_Detection_Datamaker/MS_datamaker_UTAH_2023/data/event_2417/RAW_20230719_160610.400.sgy,RAW_20230719_160610.400.sgy,RAW_20230719_160610.400,0.0,2.0,2650,3055,1000.0,utah_2023_labels_2s.csv
906,utah_2023__RAW_20230719_160610.400,utah_2023,utah_2023,utah_2023,noise,0,/home/ted1204/MS_Detection_Datamaker/MS_datamaker_UTAH_2023/data/event_2417/RAW_20230719_160610.400.sgy,RAW_20230719_160610.400.sgy,RAW_20230719_160610.400,3.0,5.0,400,805,1000.0,utah_2023_labels_2s.csv
907,utah_2023__RAW_20230719_160610.400,utah_2023,utah_2023,utah_2023,noise,0,/home/ted1204/MS_Detection_Datamaker/MS_datamaker_UTAH_2023/data/event_2417/RAW_20230719_160610.400.sgy,RAW_20230719_160610.400.sgy,RAW_20230719_160610.400,3.0,5.0,850,1255,1000.0,utah_2023_labels_2s.csv
908,utah_2023__RAW_20230719_160610.400,utah_2023,utah_2023,utah_2023,noise,0,/home/ted1204/MS_Detection_Datamaker/MS_datamaker_UTAH_2023/data/event_2417/RAW_20230719_160610.400.sgy,RAW_20230719_160610.400.sgy,RAW_20230719_160610.400,3.0,5.0,1300,1705,1000.0,utah_2023_labels_2s.csv
909,utah_2023__RAW_20230719_160610.400,utah_2023,utah_2023,utah_2023,noise,0,/home/ted1204/MS_Detection_Datamaker/MS_datamaker_UTAH_2023/data/event_2417/RAW_20230719_160610.400.sgy,RAW_20230719_160610.400.sgy,RAW_20230719_160610.400,3.0,5.0,1750,2155,1000.0,utah_2023_labels_2s.csv
910,utah_2023__RAW_20230719_160610.400,utah_2023,utah_2023,utah_2023,noise,0,/home/ted1204/MS_Detection_Datamaker/MS_datamaker_UTAH_2023/data/event_2417/RAW_20230719_160610.400.sgy,RAW_20230719_160610.400.sgy,RAW_20230719_160610.400,3.0,5.0,2200,2605,1000.0,utah_2023_labels_2s.csv
911,utah_2023__RAW_20230719_160610.400,utah_2023,utah_2023,utah_2023,noise,0,/home/ted1204/MS_Detection_Datamaker/MS_datamaker_UTAH_2023/data/event_2417/RAW_20230719_160610.400.sgy,RAW_20230719_160610.400.sgy,RAW_20230719_160610.400,3.0,5.0,2650,3055,1000.0,utah_2023_labels_2s.csv
912,utah_2023__RAW_20230719_160728.180,utah_2023,utah_2023,utah_2023,noise,0,/home/ted1204/MS_Detection_Datamaker/MS_datamaker_UTAH_2023/data/event_2417/RAW_20230719_160728.180.sgy,RAW_20230719_160728.180.sgy,RAW_20230719_160728.180,0.0,2.0,400,805,1000.0,utah_2023_labels_2s.csv
913,utah_2023__RAW_20230719_160728.180,utah_2023,utah_2023,utah_2023,noise,0,/home/ted1204/MS_Detection_Datamaker/MS_datamaker_UTAH_2023/data/event_2417/RAW_20230719_160728.180.sgy,RAW_20230719_160728.180.sgy,RAW_20230719_160728.180,0.0,2.0,850,1255,1000.0,utah_2023_labels_2s.csv
914,utah_2023__RAW_20230719_160728.180,utah_2023,utah_2023,utah_2023,noise,0,/home/ted1204/MS_Detection_Datamaker/MS_datamaker_UTAH_2023/data/event_2417/RAW_20230719_160728.180.sgy,RAW_20230719_160728.180.sgy,RAW_20230719_160728.180,0.0,2.0,1300,1705,1000.0,utah_2023_labels_2s.csv
915,utah_2023__RAW_20230719_160728.180,utah_2023,utah_2023,utah_2023,noise,0,/home/ted1204/MS_Detection_Datamaker/MS_datamaker_UTAH_2023/data/event_2417/RAW_20230719_160728.180.sgy,RAW_20230719_160728.180.sgy,RAW_20230719_160728.180,0.0,2.0,1750,2155,1000.0,utah_2023_labels_2s.csv
916,utah_2023__RAW_20230719_160728.180,utah_2023,utah_2023,utah_2023,noise,0,/home/ted1204/MS_Detection_Datamaker/MS_datamaker_UTAH_2023/data/event_2417/RAW_20230719_160728.180.sgy,RAW_20230719_160728.180.sgy,RAW_20230719_160728.180,0.0,2.0,2200,2605,1000.0,utah_2023_labels_2s.csv
917,utah_2023__RAW_20230719_160728.180,utah_2023,utah_2023,utah_2023,noise,0,/home/ted1204/MS_Detection_Datamaker/MS_datamaker_UTAH_2023/data/event_2417/RAW_20230719_160728.180.sgy,RAW_20230719_160728.180.sgy,RAW_20230719_160728.180,0.0,2.0,2650,3055,1000.0,utah_2023_labels_2s.csv
918,utah_2023__RAW_20230719_160728.180,utah_2023,utah_2023,utah_2023,noise,0,/home/ted1204/MS_Detection_Datamaker/MS_datamaker_UTAH_2023/data/event_2417/RAW_20230719_160728.180.sgy,RAW_20230719_160728.180.sgy,RAW_20230719_160728.180,3.0,5.0,400,805,1000.0,utah_2023_labels_2s.csv
919,utah_2023__RAW_20230719_160728.180,utah_2023,utah_2023,utah_2023,noise,0,/home/ted1204/MS_Detection_Datamaker/MS_datamaker_UTAH_2023/data/event_2417/RAW_20230719_160728.180.sgy,RAW_20230719_160728.180.sgy,RAW_20230719_160728.180,3.0,5.0,850,1255,1000.0,utah_2023_labels_2s.csv
920,utah_2023__RAW_20230719_160728.180,utah_2023,utah_2023,utah_2023,noise,0,/home/ted1204/MS_Detection_Datamaker/MS_datamaker_UTAH_2023/data/event_2417/RAW_20230719_160728.180.sgy,RAW_20230719_160728.180.sgy,RAW_20230719_160728.180,3.0,5.0,1300,1705,1000.0,utah_2023_labels_2s.csv
921,utah_2023__RAW_20230719_160728.180,utah_2023,utah_2023,utah_2023,noise,0,/home/ted1204/MS_Detection_Datamaker/MS_datamaker_UTAH_2023/data/event_2417/RAW_20230719_160728.180.sgy,RAW_20230719_160728.180.sgy,RAW_20230719_160728.180,3.0,5.0,1750,2155,1000.0,utah_2023_labels_2s.csv
922,utah_2023__RAW_20230719_160728.180,utah_2023,utah_2023,utah_2023,noise,0,/home/ted1204/MS_Detection_Datamaker/MS_datamaker_UTAH_2023/data/event_2417/RAW_20230719_160728.180.sgy,RAW_20230719_160728.180.sgy,RAW_20230719_160728.180,3.0,5.0,2200,2605,1000.0,utah_2023_labels_2s.csv
923,utah_2023__RAW_20230719_160728.180,utah_2023,utah_2023,utah_2023,noise,0,/home/ted1204/MS_Detection_Datamaker/MS_datamaker_UTAH_2023/data/event_2417/RAW_20230719_160728.180.sgy,RAW_20230719_160728.180.sgy,RAW_20230719_160728.180,3.0,5.0,2650,3055,1000.0,utah_2023_labels_2s.csv
924,utah_2023__RAW_20230719_164452.140,utah_2023,utah_2023,utah_2023,noise,0,/home/ted1204/MS_Detection_Datamaker/MS_datamaker_UTAH_2023/data/event_2417/RAW_20230719_164452.140.sgy,RAW_20230719_164452.140.sgy,RAW_20230719_164452.140,0.0,2.0,400,805,1000.0,utah_2023_labels_2s.csv
925,utah_2023__RAW_20230719_164452.140,utah_2023,utah_2023,utah_2023,noise,0,/home/ted1204/MS_Detection_Datamaker/MS_datamaker_UTAH_2023/data/event_2417/RAW_20230719_164452.140.sgy,RAW_20230719_164452.140.sgy,RAW_20230719_164452.140,0.0,2.0,850,1255,1000.0,utah_2023_labels_2s.csv
926,utah_2023__RAW_20230719_164452.140,utah_2023,utah_2023,utah_2023,noise,0,/home/ted1204/MS_Detection_Datamaker/MS_datamaker_UTAH_2023/data/event_2417/RAW_20230719_164452.140.sgy,RAW_20230719_164452.140.sgy,RAW_20230719_164452.140,0.0,2.0,1300,1705,1000.0,utah_2023_labels_2s.csv
927,utah_2023__RAW_20230719_164452.140,utah_2023,utah_2023,utah_2023,noise,0,/home/ted1204/MS_Detection_Datamaker/MS_datamaker_UTAH_2023/data/event_2417/RAW_20230719_164452.140.sgy,RAW_20230719_164452.140.sgy,RAW_20230719_164452.140,0.0,2.0,1750,2155,1000.0,utah_2023_labels_2s.csv
928,utah_2023__RAW_20230719_164452.140,utah_2023,utah_2023,utah_2023,noise,0,/home/ted1204/MS_Detection_Datamaker/MS_datamaker_UTAH_2023/data/event_2417/RAW_20230719_164452.140.sgy,RAW_20230719_164452.140.sgy,RAW_20230719_164452.140,0.0,2.0,2200,2605,1000.0,utah_2023_labels_2s.csv
929,utah_2023__RAW_20230719_164452.140,utah_2023,utah_2023,utah_2023,noise,0,/home/ted1204/MS_Detection_Datamaker/MS_datamaker_UTAH_2023/data/event_2417/RAW_20230719_164452.140.sgy,RAW_20230719_164452.140.sgy,RAW_20230719_164452.140,0.0,2.0,2650,3055,1000.0,utah_2023_labels_2s.csv
930,utah_2023__RAW_20230719_165322.460,utah_2023,utah_2023,utah_2023,noise,0,/home/ted1204/MS_Detection_Datamaker/MS_datamaker_UTAH_2023/data/event_2417/RAW_20230719_165322.460.sgy,RAW_20230719_165322.460.sgy,RAW_20230719_165322.460,0.0,2.0,400,805,1000.0,utah_2023_labels_2s.csv
931,utah_2023__RAW_20230719_165322.460,utah_2023,utah_2023,utah_2023,noise,0,/home/ted1204/MS_Detection_Datamaker/MS_datamaker_UTAH_2023/data/event_2417/RAW_20230719_165322.460.sgy,RAW_20230719_165322.460.sgy,RAW_20230719_165322.460,0.0,2.0,850,1255,1000.0,utah_2023_labels_2s.csv
932,utah_2023__RAW_20230719_165322.460,utah_2023,utah_2023,utah_2023,noise,0,/home/ted1204/MS_Detection_Datamaker/MS_datamaker_UTAH_2023/data/event_2417/RAW_20230719_165322.460.sgy,RAW_20230719_165322.460.sgy,RAW_20230719_165322.460,0.0,2.0,1300,1705,1000.0,utah_2023_labels_2s.csv
933,utah_2023__RAW_20230719_165322.460,utah_2023,utah_2023,utah_2023,noise,0,/home/ted1204/MS_Detection_Datamaker/MS_datamaker_UTAH_2023/data/event_2417/RAW_20230719_165322.460.sgy,RAW_20230719_165322.460.sgy,RAW_20230719_165322.460,0.0,2.0,1750,2155,1000.0,utah_2023_labels_2s.csv
934,utah_2023__RAW_20230719_165322.460,utah_2023,utah_2023,utah_2023,noise,0,/home/ted1204/MS_Detection_Datamaker/MS_datamaker_UTAH_2023/data/event_2417/RAW_20230719_165322.460.sgy,RAW_20230719_165322.460.sgy,RAW_20230719_165322.460,0.0,2.0,2200,2605,1000.0,utah_2023_labels_2s.csv
935,utah_2023__RAW_20230719_165322.460,utah_2023,utah_2023,utah_2023,noise,0,/home/ted1204/MS_Detection_Datamaker/MS_datamaker_UTAH_2023/data/event_2417/RAW_20230719_165322.460.sgy,RAW_20230719_165322.460.sgy,RAW_20230719_165322.460,0.0,2.0,2650,3055,1000.0,utah_2023_labels_2s.csv
936,utah_2023__RAW_20230719_165322.460,utah_2023,utah_2023,utah_2023,noise,0,/home/ted1204/MS_Detection_Datamaker/MS_datamaker_UTAH_2023/data/event_2417/RAW_20230719_165322.460.sgy,RAW_20230719_165322.460.sgy,RAW_20230719_165322.460,3.0,5.0,400,805,1000.0,utah_2023_labels_2s.csv
937,utah_2023__RAW_20230719_165322.460,utah_2023,utah_2023,utah_2023,noise,0,/home/ted1204/MS_Detection_Datamaker/MS_datamaker_UTAH_2023/data/event_2417/RAW_20230719_165322.460.sgy,RAW_20230719_165322.460.sgy,RAW_20230719_165322.460,3.0,5.0,850,1255,1000.0,utah_2023_labels_2s.csv
938,utah_2023__RAW_20230719_165322.460,utah_2023,utah_2023,utah_2023,noise,0,/home/ted1204/MS_Detection_Datamaker/MS_datamaker_UTAH_2023/data/event_2417/RAW_20230719_165322.460.sgy,RAW_20230719_165322.460.sgy,RAW_20230719_165322.460,3.0,5.0,1300,1705,1000.0,utah_2023_labels_2s.csv
939,utah_2023__RAW_20230719_165322.460,utah_2023,utah_2023,utah_2023,noise,0,/home/ted1204/MS_Detection_Datamaker/MS_datamaker_UTAH_2023/data/event_2417/RAW_20230719_165322.460.sgy,RAW_20230719_165322.460.sgy,RAW_20230719_165322.460,3.0,5.0,1750,2155,1000.0,utah_2023_labels_2s.csv
940,utah_2023__RAW_20230719_165322.460,utah_2023,utah_2023,utah_2023,noise,0,/home/ted1204/MS_Detection_Datamaker/MS_datamaker_UTAH_2023/data/event_2417/RAW_20230719_165322.460.sgy,RAW_20230719_165322.460.sgy,RAW_20230719_165322.460,3.0,5.0,2200,2605,1000.0,utah_2023_labels_2s.csv
941,utah_2023__RAW_20230719_165322.460,utah_2023,utah_2023,utah_2023,noise,0,/home/ted1204/MS_Detection_Datamaker/MS_datamaker_UTAH_2023/data/event_2417/RAW_20230719_165322.460.sgy,RAW_20230719_165322.460.sgy,RAW_20230719_165322.460,3.0,5.0,2650,3055,1000.0,utah_2023_labels_2s.csv
942,utah_2023__RAW_20230719_165449.380,utah_2023,utah_2023,utah_2023,noise,0,/home/ted1204/MS_Detection_Datamaker/MS_datamaker_UTAH_2023/data/event_2417/RAW_20230719_165449.380.sgy,RAW_20230719_165449.380.sgy,RAW_20230719_165449.380,0.0,2.0,400,805,1000.0,utah_2023_labels_2s.csv
943,utah_2023__RAW_20230719_165449.380,utah_2023,utah_2023,utah_2023,noise,0,/home/ted1204/MS_Detection_Datamaker/MS_datamaker_UTAH_2023/data/event_2417/RAW_20230719_165449.380.sgy,RAW_20230719_165449.380.sgy,RAW_20230719_165449.380,0.0,2.0,850,1255,1000.0,utah_2023_labels_2s.csv
944,utah_2023__RAW_20230719_165449.380,utah_2023,utah_2023,utah_2023,noise,0,/home/ted1204/MS_Detection_Datamaker/MS_datamaker_UTAH_2023/data/event_2417/RAW_20230719_165449.380.sgy,RAW_20230719_165449.380.sgy,RAW_20230719_165449.380,0.0,2.0,1300,1705,1000.0,utah_2023_labels_2s.csv
945,utah_2023__RAW_20230719_165449.380,utah_2023,utah_2023,utah_2023,noise,0,/home/ted1204/MS_Detection_Datamaker/MS_datamaker_UTAH_2023/data/event_2417/RAW_20230719_165449.380.sgy,RAW_20230719_165449.380.sgy,RAW_20230719_165449.380,0.0,2.0,1750,2155,1000.0,utah_2023_labels_2s.csv
946,utah_2023__RAW_20230719_165449.380,utah_2023,utah_2023,utah_2023,noise,0,/home/ted1204/MS_Detection_Datamaker/MS_datamaker_UTAH_2023/data/event_2417/RAW_20230719_165449.380.sgy,RAW_20230719_165449.380.sgy,RAW_20230719_165449.380,0.0,2.0,2200,2605,1000.0,utah_2023_labels_2s.csv
947,utah_2023__RAW_20230719_165449.380,utah_2023,utah_2023,utah_2023,noise,0,/home/ted1204/MS_Detection_Datamaker/MS_datamaker_UTAH_2023/data/event_2417/RAW_20230719_165449.380.sgy,RAW_20230719_165449.380.sgy,RAW_20230719_165449.380,0.0,2.0,2650,3055,1000.0,utah_2023_labels_2s.csv
948,utah_2023__RAW_20230719_165622.080,utah_2023,utah_2023,utah_2023,noise,0,/home/ted1204/MS_Detection_Datamaker/MS_datamaker_UTAH_2023/data/event_2417/RAW_20230719_165622.080.sgy,RAW_20230719_165622.080.sgy,RAW_20230719_165622.080,0.0,2.0,400,805,1000.0,utah_2023_labels_2s.csv
949,utah_2023__RAW_20230719_165622.080,utah_2023,utah_2023,utah_2023,noise,0,/home/ted1204/MS_Detection_Datamaker/MS_datamaker_UTAH_2023/data/event_2417/RAW_20230719_165622.080.sgy,RAW_20230719_165622.080.sgy,RAW_20230719_165622.080,0.0,2.0,850,1255,1000.0,utah_2023_labels_2s.csv
950,utah_2023__RAW_20230719_165622.080,utah_2023,utah_2023,utah_2023,noise,0,/home/ted1204/MS_Detection_Datamaker/MS_datamaker_UTAH_2023/data/event_2417/RAW_20230719_165622.080.sgy,RAW_20230719_165622.080.sgy,RAW_20230719_165622.080,0.0,2.0,1300,1705,1000.0,utah_2023_labels_2s.csv
951,utah_2023__RAW_20230719_165622.080,utah_2023,utah_2023,utah_2023,noise,0,/home/ted1204/MS_Detection_Datamaker/MS_datamaker_UTAH_2023/data/event_2417/RAW_20230719_165622.080.sgy,RAW_20230719_165622.080.sgy,RAW_20230719_165622.080,0.0,2.0,1750,2155,1000.0,utah_2023_labels_2s.csv
952,utah_2023__RAW_20230719_165622.080,utah_2023,utah_2023,utah_2023,noise,0,/home/ted1204/MS_Detection_Datamaker/MS_datamaker_UTAH_2023/data/event_2417/RAW_20230719_165622.080.sgy,RAW_20230719_165622.080.sgy,RAW_20230719_165622.080,0.0,2.0,2200,2605,1000.0,utah_2023_labels_2s.csv
953,utah_2023__RAW_20230719_165622.080,utah_2023,utah_2023,utah_2023,noise,0,/home/ted1204/MS_Detection_Datamaker/MS_datamaker_UTAH_2023/data/event_2417/RAW_20230719_165622.080.sgy,RAW_20230719_165622.080.sgy,RAW_20230719_165622.080,0.0,2.0,2650,3055,1000.0,utah_2023_labels_2s.csv
954,utah_2023__RAW_20230719_165628.340,utah_2023,utah_2023,utah_2023,noise,0,/home/ted1204/MS_Detection_Datamaker/MS_datamaker_UTAH_2023/data/event_2417/RAW_20230719_165628.340.sgy,RAW_20230719_165628.340.sgy,RAW_20230719_165628.340,0.0,2.0,400,805,1000.0,utah_2023_labels_2s.csv
955,utah_2023__RAW_20230719_165628.340,utah_2023,utah_2023,utah_2023,noise,0,/home/ted1204/MS_Detection_Datamaker/MS_datamaker_UTAH_2023/data/event_2417/RAW_20230719_165628.340.sgy,RAW_20230719_165628.340.sgy,RAW_20230719_165628.340,0.0,2.0,850,1255,1000.0,utah_2023_labels_2s.csv
956,utah_2023__RAW_20230719_165628.340,utah_2023,utah_2023,utah_2023,noise,0,/home/ted1204/MS_Detection_Datamaker/MS_datamaker_UTAH_2023/data/event_2417/RAW_20230719_165628.340.sgy,RAW_20230719_165628.340.sgy,RAW_20230719_165628.340,0.0,2.0,1300,1705,1000.0,utah_2023_labels_2s.csv
957,utah_2023__RAW_20230719_165628.340,utah_2023,utah_2023,utah_2023,noise,0,/home/ted1204/MS_Detection_Datamaker/MS_datamaker_UTAH_2023/data/event_2417/RAW_20230719_165628.340.sgy,RAW_20230719_165628.340.sgy,RAW_20230719_165628.340,0.0,2.0,1750,2155,1000.0,utah_2023_labels_2s.csv
958,utah_2023__RAW_20230719_165628.340,utah_2023,utah_2023,utah_2023,noise,0,/home/ted1204/MS_Detection_Datamaker/MS_datamaker_UTAH_2023/data/event_2417/RAW_20230719_165628.340.sgy,RAW_20230719_165628.340.sgy,RAW_20230719_165628.340,0.0,2.0,2200,2605,1000.0,utah_2023_labels_2s.csv
959,utah_2023__RAW_20230719_165628.340,utah_2023,utah_2023,utah_2023,noise,0,/home/ted1204/MS_Detection_Datamaker/MS_datamaker_UTAH_2023/data/event_2417/RAW_20230719_165628.340.sgy,RAW_20230719_165628.340.sgy,RAW_20230719_165628.340,0.0,2.0,2650,3055,1000.0,utah_2023_labels_2s.csv
960,utah_2023__RAW_20230719_165628.340,utah_2023,utah_2023,utah_2023,noise,0,/home/ted1204/MS_Detection_Datamaker/MS_datamaker_UTAH_2023/data/event_2417/RAW_20230719_165628.340.sgy,RAW_20230719_165628.340.sgy,RAW_20230719_165628.340,3.0,5.0,400,805,1000.0,utah_2023_labels_2s.csv
961,utah_2023__RAW_20230719_165628.340,utah_2023,utah_2023,utah_2023,noise,0,/home/ted1204/MS_Detection_Datamaker/MS_datamaker_UTAH_2023/data/event_2417/RAW_20230719_165628.340.sgy,RAW_20230719_165628.340.sgy,RAW_20230719_165628.340,3.0,5.0,850,1255,1000.0,utah_2023_labels_2s.csv
962,utah_2023__RAW_20230719_165628.340,utah_2023,utah_2023,utah_2023,noise,0,/home/ted1204/MS_Detection_Datamaker/MS_datamaker_UTAH_2023/data/event_2417/RAW_20230719_165628.340.sgy,RAW_20230719_165628.340.sgy,RAW_20230719_165628.340,3.0,5.0,1300,1705,1000.0,utah_2023_labels_2s.csv
963,utah_2023__RAW_20230719_165628.340,utah_2023,utah_2023,utah_2023,noise,0,/home/ted1204/MS_Detection_Datamaker/MS_datamaker_UTAH_2023/data/event_2417/RAW_20230719_165628.340.sgy,RAW_20230719_165628.340.sgy,RAW_20230719_165628.340,3.0,5.0,1750,2155,1000.0,utah_2023_labels_2s.csv
964,utah_2023__RAW_20230719_165628.340,utah_2023,utah_2023,utah_2023,noise,0,/home/ted1204/MS_Detection_Datamaker/MS_datamaker_UTAH_2023/data/event_2417/RAW_20230719_165628.340.sgy,RAW_20230719_165628.340.sgy,RAW_20230719_165628.340,3.0,5.0,2200,2605,1000.0,utah_2023_labels_2s.csv
965,utah_2023__RAW_20230719_165628.340,utah_2023,utah_2023,utah_2023,noise,0,/home/ted1204/MS_Detection_Datamaker/MS_datamaker_UTAH_2023/data/event_2417/RAW_20230719_165628.340.sgy,RAW_20230719_165628.340.sgy,RAW_20230719_165628.340,3.0,5.0,2650,3055,1000.0,utah_2023_labels_2s.csv
966,utah_2023__RAW_20230719_165933.780,utah_2023,utah_2023,utah_2023,noise,0,/home/ted1204/MS_Detection_Datamaker/MS_datamaker_UTAH_2023/data/event_2417/RAW_20230719_165933.780.sgy,RAW_20230719_165933.780.sgy,RAW_20230719_165933.780,0.0,2.0,400,805,1000.0,utah_2023_labels_2s.csv
967,utah_2023__RAW_20230719_165933.780,utah_2023,utah_2023,utah_2023,noise,0,/home/ted1204/MS_Detection_Datamaker/MS_datamaker_UTAH_2023/data/event_2417/RAW_20230719_165933.780.sgy,RAW_20230719_165933.780.sgy,RAW_20230719_165933.780,0.0,2.0,850,1255,1000.0,utah_2023_labels_2s.csv
968,utah_2023__RAW_20230719_165933.780,utah_2023,utah_2023,utah_2023,noise,0,/home/ted1204/MS_Detection_Datamaker/MS_datamaker_UTAH_2023/data/event_2417/RAW_20230719_165933.780.sgy,RAW_20230719_165933.780.sgy,RAW_20230719_165933.780,0.0,2.0,1300,1705,1000.0,utah_2023_labels_2s.csv
969,utah_2023__RAW_20230719_165933.780,utah_2023,utah_2023,utah_2023,noise,0,/home/ted1204/MS_Detection_Datamaker/MS_datamaker_UTAH_2023/data/event_2417/RAW_20230719_165933.780.sgy,RAW_20230719_165933.780.sgy,RAW_20230719_165933.780,0.0,2.0,1750,2155,1000.0,utah_2023_labels_2s.csv
970,utah_2023__RAW_20230719_165933.780,utah_2023,utah_2023,utah_2023,noise,0,/home/ted1204/MS_Detection_Datamaker/MS_datamaker_UTAH_2023/data/event_2417/RAW_20230719_165933.780.sgy,RAW_20230719_165933.780.sgy,RAW_20230719_165933.780,0.0,2.0,2200,2605,1000.0,utah_2023_labels_2s.csv
971,utah_2023__RAW_20230719_165933.780,utah_2023,utah_2023,utah_2023,noise,0,/home/ted1204/MS_Detection_Datamaker/MS_datamaker_UTAH_2023/data/event_2417/RAW_20230719_165933.780.sgy,RAW_20230719_165933.780.sgy,RAW_20230719_165933.780,0.0,2.0,2650,3055,1000.0,utah_2023_labels_2s.csv
972,utah_2023__RAW_20230719_170725.580,utah_2023,utah_2023,utah_2023,noise,0,/home/ted1204/MS_Detection_Datamaker/MS_datamaker_UTAH_2023/data/event_2417/RAW_20230719_170725.580.sgy,RAW_20230719_170725.580.sgy,RAW_20230719_170725.580,0.0,2.0,400,805,1000.0,utah_2023_labels_2s.csv
973,utah_2023__RAW_20230719_170725.580,utah_2023,utah_2023,utah_2023,noise,0,/home/ted1204/MS_Detection_Datamaker/MS_datamaker_UTAH_2023/data/event_2417/RAW_20230719_170725.580.sgy,RAW_20230719_170725.580.sgy,RAW_20230719_170725.580,0.0,2.0,850,1255,1000.0,utah_2023_labels_2s.csv
974,utah_2023__RAW_20230719_170725.580,utah_2023,utah_2023,utah_2023,noise,0,/home/ted1204/MS_Detection_Datamaker/MS_datamaker_UTAH_2023/data/event_2417/RAW_20230719_170725.580.sgy,RAW_20230719_170725.580.sgy,RAW_20230719_170725.580,0.0,2.0,1300,1705,1000.0,utah_2023_labels_2s.csv
975,utah_2023__RAW_20230719_170725.580,utah_2023,utah_2023,utah_2023,noise,0,/home/ted1204/MS_Detection_Datamaker/MS_datamaker_UTAH_2023/data/event_2417/RAW_20230719_170725.580.sgy,RAW_20230719_170725.580.sgy,RAW_20230719_170725.580,0.0,2.0,1750,2155,1000.0,utah_2023_labels_2s.csv
976,utah_2023__RAW_20230719_170725.580,utah_2023,utah_2023,utah_2023,noise,0,/home/ted1204/MS_Detection_Datamaker/MS_datamaker_UTAH_2023/data/event_2417/RAW_20230719_170725.580.sgy,RAW_20230719_170725.580.sgy,RAW_20230719_170725.580,0.0,2.0,2200,2605,1000.0,utah_2023_labels_2s.csv
977,utah_2023__RAW_20230719_170725.580,utah_2023,utah_2023,utah_2023,noise,0,/home/ted1204/MS_Detection_Datamaker/MS_datamaker_UTAH_2023/data/event_2417/RAW_20230719_170725.580.sgy,RAW_20230719_170725.580.sgy,RAW_20230719_170725.580,0.0,2.0,2650,3055,1000.0,utah_2023_labels_2s.csv
978,utah_2023__RAW_20230719_172342.680,utah_2023,utah_2023,utah_2023,noise,0,/home/ted1204/MS_Detection_Datamaker/MS_datamaker_UTAH_2023/data/event_2417/RAW_20230719_172342.680.sgy,RAW_20230719_172342.680.sgy,RAW_20230719_172342.680,0.0,2.0,400,805,1000.0,utah_2023_labels_2s.csv
979,utah_2023__RAW_20230719_172342.680,utah_2023,utah_2023,utah_2023,noise,0,/home/ted1204/MS_Detection_Datamaker/MS_datamaker_UTAH_2023/data/event_2417/RAW_20230719_172342.680.sgy,RAW_20230719_172342.680.sgy,RAW_20230719_172342.680,0.0,2.0,850,1255,1000.0,utah_2023_labels_2s.csv
980,utah_2023__RAW_20230719_172342.680,utah_2023,utah_2023,utah_2023,noise,0,/home/ted1204/MS_Detection_Datamaker/MS_datamaker_UTAH_2023/data/event_2417/RAW_20230719_172342.680.sgy,RAW_20230719_172342.680.sgy,RAW_20230719_172342.680,0.0,2.0,1300,1705,1000.0,utah_2023_labels_2s.csv
981,utah_2023__RAW_20230719_172342.680,utah_2023,utah_2023,utah_2023,noise,0,/home/ted1204/MS_Detection_Datamaker/MS_datamaker_UTAH_2023/data/event_2417/RAW_20230719_172342.680.sgy,RAW_20230719_172342.680.sgy,RAW_20230719_172342.680,0.0,2.0,1750,2155,1000.0,utah_2023_labels_2s.csv
982,utah_2023__RAW_20230719_172342.680,utah_2023,utah_2023,utah_2023,noise,0,/home/ted1204/MS_Detection_Datamaker/MS_datamaker_UTAH_2023/data/event_2417/RAW_20230719_172342.680.sgy,RAW_20230719_172342.680.sgy,RAW_20230719_172342.680,0.0,2.0,2200,2605,1000.0,utah_2023_labels_2s.csv
983,utah_2023__RAW_20230719_172342.680,utah_2023,utah_2023,utah_2023,noise,0,/home/ted1204/MS_Detection_Datamaker/MS_datamaker_UTAH_2023/data/event_2417/RAW_20230719_172342.680.sgy,RAW_20230719_172342.680.sgy,RAW_20230719_172342.680,0.0,2.0,2650,3055,1000.0,utah_2023_labels_2s.csv
984,utah_2023__RAW_20230719_172342.680,utah_2023,utah_2023,utah_2023,noise,0,/home/ted1204/MS_Detection_Datamaker/MS_datamaker_UTAH_2023/data/event_2417/RAW_20230719_172342.680.sgy,RAW_20230719_172342.680.sgy,RAW_20230719_172342.680,3.0,5.0,400,805,1000.0,utah_2023_labels_2s.csv
985,utah_2023__RAW_20230719_172342.680,utah_2023,utah_2023,utah_2023,noise,0,/home/ted1204/MS_Detection_Datamaker/MS_datamaker_UTAH_2023/data/event_2417/RAW_20230719_172342.680.sgy,RAW_20230719_172342.680.sgy,RAW_20230719_172342.680,3.0,5.0,850,1255,1000.0,utah_2023_labels_2s.csv
986,utah_2023__RAW_20230719_172342.680,utah_2023,utah_2023,utah_2023,noise,0,/home/ted1204/MS_Detection_Datamaker/MS_datamaker_UTAH_2023/data/event_2417/RAW_20230719_172342.680.sgy,RAW_20230719_172342.680.sgy,RAW_20230719_172342.680,3.0,5.0,1300,1705,1000.0,utah_2023_labels_2s.csv
987,utah_2023__RAW_20230719_172342.680,utah_2023,utah_2023,utah_2023,noise,0,/home/ted1204/MS_Detection_Datamaker/MS_datamaker_UTAH_2023/data/event_2417/RAW_20230719_172342.680.sgy,RAW_20230719_172342.680.sgy,RAW_20230719_172342.680,3.0,5.0,1750,2155,1000.0,utah_2023_labels_2s.csv
988,utah_2023__RAW_20230719_172342.680,utah_2023,utah_2023,utah_2023,noise,0,/home/ted1204/MS_Detection_Datamaker/MS_datamaker_UTAH_2023/data/event_2417/RAW_20230719_172342.680.sgy,RAW_20230719_172342.680.sgy,RAW_20230719_172342.680,3.0,5.0,2200,2605,1000.0,utah_2023_labels_2s.csv
989,utah_2023__RAW_20230719_172342.680,utah_2023,utah_2023,utah_2023,noise,0,/home/ted1204/MS_Detection_Datamaker/MS_datamaker_UTAH_2023/data/event_2417/RAW_20230719_172342.680.sgy,RAW_20230719_172342.680.sgy,RAW_20230719_172342.680,3.0,5.0,2650,3055,1000.0,utah_2023_labels_2s.csv
990,utah_2023__RAW_20230719_172520.440,utah_2023,utah_2023,utah_2023,noise,0,/home/ted1204/MS_Detection_Datamaker/MS_datamaker_UTAH_2023/data/event_2417/RAW_20230719_172520.440.sgy,RAW_20230719_172520.440.sgy,RAW_20230719_172520.440,0.0,2.0,400,805,1000.0,utah_2023_labels_2s.csv
991,utah_2023__RAW_20230719_172520.440,utah_2023,utah_2023,utah_2023,noise,0,/home/ted1204/MS_Detection_Datamaker/MS_datamaker_UTAH_2023/data/event_2417/RAW_20230719_172520.440.sgy,RAW_20230719_172520.440.sgy,RAW_20230719_172520.440,0.0,2.0,850,1255,1000.0,utah_2023_labels_2s.csv
992,utah_2023__RAW_20230719_172520.440,utah_2023,utah_2023,utah_2023,noise,0,/home/ted1204/MS_Detection_Datamaker/MS_datamaker_UTAH_2023/data/event_2417/RAW_20230719_172520.440.sgy,RAW_20230719_172520.440.sgy,RAW_20230719_172520.440,0.0,2.0,1300,1705,1000.0,utah_2023_labels_2s.csv
993,utah_2023__RAW_20230719_172520.440,utah_2023,utah_2023,utah_2023,noise,0,/home/ted1204/MS_Detection_Datamaker/MS_datamaker_UTAH_2023/data/event_2417/RAW_20230719_172520.440.sgy,RAW_20230719_172520.440.sgy,RAW_20230719_172520.440,0.0,2.0,1750,2155,1000.0,utah_2023_labels_2s.csv
994,utah_2023__RAW_20230719_172520.440,utah_2023,utah_2023,utah_2023,noise,0,/home/ted1204/MS_Detection_Datamaker/MS_datamaker_UTAH_2023/data/event_2417/RAW_20230719_172520.440.sgy,RAW_20230719_172520.440.sgy,RAW_20230719_172520.440,0.0,2.0,2200,2605,1000.0,utah_2023_labels_2s.csv
995,utah_2023__RAW_20230719_172520.440,utah_2023,utah_2023,utah_2023,noise,0,/home/ted1204/MS_Detection_Datamaker/MS_datamaker_UTAH_2023/data/event_2417/RAW_20230719_172520.440.sgy,RAW_20230719_172520.440.sgy,RAW_20230719_172520.440,0.0,2.0,2650,3055,1000.0,utah_2023_labels_2s.csv
996,utah_2023__RAW_20230719_172520.440,utah_2023,utah_2023,utah_2023,noise,0,/home/ted1204/MS_Detection_Datamaker/MS_datamaker_UTAH_2023/data/event_2417/RAW_20230719_172520.440.sgy,RAW_20230719_172520.440.sgy,RAW_20230719_172520.440,3.0,5.0,400,805,1000.0,utah_2023_labels_2s.csv
997,utah_2023__RAW_20230719_172520.440,utah_2023,utah_2023,utah_2023,noise,0,/home/ted1204/MS_Detection_Datamaker/MS_datamaker_UTAH_2023/data/event_2417/RAW_20230719_172520.440.sgy,RAW_20230719_172520.440.sgy,RAW_20230719_172520.440,3.0,5.0,850,1255,1000.0,utah_2023_labels_2s.csv
998,utah_2023__RAW_20230719_172520.440,utah_2023,utah_2023,utah_2023,noise,0,/home/ted1204/MS_Detection_Datamaker/MS_datamaker_UTAH_2023/data/event_2417/RAW_20230719_172520.440.sgy,RAW_20230719_172520.440.sgy,RAW_20230719_172520.440,3.0,5.0,1300,1705,1000.0,utah_2023_labels_2s.csv
999,utah_2023__RAW_20230719_172520.440,utah_2023,utah_2023,utah_2023,noise,0,/home/ted1204/MS_Detection_Datamaker/MS_datamaker_UTAH_2023/data/event_2417/RAW_20230719_172520.440.sgy,RAW_20230719_172520.440.sgy,RAW_20230719_172520.440,3.0,5.0,1750,2155,1000.0,utah_2023_labels_2s.csv
1000,utah_2023__RAW_20230719_172520.440,utah_2023,utah_2023,utah_2023,noise,0,/home/ted1204/MS_Detection_Datamaker/MS_datamaker_UTAH_2023/data/event_2417/RAW_20230719_172520.440.sgy,RAW_20230719_172520.440.sgy,RAW_20230719_172520.440,3.0,5.0,2200,2605,1000.0,utah_2023_labels_2s.csv
1001,utah_2023__RAW_20230719_172520.440,utah_2023,utah_2023,utah_2023,noise,0,/home/ted1204/MS_Detection_Datamaker/MS_datamaker_UTAH_2023/data/event_2417/RAW_20230719_172520.440.sgy,RAW_20230719_172520.440.sgy,RAW_20230719_172520.440,3.0,5.0,2650,3055,1000.0,utah_2023_labels_2s.csv
1002,utah_2023__RAW_20230719_172543.760,utah_2023,utah_2023,utah_2023,noise,0,/home/ted1204/MS_Detection_Datamaker/MS_datamaker_UTAH_2023/data/event_2417/RAW_20230719_172543.760.sgy,RAW_20230719_172543.760.sgy,RAW_20230719_172543.760,0.0,2.0,400,805,1000.0,utah_2023_labels_2s.csv
1003,utah_2023__RAW_20230719_172543.760,utah_2023,utah_2023,utah_2023,noise,0,/home/ted1204/MS_Detection_Datamaker/MS_datamaker_UTAH_2023/data/event_2417/RAW_20230719_172543.760.sgy,RAW_20230719_172543.760.sgy,RAW_20230719_172543.760,0.0,2.0,850,1255,1000.0,utah_2023_labels_2s.csv
1004,utah_2023__RAW_20230719_172543.760,utah_2023,utah_2023,utah_2023,noise,0,/home/ted1204/MS_Detection_Datamaker/MS_datamaker_UTAH_2023/data/event_2417/RAW_20230719_172543.760.sgy,RAW_20230719_172543.760.sgy,RAW_20230719_172543.760,0.0,2.0,1300,1705,1000.0,utah_2023_labels_2s.csv
1005,utah_2023__RAW_20230719_172543.760,utah_2023,utah_2023,utah_2023,noise,0,/home/ted1204/MS_Detection_Datamaker/MS_datamaker_UTAH_2023/data/event_2417/RAW_20230719_172543.760.sgy,RAW_20230719_172543.760.sgy,RAW_20230719_172543.760,0.0,2.0,1750,2155,1000.0,utah_2023_labels_2s.csv
1006,utah_2023__RAW_20230719_172543.760,utah_2023,utah_2023,utah_2023,noise,0,/home/ted1204/MS_Detection_Datamaker/MS_datamaker_UTAH_2023/data/event_2417/RAW_20230719_172543.760.sgy,RAW_20230719_172543.760.sgy,RAW_20230719_172543.760,0.0,2.0,2200,2605,1000.0,utah_2023_labels_2s.csv
1007,utah_2023__RAW_20230719_172543.760,utah_2023,utah_2023,utah_2023,noise,0,/home/ted1204/MS_Detection_Datamaker/MS_datamaker_UTAH_2023/data/event_2417/RAW_20230719_172543.760.sgy,RAW_20230719_172543.760.sgy,RAW_20230719_172543.760,0.0,2.0,2650,3055,1000.0,utah_2023_labels_2s.csv
1008,utah_2023__RAW_20230719_172543.760,utah_2023,utah_2023,utah_2023,noise,0,/home/ted1204/MS_Detection_Datamaker/MS_datamaker_UTAH_2023/data/event_2417/RAW_20230719_172543.760.sgy,RAW_20230719_172543.760.sgy,RAW_20230719_172543.760,3.0,5.0,400,805,1000.0,utah_2023_labels_2s.csv
1009,utah_2023__RAW_20230719_172543.760,utah_2023,utah_2023,utah_2023,noise,0,/home/ted1204/MS_Detection_Datamaker/MS_datamaker_UTAH_2023/data/event_2417/RAW_20230719_172543.760.sgy,RAW_20230719_172543.760.sgy,RAW_20230719_172543.760,3.0,5.0,850,1255,1000.0,utah_2023_labels_2s.csv
1010,utah_2023__RAW_20230719_172543.760,utah_2023,utah_2023,utah_2023,noise,0,/home/ted1204/MS_Detection_Datamaker/MS_datamaker_UTAH_2023/data/event_2417/RAW_20230719_172543.760.sgy,RAW_20230719_172543.760.sgy,RAW_20230719_172543.760,3.0,5.0,1300,1705,1000.0,utah_2023_labels_2s.csv
1011,utah_2023__RAW_20230719_172543.760,utah_2023,utah_2023,utah_2023,noise,0,/home/ted1204/MS_Detection_Datamaker/MS_datamaker_UTAH_2023/data/event_2417/RAW_20230719_172543.760.sgy,RAW_20230719_172543.760.sgy,RAW_20230719_172543.760,3.0,5.0,1750,2155,1000.0,utah_2023_labels_2s.csv
1012,utah_2023__RAW_20230719_172543.760,utah_2023,utah_2023,utah_2023,noise,0,/home/ted1204/MS_Detection_Datamaker/MS_datamaker_UTAH_2023/data/event_2417/RAW_20230719_172543.760.sgy,RAW_20230719_172543.760.sgy,RAW_20230719_172543.760,3.0,5.0,2200,2605,1000.0,utah_2023_labels_2s.csv
1013,utah_2023__RAW_20230719_172543.760,utah_2023,utah_2023,utah_2023,noise,0,/home/ted1204/MS_Detection_Datamaker/MS_datamaker_UTAH_2023/data/event_2417/RAW_20230719_172543.760.sgy,RAW_20230719_172543.760.sgy,RAW_20230719_172543.760,3.0,5.0,2650,3055,1000.0,utah_2023_labels_2s.csv
1014,utah_2023__RAW_20230719_172727.460,utah_2023,utah_2023,utah_2023,noise,0,/home/ted1204/MS_Detection_Datamaker/MS_datamaker_UTAH_2023/data/event_2417/RAW_20230719_172727.460.sgy,RAW_20230719_172727.460.sgy,RAW_20230719_172727.460,0.0,2.0,400,805,1000.0,utah_2023_labels_2s.csv
1015,utah_2023__RAW_20230719_172727.460,utah_2023,utah_2023,utah_2023,noise,0,/home/ted1204/MS_Detection_Datamaker/MS_datamaker_UTAH_2023/data/event_2417/RAW_20230719_172727.460.sgy,RAW_20230719_172727.460.sgy,RAW_20230719_172727.460,0.0,2.0,850,1255,1000.0,utah_2023_labels_2s.csv
1016,utah_2023__RAW_20230719_172727.460,utah_2023,utah_2023,utah_2023,noise,0,/home/ted1204/MS_Detection_Datamaker/MS_datamaker_UTAH_2023/data/event_2417/RAW_20230719_172727.460.sgy,RAW_20230719_172727.460.sgy,RAW_20230719_172727.460,0.0,2.0,1300,1705,1000.0,utah_2023_labels_2s.csv
1017,utah_2023__RAW_20230719_172727.460,utah_2023,utah_2023,utah_2023,noise,0,/home/ted1204/MS_Detection_Datamaker/MS_datamaker_UTAH_2023/data/event_2417/RAW_20230719_172727.460.sgy,RAW_20230719_172727.460.sgy,RAW_20230719_172727.460,0.0,2.0,1750,2155,1000.0,utah_2023_labels_2s.csv
1018,utah_2023__RAW_20230719_172727.460,utah_2023,utah_2023,utah_2023,noise,0,/home/ted1204/MS_Detection_Datamaker/MS_datamaker_UTAH_2023/data/event_2417/RAW_20230719_172727.460.sgy,RAW_20230719_172727.460.sgy,RAW_20230719_172727.460,0.0,2.0,2200,2605,1000.0,utah_2023_labels_2s.csv
1019,utah_2023__RAW_20230719_172727.460,utah_2023,utah_2023,utah_2023,noise,0,/home/ted1204/MS_Detection_Datamaker/MS_datamaker_UTAH_2023/data/event_2417/RAW_20230719_172727.460.sgy,RAW_20230719_172727.460.sgy,RAW_20230719_172727.460,0.0,2.0,2650,3055,1000.0,utah_2023_labels_2s.csv
1020,utah_2023__RAW_20230719_175813.300,utah_2023,utah_2023,utah_2023,noise,0,/home/ted1204/MS_Detection_Datamaker/MS_datamaker_UTAH_2023/data/event_2417/RAW_20230719_175813.300.sgy,RAW_20230719_175813.300.sgy,RAW_20230719_175813.300,0.0,2.0,400,805,1000.0,utah_2023_labels_2s.csv
1021,utah_2023__RAW_20230719_175813.300,utah_2023,utah_2023,utah_2023,noise,0,/home/ted1204/MS_Detection_Datamaker/MS_datamaker_UTAH_2023/data/event_2417/RAW_20230719_175813.300.sgy,RAW_20230719_175813.300.sgy,RAW_20230719_175813.300,0.0,2.0,850,1255,1000.0,utah_2023_labels_2s.csv
1022,utah_2023__RAW_20230719_175813.300,utah_2023,utah_2023,utah_2023,noise,0,/home/ted1204/MS_Detection_Datamaker/MS_datamaker_UTAH_2023/data/event_2417/RAW_20230719_175813.300.sgy,RAW_20230719_175813.300.sgy,RAW_20230719_175813.300,0.0,2.0,1300,1705,1000.0,utah_2023_labels_2s.csv
1023,utah_2023__RAW_20230719_175813.300,utah_2023,utah_2023,utah_2023,noise,0,/home/ted1204/MS_Detection_Datamaker/MS_datamaker_UTAH_2023/data/event_2417/RAW_20230719_175813.300.sgy,RAW_20230719_175813.300.sgy,RAW_20230719_175813.300,0.0,2.0,1750,2155,1000.0,utah_2023_labels_2s.csv
1024,utah_2023__RAW_20230719_175813.300,utah_2023,utah_2023,utah_2023,noise,0,/home/ted1204/MS_Detection_Datamaker/MS_datamaker_UTAH_2023/data/event_2417/RAW_20230719_175813.300.sgy,RAW_20230719_175813.300.sgy,RAW_20230719_175813.300,0.0,2.0,2200,2605,1000.0,utah_2023_labels_2s.csv
1025,utah_2023__RAW_20230719_175813.300,utah_2023,utah_2023,utah_2023,noise,0,/home/ted1204/MS_Detection_Datamaker/MS_datamaker_UTAH_2023/data/event_2417/RAW_20230719_175813.300.sgy,RAW_20230719_175813.300.sgy,RAW_20230719_175813.300,0.0,2.0,2650,3055,1000.0,utah_2023_labels_2s.csv
1026,utah_2023__RAW_20230719_175813.300,utah_2023,utah_2023,utah_2023,noise,0,/home/ted1204/MS_Detection_Datamaker/MS_datamaker_UTAH_2023/data/event_2417/RAW_20230719_175813.300.sgy,RAW_20230719_175813.300.sgy,RAW_20230719_175813.300,3.0,5.0,400,805,1000.0,utah_2023_labels_2s.csv
1027,utah_2023__RAW_20230719_175813.300,utah_2023,utah_2023,utah_2023,noise,0,/home/ted1204/MS_Detection_Datamaker/MS_datamaker_UTAH_2023/data/event_2417/RAW_20230719_175813.300.sgy,RAW_20230719_175813.300.sgy,RAW_20230719_175813.300,3.0,5.0,850,1255,1000.0,utah_2023_labels_2s.csv
1028,utah_2023__RAW_20230719_175813.300,utah_2023,utah_2023,utah_2023,noise,0,/home/ted1204/MS_Detection_Datamaker/MS_datamaker_UTAH_2023/data/event_2417/RAW_20230719_175813.300.sgy,RAW_20230719_175813.300.sgy,RAW_20230719_175813.300,3.0,5.0,1300,1705,1000.0,utah_2023_labels_2s.csv
1029,utah_2023__RAW_20230719_175813.300,utah_2023,utah_2023,utah_2023,noise,0,/home/ted1204/MS_Detection_Datamaker/MS_datamaker_UTAH_2023/data/event_2417/RAW_20230719_175813.300.sgy,RAW_20230719_175813.300.sgy,RAW_20230719_175813.300,3.0,5.0,1750,2155,1000.0,utah_2023_labels_2s.csv
1030,utah_2023__RAW_20230719_175813.300,utah_2023,utah_2023,utah_2023,noise,0,/home/ted1204/MS_Detection_Datamaker/MS_datamaker_UTAH_2023/data/event_2417/RAW_20230719_175813.300.sgy,RAW_20230719_175813.300.sgy,RAW_20230719_175813.300,3.0,5.0,2200,2605,1000.0,utah_2023_labels_2s.csv
1031,utah_2023__RAW_20230719_175813.300,utah_2023,utah_2023,utah_2023,noise,0,/home/ted1204/MS_Detection_Datamaker/MS_datamaker_UTAH_2023/data/event_2417/RAW_20230719_175813.300.sgy,RAW_20230719_175813.300.sgy,RAW_20230719_175813.300,3.0,5.0,2650,3055,1000.0,utah_2023_labels_2s.csv
1032,utah_2023__RAW_20230719_175832.800,utah_2023,utah_2023,utah_2023,noise,0,/home/ted1204/MS_Detection_Datamaker/MS_datamaker_UTAH_2023/data/event_2417/RAW_20230719_175832.800.sgy,RAW_20230719_175832.800.sgy,RAW_20230719_175832.800,0.0,2.0,400,805,1000.0,utah_2023_labels_2s.csv
1033,utah_2023__RAW_20230719_175832.800,utah_2023,utah_2023,utah_2023,noise,0,/home/ted1204/MS_Detection_Datamaker/MS_datamaker_UTAH_2023/data/event_2417/RAW_20230719_175832.800.sgy,RAW_20230719_175832.800.sgy,RAW_20230719_175832.800,0.0,2.0,850,1255,1000.0,utah_2023_labels_2s.csv
1034,utah_2023__RAW_20230719_175832.800,utah_2023,utah_2023,utah_2023,noise,0,/home/ted1204/MS_Detection_Datamaker/MS_datamaker_UTAH_2023/data/event_2417/RAW_20230719_175832.800.sgy,RAW_20230719_175832.800.sgy,RAW_20230719_175832.800,0.0,2.0,1300,1705,1000.0,utah_2023_labels_2s.csv
1035,utah_2023__RAW_20230719_175832.800,utah_2023,utah_2023,utah_2023,noise,0,/home/ted1204/MS_Detection_Datamaker/MS_datamaker_UTAH_2023/data/event_2417/RAW_20230719_175832.800.sgy,RAW_20230719_175832.800.sgy,RAW_20230719_175832.800,0.0,2.0,1750,2155,1000.0,utah_2023_labels_2s.csv
1036,utah_2023__RAW_20230719_175832.800,utah_2023,utah_2023,utah_2023,noise,0,/home/ted1204/MS_Detection_Datamaker/MS_datamaker_UTAH_2023/data/event_2417/RAW_20230719_175832.800.sgy,RAW_20230719_175832.800.sgy,RAW_20230719_175832.800,0.0,2.0,2200,2605,1000.0,utah_2023_labels_2s.csv
1037,utah_2023__RAW_20230719_175832.800,utah_2023,utah_2023,utah_2023,noise,0,/home/ted1204/MS_Detection_Datamaker/MS_datamaker_UTAH_2023/data/event_2417/RAW_20230719_175832.800.sgy,RAW_20230719_175832.800.sgy,RAW_20230719_175832.800,0.0,2.0,2650,3055,1000.0,utah_2023_labels_2s.csv
1038,utah_2023__RAW_20230719_183600.700,utah_2023,utah_2023,utah_2023,noise,0,/home/ted1204/MS_Detection_Datamaker/MS_datamaker_UTAH_2023/data/event_2417/RAW_20230719_183600.700.sgy,RAW_20230719_183600.700.sgy,RAW_20230719_183600.700,0.0,2.0,400,805,1000.0,utah_2023_labels_2s.csv
1039,utah_2023__RAW_20230719_183600.700,utah_2023,utah_2023,utah_2023,noise,0,/home/ted1204/MS_Detection_Datamaker/MS_datamaker_UTAH_2023/data/event_2417/RAW_20230719_183600.700.sgy,RAW_20230719_183600.700.sgy,RAW_20230719_183600.700,0.0,2.0,850,1255,1000.0,utah_2023_labels_2s.csv
1040,utah_2023__RAW_20230719_183600.700,utah_2023,utah_2023,utah_2023,noise,0,/home/ted1204/MS_Detection_Datamaker/MS_datamaker_UTAH_2023/data/event_2417/RAW_20230719_183600.700.sgy,RAW_20230719_183600.700.sgy,RAW_20230719_183600.700,0.0,2.0,1300,1705,1000.0,utah_2023_labels_2s.csv
1041,utah_2023__RAW_20230719_183600.700,utah_2023,utah_2023,utah_2023,noise,0,/home/ted1204/MS_Detection_Datamaker/MS_datamaker_UTAH_2023/data/event_2417/RAW_20230719_183600.700.sgy,RAW_20230719_183600.700.sgy,RAW_20230719_183600.700,0.0,2.0,1750,2155,1000.0,utah_2023_labels_2s.csv
1042,utah_2023__RAW_20230719_183600.700,utah_2023,utah_2023,utah_2023,noise,0,/home/ted1204/MS_Detection_Datamaker/MS_datamaker_UTAH_2023/data/event_2417/RAW_20230719_183600.700.sgy,RAW_20230719_183600.700.sgy,RAW_20230719_183600.700,0.0,2.0,2200,2605,1000.0,utah_2023_labels_2s.csv
1043,utah_2023__RAW_20230719_183600.700,utah_2023,utah_2023,utah_2023,noise,0,/home/ted1204/MS_Detection_Datamaker/MS_datamaker_UTAH_2023/data/event_2417/RAW_20230719_183600.700.sgy,RAW_20230719_183600.700.sgy,RAW_20230719_183600.700,0.0,2.0,2650,3055,1000.0,utah_2023_labels_2s.csv
1044,utah_2023__RAW_20230719_183623.100,utah_2023,utah_2023,utah_2023,noise,0,/home/ted1204/MS_Detection_Datamaker/MS_datamaker_UTAH_2023/data/event_2417/RAW_20230719_183623.100.sgy,RAW_20230719_183623.100.sgy,RAW_20230719_183623.100,0.0,2.0,400,805,1000.0,utah_2023_labels_2s.csv
1045,utah_2023__RAW_20230719_183623.100,utah_2023,utah_2023,utah_2023,noise,0,/home/ted1204/MS_Detection_Datamaker/MS_datamaker_UTAH_2023/data/event_2417/RAW_20230719_183623.100.sgy,RAW_20230719_183623.100.sgy,RAW_20230719_183623.100,0.0,2.0,850,1255,1000.0,utah_2023_labels_2s.csv
1046,utah_2023__RAW_20230719_183623.100,utah_2023,utah_2023,utah_2023,noise,0,/home/ted1204/MS_Detection_Datamaker/MS_datamaker_UTAH_2023/data/event_2417/RAW_20230719_183623.100.sgy,RAW_20230719_183623.100.sgy,RAW_20230719_183623.100,0.0,2.0,1300,1705,1000.0,utah_2023_labels_2s.csv
1047,utah_2023__RAW_20230719_183623.100,utah_2023,utah_2023,utah_2023,noise,0,/home/ted1204/MS_Detection_Datamaker/MS_datamaker_UTAH_2023/data/event_2417/RAW_20230719_183623.100.sgy,RAW_20230719_183623.100.sgy,RAW_20230719_183623.100,0.0,2.0,1750,2155,1000.0,utah_2023_labels_2s.csv
1048,utah_2023__RAW_20230719_183623.100,utah_2023,utah_2023,utah_2023,noise,0,/home/ted1204/MS_Detection_Datamaker/MS_datamaker_UTAH_2023/data/event_2417/RAW_20230719_183623.100.sgy,RAW_20230719_183623.100.sgy,RAW_20230719_183623.100,0.0,2.0,2200,2605,1000.0,utah_2023_labels_2s.csv
1049,utah_2023__RAW_20230719_183623.100,utah_2023,utah_2023,utah_2023,noise,0,/home/ted1204/MS_Detection_Datamaker/MS_datamaker_UTAH_2023/data/event_2417/RAW_20230719_183623.100.sgy,RAW_20230719_183623.100.sgy,RAW_20230719_183623.100,0.0,2.0,2650,3055,1000.0,utah_2023_labels_2s.csv
1050,utah_2023__RAW_20230719_183623.100,utah_2023,utah_2023,utah_2023,noise,0,/home/ted1204/MS_Detection_Datamaker/MS_datamaker_UTAH_2023/data/event_2417/RAW_20230719_183623.100.sgy,RAW_20230719_183623.100.sgy,RAW_20230719_183623.100,3.0,5.0,400,805,1000.0,utah_2023_labels_2s.csv
1051,utah_2023__RAW_20230719_183623.100,utah_2023,utah_2023,utah_2023,noise,0,/home/ted1204/MS_Detection_Datamaker/MS_datamaker_UTAH_2023/data/event_2417/RAW_20230719_183623.100.sgy,RAW_20230719_183623.100.sgy,RAW_20230719_183623.100,3.0,5.0,850,1255,1000.0,utah_2023_labels_2s.csv
1052,utah_2023__RAW_20230719_183623.100,utah_2023,utah_2023,utah_2023,noise,0,/home/ted1204/MS_Detection_Datamaker/MS_datamaker_UTAH_2023/data/event_2417/RAW_20230719_183623.100.sgy,RAW_20230719_183623.100.sgy,RAW_20230719_183623.100,3.0,5.0,1300,1705,1000.0,utah_2023_labels_2s.csv
1053,utah_2023__RAW_20230719_183623.100,utah_2023,utah_2023,utah_2023,noise,0,/home/ted1204/MS_Detection_Datamaker/MS_datamaker_UTAH_2023/data/event_2417/RAW_20230719_183623.100.sgy,RAW_20230719_183623.100.sgy,RAW_20230719_183623.100,3.0,5.0,1750,2155,1000.0,utah_2023_labels_2s.csv
1054,utah_2023__RAW_20230719_183623.100,utah_2023,utah_2023,utah_2023,noise,0,/home/ted1204/MS_Detection_Datamaker/MS_datamaker_UTAH_2023/data/event_2417/RAW_20230719_183623.100.sgy,RAW_20230719_183623.100.sgy,RAW_20230719_183623.100,3.0,5.0,2200,2605,1000.0,utah_2023_labels_2s.csv
1055,utah_2023__RAW_20230719_183623.100,utah_2023,utah_2023,utah_2023,noise,0,/home/ted1204/MS_Detection_Datamaker/MS_datamaker_UTAH_2023/data/event_2417/RAW_20230719_183623.100.sgy,RAW_20230719_183623.100.sgy,RAW_20230719_183623.100,3.0,5.0,2650,3055,1000.0,utah_2023_labels_2s.csv
1056,utah_2023__RAW_20230719_184810.040,utah_2023,utah_2023,utah_2023,noise,0,/home/ted1204/MS_Detection_Datamaker/MS_datamaker_UTAH_2023/data/event_2417/RAW_20230719_184810.040.sgy,RAW_20230719_184810.040.sgy,RAW_20230719_184810.040,0.0,2.0,400,805,1000.0,utah_2023_labels_2s.csv
1057,utah_2023__RAW_20230719_184810.040,utah_2023,utah_2023,utah_2023,noise,0,/home/ted1204/MS_Detection_Datamaker/MS_datamaker_UTAH_2023/data/event_2417/RAW_20230719_184810.040.sgy,RAW_20230719_184810.040.sgy,RAW_20230719_184810.040,0.0,2.0,850,1255,1000.0,utah_2023_labels_2s.csv
1058,utah_2023__RAW_20230719_184810.040,utah_2023,utah_2023,utah_2023,noise,0,/home/ted1204/MS_Detection_Datamaker/MS_datamaker_UTAH_2023/data/event_2417/RAW_20230719_184810.040.sgy,RAW_20230719_184810.040.sgy,RAW_20230719_184810.040,0.0,2.0,1300,1705,1000.0,utah_2023_labels_2s.csv
1059,utah_2023__RAW_20230719_184810.040,utah_2023,utah_2023,utah_2023,noise,0,/home/ted1204/MS_Detection_Datamaker/MS_datamaker_UTAH_2023/data/event_2417/RAW_20230719_184810.040.sgy,RAW_20230719_184810.040.sgy,RAW_20230719_184810.040,0.0,2.0,1750,2155,1000.0,utah_2023_labels_2s.csv
1060,utah_2023__RAW_20230719_184810.040,utah_2023,utah_2023,utah_2023,noise,0,/home/ted1204/MS_Detection_Datamaker/MS_datamaker_UTAH_2023/data/event_2417/RAW_20230719_184810.040.sgy,RAW_20230719_184810.040.sgy,RAW_20230719_184810.040,0.0,2.0,2200,2605,1000.0,utah_2023_labels_2s.csv
1061,utah_2023__RAW_20230719_184810.040,utah_2023,utah_2023,utah_2023,noise,0,/home/ted1204/MS_Detection_Datamaker/MS_datamaker_UTAH_2023/data/event_2417/RAW_20230719_184810.040.sgy,RAW_20230719_184810.040.sgy,RAW_20230719_184810.040,0.0,2.0,2650,3055,1000.0,utah_2023_labels_2s.csv
1062,utah_2023__RAW_20230719_184810.040,utah_2023,utah_2023,utah_2023,noise,0,/home/ted1204/MS_Detection_Datamaker/MS_datamaker_UTAH_2023/data/event_2417/RAW_20230719_184810.040.sgy,RAW_20230719_184810.040.sgy,RAW_20230719_184810.040,3.0,5.0,400,805,1000.0,utah_2023_labels_2s.csv
1063,utah_2023__RAW_20230719_184810.040,utah_2023,utah_2023,utah_2023,noise,0,/home/ted1204/MS_Detection_Datamaker/MS_datamaker_UTAH_2023/data/event_2417/RAW_20230719_184810.040.sgy,RAW_20230719_184810.040.sgy,RAW_20230719_184810.040,3.0,5.0,850,1255,1000.0,utah_2023_labels_2s.csv
1064,utah_2023__RAW_20230719_184810.040,utah_2023,utah_2023,utah_2023,noise,0,/home/ted1204/MS_Detection_Datamaker/MS_datamaker_UTAH_2023/data/event_2417/RAW_20230719_184810.040.sgy,RAW_20230719_184810.040.sgy,RAW_20230719_184810.040,3.0,5.0,1300,1705,1000.0,utah_2023_labels_2s.csv
1065,utah_2023__RAW_20230719_184810.040,utah_2023,utah_2023,utah_2023,noise,0,/home/ted1204/MS_Detection_Datamaker/MS_datamaker_UTAH_2023/data/event_2417/RAW_20230719_184810.040.sgy,RAW_20230719_184810.040.sgy,RAW_20230719_184810.040,3.0,5.0,1750,2155,1000.0,utah_2023_labels_2s.csv
1066,utah_2023__RAW_20230719_184810.040,utah_2023,utah_2023,utah_2023,noise,0,/home/ted1204/MS_Detection_Datamaker/MS_datamaker_UTAH_2023/data/event_2417/RAW_20230719_184810.040.sgy,RAW_20230719_184810.040.sgy,RAW_20230719_184810.040,3.0,5.0,2200,2605,1000.0,utah_2023_labels_2s.csv
1067,utah_2023__RAW_20230719_184810.040,utah_2023,utah_2023,utah_2023,noise,0,/home/ted1204/MS_Detection_Datamaker/MS_datamaker_UTAH_2023/data/event_2417/RAW_20230719_184810.040.sgy,RAW_20230719_184810.040.sgy,RAW_20230719_184810.040,3.0,5.0,2650,3055,1000.0,utah_2023_labels_2s.csv
1068,utah_2023__RAW_20230719_190923.700,utah_2023,utah_2023,utah_2023,noise,0,/home/ted1204/MS_Detection_Datamaker/MS_datamaker_UTAH_2023/data/event_2417/RAW_20230719_190923.700.sgy,RAW_20230719_190923.700.sgy,RAW_20230719_190923.700,0.0,2.0,400,805,1000.0,utah_2023_labels_2s.csv
1069,utah_2023__RAW_20230719_190923.700,utah_2023,utah_2023,utah_2023,noise,0,/home/ted1204/MS_Detection_Datamaker/MS_datamaker_UTAH_2023/data/event_2417/RAW_20230719_190923.700.sgy,RAW_20230719_190923.700.sgy,RAW_20230719_190923.700,0.0,2.0,850,1255,1000.0,utah_2023_labels_2s.csv
1070,utah_2023__RAW_20230719_190923.700,utah_2023,utah_2023,utah_2023,noise,0,/home/ted1204/MS_Detection_Datamaker/MS_datamaker_UTAH_2023/data/event_2417/RAW_20230719_190923.700.sgy,RAW_20230719_190923.700.sgy,RAW_20230719_190923.700,0.0,2.0,1300,1705,1000.0,utah_2023_labels_2s.csv
1071,utah_2023__RAW_20230719_190923.700,utah_2023,utah_2023,utah_2023,noise,0,/home/ted1204/MS_Detection_Datamaker/MS_datamaker_UTAH_2023/data/event_2417/RAW_20230719_190923.700.sgy,RAW_20230719_190923.700.sgy,RAW_20230719_190923.700,0.0,2.0,1750,2155,1000.0,utah_2023_labels_2s.csv
1072,utah_2023__RAW_20230719_190923.700,utah_2023,utah_2023,utah_2023,noise,0,/home/ted1204/MS_Detection_Datamaker/MS_datamaker_UTAH_2023/data/event_2417/RAW_20230719_190923.700.sgy,RAW_20230719_190923.700.sgy,RAW_20230719_190923.700,0.0,2.0,2200,2605,1000.0,utah_2023_labels_2s.csv
1073,utah_2023__RAW_20230719_190923.700,utah_2023,utah_2023,utah_2023,noise,0,/home/ted1204/MS_Detection_Datamaker/MS_datamaker_UTAH_2023/data/event_2417/RAW_20230719_190923.700.sgy,RAW_20230719_190923.700.sgy,RAW_20230719_190923.700,0.0,2.0,2650,3055,1000.0,utah_2023_labels_2s.csv
1074,utah_2023__RAW_20230719_190923.700,utah_2023,utah_2023,utah_2023,noise,0,/home/ted1204/MS_Detection_Datamaker/MS_datamaker_UTAH_2023/data/event_2417/RAW_20230719_190923.700.sgy,RAW_20230719_190923.700.sgy,RAW_20230719_190923.700,3.0,5.0,400,805,1000.0,utah_2023_labels_2s.csv
1075,utah_2023__RAW_20230719_190923.700,utah_2023,utah_2023,utah_2023,noise,0,/home/ted1204/MS_Detection_Datamaker/MS_datamaker_UTAH_2023/data/event_2417/RAW_20230719_190923.700.sgy,RAW_20230719_190923.700.sgy,RAW_20230719_190923.700,3.0,5.0,850,1255,1000.0,utah_2023_labels_2s.csv
1076,utah_2023__RAW_20230719_190923.700,utah_2023,utah_2023,utah_2023,noise,0,/home/ted1204/MS_Detection_Datamaker/MS_datamaker_UTAH_2023/data/event_2417/RAW_20230719_190923.700.sgy,RAW_20230719_190923.700.sgy,RAW_20230719_190923.700,3.0,5.0,1300,1705,1000.0,utah_2023_labels_2s.csv
1077,utah_2023__RAW_20230719_190923.700,utah_2023,utah_2023,utah_2023,noise,0,/home/ted1204/MS_Detection_Datamaker/MS_datamaker_UTAH_2023/data/event_2417/RAW_20230719_190923.700.sgy,RAW_20230719_190923.700.sgy,RAW_20230719_190923.700,3.0,5.0,1750,2155,1000.0,utah_2023_labels_2s.csv
1078,utah_2023__RAW_20230719_190923.700,utah_2023,utah_2023,utah_2023,noise,0,/home/ted1204/MS_Detection_Datamaker/MS_datamaker_UTAH_2023/data/event_2417/RAW_20230719_190923.700.sgy,RAW_20230719_190923.700.sgy,RAW_20230719_190923.700,3.0,5.0,2200,2605,1000.0,utah_2023_labels_2s.csv
1079,utah_2023__RAW_20230719_190923.700,utah_2023,utah_2023,utah_2023,noise,0,/home/ted1204/MS_Detection_Datamaker/MS_datamaker_UTAH_2023/data/event_2417/RAW_20230719_190923.700.sgy,RAW_20230719_190923.700.sgy,RAW_20230719_190923.700,3.0,5.0,2650,3055,1000.0,utah_2023_labels_2s.csv
1080,utah_2023__RAW_20230719_191730.240,utah_2023,utah_2023,utah_2023,noise,0,/home/ted1204/MS_Detection_Datamaker/MS_datamaker_UTAH_2023/data/event_2417/RAW_20230719_191730.240.sgy,RAW_20230719_191730.240.sgy,RAW_20230719_191730.240,0.0,2.0,400,805,1000.0,utah_2023_labels_2s.csv
1081,utah_2023__RAW_20230719_191730.240,utah_2023,utah_2023,utah_2023,noise,0,/home/ted1204/MS_Detection_Datamaker/MS_datamaker_UTAH_2023/data/event_2417/RAW_20230719_191730.240.sgy,RAW_20230719_191730.240.sgy,RAW_20230719_191730.240,0.0,2.0,850,1255,1000.0,utah_2023_labels_2s.csv
1082,utah_2023__RAW_20230719_191730.240,utah_2023,utah_2023,utah_2023,noise,0,/home/ted1204/MS_Detection_Datamaker/MS_datamaker_UTAH_2023/data/event_2417/RAW_20230719_191730.240.sgy,RAW_20230719_191730.240.sgy,RAW_20230719_191730.240,0.0,2.0,1300,1705,1000.0,utah_2023_labels_2s.csv
1083,utah_2023__RAW_20230719_191730.240,utah_2023,utah_2023,utah_2023,noise,0,/home/ted1204/MS_Detection_Datamaker/MS_datamaker_UTAH_2023/data/event_2417/RAW_20230719_191730.240.sgy,RAW_20230719_191730.240.sgy,RAW_20230719_191730.240,0.0,2.0,1750,2155,1000.0,utah_2023_labels_2s.csv
1084,utah_2023__RAW_20230719_191730.240,utah_2023,utah_2023,utah_2023,noise,0,/home/ted1204/MS_Detection_Datamaker/MS_datamaker_UTAH_2023/data/event_2417/RAW_20230719_191730.240.sgy,RAW_20230719_191730.240.sgy,RAW_20230719_191730.240,0.0,2.0,2200,2605,1000.0,utah_2023_labels_2s.csv
1085,utah_2023__RAW_20230719_191730.240,utah_2023,utah_2023,utah_2023,noise,0,/home/ted1204/MS_Detection_Datamaker/MS_datamaker_UTAH_2023/data/event_2417/RAW_20230719_191730.240.sgy,RAW_20230719_191730.240.sgy,RAW_20230719_191730.240,0.0,2.0,2650,3055,1000.0,utah_2023_labels_2s.csv
1086,utah_2023__RAW_20230719_191730.240,utah_2023,utah_2023,utah_2023,noise,0,/home/ted1204/MS_Detection_Datamaker/MS_datamaker_UTAH_2023/data/event_2417/RAW_20230719_191730.240.sgy,RAW_20230719_191730.240.sgy,RAW_20230719_191730.240,3.0,5.0,400,805,1000.0,utah_2023_labels_2s.csv
1087,utah_2023__RAW_20230719_191730.240,utah_2023,utah_2023,utah_2023,noise,0,/home/ted1204/MS_Detection_Datamaker/MS_datamaker_UTAH_2023/data/event_2417/RAW_20230719_191730.240.sgy,RAW_20230719_191730.240.sgy,RAW_20230719_191730.240,3.0,5.0,850,1255,1000.0,utah_2023_labels_2s.csv
1088,utah_2023__RAW_20230719_191730.240,utah_2023,utah_2023,utah_2023,noise,0,/home/ted1204/MS_Detection_Datamaker/MS_datamaker_UTAH_2023/data/event_2417/RAW_20230719_191730.240.sgy,RAW_20230719_191730.240.sgy,RAW_20230719_191730.240,3.0,5.0,1300,1705,1000.0,utah_2023_labels_2s.csv
1089,utah_2023__RAW_20230719_191730.240,utah_2023,utah_2023,utah_2023,noise,0,/home/ted1204/MS_Detection_Datamaker/MS_datamaker_UTAH_2023/data/event_2417/RAW_20230719_191730.240.sgy,RAW_20230719_191730.240.sgy,RAW_20230719_191730.240,3.0,5.0,1750,2155,1000.0,utah_2023_labels_2s.csv
1090,utah_2023__RAW_20230719_191730.240,utah_2023,utah_2023,utah_2023,noise,0,/home/ted1204/MS_Detection_Datamaker/MS_datamaker_UTAH_2023/data/event_2417/RAW_20230719_191730.240.sgy,RAW_20230719_191730.240.sgy,RAW_20230719_191730.240,3.0,5.0,2200,2605,1000.0,utah_2023_labels_2s.csv
1091,utah_2023__RAW_20230719_191730.240,utah_2023,utah_2023,utah_2023,noise,0,/home/ted1204/MS_Detection_Datamaker/MS_datamaker_UTAH_2023/data/event_2417/RAW_20230719_191730.240.sgy,RAW_20230719_191730.240.sgy,RAW_20230719_191730.240,3.0,5.0,2650,3055,1000.0,utah_2023_labels_2s.csv
1092,utah_2023__RAW_20230719_192119.580,utah_2023,utah_2023,utah_2023,noise,0,/home/ted1204/MS_Detection_Datamaker/MS_datamaker_UTAH_2023/data/event_2417/RAW_20230719_192119.580.sgy,RAW_20230719_192119.580.sgy,RAW_20230719_192119.580,0.0,2.0,400,805,1000.0,utah_2023_labels_2s.csv
1093,utah_2023__RAW_20230719_192119.580,utah_2023,utah_2023,utah_2023,noise,0,/home/ted1204/MS_Detection_Datamaker/MS_datamaker_UTAH_2023/data/event_2417/RAW_20230719_192119.580.sgy,RAW_20230719_192119.580.sgy,RAW_20230719_192119.580,0.0,2.0,850,1255,1000.0,utah_2023_labels_2s.csv
1094,utah_2023__RAW_20230719_192119.580,utah_2023,utah_2023,utah_2023,noise,0,/home/ted1204/MS_Detection_Datamaker/MS_datamaker_UTAH_2023/data/event_2417/RAW_20230719_192119.580.sgy,RAW_20230719_192119.580.sgy,RAW_20230719_192119.580,0.0,2.0,1300,1705,1000.0,utah_2023_labels_2s.csv
1095,utah_2023__RAW_20230719_192119.580,utah_2023,utah_2023,utah_2023,noise,0,/home/ted1204/MS_Detection_Datamaker/MS_datamaker_UTAH_2023/data/event_2417/RAW_20230719_192119.580.sgy,RAW_20230719_192119.580.sgy,RAW_20230719_192119.580,0.0,2.0,1750,2155,1000.0,utah_2023_labels_2s.csv
1096,utah_2023__RAW_20230719_192119.580,utah_2023,utah_2023,utah_2023,noise,0,/home/ted1204/MS_Detection_Datamaker/MS_datamaker_UTAH_2023/data/event_2417/RAW_20230719_192119.580.sgy,RAW_20230719_192119.580.sgy,RAW_20230719_192119.580,0.0,2.0,2200,2605,1000.0,utah_2023_labels_2s.csv
1097,utah_2023__RAW_20230719_192119.580,utah_2023,utah_2023,utah_2023,noise,0,/home/ted1204/MS_Detection_Datamaker/MS_datamaker_UTAH_2023/data/event_2417/RAW_20230719_192119.580.sgy,RAW_20230719_192119.580.sgy,RAW_20230719_192119.580,0.0,2.0,2650,3055,1000.0,utah_2023_labels_2s.csv
1098,utah_2023__RAW_20230719_192324.520,utah_2023,utah_2023,utah_2023,noise,0,/home/ted1204/MS_Detection_Datamaker/MS_datamaker_UTAH_2023/data/event_2417/RAW_20230719_192324.520.sgy,RAW_20230719_192324.520.sgy,RAW_20230719_192324.520,0.0,2.0,400,805,1000.0,utah_2023_labels_2s.csv
1099,utah_2023__RAW_20230719_192324.520,utah_2023,utah_2023,utah_2023,noise,0,/home/ted1204/MS_Detection_Datamaker/MS_datamaker_UTAH_2023/data/event_2417/RAW_20230719_192324.520.sgy,RAW_20230719_192324.520.sgy,RAW_20230719_192324.520,0.0,2.0,850,1255,1000.0,utah_2023_labels_2s.csv
1100,utah_2023__RAW_20230719_192324.520,utah_2023,utah_2023,utah_2023,noise,0,/home/ted1204/MS_Detection_Datamaker/MS_datamaker_UTAH_2023/data/event_2417/RAW_20230719_192324.520.sgy,RAW_20230719_192324.520.sgy,RAW_20230719_192324.520,0.0,2.0,1300,1705,1000.0,utah_2023_labels_2s.csv
1101,utah_2023__RAW_20230719_192324.520,utah_2023,utah_2023,utah_2023,noise,0,/home/ted1204/MS_Detection_Datamaker/MS_datamaker_UTAH_2023/data/event_2417/RAW_20230719_192324.520.sgy,RAW_20230719_192324.520.sgy,RAW_20230719_192324.520,0.0,2.0,1750,2155,1000.0,utah_2023_labels_2s.csv
1102,utah_2023__RAW_20230719_192324.520,utah_2023,utah_2023,utah_2023,noise,0,/home/ted1204/MS_Detection_Datamaker/MS_datamaker_UTAH_2023/data/event_2417/RAW_20230719_192324.520.sgy,RAW_20230719_192324.520.sgy,RAW_20230719_192324.520,0.0,2.0,2200,2605,1000.0,utah_2023_labels_2s.csv
1103,utah_2023__RAW_20230719_192324.520,utah_2023,utah_2023,utah_2023,noise,0,/home/ted1204/MS_Detection_Datamaker/MS_datamaker_UTAH_2023/data/event_2417/RAW_20230719_192324.520.sgy,RAW_20230719_192324.520.sgy,RAW_20230719_192324.520,0.0,2.0,2650,3055,1000.0,utah_2023_labels_2s.csv
1104,utah_2023__RAW_20230719_192324.520,utah_2023,utah_2023,utah_2023,noise,0,/home/ted1204/MS_Detection_Datamaker/MS_datamaker_UTAH_2023/data/event_2417/RAW_20230719_192324.520.sgy,RAW_20230719_192324.520.sgy,RAW_20230719_192324.520,3.0,5.0,400,805,1000.0,utah_2023_labels_2s.csv
1105,utah_2023__RAW_20230719_192324.520,utah_2023,utah_2023,utah_2023,noise,0,/home/ted1204/MS_Detection_Datamaker/MS_datamaker_UTAH_2023/data/event_2417/RAW_20230719_192324.520.sgy,RAW_20230719_192324.520.sgy,RAW_20230719_192324.520,3.0,5.0,850,1255,1000.0,utah_2023_labels_2s.csv
1106,utah_2023__RAW_20230719_192324.520,utah_2023,utah_2023,utah_2023,noise,0,/home/ted1204/MS_Detection_Datamaker/MS_datamaker_UTAH_2023/data/event_2417/RAW_20230719_192324.520.sgy,RAW_20230719_192324.520.sgy,RAW_20230719_192324.520,3.0,5.0,1300,1705,1000.0,utah_2023_labels_2s.csv
1107,utah_2023__RAW_20230719_192324.520,utah_2023,utah_2023,utah_2023,noise,0,/home/ted1204/MS_Detection_Datamaker/MS_datamaker_UTAH_2023/data/event_2417/RAW_20230719_192324.520.sgy,RAW_20230719_192324.520.sgy,RAW_20230719_192324.520,3.0,5.0,1750,2155,1000.0,utah_2023_labels_2s.csv
1108,utah_2023__RAW_20230719_192324.520,utah_2023,utah_2023,utah_2023,noise,0,/home/ted1204/MS_Detection_Datamaker/MS_datamaker_UTAH_2023/data/event_2417/RAW_20230719_192324.520.sgy,RAW_20230719_192324.520.sgy,RAW_20230719_192324.520,3.0,5.0,2200,2605,1000.0,utah_2023_labels_2s.csv
1109,utah_2023__RAW_20230719_192324.520,utah_2023,utah_2023,utah_2023,noise,0,/home/ted1204/MS_Detection_Datamaker/MS_datamaker_UTAH_2023/data/event_2417/RAW_20230719_192324.520.sgy,RAW_20230719_192324.520.sgy,RAW_20230719_192324.520,3.0,5.0,2650,3055,1000.0,utah_2023_labels_2s.csv
1110,utah_2023__RAW_20230719_195243.480,utah_2023,utah_2023,utah_2023,noise,0,/home/ted1204/MS_Detection_Datamaker/MS_datamaker_UTAH_2023/data/event_2417/RAW_20230719_195243.480.sgy,RAW_20230719_195243.480.sgy,RAW_20230719_195243.480,0.0,2.0,400,805,1000.0,utah_2023_labels_2s.csv
1111,utah_2023__RAW_20230719_195243.480,utah_2023,utah_2023,utah_2023,noise,0,/home/ted1204/MS_Detection_Datamaker/MS_datamaker_UTAH_2023/data/event_2417/RAW_20230719_195243.480.sgy,RAW_20230719_195243.480.sgy,RAW_20230719_195243.480,0.0,2.0,850,1255,1000.0,utah_2023_labels_2s.csv
1112,utah_2023__RAW_20230719_195243.480,utah_2023,utah_2023,utah_2023,noise,0,/home/ted1204/MS_Detection_Datamaker/MS_datamaker_UTAH_2023/data/event_2417/RAW_20230719_195243.480.sgy,RAW_20230719_195243.480.sgy,RAW_20230719_195243.480,0.0,2.0,1300,1705,1000.0,utah_2023_labels_2s.csv
1113,utah_2023__RAW_20230719_195243.480,utah_2023,utah_2023,utah_2023,noise,0,/home/ted1204/MS_Detection_Datamaker/MS_datamaker_UTAH_2023/data/event_2417/RAW_20230719_195243.480.sgy,RAW_20230719_195243.480.sgy,RAW_20230719_195243.480,0.0,2.0,1750,2155,1000.0,utah_2023_labels_2s.csv
1114,utah_2023__RAW_20230719_195243.480,utah_2023,utah_2023,utah_2023,noise,0,/home/ted1204/MS_Detection_Datamaker/MS_datamaker_UTAH_2023/data/event_2417/RAW_20230719_195243.480.sgy,RAW_20230719_195243.480.sgy,RAW_20230719_195243.480,0.0,2.0,2200,2605,1000.0,utah_2023_labels_2s.csv
1115,utah_2023__RAW_20230719_195243.480,utah_2023,utah_2023,utah_2023,noise,0,/home/ted1204/MS_Detection_Datamaker/MS_datamaker_UTAH_2023/data/event_2417/RAW_20230719_195243.480.sgy,RAW_20230719_195243.480.sgy,RAW_20230719_195243.480,0.0,2.0,2650,3055,1000.0,utah_2023_labels_2s.csv
1116,utah_2023__RAW_20230719_195243.480,utah_2023,utah_2023,utah_2023,noise,0,/home/ted1204/MS_Detection_Datamaker/MS_datamaker_UTAH_2023/data/event_2417/RAW_20230719_195243.480.sgy,RAW_20230719_195243.480.sgy,RAW_20230719_195243.480,3.0,5.0,400,805,1000.0,utah_2023_labels_2s.csv
1117,utah_2023__RAW_20230719_195243.480,utah_2023,utah_2023,utah_2023,noise,0,/home/ted1204/MS_Detection_Datamaker/MS_datamaker_UTAH_2023/data/event_2417/RAW_20230719_195243.480.sgy,RAW_20230719_195243.480.sgy,RAW_20230719_195243.480,3.0,5.0,850,1255,1000.0,utah_2023_labels_2s.csv
1118,utah_2023__RAW_20230719_195243.480,utah_2023,utah_2023,utah_2023,noise,0,/home/ted1204/MS_Detection_Datamaker/MS_datamaker_UTAH_2023/data/event_2417/RAW_20230719_195243.480.sgy,RAW_20230719_195243.480.sgy,RAW_20230719_195243.480,3.0,5.0,1300,1705,1000.0,utah_2023_labels_2s.csv
1119,utah_2023__RAW_20230719_195243.480,utah_2023,utah_2023,utah_2023,noise,0,/home/ted1204/MS_Detection_Datamaker/MS_datamaker_UTAH_2023/data/event_2417/RAW_20230719_195243.480.sgy,RAW_20230719_195243.480.sgy,RAW_20230719_195243.480,3.0,5.0,1750,2155,1000.0,utah_2023_labels_2s.csv
1120,utah_2023__RAW_20230719_195243.480,utah_2023,utah_2023,utah_2023,noise,0,/home/ted1204/MS_Detection_Datamaker/MS_datamaker_UTAH_2023/data/event_2417/RAW_20230719_195243.480.sgy,RAW_20230719_195243.480.sgy,RAW_20230719_195243.480,3.0,5.0,2200,2605,1000.0,utah_2023_labels_2s.csv
1121,utah_2023__RAW_20230719_195243.480,utah_2023,utah_2023,utah_2023,noise,0,/home/ted1204/MS_Detection_Datamaker/MS_datamaker_UTAH_2023/data/event_2417/RAW_20230719_195243.480.sgy,RAW_20230719_195243.480.sgy,RAW_20230719_195243.480,3.0,5.0,2650,3055,1000.0,utah_2023_labels_2s.csv
1122,utah_2023__RAW_20230719_200016.600,utah_2023,utah_2023,utah_2023,noise,0,/home/ted1204/MS_Detection_Datamaker/MS_datamaker_UTAH_2023/data/event_2417/RAW_20230719_200016.600.sgy,RAW_20230719_200016.600.sgy,RAW_20230719_200016.600,0.0,2.0,400,805,1000.0,utah_2023_labels_2s.csv
1123,utah_2023__RAW_20230719_200016.600,utah_2023,utah_2023,utah_2023,noise,0,/home/ted1204/MS_Detection_Datamaker/MS_datamaker_UTAH_2023/data/event_2417/RAW_20230719_200016.600.sgy,RAW_20230719_200016.600.sgy,RAW_20230719_200016.600,0.0,2.0,850,1255,1000.0,utah_2023_labels_2s.csv
1124,utah_2023__RAW_20230719_200016.600,utah_2023,utah_2023,utah_2023,noise,0,/home/ted1204/MS_Detection_Datamaker/MS_datamaker_UTAH_2023/data/event_2417/RAW_20230719_200016.600.sgy,RAW_20230719_200016.600.sgy,RAW_20230719_200016.600,0.0,2.0,1300,1705,1000.0,utah_2023_labels_2s.csv
1125,utah_2023__RAW_20230719_200016.600,utah_2023,utah_2023,utah_2023,noise,0,/home/ted1204/MS_Detection_Datamaker/MS_datamaker_UTAH_2023/data/event_2417/RAW_20230719_200016.600.sgy,RAW_20230719_200016.600.sgy,RAW_20230719_200016.600,0.0,2.0,1750,2155,1000.0,utah_2023_labels_2s.csv
1126,utah_2023__RAW_20230719_200016.600,utah_2023,utah_2023,utah_2023,noise,0,/home/ted1204/MS_Detection_Datamaker/MS_datamaker_UTAH_2023/data/event_2417/RAW_20230719_200016.600.sgy,RAW_20230719_200016.600.sgy,RAW_20230719_200016.600,0.0,2.0,2200,2605,1000.0,utah_2023_labels_2s.csv
1127,utah_2023__RAW_20230719_200016.600,utah_2023,utah_2023,utah_2023,noise,0,/home/ted1204/MS_Detection_Datamaker/MS_datamaker_UTAH_2023/data/event_2417/RAW_20230719_200016.600.sgy,RAW_20230719_200016.600.sgy,RAW_20230719_200016.600,0.0,2.0,2650,3055,1000.0,utah_2023_labels_2s.csv
1128,utah_2023__RAW_20230719_200016.600,utah_2023,utah_2023,utah_2023,noise,0,/home/ted1204/MS_Detection_Datamaker/MS_datamaker_UTAH_2023/data/event_2417/RAW_20230719_200016.600.sgy,RAW_20230719_200016.600.sgy,RAW_20230719_200016.600,3.0,5.0,400,805,1000.0,utah_2023_labels_2s.csv
1129,utah_2023__RAW_20230719_200016.600,utah_2023,utah_2023,utah_2023,noise,0,/home/ted1204/MS_Detection_Datamaker/MS_datamaker_UTAH_2023/data/event_2417/RAW_20230719_200016.600.sgy,RAW_20230719_200016.600.sgy,RAW_20230719_200016.600,3.0,5.0,850,1255,1000.0,utah_2023_labels_2s.csv
1130,utah_2023__RAW_20230719_200016.600,utah_2023,utah_2023,utah_2023,noise,0,/home/ted1204/MS_Detection_Datamaker/MS_datamaker_UTAH_2023/data/event_2417/RAW_20230719_200016.600.sgy,RAW_20230719_200016.600.sgy,RAW_20230719_200016.600,3.0,5.0,1300,1705,1000.0,utah_2023_labels_2s.csv
1131,utah_2023__RAW_20230719_200016.600,utah_2023,utah_2023,utah_2023,noise,0,/home/ted1204/MS_Detection_Datamaker/MS_datamaker_UTAH_2023/data/event_2417/RAW_20230719_200016.600.sgy,RAW_20230719_200016.600.sgy,RAW_20230719_200016.600,3.0,5.0,1750,2155,1000.0,utah_2023_labels_2s.csv
1132,utah_2023__RAW_20230719_200016.600,utah_2023,utah_2023,utah_2023,noise,0,/home/ted1204/MS_Detection_Datamaker/MS_datamaker_UTAH_2023/data/event_2417/RAW_20230719_200016.600.sgy,RAW_20230719_200016.600.sgy,RAW_20230719_200016.600,3.0,5.0,2200,2605,1000.0,utah_2023_labels_2s.csv
1133,utah_2023__RAW_20230719_200016.600,utah_2023,utah_2023,utah_2023,noise,0,/home/ted1204/MS_Detection_Datamaker/MS_datamaker_UTAH_2023/data/event_2417/RAW_20230719_200016.600.sgy,RAW_20230719_200016.600.sgy,RAW_20230719_200016.600,3.0,5.0,2650,3055,1000.0,utah_2023_labels_2s.csv
1134,utah_2023__RAW_20230719_202520.200,utah_2023,utah_2023,utah_2023,noise,0,/home/ted1204/MS_Detection_Datamaker/MS_datamaker_UTAH_2023/data/event_2417/RAW_20230719_202520.200.sgy,RAW_20230719_202520.200.sgy,RAW_20230719_202520.200,0.0,2.0,400,805,1000.0,utah_2023_labels_2s.csv
1135,utah_2023__RAW_20230719_202520.200,utah_2023,utah_2023,utah_2023,noise,0,/home/ted1204/MS_Detection_Datamaker/MS_datamaker_UTAH_2023/data/event_2417/RAW_20230719_202520.200.sgy,RAW_20230719_202520.200.sgy,RAW_20230719_202520.200,0.0,2.0,850,1255,1000.0,utah_2023_labels_2s.csv
1136,utah_2023__RAW_20230719_202520.200,utah_2023,utah_2023,utah_2023,noise,0,/home/ted1204/MS_Detection_Datamaker/MS_datamaker_UTAH_2023/data/event_2417/RAW_20230719_202520.200.sgy,RAW_20230719_202520.200.sgy,RAW_20230719_202520.200,0.0,2.0,1300,1705,1000.0,utah_2023_labels_2s.csv
1137,utah_2023__RAW_20230719_202520.200,utah_2023,utah_2023,utah_2023,noise,0,/home/ted1204/MS_Detection_Datamaker/MS_datamaker_UTAH_2023/data/event_2417/RAW_20230719_202520.200.sgy,RAW_20230719_202520.200.sgy,RAW_20230719_202520.200,0.0,2.0,1750,2155,1000.0,utah_2023_labels_2s.csv
1138,utah_2023__RAW_20230719_202520.200,utah_2023,utah_2023,utah_2023,noise,0,/home/ted1204/MS_Detection_Datamaker/MS_datamaker_UTAH_2023/data/event_2417/RAW_20230719_202520.200.sgy,RAW_20230719_202520.200.sgy,RAW_20230719_202520.200,0.0,2.0,2200,2605,1000.0,utah_2023_labels_2s.csv
1139,utah_2023__RAW_20230719_202520.200,utah_2023,utah_2023,utah_2023,noise,0,/home/ted1204/MS_Detection_Datamaker/MS_datamaker_UTAH_2023/data/event_2417/RAW_20230719_202520.200.sgy,RAW_20230719_202520.200.sgy,RAW_20230719_202520.200,0.0,2.0,2650,3055,1000.0,utah_2023_labels_2s.csv
1140,utah_2023__RAW_20230719_203619.360,utah_2023,utah_2023,utah_2023,noise,0,/home/ted1204/MS_Detection_Datamaker/MS_datamaker_UTAH_2023/data/event_2417/RAW_20230719_203619.360.sgy,RAW_20230719_203619.360.sgy,RAW_20230719_203619.360,0.0,2.0,400,805,1000.0,utah_2023_labels_2s.csv
1141,utah_2023__RAW_20230719_203619.360,utah_2023,utah_2023,utah_2023,noise,0,/home/ted1204/MS_Detection_Datamaker/MS_datamaker_UTAH_2023/data/event_2417/RAW_20230719_203619.360.sgy,RAW_20230719_203619.360.sgy,RAW_20230719_203619.360,0.0,2.0,850,1255,1000.0,utah_2023_labels_2s.csv
1142,utah_2023__RAW_20230719_203619.360,utah_2023,utah_2023,utah_2023,noise,0,/home/ted1204/MS_Detection_Datamaker/MS_datamaker_UTAH_2023/data/event_2417/RAW_20230719_203619.360.sgy,RAW_20230719_203619.360.sgy,RAW_20230719_203619.360,0.0,2.0,1300,1705,1000.0,utah_2023_labels_2s.csv
1143,utah_2023__RAW_20230719_203619.360,utah_2023,utah_2023,utah_2023,noise,0,/home/ted1204/MS_Detection_Datamaker/MS_datamaker_UTAH_2023/data/event_2417/RAW_20230719_203619.360.sgy,RAW_20230719_203619.360.sgy,RAW_20230719_203619.360,0.0,2.0,1750,2155,1000.0,utah_2023_labels_2s.csv
1144,utah_2023__RAW_20230719_203619.360,utah_2023,utah_2023,utah_2023,noise,0,/home/ted1204/MS_Detection_Datamaker/MS_datamaker_UTAH_2023/data/event_2417/RAW_20230719_203619.360.sgy,RAW_20230719_203619.360.sgy,RAW_20230719_203619.360,0.0,2.0,2200,2605,1000.0,utah_2023_labels_2s.csv
1145,utah_2023__RAW_20230719_203619.360,utah_2023,utah_2023,utah_2023,noise,0,/home/ted1204/MS_Detection_Datamaker/MS_datamaker_UTAH_2023/data/event_2417/RAW_20230719_203619.360.sgy,RAW_20230719_203619.360.sgy,RAW_20230719_203619.360,0.0,2.0,2650,3055,1000.0,utah_2023_labels_2s.csv
1146,utah_2023__RAW_20230719_205922.900,utah_2023,utah_2023,utah_2023,noise,0,/home/ted1204/MS_Detection_Datamaker/MS_datamaker_UTAH_2023/data/event_2417/RAW_20230719_205922.900.sgy,RAW_20230719_205922.900.sgy,RAW_20230719_205922.900,0.0,2.0,400,805,1000.0,utah_2023_labels_2s.csv
1147,utah_2023__RAW_20230719_205922.900,utah_2023,utah_2023,utah_2023,noise,0,/home/ted1204/MS_Detection_Datamaker/MS_datamaker_UTAH_2023/data/event_2417/RAW_20230719_205922.900.sgy,RAW_20230719_205922.900.sgy,RAW_20230719_205922.900,0.0,2.0,850,1255,1000.0,utah_2023_labels_2s.csv
1148,utah_2023__RAW_20230719_205922.900,utah_2023,utah_2023,utah_2023,noise,0,/home/ted1204/MS_Detection_Datamaker/MS_datamaker_UTAH_2023/data/event_2417/RAW_20230719_205922.900.sgy,RAW_20230719_205922.900.sgy,RAW_20230719_205922.900,0.0,2.0,1300,1705,1000.0,utah_2023_labels_2s.csv
1149,utah_2023__RAW_20230719_205922.900,utah_2023,utah_2023,utah_2023,noise,0,/home/ted1204/MS_Detection_Datamaker/MS_datamaker_UTAH_2023/data/event_2417/RAW_20230719_205922.900.sgy,RAW_20230719_205922.900.sgy,RAW_20230719_205922.900,0.0,2.0,1750,2155,1000.0,utah_2023_labels_2s.csv
1150,utah_2023__RAW_20230719_205922.900,utah_2023,utah_2023,utah_2023,noise,0,/home/ted1204/MS_Detection_Datamaker/MS_datamaker_UTAH_2023/data/event_2417/RAW_20230719_205922.900.sgy,RAW_20230719_205922.900.sgy,RAW_20230719_205922.900,0.0,2.0,2200,2605,1000.0,utah_2023_labels_2s.csv
1151,utah_2023__RAW_20230719_205922.900,utah_2023,utah_2023,utah_2023,noise,0,/home/ted1204/MS_Detection_Datamaker/MS_datamaker_UTAH_2023/data/event_2417/RAW_20230719_205922.900.sgy,RAW_20230719_205922.900.sgy,RAW_20230719_205922.900,0.0,2.0,2650,3055,1000.0,utah_2023_labels_2s.csv
1152,utah_2023__RAW_20230719_205922.900,utah_2023,utah_2023,utah_2023,noise,0,/home/ted1204/MS_Detection_Datamaker/MS_datamaker_UTAH_2023/data/event_2417/RAW_20230719_205922.900.sgy,RAW_20230719_205922.900.sgy,RAW_20230719_205922.900,3.0,5.0,400,805,1000.0,utah_2023_labels_2s.csv
1153,utah_2023__RAW_20230719_205922.900,utah_2023,utah_2023,utah_2023,noise,0,/home/ted1204/MS_Detection_Datamaker/MS_datamaker_UTAH_2023/data/event_2417/RAW_20230719_205922.900.sgy,RAW_20230719_205922.900.sgy,RAW_20230719_205922.900,3.0,5.0,850,1255,1000.0,utah_2023_labels_2s.csv
1154,utah_2023__RAW_20230719_205922.900,utah_2023,utah_2023,utah_2023,noise,0,/home/ted1204/MS_Detection_Datamaker/MS_datamaker_UTAH_2023/data/event_2417/RAW_20230719_205922.900.sgy,RAW_20230719_205922.900.sgy,RAW_20230719_205922.900,3.0,5.0,1300,1705,1000.0,utah_2023_labels_2s.csv
1155,utah_2023__RAW_20230719_205922.900,utah_2023,utah_2023,utah_2023,noise,0,/home/ted1204/MS_Detection_Datamaker/MS_datamaker_UTAH_2023/data/event_2417/RAW_20230719_205922.900.sgy,RAW_20230719_205922.900.sgy,RAW_20230719_205922.900,3.0,5.0,1750,2155,1000.0,utah_2023_labels_2s.csv
1156,utah_2023__RAW_20230719_205922.900,utah_2023,utah_2023,utah_2023,noise,0,/home/ted1204/MS_Detection_Datamaker/MS_datamaker_UTAH_2023/data/event_2417/RAW_20230719_205922.900.sgy,RAW_20230719_205922.900.sgy,RAW_20230719_205922.900,3.0,5.0,2200,2605,1000.0,utah_2023_labels_2s.csv
1157,utah_2023__RAW_20230719_205922.900,utah_2023,utah_2023,utah_2023,noise,0,/home/ted1204/MS_Detection_Datamaker/MS_datamaker_UTAH_2023/data/event_2417/RAW_20230719_205922.900.sgy,RAW_20230719_205922.900.sgy,RAW_20230719_205922.900,3.0,5.0,2650,3055,1000.0,utah_2023_labels_2s.csv
1158,utah_2023__RAW_20230719_210647.360,utah_2023,utah_2023,utah_2023,noise,0,/home/ted1204/MS_Detection_Datamaker/MS_datamaker_UTAH_2023/data/event_2417/RAW_20230719_210647.360.sgy,RAW_20230719_210647.360.sgy,RAW_20230719_210647.360,0.0,2.0,400,805,1000.0,utah_2023_labels_2s.csv
1159,utah_2023__RAW_20230719_210647.360,utah_2023,utah_2023,utah_2023,noise,0,/home/ted1204/MS_Detection_Datamaker/MS_datamaker_UTAH_2023/data/event_2417/RAW_20230719_210647.360.sgy,RAW_20230719_210647.360.sgy,RAW_20230719_210647.360,0.0,2.0,850,1255,1000.0,utah_2023_labels_2s.csv
1160,utah_2023__RAW_20230719_210647.360,utah_2023,utah_2023,utah_2023,noise,0,/home/ted1204/MS_Detection_Datamaker/MS_datamaker_UTAH_2023/data/event_2417/RAW_20230719_210647.360.sgy,RAW_20230719_210647.360.sgy,RAW_20230719_210647.360,0.0,2.0,1300,1705,1000.0,utah_2023_labels_2s.csv
1161,utah_2023__RAW_20230719_210647.360,utah_2023,utah_2023,utah_2023,noise,0,/home/ted1204/MS_Detection_Datamaker/MS_datamaker_UTAH_2023/data/event_2417/RAW_20230719_210647.360.sgy,RAW_20230719_210647.360.sgy,RAW_20230719_210647.360,0.0,2.0,1750,2155,1000.0,utah_2023_labels_2s.csv
1162,utah_2023__RAW_20230719_210647.360,utah_2023,utah_2023,utah_2023,noise,0,/home/ted1204/MS_Detection_Datamaker/MS_datamaker_UTAH_2023/data/event_2417/RAW_20230719_210647.360.sgy,RAW_20230719_210647.360.sgy,RAW_20230719_210647.360,0.0,2.0,2200,2605,1000.0,utah_2023_labels_2s.csv
1163,utah_2023__RAW_20230719_210647.360,utah_2023,utah_2023,utah_2023,noise,0,/home/ted1204/MS_Detection_Datamaker/MS_datamaker_UTAH_2023/data/event_2417/RAW_20230719_210647.360.sgy,RAW_20230719_210647.360.sgy,RAW_20230719_210647.360,0.0,2.0,2650,3055,1000.0,utah_2023_labels_2s.csv
1164,utah_2023__RAW_20230719_210647.360,utah_2023,utah_2023,utah_2023,noise,0,/home/ted1204/MS_Detection_Datamaker/MS_datamaker_UTAH_2023/data/event_2417/RAW_20230719_210647.360.sgy,RAW_20230719_210647.360.sgy,RAW_20230719_210647.360,3.0,5.0,400,805,1000.0,utah_2023_labels_2s.csv
1165,utah_2023__RAW_20230719_210647.360,utah_2023,utah_2023,utah_2023,noise,0,/home/ted1204/MS_Detection_Datamaker/MS_datamaker_UTAH_2023/data/event_2417/RAW_20230719_210647.360.sgy,RAW_20230719_210647.360.sgy,RAW_20230719_210647.360,3.0,5.0,850,1255,1000.0,utah_2023_labels_2s.csv
1166,utah_2023__RAW_20230719_210647.360,utah_2023,utah_2023,utah_2023,noise,0,/home/ted1204/MS_Detection_Datamaker/MS_datamaker_UTAH_2023/data/event_2417/RAW_20230719_210647.360.sgy,RAW_20230719_210647.360.sgy,RAW_20230719_210647.360,3.0,5.0,1300,1705,1000.0,utah_2023_labels_2s.csv
1167,utah_2023__RAW_20230719_210647.360,utah_2023,utah_2023,utah_2023,noise,0,/home/ted1204/MS_Detection_Datamaker/MS_datamaker_UTAH_2023/data/event_2417/RAW_20230719_210647.360.sgy,RAW_20230719_210647.360.sgy,RAW_20230719_210647.360,3.0,5.0,1750,2155,1000.0,utah_2023_labels_2s.csv
1168,utah_2023__RAW_20230719_210647.360,utah_2023,utah_2023,utah_2023,noise,0,/home/ted1204/MS_Detection_Datamaker/MS_datamaker_UTAH_2023/data/event_2417/RAW_20230719_210647.360.sgy,RAW_20230719_210647.360.sgy,RAW_20230719_210647.360,3.0,5.0,2200,2605,1000.0,utah_2023_labels_2s.csv
1169,utah_2023__RAW_20230719_210647.360,utah_2023,utah_2023,utah_2023,noise,0,/home/ted1204/MS_Detection_Datamaker/MS_datamaker_UTAH_2023/data/event_2417/RAW_20230719_210647.360.sgy,RAW_20230719_210647.360.sgy,RAW_20230719_210647.360,3.0,5.0,2650,3055,1000.0,utah_2023_labels_2s.csv
1170,utah_2023__RAW_20230719_212938.900,utah_2023,utah_2023,utah_2023,noise,0,/home/ted1204/MS_Detection_Datamaker/MS_datamaker_UTAH_2023/data/event_2417/RAW_20230719_212938.900.sgy,RAW_20230719_212938.900.sgy,RAW_20230719_212938.900,0.0,2.0,400,805,1000.0,utah_2023_labels_2s.csv
1171,utah_2023__RAW_20230719_212938.900,utah_2023,utah_2023,utah_2023,noise,0,/home/ted1204/MS_Detection_Datamaker/MS_datamaker_UTAH_2023/data/event_2417/RAW_20230719_212938.900.sgy,RAW_20230719_212938.900.sgy,RAW_20230719_212938.900,0.0,2.0,850,1255,1000.0,utah_2023_labels_2s.csv
1172,utah_2023__RAW_20230719_212938.900,utah_2023,utah_2023,utah_2023,noise,0,/home/ted1204/MS_Detection_Datamaker/MS_datamaker_UTAH_2023/data/event_2417/RAW_20230719_212938.900.sgy,RAW_20230719_212938.900.sgy,RAW_20230719_212938.900,0.0,2.0,1300,1705,1000.0,utah_2023_labels_2s.csv
1173,utah_2023__RAW_20230719_212938.900,utah_2023,utah_2023,utah_2023,noise,0,/home/ted1204/MS_Detection_Datamaker/MS_datamaker_UTAH_2023/data/event_2417/RAW_20230719_212938.900.sgy,RAW_20230719_212938.900.sgy,RAW_20230719_212938.900,0.0,2.0,1750,2155,1000.0,utah_2023_labels_2s.csv
1174,utah_2023__RAW_20230719_212938.900,utah_2023,utah_2023,utah_2023,noise,0,/home/ted1204/MS_Detection_Datamaker/MS_datamaker_UTAH_2023/data/event_2417/RAW_20230719_212938.900.sgy,RAW_20230719_212938.900.sgy,RAW_20230719_212938.900,0.0,2.0,2200,2605,1000.0,utah_2023_labels_2s.csv
1175,utah_2023__RAW_20230719_212938.900,utah_2023,utah_2023,utah_2023,noise,0,/home/ted1204/MS_Detection_Datamaker/MS_datamaker_UTAH_2023/data/event_2417/RAW_20230719_212938.900.sgy,RAW_20230719_212938.900.sgy,RAW_20230719_212938.900,0.0,2.0,2650,3055,1000.0,utah_2023_labels_2s.csv
1176,utah_2023__RAW_20230719_212938.900,utah_2023,utah_2023,utah_2023,noise,0,/home/ted1204/MS_Detection_Datamaker/MS_datamaker_UTAH_2023/data/event_2417/RAW_20230719_212938.900.sgy,RAW_20230719_212938.900.sgy,RAW_20230719_212938.900,3.0,5.0,400,805,1000.0,utah_2023_labels_2s.csv
1177,utah_2023__RAW_20230719_212938.900,utah_2023,utah_2023,utah_2023,noise,0,/home/ted1204/MS_Detection_Datamaker/MS_datamaker_UTAH_2023/data/event_2417/RAW_20230719_212938.900.sgy,RAW_20230719_212938.900.sgy,RAW_20230719_212938.900,3.0,5.0,850,1255,1000.0,utah_2023_labels_2s.csv
1178,utah_2023__RAW_20230719_212938.900,utah_2023,utah_2023,utah_2023,noise,0,/home/ted1204/MS_Detection_Datamaker/MS_datamaker_UTAH_2023/data/event_2417/RAW_20230719_212938.900.sgy,RAW_20230719_212938.900.sgy,RAW_20230719_212938.900,3.0,5.0,1300,1705,1000.0,utah_2023_labels_2s.csv
1179,utah_2023__RAW_20230719_212938.900,utah_2023,utah_2023,utah_2023,noise,0,/home/ted1204/MS_Detection_Datamaker/MS_datamaker_UTAH_2023/data/event_2417/RAW_20230719_212938.900.sgy,RAW_20230719_212938.900.sgy,RAW_20230719_212938.900,3.0,5.0,1750,2155,1000.0,utah_2023_labels_2s.csv
1180,utah_2023__RAW_20230719_212938.900,utah_2023,utah_2023,utah_2023,noise,0,/home/ted1204/MS_Detection_Datamaker/MS_datamaker_UTAH_2023/data/event_2417/RAW_20230719_212938.900.sgy,RAW_20230719_212938.900.sgy,RAW_20230719_212938.900,3.0,5.0,2200,2605,1000.0,utah_2023_labels_2s.csv
1181,utah_2023__RAW_20230719_212938.900,utah_2023,utah_2023,utah_2023,noise,0,/home/ted1204/MS_Detection_Datamaker/MS_datamaker_UTAH_2023/data/event_2417/RAW_20230719_212938.900.sgy,RAW_20230719_212938.900.sgy,RAW_20230719_212938.900,3.0,5.0,2650,3055,1000.0,utah_2023_labels_2s.csv
1182,utah_2023__RAW_20230719_214758.140,utah_2023,utah_2023,utah_2023,noise,0,/home/ted1204/MS_Detection_Datamaker/MS_datamaker_UTAH_2023/data/event_2417/RAW_20230719_214758.140.sgy,RAW_20230719_214758.140.sgy,RAW_20230719_214758.140,0.0,2.0,400,805,1000.0,utah_2023_labels_2s.csv
1183,utah_2023__RAW_20230719_214758.140,utah_2023,utah_2023,utah_2023,noise,0,/home/ted1204/MS_Detection_Datamaker/MS_datamaker_UTAH_2023/data/event_2417/RAW_20230719_214758.140.sgy,RAW_20230719_214758.140.sgy,RAW_20230719_214758.140,0.0,2.0,850,1255,1000.0,utah_2023_labels_2s.csv
1184,utah_2023__RAW_20230719_214758.140,utah_2023,utah_2023,utah_2023,noise,0,/home/ted1204/MS_Detection_Datamaker/MS_datamaker_UTAH_2023/data/event_2417/RAW_20230719_214758.140.sgy,RAW_20230719_214758.140.sgy,RAW_20230719_214758.140,0.0,2.0,1300,1705,1000.0,utah_2023_labels_2s.csv
1185,utah_2023__RAW_20230719_214758.140,utah_2023,utah_2023,utah_2023,noise,0,/home/ted1204/MS_Detection_Datamaker/MS_datamaker_UTAH_2023/data/event_2417/RAW_20230719_214758.140.sgy,RAW_20230719_214758.140.sgy,RAW_20230719_214758.140,0.0,2.0,1750,2155,1000.0,utah_2023_labels_2s.csv
1186,utah_2023__RAW_20230719_214758.140,utah_2023,utah_2023,utah_2023,noise,0,/home/ted1204/MS_Detection_Datamaker/MS_datamaker_UTAH_2023/data/event_2417/RAW_20230719_214758.140.sgy,RAW_20230719_214758.140.sgy,RAW_20230719_214758.140,0.0,2.0,2200,2605,1000.0,utah_2023_labels_2s.csv
1187,utah_2023__RAW_20230719_214758.140,utah_2023,utah_2023,utah_2023,noise,0,/home/ted1204/MS_Detection_Datamaker/MS_datamaker_UTAH_2023/data/event_2417/RAW_20230719_214758.140.sgy,RAW_20230719_214758.140.sgy,RAW_20230719_214758.140,0.0,2.0,2650,3055,1000.0,utah_2023_labels_2s.csv
1188,utah_2023__RAW_20230719_214758.140,utah_2023,utah_2023,utah_2023,noise,0,/home/ted1204/MS_Detection_Datamaker/MS_datamaker_UTAH_2023/data/event_2417/RAW_20230719_214758.140.sgy,RAW_20230719_214758.140.sgy,RAW_20230719_214758.140,3.0,5.0,400,805,1000.0,utah_2023_labels_2s.csv
1189,utah_2023__RAW_20230719_214758.140,utah_2023,utah_2023,utah_2023,noise,0,/home/ted1204/MS_Detection_Datamaker/MS_datamaker_UTAH_2023/data/event_2417/RAW_20230719_214758.140.sgy,RAW_20230719_214758.140.sgy,RAW_20230719_214758.140,3.0,5.0,850,1255,1000.0,utah_2023_labels_2s.csv
1190,utah_2023__RAW_20230719_214758.140,utah_2023,utah_2023,utah_2023,noise,0,/home/ted1204/MS_Detection_Datamaker/MS_datamaker_UTAH_2023/data/event_2417/RAW_20230719_214758.140.sgy,RAW_20230719_214758.140.sgy,RAW_20230719_214758.140,3.0,5.0,1300,1705,1000.0,utah_2023_labels_2s.csv
1191,utah_2023__RAW_20230719_214758.140,utah_2023,utah_2023,utah_2023,noise,0,/home/ted1204/MS_Detection_Datamaker/MS_datamaker_UTAH_2023/data/event_2417/RAW_20230719_214758.140.sgy,RAW_20230719_214758.140.sgy,RAW_20230719_214758.140,3.0,5.0,1750,2155,1000.0,utah_2023_labels_2s.csv
1192,utah_2023__RAW_20230719_214758.140,utah_2023,utah_2023,utah_2023,noise,0,/home/ted1204/MS_Detection_Datamaker/MS_datamaker_UTAH_2023/data/event_2417/RAW_20230719_214758.140.sgy,RAW_20230719_214758.140.sgy,RAW_20230719_214758.140,3.0,5.0,2200,2605,1000.0,utah_2023_labels_2s.csv
1193,utah_2023__RAW_20230719_214758.140,utah_2023,utah_2023,utah_2023,noise,0,/home/ted1204/MS_Detection_Datamaker/MS_datamaker_UTAH_2023/data/event_2417/RAW_20230719_214758.140.sgy,RAW_20230719_214758.140.sgy,RAW_20230719_214758.140,3.0,5.0,2650,3055,1000.0,utah_2023_labels_2s.csv
1194,utah_2023__RAW_20230719_221324.580,utah_2023,utah_2023,utah_2023,noise,0,/home/ted1204/MS_Detection_Datamaker/MS_datamaker_UTAH_2023/data/event_2417/RAW_20230719_221324.580.sgy,RAW_20230719_221324.580.sgy,RAW_20230719_221324.580,0.0,2.0,400,805,1000.0,utah_2023_labels_2s.csv
1195,utah_2023__RAW_20230719_221324.580,utah_2023,utah_2023,utah_2023,noise,0,/home/ted1204/MS_Detection_Datamaker/MS_datamaker_UTAH_2023/data/event_2417/RAW_20230719_221324.580.sgy,RAW_20230719_221324.580.sgy,RAW_20230719_221324.580,0.0,2.0,850,1255,1000.0,utah_2023_labels_2s.csv
1196,utah_2023__RAW_20230719_221324.580,utah_2023,utah_2023,utah_2023,noise,0,/home/ted1204/MS_Detection_Datamaker/MS_datamaker_UTAH_2023/data/event_2417/RAW_20230719_221324.580.sgy,RAW_20230719_221324.580.sgy,RAW_20230719_221324.580,0.0,2.0,1300,1705,1000.0,utah_2023_labels_2s.csv
1197,utah_2023__RAW_20230719_221324.580,utah_2023,utah_2023,utah_2023,noise,0,/home/ted1204/MS_Detection_Datamaker/MS_datamaker_UTAH_2023/data/event_2417/RAW_20230719_221324.580.sgy,RAW_20230719_221324.580.sgy,RAW_20230719_221324.580,0.0,2.0,1750,2155,1000.0,utah_2023_labels_2s.csv
1198,utah_2023__RAW_20230719_221324.580,utah_2023,utah_2023,utah_2023,noise,0,/home/ted1204/MS_Detection_Datamaker/MS_datamaker_UTAH_2023/data/event_2417/RAW_20230719_221324.580.sgy,RAW_20230719_221324.580.sgy,RAW_20230719_221324.580,0.0,2.0,2200,2605,1000.0,utah_2023_labels_2s.csv
1199,utah_2023__RAW_20230719_221324.580,utah_2023,utah_2023,utah_2023,noise,0,/home/ted1204/MS_Detection_Datamaker/MS_datamaker_UTAH_2023/data/event_2417/RAW_20230719_221324.580.sgy,RAW_20230719_221324.580.sgy,RAW_20230719_221324.580,0.0,2.0,2650,3055,1000.0,utah_2023_labels_2s.csv
1200,utah_2023__RAW_20230719_221324.580,utah_2023,utah_2023,utah_2023,noise,0,/home/ted1204/MS_Detection_Datamaker/MS_datamaker_UTAH_2023/data/event_2417/RAW_20230719_221324.580.sgy,RAW_20230719_221324.580.sgy,RAW_20230719_221324.580,3.0,5.0,400,805,1000.0,utah_2023_labels_2s.csv
1201,utah_2023__RAW_20230719_221324.580,utah_2023,utah_2023,utah_2023,noise,0,/home/ted1204/MS_Detection_Datamaker/MS_datamaker_UTAH_2023/data/event_2417/RAW_20230719_221324.580.sgy,RAW_20230719_221324.580.sgy,RAW_20230719_221324.580,3.0,5.0,850,1255,1000.0,utah_2023_labels_2s.csv
1202,utah_2023__RAW_20230719_221324.580,utah_2023,utah_2023,utah_2023,noise,0,/home/ted1204/MS_Detection_Datamaker/MS_datamaker_UTAH_2023/data/event_2417/RAW_20230719_221324.580.sgy,RAW_20230719_221324.580.sgy,RAW_20230719_221324.580,3.0,5.0,1300,1705,1000.0,utah_2023_labels_2s.csv
1203,utah_2023__RAW_20230719_221324.580,utah_2023,utah_2023,utah_2023,noise,0,/home/ted1204/MS_Detection_Datamaker/MS_datamaker_UTAH_2023/data/event_2417/RAW_20230719_221324.580.sgy,RAW_20230719_221324.580.sgy,RAW_20230719_221324.580,3.0,5.0,1750,2155,1000.0,utah_2023_labels_2s.csv
1204,utah_2023__RAW_20230719_221324.580,utah_2023,utah_2023,utah_2023,noise,0,/home/ted1204/MS_Detection_Datamaker/MS_datamaker_UTAH_2023/data/event_2417/RAW_20230719_221324.580.sgy,RAW_20230719_221324.580.sgy,RAW_20230719_221324.580,3.0,5.0,2200,2605,1000.0,utah_2023_labels_2s.csv
1205,utah_2023__RAW_20230719_221324.580,utah_2023,utah_2023,utah_2023,noise,0,/home/ted1204/MS_Detection_Datamaker/MS_datamaker_UTAH_2023/data/event_2417/RAW_20230719_221324.580.sgy,RAW_20230719_221324.580.sgy,RAW_20230719_221324.580,3.0,5.0,2650,3055,1000.0,utah_2023_labels_2s.csv
1206,utah_2023__RAW_20230719_223221.820,utah_2023,utah_2023,utah_2023,noise,0,/home/ted1204/MS_Detection_Datamaker/MS_datamaker_UTAH_2023/data/event_2417/RAW_20230719_223221.820.sgy,RAW_20230719_223221.820.sgy,RAW_20230719_223221.820,0.0,2.0,400,805,1000.0,utah_2023_labels_2s.csv
1207,utah_2023__RAW_20230719_223221.820,utah_2023,utah_2023,utah_2023,noise,0,/home/ted1204/MS_Detection_Datamaker/MS_datamaker_UTAH_2023/data/event_2417/RAW_20230719_223221.820.sgy,RAW_20230719_223221.820.sgy,RAW_20230719_223221.820,0.0,2.0,850,1255,1000.0,utah_2023_labels_2s.csv
1208,utah_2023__RAW_20230719_223221.820,utah_2023,utah_2023,utah_2023,noise,0,/home/ted1204/MS_Detection_Datamaker/MS_datamaker_UTAH_2023/data/event_2417/RAW_20230719_223221.820.sgy,RAW_20230719_223221.820.sgy,RAW_20230719_223221.820,0.0,2.0,1300,1705,1000.0,utah_2023_labels_2s.csv
1209,utah_2023__RAW_20230719_223221.820,utah_2023,utah_2023,utah_2023,noise,0,/home/ted1204/MS_Detection_Datamaker/MS_datamaker_UTAH_2023/data/event_2417/RAW_20230719_223221.820.sgy,RAW_20230719_223221.820.sgy,RAW_20230719_223221.820,0.0,2.0,1750,2155,1000.0,utah_2023_labels_2s.csv
1210,utah_2023__RAW_20230719_223221.820,utah_2023,utah_2023,utah_2023,noise,0,/home/ted1204/MS_Detection_Datamaker/MS_datamaker_UTAH_2023/data/event_2417/RAW_20230719_223221.820.sgy,RAW_20230719_223221.820.sgy,RAW_20230719_223221.820,0.0,2.0,2200,2605,1000.0,utah_2023_labels_2s.csv
1211,utah_2023__RAW_20230719_223221.820,utah_2023,utah_2023,utah_2023,noise,0,/home/ted1204/MS_Detection_Datamaker/MS_datamaker_UTAH_2023/data/event_2417/RAW_20230719_223221.820.sgy,RAW_20230719_223221.820.sgy,RAW_20230719_223221.820,0.0,2.0,2650,3055,1000.0,utah_2023_labels_2s.csv
1212,utah_2023__RAW_20230719_223221.820,utah_2023,utah_2023,utah_2023,noise,0,/home/ted1204/MS_Detection_Datamaker/MS_datamaker_UTAH_2023/data/event_2417/RAW_20230719_223221.820.sgy,RAW_20230719_223221.820.sgy,RAW_20230719_223221.820,3.0,5.0,400,805,1000.0,utah_2023_labels_2s.csv
1213,utah_2023__RAW_20230719_223221.820,utah_2023,utah_2023,utah_2023,noise,0,/home/ted1204/MS_Detection_Datamaker/MS_datamaker_UTAH_2023/data/event_2417/RAW_20230719_223221.820.sgy,RAW_20230719_223221.820.sgy,RAW_20230719_223221.820,3.0,5.0,850,1255,1000.0,utah_2023_labels_2s.csv
1214,utah_2023__RAW_20230719_223221.820,utah_2023,utah_2023,utah_2023,noise,0,/home/ted1204/MS_Detection_Datamaker/MS_datamaker_UTAH_2023/data/event_2417/RAW_20230719_223221.820.sgy,RAW_20230719_223221.820.sgy,RAW_20230719_223221.820,3.0,5.0,1300,1705,1000.0,utah_2023_labels_2s.csv
1215,utah_2023__RAW_20230719_223221.820,utah_2023,utah_2023,utah_2023,noise,0,/home/ted1204/MS_Detection_Datamaker/MS_datamaker_UTAH_2023/data/event_2417/RAW_20230719_223221.820.sgy,RAW_20230719_223221.820.sgy,RAW_20230719_223221.820,3.0,5.0,1750,2155,1000.0,utah_2023_labels_2s.csv
1216,utah_2023__RAW_20230719_223221.820,utah_2023,utah_2023,utah_2023,noise,0,/home/ted1204/MS_Detection_Datamaker/MS_datamaker_UTAH_2023/data/event_2417/RAW_20230719_223221.820.sgy,RAW_20230719_223221.820.sgy,RAW_20230719_223221.820,3.0,5.0,2200,2605,1000.0,utah_2023_labels_2s.csv
1217,utah_2023__RAW_20230719_223221.820,utah_2023,utah_2023,utah_2023,noise,0,/home/ted1204/MS_Detection_Datamaker/MS_datamaker_UTAH_2023/data/event_2417/RAW_20230719_223221.820.sgy,RAW_20230719_223221.820.sgy,RAW_20230719_223221.820,3.0,5.0,2650,3055,1000.0,utah_2023_labels_2s.csv
1218,utah_2023__RAW_20230719_223604.600,utah_2023,utah_2023,utah_2023,noise,0,/home/ted1204/MS_Detection_Datamaker/MS_datamaker_UTAH_2023/data/event_2417/RAW_20230719_223604.600.sgy,RAW_20230719_223604.600.sgy,RAW_20230719_223604.600,0.0,2.0,400,805,1000.0,utah_2023_labels_2s.csv
1219,utah_2023__RAW_20230719_223604.600,utah_2023,utah_2023,utah_2023,noise,0,/home/ted1204/MS_Detection_Datamaker/MS_datamaker_UTAH_2023/data/event_2417/RAW_20230719_223604.600.sgy,RAW_20230719_223604.600.sgy,RAW_20230719_223604.600,0.0,2.0,850,1255,1000.0,utah_2023_labels_2s.csv
1220,utah_2023__RAW_20230719_223604.600,utah_2023,utah_2023,utah_2023,noise,0,/home/ted1204/MS_Detection_Datamaker/MS_datamaker_UTAH_2023/data/event_2417/RAW_20230719_223604.600.sgy,RAW_20230719_223604.600.sgy,RAW_20230719_223604.600,0.0,2.0,1300,1705,1000.0,utah_2023_labels_2s.csv
1221,utah_2023__RAW_20230719_223604.600,utah_2023,utah_2023,utah_2023,noise,0,/home/ted1204/MS_Detection_Datamaker/MS_datamaker_UTAH_2023/data/event_2417/RAW_20230719_223604.600.sgy,RAW_20230719_223604.600.sgy,RAW_20230719_223604.600,0.0,2.0,1750,2155,1000.0,utah_2023_labels_2s.csv
1222,utah_2023__RAW_20230719_223604.600,utah_2023,utah_2023,utah_2023,noise,0,/home/ted1204/MS_Detection_Datamaker/MS_datamaker_UTAH_2023/data/event_2417/RAW_20230719_223604.600.sgy,RAW_20230719_223604.600.sgy,RAW_20230719_223604.600,0.0,2.0,2200,2605,1000.0,utah_2023_labels_2s.csv
1223,utah_2023__RAW_20230719_223604.600,utah_2023,utah_2023,utah_2023,noise,0,/home/ted1204/MS_Detection_Datamaker/MS_datamaker_UTAH_2023/data/event_2417/RAW_20230719_223604.600.sgy,RAW_20230719_223604.600.sgy,RAW_20230719_223604.600,0.0,2.0,2650,3055,1000.0,utah_2023_labels_2s.csv
1224,utah_2023__RAW_20230719_223604.600,utah_2023,utah_2023,utah_2023,noise,0,/home/ted1204/MS_Detection_Datamaker/MS_datamaker_UTAH_2023/data/event_2417/RAW_20230719_223604.600.sgy,RAW_20230719_223604.600.sgy,RAW_20230719_223604.600,3.0,5.0,400,805,1000.0,utah_2023_labels_2s.csv
1225,utah_2023__RAW_20230719_223604.600,utah_2023,utah_2023,utah_2023,noise,0,/home/ted1204/MS_Detection_Datamaker/MS_datamaker_UTAH_2023/data/event_2417/RAW_20230719_223604.600.sgy,RAW_20230719_223604.600.sgy,RAW_20230719_223604.600,3.0,5.0,850,1255,1000.0,utah_2023_labels_2s.csv
1226,utah_2023__RAW_20230719_223604.600,utah_2023,utah_2023,utah_2023,noise,0,/home/ted1204/MS_Detection_Datamaker/MS_datamaker_UTAH_2023/data/event_2417/RAW_20230719_223604.600.sgy,RAW_20230719_223604.600.sgy,RAW_20230719_223604.600,3.0,5.0,1300,1705,1000.0,utah_2023_labels_2s.csv
1227,utah_2023__RAW_20230719_223604.600,utah_2023,utah_2023,utah_2023,noise,0,/home/ted1204/MS_Detection_Datamaker/MS_datamaker_UTAH_2023/data/event_2417/RAW_20230719_223604.600.sgy,RAW_20230719_223604.600.sgy,RAW_20230719_223604.600,3.0,5.0,1750,2155,1000.0,utah_2023_labels_2s.csv
1228,utah_2023__RAW_20230719_223604.600,utah_2023,utah_2023,utah_2023,noise,0,/home/ted1204/MS_Detection_Datamaker/MS_datamaker_UTAH_2023/data/event_2417/RAW_20230719_223604.600.sgy,RAW_20230719_223604.600.sgy,RAW_20230719_223604.600,3.0,5.0,2200,2605,1000.0,utah_2023_labels_2s.csv
1229,utah_2023__RAW_20230719_223604.600,utah_2023,utah_2023,utah_2023,noise,0,/home/ted1204/MS_Detection_Datamaker/MS_datamaker_UTAH_2023/data/event_2417/RAW_20230719_223604.600.sgy,RAW_20230719_223604.600.sgy,RAW_20230719_223604.600,3.0,5.0,2650,3055,1000.0,utah_2023_labels_2s.csv
1230,utah_2023__RAW_20230719_231149.120,utah_2023,utah_2023,utah_2023,noise,0,/home/ted1204/MS_Detection_Datamaker/MS_datamaker_UTAH_2023/data/event_2417/RAW_20230719_231149.120.sgy,RAW_20230719_231149.120.sgy,RAW_20230719_231149.120,0.0,2.0,400,805,1000.0,utah_2023_labels_2s.csv
1231,utah_2023__RAW_20230719_231149.120,utah_2023,utah_2023,utah_2023,noise,0,/home/ted1204/MS_Detection_Datamaker/MS_datamaker_UTAH_2023/data/event_2417/RAW_20230719_231149.120.sgy,RAW_20230719_231149.120.sgy,RAW_20230719_231149.120,0.0,2.0,850,1255,1000.0,utah_2023_labels_2s.csv
1232,utah_2023__RAW_20230719_231149.120,utah_2023,utah_2023,utah_2023,noise,0,/home/ted1204/MS_Detection_Datamaker/MS_datamaker_UTAH_2023/data/event_2417/RAW_20230719_231149.120.sgy,RAW_20230719_231149.120.sgy,RAW_20230719_231149.120,0.0,2.0,1300,1705,1000.0,utah_2023_labels_2s.csv
1233,utah_2023__RAW_20230719_231149.120,utah_2023,utah_2023,utah_2023,noise,0,/home/ted1204/MS_Detection_Datamaker/MS_datamaker_UTAH_2023/data/event_2417/RAW_20230719_231149.120.sgy,RAW_20230719_231149.120.sgy,RAW_20230719_231149.120,0.0,2.0,1750,2155,1000.0,utah_2023_labels_2s.csv
1234,utah_2023__RAW_20230719_231149.120,utah_2023,utah_2023,utah_2023,noise,0,/home/ted1204/MS_Detection_Datamaker/MS_datamaker_UTAH_2023/data/event_2417/RAW_20230719_231149.120.sgy,RAW_20230719_231149.120.sgy,RAW_20230719_231149.120,0.0,2.0,2200,2605,1000.0,utah_2023_labels_2s.csv
1235,utah_2023__RAW_20230719_231149.120,utah_2023,utah_2023,utah_2023,noise,0,/home/ted1204/MS_Detection_Datamaker/MS_datamaker_UTAH_2023/data/event_2417/RAW_20230719_231149.120.sgy,RAW_20230719_231149.120.sgy,RAW_20230719_231149.120,0.0,2.0,2650,3055,1000.0,utah_2023_labels_2s.csv
1236,utah_2023__RAW_20230719_231149.120,utah_2023,utah_2023,utah_2023,noise,0,/home/ted1204/MS_Detection_Datamaker/MS_datamaker_UTAH_2023/data/event_2417/RAW_20230719_231149.120.sgy,RAW_20230719_231149.120.sgy,RAW_20230719_231149.120,3.0,5.0,400,805,1000.0,utah_2023_labels_2s.csv
1237,utah_2023__RAW_20230719_231149.120,utah_2023,utah_2023,utah_2023,noise,0,/home/ted1204/MS_Detection_Datamaker/MS_datamaker_UTAH_2023/data/event_2417/RAW_20230719_231149.120.sgy,RAW_20230719_231149.120.sgy,RAW_20230719_231149.120,3.0,5.0,850,1255,1000.0,utah_2023_labels_2s.csv
1238,utah_2023__RAW_20230719_231149.120,utah_2023,utah_2023,utah_2023,noise,0,/home/ted1204/MS_Detection_Datamaker/MS_datamaker_UTAH_2023/data/event_2417/RAW_20230719_231149.120.sgy,RAW_20230719_231149.120.sgy,RAW_20230719_231149.120,3.0,5.0,1300,1705,1000.0,utah_2023_labels_2s.csv
1239,utah_2023__RAW_20230719_231149.120,utah_2023,utah_2023,utah_2023,noise,0,/home/ted1204/MS_Detection_Datamaker/MS_datamaker_UTAH_2023/data/event_2417/RAW_20230719_231149.120.sgy,RAW_20230719_231149.120.sgy,RAW_20230719_231149.120,3.0,5.0,1750,2155,1000.0,utah_2023_labels_2s.csv
1240,utah_2023__RAW_20230719_231149.120,utah_2023,utah_2023,utah_2023,noise,0,/home/ted1204/MS_Detection_Datamaker/MS_datamaker_UTAH_2023/data/event_2417/RAW_20230719_231149.120.sgy,RAW_20230719_231149.120.sgy,RAW_20230719_231149.120,3.0,5.0,2200,2605,1000.0,utah_2023_labels_2s.csv
1241,utah_2023__RAW_20230719_231149.120,utah_2023,utah_2023,utah_2023,noise,0,/home/ted1204/MS_Detection_Datamaker/MS_datamaker_UTAH_2023/data/event_2417/RAW_20230719_231149.120.sgy,RAW_20230719_231149.120.sgy,RAW_20230719_231149.120,3.0,5.0,2650,3055,1000.0,utah_2023_labels_2s.csv
1242,utah_2023__RAW_20230719_234254.620,utah_2023,utah_2023,utah_2023,noise,0,/home/ted1204/MS_Detection_Datamaker/MS_datamaker_UTAH_2023/data/event_2417/RAW_20230719_234254.620.sgy,RAW_20230719_234254.620.sgy,RAW_20230719_234254.620,0.0,2.0,400,805,1000.0,utah_2023_labels_2s.csv
1243,utah_2023__RAW_20230719_234254.620,utah_2023,utah_2023,utah_2023,noise,0,/home/ted1204/MS_Detection_Datamaker/MS_datamaker_UTAH_2023/data/event_2417/RAW_20230719_234254.620.sgy,RAW_20230719_234254.620.sgy,RAW_20230719_234254.620,0.0,2.0,850,1255,1000.0,utah_2023_labels_2s.csv
1244,utah_2023__RAW_20230719_234254.620,utah_2023,utah_2023,utah_2023,noise,0,/home/ted1204/MS_Detection_Datamaker/MS_datamaker_UTAH_2023/data/event_2417/RAW_20230719_234254.620.sgy,RAW_20230719_234254.620.sgy,RAW_20230719_234254.620,0.0,2.0,1300,1705,1000.0,utah_2023_labels_2s.csv
1245,utah_2023__RAW_20230719_234254.620,utah_2023,utah_2023,utah_2023,noise,0,/home/ted1204/MS_Detection_Datamaker/MS_datamaker_UTAH_2023/data/event_2417/RAW_20230719_234254.620.sgy,RAW_20230719_234254.620.sgy,RAW_20230719_234254.620,0.0,2.0,1750,2155,1000.0,utah_2023_labels_2s.csv
1246,utah_2023__RAW_20230719_234254.620,utah_2023,utah_2023,utah_2023,noise,0,/home/ted1204/MS_Detection_Datamaker/MS_datamaker_UTAH_2023/data/event_2417/RAW_20230719_234254.620.sgy,RAW_20230719_234254.620.sgy,RAW_20230719_234254.620,0.0,2.0,2200,2605,1000.0,utah_2023_labels_2s.csv
1247,utah_2023__RAW_20230719_234254.620,utah_2023,utah_2023,utah_2023,noise,0,/home/ted1204/MS_Detection_Datamaker/MS_datamaker_UTAH_2023/data/event_2417/RAW_20230719_234254.620.sgy,RAW_20230719_234254.620.sgy,RAW_20230719_234254.620,0.0,2.0,2650,3055,1000.0,utah_2023_labels_2s.csv
1248,utah_2023__RAW_20230720_023811.180,utah_2023,utah_2023,utah_2023,noise,0,/home/ted1204/MS_Detection_Datamaker/MS_datamaker_UTAH_2023/data/event_2417/RAW_20230720_023811.180.sgy,RAW_20230720_023811.180.sgy,RAW_20230720_023811.180,0.0,2.0,400,805,1000.0,utah_2023_labels_2s.csv
1249,utah_2023__RAW_20230720_023811.180,utah_2023,utah_2023,utah_2023,noise,0,/home/ted1204/MS_Detection_Datamaker/MS_datamaker_UTAH_2023/data/event_2417/RAW_20230720_023811.180.sgy,RAW_20230720_023811.180.sgy,RAW_20230720_023811.180,0.0,2.0,850,1255,1000.0,utah_2023_labels_2s.csv
1250,utah_2023__RAW_20230720_023811.180,utah_2023,utah_2023,utah_2023,noise,0,/home/ted1204/MS_Detection_Datamaker/MS_datamaker_UTAH_2023/data/event_2417/RAW_20230720_023811.180.sgy,RAW_20230720_023811.180.sgy,RAW_20230720_023811.180,0.0,2.0,1300,1705,1000.0,utah_2023_labels_2s.csv
1251,utah_2023__RAW_20230720_023811.180,utah_2023,utah_2023,utah_2023,noise,0,/home/ted1204/MS_Detection_Datamaker/MS_datamaker_UTAH_2023/data/event_2417/RAW_20230720_023811.180.sgy,RAW_20230720_023811.180.sgy,RAW_20230720_023811.180,0.0,2.0,1750,2155,1000.0,utah_2023_labels_2s.csv
1252,utah_2023__RAW_20230720_023811.180,utah_2023,utah_2023,utah_2023,noise,0,/home/ted1204/MS_Detection_Datamaker/MS_datamaker_UTAH_2023/data/event_2417/RAW_20230720_023811.180.sgy,RAW_20230720_023811.180.sgy,RAW_20230720_023811.180,0.0,2.0,2200,2605,1000.0,utah_2023_labels_2s.csv
1253,utah_2023__RAW_20230720_023811.180,utah_2023,utah_2023,utah_2023,noise,0,/home/ted1204/MS_Detection_Datamaker/MS_datamaker_UTAH_2023/data/event_2417/RAW_20230720_023811.180.sgy,RAW_20230720_023811.180.sgy,RAW_20230720_023811.180,0.0,2.0,2650,3055,1000.0,utah_2023_labels_2s.csv
1254,utah_2023__RAW_20230720_044440.060,utah_2023,utah_2023,utah_2023,noise,0,/home/ted1204/MS_Detection_Datamaker/MS_datamaker_UTAH_2023/data/event_2417/RAW_20230720_044440.060.sgy,RAW_20230720_044440.060.sgy,RAW_20230720_044440.060,0.0,2.0,400,805,1000.0,utah_2023_labels_2s.csv
1255,utah_2023__RAW_20230720_044440.060,utah_2023,utah_2023,utah_2023,noise,0,/home/ted1204/MS_Detection_Datamaker/MS_datamaker_UTAH_2023/data/event_2417/RAW_20230720_044440.060.sgy,RAW_20230720_044440.060.sgy,RAW_20230720_044440.060,0.0,2.0,850,1255,1000.0,utah_2023_labels_2s.csv
1256,utah_2023__RAW_20230720_044440.060,utah_2023,utah_2023,utah_2023,noise,0,/home/ted1204/MS_Detection_Datamaker/MS_datamaker_UTAH_2023/data/event_2417/RAW_20230720_044440.060.sgy,RAW_20230720_044440.060.sgy,RAW_20230720_044440.060,0.0,2.0,1300,1705,1000.0,utah_2023_labels_2s.csv
1257,utah_2023__RAW_20230720_044440.060,utah_2023,utah_2023,utah_2023,noise,0,/home/ted1204/MS_Detection_Datamaker/MS_datamaker_UTAH_2023/data/event_2417/RAW_20230720_044440.060.sgy,RAW_20230720_044440.060.sgy,RAW_20230720_044440.060,0.0,2.0,1750,2155,1000.0,utah_2023_labels_2s.csv
1258,utah_2023__RAW_20230720_044440.060,utah_2023,utah_2023,utah_2023,noise,0,/home/ted1204/MS_Detection_Datamaker/MS_datamaker_UTAH_2023/data/event_2417/RAW_20230720_044440.060.sgy,RAW_20230720_044440.060.sgy,RAW_20230720_044440.060,0.0,2.0,2200,2605,1000.0,utah_2023_labels_2s.csv
1259,utah_2023__RAW_20230720_044440.060,utah_2023,utah_2023,utah_2023,noise,0,/home/ted1204/MS_Detection_Datamaker/MS_datamaker_UTAH_2023/data/event_2417/RAW_20230720_044440.060.sgy,RAW_20230720_044440.060.sgy,RAW_20230720_044440.060,0.0,2.0,2650,3055,1000.0,utah_2023_labels_2s.csv
1260,utah_2023__RAW_20230720_060050.400,utah_2023,utah_2023,utah_2023,noise,0,/home/ted1204/MS_Detection_Datamaker/MS_datamaker_UTAH_2023/data/event_2417/RAW_20230720_060050.400.sgy,RAW_20230720_060050.400.sgy,RAW_20230720_060050.400,0.0,2.0,400,805,1000.0,utah_2023_labels_2s.csv
1261,utah_2023__RAW_20230720_060050.400,utah_2023,utah_2023,utah_2023,noise,0,/home/ted1204/MS_Detection_Datamaker/MS_datamaker_UTAH_2023/data/event_2417/RAW_20230720_060050.400.sgy,RAW_20230720_060050.400.sgy,RAW_20230720_060050.400,0.0,2.0,850,1255,1000.0,utah_2023_labels_2s.csv
1262,utah_2023__RAW_20230720_060050.400,utah_2023,utah_2023,utah_2023,noise,0,/home/ted1204/MS_Detection_Datamaker/MS_datamaker_UTAH_2023/data/event_2417/RAW_20230720_060050.400.sgy,RAW_20230720_060050.400.sgy,RAW_20230720_060050.400,0.0,2.0,1300,1705,1000.0,utah_2023_labels_2s.csv
1263,utah_2023__RAW_20230720_060050.400,utah_2023,utah_2023,utah_2023,noise,0,/home/ted1204/MS_Detection_Datamaker/MS_datamaker_UTAH_2023/data/event_2417/RAW_20230720_060050.400.sgy,RAW_20230720_060050.400.sgy,RAW_20230720_060050.400,0.0,2.0,1750,2155,1000.0,utah_2023_labels_2s.csv
1264,utah_2023__RAW_20230720_060050.400,utah_2023,utah_2023,utah_2023,noise,0,/home/ted1204/MS_Detection_Datamaker/MS_datamaker_UTAH_2023/data/event_2417/RAW_20230720_060050.400.sgy,RAW_20230720_060050.400.sgy,RAW_20230720_060050.400,0.0,2.0,2200,2605,1000.0,utah_2023_labels_2s.csv
1265,utah_2023__RAW_20230720_060050.400,utah_2023,utah_2023,utah_2023,noise,0,/home/ted1204/MS_Detection_Datamaker/MS_datamaker_UTAH_2023/data/event_2417/RAW_20230720_060050.400.sgy,RAW_20230720_060050.400.sgy,RAW_20230720_060050.400,0.0,2.0,2650,3055,1000.0,utah_2023_labels_2s.csv
1266,utah_2023__RAW_20230720_073607.100,utah_2023,utah_2023,utah_2023,noise,0,/home/ted1204/MS_Detection_Datamaker/MS_datamaker_UTAH_2023/data/event_2417/RAW_20230720_073607.100.sgy,RAW_20230720_073607.100.sgy,RAW_20230720_073607.100,0.0,2.0,400,805,1000.0,utah_2023_labels_2s.csv
1267,utah_2023__RAW_20230720_073607.100,utah_2023,utah_2023,utah_2023,noise,0,/home/ted1204/MS_Detection_Datamaker/MS_datamaker_UTAH_2023/data/event_2417/RAW_20230720_073607.100.sgy,RAW_20230720_073607.100.sgy,RAW_20230720_073607.100,0.0,2.0,850,1255,1000.0,utah_2023_labels_2s.csv
1268,utah_2023__RAW_20230720_073607.100,utah_2023,utah_2023,utah_2023,noise,0,/home/ted1204/MS_Detection_Datamaker/MS_datamaker_UTAH_2023/data/event_2417/RAW_20230720_073607.100.sgy,RAW_20230720_073607.100.sgy,RAW_20230720_073607.100,0.0,2.0,1300,1705,1000.0,utah_2023_labels_2s.csv
1269,utah_2023__RAW_20230720_073607.100,utah_2023,utah_2023,utah_2023,noise,0,/home/ted1204/MS_Detection_Datamaker/MS_datamaker_UTAH_2023/data/event_2417/RAW_20230720_073607.100.sgy,RAW_20230720_073607.100.sgy,RAW_20230720_073607.100,0.0,2.0,1750,2155,1000.0,utah_2023_labels_2s.csv
1270,utah_2023__RAW_20230720_073607.100,utah_2023,utah_2023,utah_2023,noise,0,/home/ted1204/MS_Detection_Datamaker/MS_datamaker_UTAH_2023/data/event_2417/RAW_20230720_073607.100.sgy,RAW_20230720_073607.100.sgy,RAW_20230720_073607.100,0.0,2.0,2200,2605,1000.0,utah_2023_labels_2s.csv
1271,utah_2023__RAW_20230720_073607.100,utah_2023,utah_2023,utah_2023,noise,0,/home/ted1204/MS_Detection_Datamaker/MS_datamaker_UTAH_2023/data/event_2417/RAW_20230720_073607.100.sgy,RAW_20230720_073607.100.sgy,RAW_20230720_073607.100,0.0,2.0,2650,3055,1000.0,utah_2023_labels_2s.csv
1272,utah_2023__RAW_20230720_073746.420,utah_2023,utah_2023,utah_2023,noise,0,/home/ted1204/MS_Detection_Datamaker/MS_datamaker_UTAH_2023/data/event_2417/RAW_20230720_073746.420.sgy,RAW_20230720_073746.420.sgy,RAW_20230720_073746.420,0.0,2.0,400,805,1000.0,utah_2023_labels_2s.csv
1273,utah_2023__RAW_20230720_073746.420,utah_2023,utah_2023,utah_2023,noise,0,/home/ted1204/MS_Detection_Datamaker/MS_datamaker_UTAH_2023/data/event_2417/RAW_20230720_073746.420.sgy,RAW_20230720_073746.420.sgy,RAW_20230720_073746.420,0.0,2.0,850,1255,1000.0,utah_2023_labels_2s.csv
1274,utah_2023__RAW_20230720_073746.420,utah_2023,utah_2023,utah_2023,noise,0,/home/ted1204/MS_Detection_Datamaker/MS_datamaker_UTAH_2023/data/event_2417/RAW_20230720_073746.420.sgy,RAW_20230720_073746.420.sgy,RAW_20230720_073746.420,0.0,2.0,1300,1705,1000.0,utah_2023_labels_2s.csv
1275,utah_2023__RAW_20230720_073746.420,utah_2023,utah_2023,utah_2023,noise,0,/home/ted1204/MS_Detection_Datamaker/MS_datamaker_UTAH_2023/data/event_2417/RAW_20230720_073746.420.sgy,RAW_20230720_073746.420.sgy,RAW_20230720_073746.420,0.0,2.0,1750,2155,1000.0,utah_2023_labels_2s.csv
1276,utah_2023__RAW_20230720_073746.420,utah_2023,utah_2023,utah_2023,noise,0,/home/ted1204/MS_Detection_Datamaker/MS_datamaker_UTAH_2023/data/event_2417/RAW_20230720_073746.420.sgy,RAW_20230720_073746.420.sgy,RAW_20230720_073746.420,0.0,2.0,2200,2605,1000.0,utah_2023_labels_2s.csv
1277,utah_2023__RAW_20230720_073746.420,utah_2023,utah_2023,utah_2023,noise,0,/home/ted1204/MS_Detection_Datamaker/MS_datamaker_UTAH_2023/data/event_2417/RAW_20230720_073746.420.sgy,RAW_20230720_073746.420.sgy,RAW_20230720_073746.420,0.0,2.0,2650,3055,1000.0,utah_2023_labels_2s.csv
1278,utah_2023__RAW_20230720_073746.420,utah_2023,utah_2023,utah_2023,noise,0,/home/ted1204/MS_Detection_Datamaker/MS_datamaker_UTAH_2023/data/event_2417/RAW_20230720_073746.420.sgy,RAW_20230720_073746.420.sgy,RAW_20230720_073746.420,3.0,5.0,400,805,1000.0,utah_2023_labels_2s.csv
1279,utah_2023__RAW_20230720_073746.420,utah_2023,utah_2023,utah_2023,noise,0,/home/ted1204/MS_Detection_Datamaker/MS_datamaker_UTAH_2023/data/event_2417/RAW_20230720_073746.420.sgy,RAW_20230720_073746.420.sgy,RAW_20230720_073746.420,3.0,5.0,850,1255,1000.0,utah_2023_labels_2s.csv
1280,utah_2023__RAW_20230720_073746.420,utah_2023,utah_2023,utah_2023,noise,0,/home/ted1204/MS_Detection_Datamaker/MS_datamaker_UTAH_2023/data/event_2417/RAW_20230720_073746.420.sgy,RAW_20230720_073746.420.sgy,RAW_20230720_073746.420,3.0,5.0,1300,1705,1000.0,utah_2023_labels_2s.csv
1281,utah_2023__RAW_20230720_073746.420,utah_2023,utah_2023,utah_2023,noise,0,/home/ted1204/MS_Detection_Datamaker/MS_datamaker_UTAH_2023/data/event_2417/RAW_20230720_073746.420.sgy,RAW_20230720_073746.420.sgy,RAW_20230720_073746.420,3.0,5.0,1750,2155,1000.0,utah_2023_labels_2s.csv
1282,utah_2023__RAW_20230720_073746.420,utah_2023,utah_2023,utah_2023,noise,0,/home/ted1204/MS_Detection_Datamaker/MS_datamaker_UTAH_2023/data/event_2417/RAW_20230720_073746.420.sgy,RAW_20230720_073746.420.sgy,RAW_20230720_073746.420,3.0,5.0,2200,2605,1000.0,utah_2023_labels_2s.csv
1283,utah_2023__RAW_20230720_073746.420,utah_2023,utah_2023,utah_2023,noise,0,/home/ted1204/MS_Detection_Datamaker/MS_datamaker_UTAH_2023/data/event_2417/RAW_20230720_073746.420.sgy,RAW_20230720_073746.420.sgy,RAW_20230720_073746.420,3.0,5.0,2650,3055,1000.0,utah_2023_labels_2s.csv
1284,utah_2023__RAW_20230720_074335.220,utah_2023,utah_2023,utah_2023,noise,0,/home/ted1204/MS_Detection_Datamaker/MS_datamaker_UTAH_2023/data/event_2417/RAW_20230720_074335.220.sgy,RAW_20230720_074335.220.sgy,RAW_20230720_074335.220,0.0,2.0,400,805,1000.0,utah_2023_labels_2s.csv
1285,utah_2023__RAW_20230720_074335.220,utah_2023,utah_2023,utah_2023,noise,0,/home/ted1204/MS_Detection_Datamaker/MS_datamaker_UTAH_2023/data/event_2417/RAW_20230720_074335.220.sgy,RAW_20230720_074335.220.sgy,RAW_20230720_074335.220,0.0,2.0,850,1255,1000.0,utah_2023_labels_2s.csv
1286,utah_2023__RAW_20230720_074335.220,utah_2023,utah_2023,utah_2023,noise,0,/home/ted1204/MS_Detection_Datamaker/MS_datamaker_UTAH_2023/data/event_2417/RAW_20230720_074335.220.sgy,RAW_20230720_074335.220.sgy,RAW_20230720_074335.220,0.0,2.0,1300,1705,1000.0,utah_2023_labels_2s.csv
1287,utah_2023__RAW_20230720_074335.220,utah_2023,utah_2023,utah_2023,noise,0,/home/ted1204/MS_Detection_Datamaker/MS_datamaker_UTAH_2023/data/event_2417/RAW_20230720_074335.220.sgy,RAW_20230720_074335.220.sgy,RAW_20230720_074335.220,0.0,2.0,1750,2155,1000.0,utah_2023_labels_2s.csv
1288,utah_2023__RAW_20230720_074335.220,utah_2023,utah_2023,utah_2023,noise,0,/home/ted1204/MS_Detection_Datamaker/MS_datamaker_UTAH_2023/data/event_2417/RAW_20230720_074335.220.sgy,RAW_20230720_074335.220.sgy,RAW_20230720_074335.220,0.0,2.0,2200,2605,1000.0,utah_2023_labels_2s.csv
1289,utah_2023__RAW_20230720_074335.220,utah_2023,utah_2023,utah_2023,noise,0,/home/ted1204/MS_Detection_Datamaker/MS_datamaker_UTAH_2023/data/event_2417/RAW_20230720_074335.220.sgy,RAW_20230720_074335.220.sgy,RAW_20230720_074335.220,0.0,2.0,2650,3055,1000.0,utah_2023_labels_2s.csv
1290,utah_2023__RAW_20230720_074335.220,utah_2023,utah_2023,utah_2023,noise,0,/home/ted1204/MS_Detection_Datamaker/MS_datamaker_UTAH_2023/data/event_2417/RAW_20230720_074335.220.sgy,RAW_20230720_074335.220.sgy,RAW_20230720_074335.220,3.0,5.0,400,805,1000.0,utah_2023_labels_2s.csv
1291,utah_2023__RAW_20230720_074335.220,utah_2023,utah_2023,utah_2023,noise,0,/home/ted1204/MS_Detection_Datamaker/MS_datamaker_UTAH_2023/data/event_2417/RAW_20230720_074335.220.sgy,RAW_20230720_074335.220.sgy,RAW_20230720_074335.220,3.0,5.0,850,1255,1000.0,utah_2023_labels_2s.csv
1292,utah_2023__RAW_20230720_074335.220,utah_2023,utah_2023,utah_2023,noise,0,/home/ted1204/MS_Detection_Datamaker/MS_datamaker_UTAH_2023/data/event_2417/RAW_20230720_074335.220.sgy,RAW_20230720_074335.220.sgy,RAW_20230720_074335.220,3.0,5.0,1300,1705,1000.0,utah_2023_labels_2s.csv
1293,utah_2023__RAW_20230720_074335.220,utah_2023,utah_2023,utah_2023,noise,0,/home/ted1204/MS_Detection_Datamaker/MS_datamaker_UTAH_2023/data/event_2417/RAW_20230720_074335.220.sgy,RAW_20230720_074335.220.sgy,RAW_20230720_074335.220,3.0,5.0,1750,2155,1000.0,utah_2023_labels_2s.csv
1294,utah_2023__RAW_20230720_074335.220,utah_2023,utah_2023,utah_2023,noise,0,/home/ted1204/MS_Detection_Datamaker/MS_datamaker_UTAH_2023/data/event_2417/RAW_20230720_074335.220.sgy,RAW_20230720_074335.220.sgy,RAW_20230720_074335.220,3.0,5.0,2200,2605,1000.0,utah_2023_labels_2s.csv
1295,utah_2023__RAW_20230720_074335.220,utah_2023,utah_2023,utah_2023,noise,0,/home/ted1204/MS_Detection_Datamaker/MS_datamaker_UTAH_2023/data/event_2417/RAW_20230720_074335.220.sgy,RAW_20230720_074335.220.sgy,RAW_20230720_074335.220,3.0,5.0,2650,3055,1000.0,utah_2023_labels_2s.csv
1296,utah_2023__RAW_20230720_074747.500,utah_2023,utah_2023,utah_2023,noise,0,/home/ted1204/MS_Detection_Datamaker/MS_datamaker_UTAH_2023/data/event_2417/RAW_20230720_074747.500.sgy,RAW_20230720_074747.500.sgy,RAW_20230720_074747.500,0.0,2.0,400,805,1000.0,utah_2023_labels_2s.csv
1297,utah_2023__RAW_20230720_074747.500,utah_2023,utah_2023,utah_2023,noise,0,/home/ted1204/MS_Detection_Datamaker/MS_datamaker_UTAH_2023/data/event_2417/RAW_20230720_074747.500.sgy,RAW_20230720_074747.500.sgy,RAW_20230720_074747.500,0.0,2.0,850,1255,1000.0,utah_2023_labels_2s.csv
1298,utah_2023__RAW_20230720_074747.500,utah_2023,utah_2023,utah_2023,noise,0,/home/ted1204/MS_Detection_Datamaker/MS_datamaker_UTAH_2023/data/event_2417/RAW_20230720_074747.500.sgy,RAW_20230720_074747.500.sgy,RAW_20230720_074747.500,0.0,2.0,1300,1705,1000.0,utah_2023_labels_2s.csv
1299,utah_2023__RAW_20230720_074747.500,utah_2023,utah_2023,utah_2023,noise,0,/home/ted1204/MS_Detection_Datamaker/MS_datamaker_UTAH_2023/data/event_2417/RAW_20230720_074747.500.sgy,RAW_20230720_074747.500.sgy,RAW_20230720_074747.500,0.0,2.0,1750,2155,1000.0,utah_2023_labels_2s.csv
1300,utah_2023__RAW_20230720_074747.500,utah_2023,utah_2023,utah_2023,noise,0,/home/ted1204/MS_Detection_Datamaker/MS_datamaker_UTAH_2023/data/event_2417/RAW_20230720_074747.500.sgy,RAW_20230720_074747.500.sgy,RAW_20230720_074747.500,0.0,2.0,2200,2605,1000.0,utah_2023_labels_2s.csv
1301,utah_2023__RAW_20230720_074747.500,utah_2023,utah_2023,utah_2023,noise,0,/home/ted1204/MS_Detection_Datamaker/MS_datamaker_UTAH_2023/data/event_2417/RAW_20230720_074747.500.sgy,RAW_20230720_074747.500.sgy,RAW_20230720_074747.500,0.0,2.0,2650,3055,1000.0,utah_2023_labels_2s.csv
1302,utah_2023__RAW_20230720_074747.500,utah_2023,utah_2023,utah_2023,noise,0,/home/ted1204/MS_Detection_Datamaker/MS_datamaker_UTAH_2023/data/event_2417/RAW_20230720_074747.500.sgy,RAW_20230720_074747.500.sgy,RAW_20230720_074747.500,3.0,5.0,400,805,1000.0,utah_2023_labels_2s.csv
1303,utah_2023__RAW_20230720_074747.500,utah_2023,utah_2023,utah_2023,noise,0,/home/ted1204/MS_Detection_Datamaker/MS_datamaker_UTAH_2023/data/event_2417/RAW_20230720_074747.500.sgy,RAW_20230720_074747.500.sgy,RAW_20230720_074747.500,3.0,5.0,850,1255,1000.0,utah_2023_labels_2s.csv
1304,utah_2023__RAW_20230720_074747.500,utah_2023,utah_2023,utah_2023,noise,0,/home/ted1204/MS_Detection_Datamaker/MS_datamaker_UTAH_2023/data/event_2417/RAW_20230720_074747.500.sgy,RAW_20230720_074747.500.sgy,RAW_20230720_074747.500,3.0,5.0,1300,1705,1000.0,utah_2023_labels_2s.csv
1305,utah_2023__RAW_20230720_074747.500,utah_2023,utah_2023,utah_2023,noise,0,/home/ted1204/MS_Detection_Datamaker/MS_datamaker_UTAH_2023/data/event_2417/RAW_20230720_074747.500.sgy,RAW_20230720_074747.500.sgy,RAW_20230720_074747.500,3.0,5.0,1750,2155,1000.0,utah_2023_labels_2s.csv
1306,utah_2023__RAW_20230720_074747.500,utah_2023,utah_2023,utah_2023,noise,0,/home/ted1204/MS_Detection_Datamaker/MS_datamaker_UTAH_2023/data/event_2417/RAW_20230720_074747.500.sgy,RAW_20230720_074747.500.sgy,RAW_20230720_074747.500,3.0,5.0,2200,2605,1000.0,utah_2023_labels_2s.csv
1307,utah_2023__RAW_20230720_074747.500,utah_2023,utah_2023,utah_2023,noise,0,/home/ted1204/MS_Detection_Datamaker/MS_datamaker_UTAH_2023/data/event_2417/RAW_20230720_074747.500.sgy,RAW_20230720_074747.500.sgy,RAW_20230720_074747.500,3.0,5.0,2650,3055,1000.0,utah_2023_labels_2s.csv
1308,utah_2023__RAW_20230720_075606.580,utah_2023,utah_2023,utah_2023,noise,0,/home/ted1204/MS_Detection_Datamaker/MS_datamaker_UTAH_2023/data/event_2417/RAW_20230720_075606.580.sgy,RAW_20230720_075606.580.sgy,RAW_20230720_075606.580,0.0,2.0,400,805,1000.0,utah_2023_labels_2s.csv
1309,utah_2023__RAW_20230720_075606.580,utah_2023,utah_2023,utah_2023,noise,0,/home/ted1204/MS_Detection_Datamaker/MS_datamaker_UTAH_2023/data/event_2417/RAW_20230720_075606.580.sgy,RAW_20230720_075606.580.sgy,RAW_20230720_075606.580,0.0,2.0,850,1255,1000.0,utah_2023_labels_2s.csv
1310,utah_2023__RAW_20230720_075606.580,utah_2023,utah_2023,utah_2023,noise,0,/home/ted1204/MS_Detection_Datamaker/MS_datamaker_UTAH_2023/data/event_2417/RAW_20230720_075606.580.sgy,RAW_20230720_075606.580.sgy,RAW_20230720_075606.580,0.0,2.0,1300,1705,1000.0,utah_2023_labels_2s.csv
1311,utah_2023__RAW_20230720_075606.580,utah_2023,utah_2023,utah_2023,noise,0,/home/ted1204/MS_Detection_Datamaker/MS_datamaker_UTAH_2023/data/event_2417/RAW_20230720_075606.580.sgy,RAW_20230720_075606.580.sgy,RAW_20230720_075606.580,0.0,2.0,1750,2155,1000.0,utah_2023_labels_2s.csv
1312,utah_2023__RAW_20230720_075606.580,utah_2023,utah_2023,utah_2023,noise,0,/home/ted1204/MS_Detection_Datamaker/MS_datamaker_UTAH_2023/data/event_2417/RAW_20230720_075606.580.sgy,RAW_20230720_075606.580.sgy,RAW_20230720_075606.580,0.0,2.0,2200,2605,1000.0,utah_2023_labels_2s.csv
1313,utah_2023__RAW_20230720_075606.580,utah_2023,utah_2023,utah_2023,noise,0,/home/ted1204/MS_Detection_Datamaker/MS_datamaker_UTAH_2023/data/event_2417/RAW_20230720_075606.580.sgy,RAW_20230720_075606.580.sgy,RAW_20230720_075606.580,0.0,2.0,2650,3055,1000.0,utah_2023_labels_2s.csv
1314,utah_2023__RAW_20230720_075606.580,utah_2023,utah_2023,utah_2023,noise,0,/home/ted1204/MS_Detection_Datamaker/MS_datamaker_UTAH_2023/data/event_2417/RAW_20230720_075606.580.sgy,RAW_20230720_075606.580.sgy,RAW_20230720_075606.580,3.0,5.0,400,805,1000.0,utah_2023_labels_2s.csv
1315,utah_2023__RAW_20230720_075606.580,utah_2023,utah_2023,utah_2023,noise,0,/home/ted1204/MS_Detection_Datamaker/MS_datamaker_UTAH_2023/data/event_2417/RAW_20230720_075606.580.sgy,RAW_20230720_075606.580.sgy,RAW_20230720_075606.580,3.0,5.0,850,1255,1000.0,utah_2023_labels_2s.csv
1316,utah_2023__RAW_20230720_075606.580,utah_2023,utah_2023,utah_2023,noise,0,/home/ted1204/MS_Detection_Datamaker/MS_datamaker_UTAH_2023/data/event_2417/RAW_20230720_075606.580.sgy,RAW_20230720_075606.580.sgy,RAW_20230720_075606.580,3.0,5.0,1300,1705,1000.0,utah_2023_labels_2s.csv
1317,utah_2023__RAW_20230720_075606.580,utah_2023,utah_2023,utah_2023,noise,0,/home/ted1204/MS_Detection_Datamaker/MS_datamaker_UTAH_2023/data/event_2417/RAW_20230720_075606.580.sgy,RAW_20230720_075606.580.sgy,RAW_20230720_075606.580,3.0,5.0,1750,2155,1000.0,utah_2023_labels_2s.csv
1318,utah_2023__RAW_20230720_075606.580,utah_2023,utah_2023,utah_2023,noise,0,/home/ted1204/MS_Detection_Datamaker/MS_datamaker_UTAH_2023/data/event_2417/RAW_20230720_075606.580.sgy,RAW_20230720_075606.580.sgy,RAW_20230720_075606.580,3.0,5.0,2200,2605,1000.0,utah_2023_labels_2s.csv
1319,utah_2023__RAW_20230720_075606.580,utah_2023,utah_2023,utah_2023,noise,0,/home/ted1204/MS_Detection_Datamaker/MS_datamaker_UTAH_2023/data/event_2417/RAW_20230720_075606.580.sgy,RAW_20230720_075606.580.sgy,RAW_20230720_075606.580,3.0,5.0,2650,3055,1000.0,utah_2023_labels_2s.csv
1320,utah_2023__RAW_20230720_080229.500,utah_2023,utah_2023,utah_2023,noise,0,/home/ted1204/MS_Detection_Datamaker/MS_datamaker_UTAH_2023/data/event_2417/RAW_20230720_080229.500.sgy,RAW_20230720_080229.500.sgy,RAW_20230720_080229.500,0.0,2.0,400,805,1000.0,utah_2023_labels_2s.csv
1321,utah_2023__RAW_20230720_080229.500,utah_2023,utah_2023,utah_2023,noise,0,/home/ted1204/MS_Detection_Datamaker/MS_datamaker_UTAH_2023/data/event_2417/RAW_20230720_080229.500.sgy,RAW_20230720_080229.500.sgy,RAW_20230720_080229.500,0.0,2.0,850,1255,1000.0,utah_2023_labels_2s.csv
1322,utah_2023__RAW_20230720_080229.500,utah_2023,utah_2023,utah_2023,noise,0,/home/ted1204/MS_Detection_Datamaker/MS_datamaker_UTAH_2023/data/event_2417/RAW_20230720_080229.500.sgy,RAW_20230720_080229.500.sgy,RAW_20230720_080229.500,0.0,2.0,1300,1705,1000.0,utah_2023_labels_2s.csv
1323,utah_2023__RAW_20230720_080229.500,utah_2023,utah_2023,utah_2023,noise,0,/home/ted1204/MS_Detection_Datamaker/MS_datamaker_UTAH_2023/data/event_2417/RAW_20230720_080229.500.sgy,RAW_20230720_080229.500.sgy,RAW_20230720_080229.500,0.0,2.0,1750,2155,1000.0,utah_2023_labels_2s.csv
1324,utah_2023__RAW_20230720_080229.500,utah_2023,utah_2023,utah_2023,noise,0,/home/ted1204/MS_Detection_Datamaker/MS_datamaker_UTAH_2023/data/event_2417/RAW_20230720_080229.500.sgy,RAW_20230720_080229.500.sgy,RAW_20230720_080229.500,0.0,2.0,2200,2605,1000.0,utah_2023_labels_2s.csv
1325,utah_2023__RAW_20230720_080229.500,utah_2023,utah_2023,utah_2023,noise,0,/home/ted1204/MS_Detection_Datamaker/MS_datamaker_UTAH_2023/data/event_2417/RAW_20230720_080229.500.sgy,RAW_20230720_080229.500.sgy,RAW_20230720_080229.500,0.0,2.0,2650,3055,1000.0,utah_2023_labels_2s.csv
1326,utah_2023__RAW_20230720_080229.500,utah_2023,utah_2023,utah_2023,noise,0,/home/ted1204/MS_Detection_Datamaker/MS_datamaker_UTAH_2023/data/event_2417/RAW_20230720_080229.500.sgy,RAW_20230720_080229.500.sgy,RAW_20230720_080229.500,3.0,5.0,400,805,1000.0,utah_2023_labels_2s.csv
1327,utah_2023__RAW_20230720_080229.500,utah_2023,utah_2023,utah_2023,noise,0,/home/ted1204/MS_Detection_Datamaker/MS_datamaker_UTAH_2023/data/event_2417/RAW_20230720_080229.500.sgy,RAW_20230720_080229.500.sgy,RAW_20230720_080229.500,3.0,5.0,850,1255,1000.0,utah_2023_labels_2s.csv
1328,utah_2023__RAW_20230720_080229.500,utah_2023,utah_2023,utah_2023,noise,0,/home/ted1204/MS_Detection_Datamaker/MS_datamaker_UTAH_2023/data/event_2417/RAW_20230720_080229.500.sgy,RAW_20230720_080229.500.sgy,RAW_20230720_080229.500,3.0,5.0,1300,1705,1000.0,utah_2023_labels_2s.csv
1329,utah_2023__RAW_20230720_080229.500,utah_2023,utah_2023,utah_2023,noise,0,/home/ted1204/MS_Detection_Datamaker/MS_datamaker_UTAH_2023/data/event_2417/RAW_20230720_080229.500.sgy,RAW_20230720_080229.500.sgy,RAW_20230720_080229.500,3.0,5.0,1750,2155,1000.0,utah_2023_labels_2s.csv
1330,utah_2023__RAW_20230720_080229.500,utah_2023,utah_2023,utah_2023,noise,0,/home/ted1204/MS_Detection_Datamaker/MS_datamaker_UTAH_2023/data/event_2417/RAW_20230720_080229.500.sgy,RAW_20230720_080229.500.sgy,RAW_20230720_080229.500,3.0,5.0,2200,2605,1000.0,utah_2023_labels_2s.csv
1331,utah_2023__RAW_20230720_080229.500,utah_2023,utah_2023,utah_2023,noise,0,/home/ted1204/MS_Detection_Datamaker/MS_datamaker_UTAH_2023/data/event_2417/RAW_20230720_080229.500.sgy,RAW_20230720_080229.500.sgy,RAW_20230720_080229.500,3.0,5.0,2650,3055,1000.0,utah_2023_labels_2s.csv
1332,utah_2023__RAW_20230720_080748.780,utah_2023,utah_2023,utah_2023,noise,0,/home/ted1204/MS_Detection_Datamaker/MS_datamaker_UTAH_2023/data/event_2417/RAW_20230720_080748.780.sgy,RAW_20230720_080748.780.sgy,RAW_20230720_080748.780,0.0,2.0,400,805,1000.0,utah_2023_labels_2s.csv
1333,utah_2023__RAW_20230720_080748.780,utah_2023,utah_2023,utah_2023,noise,0,/home/ted1204/MS_Detection_Datamaker/MS_datamaker_UTAH_2023/data/event_2417/RAW_20230720_080748.780.sgy,RAW_20230720_080748.780.sgy,RAW_20230720_080748.780,0.0,2.0,850,1255,1000.0,utah_2023_labels_2s.csv
1334,utah_2023__RAW_20230720_080748.780,utah_2023,utah_2023,utah_2023,noise,0,/home/ted1204/MS_Detection_Datamaker/MS_datamaker_UTAH_2023/data/event_2417/RAW_20230720_080748.780.sgy,RAW_20230720_080748.780.sgy,RAW_20230720_080748.780,0.0,2.0,1300,1705,1000.0,utah_2023_labels_2s.csv
1335,utah_2023__RAW_20230720_080748.780,utah_2023,utah_2023,utah_2023,noise,0,/home/ted1204/MS_Detection_Datamaker/MS_datamaker_UTAH_2023/data/event_2417/RAW_20230720_080748.780.sgy,RAW_20230720_080748.780.sgy,RAW_20230720_080748.780,0.0,2.0,1750,2155,1000.0,utah_2023_labels_2s.csv
1336,utah_2023__RAW_20230720_080748.780,utah_2023,utah_2023,utah_2023,noise,0,/home/ted1204/MS_Detection_Datamaker/MS_datamaker_UTAH_2023/data/event_2417/RAW_20230720_080748.780.sgy,RAW_20230720_080748.780.sgy,RAW_20230720_080748.780,0.0,2.0,2200,2605,1000.0,utah_2023_labels_2s.csv
1337,utah_2023__RAW_20230720_080748.780,utah_2023,utah_2023,utah_2023,noise,0,/home/ted1204/MS_Detection_Datamaker/MS_datamaker_UTAH_2023/data/event_2417/RAW_20230720_080748.780.sgy,RAW_20230720_080748.780.sgy,RAW_20230720_080748.780,0.0,2.0,2650,3055,1000.0,utah_2023_labels_2s.csv
1338,utah_2023__RAW_20230720_081010.300,utah_2023,utah_2023,utah_2023,noise,0,/home/ted1204/MS_Detection_Datamaker/MS_datamaker_UTAH_2023/data/event_2417/RAW_20230720_081010.300.sgy,RAW_20230720_081010.300.sgy,RAW_20230720_081010.300,0.0,2.0,400,805,1000.0,utah_2023_labels_2s.csv
1339,utah_2023__RAW_20230720_081010.300,utah_2023,utah_2023,utah_2023,noise,0,/home/ted1204/MS_Detection_Datamaker/MS_datamaker_UTAH_2023/data/event_2417/RAW_20230720_081010.300.sgy,RAW_20230720_081010.300.sgy,RAW_20230720_081010.300,0.0,2.0,850,1255,1000.0,utah_2023_labels_2s.csv
1340,utah_2023__RAW_20230720_081010.300,utah_2023,utah_2023,utah_2023,noise,0,/home/ted1204/MS_Detection_Datamaker/MS_datamaker_UTAH_2023/data/event_2417/RAW_20230720_081010.300.sgy,RAW_20230720_081010.300.sgy,RAW_20230720_081010.300,0.0,2.0,1300,1705,1000.0,utah_2023_labels_2s.csv
1341,utah_2023__RAW_20230720_081010.300,utah_2023,utah_2023,utah_2023,noise,0,/home/ted1204/MS_Detection_Datamaker/MS_datamaker_UTAH_2023/data/event_2417/RAW_20230720_081010.300.sgy,RAW_20230720_081010.300.sgy,RAW_20230720_081010.300,0.0,2.0,1750,2155,1000.0,utah_2023_labels_2s.csv
1342,utah_2023__RAW_20230720_081010.300,utah_2023,utah_2023,utah_2023,noise,0,/home/ted1204/MS_Detection_Datamaker/MS_datamaker_UTAH_2023/data/event_2417/RAW_20230720_081010.300.sgy,RAW_20230720_081010.300.sgy,RAW_20230720_081010.300,0.0,2.0,2200,2605,1000.0,utah_2023_labels_2s.csv
1343,utah_2023__RAW_20230720_081010.300,utah_2023,utah_2023,utah_2023,noise,0,/home/ted1204/MS_Detection_Datamaker/MS_datamaker_UTAH_2023/data/event_2417/RAW_20230720_081010.300.sgy,RAW_20230720_081010.300.sgy,RAW_20230720_081010.300,0.0,2.0,2650,3055,1000.0,utah_2023_labels_2s.csv
1344,utah_2023__RAW_20230720_081010.300,utah_2023,utah_2023,utah_2023,noise,0,/home/ted1204/MS_Detection_Datamaker/MS_datamaker_UTAH_2023/data/event_2417/RAW_20230720_081010.300.sgy,RAW_20230720_081010.300.sgy,RAW_20230720_081010.300,3.0,5.0,400,805,1000.0,utah_2023_labels_2s.csv
1345,utah_2023__RAW_20230720_081010.300,utah_2023,utah_2023,utah_2023,noise,0,/home/ted1204/MS_Detection_Datamaker/MS_datamaker_UTAH_2023/data/event_2417/RAW_20230720_081010.300.sgy,RAW_20230720_081010.300.sgy,RAW_20230720_081010.300,3.0,5.0,850,1255,1000.0,utah_2023_labels_2s.csv
1346,utah_2023__RAW_20230720_081010.300,utah_2023,utah_2023,utah_2023,noise,0,/home/ted1204/MS_Detection_Datamaker/MS_datamaker_UTAH_2023/data/event_2417/RAW_20230720_081010.300.sgy,RAW_20230720_081010.300.sgy,RAW_20230720_081010.300,3.0,5.0,1300,1705,1000.0,utah_2023_labels_2s.csv
1347,utah_2023__RAW_20230720_081010.300,utah_2023,utah_2023,utah_2023,noise,0,/home/ted1204/MS_Detection_Datamaker/MS_datamaker_UTAH_2023/data/event_2417/RAW_20230720_081010.300.sgy,RAW_20230720_081010.300.sgy,RAW_20230720_081010.300,3.0,5.0,1750,2155,1000.0,utah_2023_labels_2s.csv
1348,utah_2023__RAW_20230720_081010.300,utah_2023,utah_2023,utah_2023,noise,0,/home/ted1204/MS_Detection_Datamaker/MS_datamaker_UTAH_2023/data/event_2417/RAW_20230720_081010.300.sgy,RAW_20230720_081010.300.sgy,RAW_20230720_081010.300,3.0,5.0,2200,2605,1000.0,utah_2023_labels_2s.csv
1349,utah_2023__RAW_20230720_081010.300,utah_2023,utah_2023,utah_2023,noise,0,/home/ted1204/MS_Detection_Datamaker/MS_datamaker_UTAH_2023/data/event_2417/RAW_20230720_081010.300.sgy,RAW_20230720_081010.300.sgy,RAW_20230720_081010.300,3.0,5.0,2650,3055,1000.0,utah_2023_labels_2s.csv
1350,utah_2023__RAW_20230720_081302.320,utah_2023,utah_2023,utah_2023,noise,0,/home/ted1204/MS_Detection_Datamaker/MS_datamaker_UTAH_2023/data/event_2417/RAW_20230720_081302.320.sgy,RAW_20230720_081302.320.sgy,RAW_20230720_081302.320,0.0,2.0,400,805,1000.0,utah_2023_labels_2s.csv
1351,utah_2023__RAW_20230720_081302.320,utah_2023,utah_2023,utah_2023,noise,0,/home/ted1204/MS_Detection_Datamaker/MS_datamaker_UTAH_2023/data/event_2417/RAW_20230720_081302.320.sgy,RAW_20230720_081302.320.sgy,RAW_20230720_081302.320,0.0,2.0,850,1255,1000.0,utah_2023_labels_2s.csv
1352,utah_2023__RAW_20230720_081302.320,utah_2023,utah_2023,utah_2023,noise,0,/home/ted1204/MS_Detection_Datamaker/MS_datamaker_UTAH_2023/data/event_2417/RAW_20230720_081302.320.sgy,RAW_20230720_081302.320.sgy,RAW_20230720_081302.320,0.0,2.0,1300,1705,1000.0,utah_2023_labels_2s.csv
1353,utah_2023__RAW_20230720_081302.320,utah_2023,utah_2023,utah_2023,noise,0,/home/ted1204/MS_Detection_Datamaker/MS_datamaker_UTAH_2023/data/event_2417/RAW_20230720_081302.320.sgy,RAW_20230720_081302.320.sgy,RAW_20230720_081302.320,0.0,2.0,1750,2155,1000.0,utah_2023_labels_2s.csv
1354,utah_2023__RAW_20230720_081302.320,utah_2023,utah_2023,utah_2023,noise,0,/home/ted1204/MS_Detection_Datamaker/MS_datamaker_UTAH_2023/data/event_2417/RAW_20230720_081302.320.sgy,RAW_20230720_081302.320.sgy,RAW_20230720_081302.320,0.0,2.0,2200,2605,1000.0,utah_2023_labels_2s.csv
1355,utah_2023__RAW_20230720_081302.320,utah_2023,utah_2023,utah_2023,noise,0,/home/ted1204/MS_Detection_Datamaker/MS_datamaker_UTAH_2023/data/event_2417/RAW_20230720_081302.320.sgy,RAW_20230720_081302.320.sgy,RAW_20230720_081302.320,0.0,2.0,2650,3055,1000.0,utah_2023_labels_2s.csv
1356,utah_2023__RAW_20230720_081302.320,utah_2023,utah_2023,utah_2023,noise,0,/home/ted1204/MS_Detection_Datamaker/MS_datamaker_UTAH_2023/data/event_2417/RAW_20230720_081302.320.sgy,RAW_20230720_081302.320.sgy,RAW_20230720_081302.320,1.0,3.0,400,805,1000.0,utah_2023_labels_2s.csv
1357,utah_2023__RAW_20230720_081302.320,utah_2023,utah_2023,utah_2023,noise,0,/home/ted1204/MS_Detection_Datamaker/MS_datamaker_UTAH_2023/data/event_2417/RAW_20230720_081302.320.sgy,RAW_20230720_081302.320.sgy,RAW_20230720_081302.320,1.0,3.0,850,1255,1000.0,utah_2023_labels_2s.csv
1358,utah_2023__RAW_20230720_081302.320,utah_2023,utah_2023,utah_2023,noise,0,/home/ted1204/MS_Detection_Datamaker/MS_datamaker_UTAH_2023/data/event_2417/RAW_20230720_081302.320.sgy,RAW_20230720_081302.320.sgy,RAW_20230720_081302.320,1.0,3.0,1300,1705,1000.0,utah_2023_labels_2s.csv
1359,utah_2023__RAW_20230720_081302.320,utah_2023,utah_2023,utah_2023,noise,0,/home/ted1204/MS_Detection_Datamaker/MS_datamaker_UTAH_2023/data/event_2417/RAW_20230720_081302.320.sgy,RAW_20230720_081302.320.sgy,RAW_20230720_081302.320,1.0,3.0,1750,2155,1000.0,utah_2023_labels_2s.csv
1360,utah_2023__RAW_20230720_081302.320,utah_2023,utah_2023,utah_2023,noise,0,/home/ted1204/MS_Detection_Datamaker/MS_datamaker_UTAH_2023/data/event_2417/RAW_20230720_081302.320.sgy,RAW_20230720_081302.320.sgy,RAW_20230720_081302.320,1.0,3.0,2200,2605,1000.0,utah_2023_labels_2s.csv
1361,utah_2023__RAW_20230720_081302.320,utah_2023,utah_2023,utah_2023,noise,0,/home/ted1204/MS_Detection_Datamaker/MS_datamaker_UTAH_2023/data/event_2417/RAW_20230720_081302.320.sgy,RAW_20230720_081302.320.sgy,RAW_20230720_081302.320,1.0,3.0,2650,3055,1000.0,utah_2023_labels_2s.csv
1362,utah_2023__RAW_20230720_081302.320,utah_2023,utah_2023,utah_2023,noise,0,/home/ted1204/MS_Detection_Datamaker/MS_datamaker_UTAH_2023/data/event_2417/RAW_20230720_081302.320.sgy,RAW_20230720_081302.320.sgy,RAW_20230720_081302.320,3.0,5.0,400,805,1000.0,utah_2023_labels_2s.csv
1363,utah_2023__RAW_20230720_081302.320,utah_2023,utah_2023,utah_2023,noise,0,/home/ted1204/MS_Detection_Datamaker/MS_datamaker_UTAH_2023/data/event_2417/RAW_20230720_081302.320.sgy,RAW_20230720_081302.320.sgy,RAW_20230720_081302.320,3.0,5.0,850,1255,1000.0,utah_2023_labels_2s.csv
1364,utah_2023__RAW_20230720_081302.320,utah_2023,utah_2023,utah_2023,noise,0,/home/ted1204/MS_Detection_Datamaker/MS_datamaker_UTAH_2023/data/event_2417/RAW_20230720_081302.320.sgy,RAW_20230720_081302.320.sgy,RAW_20230720_081302.320,3.0,5.0,1300,1705,1000.0,utah_2023_labels_2s.csv
1365,utah_2023__RAW_20230720_081302.320,utah_2023,utah_2023,utah_2023,noise,0,/home/ted1204/MS_Detection_Datamaker/MS_datamaker_UTAH_2023/data/event_2417/RAW_20230720_081302.320.sgy,RAW_20230720_081302.320.sgy,RAW_20230720_081302.320,3.0,5.0,1750,2155,1000.0,utah_2023_labels_2s.csv
1366,utah_2023__RAW_20230720_081302.320,utah_2023,utah_2023,utah_2023,noise,0,/home/ted1204/MS_Detection_Datamaker/MS_datamaker_UTAH_2023/data/event_2417/RAW_20230720_081302.320.sgy,RAW_20230720_081302.320.sgy,RAW_20230720_081302.320,3.0,5.0,2200,2605,1000.0,utah_2023_labels_2s.csv
1367,utah_2023__RAW_20230720_081302.320,utah_2023,utah_2023,utah_2023,noise,0,/home/ted1204/MS_Detection_Datamaker/MS_datamaker_UTAH_2023/data/event_2417/RAW_20230720_081302.320.sgy,RAW_20230720_081302.320.sgy,RAW_20230720_081302.320,3.0,5.0,2650,3055,1000.0,utah_2023_labels_2s.csv
1368,utah_2023__RAW_20230720_082148.080,utah_2023,utah_2023,utah_2023,noise,0,/home/ted1204/MS_Detection_Datamaker/MS_datamaker_UTAH_2023/data/event_2417/RAW_20230720_082148.080.sgy,RAW_20230720_082148.080.sgy,RAW_20230720_082148.080,0.0,2.0,400,805,1000.0,utah_2023_labels_2s.csv
1369,utah_2023__RAW_20230720_082148.080,utah_2023,utah_2023,utah_2023,noise,0,/home/ted1204/MS_Detection_Datamaker/MS_datamaker_UTAH_2023/data/event_2417/RAW_20230720_082148.080.sgy,RAW_20230720_082148.080.sgy,RAW_20230720_082148.080,0.0,2.0,850,1255,1000.0,utah_2023_labels_2s.csv
1370,utah_2023__RAW_20230720_082148.080,utah_2023,utah_2023,utah_2023,noise,0,/home/ted1204/MS_Detection_Datamaker/MS_datamaker_UTAH_2023/data/event_2417/RAW_20230720_082148.080.sgy,RAW_20230720_082148.080.sgy,RAW_20230720_082148.080,0.0,2.0,1300,1705,1000.0,utah_2023_labels_2s.csv
1371,utah_2023__RAW_20230720_082148.080,utah_2023,utah_2023,utah_2023,noise,0,/home/ted1204/MS_Detection_Datamaker/MS_datamaker_UTAH_2023/data/event_2417/RAW_20230720_082148.080.sgy,RAW_20230720_082148.080.sgy,RAW_20230720_082148.080,0.0,2.0,1750,2155,1000.0,utah_2023_labels_2s.csv
1372,utah_2023__RAW_20230720_082148.080,utah_2023,utah_2023,utah_2023,noise,0,/home/ted1204/MS_Detection_Datamaker/MS_datamaker_UTAH_2023/data/event_2417/RAW_20230720_082148.080.sgy,RAW_20230720_082148.080.sgy,RAW_20230720_082148.080,0.0,2.0,2200,2605,1000.0,utah_2023_labels_2s.csv
1373,utah_2023__RAW_20230720_082148.080,utah_2023,utah_2023,utah_2023,noise,0,/home/ted1204/MS_Detection_Datamaker/MS_datamaker_UTAH_2023/data/event_2417/RAW_20230720_082148.080.sgy,RAW_20230720_082148.080.sgy,RAW_20230720_082148.080,0.0,2.0,2650,3055,1000.0,utah_2023_labels_2s.csv
1374,utah_2023__RAW_20230720_082210.760,utah_2023,utah_2023,utah_2023,noise,0,/home/ted1204/MS_Detection_Datamaker/MS_datamaker_UTAH_2023/data/event_2417/RAW_20230720_082210.760.sgy,RAW_20230720_082210.760.sgy,RAW_20230720_082210.760,0.0,2.0,400,805,1000.0,utah_2023_labels_2s.csv
1375,utah_2023__RAW_20230720_082210.760,utah_2023,utah_2023,utah_2023,noise,0,/home/ted1204/MS_Detection_Datamaker/MS_datamaker_UTAH_2023/data/event_2417/RAW_20230720_082210.760.sgy,RAW_20230720_082210.760.sgy,RAW_20230720_082210.760,0.0,2.0,850,1255,1000.0,utah_2023_labels_2s.csv
1376,utah_2023__RAW_20230720_082210.760,utah_2023,utah_2023,utah_2023,noise,0,/home/ted1204/MS_Detection_Datamaker/MS_datamaker_UTAH_2023/data/event_2417/RAW_20230720_082210.760.sgy,RAW_20230720_082210.760.sgy,RAW_20230720_082210.760,0.0,2.0,1300,1705,1000.0,utah_2023_labels_2s.csv
1377,utah_2023__RAW_20230720_082210.760,utah_2023,utah_2023,utah_2023,noise,0,/home/ted1204/MS_Detection_Datamaker/MS_datamaker_UTAH_2023/data/event_2417/RAW_20230720_082210.760.sgy,RAW_20230720_082210.760.sgy,RAW_20230720_082210.760,0.0,2.0,1750,2155,1000.0,utah_2023_labels_2s.csv
1378,utah_2023__RAW_20230720_082210.760,utah_2023,utah_2023,utah_2023,noise,0,/home/ted1204/MS_Detection_Datamaker/MS_datamaker_UTAH_2023/data/event_2417/RAW_20230720_082210.760.sgy,RAW_20230720_082210.760.sgy,RAW_20230720_082210.760,0.0,2.0,2200,2605,1000.0,utah_2023_labels_2s.csv
1379,utah_2023__RAW_20230720_082210.760,utah_2023,utah_2023,utah_2023,noise,0,/home/ted1204/MS_Detection_Datamaker/MS_datamaker_UTAH_2023/data/event_2417/RAW_20230720_082210.760.sgy,RAW_20230720_082210.760.sgy,RAW_20230720_082210.760,0.0,2.0,2650,3055,1000.0,utah_2023_labels_2s.csv
1380,utah_2023__RAW_20230720_082913.020,utah_2023,utah_2023,utah_2023,noise,0,/home/ted1204/MS_Detection_Datamaker/MS_datamaker_UTAH_2023/data/event_2417/RAW_20230720_082913.020.sgy,RAW_20230720_082913.020.sgy,RAW_20230720_082913.020,0.0,2.0,400,805,1000.0,utah_2023_labels_2s.csv
1381,utah_2023__RAW_20230720_082913.020,utah_2023,utah_2023,utah_2023,noise,0,/home/ted1204/MS_Detection_Datamaker/MS_datamaker_UTAH_2023/data/event_2417/RAW_20230720_082913.020.sgy,RAW_20230720_082913.020.sgy,RAW_20230720_082913.020,0.0,2.0,850,1255,1000.0,utah_2023_labels_2s.csv
1382,utah_2023__RAW_20230720_082913.020,utah_2023,utah_2023,utah_2023,noise,0,/home/ted1204/MS_Detection_Datamaker/MS_datamaker_UTAH_2023/data/event_2417/RAW_20230720_082913.020.sgy,RAW_20230720_082913.020.sgy,RAW_20230720_082913.020,0.0,2.0,1300,1705,1000.0,utah_2023_labels_2s.csv
1383,utah_2023__RAW_20230720_082913.020,utah_2023,utah_2023,utah_2023,noise,0,/home/ted1204/MS_Detection_Datamaker/MS_datamaker_UTAH_2023/data/event_2417/RAW_20230720_082913.020.sgy,RAW_20230720_082913.020.sgy,RAW_20230720_082913.020,0.0,2.0,1750,2155,1000.0,utah_2023_labels_2s.csv
1384,utah_2023__RAW_20230720_082913.020,utah_2023,utah_2023,utah_2023,noise,0,/home/ted1204/MS_Detection_Datamaker/MS_datamaker_UTAH_2023/data/event_2417/RAW_20230720_082913.020.sgy,RAW_20230720_082913.020.sgy,RAW_20230720_082913.020,0.0,2.0,2200,2605,1000.0,utah_2023_labels_2s.csv
1385,utah_2023__RAW_20230720_082913.020,utah_2023,utah_2023,utah_2023,noise,0,/home/ted1204/MS_Detection_Datamaker/MS_datamaker_UTAH_2023/data/event_2417/RAW_20230720_082913.020.sgy,RAW_20230720_082913.020.sgy,RAW_20230720_082913.020,0.0,2.0,2650,3055,1000.0,utah_2023_labels_2s.csv
1386,utah_2023__RAW_20230720_084459.700,utah_2023,utah_2023,utah_2023,noise,0,/home/ted1204/MS_Detection_Datamaker/MS_datamaker_UTAH_2023/data/event_2417/RAW_20230720_084459.700.sgy,RAW_20230720_084459.700.sgy,RAW_20230720_084459.700,0.0,2.0,400,805,1000.0,utah_2023_labels_2s.csv
1387,utah_2023__RAW_20230720_084459.700,utah_2023,utah_2023,utah_2023,noise,0,/home/ted1204/MS_Detection_Datamaker/MS_datamaker_UTAH_2023/data/event_2417/RAW_20230720_084459.700.sgy,RAW_20230720_084459.700.sgy,RAW_20230720_084459.700,0.0,2.0,850,1255,1000.0,utah_2023_labels_2s.csv
1388,utah_2023__RAW_20230720_084459.700,utah_2023,utah_2023,utah_2023,noise,0,/home/ted1204/MS_Detection_Datamaker/MS_datamaker_UTAH_2023/data/event_2417/RAW_20230720_084459.700.sgy,RAW_20230720_084459.700.sgy,RAW_20230720_084459.700,0.0,2.0,1300,1705,1000.0,utah_2023_labels_2s.csv
1389,utah_2023__RAW_20230720_084459.700,utah_2023,utah_2023,utah_2023,noise,0,/home/ted1204/MS_Detection_Datamaker/MS_datamaker_UTAH_2023/data/event_2417/RAW_20230720_084459.700.sgy,RAW_20230720_084459.700.sgy,RAW_20230720_084459.700,0.0,2.0,1750,2155,1000.0,utah_2023_labels_2s.csv
1390,utah_2023__RAW_20230720_084459.700,utah_2023,utah_2023,utah_2023,noise,0,/home/ted1204/MS_Detection_Datamaker/MS_datamaker_UTAH_2023/data/event_2417/RAW_20230720_084459.700.sgy,RAW_20230720_084459.700.sgy,RAW_20230720_084459.700,0.0,2.0,2200,2605,1000.0,utah_2023_labels_2s.csv
1391,utah_2023__RAW_20230720_084459.700,utah_2023,utah_2023,utah_2023,noise,0,/home/ted1204/MS_Detection_Datamaker/MS_datamaker_UTAH_2023/data/event_2417/RAW_20230720_084459.700.sgy,RAW_20230720_084459.700.sgy,RAW_20230720_084459.700,0.0,2.0,2650,3055,1000.0,utah_2023_labels_2s.csv
1392,utah_2023__RAW_20230720_084636.400,utah_2023,utah_2023,utah_2023,noise,0,/home/ted1204/MS_Detection_Datamaker/MS_datamaker_UTAH_2023/data/event_2417/RAW_20230720_084636.400.sgy,RAW_20230720_084636.400.sgy,RAW_20230720_084636.400,0.0,2.0,400,805,1000.0,utah_2023_labels_2s.csv
1393,utah_2023__RAW_20230720_084636.400,utah_2023,utah_2023,utah_2023,noise,0,/home/ted1204/MS_Detection_Datamaker/MS_datamaker_UTAH_2023/data/event_2417/RAW_20230720_084636.400.sgy,RAW_20230720_084636.400.sgy,RAW_20230720_084636.400,0.0,2.0,850,1255,1000.0,utah_2023_labels_2s.csv
1394,utah_2023__RAW_20230720_084636.400,utah_2023,utah_2023,utah_2023,noise,0,/home/ted1204/MS_Detection_Datamaker/MS_datamaker_UTAH_2023/data/event_2417/RAW_20230720_084636.400.sgy,RAW_20230720_084636.400.sgy,RAW_20230720_084636.400,0.0,2.0,1300,1705,1000.0,utah_2023_labels_2s.csv
1395,utah_2023__RAW_20230720_084636.400,utah_2023,utah_2023,utah_2023,noise,0,/home/ted1204/MS_Detection_Datamaker/MS_datamaker_UTAH_2023/data/event_2417/RAW_20230720_084636.400.sgy,RAW_20230720_084636.400.sgy,RAW_20230720_084636.400,0.0,2.0,1750,2155,1000.0,utah_2023_labels_2s.csv
1396,utah_2023__RAW_20230720_084636.400,utah_2023,utah_2023,utah_2023,noise,0,/home/ted1204/MS_Detection_Datamaker/MS_datamaker_UTAH_2023/data/event_2417/RAW_20230720_084636.400.sgy,RAW_20230720_084636.400.sgy,RAW_20230720_084636.400,0.0,2.0,2200,2605,1000.0,utah_2023_labels_2s.csv
1397,utah_2023__RAW_20230720_084636.400,utah_2023,utah_2023,utah_2023,noise,0,/home/ted1204/MS_Detection_Datamaker/MS_datamaker_UTAH_2023/data/event_2417/RAW_20230720_084636.400.sgy,RAW_20230720_084636.400.sgy,RAW_20230720_084636.400,0.0,2.0,2650,3055,1000.0,utah_2023_labels_2s.csv
1398,utah_2023__RAW_20230720_085240.640,utah_2023,utah_2023,utah_2023,noise,0,/home/ted1204/MS_Detection_Datamaker/MS_datamaker_UTAH_2023/data/event_2417/RAW_20230720_085240.640.sgy,RAW_20230720_085240.640.sgy,RAW_20230720_085240.640,0.0,2.0,400,805,1000.0,utah_2023_labels_2s.csv
1399,utah_2023__RAW_20230720_085240.640,utah_2023,utah_2023,utah_2023,noise,0,/home/ted1204/MS_Detection_Datamaker/MS_datamaker_UTAH_2023/data/event_2417/RAW_20230720_085240.640.sgy,RAW_20230720_085240.640.sgy,RAW_20230720_085240.640,0.0,2.0,850,1255,1000.0,utah_2023_labels_2s.csv
1400,utah_2023__RAW_20230720_085240.640,utah_2023,utah_2023,utah_2023,noise,0,/home/ted1204/MS_Detection_Datamaker/MS_datamaker_UTAH_2023/data/event_2417/RAW_20230720_085240.640.sgy,RAW_20230720_085240.640.sgy,RAW_20230720_085240.640,0.0,2.0,1300,1705,1000.0,utah_2023_labels_2s.csv
1401,utah_2023__RAW_20230720_085240.640,utah_2023,utah_2023,utah_2023,noise,0,/home/ted1204/MS_Detection_Datamaker/MS_datamaker_UTAH_2023/data/event_2417/RAW_20230720_085240.640.sgy,RAW_20230720_085240.640.sgy,RAW_20230720_085240.640,0.0,2.0,1750,2155,1000.0,utah_2023_labels_2s.csv
1402,utah_2023__RAW_20230720_085240.640,utah_2023,utah_2023,utah_2023,noise,0,/home/ted1204/MS_Detection_Datamaker/MS_datamaker_UTAH_2023/data/event_2417/RAW_20230720_085240.640.sgy,RAW_20230720_085240.640.sgy,RAW_20230720_085240.640,0.0,2.0,2200,2605,1000.0,utah_2023_labels_2s.csv
1403,utah_2023__RAW_20230720_085240.640,utah_2023,utah_2023,utah_2023,noise,0,/home/ted1204/MS_Detection_Datamaker/MS_datamaker_UTAH_2023/data/event_2417/RAW_20230720_085240.640.sgy,RAW_20230720_085240.640.sgy,RAW_20230720_085240.640,0.0,2.0,2650,3055,1000.0,utah_2023_labels_2s.csv
1404,utah_2023__RAW_20230720_085518.820,utah_2023,utah_2023,utah_2023,noise,0,/home/ted1204/MS_Detection_Datamaker/MS_datamaker_UTAH_2023/data/event_2417/RAW_20230720_085518.820.sgy,RAW_20230720_085518.820.sgy,RAW_20230720_085518.820,0.0,2.0,400,805,1000.0,utah_2023_labels_2s.csv
1405,utah_2023__RAW_20230720_085518.820,utah_2023,utah_2023,utah_2023,noise,0,/home/ted1204/MS_Detection_Datamaker/MS_datamaker_UTAH_2023/data/event_2417/RAW_20230720_085518.820.sgy,RAW_20230720_085518.820.sgy,RAW_20230720_085518.820,0.0,2.0,850,1255,1000.0,utah_2023_labels_2s.csv
1406,utah_2023__RAW_20230720_085518.820,utah_2023,utah_2023,utah_2023,noise,0,/home/ted1204/MS_Detection_Datamaker/MS_datamaker_UTAH_2023/data/event_2417/RAW_20230720_085518.820.sgy,RAW_20230720_085518.820.sgy,RAW_20230720_085518.820,0.0,2.0,1300,1705,1000.0,utah_2023_labels_2s.csv
1407,utah_2023__RAW_20230720_085518.820,utah_2023,utah_2023,utah_2023,noise,0,/home/ted1204/MS_Detection_Datamaker/MS_datamaker_UTAH_2023/data/event_2417/RAW_20230720_085518.820.sgy,RAW_20230720_085518.820.sgy,RAW_20230720_085518.820,0.0,2.0,1750,2155,1000.0,utah_2023_labels_2s.csv
1408,utah_2023__RAW_20230720_085518.820,utah_2023,utah_2023,utah_2023,noise,0,/home/ted1204/MS_Detection_Datamaker/MS_datamaker_UTAH_2023/data/event_2417/RAW_20230720_085518.820.sgy,RAW_20230720_085518.820.sgy,RAW_20230720_085518.820,0.0,2.0,2200,2605,1000.0,utah_2023_labels_2s.csv
1409,utah_2023__RAW_20230720_085518.820,utah_2023,utah_2023,utah_2023,noise,0,/home/ted1204/MS_Detection_Datamaker/MS_datamaker_UTAH_2023/data/event_2417/RAW_20230720_085518.820.sgy,RAW_20230720_085518.820.sgy,RAW_20230720_085518.820,0.0,2.0,2650,3055,1000.0,utah_2023_labels_2s.csv
1410,utah_2023__RAW_20230720_085822.540,utah_2023,utah_2023,utah_2023,noise,0,/home/ted1204/MS_Detection_Datamaker/MS_datamaker_UTAH_2023/data/event_2417/RAW_20230720_085822.540.sgy,RAW_20230720_085822.540.sgy,RAW_20230720_085822.540,0.0,2.0,400,805,1000.0,utah_2023_labels_2s.csv
1411,utah_2023__RAW_20230720_085822.540,utah_2023,utah_2023,utah_2023,noise,0,/home/ted1204/MS_Detection_Datamaker/MS_datamaker_UTAH_2023/data/event_2417/RAW_20230720_085822.540.sgy,RAW_20230720_085822.540.sgy,RAW_20230720_085822.540,0.0,2.0,850,1255,1000.0,utah_2023_labels_2s.csv
1412,utah_2023__RAW_20230720_085822.540,utah_2023,utah_2023,utah_2023,noise,0,/home/ted1204/MS_Detection_Datamaker/MS_datamaker_UTAH_2023/data/event_2417/RAW_20230720_085822.540.sgy,RAW_20230720_085822.540.sgy,RAW_20230720_085822.540,0.0,2.0,1300,1705,1000.0,utah_2023_labels_2s.csv
1413,utah_2023__RAW_20230720_085822.540,utah_2023,utah_2023,utah_2023,noise,0,/home/ted1204/MS_Detection_Datamaker/MS_datamaker_UTAH_2023/data/event_2417/RAW_20230720_085822.540.sgy,RAW_20230720_085822.540.sgy,RAW_20230720_085822.540,0.0,2.0,1750,2155,1000.0,utah_2023_labels_2s.csv
1414,utah_2023__RAW_20230720_085822.540,utah_2023,utah_2023,utah_2023,noise,0,/home/ted1204/MS_Detection_Datamaker/MS_datamaker_UTAH_2023/data/event_2417/RAW_20230720_085822.540.sgy,RAW_20230720_085822.540.sgy,RAW_20230720_085822.540,0.0,2.0,2200,2605,1000.0,utah_2023_labels_2s.csv
1415,utah_2023__RAW_20230720_085822.540,utah_2023,utah_2023,utah_2023,noise,0,/home/ted1204/MS_Detection_Datamaker/MS_datamaker_UTAH_2023/data/event_2417/RAW_20230720_085822.540.sgy,RAW_20230720_085822.540.sgy,RAW_20230720_085822.540,0.0,2.0,2650,3055,1000.0,utah_2023_labels_2s.csv
1416,utah_2023__RAW_20230720_090113.160,utah_2023,utah_2023,utah_2023,noise,0,/home/ted1204/MS_Detection_Datamaker/MS_datamaker_UTAH_2023/data/event_2417/RAW_20230720_090113.160.sgy,RAW_20230720_090113.160.sgy,RAW_20230720_090113.160,0.0,2.0,400,805,1000.0,utah_2023_labels_2s.csv
1417,utah_2023__RAW_20230720_090113.160,utah_2023,utah_2023,utah_2023,noise,0,/home/ted1204/MS_Detection_Datamaker/MS_datamaker_UTAH_2023/data/event_2417/RAW_20230720_090113.160.sgy,RAW_20230720_090113.160.sgy,RAW_20230720_090113.160,0.0,2.0,850,1255,1000.0,utah_2023_labels_2s.csv
1418,utah_2023__RAW_20230720_090113.160,utah_2023,utah_2023,utah_2023,noise,0,/home/ted1204/MS_Detection_Datamaker/MS_datamaker_UTAH_2023/data/event_2417/RAW_20230720_090113.160.sgy,RAW_20230720_090113.160.sgy,RAW_20230720_090113.160,0.0,2.0,1300,1705,1000.0,utah_2023_labels_2s.csv
1419,utah_2023__RAW_20230720_090113.160,utah_2023,utah_2023,utah_2023,noise,0,/home/ted1204/MS_Detection_Datamaker/MS_datamaker_UTAH_2023/data/event_2417/RAW_20230720_090113.160.sgy,RAW_20230720_090113.160.sgy,RAW_20230720_090113.160,0.0,2.0,1750,2155,1000.0,utah_2023_labels_2s.csv
1420,utah_2023__RAW_20230720_090113.160,utah_2023,utah_2023,utah_2023,noise,0,/home/ted1204/MS_Detection_Datamaker/MS_datamaker_UTAH_2023/data/event_2417/RAW_20230720_090113.160.sgy,RAW_20230720_090113.160.sgy,RAW_20230720_090113.160,0.0,2.0,2200,2605,1000.0,utah_2023_labels_2s.csv
1421,utah_2023__RAW_20230720_090113.160,utah_2023,utah_2023,utah_2023,noise,0,/home/ted1204/MS_Detection_Datamaker/MS_datamaker_UTAH_2023/data/event_2417/RAW_20230720_090113.160.sgy,RAW_20230720_090113.160.sgy,RAW_20230720_090113.160,0.0,2.0,2650,3055,1000.0,utah_2023_labels_2s.csv
1422,utah_2023__RAW_20230720_090602.640,utah_2023,utah_2023,utah_2023,noise,0,/home/ted1204/MS_Detection_Datamaker/MS_datamaker_UTAH_2023/data/event_2417/RAW_20230720_090602.640.sgy,RAW_20230720_090602.640.sgy,RAW_20230720_090602.640,0.0,2.0,400,805,1000.0,utah_2023_labels_2s.csv
1423,utah_2023__RAW_20230720_090602.640,utah_2023,utah_2023,utah_2023,noise,0,/home/ted1204/MS_Detection_Datamaker/MS_datamaker_UTAH_2023/data/event_2417/RAW_20230720_090602.640.sgy,RAW_20230720_090602.640.sgy,RAW_20230720_090602.640,0.0,2.0,850,1255,1000.0,utah_2023_labels_2s.csv
1424,utah_2023__RAW_20230720_090602.640,utah_2023,utah_2023,utah_2023,noise,0,/home/ted1204/MS_Detection_Datamaker/MS_datamaker_UTAH_2023/data/event_2417/RAW_20230720_090602.640.sgy,RAW_20230720_090602.640.sgy,RAW_20230720_090602.640,0.0,2.0,1300,1705,1000.0,utah_2023_labels_2s.csv
1425,utah_2023__RAW_20230720_090602.640,utah_2023,utah_2023,utah_2023,noise,0,/home/ted1204/MS_Detection_Datamaker/MS_datamaker_UTAH_2023/data/event_2417/RAW_20230720_090602.640.sgy,RAW_20230720_090602.640.sgy,RAW_20230720_090602.640,0.0,2.0,1750,2155,1000.0,utah_2023_labels_2s.csv
1426,utah_2023__RAW_20230720_090602.640,utah_2023,utah_2023,utah_2023,noise,0,/home/ted1204/MS_Detection_Datamaker/MS_datamaker_UTAH_2023/data/event_2417/RAW_20230720_090602.640.sgy,RAW_20230720_090602.640.sgy,RAW_20230720_090602.640,0.0,2.0,2200,2605,1000.0,utah_2023_labels_2s.csv
1427,utah_2023__RAW_20230720_090602.640,utah_2023,utah_2023,utah_2023,noise,0,/home/ted1204/MS_Detection_Datamaker/MS_datamaker_UTAH_2023/data/event_2417/RAW_20230720_090602.640.sgy,RAW_20230720_090602.640.sgy,RAW_20230720_090602.640,0.0,2.0,2650,3055,1000.0,utah_2023_labels_2s.csv
1428,utah_2023__RAW_20230720_091146.460,utah_2023,utah_2023,utah_2023,noise,0,/home/ted1204/MS_Detection_Datamaker/MS_datamaker_UTAH_2023/data/event_2417/RAW_20230720_091146.460.sgy,RAW_20230720_091146.460.sgy,RAW_20230720_091146.460,0.0,2.0,400,805,1000.0,utah_2023_labels_2s.csv
1429,utah_2023__RAW_20230720_091146.460,utah_2023,utah_2023,utah_2023,noise,0,/home/ted1204/MS_Detection_Datamaker/MS_datamaker_UTAH_2023/data/event_2417/RAW_20230720_091146.460.sgy,RAW_20230720_091146.460.sgy,RAW_20230720_091146.460,0.0,2.0,850,1255,1000.0,utah_2023_labels_2s.csv
1430,utah_2023__RAW_20230720_091146.460,utah_2023,utah_2023,utah_2023,noise,0,/home/ted1204/MS_Detection_Datamaker/MS_datamaker_UTAH_2023/data/event_2417/RAW_20230720_091146.460.sgy,RAW_20230720_091146.460.sgy,RAW_20230720_091146.460,0.0,2.0,1300,1705,1000.0,utah_2023_labels_2s.csv
1431,utah_2023__RAW_20230720_091146.460,utah_2023,utah_2023,utah_2023,noise,0,/home/ted1204/MS_Detection_Datamaker/MS_datamaker_UTAH_2023/data/event_2417/RAW_20230720_091146.460.sgy,RAW_20230720_091146.460.sgy,RAW_20230720_091146.460,0.0,2.0,1750,2155,1000.0,utah_2023_labels_2s.csv
1432,utah_2023__RAW_20230720_091146.460,utah_2023,utah_2023,utah_2023,noise,0,/home/ted1204/MS_Detection_Datamaker/MS_datamaker_UTAH_2023/data/event_2417/RAW_20230720_091146.460.sgy,RAW_20230720_091146.460.sgy,RAW_20230720_091146.460,0.0,2.0,2200,2605,1000.0,utah_2023_labels_2s.csv
1433,utah_2023__RAW_20230720_091146.460,utah_2023,utah_2023,utah_2023,noise,0,/home/ted1204/MS_Detection_Datamaker/MS_datamaker_UTAH_2023/data/event_2417/RAW_20230720_091146.460.sgy,RAW_20230720_091146.460.sgy,RAW_20230720_091146.460,0.0,2.0,2650,3055,1000.0,utah_2023_labels_2s.csv
1434,utah_2023__RAW_20230720_091213.760,utah_2023,utah_2023,utah_2023,noise,0,/home/ted1204/MS_Detection_Datamaker/MS_datamaker_UTAH_2023/data/event_2417/RAW_20230720_091213.760.sgy,RAW_20230720_091213.760.sgy,RAW_20230720_091213.760,0.0,2.0,400,805,1000.0,utah_2023_labels_2s.csv
1435,utah_2023__RAW_20230720_091213.760,utah_2023,utah_2023,utah_2023,noise,0,/home/ted1204/MS_Detection_Datamaker/MS_datamaker_UTAH_2023/data/event_2417/RAW_20230720_091213.760.sgy,RAW_20230720_091213.760.sgy,RAW_20230720_091213.760,0.0,2.0,850,1255,1000.0,utah_2023_labels_2s.csv
1436,utah_2023__RAW_20230720_091213.760,utah_2023,utah_2023,utah_2023,noise,0,/home/ted1204/MS_Detection_Datamaker/MS_datamaker_UTAH_2023/data/event_2417/RAW_20230720_091213.760.sgy,RAW_20230720_091213.760.sgy,RAW_20230720_091213.760,0.0,2.0,1300,1705,1000.0,utah_2023_labels_2s.csv
1437,utah_2023__RAW_20230720_091213.760,utah_2023,utah_2023,utah_2023,noise,0,/home/ted1204/MS_Detection_Datamaker/MS_datamaker_UTAH_2023/data/event_2417/RAW_20230720_091213.760.sgy,RAW_20230720_091213.760.sgy,RAW_20230720_091213.760,0.0,2.0,1750,2155,1000.0,utah_2023_labels_2s.csv
1438,utah_2023__RAW_20230720_091213.760,utah_2023,utah_2023,utah_2023,noise,0,/home/ted1204/MS_Detection_Datamaker/MS_datamaker_UTAH_2023/data/event_2417/RAW_20230720_091213.760.sgy,RAW_20230720_091213.760.sgy,RAW_20230720_091213.760,0.0,2.0,2200,2605,1000.0,utah_2023_labels_2s.csv
1439,utah_2023__RAW_20230720_091213.760,utah_2023,utah_2023,utah_2023,noise,0,/home/ted1204/MS_Detection_Datamaker/MS_datamaker_UTAH_2023/data/event_2417/RAW_20230720_091213.760.sgy,RAW_20230720_091213.760.sgy,RAW_20230720_091213.760,0.0,2.0,2650,3055,1000.0,utah_2023_labels_2s.csv
1440,utah_2023__RAW_20230720_091251.500,utah_2023,utah_2023,utah_2023,noise,0,/home/ted1204/MS_Detection_Datamaker/MS_datamaker_UTAH_2023/data/event_2417/RAW_20230720_091251.500.sgy,RAW_20230720_091251.500.sgy,RAW_20230720_091251.500,0.0,2.0,400,805,1000.0,utah_2023_labels_2s.csv
1441,utah_2023__RAW_20230720_091251.500,utah_2023,utah_2023,utah_2023,noise,0,/home/ted1204/MS_Detection_Datamaker/MS_datamaker_UTAH_2023/data/event_2417/RAW_20230720_091251.500.sgy,RAW_20230720_091251.500.sgy,RAW_20230720_091251.500,0.0,2.0,850,1255,1000.0,utah_2023_labels_2s.csv
1442,utah_2023__RAW_20230720_091251.500,utah_2023,utah_2023,utah_2023,noise,0,/home/ted1204/MS_Detection_Datamaker/MS_datamaker_UTAH_2023/data/event_2417/RAW_20230720_091251.500.sgy,RAW_20230720_091251.500.sgy,RAW_20230720_091251.500,0.0,2.0,1300,1705,1000.0,utah_2023_labels_2s.csv
1443,utah_2023__RAW_20230720_091251.500,utah_2023,utah_2023,utah_2023,noise,0,/home/ted1204/MS_Detection_Datamaker/MS_datamaker_UTAH_2023/data/event_2417/RAW_20230720_091251.500.sgy,RAW_20230720_091251.500.sgy,RAW_20230720_091251.500,0.0,2.0,1750,2155,1000.0,utah_2023_labels_2s.csv
1444,utah_2023__RAW_20230720_091251.500,utah_2023,utah_2023,utah_2023,noise,0,/home/ted1204/MS_Detection_Datamaker/MS_datamaker_UTAH_2023/data/event_2417/RAW_20230720_091251.500.sgy,RAW_20230720_091251.500.sgy,RAW_20230720_091251.500,0.0,2.0,2200,2605,1000.0,utah_2023_labels_2s.csv
1445,utah_2023__RAW_20230720_091251.500,utah_2023,utah_2023,utah_2023,noise,0,/home/ted1204/MS_Detection_Datamaker/MS_datamaker_UTAH_2023/data/event_2417/RAW_20230720_091251.500.sgy,RAW_20230720_091251.500.sgy,RAW_20230720_091251.500,0.0,2.0,2650,3055,1000.0,utah_2023_labels_2s.csv
1446,utah_2023__RAW_20230720_091336.660,utah_2023,utah_2023,utah_2023,noise,0,/home/ted1204/MS_Detection_Datamaker/MS_datamaker_UTAH_2023/data/event_2417/RAW_20230720_091336.660.sgy,RAW_20230720_091336.660.sgy,RAW_20230720_091336.660,0.0,2.0,400,805,1000.0,utah_2023_labels_2s.csv
1447,utah_2023__RAW_20230720_091336.660,utah_2023,utah_2023,utah_2023,noise,0,/home/ted1204/MS_Detection_Datamaker/MS_datamaker_UTAH_2023/data/event_2417/RAW_20230720_091336.660.sgy,RAW_20230720_091336.660.sgy,RAW_20230720_091336.660,0.0,2.0,850,1255,1000.0,utah_2023_labels_2s.csv
1448,utah_2023__RAW_20230720_091336.660,utah_2023,utah_2023,utah_2023,noise,0,/home/ted1204/MS_Detection_Datamaker/MS_datamaker_UTAH_2023/data/event_2417/RAW_20230720_091336.660.sgy,RAW_20230720_091336.660.sgy,RAW_20230720_091336.660,0.0,2.0,1300,1705,1000.0,utah_2023_labels_2s.csv
1449,utah_2023__RAW_20230720_091336.660,utah_2023,utah_2023,utah_2023,noise,0,/home/ted1204/MS_Detection_Datamaker/MS_datamaker_UTAH_2023/data/event_2417/RAW_20230720_091336.660.sgy,RAW_20230720_091336.660.sgy,RAW_20230720_091336.660,0.0,2.0,1750,2155,1000.0,utah_2023_labels_2s.csv
1450,utah_2023__RAW_20230720_091336.660,utah_2023,utah_2023,utah_2023,noise,0,/home/ted1204/MS_Detection_Datamaker/MS_datamaker_UTAH_2023/data/event_2417/RAW_20230720_091336.660.sgy,RAW_20230720_091336.660.sgy,RAW_20230720_091336.660,0.0,2.0,2200,2605,1000.0,utah_2023_labels_2s.csv
1451,utah_2023__RAW_20230720_091336.660,utah_2023,utah_2023,utah_2023,noise,0,/home/ted1204/MS_Detection_Datamaker/MS_datamaker_UTAH_2023/data/event_2417/RAW_20230720_091336.660.sgy,RAW_20230720_091336.660.sgy,RAW_20230720_091336.660,0.0,2.0,2650,3055,1000.0,utah_2023_labels_2s.csv
1452,utah_2023__RAW_20230720_091628.360,utah_2023,utah_2023,utah_2023,noise,0,/home/ted1204/MS_Detection_Datamaker/MS_datamaker_UTAH_2023/data/event_2417/RAW_20230720_091628.360.sgy,RAW_20230720_091628.360.sgy,RAW_20230720_091628.360,0.0,2.0,400,805,1000.0,utah_2023_labels_2s.csv
1453,utah_2023__RAW_20230720_091628.360,utah_2023,utah_2023,utah_2023,noise,0,/home/ted1204/MS_Detection_Datamaker/MS_datamaker_UTAH_2023/data/event_2417/RAW_20230720_091628.360.sgy,RAW_20230720_091628.360.sgy,RAW_20230720_091628.360,0.0,2.0,850,1255,1000.0,utah_2023_labels_2s.csv
1454,utah_2023__RAW_20230720_091628.360,utah_2023,utah_2023,utah_2023,noise,0,/home/ted1204/MS_Detection_Datamaker/MS_datamaker_UTAH_2023/data/event_2417/RAW_20230720_091628.360.sgy,RAW_20230720_091628.360.sgy,RAW_20230720_091628.360,0.0,2.0,1300,1705,1000.0,utah_2023_labels_2s.csv
1455,utah_2023__RAW_20230720_091628.360,utah_2023,utah_2023,utah_2023,noise,0,/home/ted1204/MS_Detection_Datamaker/MS_datamaker_UTAH_2023/data/event_2417/RAW_20230720_091628.360.sgy,RAW_20230720_091628.360.sgy,RAW_20230720_091628.360,0.0,2.0,1750,2155,1000.0,utah_2023_labels_2s.csv
1456,utah_2023__RAW_20230720_091628.360,utah_2023,utah_2023,utah_2023,noise,0,/home/ted1204/MS_Detection_Datamaker/MS_datamaker_UTAH_2023/data/event_2417/RAW_20230720_091628.360.sgy,RAW_20230720_091628.360.sgy,RAW_20230720_091628.360,0.0,2.0,2200,2605,1000.0,utah_2023_labels_2s.csv
1457,utah_2023__RAW_20230720_091628.360,utah_2023,utah_2023,utah_2023,noise,0,/home/ted1204/MS_Detection_Datamaker/MS_datamaker_UTAH_2023/data/event_2417/RAW_20230720_091628.360.sgy,RAW_20230720_091628.360.sgy,RAW_20230720_091628.360,0.0,2.0,2650,3055,1000.0,utah_2023_labels_2s.csv
1458,utah_2023__RAW_20230720_092029.360,utah_2023,utah_2023,utah_2023,noise,0,/home/ted1204/MS_Detection_Datamaker/MS_datamaker_UTAH_2023/data/event_2417/RAW_20230720_092029.360.sgy,RAW_20230720_092029.360.sgy,RAW_20230720_092029.360,0.0,2.0,400,805,1000.0,utah_2023_labels_2s.csv
1459,utah_2023__RAW_20230720_092029.360,utah_2023,utah_2023,utah_2023,noise,0,/home/ted1204/MS_Detection_Datamaker/MS_datamaker_UTAH_2023/data/event_2417/RAW_20230720_092029.360.sgy,RAW_20230720_092029.360.sgy,RAW_20230720_092029.360,0.0,2.0,850,1255,1000.0,utah_2023_labels_2s.csv
1460,utah_2023__RAW_20230720_092029.360,utah_2023,utah_2023,utah_2023,noise,0,/home/ted1204/MS_Detection_Datamaker/MS_datamaker_UTAH_2023/data/event_2417/RAW_20230720_092029.360.sgy,RAW_20230720_092029.360.sgy,RAW_20230720_092029.360,0.0,2.0,1300,1705,1000.0,utah_2023_labels_2s.csv
1461,utah_2023__RAW_20230720_092029.360,utah_2023,utah_2023,utah_2023,noise,0,/home/ted1204/MS_Detection_Datamaker/MS_datamaker_UTAH_2023/data/event_2417/RAW_20230720_092029.360.sgy,RAW_20230720_092029.360.sgy,RAW_20230720_092029.360,0.0,2.0,1750,2155,1000.0,utah_2023_labels_2s.csv
1462,utah_2023__RAW_20230720_092029.360,utah_2023,utah_2023,utah_2023,noise,0,/home/ted1204/MS_Detection_Datamaker/MS_datamaker_UTAH_2023/data/event_2417/RAW_20230720_092029.360.sgy,RAW_20230720_092029.360.sgy,RAW_20230720_092029.360,0.0,2.0,2200,2605,1000.0,utah_2023_labels_2s.csv
1463,utah_2023__RAW_20230720_092029.360,utah_2023,utah_2023,utah_2023,noise,0,/home/ted1204/MS_Detection_Datamaker/MS_datamaker_UTAH_2023/data/event_2417/RAW_20230720_092029.360.sgy,RAW_20230720_092029.360.sgy,RAW_20230720_092029.360,0.0,2.0,2650,3055,1000.0,utah_2023_labels_2s.csv
1464,utah_2023__RAW_20230720_092650.140,utah_2023,utah_2023,utah_2023,noise,0,/home/ted1204/MS_Detection_Datamaker/MS_datamaker_UTAH_2023/data/event_2417/RAW_20230720_092650.140.sgy,RAW_20230720_092650.140.sgy,RAW_20230720_092650.140,0.0,2.0,400,805,1000.0,utah_2023_labels_2s.csv
1465,utah_2023__RAW_20230720_092650.140,utah_2023,utah_2023,utah_2023,noise,0,/home/ted1204/MS_Detection_Datamaker/MS_datamaker_UTAH_2023/data/event_2417/RAW_20230720_092650.140.sgy,RAW_20230720_092650.140.sgy,RAW_20230720_092650.140,0.0,2.0,850,1255,1000.0,utah_2023_labels_2s.csv
1466,utah_2023__RAW_20230720_092650.140,utah_2023,utah_2023,utah_2023,noise,0,/home/ted1204/MS_Detection_Datamaker/MS_datamaker_UTAH_2023/data/event_2417/RAW_20230720_092650.140.sgy,RAW_20230720_092650.140.sgy,RAW_20230720_092650.140,0.0,2.0,1300,1705,1000.0,utah_2023_labels_2s.csv
1467,utah_2023__RAW_20230720_092650.140,utah_2023,utah_2023,utah_2023,noise,0,/home/ted1204/MS_Detection_Datamaker/MS_datamaker_UTAH_2023/data/event_2417/RAW_20230720_092650.140.sgy,RAW_20230720_092650.140.sgy,RAW_20230720_092650.140,0.0,2.0,1750,2155,1000.0,utah_2023_labels_2s.csv
1468,utah_2023__RAW_20230720_092650.140,utah_2023,utah_2023,utah_2023,noise,0,/home/ted1204/MS_Detection_Datamaker/MS_datamaker_UTAH_2023/data/event_2417/RAW_20230720_092650.140.sgy,RAW_20230720_092650.140.sgy,RAW_20230720_092650.140,0.0,2.0,2200,2605,1000.0,utah_2023_labels_2s.csv
1469,utah_2023__RAW_20230720_092650.140,utah_2023,utah_2023,utah_2023,noise,0,/home/ted1204/MS_Detection_Datamaker/MS_datamaker_UTAH_2023/data/event_2417/RAW_20230720_092650.140.sgy,RAW_20230720_092650.140.sgy,RAW_20230720_092650.140,0.0,2.0,2650,3055,1000.0,utah_2023_labels_2s.csv
1470,utah_2023__RAW_20230720_093708.020,utah_2023,utah_2023,utah_2023,noise,0,/home/ted1204/MS_Detection_Datamaker/MS_datamaker_UTAH_2023/data/event_2417/RAW_20230720_093708.020.sgy,RAW_20230720_093708.020.sgy,RAW_20230720_093708.020,0.0,2.0,400,805,1000.0,utah_2023_labels_2s.csv
1471,utah_2023__RAW_20230720_093708.020,utah_2023,utah_2023,utah_2023,noise,0,/home/ted1204/MS_Detection_Datamaker/MS_datamaker_UTAH_2023/data/event_2417/RAW_20230720_093708.020.sgy,RAW_20230720_093708.020.sgy,RAW_20230720_093708.020,0.0,2.0,850,1255,1000.0,utah_2023_labels_2s.csv
1472,utah_2023__RAW_20230720_093708.020,utah_2023,utah_2023,utah_2023,noise,0,/home/ted1204/MS_Detection_Datamaker/MS_datamaker_UTAH_2023/data/event_2417/RAW_20230720_093708.020.sgy,RAW_20230720_093708.020.sgy,RAW_20230720_093708.020,0.0,2.0,1300,1705,1000.0,utah_2023_labels_2s.csv
1473,utah_2023__RAW_20230720_093708.020,utah_2023,utah_2023,utah_2023,noise,0,/home/ted1204/MS_Detection_Datamaker/MS_datamaker_UTAH_2023/data/event_2417/RAW_20230720_093708.020.sgy,RAW_20230720_093708.020.sgy,RAW_20230720_093708.020,0.0,2.0,1750,2155,1000.0,utah_2023_labels_2s.csv
1474,utah_2023__RAW_20230720_093708.020,utah_2023,utah_2023,utah_2023,noise,0,/home/ted1204/MS_Detection_Datamaker/MS_datamaker_UTAH_2023/data/event_2417/RAW_20230720_093708.020.sgy,RAW_20230720_093708.020.sgy,RAW_20230720_093708.020,0.0,2.0,2200,2605,1000.0,utah_2023_labels_2s.csv
1475,utah_2023__RAW_20230720_093708.020,utah_2023,utah_2023,utah_2023,noise,0,/home/ted1204/MS_Detection_Datamaker/MS_datamaker_UTAH_2023/data/event_2417/RAW_20230720_093708.020.sgy,RAW_20230720_093708.020.sgy,RAW_20230720_093708.020,0.0,2.0,2650,3055,1000.0,utah_2023_labels_2s.csv
1476,utah_2023__RAW_20230720_093718.140,utah_2023,utah_2023,utah_2023,noise,0,/home/ted1204/MS_Detection_Datamaker/MS_datamaker_UTAH_2023/data/event_2417/RAW_20230720_093718.140.sgy,RAW_20230720_093718.140.sgy,RAW_20230720_093718.140,0.0,2.0,400,805,1000.0,utah_2023_labels_2s.csv
1477,utah_2023__RAW_20230720_093718.140,utah_2023,utah_2023,utah_2023,noise,0,/home/ted1204/MS_Detection_Datamaker/MS_datamaker_UTAH_2023/data/event_2417/RAW_20230720_093718.140.sgy,RAW_20230720_093718.140.sgy,RAW_20230720_093718.140,0.0,2.0,850,1255,1000.0,utah_2023_labels_2s.csv
1478,utah_2023__RAW_20230720_093718.140,utah_2023,utah_2023,utah_2023,noise,0,/home/ted1204/MS_Detection_Datamaker/MS_datamaker_UTAH_2023/data/event_2417/RAW_20230720_093718.140.sgy,RAW_20230720_093718.140.sgy,RAW_20230720_093718.140,0.0,2.0,1300,1705,1000.0,utah_2023_labels_2s.csv
1479,utah_2023__RAW_20230720_093718.140,utah_2023,utah_2023,utah_2023,noise,0,/home/ted1204/MS_Detection_Datamaker/MS_datamaker_UTAH_2023/data/event_2417/RAW_20230720_093718.140.sgy,RAW_20230720_093718.140.sgy,RAW_20230720_093718.140,0.0,2.0,1750,2155,1000.0,utah_2023_labels_2s.csv
1480,utah_2023__RAW_20230720_093718.140,utah_2023,utah_2023,utah_2023,noise,0,/home/ted1204/MS_Detection_Datamaker/MS_datamaker_UTAH_2023/data/event_2417/RAW_20230720_093718.140.sgy,RAW_20230720_093718.140.sgy,RAW_20230720_093718.140,0.0,2.0,2200,2605,1000.0,utah_2023_labels_2s.csv
1481,utah_2023__RAW_20230720_093718.140,utah_2023,utah_2023,utah_2023,noise,0,/home/ted1204/MS_Detection_Datamaker/MS_datamaker_UTAH_2023/data/event_2417/RAW_20230720_093718.140.sgy,RAW_20230720_093718.140.sgy,RAW_20230720_093718.140,0.0,2.0,2650,3055,1000.0,utah_2023_labels_2s.csv
1482,utah_2023__RAW_20230720_093747.780,utah_2023,utah_2023,utah_2023,noise,0,/home/ted1204/MS_Detection_Datamaker/MS_datamaker_UTAH_2023/data/event_2417/RAW_20230720_093747.780.sgy,RAW_20230720_093747.780.sgy,RAW_20230720_093747.780,0.0,2.0,400,805,1000.0,utah_2023_labels_2s.csv
1483,utah_2023__RAW_20230720_093747.780,utah_2023,utah_2023,utah_2023,noise,0,/home/ted1204/MS_Detection_Datamaker/MS_datamaker_UTAH_2023/data/event_2417/RAW_20230720_093747.780.sgy,RAW_20230720_093747.780.sgy,RAW_20230720_093747.780,0.0,2.0,850,1255,1000.0,utah_2023_labels_2s.csv
1484,utah_2023__RAW_20230720_093747.780,utah_2023,utah_2023,utah_2023,noise,0,/home/ted1204/MS_Detection_Datamaker/MS_datamaker_UTAH_2023/data/event_2417/RAW_20230720_093747.780.sgy,RAW_20230720_093747.780.sgy,RAW_20230720_093747.780,0.0,2.0,1300,1705,1000.0,utah_2023_labels_2s.csv
1485,utah_2023__RAW_20230720_093747.780,utah_2023,utah_2023,utah_2023,noise,0,/home/ted1204/MS_Detection_Datamaker/MS_datamaker_UTAH_2023/data/event_2417/RAW_20230720_093747.780.sgy,RAW_20230720_093747.780.sgy,RAW_20230720_093747.780,0.0,2.0,1750,2155,1000.0,utah_2023_labels_2s.csv
1486,utah_2023__RAW_20230720_093747.780,utah_2023,utah_2023,utah_2023,noise,0,/home/ted1204/MS_Detection_Datamaker/MS_datamaker_UTAH_2023/data/event_2417/RAW_20230720_093747.780.sgy,RAW_20230720_093747.780.sgy,RAW_20230720_093747.780,0.0,2.0,2200,2605,1000.0,utah_2023_labels_2s.csv
1487,utah_2023__RAW_20230720_093747.780,utah_2023,utah_2023,utah_2023,noise,0,/home/ted1204/MS_Detection_Datamaker/MS_datamaker_UTAH_2023/data/event_2417/RAW_20230720_093747.780.sgy,RAW_20230720_093747.780.sgy,RAW_20230720_093747.780,0.0,2.0,2650,3055,1000.0,utah_2023_labels_2s.csv
1488,utah_2023__RAW_20230720_093949.540,utah_2023,utah_2023,utah_2023,noise,0,/home/ted1204/MS_Detection_Datamaker/MS_datamaker_UTAH_2023/data/event_2417/RAW_20230720_093949.540.sgy,RAW_20230720_093949.540.sgy,RAW_20230720_093949.540,0.0,2.0,400,805,1000.0,utah_2023_labels_2s.csv
1489,utah_2023__RAW_20230720_093949.540,utah_2023,utah_2023,utah_2023,noise,0,/home/ted1204/MS_Detection_Datamaker/MS_datamaker_UTAH_2023/data/event_2417/RAW_20230720_093949.540.sgy,RAW_20230720_093949.540.sgy,RAW_20230720_093949.540,0.0,2.0,850,1255,1000.0,utah_2023_labels_2s.csv
1490,utah_2023__RAW_20230720_093949.540,utah_2023,utah_2023,utah_2023,noise,0,/home/ted1204/MS_Detection_Datamaker/MS_datamaker_UTAH_2023/data/event_2417/RAW_20230720_093949.540.sgy,RAW_20230720_093949.540.sgy,RAW_20230720_093949.540,0.0,2.0,1300,1705,1000.0,utah_2023_labels_2s.csv
1491,utah_2023__RAW_20230720_093949.540,utah_2023,utah_2023,utah_2023,noise,0,/home/ted1204/MS_Detection_Datamaker/MS_datamaker_UTAH_2023/data/event_2417/RAW_20230720_093949.540.sgy,RAW_20230720_093949.540.sgy,RAW_20230720_093949.540,0.0,2.0,1750,2155,1000.0,utah_2023_labels_2s.csv
1492,utah_2023__RAW_20230720_093949.540,utah_2023,utah_2023,utah_2023,noise,0,/home/ted1204/MS_Detection_Datamaker/MS_datamaker_UTAH_2023/data/event_2417/RAW_20230720_093949.540.sgy,RAW_20230720_093949.540.sgy,RAW_20230720_093949.540,0.0,2.0,2200,2605,1000.0,utah_2023_labels_2s.csv
1493,utah_2023__RAW_20230720_093949.540,utah_2023,utah_2023,utah_2023,noise,0,/home/ted1204/MS_Detection_Datamaker/MS_datamaker_UTAH_2023/data/event_2417/RAW_20230720_093949.540.sgy,RAW_20230720_093949.540.sgy,RAW_20230720_093949.540,0.0,2.0,2650,3055,1000.0,utah_2023_labels_2s.csv
1494,utah_2023__RAW_20230720_094558.960,utah_2023,utah_2023,utah_2023,noise,0,/home/ted1204/MS_Detection_Datamaker/MS_datamaker_UTAH_2023/data/event_2417/RAW_20230720_094558.960.sgy,RAW_20230720_094558.960.sgy,RAW_20230720_094558.960,0.0,2.0,400,805,1000.0,utah_2023_labels_2s.csv
1495,utah_2023__RAW_20230720_094558.960,utah_2023,utah_2023,utah_2023,noise,0,/home/ted1204/MS_Detection_Datamaker/MS_datamaker_UTAH_2023/data/event_2417/RAW_20230720_094558.960.sgy,RAW_20230720_094558.960.sgy,RAW_20230720_094558.960,0.0,2.0,850,1255,1000.0,utah_2023_labels_2s.csv
1496,utah_2023__RAW_20230720_094558.960,utah_2023,utah_2023,utah_2023,noise,0,/home/ted1204/MS_Detection_Datamaker/MS_datamaker_UTAH_2023/data/event_2417/RAW_20230720_094558.960.sgy,RAW_20230720_094558.960.sgy,RAW_20230720_094558.960,0.0,2.0,1300,1705,1000.0,utah_2023_labels_2s.csv
1497,utah_2023__RAW_20230720_094558.960,utah_2023,utah_2023,utah_2023,noise,0,/home/ted1204/MS_Detection_Datamaker/MS_datamaker_UTAH_2023/data/event_2417/RAW_20230720_094558.960.sgy,RAW_20230720_094558.960.sgy,RAW_20230720_094558.960,0.0,2.0,1750,2155,1000.0,utah_2023_labels_2s.csv
1498,utah_2023__RAW_20230720_094558.960,utah_2023,utah_2023,utah_2023,noise,0,/home/ted1204/MS_Detection_Datamaker/MS_datamaker_UTAH_2023/data/event_2417/RAW_20230720_094558.960.sgy,RAW_20230720_094558.960.sgy,RAW_20230720_094558.960,0.0,2.0,2200,2605,1000.0,utah_2023_labels_2s.csv
1499,utah_2023__RAW_20230720_094558.960,utah_2023,utah_2023,utah_2023,noise,0,/home/ted1204/MS_Detection_Datamaker/MS_datamaker_UTAH_2023/data/event_2417/RAW_20230720_094558.960.sgy,RAW_20230720_094558.960.sgy,RAW_20230720_094558.960,0.0,2.0,2650,3055,1000.0,utah_2023_labels_2s.csv
1500,utah_2023__RAW_20230720_100612.340,utah_2023,utah_2023,utah_2023,noise,0,/home/ted1204/MS_Detection_Datamaker/MS_datamaker_UTAH_2023/data/event_2417/RAW_20230720_100612.340.sgy,RAW_20230720_100612.340.sgy,RAW_20230720_100612.340,3.0,5.0,400,805,1000.0,utah_2023_labels_2s.csv
1501,utah_2023__RAW_20230720_100612.340,utah_2023,utah_2023,utah_2023,noise,0,/home/ted1204/MS_Detection_Datamaker/MS_datamaker_UTAH_2023/data/event_2417/RAW_20230720_100612.340.sgy,RAW_20230720_100612.340.sgy,RAW_20230720_100612.340,3.0,5.0,850,1255,1000.0,utah_2023_labels_2s.csv
1502,utah_2023__RAW_20230720_100612.340,utah_2023,utah_2023,utah_2023,noise,0,/home/ted1204/MS_Detection_Datamaker/MS_datamaker_UTAH_2023/data/event_2417/RAW_20230720_100612.340.sgy,RAW_20230720_100612.340.sgy,RAW_20230720_100612.340,3.0,5.0,1300,1705,1000.0,utah_2023_labels_2s.csv
1503,utah_2023__RAW_20230720_100612.340,utah_2023,utah_2023,utah_2023,noise,0,/home/ted1204/MS_Detection_Datamaker/MS_datamaker_UTAH_2023/data/event_2417/RAW_20230720_100612.340.sgy,RAW_20230720_100612.340.sgy,RAW_20230720_100612.340,3.0,5.0,1750,2155,1000.0,utah_2023_labels_2s.csv
1504,utah_2023__RAW_20230720_100612.340,utah_2023,utah_2023,utah_2023,noise,0,/home/ted1204/MS_Detection_Datamaker/MS_datamaker_UTAH_2023/data/event_2417/RAW_20230720_100612.340.sgy,RAW_20230720_100612.340.sgy,RAW_20230720_100612.340,3.0,5.0,2200,2605,1000.0,utah_2023_labels_2s.csv
1505,utah_2023__RAW_20230720_100612.340,utah_2023,utah_2023,utah_2023,noise,0,/home/ted1204/MS_Detection_Datamaker/MS_datamaker_UTAH_2023/data/event_2417/RAW_20230720_100612.340.sgy,RAW_20230720_100612.340.sgy,RAW_20230720_100612.340,3.0,5.0,2650,3055,1000.0,utah_2023_labels_2s.csv
1506,utah_2023__RAW_20230720_102640.800,utah_2023,utah_2023,utah_2023,noise,0,/home/ted1204/MS_Detection_Datamaker/MS_datamaker_UTAH_2023/data/event_2417/RAW_20230720_102640.800.sgy,RAW_20230720_102640.800.sgy,RAW_20230720_102640.800,0.0,2.0,400,805,1000.0,utah_2023_labels_2s.csv
1507,utah_2023__RAW_20230720_102640.800,utah_2023,utah_2023,utah_2023,noise,0,/home/ted1204/MS_Detection_Datamaker/MS_datamaker_UTAH_2023/data/event_2417/RAW_20230720_102640.800.sgy,RAW_20230720_102640.800.sgy,RAW_20230720_102640.800,0.0,2.0,850,1255,1000.0,utah_2023_labels_2s.csv
1508,utah_2023__RAW_20230720_102640.800,utah_2023,utah_2023,utah_2023,noise,0,/home/ted1204/MS_Detection_Datamaker/MS_datamaker_UTAH_2023/data/event_2417/RAW_20230720_102640.800.sgy,RAW_20230720_102640.800.sgy,RAW_20230720_102640.800,0.0,2.0,1300,1705,1000.0,utah_2023_labels_2s.csv
1509,utah_2023__RAW_20230720_102640.800,utah_2023,utah_2023,utah_2023,noise,0,/home/ted1204/MS_Detection_Datamaker/MS_datamaker_UTAH_2023/data/event_2417/RAW_20230720_102640.800.sgy,RAW_20230720_102640.800.sgy,RAW_20230720_102640.800,0.0,2.0,1750,2155,1000.0,utah_2023_labels_2s.csv
1510,utah_2023__RAW_20230720_102640.800,utah_2023,utah_2023,utah_2023,noise,0,/home/ted1204/MS_Detection_Datamaker/MS_datamaker_UTAH_2023/data/event_2417/RAW_20230720_102640.800.sgy,RAW_20230720_102640.800.sgy,RAW_20230720_102640.800,0.0,2.0,2200,2605,1000.0,utah_2023_labels_2s.csv
1511,utah_2023__RAW_20230720_102640.800,utah_2023,utah_2023,utah_2023,noise,0,/home/ted1204/MS_Detection_Datamaker/MS_datamaker_UTAH_2023/data/event_2417/RAW_20230720_102640.800.sgy,RAW_20230720_102640.800.sgy,RAW_20230720_102640.800,0.0,2.0,2650,3055,1000.0,utah_2023_labels_2s.csv
1512,utah_2023__RAW_20230720_102741.860,utah_2023,utah_2023,utah_2023,noise,0,/home/ted1204/MS_Detection_Datamaker/MS_datamaker_UTAH_2023/data/event_2417/RAW_20230720_102741.860.sgy,RAW_20230720_102741.860.sgy,RAW_20230720_102741.860,0.0,2.0,400,805,1000.0,utah_2023_labels_2s.csv
1513,utah_2023__RAW_20230720_102741.860,utah_2023,utah_2023,utah_2023,noise,0,/home/ted1204/MS_Detection_Datamaker/MS_datamaker_UTAH_2023/data/event_2417/RAW_20230720_102741.860.sgy,RAW_20230720_102741.860.sgy,RAW_20230720_102741.860,0.0,2.0,850,1255,1000.0,utah_2023_labels_2s.csv
1514,utah_2023__RAW_20230720_102741.860,utah_2023,utah_2023,utah_2023,noise,0,/home/ted1204/MS_Detection_Datamaker/MS_datamaker_UTAH_2023/data/event_2417/RAW_20230720_102741.860.sgy,RAW_20230720_102741.860.sgy,RAW_20230720_102741.860,0.0,2.0,1300,1705,1000.0,utah_2023_labels_2s.csv
1515,utah_2023__RAW_20230720_102741.860,utah_2023,utah_2023,utah_2023,noise,0,/home/ted1204/MS_Detection_Datamaker/MS_datamaker_UTAH_2023/data/event_2417/RAW_20230720_102741.860.sgy,RAW_20230720_102741.860.sgy,RAW_20230720_102741.860,0.0,2.0,1750,2155,1000.0,utah_2023_labels_2s.csv
1516,utah_2023__RAW_20230720_102741.860,utah_2023,utah_2023,utah_2023,noise,0,/home/ted1204/MS_Detection_Datamaker/MS_datamaker_UTAH_2023/data/event_2417/RAW_20230720_102741.860.sgy,RAW_20230720_102741.860.sgy,RAW_20230720_102741.860,0.0,2.0,2200,2605,1000.0,utah_2023_labels_2s.csv
1517,utah_2023__RAW_20230720_102741.860,utah_2023,utah_2023,utah_2023,noise,0,/home/ted1204/MS_Detection_Datamaker/MS_datamaker_UTAH_2023/data/event_2417/RAW_20230720_102741.860.sgy,RAW_20230720_102741.860.sgy,RAW_20230720_102741.860,0.0,2.0,2650,3055,1000.0,utah_2023_labels_2s.csv
1518,utah_2023__RAW_20230720_102829.840,utah_2023,utah_2023,utah_2023,noise,0,/home/ted1204/MS_Detection_Datamaker/MS_datamaker_UTAH_2023/data/event_2417/RAW_20230720_102829.840.sgy,RAW_20230720_102829.840.sgy,RAW_20230720_102829.840,0.0,2.0,400,805,1000.0,utah_2023_labels_2s.csv
1519,utah_2023__RAW_20230720_102829.840,utah_2023,utah_2023,utah_2023,noise,0,/home/ted1204/MS_Detection_Datamaker/MS_datamaker_UTAH_2023/data/event_2417/RAW_20230720_102829.840.sgy,RAW_20230720_102829.840.sgy,RAW_20230720_102829.840,0.0,2.0,850,1255,1000.0,utah_2023_labels_2s.csv
1520,utah_2023__RAW_20230720_102829.840,utah_2023,utah_2023,utah_2023,noise,0,/home/ted1204/MS_Detection_Datamaker/MS_datamaker_UTAH_2023/data/event_2417/RAW_20230720_102829.840.sgy,RAW_20230720_102829.840.sgy,RAW_20230720_102829.840,0.0,2.0,1300,1705,1000.0,utah_2023_labels_2s.csv
1521,utah_2023__RAW_20230720_102829.840,utah_2023,utah_2023,utah_2023,noise,0,/home/ted1204/MS_Detection_Datamaker/MS_datamaker_UTAH_2023/data/event_2417/RAW_20230720_102829.840.sgy,RAW_20230720_102829.840.sgy,RAW_20230720_102829.840,0.0,2.0,1750,2155,1000.0,utah_2023_labels_2s.csv
1522,utah_2023__RAW_20230720_102829.840,utah_2023,utah_2023,utah_2023,noise,0,/home/ted1204/MS_Detection_Datamaker/MS_datamaker_UTAH_2023/data/event_2417/RAW_20230720_102829.840.sgy,RAW_20230720_102829.840.sgy,RAW_20230720_102829.840,0.0,2.0,2200,2605,1000.0,utah_2023_labels_2s.csv
1523,utah_2023__RAW_20230720_102829.840,utah_2023,utah_2023,utah_2023,noise,0,/home/ted1204/MS_Detection_Datamaker/MS_datamaker_UTAH_2023/data/event_2417/RAW_20230720_102829.840.sgy,RAW_20230720_102829.840.sgy,RAW_20230720_102829.840,0.0,2.0,2650,3055,1000.0,utah_2023_labels_2s.csv
1524,utah_2023__RAW_20230720_102910.380,utah_2023,utah_2023,utah_2023,noise,0,/home/ted1204/MS_Detection_Datamaker/MS_datamaker_UTAH_2023/data/event_2417/RAW_20230720_102910.380.sgy,RAW_20230720_102910.380.sgy,RAW_20230720_102910.380,0.0,2.0,400,805,1000.0,utah_2023_labels_2s.csv
1525,utah_2023__RAW_20230720_102910.380,utah_2023,utah_2023,utah_2023,noise,0,/home/ted1204/MS_Detection_Datamaker/MS_datamaker_UTAH_2023/data/event_2417/RAW_20230720_102910.380.sgy,RAW_20230720_102910.380.sgy,RAW_20230720_102910.380,0.0,2.0,850,1255,1000.0,utah_2023_labels_2s.csv
1526,utah_2023__RAW_20230720_102910.380,utah_2023,utah_2023,utah_2023,noise,0,/home/ted1204/MS_Detection_Datamaker/MS_datamaker_UTAH_2023/data/event_2417/RAW_20230720_102910.380.sgy,RAW_20230720_102910.380.sgy,RAW_20230720_102910.380,0.0,2.0,1300,1705,1000.0,utah_2023_labels_2s.csv
1527,utah_2023__RAW_20230720_102910.380,utah_2023,utah_2023,utah_2023,noise,0,/home/ted1204/MS_Detection_Datamaker/MS_datamaker_UTAH_2023/data/event_2417/RAW_20230720_102910.380.sgy,RAW_20230720_102910.380.sgy,RAW_20230720_102910.380,0.0,2.0,1750,2155,1000.0,utah_2023_labels_2s.csv
1528,utah_2023__RAW_20230720_102910.380,utah_2023,utah_2023,utah_2023,noise,0,/home/ted1204/MS_Detection_Datamaker/MS_datamaker_UTAH_2023/data/event_2417/RAW_20230720_102910.380.sgy,RAW_20230720_102910.380.sgy,RAW_20230720_102910.380,0.0,2.0,2200,2605,1000.0,utah_2023_labels_2s.csv
1529,utah_2023__RAW_20230720_102910.380,utah_2023,utah_2023,utah_2023,noise,0,/home/ted1204/MS_Detection_Datamaker/MS_datamaker_UTAH_2023/data/event_2417/RAW_20230720_102910.380.sgy,RAW_20230720_102910.380.sgy,RAW_20230720_102910.380,0.0,2.0,2650,3055,1000.0,utah_2023_labels_2s.csv
1530,utah_2023__RAW_20230720_103428.100,utah_2023,utah_2023,utah_2023,noise,0,/home/ted1204/MS_Detection_Datamaker/MS_datamaker_UTAH_2023/data/event_2417/RAW_20230720_103428.100.sgy,RAW_20230720_103428.100.sgy,RAW_20230720_103428.100,0.0,2.0,400,805,1000.0,utah_2023_labels_2s.csv
1531,utah_2023__RAW_20230720_103428.100,utah_2023,utah_2023,utah_2023,noise,0,/home/ted1204/MS_Detection_Datamaker/MS_datamaker_UTAH_2023/data/event_2417/RAW_20230720_103428.100.sgy,RAW_20230720_103428.100.sgy,RAW_20230720_103428.100,0.0,2.0,850,1255,1000.0,utah_2023_labels_2s.csv
1532,utah_2023__RAW_20230720_103428.100,utah_2023,utah_2023,utah_2023,noise,0,/home/ted1204/MS_Detection_Datamaker/MS_datamaker_UTAH_2023/data/event_2417/RAW_20230720_103428.100.sgy,RAW_20230720_103428.100.sgy,RAW_20230720_103428.100,0.0,2.0,1300,1705,1000.0,utah_2023_labels_2s.csv
1533,utah_2023__RAW_20230720_103428.100,utah_2023,utah_2023,utah_2023,noise,0,/home/ted1204/MS_Detection_Datamaker/MS_datamaker_UTAH_2023/data/event_2417/RAW_20230720_103428.100.sgy,RAW_20230720_103428.100.sgy,RAW_20230720_103428.100,0.0,2.0,1750,2155,1000.0,utah_2023_labels_2s.csv
1534,utah_2023__RAW_20230720_103428.100,utah_2023,utah_2023,utah_2023,noise,0,/home/ted1204/MS_Detection_Datamaker/MS_datamaker_UTAH_2023/data/event_2417/RAW_20230720_103428.100.sgy,RAW_20230720_103428.100.sgy,RAW_20230720_103428.100,0.0,2.0,2200,2605,1000.0,utah_2023_labels_2s.csv
1535,utah_2023__RAW_20230720_103428.100,utah_2023,utah_2023,utah_2023,noise,0,/home/ted1204/MS_Detection_Datamaker/MS_datamaker_UTAH_2023/data/event_2417/RAW_20230720_103428.100.sgy,RAW_20230720_103428.100.sgy,RAW_20230720_103428.100,0.0,2.0,2650,3055,1000.0,utah_2023_labels_2s.csv
1536,utah_2023__RAW_20230720_110328.540,utah_2023,utah_2023,utah_2023,noise,0,/home/ted1204/MS_Detection_Datamaker/MS_datamaker_UTAH_2023/data/event_2417/RAW_20230720_110328.540.sgy,RAW_20230720_110328.540.sgy,RAW_20230720_110328.540,0.0,2.0,400,805,1000.0,utah_2023_labels_2s.csv
1537,utah_2023__RAW_20230720_110328.540,utah_2023,utah_2023,utah_2023,noise,0,/home/ted1204/MS_Detection_Datamaker/MS_datamaker_UTAH_2023/data/event_2417/RAW_20230720_110328.540.sgy,RAW_20230720_110328.540.sgy,RAW_20230720_110328.540,0.0,2.0,850,1255,1000.0,utah_2023_labels_2s.csv
1538,utah_2023__RAW_20230720_110328.540,utah_2023,utah_2023,utah_2023,noise,0,/home/ted1204/MS_Detection_Datamaker/MS_datamaker_UTAH_2023/data/event_2417/RAW_20230720_110328.540.sgy,RAW_20230720_110328.540.sgy,RAW_20230720_110328.540,0.0,2.0,1300,1705,1000.0,utah_2023_labels_2s.csv
1539,utah_2023__RAW_20230720_110328.540,utah_2023,utah_2023,utah_2023,noise,0,/home/ted1204/MS_Detection_Datamaker/MS_datamaker_UTAH_2023/data/event_2417/RAW_20230720_110328.540.sgy,RAW_20230720_110328.540.sgy,RAW_20230720_110328.540,0.0,2.0,1750,2155,1000.0,utah_2023_labels_2s.csv
1540,utah_2023__RAW_20230720_110328.540,utah_2023,utah_2023,utah_2023,noise,0,/home/ted1204/MS_Detection_Datamaker/MS_datamaker_UTAH_2023/data/event_2417/RAW_20230720_110328.540.sgy,RAW_20230720_110328.540.sgy,RAW_20230720_110328.540,0.0,2.0,2200,2605,1000.0,utah_2023_labels_2s.csv
1541,utah_2023__RAW_20230720_110328.540,utah_2023,utah_2023,utah_2023,noise,0,/home/ted1204/MS_Detection_Datamaker/MS_datamaker_UTAH_2023/data/event_2417/RAW_20230720_110328.540.sgy,RAW_20230720_110328.540.sgy,RAW_20230720_110328.540,0.0,2.0,2650,3055,1000.0,utah_2023_labels_2s.csv
1542,utah_2023__RAW_20230720_110747.940,utah_2023,utah_2023,utah_2023,noise,0,/home/ted1204/MS_Detection_Datamaker/MS_datamaker_UTAH_2023/data/event_2417/RAW_20230720_110747.940.sgy,RAW_20230720_110747.940.sgy,RAW_20230720_110747.940,0.0,2.0,400,805,1000.0,utah_2023_labels_2s.csv
1543,utah_2023__RAW_20230720_110747.940,utah_2023,utah_2023,utah_2023,noise,0,/home/ted1204/MS_Detection_Datamaker/MS_datamaker_UTAH_2023/data/event_2417/RAW_20230720_110747.940.sgy,RAW_20230720_110747.940.sgy,RAW_20230720_110747.940,0.0,2.0,850,1255,1000.0,utah_2023_labels_2s.csv
1544,utah_2023__RAW_20230720_110747.940,utah_2023,utah_2023,utah_2023,noise,0,/home/ted1204/MS_Detection_Datamaker/MS_datamaker_UTAH_2023/data/event_2417/RAW_20230720_110747.940.sgy,RAW_20230720_110747.940.sgy,RAW_20230720_110747.940,0.0,2.0,1300,1705,1000.0,utah_2023_labels_2s.csv
1545,utah_2023__RAW_20230720_110747.940,utah_2023,utah_2023,utah_2023,noise,0,/home/ted1204/MS_Detection_Datamaker/MS_datamaker_UTAH_2023/data/event_2417/RAW_20230720_110747.940.sgy,RAW_20230720_110747.940.sgy,RAW_20230720_110747.940,0.0,2.0,1750,2155,1000.0,utah_2023_labels_2s.csv
1546,utah_2023__RAW_20230720_110747.940,utah_2023,utah_2023,utah_2023,noise,0,/home/ted1204/MS_Detection_Datamaker/MS_datamaker_UTAH_2023/data/event_2417/RAW_20230720_110747.940.sgy,RAW_20230720_110747.940.sgy,RAW_20230720_110747.940,0.0,2.0,2200,2605,1000.0,utah_2023_labels_2s.csv
1547,utah_2023__RAW_20230720_110747.940,utah_2023,utah_2023,utah_2023,noise,0,/home/ted1204/MS_Detection_Datamaker/MS_datamaker_UTAH_2023/data/event_2417/RAW_20230720_110747.940.sgy,RAW_20230720_110747.940.sgy,RAW_20230720_110747.940,0.0,2.0,2650,3055,1000.0,utah_2023_labels_2s.csv
1548,utah_2023__RAW_20230720_111005.680,utah_2023,utah_2023,utah_2023,noise,0,/home/ted1204/MS_Detection_Datamaker/MS_datamaker_UTAH_2023/data/event_2417/RAW_20230720_111005.680.sgy,RAW_20230720_111005.680.sgy,RAW_20230720_111005.680,0.0,2.0,400,805,1000.0,utah_2023_labels_2s.csv
1549,utah_2023__RAW_20230720_111005.680,utah_2023,utah_2023,utah_2023,noise,0,/home/ted1204/MS_Detection_Datamaker/MS_datamaker_UTAH_2023/data/event_2417/RAW_20230720_111005.680.sgy,RAW_20230720_111005.680.sgy,RAW_20230720_111005.680,0.0,2.0,850,1255,1000.0,utah_2023_labels_2s.csv
1550,utah_2023__RAW_20230720_111005.680,utah_2023,utah_2023,utah_2023,noise,0,/home/ted1204/MS_Detection_Datamaker/MS_datamaker_UTAH_2023/data/event_2417/RAW_20230720_111005.680.sgy,RAW_20230720_111005.680.sgy,RAW_20230720_111005.680,0.0,2.0,1300,1705,1000.0,utah_2023_labels_2s.csv
1551,utah_2023__RAW_20230720_111005.680,utah_2023,utah_2023,utah_2023,noise,0,/home/ted1204/MS_Detection_Datamaker/MS_datamaker_UTAH_2023/data/event_2417/RAW_20230720_111005.680.sgy,RAW_20230720_111005.680.sgy,RAW_20230720_111005.680,0.0,2.0,1750,2155,1000.0,utah_2023_labels_2s.csv
1552,utah_2023__RAW_20230720_111005.680,utah_2023,utah_2023,utah_2023,noise,0,/home/ted1204/MS_Detection_Datamaker/MS_datamaker_UTAH_2023/data/event_2417/RAW_20230720_111005.680.sgy,RAW_20230720_111005.680.sgy,RAW_20230720_111005.680,0.0,2.0,2200,2605,1000.0,utah_2023_labels_2s.csv
1553,utah_2023__RAW_20230720_111005.680,utah_2023,utah_2023,utah_2023,noise,0,/home/ted1204/MS_Detection_Datamaker/MS_datamaker_UTAH_2023/data/event_2417/RAW_20230720_111005.680.sgy,RAW_20230720_111005.680.sgy,RAW_20230720_111005.680,0.0,2.0,2650,3055,1000.0,utah_2023_labels_2s.csv
1554,utah_2023__RAW_20230720_111005.680,utah_2023,utah_2023,utah_2023,noise,0,/home/ted1204/MS_Detection_Datamaker/MS_datamaker_UTAH_2023/data/event_2417/RAW_20230720_111005.680.sgy,RAW_20230720_111005.680.sgy,RAW_20230720_111005.680,3.0,5.0,400,805,1000.0,utah_2023_labels_2s.csv
1555,utah_2023__RAW_20230720_111005.680,utah_2023,utah_2023,utah_2023,noise,0,/home/ted1204/MS_Detection_Datamaker/MS_datamaker_UTAH_2023/data/event_2417/RAW_20230720_111005.680.sgy,RAW_20230720_111005.680.sgy,RAW_20230720_111005.680,3.0,5.0,850,1255,1000.0,utah_2023_labels_2s.csv
1556,utah_2023__RAW_20230720_111005.680,utah_2023,utah_2023,utah_2023,noise,0,/home/ted1204/MS_Detection_Datamaker/MS_datamaker_UTAH_2023/data/event_2417/RAW_20230720_111005.680.sgy,RAW_20230720_111005.680.sgy,RAW_20230720_111005.680,3.0,5.0,1300,1705,1000.0,utah_2023_labels_2s.csv
1557,utah_2023__RAW_20230720_111005.680,utah_2023,utah_2023,utah_2023,noise,0,/home/ted1204/MS_Detection_Datamaker/MS_datamaker_UTAH_2023/data/event_2417/RAW_20230720_111005.680.sgy,RAW_20230720_111005.680.sgy,RAW_20230720_111005.680,3.0,5.0,1750,2155,1000.0,utah_2023_labels_2s.csv
1558,utah_2023__RAW_20230720_111005.680,utah_2023,utah_2023,utah_2023,noise,0,/home/ted1204/MS_Detection_Datamaker/MS_datamaker_UTAH_2023/data/event_2417/RAW_20230720_111005.680.sgy,RAW_20230720_111005.680.sgy,RAW_20230720_111005.680,3.0,5.0,2200,2605,1000.0,utah_2023_labels_2s.csv
1559,utah_2023__RAW_20230720_111005.680,utah_2023,utah_2023,utah_2023,noise,0,/home/ted1204/MS_Detection_Datamaker/MS_datamaker_UTAH_2023/data/event_2417/RAW_20230720_111005.680.sgy,RAW_20230720_111005.680.sgy,RAW_20230720_111005.680,3.0,5.0,2650,3055,1000.0,utah_2023_labels_2s.csv
1560,utah_2023__RAW_20230720_123042.460,utah_2023,utah_2023,utah_2023,noise,0,/home/ted1204/MS_Detection_Datamaker/MS_datamaker_UTAH_2023/data/event_2417/RAW_20230720_123042.460.sgy,RAW_20230720_123042.460.sgy,RAW_20230720_123042.460,0.0,2.0,400,805,1000.0,utah_2023_labels_2s.csv
1561,utah_2023__RAW_20230720_123042.460,utah_2023,utah_2023,utah_2023,noise,0,/home/ted1204/MS_Detection_Datamaker/MS_datamaker_UTAH_2023/data/event_2417/RAW_20230720_123042.460.sgy,RAW_20230720_123042.460.sgy,RAW_20230720_123042.460,0.0,2.0,850,1255,1000.0,utah_2023_labels_2s.csv
1562,utah_2023__RAW_20230720_123042.460,utah_2023,utah_2023,utah_2023,noise,0,/home/ted1204/MS_Detection_Datamaker/MS_datamaker_UTAH_2023/data/event_2417/RAW_20230720_123042.460.sgy,RAW_20230720_123042.460.sgy,RAW_20230720_123042.460,0.0,2.0,1300,1705,1000.0,utah_2023_labels_2s.csv
1563,utah_2023__RAW_20230720_123042.460,utah_2023,utah_2023,utah_2023,noise,0,/home/ted1204/MS_Detection_Datamaker/MS_datamaker_UTAH_2023/data/event_2417/RAW_20230720_123042.460.sgy,RAW_20230720_123042.460.sgy,RAW_20230720_123042.460,0.0,2.0,1750,2155,1000.0,utah_2023_labels_2s.csv
1564,utah_2023__RAW_20230720_123042.460,utah_2023,utah_2023,utah_2023,noise,0,/home/ted1204/MS_Detection_Datamaker/MS_datamaker_UTAH_2023/data/event_2417/RAW_20230720_123042.460.sgy,RAW_20230720_123042.460.sgy,RAW_20230720_123042.460,0.0,2.0,2200,2605,1000.0,utah_2023_labels_2s.csv
1565,utah_2023__RAW_20230720_123042.460,utah_2023,utah_2023,utah_2023,noise,0,/home/ted1204/MS_Detection_Datamaker/MS_datamaker_UTAH_2023/data/event_2417/RAW_20230720_123042.460.sgy,RAW_20230720_123042.460.sgy,RAW_20230720_123042.460,0.0,2.0,2650,3055,1000.0,utah_2023_labels_2s.csv
1566,utah_2023__RAW_20230720_123042.460,utah_2023,utah_2023,utah_2023,noise,0,/home/ted1204/MS_Detection_Datamaker/MS_datamaker_UTAH_2023/data/event_2417/RAW_20230720_123042.460.sgy,RAW_20230720_123042.460.sgy,RAW_20230720_123042.460,3.0,5.0,400,805,1000.0,utah_2023_labels_2s.csv
1567,utah_2023__RAW_20230720_123042.460,utah_2023,utah_2023,utah_2023,noise,0,/home/ted1204/MS_Detection_Datamaker/MS_datamaker_UTAH_2023/data/event_2417/RAW_20230720_123042.460.sgy,RAW_20230720_123042.460.sgy,RAW_20230720_123042.460,3.0,5.0,850,1255,1000.0,utah_2023_labels_2s.csv
1568,utah_2023__RAW_20230720_123042.460,utah_2023,utah_2023,utah_2023,noise,0,/home/ted1204/MS_Detection_Datamaker/MS_datamaker_UTAH_2023/data/event_2417/RAW_20230720_123042.460.sgy,RAW_20230720_123042.460.sgy,RAW_20230720_123042.460,3.0,5.0,1300,1705,1000.0,utah_2023_labels_2s.csv
1569,utah_2023__RAW_20230720_123042.460,utah_2023,utah_2023,utah_2023,noise,0,/home/ted1204/MS_Detection_Datamaker/MS_datamaker_UTAH_2023/data/event_2417/RAW_20230720_123042.460.sgy,RAW_20230720_123042.460.sgy,RAW_20230720_123042.460,3.0,5.0,1750,2155,1000.0,utah_2023_labels_2s.csv
1570,utah_2023__RAW_20230720_123042.460,utah_2023,utah_2023,utah_2023,noise,0,/home/ted1204/MS_Detection_Datamaker/MS_datamaker_UTAH_2023/data/event_2417/RAW_20230720_123042.460.sgy,RAW_20230720_123042.460.sgy,RAW_20230720_123042.460,3.0,5.0,2200,2605,1000.0,utah_2023_labels_2s.csv
1571,utah_2023__RAW_20230720_123042.460,utah_2023,utah_2023,utah_2023,noise,0,/home/ted1204/MS_Detection_Datamaker/MS_datamaker_UTAH_2023/data/event_2417/RAW_20230720_123042.460.sgy,RAW_20230720_123042.460.sgy,RAW_20230720_123042.460,3.0,5.0,2650,3055,1000.0,utah_2023_labels_2s.csv
1572,utah_2023__RAW_20230720_123256.300,utah_2023,utah_2023,utah_2023,noise,0,/home/ted1204/MS_Detection_Datamaker/MS_datamaker_UTAH_2023/data/event_2417/RAW_20230720_123256.300.sgy,RAW_20230720_123256.300.sgy,RAW_20230720_123256.300,0.0,2.0,400,805,1000.0,utah_2023_labels_2s.csv
1573,utah_2023__RAW_20230720_123256.300,utah_2023,utah_2023,utah_2023,noise,0,/home/ted1204/MS_Detection_Datamaker/MS_datamaker_UTAH_2023/data/event_2417/RAW_20230720_123256.300.sgy,RAW_20230720_123256.300.sgy,RAW_20230720_123256.300,0.0,2.0,850,1255,1000.0,utah_2023_labels_2s.csv
1574,utah_2023__RAW_20230720_123256.300,utah_2023,utah_2023,utah_2023,noise,0,/home/ted1204/MS_Detection_Datamaker/MS_datamaker_UTAH_2023/data/event_2417/RAW_20230720_123256.300.sgy,RAW_20230720_123256.300.sgy,RAW_20230720_123256.300,0.0,2.0,1300,1705,1000.0,utah_2023_labels_2s.csv
1575,utah_2023__RAW_20230720_123256.300,utah_2023,utah_2023,utah_2023,noise,0,/home/ted1204/MS_Detection_Datamaker/MS_datamaker_UTAH_2023/data/event_2417/RAW_20230720_123256.300.sgy,RAW_20230720_123256.300.sgy,RAW_20230720_123256.300,0.0,2.0,1750,2155,1000.0,utah_2023_labels_2s.csv
1576,utah_2023__RAW_20230720_123256.300,utah_2023,utah_2023,utah_2023,noise,0,/home/ted1204/MS_Detection_Datamaker/MS_datamaker_UTAH_2023/data/event_2417/RAW_20230720_123256.300.sgy,RAW_20230720_123256.300.sgy,RAW_20230720_123256.300,0.0,2.0,2200,2605,1000.0,utah_2023_labels_2s.csv
1577,utah_2023__RAW_20230720_123256.300,utah_2023,utah_2023,utah_2023,noise,0,/home/ted1204/MS_Detection_Datamaker/MS_datamaker_UTAH_2023/data/event_2417/RAW_20230720_123256.300.sgy,RAW_20230720_123256.300.sgy,RAW_20230720_123256.300,0.0,2.0,2650,3055,1000.0,utah_2023_labels_2s.csv
1578,utah_2023__RAW_20230720_123256.300,utah_2023,utah_2023,utah_2023,noise,0,/home/ted1204/MS_Detection_Datamaker/MS_datamaker_UTAH_2023/data/event_2417/RAW_20230720_123256.300.sgy,RAW_20230720_123256.300.sgy,RAW_20230720_123256.300,3.0,5.0,400,805,1000.0,utah_2023_labels_2s.csv
1579,utah_2023__RAW_20230720_123256.300,utah_2023,utah_2023,utah_2023,noise,0,/home/ted1204/MS_Detection_Datamaker/MS_datamaker_UTAH_2023/data/event_2417/RAW_20230720_123256.300.sgy,RAW_20230720_123256.300.sgy,RAW_20230720_123256.300,3.0,5.0,850,1255,1000.0,utah_2023_labels_2s.csv
1580,utah_2023__RAW_20230720_123256.300,utah_2023,utah_2023,utah_2023,noise,0,/home/ted1204/MS_Detection_Datamaker/MS_datamaker_UTAH_2023/data/event_2417/RAW_20230720_123256.300.sgy,RAW_20230720_123256.300.sgy,RAW_20230720_123256.300,3.0,5.0,1300,1705,1000.0,utah_2023_labels_2s.csv
1581,utah_2023__RAW_20230720_123256.300,utah_2023,utah_2023,utah_2023,noise,0,/home/ted1204/MS_Detection_Datamaker/MS_datamaker_UTAH_2023/data/event_2417/RAW_20230720_123256.300.sgy,RAW_20230720_123256.300.sgy,RAW_20230720_123256.300,3.0,5.0,1750,2155,1000.0,utah_2023_labels_2s.csv
1582,utah_2023__RAW_20230720_123256.300,utah_2023,utah_2023,utah_2023,noise,0,/home/ted1204/MS_Detection_Datamaker/MS_datamaker_UTAH_2023/data/event_2417/RAW_20230720_123256.300.sgy,RAW_20230720_123256.300.sgy,RAW_20230720_123256.300,3.0,5.0,2200,2605,1000.0,utah_2023_labels_2s.csv
1583,utah_2023__RAW_20230720_123256.300,utah_2023,utah_2023,utah_2023,noise,0,/home/ted1204/MS_Detection_Datamaker/MS_datamaker_UTAH_2023/data/event_2417/RAW_20230720_123256.300.sgy,RAW_20230720_123256.300.sgy,RAW_20230720_123256.300,3.0,5.0,2650,3055,1000.0,utah_2023_labels_2s.csv
